delay,freq,condition,thisN,thisTrialN,thisRepN,key_resp.keys,key_resp.rt,key_resp.duration,textbox.text,button.numClicks,button.timesOn,button.timesOff,trials.thisRepN,trials.thisTrialN,trials.thisN,trials.thisIndex,thisRow.t,notes,trial.started,polygon.started,polygon_2.started,key_resp.started,polygon.stopped,trial.stopped,trials.key_resp.keys,trials.key_resp.rt,trials.key_resp.duration,beep.started,sound_1.started,sound_1.stopped,beep.stopped,response_routine.started,text.started,textbox.started,button.started,response_routine.stopped,trials.textbox.text,trials.button.numClicks,trials.button.timesOn,trials.button.timesOff,participant,session,date,expName,expVersion,psychopyVersion,frameRate,expStart,
0.1,1000,exp,0,0,0,space,0.30670739999993657,None,350,1,[4.950298099999941],[4.950311499999998],0,0,0,6,0.06013129999996636,,0.04842710000002626,0.06013129999996636,1.002710400000069,1.002710400000069,1.0699349999999868,1.3199646000000484,space,0.30670739999993657,None,1.3209870000000592,1.4199389666666926,1.7347853999999643,1.7117206000000351,1.713138400000048,1.7347853999999643,1.7347853999999643,1.7347853999999643,6.685614600000008,350,1,[4.950298099999941],[4.950311499999998],192227,001,2025-11-04_22h01.40.694,intentional binding,,2025.1.1,60.126831538440044,2025-11-04 22h01.53.632843 +0530,
0.1,400,unexp,1,1,0,space,1.0747663999999304,None,250,1,[5.843970600000034],[5.84398120000003],0,1,1,0,6.7006000000000085,,6.686051600000042,6.7006000000000085,7.684718400000065,7.684718400000065,7.702345400000013,8.77022050000005,space,1.0747663999999304,None,8.771527399999968,8.885955466666717,9.207728900000006,9.18585840000003,9.186504000000014,9.207728900000006,9.207728900000006,9.207728900000006,15.052106900000013,250,1,[5.843970600000034],[5.84398120000003],192227,001,2025-11-04_22h01.40.694,intentional binding,,2025.1.1,60.126831538440044,2025-11-04 22h01.53.632843 +0530,
0.7,400,unexp,2,2,0,space,0.35310679999997774,None,250,1,[2.1769893999999113],[2.1769993999999997],0,2,2,2,15.067616000000044,,15.052509500000042,15.067616000000044,16.068652300000053,16.068652300000053,16.068652300000053,16.43527610000001,space,0.35310679999997774,None,16.43651399999999,17.136609566666735,17.45821520000004,17.437588699999992,17.438218900000038,17.45821520000004,17.45821520000004,17.45821520000004,19.63562360000003,250,1,[2.1769893999999113],[2.1769993999999997],192227,001,2025-11-04_22h01.40.694,intentional binding,,2025.1.1,60.126831538440044,2025-11-04 22h01.53.632843 +0530,
0.7,1000,exp,3,3,0,space,1.6775789999999233,None,550,1,[1.9444512000000032],[1.9444621999999754],0,3,3,14,19.651028600000018,,19.635918700000047,19.651028600000018,20.65104020000001,20.65104020000001,20.65104020000001,22.33479650000004,space,1.6775789999999233,None,22.335533700000042,23.03387156666669,23.358325400000012,23.338393999999994,23.338873000000035,23.358325400000012,23.358325400000012,23.358325400000012,25.303157400000032,550,1,[1.9444512000000032],[1.9444621999999754],192227,001,2025-11-04_22h01.40.694,intentional binding,,2025.1.1,60.126831538440044,2025-11-04 22h01.53.632843 +0530,
0.4,1000,exp,4,4,0,space,1.517541000000051,None,600,1,[2.5605457000000342],[2.5605633000000125],0,4,4,10,25.31870140000001,,25.303499100000067,25.31870140000001,26.31778010000005,26.31778010000005,26.334288799999968,27.838313800000037,space,1.517541000000051,None,27.839215400000057,28.25265856666671,28.57459140000003,28.55386980000003,28.554445100000066,28.57459140000003,28.57459140000003,28.57459140000003,31.135611700000027,600,1,[2.5605457000000342],[2.5605633000000125],192227,001,2025-11-04_22h01.40.694,intentional binding,,2025.1.1,60.126831538440044,2025-11-04 22h01.53.632843 +0530,
0.1,1000,exp,5,5,0,space,0.6047880999999506,None,999,1,[3.694622200000026],[3.694632899999988],0,5,5,15,31.1512788,,31.135922100000016,31.1512788,32.15101860000004,32.15101860000004,32.15101860000004,32.77010819999998,space,0.6047880999999506,None,32.770958500000006,32.86940286666665,33.19133970000007,33.171222899999975,33.17190310000001,33.19133970000007,33.19133970000007,33.19133970000007,36.88637300000005,999,1,[3.694622200000026],[3.694632899999988],192227,001,2025-11-04_22h01.40.694,intentional binding,,2025.1.1,60.126831538440044,2025-11-04 22h01.53.632843 +0530,
0.7,1000,exp,6,6,0,space,1.2803642999999738,None,999,1,[1.558572599999934],[1.5585869999999886],0,6,6,8,36.90134350000005,,36.88667320000002,36.90134350000005,37.88622900000007,37.88622900000007,37.90355020000004,39.16995589999999,space,1.2803642999999738,None,39.17094559999998,39.86934156666668,40.19325260000005,40.17061480000007,40.171273799999994,40.19325260000005,40.19325260000005,40.19325260000005,41.7522907,999,1,[1.558572599999934],[1.5585869999999886],192227,001,2025-11-04_22h01.40.694,intentional binding,,2025.1.1,60.126831538440044,2025-11-04 22h01.53.632843 +0530,
0.7,1000,exp,7,7,0,space,1.8394518000000062,None,999,1,[1.288515699999948],[1.2885258000000022],0,7,7,5,41.76777000000004,,41.752602300000035,41.76777000000004,42.76819350000005,42.76819350000005,42.76819350000005,44.620314800000074,space,1.8394518000000062,None,44.62121109999998,45.33449656666666,45.64636680000001,45.629472299999975,45.63000729999999,45.64636680000001,45.64636680000001,45.64636680000001,46.93527110000002,999,1,[1.288515699999948],[1.2885258000000022],192227,001,2025-11-04_22h01.40.694,intentional binding,,2025.1.1,60.126831538440044,2025-11-04 22h01.53.632843 +0530,
0.1,1000,exp,8,8,0,space,1.4089447000000064,None,600,1,[3.130262400000106],[3.130272600000012],0,8,8,9,46.95163230000003,,46.93566810000004,46.95163230000003,47.934381200000075,47.934381200000075,47.95096620000004,49.35393750000003,space,1.4089447000000064,None,49.355015200000025,49.46913246666669,49.78752470000006,49.767966,49.7687962,49.78752470000006,49.78752470000006,49.78752470000006,52.91818390000003,600,1,[3.130262400000106],[3.130272600000012],192227,001,2025-11-04_22h01.40.694,intentional binding,,2025.1.1,60.126831538440044,2025-11-04 22h01.53.632843 +0530,
0.4,1000,exp,9,9,0,space,2.984148199999936,None,999,1,[1.9960102000000006],[1.9960244999999759],0,9,9,7,52.9347037,,52.918508400000064,52.9347037,53.91788759999997,53.91788759999997,53.93468459999997,56.90461890000006,space,2.984148199999936,None,56.905723100000046,57.319822266666634,57.63975860000005,57.619474800000035,57.62034140000003,57.63975860000005,57.63975860000005,57.63975860000005,59.63635380000005,999,1,[1.9960102000000006],[1.9960244999999759],192227,001,2025-11-04_22h01.40.694,intentional binding,,2025.1.1,60.126831538440044,2025-11-04 22h01.53.632843 +0530,
0.4,1000,exp,10,10,0,space,0.8138351999999713,None,999,1,[1.3290001000000302],[1.3290144000000055],0,10,10,13,59.651086899999996,,59.63670160000004,59.651086899999996,60.636859500000014,60.636859500000014,60.65281649999997,61.453657799999974,space,0.8138351999999713,None,61.45465950000005,61.85313826666665,62.17332320000003,62.151814700000045,62.15251880000005,62.17332320000003,62.17332320000003,62.17332320000003,63.502751800000055,999,1,[1.3290001000000302],[1.3290144000000055],192227,001,2025-11-04_22h01.40.694,intentional binding,,2025.1.1,60.126831538440044,2025-11-04 22h01.53.632843 +0530,
0.1,1000,exp,11,11,0,space,0.5859276999999565,None,660,1,[2.9492777000000387],[2.949292900000046],0,11,11,12,63.51848640000003,,63.50309609999999,63.51848640000003,64.50316610000004,64.50316610000004,64.52033260000007,65.10410100000001,space,0.5859276999999565,None,65.10520170000007,65.22020836666674,65.53669439999999,65.5148034,65.51538349999998,65.53669439999999,65.53669439999999,65.53669439999999,68.48655640000004,660,1,[2.9492777000000387],[2.949292900000046],192227,001,2025-11-04_22h01.40.694,intentional binding,,2025.1.1,60.126831538440044,2025-11-04 22h01.53.632843 +0530,
0.1,400,unexp,12,12,0,space,0.8181569999999283,None,400,1,[3.7873201000001018],[3.787332900000024],0,12,12,3,68.5014655,,68.48691150000002,68.5014655,69.50130660000002,69.50130660000002,69.50130660000002,70.32051220000005,space,0.8181569999999283,None,70.32172690000004,70.43472096666666,70.74831990000007,70.73099980000006,70.73145220000004,70.74831990000007,70.74831990000007,70.74831990000007,74.53610560000004,400,1,[3.7873201000001018],[3.787332900000024],192227,001,2025-11-04_22h01.40.694,intentional binding,,2025.1.1,60.126831538440044,2025-11-04 22h01.53.632843 +0530,
0.4,400,unexp,13,13,0,space,1.490456600000016,None,400,1,[2.0342853999999306],[2.0342954999999847],0,13,13,1,74.55113519999998,,74.5365296,74.55113519999998,75.53645730000005,75.53645730000005,75.55118570000002,77.03861870000003,space,1.490456600000016,None,77.03953150000007,77.45322626666668,77.76735919999999,77.75016200000005,77.75064410000005,77.76735919999999,77.76735919999999,77.76735919999999,79.80203119999999,400,1,[2.0342853999999306],[2.0342954999999847],192227,001,2025-11-04_22h01.40.694,intentional binding,,2025.1.1,60.126831538440044,2025-11-04 22h01.53.632843 +0530,
0.4,1000,exp,14,14,0,space,0.041055000000028485,None,999,1,[3.1474913999999217],[3.1475054999999657],0,14,14,4,79.81799390000003,,79.8024332,79.81799390000003,80.81867710000006,80.81867710000006,80.81867710000006,80.8682341,space,0.041055000000028485,None,80.86897720000002,81.26784856666667,81.58741980000002,81.56885740000007,81.56931129999998,81.58741980000002,81.58741980000002,81.58741980000002,84.73541139999998,999,1,[3.1474913999999217],[3.1475054999999657],192227,001,2025-11-04_22h01.40.694,intentional binding,,2025.1.1,60.126831538440044,2025-11-04 22h01.53.632843 +0530,
0.7,1000,exp,15,15,0,space,1.1106156999999257,None,999,1,[3.0346200999999837],[3.034630399999969],0,15,15,11,84.75106019999998,,84.73580830000003,84.75106019999998,85.73480070000005,85.73480070000005,85.75113060000001,86.85153690000004,space,1.1106156999999257,None,86.85235499999999,87.55139966666674,87.86714930000005,87.84996020000006,87.8505563,87.86714930000005,87.86714930000005,87.86714930000005,90.9021371,999,1,[3.0346200999999837],[3.034630399999969],192227,001,2025-11-04_22h01.40.694,intentional binding,,2025.1.1,60.126831538440044,2025-11-04 22h01.53.632843 +0530,
0.1,1000,exp,16,0,1,space,0.6797671000000491,None,999,1,[2.203429799999981],[2.2034406999999874],1,0,16,12,90.91860730000008,,90.90246290000005,90.91860730000008,91.90195019999999,91.90195019999999,91.91808309999999,92.58532079999998,space,0.6797671000000491,None,92.58604379999997,92.68471376666663,92.99857420000001,92.98021860000006,92.98085449999996,92.99857420000001,92.99857420000001,92.99857420000001,95.20241350000003,999,1,[2.203429799999981],[2.2034406999999874],192227,001,2025-11-04_22h01.40.694,intentional binding,,2025.1.1,60.126831538440044,2025-11-04 22h01.53.632843 +0530,
0.7,1000,exp,17,1,1,space,0.4107870999999932,None,999,1,[2.9718831999999793],[2.971892799999978],1,1,17,8,95.2179979,,95.20273989999998,95.2179979,96.21793579999996,96.21793579999996,96.21793579999996,96.63502490000008,space,0.4107870999999932,None,96.63592860000006,97.33440026666666,97.64688020000006,97.62941430000001,97.62992580000002,97.64688020000006,97.64688020000006,97.64688020000006,100.61916989999997,999,1,[2.9718831999999793],[2.971892799999978],192227,001,2025-11-04_22h01.40.694,intentional binding,,2025.1.1,60.126831538440044,2025-11-04 22h01.53.632843 +0530,
0.7,1000,exp,18,2,1,space,1.3402027000000771,None,800,1,[2.720550899999921],[2.7205646999999544],1,2,18,5,100.63491799999997,,100.61948070000005,100.63491799999997,101.63469529999998,101.63469529999998,101.63469529999998,102.98551970000005,space,1.3402027000000771,None,102.98659429999998,103.68468256666667,103.99883510000006,103.98039410000001,103.98086460000002,103.99883510000006,103.99883510000006,103.99883510000006,106.72003570000004,800,1,[2.720550899999921],[2.7205646999999544],192227,001,2025-11-04_22h01.40.694,intentional binding,,2025.1.1,60.126831538440044,2025-11-04 22h01.53.632843 +0530,
0.4,400,unexp,19,3,1,space,0.48606600000005074,None,350,1,[3.85617620000005],[3.856188599999996],1,3,19,1,106.73480770000003,,106.7204385,106.73480770000003,107.73529530000008,107.73529530000008,107.73529530000008,108.23588930000005,space,0.48606600000005074,None,108.23675639999999,108.65120616666674,108.96357710000007,108.9469355,108.94741670000008,108.96357710000007,108.96357710000007,108.96357710000007,112.82021440000005,350,1,[3.85617620000005],[3.856188599999996],192227,001,2025-11-04_22h01.40.694,intentional binding,,2025.1.1,60.126831538440044,2025-11-04 22h01.53.632843 +0530,
0.1,1000,exp,20,4,1,space,0.9424683000000869,None,700,1,[2.9871626000000333],[2.9871782000000167],1,4,20,6,112.83450600000003,,112.82058849999999,112.83450600000003,113.83468979999998,113.83468979999998,113.83468979999998,114.78488930000003,space,0.9424683000000869,None,114.78572220000001,114.88524326666665,115.19904840000004,115.18126310000002,115.18174150000004,115.19904840000004,115.19904840000004,115.19904840000004,118.1869226,700,1,[2.9871626000000333],[2.9871782000000167],192227,001,2025-11-04_22h01.40.694,intentional binding,,2025.1.1,60.126831538440044,2025-11-04 22h01.53.632843 +0530,
0.4,1000,exp,21,5,1,space,0.32972540000002937,None,700,1,[1.8969406999999592],[1.8969545999999582],1,5,21,13,118.20086890000005,,118.18725990000007,118.20086890000005,119.20125840000003,119.20125840000003,119.20125840000003,119.53694619999999,space,0.32972540000002937,None,119.53816649999999,119.9366088666667,120.25675490000003,120.23595929999999,120.2365264,120.25675490000003,120.25675490000003,120.25675490000003,122.15418620000003,700,1,[1.8969406999999592],[1.8969545999999582],192227,001,2025-11-04_22h01.40.694,intentional binding,,2025.1.1,60.126831538440044,2025-11-04 22h01.53.632843 +0530,
0.1,1000,exp,22,6,1,space,0.3330204999999751,None, 999,1,[1.9937543000000915],[1.9937696000000642],1,6,22,15,122.16812119999997,,122.15476699999999,122.16812119999997,123.15388559999997,123.15388559999997,123.16970400000002,123.50362100000007,space,0.3330204999999751,None,123.50444400000003,123.6030583666667,123.92538060000004,123.90477199999998,123.90545350000002,123.92538060000004,123.92538060000004,123.92538060000004,125.91980430000001, 999,1,[1.9937543000000915],[1.9937696000000642],192227,001,2025-11-04_22h01.40.694,intentional binding,,2025.1.1,60.126831538440044,2025-11-04 22h01.53.632843 +0530,
0.7,1000,exp,23,7,1,space,0.3298280999999861,None,999,1,[1.443323200000009],[1.4433339000000842],1,7,23,11,125.93423459999997,,125.92043239999998,125.93423459999997,126.93524100000002,126.93524100000002,126.93524100000002,127.26880370000003,space,0.3298280999999861,None,127.26951859999997,127.9845562666667,128.30981889999998,128.28889850000007,128.28964410000003,128.30981889999998,128.30981889999998,128.30981889999998,129.75364120000006,999,1,[1.443323200000009],[1.4433339000000842],192227,001,2025-11-04_22h01.40.694,intentional binding,,2025.1.1,60.126831538440044,2025-11-04 22h01.53.632843 +0530,
0.4,1000,exp,24,8,1,space,0.5409626000000571,None,999,1,[1.7644202000000178],[1.7644304000000375],1,8,24,10,129.7679786,,129.75396050000006,129.7679786,130.75359479999997,130.75359479999997,130.77021790000003,131.30175500000007,space,0.5409626000000571,None,131.30249390000006,131.70396746666668,132.02058929999998,132.0030848,132.00364250000007,132.02058929999998,132.02058929999998,132.02058929999998,133.7854099,999,1,[1.7644202000000178],[1.7644304000000375],192227,001,2025-11-04_22h01.40.694,intentional binding,,2025.1.1,60.126831538440044,2025-11-04 22h01.53.632843 +0530,
0.1,400,unexp,25,9,1,space,0.42399780000005194,None,400,1,[1.7766959999999017],[1.7767059999999901],1,9,25,0,133.80202020000002,,133.78571410000006,133.80202020000002,134.8015226,134.8015226,134.8015226,135.23728849999998,space,0.42399780000005194,None,135.23808080000003,135.33661716666668,135.65915560000008,135.63877790000004,135.63936569999998,135.65915560000008,135.65915560000008,135.65915560000008,137.4362992,400,1,[1.7766959999999017],[1.7767059999999901],192227,001,2025-11-04_22h01.40.694,intentional binding,,2025.1.1,60.126831538440044,2025-11-04 22h01.53.632843 +0530,
0.1,400,unexp,26,10,1,space,1.364259200000106,None,400,1,[1.8961333999999397],[1.8961454999999887],1,10,26,3,137.45125860000007,,137.436644,137.45125860000007,138.45297319999997,138.45297319999997,138.45297319999997,139.8215811,space,1.364259200000106,None,139.82263710000007,139.93656806666675,140.25702420000005,140.23908430000006,140.2395394,140.25702420000005,140.25702420000005,140.25702420000005,142.15366030000007,400,1,[1.8961333999999397],[1.8961454999999887],192227,001,2025-11-04_22h01.40.694,intentional binding,,2025.1.1,60.126831538440044,2025-11-04 22h01.53.632843 +0530,
0.7,400,unexp,27,11,1,space,0.332748800000104,None,499,1,[2.3223934999999756],[2.3224063000000115],1,11,27,2,142.16833840000004,,142.15400540000007,142.16833840000004,143.1680311,143.1680311,143.1680311,143.50256279999996,space,0.332748800000104,None,143.50326389999998,144.21811046666667,144.53036050000003,144.51247030000002,144.51317410000001,144.53036050000003,144.53036050000003,144.53036050000003,146.85313800000006,499,1,[2.3223934999999756],[2.3224063000000115],192227,001,2025-11-04_22h01.40.694,intentional binding,,2025.1.1,60.126831538440044,2025-11-04 22h01.53.632843 +0530,
0.1,1000,exp,28,12,1,space,0.7602503000000524,None,999,1,[2.4798212000000603],[2.4798322000000326],1,12,28,9,146.86888050000005,,146.853431,146.86888050000005,147.86781240000005,147.86781240000005,147.86781240000005,148.63744830000007,space,0.7602503000000524,None,148.63855990000002,148.73656066666675,149.0560044,149.03447210000002,149.03521180000007,149.0560044,149.0560044,149.0560044,151.53624490000004,999,1,[2.4798212000000603],[2.4798322000000326],192227,001,2025-11-04_22h01.40.694,intentional binding,,2025.1.1,60.126831538440044,2025-11-04 22h01.53.632843 +0530,
0.4,1000,exp,29,13,1,space,0.30380319999994754,None,999,1,[1.91355939999994],[1.9135696999999254],1,13,29,4,151.55217370000003,,151.53654370000004,151.55217370000003,152.55210180000006,152.55210180000006,152.55210180000006,152.87035060000005,space,0.30380319999994754,None,152.87138920000007,153.26986446666675,153.58895630000006,153.56694630000004,153.56772360000002,153.58895630000006,153.58895630000006,153.58895630000006,155.5029263,999,1,[1.91355939999994],[1.9135696999999254],192227,001,2025-11-04_22h01.40.694,intentional binding,,2025.1.1,60.126831538440044,2025-11-04 22h01.53.632843 +0530,
0.7,1000,exp,30,14,1,space,0.4265801999999894,None,999,1,[1.3122469999999566],[1.3122597999999925],1,14,30,14,155.51868869999998,,155.50325540000006,155.51868869999998,156.51837190000003,156.51837190000003,156.51837190000003,156.95440840000003,space,0.4265801999999894,None,156.95543010000006,157.65349886666675,157.97418790000006,157.95484899999997,157.95542209999996,157.97418790000006,157.97418790000006,157.97418790000006,159.28696330000002,999,1,[1.3122469999999566],[1.3122597999999925],192227,001,2025-11-04_22h01.40.694,intentional binding,,2025.1.1,60.126831538440044,2025-11-04 22h01.53.632843 +0530,
0.4,1000,exp,31,15,1,space,0.4747075999999879,None,999,1,[1.6154937999999675],[1.6155042000000321],1,15,31,7,159.3014475,,159.28729450000003,159.3014475,160.3020057,160.3020057,160.3020057,160.78567420000002,space,0.4747075999999879,None,160.78661510000006,161.18652136666665,161.5033962,161.4829585,161.4836924,161.5033962,161.5033962,161.5033962,163.1193197,999,1,[1.6154937999999675],[1.6155042000000321],192227,001,2025-11-04_22h01.40.694,intentional binding,,2025.1.1,60.126831538440044,2025-11-04 22h01.53.632843 +0530,
0.1,400,unexp,32,0,2,space,0.6600494000000481,None,350,1,[2.945190700000012],[2.9452009999999973],2,0,32,3,163.1359413,,163.11962289999997,163.1359413,164.13506080000002,164.13506080000002,164.13506080000002,164.80418930000008,space,0.6600494000000481,None,164.80508659999998,164.9034639666667,165.224384,165.20634570000004,165.20687980000002,165.224384,165.224384,165.224384,168.17000159999998,350,1,[2.945190700000012],[2.9452009999999973],192227,001,2025-11-04_22h01.40.694,intentional binding,,2025.1.1,60.126831538440044,2025-11-04 22h01.53.632843 +0530,
0.4,1000,exp,33,1,2,space,0.3214678000000504,None,500,1,[6.001238300000068],[6.001255300000025],2,1,33,7,168.18502560000002,,168.17032749999998,168.18502560000002,169.18508989999998,169.18508989999998,169.18508989999998,169.52168440000003,space,0.3214678000000504,None,169.52259709999998,169.93707266666675,170.25206490000005,170.2316128,170.2321948,170.25206490000005,170.25206490000005,170.25206490000005,176.25387710000007,500,1,[6.001238300000068],[6.001255300000025],192227,001,2025-11-04_22h01.40.694,intentional binding,,2025.1.1,60.126831538440044,2025-11-04 22h01.53.632843 +0530,
0.1,1000,exp,34,2,2,space,0.23331310000003214,None,999,1,[1.9317204000000174],[1.931733500000064],2,2,34,6,176.2686182,,176.25434170000005,176.2686182,177.26908590000005,177.26908590000005,177.26908590000005,177.51863560000004,space,0.23331310000003214,None,177.51935230000004,177.61874356666672,177.93734270000004,177.91880709999998,177.91966020000007,177.93734270000004,177.93734270000004,177.93734270000004,179.8695305,999,1,[1.9317204000000174],[1.931733500000064],192227,001,2025-11-04_22h01.40.694,intentional binding,,2025.1.1,60.126831538440044,2025-11-04 22h01.53.632843 +0530,
0.1,1000,exp,35,3,2,space,0.5501034999999774,None,999,1,[1.4150752000000466],[1.4150908999999956],2,3,35,12,179.88469310000005,,179.8699881,179.88469310000005,180.88564870000005,180.88564870000005,180.88564870000005,181.43792029999997,space,0.5501034999999774,None,181.43877959999998,181.55376916666674,181.87203350000004,181.85489410000002,181.85545969999998,181.87203350000004,181.87203350000004,181.87203350000004,183.2877479,999,1,[1.4150752000000466],[1.4150908999999956],192227,001,2025-11-04_22h01.40.694,intentional binding,,2025.1.1,60.126831538440044,2025-11-04 22h01.53.632843 +0530,
0.1,1000,exp,36,4,2,space,0.7355581000000484,None,999,1,[2.7314130999999406],[2.7314237000000503],2,4,36,15,183.301291,,183.28834540000003,183.301291,184.30228050000005,184.30228050000005,184.30228050000005,185.05238040000006,space,0.7355581000000484,None,185.05309,185.1518167666667,185.4710652,185.45075770000005,185.45146970000008,185.4710652,185.4710652,185.4710652,188.20292849999998,999,1,[2.7314130999999406],[2.7314237000000503],192227,001,2025-11-04_22h01.40.694,intentional binding,,2025.1.1,60.126831538440044,2025-11-04 22h01.53.632843 +0530,
0.7,1000,exp,37,5,2,space,0.7957991000000675,None,700,1,[2.9111921999999595],[2.9112060999999585],2,5,37,14,188.21843160000003,,188.2032395,188.21843160000003,189.20389150000005,189.20389150000005,189.22036909999997,190.00489470000002,space,0.7957991000000675,None,190.00616920000004,190.7207617666667,191.04184429999998,191.01986899999997,191.02059470000006,191.04184429999998,191.04184429999998,191.04184429999998,193.9535356,700,1,[2.9111921999999595],[2.9112060999999585],192227,001,2025-11-04_22h01.40.694,intentional binding,,2025.1.1,60.126831538440044,2025-11-04 22h01.53.632843 +0530,
0.4,400,unexp,38,6,2,space,1.9846690000000535,None,350,1,[3.447110899999984],[3.447121799999991],2,6,38,1,193.9682315,,193.95397200000002,193.9682315,194.9685343,194.9685343,194.9685343,196.96875620000003,space,1.9846690000000535,None,196.96960430000001,197.3698550666667,197.68848149999997,197.6686519,197.66922680000005,197.68848149999997,197.68848149999997,197.68848149999997,201.13621030000002,350,1,[3.447110899999984],[3.447121799999991],192227,001,2025-11-04_22h01.40.694,intentional binding,,2025.1.1,60.126831538440044,2025-11-04 22h01.53.632843 +0530,
0.7,1000,exp,39,7,2,space,1.109102499999949,None,700,1,[2.350086000000033],[2.3500967999999602],2,7,39,11,201.15206180000007,,201.13661869999999,201.15206180000007,202.13706860000002,202.13706860000002,202.15420949999998,203.25429930000007,space,1.109102499999949,None,203.25538970000002,203.95356266666673,204.26871160000007,204.24863230000005,204.24924540000006,204.26871160000007,204.26871160000007,204.26871160000007,206.61924299999998,700,1,[2.350086000000033],[2.3500967999999602],192227,001,2025-11-04_22h01.40.694,intentional binding,,2025.1.1,60.126831538440044,2025-11-04 22h01.53.632843 +0530,
0.4,1000,exp,40,8,2,space,0.29146030000003975,None,999,1,[2.3052128000000494],[2.305225999999948],2,8,40,10,206.63603750000004,,206.6196387,206.63603750000004,207.61850660000005,207.61850660000005,207.63488140000004,207.9193507,space,0.29146030000003975,None,207.92007939999996,208.33478656666674,208.64759070000002,208.63090020000004,208.63143850000006,208.64759070000002,208.64759070000002,208.64759070000002,210.95326380000006,999,1,[2.3052128000000494],[2.305225999999948],192227,001,2025-11-04_22h01.40.694,intentional binding,,2025.1.1,60.126831538440044,2025-11-04 22h01.53.632843 +0530,
0.4,1000,exp,41,9,2,space,0.5454257000000098,None,800,1,[3.194765899999993],[3.194775599999957],2,9,41,4,210.96840600000007,,210.95379550000007,210.96840600000007,211.9536577,211.9536577,211.9706221,212.50521049999998,space,0.5454257000000098,None,212.50616060000004,212.92003276666665,213.24131869999997,213.21932370000002,213.22005190000004,213.24131869999997,213.24131869999997,213.24131869999997,216.43655020000006,800,1,[3.194765899999993],[3.194775599999957],192227,001,2025-11-04_22h01.40.694,intentional binding,,2025.1.1,60.126831538440044,2025-11-04 22h01.53.632843 +0530,
0.4,1000,exp,42,10,2,space,0.2973127000000204,None,800,1,[2.6797427999999854],[2.679754199999934],2,10,42,13,216.4522531,,216.43688800000007,216.4522531,217.43685449999998,217.43685449999998,217.4523673,217.7373943,space,0.2973127000000204,None,217.73888640000007,218.13697176666668,218.45582850000005,218.4384675,218.43891789999998,218.45582850000005,218.45582850000005,218.45582850000005,221.13595380000004,800,1,[2.6797427999999854],[2.679754199999934],192227,001,2025-11-04_22h01.40.694,intentional binding,,2025.1.1,60.126831538440044,2025-11-04 22h01.53.632843 +0530,
0.7,400,unexp,43,11,2,space,0.6012084999999843,None,400,1,[3.516421199999968],[3.5164314000001013],2,11,43,2,221.1518433,,221.13628430000006,221.1518433,222.15178879999996,222.15178879999996,222.15178879999996,222.76888769999994,space,0.6012084999999843,None,222.7696436,223.47036826666672,223.78644279999992,223.76721770000006,223.76789810000002,223.78644279999992,223.78644279999992,223.78644279999992,227.30326419999994,400,1,[3.516421199999968],[3.5164314000001013],192227,001,2025-11-04_22h01.40.694,intentional binding,,2025.1.1,60.126831538440044,2025-11-04 22h01.53.632843 +0530,
0.1,1000,exp,44,12,2,space,0.48424020000015844,None,700,1,[5.525957600000083],[5.525973100000101],2,12,44,9,227.31904470000006,,227.30355859999997,227.31904470000006,228.31867569999997,228.31867569999997,228.31867569999997,228.80523230000006,space,0.48424020000015844,None,228.80611669999996,228.92041726666676,229.24350360000005,229.2223835000001,229.2230323,229.24350360000005,229.24350360000005,229.24350360000005,234.7698776000001,700,1,[5.525957600000083],[5.525973100000101],192227,001,2025-11-04_22h01.40.694,intentional binding,,2025.1.1,60.126831538440044,2025-11-04 22h01.53.632843 +0530,
0.7,1000,exp,45,13,2,space,0.4015108000000964,None,999,1,[3.8485598999998274],[3.8485723999999664],2,13,45,8,234.78530179999996,,234.77019269999994,234.78530179999996,235.7852795,235.7852795,235.7852795,236.20261229999994,space,0.4015108000000964,None,236.20343609999998,236.90393896666674,237.2212472,237.20191660000012,237.2024904000001,237.2212472,237.2212472,237.2212472,241.07027189999997,999,1,[3.8485598999998274],[3.8485723999999664],192227,001,2025-11-04_22h01.40.694,intentional binding,,2025.1.1,60.126831538440044,2025-11-04 22h01.53.632843 +0530,
0.1,400,unexp,46,14,2,space,0.3576194999998279,None,400,1,[4.163204799999903],[4.163217099999883],2,14,46,0,241.0853839,,241.07081129999995,241.0853839,242.08734330000004,242.08734330000004,242.08734330000004,242.4541054,space,0.3576194999998279,None,242.45541190000006,242.55329616666668,242.8728602,242.8533298000001,242.85389369999996,242.8728602,242.8728602,242.8728602,247.03648669999995,400,1,[4.163204799999903],[4.163217099999883],192227,001,2025-11-04_22h01.40.694,intentional binding,,2025.1.1,60.126831538440044,2025-11-04 22h01.53.632843 +0530,
0.7,1000,exp,47,15,2,space,0.6202511999999842,None,700,1,[5.206043200000067],[5.206058199999916],2,15,47,5,247.05221459999996,,247.03680640000005,247.05221459999996,248.05181600000003,248.05181600000003,248.05181600000003,248.68798159999994,space,0.6202511999999842,None,248.68906219999997,249.3872695666668,249.69663759999992,249.67652170000008,249.67721369999992,249.69663759999992,249.69663759999992,249.69663759999992,254.90312800000004,700,1,[5.206043200000067],[5.206058199999916],192227,001,2025-11-04_22h01.40.694,intentional binding,,2025.1.1,60.126831538440044,2025-11-04 22h01.53.632843 +0530,
0.7,1000,exp,48,0,3,space,0.4127808000000641,None,700,1,[3.8484313999999813],[3.8484416999999667],3,0,48,14,254.9187654000001,,254.90343670000004,254.9187654000001,255.9020862000001,255.9020862000001,255.9183858,256.31941270000004,space,0.4127808000000641,None,256.32035400000007,257.0202757666667,257.33802819999994,257.32022300000006,257.32067730000006,257.33802819999994,257.33802819999994,257.33802819999994,261.1868579999999,700,1,[3.8484313999999813],[3.8484416999999667],192227,001,2025-11-04_22h01.40.694,intentional binding,,2025.1.1,60.126831538440044,2025-11-04 22h01.53.632843 +0530,
0.4,1000,exp,49,1,3,space,0.5434147999999368,None,700,1,[3.365849799999978],[3.365859799999953],3,1,49,7,261.20209710000006,,261.18731830000013,261.20209710000006,262.18524379999997,262.18524379999997,262.2018555000001,262.7380469000001,space,0.5434147999999368,None,262.7390574,263.15349156666673,263.4710093,263.4508764000001,263.45145590000004,263.4710093,263.4710093,263.4710093,266.8372617000001,700,1,[3.365849799999978],[3.365859799999953],192227,001,2025-11-04_22h01.40.694,intentional binding,,2025.1.1,60.126831538440044,2025-11-04 22h01.53.632843 +0530,
0.1,400,unexp,50,2,3,space,3.0039277999999285,None, 350,1,[3.0958457000001545],[3.0958603999999923],3,2,50,3,266.85237429999995,,266.8375599,266.85237429999995,267.85262339999997,267.85262339999997,267.85262339999997,270.8696913,space,3.0039277999999285,None,270.8706000000001,270.9687458666666,271.29128060000005,271.26969629999996,271.2701694000001,271.29128060000005,271.29128060000005,271.29128060000005,274.38775309999994, 350,1,[3.0958457000001545],[3.0958603999999923],192227,001,2025-11-04_22h01.40.694,intentional binding,,2025.1.1,60.126831538440044,2025-11-04 22h01.53.632843 +0530,
0.4,1000,exp,51,3,3,space,0.28906320000010055,None,999,1,[2.7657137999999577],[2.7657279000000017],3,3,51,13,274.40198139999995,,274.3881129,274.40198139999995,275.40218570000013,275.40218570000013,275.40218570000013,275.7026850000001,space,0.28906320000010055,None,275.70376139999996,276.1019134666666,276.4210446000001,276.4011200000001,276.4016803999999,276.4210446000001,276.4210446000001,276.4210446000001,279.1873067,999,1,[2.7657137999999577],[2.7657279000000017],192227,001,2025-11-04_22h01.40.694,intentional binding,,2025.1.1,60.126831538440044,2025-11-04 22h01.53.632843 +0530,
0.7,400,unexp,52,4,3,space,0.5571010999999544,None,350,1,[3.054639199999883],[3.054654199999959],3,4,52,2,279.2027085000001,,279.1876096,279.2027085000001,280.20217200000013,280.20217200000013,280.20217200000013,280.7696099000001,space,0.5571010999999544,None,280.7707478000001,281.46891426666673,281.7818893,281.76387439999996,281.76441579999994,281.7818893,281.7818893,281.7818893,284.8371406,350,1,[3.054639199999883],[3.054654199999959],192227,001,2025-11-04_22h01.40.694,intentional binding,,2025.1.1,60.126831538440044,2025-11-04 22h01.53.632843 +0530,
0.4,1000,exp,53,5,3,space,0.06567709999990257,None,999,1,[3.3306824999999662],[3.3306967999999415],3,5,53,4,284.8519936000001,,284.8375178,284.8519936000001,285.8525555,285.8525555,285.8525555,285.91948179999997,space,0.06567709999990257,None,285.9202022999999,286.3205030666667,286.6399884000001,286.62243990000013,286.6228916000001,286.6399884000001,286.6399884000001,286.6399884000001,289.9711644,999,1,[3.3306824999999662],[3.3306967999999415],192227,001,2025-11-04_22h01.40.694,intentional binding,,2025.1.1,60.126831538440044,2025-11-04 22h01.53.632843 +0530,
0.1,400,unexp,54,6,3,space,0.22474440000019058,None,350,1,[4.591717499999959],[4.59172720000015],3,6,54,0,289.98569439999994,,289.97151629999996,289.98569439999994,290.9854927,290.9854927,290.9854927,291.2208870999999,space,0.22474440000019058,None,291.22169250000013,291.32036916666664,291.6453637000001,291.62497339999993,291.6256053000001,291.6453637000001,291.6453637000001,291.6453637000001,296.2375948,350,1,[4.591717499999959],[4.59172720000015],192227,001,2025-11-04_22h01.40.694,intentional binding,,2025.1.1,60.126831538440044,2025-11-04 22h01.53.632843 +0530,
0.7,1000,exp,55,7,3,space,1.7535305000001244,None,999,1,[2.4170539000001554],[2.417063800000051],3,7,55,11,296.25194709999994,,296.23798210000007,296.25194709999994,297.2518113,297.2518113,297.2518113,299.0210389,space,1.7535305000001244,None,299.0223426000001,299.72070986666665,300.03648710000004,300.0162256,300.01710130000004,300.03648710000004,300.03648710000004,300.03648710000004,302.45396719999997,999,1,[2.4170539000001554],[2.417063800000051],192227,001,2025-11-04_22h01.40.694,intentional binding,,2025.1.1,60.126831538440044,2025-11-04 22h01.53.632843 +0530,
0.4,1000,exp,56,8,3,space,1.2165571000000455,None, 999,1,[1.4783821000000898],[1.4783924999999272],3,8,56,10,302.46876120000013,,302.45427570000004,302.46876120000013,303.4690296,303.4690296,303.4690296,304.68876549999993,space,1.2165571000000455,None,304.6900902000001,305.10353716666657,305.4248060000001,305.4048647000001,305.40545209999993,305.4248060000001,305.4248060000001,305.4248060000001,306.90368939999996, 999,1,[1.4783821000000898],[1.4783924999999272],192227,001,2025-11-04_22h01.40.694,intentional binding,,2025.1.1,60.126831538440044,2025-11-04 22h01.53.632843 +0530,
0.7,1000,exp,57,9,3,space,0.041252100000065184,None, 999,1,[1.8369453000000249],[1.8369592999999895],3,9,57,8,306.9185391,,306.9040963000001,306.9185391,307.9191260000001,307.9191260000001,307.9191260000001,307.9693920000001,space,0.041252100000065184,None,307.97043010000004,308.67052216666673,308.9828447000001,308.9636312000001,308.9643394000001,308.9828447000001,308.9828447000001,308.9828447000001,310.8203793000001, 999,1,[1.8369453000000249],[1.8369592999999895],192227,001,2025-11-04_22h01.40.694,intentional binding,,2025.1.1,60.126831538440044,2025-11-04 22h01.53.632843 +0530,
0.4,400,unexp,58,10,3,space,0.8148975999999948,None,450,1,[5.143349499999886],[5.14335989999995],3,10,58,1,310.8356169,,310.8207656999999,310.8356169,311.8352715,311.8352715,311.8352715,312.6554179000001,space,0.8148975999999948,None,312.65644770000006,313.07121786666664,313.3931510000001,313.3704864,313.3711975,313.3931510000001,313.3931510000001,313.3931510000001,318.5370237000001,450,1,[5.143349499999886],[5.14335989999995],192227,001,2025-11-04_22h01.40.694,intentional binding,,2025.1.1,60.126831538440044,2025-11-04 22h01.53.632843 +0530,
0.1,1000,exp,59,11,3,space,1.5705508000000918,None,700,1,[3.0992848999999296],[3.0992948999999044],3,11,59,9,318.55222689999994,,318.53733739999996,318.55222689999994,319.5524246000001,319.5524246000001,319.5524246000001,321.1368255000001,space,1.5705508000000918,None,321.13767459999997,321.25242416666663,321.5704340000001,321.5522291000001,321.5529275,321.5704340000001,321.5704340000001,321.5704340000001,324.6701087,700,1,[3.0992848999999296],[3.0992948999999044],192227,001,2025-11-04_22h01.40.694,intentional binding,,2025.1.1,60.126831538440044,2025-11-04 22h01.53.632843 +0530,
0.1,1000,exp,60,12,3,space,1.7233470000001034,None,700,1,[2.5984435000000303],[2.5984538000000157],3,12,60,12,324.6856573000001,,324.67042389999995,324.6856573000001,325.67102080000006,325.67102080000006,325.6863758999999,327.40287720000003,space,1.7233470000001034,None,327.4037116999999,327.5023356666667,327.82081890000006,327.8037118000001,327.8042881,327.82081890000006,327.82081890000006,327.82081890000006,330.4196462000001,700,1,[2.5984435000000303],[2.5984538000000157],192227,001,2025-11-04_22h01.40.694,intentional binding,,2025.1.1,60.126831538440044,2025-11-04 22h01.53.632843 +0530,
0.1,1000,exp,61,13,3,space,0.314383300000145,None,999,1,[1.86653820000015],[1.8665487000000667],3,13,61,6,330.43556249999995,,330.4199411000001,330.43556249999995,331.4359019,331.4359019,331.4359019,331.75266120000003,space,0.314383300000145,None,331.7534095,331.85197686666663,332.1699803,332.1525435,332.1531132000001,332.1699803,332.1699803,332.1699803,334.0368836000001,999,1,[1.86653820000015],[1.8665487000000667],192227,001,2025-11-04_22h01.40.694,intentional binding,,2025.1.1,60.126831538440044,2025-11-04 22h01.53.632843 +0530,
0.1,1000,exp,62,14,3,space,1.1886798999998973,None,999,1,[3.6438399000001027],[3.643849600000067],3,14,62,15,334.0535802999999,,334.0371888000001,334.0535802999999,335.0374069999999,335.0374069999999,335.05410470000004,336.2382999,space,1.1886798999998973,None,336.23958890000006,336.35427686666674,336.676556,336.6556271999999,336.65634190000003,336.676556,336.676556,336.676556,340.3208470000001,999,1,[3.6438399000001027],[3.643849600000067],192227,001,2025-11-04_22h01.40.694,intentional binding,,2025.1.1,60.126831538440044,2025-11-04 22h01.53.632843 +0530,
0.7,1000,exp,63,15,3,space,0.2799205000001166,None,999,1,[2.463752500000055],[2.463768100000152],3,15,63,5,340.33653229999993,,340.32113990000005,340.33653229999993,341.32110739999996,341.32110739999996,341.33730159999993,341.6046540000001,space,0.2799205000001166,None,341.6056777,342.31859296666664,342.63971200000003,342.6218139000001,342.62227169999994,342.63971200000003,342.63971200000003,342.63971200000003,345.1039962000001,999,1,[2.463752500000055],[2.463768100000152],192227,001,2025-11-04_22h01.40.694,intentional binding,,2025.1.1,60.126831538440044,2025-11-04 22h01.53.632843 +0530,
0.4,1000,exp,64,0,4,space,0.999216400000023,None,999,1,[1.8508600000000115],[1.8508738000000449],4,0,64,4,345.1189336000001,,345.1043688000001,345.1189336000001,346.1190814,346.1190814,346.1190814,347.1201027000001,space,0.999216400000023,None,347.1209526000001,347.53560846666676,347.85234589999993,347.8354367999999,347.8360100000001,347.85234589999993,347.85234589999993,347.85234589999993,349.7039138000001,999,1,[1.8508600000000115],[1.8508738000000449],192227,001,2025-11-04_22h01.40.694,intentional binding,,2025.1.1,60.126831538440044,2025-11-04 22h01.53.632843 +0530,
0.1,400,unexp,65,1,4,space,1.3009531000000152,None,350,1,[2.9643005000000358],[2.9643111000000317],4,1,65,0,349.7188866,,349.70455290000007,349.7188866,350.7188496,350.7188496,350.7188496,352.0355642999999,space,1.3009531000000152,None,352.03630970000006,352.1376843666666,352.4565914000001,352.43609700000013,352.4368476000001,352.4565914000001,352.4565914000001,352.4565914000001,355.42129050000005,350,1,[2.9643005000000358],[2.9643111000000317],192227,001,2025-11-04_22h01.40.694,intentional binding,,2025.1.1,60.126831538440044,2025-11-04 22h01.53.632843 +0530,
0.7,1000,exp,66,2,4,space,1.5047658000000865,None,700,1,[2.836432500000001],[2.8364424999999756],4,2,66,14,355.4356729,,355.42158099999995,355.4356729,356.4354695999999,356.4354695999999,356.4354695999999,357.9524927000001,space,1.5047658000000865,None,357.95337600000005,358.65239326666676,358.96593210000003,358.9490359,358.9495405000001,358.96593210000003,358.96593210000003,358.96593210000003,361.80274769999994,700,1,[2.836432500000001],[2.8364424999999756],192227,001,2025-11-04_22h01.40.694,intentional binding,,2025.1.1,60.126831538440044,2025-11-04 22h01.53.632843 +0530,
0.7,1000,exp,67,3,4,space,1.7636383000001388,None,650,1,[4.764375099999825],[4.764385099999799],4,3,67,5,361.8195164,,361.8030433,361.8195164,362.8042927,362.8042927,362.82083249999994,364.57019909999997,space,1.7636383000001388,None,364.5711593,365.28574666666657,365.60589390000007,365.5870735,365.58766950000006,365.60589390000007,365.60589390000007,365.60589390000007,370.3706602000001,650,1,[4.764375099999825],[4.764385099999799],192227,001,2025-11-04_22h01.40.694,intentional binding,,2025.1.1,60.126831538440044,2025-11-04 22h01.53.632843 +0530,
0.7,1000,exp,68,4,4,space,0.8307647999999972,None,999,1,[3.068933300000026],[3.0689446999999745],4,4,68,11,370.3858226000001,,370.37094809999996,370.3858226000001,371.38600310000004,371.38600310000004,371.38600310000004,372.2196703000001,space,0.8307647999999972,None,372.2205663000001,372.9191299666667,373.23412199999996,373.21604349999996,373.21649560000003,373.23412199999996,373.23412199999996,373.23412199999996,376.3035082,999,1,[3.068933300000026],[3.0689446999999745],192227,001,2025-11-04_22h01.40.694,intentional binding,,2025.1.1,60.126831538440044,2025-11-04 22h01.53.632843 +0530,
0.4,1000,exp,69,5,4,space,0.6317191999999068,None,999,1,[3.1177076000001307],[3.117720800000143],4,5,69,10,376.31918740000003,,376.30392130000007,376.31918740000003,377.30436010000005,377.30436010000005,377.32122029999994,377.9369049999999,space,0.6317191999999068,None,377.9377547,378.35262606666663,378.66811640000003,378.6510376,378.65154900000005,378.66811640000003,378.66811640000003,378.66811640000003,381.7862884,999,1,[3.1177076000001307],[3.117720800000143],192227,001,2025-11-04_22h01.40.694,intentional binding,,2025.1.1,60.126831538440044,2025-11-04 22h01.53.632843 +0530,
0.1,1000,exp,70,6,4,space,0.7926654999998846,None,999,1,[2.1173408999998173],[2.117356799999925],4,6,70,15,381.80260869999995,,381.78685630000007,381.80260869999995,382.7862381000001,382.7862381000001,382.8026503,383.5883679,space,0.7926654999998846,None,383.5897278000001,383.6885078666668,384.0039091,383.9848673,383.9855900000001,384.0039091,384.0039091,384.0039091,386.12173730000006,999,1,[2.1173408999998173],[2.117356799999925],192227,001,2025-11-04_22h01.40.694,intentional binding,,2025.1.1,60.126831538440044,2025-11-04 22h01.53.632843 +0530,
0.1,400,unexp,71,7,4,space,0.4981068999998115,None, 350 ,1,[4.032553000000007],[4.0325632999999925],4,7,71,3,386.136085,,386.12202850000006,386.136085,387.1213464000001,387.1213464000001,387.13772819999997,387.6222263000001,space,0.4981068999998115,None,387.6232248,387.7378376666667,388.05432400000007,388.0337407999999,388.03430489999994,388.05432400000007,388.05432400000007,388.05432400000007,392.0872777000001, 350 ,1,[4.032553000000007],[4.0325632999999925],192227,001,2025-11-04_22h01.40.694,intentional binding,,2025.1.1,60.126831538440044,2025-11-04 22h01.53.632843 +0530,
0.7,400,unexp,72,8,4,space,1.049388300000146,None,350,1,[3.0510835000000043],[3.0510933000000477],4,8,72,2,392.1035921000001,,392.08756660000006,392.1035921000001,393.10211659999993,393.10211659999993,393.10211659999993,394.15509839999993,space,1.049388300000146,None,394.1559023000001,394.87113326666656,395.185928,395.1634935999999,395.1643121000001,395.185928,395.185928,395.185928,398.2374201000001,350,1,[3.0510835000000043],[3.0510933000000477],192227,001,2025-11-04_22h01.40.694,intentional binding,,2025.1.1,60.126831538440044,2025-11-04 22h01.53.632843 +0530,
0.1,1000,exp,73,9,4,space,0.6889905000000454,None,750,1,[4.2995412999998734],[4.29955179999979],4,9,73,12,398.25227370000005,,398.23772180000003,398.25227370000005,399.23790199999996,399.23790199999996,399.2542916000001,399.9395516000001,space,0.6889905000000454,None,399.9404023999999,400.0544822666667,400.3708001000001,400.3495535999999,400.3504047,400.3708001000001,400.3708001000001,400.3708001000001,404.6707504,750,1,[4.2995412999998734],[4.29955179999979],192227,001,2025-11-04_22h01.40.694,intentional binding,,2025.1.1,60.126831538440044,2025-11-04 22h01.53.632843 +0530,
0.1,1000,exp,74,10,4,space,0.6196485000000393,None,999,1,[1.2635978000000705],[1.2636089000000084],4,10,74,6,404.6857017000001,,404.6710532000001,404.6857017000001,405.6860465000001,405.6860465000001,405.6860465000001,406.32038410000007,space,0.6196485000000393,None,406.3213972,406.41956656666673,406.74018579999995,406.72155899999996,406.72205930000007,406.74018579999995,406.74018579999995,406.74018579999995,408.0042238,999,1,[1.2635978000000705],[1.2636089000000084],192227,001,2025-11-04_22h01.40.694,intentional binding,,2025.1.1,60.126831538440044,2025-11-04 22h01.53.632843 +0530,
0.1,1000,exp,75,11,4,space,0.3166097999999238,None,999,1,[1.5146429999999782],[1.514654500000006],4,11,75,9,408.01901209999994,,408.0045357,408.01901209999994,409.0192501,409.0192501,409.0192501,409.3365722,space,0.3166097999999238,None,409.33729890000006,409.43627676666677,409.7549353999999,409.7377043,409.7381799000001,409.7549353999999,409.7549353999999,409.7549353999999,411.26999480000006,999,1,[1.5146429999999782],[1.514654500000006],192227,001,2025-11-04_22h01.40.694,intentional binding,,2025.1.1,60.126831538440044,2025-11-04 22h01.53.632843 +0530,
0.4,1000,exp,76,12,4,space,0.46470339999996213,None,999,1,[2.0327625999998418],[2.032772799999975],4,12,76,13,411.2857553,,411.2703482999999,411.2857553,412.26913960000013,412.26913960000013,412.2864247000001,412.7364176,space,0.46470339999996213,None,412.73714000000007,413.13611836666666,413.45519490000004,413.4353047999999,413.4360230000001,413.45519490000004,413.45519490000004,413.45519490000004,415.4884221000001,999,1,[2.0327625999998418],[2.032772799999975],192227,001,2025-11-04_22h01.40.694,intentional binding,,2025.1.1,60.126831538440044,2025-11-04 22h01.53.632843 +0530,
0.7,1000,exp,77,13,4,space,0.5915969999998651,None,999,1,[2.180516599999919],[2.1805272999999943],4,13,77,8,415.50257440000007,,415.4887256999999,415.50257440000007,416.50270680000006,416.50270680000006,416.50270680000006,417.1036651999999,space,0.5915969999998651,None,417.1046814,417.8189458666667,418.13920040000005,418.1202592000001,418.1208028,418.13920040000005,418.13920040000005,418.13920040000005,420.3200966999999,999,1,[2.180516599999919],[2.1805272999999943],192227,001,2025-11-04_22h01.40.694,intentional binding,,2025.1.1,60.126831538440044,2025-11-04 22h01.53.632843 +0530,
0.4,400,unexp,78,14,4,space,1.0480836000001545,None,450,1,[3.3033457999999882],[3.3033591999999317],4,14,78,1,420.33620340000004,,420.32047909999994,420.33620340000004,421.3359488,421.3359488,421.3359488,422.38646499999993,space,1.0480836000001545,None,422.38731470000005,422.78624166666657,423.1007002,423.08128309999995,423.0819891,423.1007002,423.1007002,423.1007002,426.4045090000001,450,1,[3.3033457999999882],[3.3033591999999317],192227,001,2025-11-04_22h01.40.694,intentional binding,,2025.1.1,60.126831538440044,2025-11-04 22h01.53.632843 +0530,
0.4,1000,exp,79,15,4,space,0.5743718000001081,None,750,1,[5.027808999999934],[5.027822300000025],4,15,79,7,426.4199067999999,,426.4048851000001,426.4199067999999,427.4193856999999,427.4193856999999,427.4193856999999,428.00534170000003,space,0.5743718000001081,None,428.0066152999999,428.4207349666666,428.7433347,428.7246045999999,428.7251500000001,428.7433347,428.7433347,428.7433347,433.7715588,750,1,[5.027808999999934],[5.027822300000025],192227,001,2025-11-04_22h01.40.694,intentional binding,,2025.1.1,60.126831538440044,2025-11-04 22h01.53.632843 +0530,
0.1,1000,exp,80,0,5,space,0.9883511000000453,None,750,1,[5.324930499999937],[5.324945200000002],5,0,80,6,433.78572810000003,,433.7718506,433.78572810000003,434.78596189999996,434.78596189999996,434.78596189999996,435.78819239999996,space,0.9883511000000453,None,435.7889160000001,435.88793266666664,436.2116985000001,436.1926516,436.19323210000005,436.2116985000001,436.2116985000001,436.2116985000001,441.5371047,750,1,[5.324930499999937],[5.324945200000002],192227,001,2025-11-04_22h01.40.694,intentional binding,,2025.1.1,60.126831538440044,2025-11-04 22h01.53.632843 +0530,
0.7,400,unexp,81,1,5,space,0.6334861999998793,None,340,1,[6.781822700000021],[6.781832699999995],5,1,81,2,441.5529342000001,,441.5374875000001,441.5529342000001,442.5381298000001,442.5381298000001,442.5545492,443.1723602999999,space,0.6334861999998793,None,443.17323380000005,443.88813116666677,444.20543239999995,444.1834702,444.18404739999994,444.20543239999995,444.20543239999995,444.20543239999995,450.98768370000005,340,1,[6.781822700000021],[6.781832699999995],192227,001,2025-11-04_22h01.40.694,intentional binding,,2025.1.1,60.126831538440044,2025-11-04 22h01.53.632843 +0530,
0.7,1000,exp,82,2,5,space,0.6329101999999693,None,999,1,[2.049274100000048],[2.0492835000000014],5,2,82,8,451.0028166999999,,450.9879909,451.0028166999999,451.9884072000001,451.9884072000001,452.0045321000001,452.6236676,space,0.6329101999999693,None,452.62453029999995,453.3381704666666,453.65499439999996,453.63518609999994,453.6357555999999,453.65499439999996,453.65499439999996,453.65499439999996,455.70465690000003,999,1,[2.049274100000048],[2.0492835000000014],192227,001,2025-11-04_22h01.40.694,intentional binding,,2025.1.1,60.126831538440044,2025-11-04 22h01.53.632843 +0530,
0.1,1000,exp,83,3,5,space,1.7957222000000002,None,999,1,[1.8547624999998789],[1.8547730000000229],5,3,83,9,455.7200246000001,,455.70494500000007,455.7200246000001,456.70497349999994,456.70497349999994,456.7211522000001,458.5030918000001,space,1.7957222000000002,None,458.5042711,458.6028144666667,458.9154995,458.89936810000006,458.89987499999995,458.9154995,458.9154995,458.9154995,460.77063340000007,999,1,[1.8547624999998789],[1.8547730000000229],192227,001,2025-11-04_22h01.40.694,intentional binding,,2025.1.1,60.126831538440044,2025-11-04 22h01.53.632843 +0530,
0.1,400,unexp,84,4,5,space,0.7632246000000578,None,450,1,[3.625220600000148],[3.625230800000054],5,4,84,3,460.7863893,,460.7709576000001,460.7863893,461.7715829,461.7715829,461.7863416000001,462.5389699000001,space,0.7632246000000578,None,462.5401075000001,462.63817916666665,462.9614821000001,462.9420182,462.94270130000007,462.9614821000001,462.9614821000001,462.9614821000001,466.5871059,450,1,[3.625220600000148],[3.625230800000054],192227,001,2025-11-04_22h01.40.694,intentional binding,,2025.1.1,60.126831538440044,2025-11-04 22h01.53.632843 +0530,
0.4,1000,exp,85,5,5,space,0.5960590999998203,None,999,1,[2.8606701000001067],[2.860685500000045],5,5,85,10,466.6029274000001,,466.58747529999994,466.6029274000001,467.5862823000001,467.5862823000001,467.6028316999999,468.1869035000001,space,0.5960590999998203,None,468.1877341999999,468.6026854666667,468.9103583,468.89383910000004,468.8944438,468.9103583,468.9103583,468.9103583,471.7714801000001,999,1,[2.8606701000001067],[2.860685500000045],192227,001,2025-11-04_22h01.40.694,intentional binding,,2025.1.1,60.126831538440044,2025-11-04 22h01.53.632843 +0530,
0.7,1000,exp,86,6,5,space,0.5773059999999077,None,999,1,[3.2293641999999636],[3.229374499999949],5,6,86,5,471.7862352000001,,471.7717758,471.7862352000001,472.7862037000001,472.7862037000001,472.7862037000001,473.37210949999997,space,0.5773059999999077,None,473.3734085,474.07150936666665,474.3906512,474.3710698000001,474.37163580000004,474.3906512,474.3906512,474.3906512,477.62047960000007,999,1,[3.2293641999999636],[3.229374499999949],192227,001,2025-11-04_22h01.40.694,intentional binding,,2025.1.1,60.126831538440044,2025-11-04 22h01.53.632843 +0530,
0.7,1000,exp,87,7,5,space,1.6402998999999454,None,750,1,[4.132783600000039],[4.132799100000057],5,7,87,11,477.6360013,,477.62082339999995,477.6360013,478.6216241999999,478.6216241999999,478.6391955,480.2720269,space,1.6402998999999454,None,480.2729167000001,480.97117966666667,481.2874974,481.26920989999996,481.26974559999996,481.2874974,481.2874974,481.2874974,485.42078290000006,750,1,[4.132783600000039],[4.132799100000057],192227,001,2025-11-04_22h01.40.694,intentional binding,,2025.1.1,60.126831538440044,2025-11-04 22h01.53.632843 +0530,
0.1,1000,exp,88,8,5,space,0.4999559999998837,None,350,1,[9.07361260000016],[9.073627500000157],5,8,88,15,485.4359923999999,,485.42109949999997,485.4359923999999,486.4219462,486.4219462,486.4378252,486.92290360000004,space,0.4999559999998837,None,486.92393559999994,487.0381087666666,487.36386890000006,487.34116460000007,487.3418917,487.36386890000006,487.36386890000006,487.36386890000006,496.43801339999993,350,1,[9.07361260000016],[9.073627500000157],192227,001,2025-11-04_22h01.40.694,intentional binding,,2025.1.1,60.126831538440044,2025-11-04 22h01.53.632843 +0530,
0.1,1000,exp,89,9,5,space,0.2914925999998559,None,550,1,[4.2050597999998445],[4.205069599999888],5,9,89,12,496.4533514000001,,496.4384073,496.4533514000001,497.45287480000013,497.45287480000013,497.45287480000013,497.7535140000001,space,0.2914925999998559,None,497.7543592999999,497.8533687666667,498.1652078999999,498.1469836,498.1474769,498.1652078999999,498.1652078999999,498.1652078999999,502.37063939999996,550,1,[4.2050597999998445],[4.205069599999888],192227,001,2025-11-04_22h01.40.694,intentional binding,,2025.1.1,60.126831538440044,2025-11-04 22h01.53.632843 +0530,
0.1,400,unexp,90,10,5,space,0.3007746999999199,None,350,1,[2.853955100000121],[2.8539648000000852],5,10,90,0,502.3862259000001,,502.3709335,502.3862259000001,503.37191040000005,503.37191040000005,503.38840530000004,503.68914729999995,space,0.3007746999999199,None,503.6903393000001,503.80472426666677,504.116175,504.0952562000001,504.0959426999999,504.116175,504.116175,504.116175,506.9705275,350,1,[2.853955100000121],[2.8539648000000852],192227,001,2025-11-04_22h01.40.694,intentional binding,,2025.1.1,60.126831538440044,2025-11-04 22h01.53.632843 +0530,
0.4,1000,exp,91,11,5,space,0.6662575999998808,None, 999,1,[2.8262858999999025],[2.826300799999899],5,11,91,7,506.9869079000001,,506.9708594,506.9869079000001,507.9697287,507.9697287,507.98587940000004,508.6390361,space,0.6662575999998808,None,508.64004480000006,509.0547039666666,509.3782887000001,509.35719430000006,509.35787130000006,509.3782887000001,509.3782887000001,509.3782887000001,512.2051955999999, 999,1,[2.8262858999999025],[2.826300799999899],192227,001,2025-11-04_22h01.40.694,intentional binding,,2025.1.1,60.126831538440044,2025-11-04 22h01.53.632843 +0530,
0.4,1000,exp,92,12,5,space,0.4715107999998054,None,999,1,[3.714631499999996],[3.7146413000000393],5,12,92,4,512.2201355999999,,512.2056702000001,512.2201355999999,513.2050404,513.2050404,513.2214189,513.6875222,space,0.4715107999998054,None,513.6885507999999,514.1032461666667,514.4234631,514.4044930000001,514.4049441999999,514.4234631,514.4234631,514.4234631,518.1385185,999,1,[3.714631499999996],[3.7146413000000393],192227,001,2025-11-04_22h01.40.694,intentional binding,,2025.1.1,60.126831538440044,2025-11-04 22h01.53.632843 +0530,
0.4,400,unexp,93,13,5,space,0.43362969999998313,None,350,1,[2.8495480999999927],[2.8495580000001155],5,13,93,1,518.1540957999999,,518.1388317,518.1540957999999,519.1530326000001,519.1530326000001,519.1530326000001,519.5892969,space,0.43362969999998313,None,519.5901393,520.0046020666667,520.3218241999999,520.3016607999999,520.3022611,520.3218241999999,520.3218241999999,520.3218241999999,523.17177,350,1,[2.8495480999999927],[2.8495580000001155],192227,001,2025-11-04_22h01.40.694,intentional binding,,2025.1.1,60.126831538440044,2025-11-04 22h01.53.632843 +0530,
0.4,1000,exp,94,14,5,space,0.8078237999998237,None, 999,1,[2.2769342999999935],[2.2769484000000375],5,14,94,13,523.1862921999999,,523.1720596000001,523.1862921999999,524.1723008,524.1723008,524.1881247,524.9884926999999,space,0.8078237999998237,None,524.9894194,525.3883155666666,525.7110033,525.690565,525.6911672,525.7110033,525.7110033,525.7110033,527.9884274, 999,1,[2.2769342999999935],[2.2769484000000375],192227,001,2025-11-04_22h01.40.694,intentional binding,,2025.1.1,60.126831538440044,2025-11-04 22h01.53.632843 +0530,
0.7,1000,exp,95,15,5,space,0.4310801999999967,None,999,1,[2.79948330000002],[2.7994942000000265],5,15,95,14,528.0035710999999,,527.9888778000001,528.0035710999999,529.0032212,529.0032212,529.0032212,529.4375652,space,0.4310801999999967,None,529.4383690999999,530.1367234666667,530.4540989999999,530.4355856999999,530.4360449,530.4540989999999,530.4540989999999,530.4540989999999,533.2539582,999,1,[2.79948330000002],[2.7994942000000265],192227,001,2025-11-04_22h01.40.694,intentional binding,,2025.1.1,60.126831538440044,2025-11-04 22h01.53.632843 +0530,
0.1,1000,exp,96,0,6,space,1.6160092999998596,None,999,1,[2.4959192999999686],[2.4959303999999065],6,0,96,6,533.2702297,,533.2543434,533.2702297,534.2534494,534.2534494,534.2698028000001,535.8726505999999,space,1.6160092999998596,None,535.8736534999999,535.9718164666666,536.2921553,536.2716546,536.2723116999999,536.2921553,536.2921553,536.2921553,538.7884643000001,999,1,[2.4959192999999686],[2.4959303999999065],192227,001,2025-11-04_22h01.40.694,intentional binding,,2025.1.1,60.126831538440044,2025-11-04 22h01.53.632843 +0530,
0.7,1000,exp,97,1,6,space,1.6991849000000911,None,750,1,[5.181115600000112],[5.181125300000076],6,1,97,8,538.8033409000001,,538.7887508,538.8033409000001,539.8058818999999,539.8058818999999,539.8058818999999,541.5204697,space,1.6991849000000911,None,541.5212617999999,542.2198150666667,542.5394908,542.5215139000001,542.5219928,542.5394908,542.5394908,542.5394908,547.7210434,750,1,[5.181115600000112],[5.181125300000076],192227,001,2025-11-04_22h01.40.694,intentional binding,,2025.1.1,60.126831538440044,2025-11-04 22h01.53.632843 +0530,
0.4,1000,exp,98,2,6,space,0.854941800000006,None,750,1,[8.099470500000052],[8.099480400000175],6,2,98,7,547.7362558000001,,547.7213653,547.7362558000001,548.7374225,548.7374225,548.7374225,549.6037331000001,space,0.854941800000006,None,549.6044522999999,550.0035938666666,550.3217806000001,550.3029668,550.3035385,550.3217806000001,550.3217806000001,550.3217806000001,558.4217391999999,750,1,[8.099470500000052],[8.099480400000175],192227,001,2025-11-04_22h01.40.694,intentional binding,,2025.1.1,60.126831538440044,2025-11-04 22h01.53.632843 +0530,
0.1,1000,exp,99,3,6,space,0.27932959999998275,None,750,1,[7.616596099999924],[7.6166068],6,3,99,15,558.4366464000001,,558.4220659000001,558.4366464000001,559.4370482,559.4370482,559.4370482,559.7202658,space,0.27932959999998275,None,559.7211788000001,559.8197821666666,560.1372384,560.1190310999999,560.1195710999999,560.1372384,560.1372384,560.1372384,567.7543388,750,1,[7.616596099999924],[7.6166068],192227,001,2025-11-04_22h01.40.694,intentional binding,,2025.1.1,60.126831538440044,2025-11-04 22h01.53.632843 +0530,
0.7,1000,exp,100,4,6,space,0.6505332000001545,None,999,1,[3.3661783000000014],[3.3661884000000555],6,4,100,5,567.7695576,,567.7547349,567.7695576,568.7697354000001,568.7697354000001,568.7697354000001,569.4215862,space,0.6505332000001545,None,569.4223503,570.1365157666668,570.4549116,570.4373178,570.4377863000001,570.4549116,570.4549116,570.4549116,573.8215045000001,999,1,[3.3661783000000014],[3.3661884000000555],192227,001,2025-11-04_22h01.40.694,intentional binding,,2025.1.1,60.126831538440044,2025-11-04 22h01.53.632843 +0530,
0.7,400,unexp,101,5,6,space,1.0578620000001138,None,350,1,[3.3207634999998845],[3.320779200000061],6,5,101,2,573.8371195999999,,573.8217980000001,573.8371195999999,574.8370914999999,574.8370914999999,574.8370914999999,575.9035843,space,1.0578620000001138,None,575.9048415999999,576.6035110666668,576.9168782,576.8998190000001,576.9003036,576.9168782,576.9168782,576.9168782,580.2385146,350,1,[3.3207634999998845],[3.320779200000061],192227,001,2025-11-04_22h01.40.694,intentional binding,,2025.1.1,60.126831538440044,2025-11-04 22h01.53.632843 +0530,
0.4,1000,exp,102,6,6,space,0.3463940999999977,None,999,1,[1.5773057000001245],[1.5773189999999886],6,6,102,10,580.2530588000001,,580.2388973999999,580.2530588000001,581.2538461,581.2538461,581.2538461,581.6041624999999,space,0.3463940999999977,None,581.6052544,582.0034306666668,582.3266011,582.3066878999999,582.3072265,582.3266011,582.3266011,582.3266011,583.9043335,999,1,[1.5773057000001245],[1.5773189999999886],192227,001,2025-11-04_22h01.40.694,intentional binding,,2025.1.1,60.126831538440044,2025-11-04 22h01.53.632843 +0530,
0.1,1000,exp,103,7,6,space,0.4966202999999041,None,999,1,[1.9279845999999452],[1.9280040999999528],6,7,103,12,583.9199473,,583.9046302,583.9199473,584.9032166000001,584.9032166000001,584.9204593999999,585.4042377,space,0.4966202999999041,None,585.4049741,585.5039385666668,585.8267686,585.8081169999999,585.8088240999999,585.8267686,585.8267686,585.8267686,587.7552674,999,1,[1.9279845999999452],[1.9280040999999528],192227,001,2025-11-04_22h01.40.694,intentional binding,,2025.1.1,60.126831538440044,2025-11-04 22h01.53.632843 +0530,
0.4,1000,exp,104,8,6,space,0.38800639999999476,None,999,1,[2.1363106999999673],[2.1363229999999476],6,8,104,13,587.7700381999999,,587.7556767,587.7700381999999,588.7703127000001,588.7703127000001,588.7703127000001,589.1725067000001,space,0.38800639999999476,None,589.1732393000001,589.5870548666666,589.9012426,589.8825178000001,589.8831738,589.9012426,589.9012426,589.9012426,592.0379482,999,1,[2.1363106999999673],[2.1363229999999476],192227,001,2025-11-04_22h01.40.694,intentional binding,,2025.1.1,60.126831538440044,2025-11-04 22h01.53.632843 +0530,
0.7,1000,exp,105,9,6,space,1.5195674999999937,None,999,1,[2.4971427000000403],[2.4971574999999575],6,9,105,14,592.0542168000001,,592.0382399000001,592.0542168000001,593.0390214,593.0390214,593.0553004,594.5730089,space,1.5195674999999937,None,594.5739990999999,595.2865270666667,595.6072462999999,595.5884844000001,595.5890929000001,595.6072462999999,595.6072462999999,595.6072462999999,598.1048907,999,1,[2.4971427000000403],[2.4971574999999575],192227,001,2025-11-04_22h01.40.694,intentional binding,,2025.1.1,60.126831538440044,2025-11-04 22h01.53.632843 +0530,
0.4,1000,exp,106,10,6,space,2.416941100000031,None,999,1,[1.9327782999998817],[1.9327888000000257],6,10,106,4,598.1194717,,598.1053086999999,598.1194717,599.1196355000001,599.1196355000001,599.1196355000001,601.5376035,space,2.416941100000031,None,601.5386139000001,601.9373846666666,602.2554524000001,602.2367648999999,602.2372349000001,602.2554524000001,602.2554524000001,602.2554524000001,604.188685,999,1,[1.9327782999998817],[1.9327888000000257],192227,001,2025-11-04_22h01.40.694,intentional binding,,2025.1.1,60.126831538440044,2025-11-04 22h01.53.632843 +0530,
0.1,400,unexp,107,11,6,space,0.28310850000002574,None,350,1,[5.866691700000047],[5.86670150000009],6,11,107,0,604.2033502,,604.1889898000001,604.2033502,605.203639,605.203639,605.203639,605.5042018,space,0.28310850000002574,None,605.5050554999999,605.6205029666668,605.9376568000001,605.9196132999999,605.9203148,605.9376568000001,605.9376568000001,605.9376568000001,611.8047167000001,350,1,[5.866691700000047],[5.86670150000009],192227,001,2025-11-04_22h01.40.694,intentional binding,,2025.1.1,60.126831538440044,2025-11-04 22h01.53.632843 +0530,
0.1,1000,exp,108,12,6,space,0.9200029999999515,None,999,1,[3.2162673999998788],[3.216278099999954],6,12,108,9,611.8193483000001,,611.8050058,611.8193483000001,612.819654,612.819654,612.819654,613.7544901,space,0.9200029999999515,None,613.7555257,613.8542299666666,614.1710648,614.1503713999999,614.1508316999999,614.1710648,614.1710648,614.1710648,617.3880548999999,999,1,[3.2162673999998788],[3.216278099999954],192227,001,2025-11-04_22h01.40.694,intentional binding,,2025.1.1,60.126831538440044,2025-11-04 22h01.53.632843 +0530,
0.1,400,unexp,109,13,6,space,0.4167136999999457,None,350,1,[3.681357299999945],[3.681372499999952],6,13,109,3,617.4044365999999,,617.3886132000001,617.4044365999999,618.4033651000001,618.4033651000001,618.4033651000001,618.8208826000001,space,0.4167136999999457,None,618.8220208000001,618.9199703666667,619.2377645,619.218976,619.2194544,619.2377645,619.2377645,619.2377645,622.919665,350,1,[3.681357299999945],[3.681372499999952],192227,001,2025-11-04_22h01.40.694,intentional binding,,2025.1.1,60.126831538440044,2025-11-04 22h01.53.632843 +0530,
0.7,1000,exp,110,14,6,space,0.26780759999996917,None, 700,1,[4.365399599999819],[4.3654165999998895],6,14,110,11,622.9372724000001,,622.9201165999999,622.9372724000001,623.9201025000001,623.9201025000001,623.936654,624.2040547,space,0.26780759999996917,None,624.2050822,624.9202948666667,625.2416982000001,625.2213026999999,625.2218588,625.2416982000001,625.2416982000001,625.2416982000001,629.6075588, 700,1,[4.365399599999819],[4.3654165999998895],192227,001,2025-11-04_22h01.40.694,intentional binding,,2025.1.1,60.126831538440044,2025-11-04 22h01.53.632843 +0530,
0.4,400,unexp,111,15,6,space,0.6162331000000449,None,350,1,[4.441393800000014],[4.441403799999989],6,15,111,1,629.6201407,,629.6079143999999,629.6201407,630.6200692000001,630.6200692000001,630.6200692000001,631.2378385000001,space,0.6162331000000449,None,631.2385866000001,631.6371464666666,631.9625961,631.9407649000001,631.9414694000001,631.9625961,631.9625961,631.9625961,636.4044142000001,350,1,[4.441393800000014],[4.441403799999989],192227,001,2025-11-04_22h01.40.694,intentional binding,,2025.1.1,60.126831538440044,2025-11-04 22h01.53.632843 +0530,
0.1,1000,exp,112,0,7,space,1.1041479000000436,None,750,1,[3.6025626000000557],[3.602573300000131],7,0,112,15,636.4202363999999,,636.4047558000001,636.4202363999999,637.403762,637.403762,637.4199226,638.5205365,space,1.1041479000000436,None,638.5214563999999,638.6200644666666,638.9350468000001,638.9153159000001,638.9159118000001,638.9350468000001,638.9350468000001,638.9350468000001,642.5380470000001,750,1,[3.6025626000000557],[3.602573300000131],192227,001,2025-11-04_22h01.40.694,intentional binding,,2025.1.1,60.126831538440044,2025-11-04 22h01.53.632843 +0530,
0.7,1000,exp,113,1,7,space,0.4356230000000778,None, 750,1,[6.117109199999959],[6.11713009999994],7,1,113,14,642.5536199,,642.5383558,642.5536199,643.553536,643.553536,643.553536,644.0044127,space,0.4356230000000778,None,644.0057112999999,644.7037105666667,645.0211493,645.0027329000001,645.0032078,645.0211493,645.0211493,645.0211493,651.1387798, 750,1,[6.117109199999959],[6.11713009999994],192227,001,2025-11-04_22h01.40.694,intentional binding,,2025.1.1,60.126831538440044,2025-11-04 22h01.53.632843 +0530,
0.7,1000,exp,114,2,7,space,1.314093400000047,None,999,1,[2.149335800000017],[2.149354599999924],7,2,114,11,651.1536439,,651.1391030000001,651.1536439,652.1538197000001,652.1538197000001,652.1538197000001,653.4712915000001,space,1.314093400000047,None,653.4723286,654.1867049666668,654.5043211999999,654.4825115,654.4829741,654.5043211999999,654.5043211999999,654.5043211999999,656.6542249,999,1,[2.149335800000017],[2.149354599999924],192227,001,2025-11-04_22h01.40.694,intentional binding,,2025.1.1,60.126831538440044,2025-11-04 22h01.53.632843 +0530,
0.4,1000,exp,115,3,7,space,2.7488518000000113,None,                             999,1,[3.2194922999999562],[3.2195024999998623],7,3,115,7,656.6699520999999,,656.6547291,656.6699520999999,657.6540361000001,657.6540361000001,657.6707625,660.4045274000001,space,2.7488518000000113,None,660.4052646000001,660.8197661666667,661.1343038000001,661.1181517000001,661.1195534,661.1343038000001,661.1343038000001,661.1343038000001,664.3543442000001,                             999,1,[3.2194922999999562],[3.2195024999998623],192227,001,2025-11-04_22h01.40.694,intentional binding,,2025.1.1,60.126831538440044,2025-11-04 22h01.53.632843 +0530,
0.1,1000,exp,116,4,7,space,0.6409019000000171,None,999,1,[1.8801291999998284],[1.880141999999978],7,4,116,12,664.3706805,,664.3548744999999,664.3706805,665.3535873,665.3535873,665.3707760000001,666.0046173,space,0.6409019000000171,None,666.0053376,666.1037785666666,666.424627,666.4053745,666.4059501,666.424627,666.424627,666.424627,668.3054477,999,1,[1.8801291999998284],[1.880141999999978],192227,001,2025-11-04_22h01.40.694,intentional binding,,2025.1.1,60.126831538440044,2025-11-04 22h01.53.632843 +0530,
0.1,400,unexp,117,5,7,space,0.6650306999999884,None,350,1,[3.3327300000000832],[3.3327458000001116],7,5,117,3,668.3204787000001,,668.3059822000001,668.3204787000001,669.3203321,669.3203321,669.3203321,669.9879205999999,space,0.6650306999999884,None,669.9888520000001,670.1036862666666,670.4224018000001,670.4033383,670.4039136,670.4224018000001,670.4224018000001,670.4224018000001,673.755646,350,1,[3.3327300000000832],[3.3327458000001116],192227,001,2025-11-04_22h01.40.694,intentional binding,,2025.1.1,60.126831538440044,2025-11-04 22h01.53.632843 +0530,
0.1,1000,exp,118,6,7,space,0.4662717999999586,None,999,1,[2.699667800000043],[2.6996776000000864],7,6,118,9,673.7701246,,673.7564328,673.7701246,674.7721789999999,674.7721789999999,674.7721789999999,675.240148,space,0.4662717999999586,None,675.241095,675.3564640666667,675.6721841,675.6528666,675.6536098,675.6721841,675.6721841,675.6721841,678.3723724,999,1,[2.699667800000043],[2.6996776000000864],192227,001,2025-11-04_22h01.40.694,intentional binding,,2025.1.1,60.126831538440044,2025-11-04 22h01.53.632843 +0530,
0.4,1000,exp,119,7,7,space,0.44941900000003443,None,999,1,[1.9254924000001665],[1.9255029000000832],7,7,119,10,678.3869249,,678.3727163,678.3869249,679.3870422000001,679.3870422000001,679.3870422000001,679.8394033000001,space,0.44941900000003443,None,679.8402500999999,680.2388872666667,680.5627035000001,680.5439494000001,680.5444011999999,680.5627035000001,680.5627035000001,680.5627035000001,682.4886361,999,1,[1.9254924000001665],[1.9255029000000832],192227,001,2025-11-04_22h01.40.694,intentional binding,,2025.1.1,60.126831538440044,2025-11-04 22h01.53.632843 +0530,
0.7,400,unexp,120,8,7,space,0.43722520000005716,None,350,1,[3.087460799999917],[3.0874711999999818],7,8,120,2,682.5041967999999,,682.4889307,682.5041967999999,683.5040739,683.5040739,683.5040739,683.9547156,space,0.43722520000005716,None,683.955746,684.6696818666666,684.9830094,684.9660603000001,684.9666526,684.9830094,684.9830094,684.9830094,688.0708373000001,350,1,[3.087460799999917],[3.0874711999999818],192227,001,2025-11-04_22h01.40.694,intentional binding,,2025.1.1,60.126831538440044,2025-11-04 22h01.53.632843 +0530,
0.4,1000,exp,121,9,7,space,0.5804431999999906,None,999,1,[2.478444899999886],[2.4784548999998606],7,9,121,4,688.0875115,,688.0711321,688.0875115,689.0728942,689.0728942,689.0889716,689.6563095,space,0.5804431999999906,None,689.6573201,690.0556941666667,690.3761396000001,690.3555909,690.3562237,690.3761396000001,690.3761396000001,690.3761396000001,692.8550464000001,999,1,[2.478444899999886],[2.4784548999998606],192227,001,2025-11-04_22h01.40.694,intentional binding,,2025.1.1,60.126831538440044,2025-11-04 22h01.53.632843 +0530,
0.4,1000,exp,122,10,7,space,0.7451754999999594,None,750,1,[5.365519899999981],[5.365533299999925],7,10,122,13,692.8705328,,692.8553307000001,692.8705328,693.8707132000001,693.8707132000001,693.8707132000001,694.623622,space,0.7451754999999594,None,694.6245213999999,695.0388231666667,695.3573351000001,695.3367508,695.3373204999999,695.3573351000001,695.3573351000001,695.3573351000001,700.7232765,750,1,[5.365519899999981],[5.365533299999925],192227,001,2025-11-04_22h01.40.694,intentional binding,,2025.1.1,60.126831538440044,2025-11-04 22h01.53.632843 +0530,
0.1,1000,exp,123,11,7,space,0.3831078000000616,None,750,1,[4.69492379999997],[4.694934599999897],7,11,123,6,700.7376934,,700.7235634,700.7376934,701.7371773000001,701.7371773000001,701.7371773000001,702.1217193000001,space,0.3831078000000616,None,702.1224404000001,702.2370825666666,702.5593614000001,702.5388761,702.5393488000001,702.5593614000001,702.5593614000001,702.5593614000001,707.2546561,750,1,[4.69492379999997],[4.694934599999897],192227,001,2025-11-04_22h01.40.694,intentional binding,,2025.1.1,60.126831538440044,2025-11-04 22h01.53.632843 +0530,
0.7,1000,exp,124,12,7,space,0.41651679999995395,None,999,1,[2.1317140999999538],[2.1317281999999977],7,12,124,5,707.2706841,,707.2550396,707.2706841,708.2538032000001,708.2538032000001,708.2704803,708.6711856999999,space,0.41651679999995395,None,708.6719121,709.3723578666667,709.6899208000001,709.6696549,709.6703466,709.6899208000001,709.6899208000001,709.6899208000001,711.8221791,999,1,[2.1317140999999538],[2.1317281999999977],192227,001,2025-11-04_22h01.40.694,intentional binding,,2025.1.1,60.126831538440044,2025-11-04 22h01.53.632843 +0530,
0.1,400,unexp,125,13,7,space,0.5312979999998788,None,350,1,[5.868051400000013],[5.868064699999877],7,13,125,0,711.8376755,,711.8226232999999,711.8376755,712.8225067,712.8225067,712.8396775,713.3566921,space,0.5312979999998788,None,713.3575256,713.4721541666667,713.7877827000001,713.7683655,713.7690146000001,713.7877827000001,713.7877827000001,713.7877827000001,719.6566091000001,350,1,[5.868051400000013],[5.868064699999877],192227,001,2025-11-04_22h01.40.694,intentional binding,,2025.1.1,60.126831538440044,2025-11-04 22h01.53.632843 +0530,
0.7,1000,exp,126,14,7,space,0.5449149000000943,None,999,1,[2.4526275000000624],[2.452637500000037],7,14,126,8,719.6712729,,719.6569837000001,719.6712729,720.6709741999999,720.6709741999999,720.6709741999999,721.220782,space,0.5449149000000943,None,721.2218964,721.9206090666668,722.2362098,722.2185456999999,722.2190036000001,722.2362098,722.2362098,722.2362098,724.6892319,999,1,[2.4526275000000624],[2.452637500000037],192227,001,2025-11-04_22h01.40.694,intentional binding,,2025.1.1,60.126831538440044,2025-11-04 22h01.53.632843 +0530,
0.4,400,unexp,127,15,7,space,1.062319699999989,None,350,1,[4.094902000000047],[4.094912199999953],7,15,127,1,724.7040249,,724.6895401,724.7040249,725.7040495,725.7040495,725.7040495,726.7714622,space,1.062319699999989,None,726.7721798000001,727.1871752666667,727.5094364,727.489316,727.4899663,727.5094364,727.5094364,727.5094364,731.6047173000001,350,1,[4.094902000000047],[4.094912199999953],192227,001,2025-11-04_22h01.40.694,intentional binding,,2025.1.1,60.126831538440044,2025-11-04 22h01.53.632843 +0530,
0.7,1000,exp,128,0,8,space,0.8168224000000919,None,999,1,[2.2281692999999905],[2.228180199999997],8,0,128,8,731.6202400000001,,731.6050285,731.6202400000001,732.6045098999999,732.6045098999999,732.6211614,733.4382918,space,0.8168224000000919,None,733.4392411,734.1390660666667,734.4598255,734.4371841000001,734.4378209,734.4598255,734.4598255,734.4598255,736.6884048999999,999,1,[2.2281692999999905],[2.228180199999997],192227,001,2025-11-04_22h01.40.694,intentional binding,,2025.1.1,60.126831538440044,2025-11-04 22h01.53.632843 +0530,
0.1,1000,exp,129,1,8,space,2.1524603999998817,None,999,1,[2.6966116999999485],[2.6966213999999127],8,1,129,12,736.7042946,,736.6888098000001,736.7042946,737.7043703,737.7043703,737.7043703,739.8719098,space,2.1524603999998817,None,739.8728299,739.9874872666666,740.3088062,740.2887137000001,740.2891697000001,740.3088062,740.3088062,740.3088062,743.0057964000001,999,1,[2.6966116999999485],[2.6966213999999127],192227,001,2025-11-04_22h01.40.694,intentional binding,,2025.1.1,60.126831538440044,2025-11-04 22h01.53.632843 +0530,
0.4,400,unexp,130,2,8,space,2.2147847999999613,None,350,1,[8.408532100000002],[8.408548500000052],8,2,130,1,743.0204098,,743.0061008000001,743.0204098,744.0208119,744.0208119,744.0208119,746.237898,space,2.2147847999999613,None,746.2389463999999,746.6372647666666,746.946251,746.9291665,746.9297760000001,746.946251,746.946251,746.946251,755.3552971,350,1,[8.408532100000002],[8.408548500000052],192227,001,2025-11-04_22h01.40.694,intentional binding,,2025.1.1,60.126831538440044,2025-11-04 22h01.53.632843 +0530,
0.4,1000,exp,131,3,8,space,0.6420219000001453,None,750,1,[3.8849138000000494],[3.884924000000183],8,3,131,7,755.3709265000001,,755.3556939000001,755.3709265000001,756.3560845999999,756.3560845999999,756.3728299,757.0072592,space,0.6420219000001453,None,757.0082583,757.4208868666666,757.735804,757.7186565000001,757.7191019,757.735804,757.735804,757.735804,761.6210858000001,750,1,[3.8849138000000494],[3.884924000000183],192227,001,2025-11-04_22h01.40.694,intentional binding,,2025.1.1,60.126831538440044,2025-11-04 22h01.53.632843 +0530,
0.7,1000,exp,132,4,8,space,0.3185980999999174,None,999,1,[2.2283920999998372],[2.2284025999999812],8,4,132,14,761.6372702,,761.6213919,761.6372702,762.6215361999999,762.6215361999999,762.6373609999999,762.9544907000001,space,0.3185980999999174,None,762.9552066,763.6540662666667,763.9768167999999,763.9582747999999,763.9587422999999,763.9768167999999,763.9768167999999,763.9768167999999,766.2056570000001,999,1,[2.2283920999998372],[2.2284025999999812],192227,001,2025-11-04_22h01.40.694,intentional binding,,2025.1.1,60.126831538440044,2025-11-04 22h01.53.632843 +0530,
0.4,1000,exp,133,5,8,space,0.9983196000000589,None,999,1,[2.316074399999934],[2.316084399999909],8,5,133,4,766.2207449000001,,766.2060253999999,766.2207449000001,767.2216285000001,767.2216285000001,767.2216285000001,768.2214884000001,space,0.9983196000000589,None,768.2225420999999,768.6208829666667,768.9389699,768.9199878000001,768.9204353000001,768.9389699,768.9389699,768.9389699,771.2554602000001,999,1,[2.316074399999934],[2.316084399999909],192227,001,2025-11-04_22h01.40.694,intentional binding,,2025.1.1,60.126831538440044,2025-11-04 22h01.53.632843 +0530,
0.7,400,unexp,134,6,8,space,1.3356327999999849,None,350,1,[3.4118852000001425],[3.41189559999998],8,6,134,2,771.2710238999999,,771.2558344,771.2710238999999,772.2708464000001,772.2708464000001,772.2708464000001,773.6212092,space,1.3356327999999849,None,773.6219254000001,774.3207477666666,774.6438572999999,774.6245726000001,774.6250390000001,774.6438572999999,774.6438572999999,774.6438572999999,778.0561177999999,350,1,[3.4118852000001425],[3.41189559999998],192227,001,2025-11-04_22h01.40.694,intentional binding,,2025.1.1,60.126831538440044,2025-11-04 22h01.53.632843 +0530,
0.4,1000,exp,135,7,8,space,0.35339120000003277,None,750,1,[3.979637700000012],[3.9796516999999767],8,7,135,10,778.0710825,,778.0564294,778.0710825,779.0708261999999,779.0708261999999,779.0708261999999,779.4378639,space,0.35339120000003277,None,779.4387221000001,779.8398578666666,780.1583109,780.1365296,780.1371683000001,780.1583109,780.1583109,780.1583109,784.1383691,750,1,[3.979637700000012],[3.9796516999999767],192227,001,2025-11-04_22h01.40.694,intentional binding,,2025.1.1,60.126831538440044,2025-11-04 22h01.53.632843 +0530,
0.1,1000,exp,136,8,8,space,0.7453282000001309,None,750,1,[6.37924699999985],[6.379257599999846],8,8,136,15,784.1541873,,784.1386633999999,784.1541873,785.1375759000001,785.1375759000001,785.1544508999999,785.8899574999999,space,0.7453282000001309,None,785.8907714999999,785.9895395666666,786.3087191000001,786.288404,786.2890687,786.3087191000001,786.3087191000001,786.3087191000001,792.6883578999999,750,1,[6.37924699999985],[6.379257599999846],192227,001,2025-11-04_22h01.40.694,intentional binding,,2025.1.1,60.126831538440044,2025-11-04 22h01.53.632843 +0530,
0.7,1000,exp,137,9,8,space,1.2858532000000196,None,                                                          999,1,[4.068669499999942],[4.0686799000000065],8,9,137,5,792.7042715000001,,792.6886532,792.7042715000001,793.6874283000001,793.6874283000001,793.7044247,794.9883653,space,1.2858532000000196,None,794.989081,795.7036947666667,796.0194412,796.0021954,796.0037515,796.0194412,796.0194412,796.0194412,800.0885148000001,                                                          999,1,[4.068669499999942],[4.0686799000000065],192227,001,2025-11-04_22h01.40.694,intentional binding,,2025.1.1,60.126831538440044,2025-11-04 22h01.53.632843 +0530,
0.7,1000,exp,138,10,8,space,1.8502258999999412,None,999,1,[3.887538399999812],[3.887563],8,10,138,11,800.1046846,,800.0889008,800.1046846,801.0878999,801.0878999,801.1042252000001,802.9387253000001,space,1.8502258999999412,None,802.9396095999999,803.6542430666667,803.9668031,803.9492237999999,803.9496883,803.9668031,803.9668031,803.9668031,807.8547258,999,1,[3.887538399999812],[3.887563],192227,001,2025-11-04_22h01.40.694,intentional binding,,2025.1.1,60.126831538440044,2025-11-04 22h01.53.632843 +0530,
0.1,400,unexp,139,11,8,space,0.6516364999999951,None,350,1,[3.234724599999936],[3.234734799999842],8,11,139,0,807.871708,,807.8550174000001,807.871708,808.8547356,808.8547356,808.8708855000001,809.5238443,space,0.6516364999999951,None,809.5247549,809.6380213666667,809.9540230000001,809.9344506000001,809.9350228,809.9540230000001,809.9540230000001,809.9540230000001,813.189215,350,1,[3.234724599999936],[3.234734799999842],192227,001,2025-11-04_22h01.40.694,intentional binding,,2025.1.1,60.126831538440044,2025-11-04 22h01.53.632843 +0530,
0.1,400,unexp,140,12,8,space,0.3107121000000461,None,350,1,[2.581123899999966],[2.5811347000001206],8,12,140,3,813.2045701000001,,813.1895903000001,813.2045701000001,814.189776,814.189776,814.2059029999999,814.507825,space,0.3107121000000461,None,814.5088138,814.6230183666668,814.940982,814.9240575,814.9245692999999,814.940982,814.940982,814.940982,817.5225087,350,1,[2.581123899999966],[2.5811347000001206],192227,001,2025-11-04_22h01.40.694,intentional binding,,2025.1.1,60.126831538440044,2025-11-04 22h01.53.632843 +0530,
0.4,1000,exp,141,13,8,space,0.5791105999999218,None,750,1,[5.52844970000001],[5.528462900000022],8,13,141,13,817.5384843,,817.5228373000001,817.5384843,818.5381862,818.5381862,818.5381862,819.1237017,space,0.5791105999999218,None,819.1247023,819.5392503666666,819.8609513,819.8414841,819.8421479,819.8609513,819.8609513,819.8609513,825.3898740000001,750,1,[5.52844970000001],[5.528462900000022],192227,001,2025-11-04_22h01.40.694,intentional binding,,2025.1.1,60.126831538440044,2025-11-04 22h01.53.632843 +0530,
0.1,1000,exp,142,14,8,space,1.0094839999999294,None,999,1,[2.6149824999999964],[2.6149977000000035],8,14,142,6,825.4040864,,825.3901634,825.4040864,826.4044543000001,826.4044543000001,826.4044543000001,827.4215275,space,1.0094839999999294,None,827.4223273000001,827.5212491666667,827.8404002999999,827.8224557,827.8229666000001,827.8404002999999,827.8404002999999,827.8404002999999,830.4559723000001,999,1,[2.6149824999999964],[2.6149977000000035],192227,001,2025-11-04_22h01.40.694,intentional binding,,2025.1.1,60.126831538440044,2025-11-04 22h01.53.632843 +0530,
0.1,1000,exp,143,15,8,space,2.7263394000001426,None,999,1,[3.5134356000000935],[3.5134462000000894],8,15,143,9,830.4708607000001,,830.4563759000001,830.4708607000001,831.4706051,831.4706051,831.4706051,834.2048182,space,2.7263394000001426,None,834.205605,834.3039712666667,834.6253464,834.6066122999999,834.6070724,834.6253464,834.6253464,834.6253464,838.1392,999,1,[3.5134356000000935],[3.5134462000000894],192227,001,2025-11-04_22h01.40.694,intentional binding,,2025.1.1,60.126831538440044,2025-11-04 22h01.53.632843 +0530,
0.1,1000,exp,144,0,9,space,0.114984800000002,None,999,1,[2.9315301000001455],[2.9315418999999565],9,0,144,15,838.1550255999999,,838.1395527000001,838.1550255999999,839.1545258,839.1545258,839.1545258,839.2711812000001,space,0.114984800000002,None,839.2721498,839.3707920666667,839.690178,839.6718274000001,839.6724562999999,839.690178,839.690178,839.690178,842.622125,999,1,[2.9315301000001455],[2.9315418999999565],192227,001,2025-11-04_22h01.40.694,intentional binding,,2025.1.1,60.126831538440044,2025-11-04 22h01.53.632843 +0530,
0.4,1000,exp,145,1,9,space,1.1618854000000738,None,999,1,[2.8799572999998873],[2.879974299999958],9,1,145,13,842.6377906000001,,842.6225029999999,842.6377906000001,843.6384558999999,843.6384558999999,843.6384558999999,844.8050462,space,1.1618854000000738,None,844.8058516,845.2042281666667,845.5260465,845.5070505,845.5075025,845.5260465,845.5260465,845.5260465,848.4064583,999,1,[2.8799572999998873],[2.879974299999958],192227,001,2025-11-04_22h01.40.694,intentional binding,,2025.1.1,60.126831538440044,2025-11-04 22h01.53.632843 +0530,
0.1,1000,exp,146,2,9,space,1.4500659999998788,None,999,1,[5.585973899999999],[5.5859837999998945],9,2,146,6,848.4211769,,848.4069505000001,848.4211769,849.4211612,849.4211612,849.4211612,850.8879825,space,1.4500659999998788,None,850.8890667,850.9879489666667,851.3032810999999,851.2849855999999,851.2855095000001,851.3032810999999,851.3032810999999,851.3032810999999,856.8896268,999,1,[5.585973899999999],[5.5859837999998945],192227,001,2025-11-04_22h01.40.694,intentional binding,,2025.1.1,60.126831538440044,2025-11-04 22h01.53.632843 +0530,
0.7,1000,exp,147,3,9,space,0.25936890000002677,None,999,1,[2.883659600000101],[2.883669399999917],9,3,147,14,856.9042826000001,,856.8899147999999,856.9042826000001,857.9052445000001,857.9052445000001,857.9052445000001,858.1719458000001,space,0.25936890000002677,None,858.1726536,858.8710175666666,859.1890663,859.1711765000001,859.1716503000001,859.1890663,859.1890663,859.1890663,862.0731105000001,999,1,[2.883659600000101],[2.883669399999917],192227,001,2025-11-04_22h01.40.694,intentional binding,,2025.1.1,60.126831538440044,2025-11-04 22h01.53.632843 +0530,
0.1,1000,exp,148,4,9,space,0.22643479999987903,None,750,1,[5.5703496000001],[5.570363400000133],9,4,148,12,862.0879232000001,,862.0734034999999,862.0879232000001,863.0904962000001,863.0904962000001,863.0904962000001,863.3221918,space,0.22643479999987903,None,863.3230694,863.4376641666667,863.7513434000001,863.7334381,863.7340238,863.7513434000001,863.7513434000001,863.7513434000001,869.3221531,750,1,[5.5703496000001],[5.570363400000133],192227,001,2025-11-04_22h01.40.694,intentional binding,,2025.1.1,60.126831538440044,2025-11-04 22h01.53.632843 +0530,
0.7,1000,exp,149,5,9,space,4.862912800000004,None,999,1,[3.621341399999892],[3.6213540999999623],9,5,149,5,869.3379160999999,,869.3225245,869.3379160999999,870.3212993999999,870.3212993999999,870.3386439,875.1886152000001,space,4.862912800000004,None,875.1895688999999,875.8880894666667,876.2012315999999,876.182919,876.1834602,876.2012315999999,876.2012315999999,876.2012315999999,879.8230038,999,1,[3.621341399999892],[3.6213540999999623],192227,001,2025-11-04_22h01.40.694,intentional binding,,2025.1.1,60.126831538440044,2025-11-04 22h01.53.632843 +0530,
0.4,1000,exp,150,6,9,space,1.729376499999944,None,  999,1,[16.870870500000137],[16.870880700000043],9,6,150,10,879.8377624999999,,879.8232959000001,879.8377624999999,880.8379436000001,880.8379436000001,880.8379436000001,882.5719538,space,1.729376499999944,None,882.5727780000001,882.9710931666667,883.2850165000001,883.2666350999999,883.2673247000001,883.2850165000001,883.2850165000001,883.2850165000001,900.1562604,  999,1,[16.870870500000137],[16.870880700000043],192227,001,2025-11-04_22h01.40.694,intentional binding,,2025.1.1,60.126831538440044,2025-11-04 22h01.53.632843 +0530,
0.4,1000,exp,151,7,9,space,0.5338847999998961,None,999,1,[2.283867399999963],[2.283877500000017],9,7,151,7,900.1719883,,900.1565504000001,900.1719883,901.1713002,901.1713002,901.1713002,901.7219041,space,0.5338847999998961,None,901.7229532,902.1219145666668,902.4379837,902.4198580999999,902.4203180000001,902.4379837,902.4379837,902.4379837,904.7222567,999,1,[2.283867399999963],[2.283877500000017],192227,001,2025-11-04_22h01.40.694,intentional binding,,2025.1.1,60.126831538440044,2025-11-04 22h01.53.632843 +0530,
0.1,400,unexp,152,8,9,space,0.38299159999996846,None,350,1,[2.6300694000001386],[2.6300800999999865],9,8,152,0,904.7384796,,904.7226428,904.7384796,905.7380145999999,905.7380145999999,905.7380145999999,906.1222235000001,space,0.38299159999996846,None,906.1230053,906.2217645666666,906.5427794999999,906.5240547,906.5245477,906.5427794999999,906.5427794999999,906.5427794999999,909.1733982,350,1,[2.6300694000001386],[2.6300800999999865],192227,001,2025-11-04_22h01.40.694,intentional binding,,2025.1.1,60.126831538440044,2025-11-04 22h01.53.632843 +0530,
0.1,400,unexp,153,9,9,space,0.36710939999989023,None,350,1,[2.917363699999896],[2.917377199999919],9,9,153,3,909.1883747,,909.1736897,909.1883747,910.1883340999999,910.1883340999999,910.1883340999999,910.5586763,space,0.36710939999989023,None,910.5595227,910.6732145666666,910.9885679,910.9684939,910.969397,910.9885679,910.9885679,910.9885679,913.9064391000001,350,1,[2.917363699999896],[2.917377199999919],192227,001,2025-11-04_22h01.40.694,intentional binding,,2025.1.1,60.126831538440044,2025-11-04 22h01.53.632843 +0530,
0.7,1000,exp,154,10,9,space,0.701164899999867,None,999,1,[1.780471400000124],[1.7804814000000988],9,10,154,11,913.9224788,,913.9068106999999,913.9224788,914.9211932,914.9211932,914.9211932,915.6247893999999,space,0.701164899999867,None,915.6256483999999,916.3403587666668,916.6579089,916.6413143000001,916.6417829000001,916.6579089,916.6579089,916.6579089,918.4387487,999,1,[1.780471400000124],[1.7804814000000988],192227,001,2025-11-04_22h01.40.694,intentional binding,,2025.1.1,60.126831538440044,2025-11-04 22h01.53.632843 +0530,
0.4,400,unexp,155,11,9,space,0.35219660000007025,None,350,1,[2.328226500000028],[2.3282369000000926],9,11,155,1,918.4547676000001,,918.4391245,918.4547676000001,919.4384864,919.4384864,919.4547418999999,919.8050935,space,0.35219660000007025,None,919.8058055,920.2064711666666,920.5267494999999,920.5061432000001,920.5067660000001,920.5267494999999,920.5267494999999,920.5267494999999,922.8554184999999,350,1,[2.328226500000028],[2.3282369000000926],192227,001,2025-11-04_22h01.40.694,intentional binding,,2025.1.1,60.126831538440044,2025-11-04 22h01.53.632843 +0530,
0.4,1000,exp,156,12,9,space,0.09348199999999451,None,999,1,[1.897138299999824],[1.8971524999999474],9,12,156,4,922.8715477,,922.8558029,922.8715477,923.8548598000001,923.8548598000001,923.8715042,923.9549476999999,space,0.09348199999999451,None,923.9557011999999,924.3559773666667,924.6751168,924.657409,924.6578473000001,924.6751168,924.6751168,924.6751168,926.5727985,999,1,[1.897138299999824],[1.8971524999999474],192227,001,2025-11-04_22h01.40.694,intentional binding,,2025.1.1,60.126831538440044,2025-11-04 22h01.53.632843 +0530,
0.7,1000,exp,157,13,9,space,0.4624185000000125,None,999,1,[1.7111159999999472],[1.711126400000012],9,13,157,8,926.5884305000001,,926.5731337999999,926.5884305000001,927.5882802,927.5882802,927.5882802,928.0582330000001,space,0.4624185000000125,None,928.0592071,928.7729067666668,929.0941641999999,929.0744229000001,929.0750793000001,929.0941641999999,929.0941641999999,929.0941641999999,930.8057809999999,999,1,[1.7111159999999472],[1.711126400000012],192227,001,2025-11-04_22h01.40.694,intentional binding,,2025.1.1,60.126831538440044,2025-11-04 22h01.53.632843 +0530,
0.7,400,unexp,158,14,9,space,0.3825468000000001,None,350,1,[4.542575299999953],[4.54258660000005],9,14,158,2,930.8217541,,930.8062628000001,930.8217541,931.8218398,931.8218398,931.8218398,932.2077565000001,space,0.3825468000000001,None,932.2088969,932.9234465666667,933.246098,933.2239317,933.224542,933.246098,933.246098,933.246098,937.7890854999999,350,1,[4.542575299999953],[4.54258660000005],192227,001,2025-11-04_22h01.40.694,intentional binding,,2025.1.1,60.126831538440044,2025-11-04 22h01.53.632843 +0530,
0.1,1000,exp,159,15,9,space,0.22322329999997237,None,999,1,[2.043798799999877],[2.0438087999998515],9,15,159,9,937.8062466,,937.789378,937.8062466,938.8050645,938.8050645,938.8219585,939.0386735999999,space,0.22322329999997237,None,939.0395441,939.1379084666668,939.4613945,939.4398695000001,939.4404532,939.4613945,939.4613945,939.4613945,941.5056378,999,1,[2.043798799999877],[2.0438087999998515],192227,001,2025-11-04_22h01.40.694,intentional binding,,2025.1.1,60.126831538440044,2025-11-04 22h01.53.632843 +0530,
0.7,1000,exp,160,0,10,space,0.76366639999992,None,999,1,[4.347446600000012],[4.347460899999987],10,0,160,8,941.5219811000001,,941.5059542,941.5219811000001,942.5042451,942.5042451,942.5386254000001,943.2717402,space,0.76366639999992,None,943.2724692,943.9728372666667,944.2910526,944.2728029000001,944.2732517999999,944.2910526,944.2910526,944.2910526,948.6389849000001,999,1,[4.347446600000012],[4.347460899999987],192227,001,2025-11-04_22h01.40.694,intentional binding,,2025.1.1,60.126831538440044,2025-11-04 22h01.53.632843 +0530,
0.1,1000,exp,161,1,10,space,0.5521461000000727,None,750,1,[7.1606217000000925],[7.160631700000067],10,1,161,6,948.6549132000001,,948.6393696000001,948.6549132000001,949.6406641,949.6406641,949.6572792999999,950.2069074,space,0.5521461000000727,None,950.2079182000001,950.3067756666666,950.6291353,950.6095773000001,950.6101438,950.6291353,950.6291353,950.6291353,957.7901608999999,750,1,[7.1606217000000925],[7.160631700000067],192227,001,2025-11-04_22h01.40.694,intentional binding,,2025.1.1,60.126831538440044,2025-11-04 22h01.53.632843 +0530,
0.7,1000,exp,162,2,10,space,0.0056927999999061285,None,750  ,1,[2.8304330000000846],[2.8304431999999906],10,2,162,14,957.8049597,,957.7904512000001,957.8049597,958.8052076,958.8052076,958.8052076,958.8226559999999,space,0.0056927999999061285,None,958.8233764,959.5217381666668,959.8435867,959.8249336,959.8256066,959.8435867,959.8435867,959.8435867,962.6743983,750  ,1,[2.8304330000000846],[2.8304431999999906],192227,001,2025-11-04_22h01.40.694,intentional binding,,2025.1.1,60.126831538440044,2025-11-04 22h01.53.632843 +0530,
0.1,1000,exp,163,3,10,space,1.5254904999999326,None,999,1,[1.864902099999881],[1.8649118999999246],10,3,163,12,962.6882933,,962.6746847999999,962.6882933,963.6883902999999,963.6883902999999,963.6883902999999,965.2241134,space,1.5254904999999326,None,965.2250918000001,965.3236468666668,965.6406551000001,965.6208548999999,965.6214297,965.6406551000001,965.6406551000001,965.6406551000001,967.5059408000001,999,1,[1.864902099999881],[1.8649118999999246],192227,001,2025-11-04_22h01.40.694,intentional binding,,2025.1.1,60.126831538440044,2025-11-04 22h01.53.632843 +0530,
0.4,1000,exp,164,4,10,space,0.2373798999999508,None,999,1,[1.2080115999999634],[1.208021400000007],10,4,164,10,967.5209169000001,,967.5062522,967.5209169000001,968.5055739999999,968.5055739999999,968.5232977,968.7572661,space,0.2373798999999508,None,968.7580911000001,969.1568892666668,969.4808608,969.4592590999999,969.4598884000001,969.4808608,969.4808608,969.4808608,970.6892706,999,1,[1.2080115999999634],[1.208021400000007],192227,001,2025-11-04_22h01.40.694,intentional binding,,2025.1.1,60.126831538440044,2025-11-04 22h01.53.632843 +0530,
0.1,1000,exp,165,5,10,space,0.6743357999998807,None,999,1,[1.4126097000000755],[1.4126233000001776],10,5,165,15,970.7046611,,970.6895813,970.7046611,971.6881697,971.6881697,971.7050802,972.3741567000001,space,0.6743357999998807,None,972.3752032000001,972.4737211666667,972.7937364999999,972.7744536000001,972.7751254000001,972.7937364999999,972.7937364999999,972.7937364999999,974.2068565000001,999,1,[1.4126097000000755],[1.4126233000001776],192227,001,2025-11-04_22h01.40.694,intentional binding,,2025.1.1,60.126831538440044,2025-11-04 22h01.53.632843 +0530,
0.7,1000,exp,166,6,10,space,0.2814688999999362,None,999,1,[1.6979332999999315],[1.6979436999999962],10,6,166,5,974.2218111999999,,974.2073443,974.2218111999999,975.2068137,975.2068137,975.2242150000001,975.4908865000001,space,0.2814688999999362,None,975.4919052000001,976.1900524666668,976.5079073999999,976.4900481999999,976.4905049,976.5079073999999,976.5079073999999,976.5079073999999,978.2062511,999,1,[1.6979332999999315],[1.6979436999999962],192227,001,2025-11-04_22h01.40.694,intentional binding,,2025.1.1,60.126831538440044,2025-11-04 22h01.53.632843 +0530,
0.4,1000,exp,167,7,10,space,0.5606434000001173,None,999,1,[1.7987631000000874],[1.7987734000000728],10,7,167,4,978.2222777999999,,978.2066441999999,978.2222777999999,979.2071093999999,979.2071093999999,979.2236756000001,979.7744369000001,space,0.5606434000001173,None,979.7753027,980.1900272666666,980.5066829000001,980.4853678999999,980.4860681000001,980.5066829000001,980.5066829000001,980.5066829000001,982.3058589000001,999,1,[1.7987631000000874],[1.7987734000000728],192227,001,2025-11-04_22h01.40.694,intentional binding,,2025.1.1,60.126831538440044,2025-11-04 22h01.53.632843 +0530,
0.7,400,unexp,168,8,10,space,0.2981976000000941,None,350,1,[2.1152305999999044],[2.115241499999911],10,8,168,2,982.3216406,,982.3062593000001,982.3216406,983.3049545,983.3049545,983.3222052,983.6053223,space,0.2981976000000941,None,983.6061642999999,984.3051234666667,984.6243149999999,984.6047985000001,984.6054203,984.6243149999999,984.6243149999999,984.6243149999999,986.7399721,350,1,[2.1152305999999044],[2.115241499999911],192227,001,2025-11-04_22h01.40.694,intentional binding,,2025.1.1,60.126831538440044,2025-11-04 22h01.53.632843 +0530,
0.7,1000,exp,169,9,10,space,0.39882749999992484,None,999,1,[1.9382359999999608],[1.9382461000000148],10,9,169,11,986.7545156,,986.7402804,986.7545156,987.7573934999999,987.7573934999999,987.7573934999999,988.1578221999999,space,0.39882749999992484,None,988.1586618,988.8713089666666,989.1841972000001,989.1667031999999,989.1672225000001,989.1841972000001,989.1841972000001,989.1841972000001,991.1227994,999,1,[1.9382359999999608],[1.9382461000000148],192227,001,2025-11-04_22h01.40.694,intentional binding,,2025.1.1,60.126831538440044,2025-11-04 22h01.53.632843 +0530,
0.1,1000,exp,170,10,10,space,0.12323850000007042,None,999,1,[1.3663530999999693],[1.366365500000029],10,10,170,9,991.1381627,,991.1230959999999,991.1381627,992.1385256,992.1385256,992.1385256,992.2726203999999,space,0.12323850000007042,None,992.2736501,992.3718282666667,992.6891776000001,992.6720839000001,992.6725457000001,992.6891776000001,992.6891776000001,992.6891776000001,994.0561058,999,1,[1.3663530999999693],[1.366365500000029],192227,001,2025-11-04_22h01.40.694,intentional binding,,2025.1.1,60.126831538440044,2025-11-04 22h01.53.632843 +0530,
0.1,400,unexp,171,11,10,space,0.6736587000000327,None,350,1,[3.1325136999998904],[3.132530299999871],10,11,171,0,994.0712563000001,,994.0565469,994.0712563000001,995.0714374,995.0714374,995.0714374,995.7555709,space,0.6736587000000327,None,995.7562965000001,995.8551468666666,996.1732386,996.1566289000001,996.1582659,996.1732386,996.1732386,996.1732386,999.3061695,350,1,[3.1325136999998904],[3.132530299999871],192227,001,2025-11-04_22h01.40.694,intentional binding,,2025.1.1,60.126831538440044,2025-11-04 22h01.53.632843 +0530,
0.4,1000,exp,172,12,10,space,0.12254550000011477,None,999,1,[2.1815879999999197],[2.1816016999998737],10,12,172,13,999.3223065999999,,999.3064628000001,999.3223065999999,1000.3070071000001,1000.3070071000001,1000.3231756000001,1000.4411623,space,0.12254550000011477,None,1000.4421996,1000.8569666666666,1001.1739463,1001.1522880000001,1001.1528599,1001.1739463,1001.1739463,1001.1739463,1003.3562005,999,1,[2.1815879999999197],[2.1816016999998737],192227,001,2025-11-04_22h01.40.694,intentional binding,,2025.1.1,60.126831538440044,2025-11-04 22h01.53.632843 +0530,
0.4,1000,exp,173,13,10,space,1.7570347999999285,None,999,1,[1.4492099999999937],[1.4492201999998997],10,13,173,7,1003.3718076000001,,1003.3565004000001,1003.3718076000001,1004.3552608000001,1004.3552608000001,1004.3718892999999,1006.1223906000001,space,1.7570347999999285,None,1006.1231176,1006.5221792666667,1006.8405523,1006.8232957000001,1006.8238835999999,1006.8405523,1006.8405523,1006.8405523,1008.2901518,999,1,[1.4492099999999937],[1.4492201999998997],192227,001,2025-11-04_22h01.40.694,intentional binding,,2025.1.1,60.126831538440044,2025-11-04 22h01.53.632843 +0530,
0.4,400,unexp,174,14,10,space,1.4692901000000802,None,999,1,[1.845713700000033],[1.8457279000001563],10,14,174,1,1008.3054587,,1008.2904426000001,1008.3054587,1009.3052857000001,1009.3052857000001,1009.3052857000001,1010.7897072,space,1.4692901000000802,None,1010.7908951999999,1011.2052351666667,1011.5278827999999,1011.5085927000001,1011.5090506,1011.5278827999999,1011.5278827999999,1011.5278827999999,1013.3740044,999,1,[1.845713700000033],[1.8457279000001563],192227,001,2025-11-04_22h01.40.694,intentional binding,,2025.1.1,60.126831538440044,2025-11-04 22h01.53.632843 +0530,
0.1,400,unexp,175,15,10,space,0.6839947999999367,None,350,1,[3.7295894000001226],[3.729599300000018],10,15,175,3,1013.3879642,,1013.3742945,1013.3879642,1014.3886355999999,1014.3886355999999,1014.3886355999999,1015.0894784999999,space,0.6839947999999367,None,1015.0906002,1015.2050638666666,1015.5264166999999,1015.5079781000001,1015.5084533,1015.5264166999999,1015.5264166999999,1015.5264166999999,1019.2563893,350,1,[3.7295894000001226],[3.729599300000018],192227,001,2025-11-04_22h01.40.694,intentional binding,,2025.1.1,60.126831538440044,2025-11-04 22h01.53.632843 +0530,
0.4,1000,exp,176,0,11,space,0.5266513000001396,None,999,1,[3.6287704000001213],[3.628781300000128],11,0,176,4,1019.272425,,1019.2568266,1019.272425,1020.2716644999999,1020.2716644999999,1020.2716644999999,1020.8080524000001,space,0.5266513000001396,None,1020.8090593000001,1021.2234724666667,1021.5440078,1021.5253638,1021.5259864000001,1021.5440078,1021.5440078,1021.5440078,1025.1731441000002,999,1,[3.6287704000001213],[3.628781300000128],192227,001,2025-11-04_22h01.40.694,intentional binding,,2025.1.1,60.126831538440044,2025-11-04 22h01.53.632843 +0530,
0.7,400,unexp,177,1,11,space,0.2637425999998868,None,350,1,[2.6332159999999476],[2.633230700000013],11,1,177,2,1025.1889391,,1025.1734365000002,1025.1889391,1026.1737585,1026.1737585,1026.1908213000002,1026.4415089,space,0.2637425999998868,None,1026.4424715999999,1027.1569788666668,1027.4727506,1027.4529321,1027.4536999000002,1027.4727506,1027.4727506,1027.4727506,1030.1065444,350,1,[2.6332159999999476],[2.633230700000013],192227,001,2025-11-04_22h01.40.694,intentional binding,,2025.1.1,60.126831538440044,2025-11-04 22h01.53.632843 +0530,
0.1,1000,exp,178,2,11,space,0.2524676000000454,None,750,1,[2.998570799999925],[2.9985811999999896],11,2,178,12,1030.1219509000002,,1030.1068455999998,1030.1219509000002,1031.1052908000001,1031.1052908000001,1031.1218219000002,1031.3740791,space,0.2524676000000454,None,1031.3750519999999,1031.4736517666668,1031.7911327000002,1031.7727091000002,1031.7732516,1031.7911327000002,1031.7911327000002,1031.7911327000002,1034.7901637999998,750,1,[2.998570799999925],[2.9985811999999896],192227,001,2025-11-04_22h01.40.694,intentional binding,,2025.1.1,60.126831538440044,2025-11-04 22h01.53.632843 +0530,
0.1,1000,exp,179,3,11,space,0.30219480000005206,None,750,1,[2.4292855999999574],[2.429300099999864],11,3,179,6,1034.8052973,,1034.7905077,1034.8052973,1035.8053587,1035.8053587,1035.8053587,1036.1226572,space,0.30219480000005206,None,1036.1234921,1036.2385932666668,1036.5600005000001,1036.5413527,1036.5418691999998,1036.5600005000001,1036.5600005000001,1036.5600005000001,1038.9898214999998,750,1,[2.4292855999999574],[2.429300099999864],192227,001,2025-11-04_22h01.40.694,intentional binding,,2025.1.1,60.126831538440044,2025-11-04 22h01.53.632843 +0530,
0.4,400,unexp,180,4,11,space,0.2997482000000673,None,350,1,[2.7142119000000093],[2.71422490000009],11,4,180,1,1039.0053886,,1038.9902144000002,1039.0053886,1039.9887355,1039.9887355,1040.0075464000001,1040.2914282000002,space,0.2997482000000673,None,1040.2926797999999,1040.7074118666667,1041.0256239,1041.0060449000002,1041.0068523999998,1041.0256239,1041.0256239,1041.0256239,1043.7403471000002,350,1,[2.7142119000000093],[2.71422490000009],192227,001,2025-11-04_22h01.40.694,intentional binding,,2025.1.1,60.126831538440044,2025-11-04 22h01.53.632843 +0530,
0.1,1000,exp,181,5,11,space,0.28135520000000724,None,999,1,[1.4979101999999784],[1.497921500000075],11,5,181,15,1043.7549402999998,,1043.7409066,1043.7549402999998,1044.7555840999999,1044.7555840999999,1044.7555840999999,1045.039119,space,0.28135520000000724,None,1045.0399723,1045.1386749666665,1045.4579081000002,1045.4379061999998,1045.4385416999999,1045.4579081000002,1045.4579081000002,1045.4579081000002,1046.9562174000002,999,1,[1.4979101999999784],[1.497921500000075],192227,001,2025-11-04_22h01.40.694,intentional binding,,2025.1.1,60.126831538440044,2025-11-04 22h01.53.632843 +0530,
0.1,1000,exp,182,6,11,space,0.43888319999996384,None,999,1,[5.049315100000058],[5.049327700000049],11,6,182,9,1046.9724222,,1046.9565106,1046.9724222,1047.9720501000002,1047.9720501000002,1047.9720501000002,1048.4231464999998,space,0.43888319999996384,None,1048.4240464999998,1048.5384130666669,1048.8568676999998,1048.8381657999998,1048.8386534,1048.8568676999998,1048.8568676999998,1048.8568676999998,1053.9065931,999,1,[5.049315100000058],[5.049327700000049],192227,001,2025-11-04_22h01.40.694,intentional binding,,2025.1.1,60.126831538440044,2025-11-04 22h01.53.632843 +0530,
0.7,1000,exp,183,7,11,space,1.0679458999998133,None,999,1,[1.2575299999998606],[1.2575423999999202],11,7,183,5,1053.922228,,1053.9069797000002,1053.922228,1054.9227105999998,1054.9227105999998,1054.9227105999998,1056.0061547999999,space,1.0679458999998133,None,1056.0070193000001,1056.7059251666667,1057.0148877000001,1056.9981589,1056.9986672999999,1057.0148877000001,1057.0148877000001,1057.0148877000001,1058.2727906999999,999,1,[1.2575299999998606],[1.2575423999999202],192227,001,2025-11-04_22h01.40.694,intentional binding,,2025.1.1,60.126831538440044,2025-11-04 22h01.53.632843 +0530,
0.1,400,unexp,184,8,11,space,0.698953500000016,None,350,1,[3.032474099999945],[3.032485799999904],11,8,184,3,1058.2892932999998,,1058.2730827999999,1058.2892932999998,1059.2720623999999,1059.2720623999999,1059.2889317,1059.9726129,space,0.698953500000016,None,1059.9733101000002,1060.0721324666667,1060.3917190000002,1060.3728808,1060.3733588999999,1060.3917190000002,1060.3917190000002,1060.3917190000002,1063.4245851,350,1,[3.032474099999945],[3.032485799999904],192227,001,2025-11-04_22h01.40.694,intentional binding,,2025.1.1,60.126831538440044,2025-11-04 22h01.53.632843 +0530,
0.7,1000,exp,185,9,11,space,0.23621699999989687,None,999,1,[4.358993999999939],[4.359007899999824],11,9,185,8,1063.4390709,,1063.424884,1063.4390709,1064.4232240000001,1064.4232240000001,1064.4409746000001,1064.6744045,space,0.23621699999989687,None,1064.6754310000001,1065.389655166667,1065.7135979999998,1065.6938054000002,1065.6946712,1065.7135979999998,1065.7135979999998,1065.7135979999998,1070.0730038000002,999,1,[4.358993999999939],[4.359007899999824],192227,001,2025-11-04_22h01.40.694,intentional binding,,2025.1.1,60.126831538440044,2025-11-04 22h01.53.632843 +0530,
0.4,1000,exp,186,10,11,space,0.5906216999999288,None,999,1,[1.681720999999925],[1.681731000000127],11,10,186,13,1070.0895397,,1070.073305,1070.0895397,1071.0722529999998,1071.0722529999998,1071.0894223,1071.6728815000001,space,0.5906216999999288,None,1071.6741108,1072.0721630666665,1072.3909985999999,1072.3707444000001,1072.3720122999998,1072.3909985999999,1072.3909985999999,1072.3909985999999,1074.0730990000002,999,1,[1.681720999999925],[1.681731000000127],192227,001,2025-11-04_22h01.40.694,intentional binding,,2025.1.1,60.126831538440044,2025-11-04 22h01.53.632843 +0530,
0.4,1000,exp,187,11,11,space,0.29213469999990593,None,999,1,[1.630023200000096],[1.6300341000001026],11,11,187,7,1074.0890009,,1074.0735688999998,1074.0890009,1075.0899745000002,1075.0899745000002,1075.0899745000002,1075.3899535,space,0.29213469999990593,None,1075.3910956999998,1075.8053568666667,1076.1261162,1076.1071115999998,1076.1075721000002,1076.1261162,1076.1261162,1076.1261162,1077.75661,999,1,[1.630023200000096],[1.6300341000001026],192227,001,2025-11-04_22h01.40.694,intentional binding,,2025.1.1,60.126831538440044,2025-11-04 22h01.53.632843 +0530,
0.1,400,unexp,188,12,11,space,0.2789848999998412,None,350,1,[3.831124599999839],[3.8311413999999786],11,12,188,0,1077.7721287,,1077.7569303,1077.7721287,1078.7717844,1078.7717844,1078.7717844,1079.0559625,space,0.2789848999998412,None,1079.0568656,1079.1720862666668,1079.4915167,1079.4712856,1079.4718057999999,1079.4915167,1079.4915167,1079.4915167,1083.3231237,350,1,[3.831124599999839],[3.8311413999999786],192227,001,2025-11-04_22h01.40.694,intentional binding,,2025.1.1,60.126831538440044,2025-11-04 22h01.53.632843 +0530,
0.7,1000,exp,189,13,11,space,0.9461566999998468,None,999,1,[1.181221300000061],[1.1812313000000358],11,13,189,14,1083.3388154,,1083.3235238000002,1083.3388154,1084.3223117000002,1084.3223117000002,1084.3391971,1085.2729364000002,space,0.9461566999998468,None,1085.2736605999999,1085.9886527666665,1086.3090305,1086.2881221000002,1086.2886727999999,1086.3090305,1086.3090305,1086.3090305,1087.4906262999998,999,1,[1.181221300000061],[1.1812313000000358],192227,001,2025-11-04_22h01.40.694,intentional binding,,2025.1.1,60.126831538440044,2025-11-04 22h01.53.632843 +0530,
0.4,1000,exp,190,14,11,space,0.42292079999992893,None,999,1,[2.3666180000000168],[2.366635700000188],11,14,190,10,1087.5052322000001,,1087.4909112,1087.5052322000001,1088.5050588,1088.5050588,1088.5050588,1088.9394468,space,0.42292079999992893,None,1088.9401812,1089.3387648666665,1089.6574174000002,1089.6403375999998,1089.6408799,1089.6574174000002,1089.6574174000002,1089.6574174000002,1092.0245298,999,1,[2.3666180000000168],[2.366635700000188],192227,001,2025-11-04_22h01.40.694,intentional binding,,2025.1.1,60.126831538440044,2025-11-04 22h01.53.632843 +0530,
0.7,1000,exp,191,15,11,space,0.3062698999999611,None,999,1,[2.0328314999999293],[2.0328412999999728],11,15,191,11,1092.0396185,,1092.0248366,1092.0396185,1093.0387307,1093.0387307,1093.0387307,1093.3563355000001,space,0.3062698999999611,None,1093.3570433,1094.0726999666665,1094.3905593,1094.3726399000002,1094.3730919,1094.3905593,1094.3905593,1094.3905593,1096.4237598,999,1,[2.0328314999999293],[2.0328412999999728],192227,001,2025-11-04_22h01.40.694,intentional binding,,2025.1.1,60.126831538440044,2025-11-04 22h01.53.632843 +0530,
0.7,1000,exp,192,0,12,space,1.364418900000146,None,999,1,[2.596486200000072],[2.5965029000001323],12,0,192,11,1096.4389535,,1096.4240623,1096.4389535,1097.4393920000002,1097.4393920000002,1097.4393920000002,1098.8062063000002,space,1.364418900000146,None,1098.8069144,1099.5052692666666,1099.8259282,1099.8085426000002,1099.8090585999998,1099.8259282,1099.8259282,1099.8259282,1102.4228109,999,1,[2.596486200000072],[2.5965029000001323],192227,001,2025-11-04_22h01.40.694,intentional binding,,2025.1.1,60.126831538440044,2025-11-04 22h01.53.632843 +0530,
0.1,400,unexp,193,1,12,space,1.0751858999999513,None,350,1,[4.21635920000017],[4.216372800000045],12,1,193,0,1102.4393630999998,,1102.4231832,1102.4393630999998,1103.4227878000002,1103.4227878000002,1103.4391965999998,1104.506359,space,1.0751858999999513,None,1104.5070909,1104.6055524666665,1104.9232266,1104.9056252999999,1104.9062872999998,1104.9232266,1104.9232266,1104.9232266,1109.1400463999998,350,1,[4.21635920000017],[4.216372800000045],192227,001,2025-11-04_22h01.40.694,intentional binding,,2025.1.1,60.126831538440044,2025-11-04 22h01.53.632843 +0530,
0.1,1000,exp,194,2,12,space,0.8247175000001334,None,999,1,[3.556283900000153],[3.5562936999999692],12,2,194,9,1109.1553,,1109.1405937999998,1109.1553,1110.1563402000002,1110.1563402000002,1110.1563402000002,1110.9891208,space,0.8247175000001334,None,1110.989951,1111.088755966667,1111.401363,1111.3835497,1111.3840094000002,1111.401363,1111.401363,1111.401363,1114.9580320999999,999,1,[3.556283900000153],[3.5562936999999692],192227,001,2025-11-04_22h01.40.694,intentional binding,,2025.1.1,60.126831538440044,2025-11-04 22h01.53.632843 +0530,
0.1,1000,exp,195,3,12,space,0.4620926000000054,None,999,1,[2.65534219999995],[2.6553519999999935],12,3,195,6,1114.9722270000002,,1114.9583151000002,1114.9722270000002,1115.9719997000002,1115.9719997000002,1115.9719997000002,1116.4393954000002,space,0.4620926000000054,None,1116.4401168,1116.5392731666668,1116.8515137,1116.8339105,1116.8343814,1116.8515137,1116.8515137,1116.8515137,1119.5072347999999,999,1,[2.65534219999995],[2.6553519999999935],192227,001,2025-11-04_22h01.40.694,intentional binding,,2025.1.1,60.126831538440044,2025-11-04 22h01.53.632843 +0530,
0.1,400,unexp,196,4,12,space,0.9161134000000857,None,350,1,[7.780595299999959],[7.78060870000013],12,4,196,3,1119.5221971,,1119.5075379,1119.5221971,1120.5229709,1120.5229709,1120.5229709,1121.4399890999998,space,0.9161134000000857,None,1121.4412926999998,1121.5554853666665,1121.8762117,1121.8555952000002,1121.8561863,1121.8762117,1121.8762117,1121.8762117,1129.6573042999999,350,1,[7.780595299999959],[7.78060870000013],192227,001,2025-11-04_22h01.40.694,intentional binding,,2025.1.1,60.126831538440044,2025-11-04 22h01.53.632843 +0530,
0.4,1000,exp,197,5,12,space,0.3576166000000285,None,999 ,1,[2.5372875000000477],[2.537299800000028],12,5,197,10,1129.6723585999998,,1129.6576974,1129.6723585999998,1130.6722310999999,1130.6722310999999,1130.6722310999999,1131.0402221,space,0.3576166000000285,None,1131.0412044999998,1131.4394424666668,1131.7523717,1131.7344167,1131.7348882000001,1131.7523717,1131.7523717,1131.7523717,1134.2900656000002,999 ,1,[2.5372875000000477],[2.537299800000028],192227,001,2025-11-04_22h01.40.694,intentional binding,,2025.1.1,60.126831538440044,2025-11-04 22h01.53.632843 +0530,
0.4,400,unexp,198,6,12,space,1.764127599999938,None,350,1,[4.588702499999954],[4.5887169999998605],12,6,198,1,1134.3064548000002,,1134.2903667,1134.3064548000002,1135.2889624999998,1135.2889624999998,1135.3062705000002,1137.0560283999998,space,1.764127599999938,None,1137.0572343,1137.4559139666665,1137.7681043000002,1137.7504653,1137.7509724000001,1137.7681043000002,1137.7681043000002,1137.7681043000002,1142.3573188,350,1,[4.588702499999954],[4.5887169999998605],192227,001,2025-11-04_22h01.40.694,intentional binding,,2025.1.1,60.126831538440044,2025-11-04 22h01.53.632843 +0530,
0.4,1000,exp,199,7,12,space,1.0825792999999067,None,999,1,[2.5634008000001813],[2.5634121000000505],12,7,199,4,1142.3727159999999,,1142.3580031000001,1142.3727159999999,1143.3727798999998,1143.3727798999998,1143.3727798999998,1144.45698,space,1.0825792999999067,None,1144.4579727999999,1144.8723268666665,1145.1937868,1145.1733328999999,1145.1738709,1145.1937868,1145.1937868,1145.1937868,1147.7575808000001,999,1,[2.5634008000001813],[2.5634121000000505],192227,001,2025-11-04_22h01.40.694,intentional binding,,2025.1.1,60.126831538440044,2025-11-04 22h01.53.632843 +0530,
0.4,1000,exp,200,8,12,space,0.5317132999998648,None,999,1,[10.081989900000053],[10.08200009999996],12,8,200,7,1147.772219,,1147.7578804999998,1147.772219,1148.772621,1148.772621,1148.772621,1149.3067144000001,space,0.5317132999998648,None,1149.3074618,1149.7081714666667,1150.0249688,1150.0049711000001,1150.0057176,1150.0249688,1150.0249688,1150.0249688,1160.1073597999998,999,1,[10.081989900000053],[10.08200009999996],192227,001,2025-11-04_22h01.40.694,intentional binding,,2025.1.1,60.126831538440044,2025-11-04 22h01.53.632843 +0530,
0.1,1000,exp,201,9,12,space,3.590658099999928,None,999,1,[2.1167574999999488],[2.1167714000000615],12,9,201,12,1160.1217029999998,,1160.1076818000001,1160.1217029999998,1161.1224504000002,1161.1224504000002,1161.1224504000002,1164.7229935999999,space,3.590658099999928,None,1164.7238515,1164.8247497666669,1165.1403672000001,1165.1199775999999,1165.1206858,1165.1403672000001,1165.1403672000001,1165.1403672000001,1167.2576236,999,1,[2.1167574999999488],[2.1167714000000615],192227,001,2025-11-04_22h01.40.694,intentional binding,,2025.1.1,60.126831538440044,2025-11-04 22h01.53.632843 +0530,
0.7,1000,exp,202,10,12,space,0.8160688000000391,None,999,1,[1.8102826000001642],[1.8102945000000545],12,10,202,5,1167.2729772000002,,1167.2579965999998,1167.2729772000002,1168.2725684000002,1168.2725684000002,1168.2725684000002,1169.0897877000002,space,0.8160688000000391,None,1169.0905080000002,1169.7910412666668,1170.1126622000002,1170.0933033000001,1170.0938228,1170.1126622000002,1170.1126622000002,1170.1126622000002,1171.9233315000001,999,1,[1.8102826000001642],[1.8102945000000545],192227,001,2025-11-04_22h01.40.694,intentional binding,,2025.1.1,60.126831538440044,2025-11-04 22h01.53.632843 +0530,
0.7,1000,exp,203,11,12,space,1.347991600000114,None,9999,1,[5.969366000000036],[5.969376800000191],12,11,203,14,1171.9391087,,1171.9236289,1171.9391087,1172.9226852000002,1172.9226852000002,1172.9394173,1174.2739726,space,1.347991600000114,None,1174.2748307000002,1174.9890419666665,1175.3039377,1175.2860105,1175.2865455,1175.3039377,1175.3039377,1175.3039377,1181.273729,9999,1,[5.969366000000036],[5.969376800000191],192227,001,2025-11-04_22h01.40.694,intentional binding,,2025.1.1,60.126831538440044,2025-11-04 22h01.53.632843 +0530,
0.4,1000,exp,204,12,12,space,2.9316509000000224,None,999,1,[2.637131099999806],[2.6371412999999393],12,12,204,13,1181.289655,,1181.2740248999999,1181.289655,1182.2889673,1182.2889673,1182.2889673,1185.2227993000001,space,2.9316509000000224,None,1185.2236566000001,1185.6229515666666,1185.9360373,1185.9194687,1185.9200246,1185.9360373,1185.9360373,1185.9360373,1188.5735734,999,1,[2.637131099999806],[2.6371412999999393],192227,001,2025-11-04_22h01.40.694,intentional binding,,2025.1.1,60.126831538440044,2025-11-04 22h01.53.632843 +0530,
0.7,1000,exp,205,13,12,space,0.5210916000000907,None,000,1,[4.534836599999835],[4.534850199999937],12,13,205,8,1188.5894945,,1188.5739293000001,1188.5894945,1189.5726254,1189.5726254,1189.5892846000002,1190.1064635000002,space,0.5210916000000907,None,1190.1072684,1190.8058009666668,1191.1228207,1191.1041268,1191.1048134000002,1191.1228207,1191.1228207,1191.1228207,1195.6582883,000,1,[4.534836599999835],[4.534850199999937],192227,001,2025-11-04_22h01.40.694,intentional binding,,2025.1.1,60.126831538440044,2025-11-04 22h01.53.632843 +0530,
0.1,1000,exp,206,14,12,space,0.45959490000018377,None,999,1,[8.563213599999926],[8.56322369999998],12,14,206,15,1195.6729188,,1195.6587298999998,1195.6729188,1196.6732782,1196.6732782,1196.6732782,1197.139772,space,0.45959490000018377,None,1197.1409634000001,1197.2393548666666,1197.5602732000002,1197.5412302,1197.5416814999999,1197.5602732000002,1197.5602732000002,1197.5602732000002,1206.1238899,999,1,[8.563213599999926],[8.56322369999998],192227,001,2025-11-04_22h01.40.694,intentional binding,,2025.1.1,60.126831538440044,2025-11-04 22h01.53.632843 +0530,
0.7,400,unexp,207,15,12,space,0.3839597999999569,None,350,1,[4.034371400000055],[4.034384900000077],12,15,207,2,1206.1389814,,1206.1242593000002,1206.1389814,1207.1398034,1207.1398034,1207.1398034,1207.5395223,space,0.3839597999999569,None,1207.5405071,1208.2389518666666,1208.5567643999998,1208.5383602000002,1208.5390069999999,1208.5567643999998,1208.5567643999998,1208.5567643999998,1212.5915473,350,1,[4.034371400000055],[4.034384900000077],192227,001,2025-11-04_22h01.40.694,intentional binding,,2025.1.1,60.126831538440044,2025-11-04 22h01.53.632843 +0530,
0.1,1000,exp,208,0,13,space,0.8980277999999089,None,999,1,[5.133250000000089],[5.133260199999995],13,0,208,12,1212.6055802,,1212.5918361,1212.6055802,1213.5917949,1213.5917949,1213.6081054,1214.4928255,space,0.8980277999999089,None,1214.4937485,1214.6079461666666,1214.9229369999998,1214.9031848,1214.9038369999998,1214.9229369999998,1214.9229369999998,1214.9229369999998,1220.0565704,999,1,[5.133250000000089],[5.133260199999995],192227,001,2025-11-04_22h01.40.694,intentional binding,,2025.1.1,60.126831538440044,2025-11-04 22h01.53.632843 +0530,
0.4,1000,exp,209,1,13,space,0.30435689999990245,None,999,1,[2.832977599999822],[2.832987699999876],13,1,209,4,1220.0728027999999,,1220.0568629,1220.0728027999999,1221.0561366000002,1221.0561366000002,1221.0725570999998,1221.3733410999998,space,0.30435689999990245,None,1221.37406,1221.7725457666668,1222.0906963000002,1222.0725584000002,1222.0730794,1222.0906963000002,1222.0906963000002,1222.0906963000002,1224.9240645,999,1,[2.832977599999822],[2.832987699999876],192227,001,2025-11-04_22h01.40.694,intentional binding,,2025.1.1,60.126831538440044,2025-11-04 22h01.53.632843 +0530,
0.1,400,unexp,210,2,13,space,0.6329402999999729,None,750,1,[3.5513281000000916],[3.5513413999999557],13,2,210,3,1224.9395207000002,,1224.9243496,1224.9395207000002,1225.9250926,1225.9250926,1225.94123,1226.5756357999999,space,0.6329402999999729,None,1226.5767145999998,1226.6751930666667,1226.9895296999998,1226.9696007000002,1226.9701774999999,1226.9895296999998,1226.9895296999998,1226.9895296999998,1230.5414016,750,1,[3.5513281000000916],[3.5513413999999557],192227,001,2025-11-04_22h01.40.694,intentional binding,,2025.1.1,60.126831538440044,2025-11-04 22h01.53.632843 +0530,
0.1,1000,exp,211,3,13,space,0.24838240000008227,None,999,1,[1.6426111000000674],[1.6426252000001114],13,3,211,6,1230.5560516,,1230.5419941999999,1230.5560516,1231.556306,1231.556306,1231.556306,1231.8066377999999,space,0.24838240000008227,None,1231.8076265,1231.9066312666666,1232.2311678,1232.209746,1232.2103816,1232.2311678,1232.2311678,1232.2311678,1233.8742668999998,999,1,[1.6426111000000674],[1.6426252000001114],192227,001,2025-11-04_22h01.40.694,intentional binding,,2025.1.1,60.126831538440044,2025-11-04 22h01.53.632843 +0530,
0.7,400,unexp,212,4,13,space,0.28713059999995494,None,750,1,[2.068653999999924],[2.068670099999963],13,4,212,2,1233.8901194,,1233.8746664,1233.8901194,1234.8893263999998,1234.8893263999998,1234.9059100999998,1235.1898909000001,space,0.28713059999995494,None,1235.1907735999998,1235.8895850666665,1236.2058613,1236.1888079,1236.1892576,1236.2058613,1236.2058613,1236.2058613,1238.2751355999999,750,1,[2.068653999999924],[2.068670099999963],192227,001,2025-11-04_22h01.40.694,intentional binding,,2025.1.1,60.126831538440044,2025-11-04 22h01.53.632843 +0530,
0.1,1000,exp,213,5,13,space,0.5980100000001585,None,999,1,[1.511884999999893],[1.5118975999998838],13,5,213,9,1238.2893752999998,,1238.2758232,1238.2893752999998,1239.2918722,1239.2918722,1239.2918722,1239.892088,space,0.5980100000001585,None,1239.8930771,1239.9917363666666,1240.3120927,1240.2909239,1240.2916397,1240.3120927,1240.3120927,1240.3120927,1241.8245536,999,1,[1.511884999999893],[1.5118975999998838],192227,001,2025-11-04_22h01.40.694,intentional binding,,2025.1.1,60.126831538440044,2025-11-04 22h01.53.632843 +0530,
0.7,1000,exp,214,6,13,space,0.19794340000021293,None,999,1,[1.5972839000000931],[1.5972971999999572],13,6,214,11,1241.8393519,,1241.8248708,1241.8393519,1242.8397470999998,1242.8397470999998,1242.8397470999998,1243.0400789999999,space,0.19794340000021293,None,1243.0411494999998,1243.7417570666669,1244.0596306000002,1244.0376792000002,1244.0383086000002,1244.0596306000002,1244.0596306000002,1244.0596306000002,1245.6573754,999,1,[1.5972839000000931],[1.5972971999999572],192227,001,2025-11-04_22h01.40.694,intentional binding,,2025.1.1,60.126831538440044,2025-11-04 22h01.53.632843 +0530,
0.4,1000,exp,215,7,13,space,0.18437819999962812,None,999,1,[1.4033583000000363],[1.4033685999997942],13,7,215,7,1245.6730942,,1245.6577552999997,1245.6730942,1246.6729872,1246.6729872,1246.6729872,1246.8732949999999,space,0.18437819999962812,None,1246.8743645,1247.2725164666665,1247.5862441999998,1247.5641581999998,1247.5648221000001,1247.5862441999998,1247.5862441999998,1247.5862441999998,1248.990003,999,1,[1.4033583000000363],[1.4033685999997942],192227,001,2025-11-04_22h01.40.694,intentional binding,,2025.1.1,60.126831538440044,2025-11-04 22h01.53.632843 +0530,
0.1,1000,exp,216,8,13,space,0.245292299999619,None,9999,1,[1.8483450000003359],[1.8483553000000938],13,8,216,15,1249.0063207999997,,1248.9903286999997,1249.0063207999997,1249.9920652,1249.9920652,1250.0076356,1250.2400253,space,0.245292299999619,None,1250.2409711999999,1250.3416269666666,1250.6593214,1250.6394762999998,1250.6400362999998,1250.6593214,1250.6593214,1250.6593214,1252.5080773,9999,1,[1.8483450000003359],[1.8483553000000938],192227,001,2025-11-04_22h01.40.694,intentional binding,,2025.1.1,60.126831538440044,2025-11-04 22h01.53.632843 +0530,
0.1,400,unexp,217,9,13,space,0.049726100000043516,None,350,1,[4.563758400000097],[4.563768900000014],13,9,217,0,1252.522289,,1252.5083802999998,1252.522289,1253.5082917,1253.5082917,1253.5249842999997,1253.5588659,space,0.049726100000043516,None,1253.5598731999999,1253.6579836666667,1253.9774843,1253.9575292999998,1253.9581608999997,1253.9774843,1253.9774843,1253.9774843,1258.5416789,350,1,[4.563758400000097],[4.563768900000014],192227,001,2025-11-04_22h01.40.694,intentional binding,,2025.1.1,60.126831538440044,2025-11-04 22h01.53.632843 +0530,
0.7,1000,exp,218,10,13,space,0.24245450000034907,None,999,1,[1.8370897999998306],[1.8371056999999382],13,10,218,8,1258.5562117,,1258.5420132,1258.5562117,1259.5416357,1259.5416357,1259.5581471,1259.7902562999998,space,0.24245450000034907,None,1259.7914535999998,1260.4897105666666,1260.8038517999998,1260.7865444,1260.7871030000001,1260.8038517999998,1260.8038517999998,1260.8038517999998,1262.6413864,999,1,[1.8370897999998306],[1.8371056999999382],192227,001,2025-11-04_22h01.40.694,intentional binding,,2025.1.1,60.126831538440044,2025-11-04 22h01.53.632843 +0530,
0.4,400,unexp,219,11,13,space,0.5992530999997143,None,350,1,[3.9642275000001064],[3.9642377000000124],13,11,219,1,1262.6560623999999,,1262.6416820999998,1262.6560623999999,1263.6567689999997,1263.6567689999997,1263.6567689999997,1264.2570565,space,0.5992530999997143,None,1264.257901,1264.6579735666667,1264.9764537,1264.956831,1264.9574650999998,1264.9764537,1264.9764537,1264.9764537,1268.941076,350,1,[3.9642275000001064],[3.9642377000000124],192227,001,2025-11-04_22h01.40.694,intentional binding,,2025.1.1,60.126831538440044,2025-11-04 22h01.53.632843 +0530,
0.7,1000,exp,220,12,13,space,0.37361280000004626,None,999,1,[2.6290036000000327],[2.62901359999978],13,12,220,5,1268.9565013000001,,1268.9413746999999,1268.9565013000001,1269.9561322999998,1269.9561322999998,1269.9561322999998,1270.3400020999998,space,0.37361280000004626,None,1270.3407293,1271.0417676666664,1271.3608304999998,1271.3391606999999,1271.3398004,1271.3608304999998,1271.3608304999998,1271.3608304999998,1273.9902226999998,999,1,[2.6290036000000327],[2.62901359999978],192227,001,2025-11-04_22h01.40.694,intentional binding,,2025.1.1,60.126831538440044,2025-11-04 22h01.53.632843 +0530,
0.4,1000,exp,221,13,13,space,0.6052279999998973,None,999,1,[2.248454800000218],[2.2484706000000187],13,13,221,13,1274.0061919999998,,1273.9905353999998,1274.0061919999998,1274.9897582999997,1274.9897582999997,1275.0067473,1275.6066144000001,space,0.6052279999998973,None,1275.6074006999997,1276.0082196666665,1276.3258646,1276.3046743,1276.3054441999998,1276.3258646,1276.3258646,1276.3258646,1278.5748365999998,999,1,[2.248454800000218],[2.2484706000000187],192227,001,2025-11-04_22h01.40.694,intentional binding,,2025.1.1,60.126831538440044,2025-11-04 22h01.53.632843 +0530,
0.7,1000,exp,222,14,13,space,0.08546100000012302,None,999,1,[2.632181599999967],[2.6321939999997994],13,14,222,14,1278.5891364999998,,1278.5755940999998,1278.5891364999998,1279.5900300999997,1279.5900300999997,1279.5900300999997,1279.6903408999997,space,0.08546100000012302,None,1279.6911178999999,1280.3918213666664,1280.7079629999998,1280.6898375,1280.6902658,1280.7079629999998,1280.7079629999998,1280.7079629999998,1283.3405543999997,999,1,[2.632181599999967],[2.6321939999997994],192227,001,2025-11-04_22h01.40.694,intentional binding,,2025.1.1,60.126831538440044,2025-11-04 22h01.53.632843 +0530,
0.4,1000,exp,223,15,13,space,0.4943833000002087,None,999,1,[5.116319999999632],[5.116339499999867],13,15,223,10,1283.3564748999997,,1283.3408802999998,1283.3564748999997,1284.3400437,1284.3400437,1284.3568092,1284.8400017999998,space,0.4943833000002087,None,1284.8407165999997,1285.2396556666665,1285.5570441,1285.5379322,1285.5384917000001,1285.5570441,1285.5570441,1285.5570441,1290.6738953999998,999,1,[5.116319999999632],[5.116339499999867],192227,001,2025-11-04_22h01.40.694,intentional binding,,2025.1.1,60.126831538440044,2025-11-04 22h01.53.632843 +0530,
0.7,1000,exp,224,0,14,space,0.6852039000000332,None,999,1,[1.4757032000002255],[1.475714600000174],14,0,224,11,1290.6892512999998,,1290.6742982,1290.6892512999998,1291.6897811999997,1291.6897811999997,1291.6897811999997,1292.3905872,space,0.6852039000000332,None,1292.3915521,1293.0928076666667,1293.4152599999998,1293.3954058,1293.3959909999999,1293.4152599999998,1293.4152599999998,1293.4152599999998,1294.8913583999997,999,1,[1.4757032000002255],[1.475714600000174],192227,001,2025-11-04_22h01.40.694,intentional binding,,2025.1.1,60.126831538440044,2025-11-04 22h01.53.632843 +0530,
0.4,400,unexp,225,1,14,space,0.31454570000005333,None,350,1,[3.1882979000001797],[3.1883084999999483],14,1,225,1,1294.9066724999998,,1294.8916540999999,1294.9066724999998,1295.9069285,1295.9069285,1295.9069285,1296.2237805999998,space,0.31454570000005333,None,1296.2244805999999,1296.6397522666664,1296.9524596,1296.9346962,1296.9352107,1296.9524596,1296.9524596,1296.9524596,1300.1411629999998,350,1,[3.1882979000001797],[3.1883084999999483],192227,001,2025-11-04_22h01.40.694,intentional binding,,2025.1.1,60.126831538440044,2025-11-04 22h01.53.632843 +0530,
0.7,1000,exp,226,2,14,space,0.5022155999999995,None,999,1,[3.1983577999999397],[3.198367899999994],14,2,226,14,1300.1563157,,1300.1414830999997,1300.1563157,1301.1414811,1301.1414811,1301.1586539,1301.66012,space,0.5022155999999995,None,1301.6609783,1302.3751525666664,1302.692751,1302.6728736,1302.6734584,1302.692751,1302.692751,1302.692751,1305.8915281,999,1,[3.1983577999999397],[3.198367899999994],192227,001,2025-11-04_22h01.40.694,intentional binding,,2025.1.1,60.126831538440044,2025-11-04 22h01.53.632843 +0530,
0.4,1000,exp,227,3,14,space,0.20137130000011894,None,999,1,[2.147989499999767],[2.148002699999779],14,3,227,4,1305.9064104,,1305.891839,1305.9064104,1306.9067366,1306.9067366,1306.9067366,1307.1235275999998,space,0.20137130000011894,None,1307.1242413,1307.5231854666665,1307.8425610999998,1307.8249141000001,1307.8259573999999,1307.8425610999998,1307.8425610999998,1307.8425610999998,1309.9910338999998,999,1,[2.147989499999767],[2.148002699999779],192227,001,2025-11-04_22h01.40.694,intentional binding,,2025.1.1,60.126831538440044,2025-11-04 22h01.53.632843 +0530,
0.4,1000,exp,228,4,14,space,0.16688799999974435,None,999,1,[2.198959500000001],[2.198973300000034],14,4,228,10,1310.0060977999997,,1309.9914227,1310.0060977999997,1311.0061311,1311.0061311,1311.0061311,1311.174251,space,0.16688799999974435,None,1311.1753436999998,1311.5897234666666,1311.9083293999997,1311.8911721999998,1311.8916252999998,1311.9083293999997,1311.9083293999997,1311.9083293999997,1314.1079452,999,1,[2.198959500000001],[2.198973300000034],192227,001,2025-11-04_22h01.40.694,intentional binding,,2025.1.1,60.126831538440044,2025-11-04 22h01.53.632843 +0530,
0.1,1000,exp,229,5,14,space,0.19767860000001747,None,999,1,[1.536926400000084],[1.5369360999998207],14,5,229,12,1314.1233406000001,,1314.1083155000001,1314.1233406000001,1315.1230885999998,1315.1230885999998,1315.1230885999998,1315.325813,space,0.19767860000001747,None,1315.3267504,1315.4250985666665,1315.7365044999997,1315.7161326,1315.7168229,1315.7365044999997,1315.7365044999997,1315.7365044999997,1317.2739041,999,1,[1.536926400000084],[1.5369360999998207],192227,001,2025-11-04_22h01.40.694,intentional binding,,2025.1.1,60.126831538440044,2025-11-04 22h01.53.632843 +0530,
0.7,400,unexp,230,6,14,space,0.31539629999997487,None,,1,[0.019583800000418705],[0.019595700000081706],14,6,230,2,1317.2894496,,1317.2742389999999,1317.2894496,1318.2729885999997,1318.2729885999997,1318.2896007,1318.5904293999997,space,0.31539629999997487,None,1318.5912696,1319.3067161666665,1319.6209301,1319.6029905,1319.6034566999997,1319.6209301,1319.6209301,1319.6209301,1319.6408986000001,,1,[0.019583800000418705],[0.019595700000081706],192227,001,2025-11-04_22h01.40.694,intentional binding,,2025.1.1,60.126831538440044,2025-11-04 22h01.53.632843 +0530,
0.4,1000,exp,231,7,14,space,1.6145930000002409,None,999,1,[6.4758600000000115],[6.475870499999928],14,7,231,7,1319.6570590000001,,1319.6411975,1319.6570590000001,1320.6401434999998,1320.6401434999998,1320.6582389,1322.2589279999997,space,1.6145930000002409,None,1322.2599761000001,1322.6583807666664,1322.9824979,1322.9619005,1322.9625498999999,1322.9824979,1322.9824979,1322.9824979,1329.4587745,999,1,[6.4758600000000115],[6.475870499999928],192227,001,2025-11-04_22h01.40.694,intentional binding,,2025.1.1,60.126831538440044,2025-11-04 22h01.53.632843 +0530,
0.1,400,unexp,232,8,14,space,0.8669476999998551,None,350,1,[3.611958699999832],[3.611971100000119],14,8,232,3,1329.4731136999999,,1329.4590681999998,1329.4731136999999,1330.45894,1330.45894,1330.4750088,1331.3425207999999,space,0.8669476999998551,None,1331.3438763999998,1331.4423275666666,1331.7630452999997,1331.7432871,1331.7439352000001,1331.7630452999997,1331.7630452999997,1331.7630452999997,1335.3754212999997,350,1,[3.611958699999832],[3.611971100000119],192227,001,2025-11-04_22h01.40.694,intentional binding,,2025.1.1,60.126831538440044,2025-11-04 22h01.53.632843 +0530,
0.1,1000,exp,233,9,14,space,0.6217069999997875,None,999,1,[2.043926400000146],[2.0439360000000306],14,9,233,15,1335.3899717,,1335.3758073,1335.3899717,1336.3897883,1336.3897883,1336.3897883,1337.0236559999998,space,0.6217069999997875,None,1337.0243993,1337.1230509666664,1337.4304705,1337.4124072999998,1337.4129359999997,1337.4304705,1337.4304705,1337.4304705,1339.4747631999999,999,1,[2.043926400000146],[2.0439360000000306],192227,001,2025-11-04_22h01.40.694,intentional binding,,2025.1.1,60.126831538440044,2025-11-04 22h01.53.632843 +0530,
0.1,400,unexp,234,10,14,space,0.4305500000000393,None,350,1,[5.587457900000118],[5.587467800000013],14,10,234,0,1339.4901854,,1339.4750789,1339.4901854,1340.4902100999998,1340.4902100999998,1340.4902100999998,1340.9234661,space,0.4305500000000393,None,1340.9241650999998,1341.0233676666664,1341.3371463999997,1341.3189278,1341.3193907999998,1341.3371463999997,1341.3371463999997,1341.3371463999997,1346.9249956999997,350,1,[5.587457900000118],[5.587467800000013],192227,001,2025-11-04_22h01.40.694,intentional binding,,2025.1.1,60.126831538440044,2025-11-04 22h01.53.632843 +0530,
0.1,1000,exp,235,11,14,space,0.4557204000002457,None,999,1,[1.8813631000002715],[1.881373100000019],14,11,235,9,1346.9399144999998,,1346.9253021,1346.9399144999998,1347.9396275,1347.9396275,1347.9396275,1348.4068535000001,space,0.4557204000002457,None,1348.4076037,1348.5060611666665,1348.8270257999998,1348.8086785,1348.8091301,1348.8270257999998,1348.8270257999998,1348.8270257999998,1350.7087834999998,999,1,[1.8813631000002715],[1.881373100000019],192227,001,2025-11-04_22h01.40.694,intentional binding,,2025.1.1,60.126831538440044,2025-11-04 22h01.53.632843 +0530,
0.1,1000,exp,236,12,14,space,2.520363499999803,None,999,1,[1.5385940000001028],[1.5386093000001893],14,12,236,6,1350.7235357,,1350.7091,1350.7235357,1351.7234856,1351.7234856,1351.7234856,1354.2592673,space,2.520363499999803,None,1354.2604637999998,1354.3590812666664,1354.6691038999998,1354.6503399999997,1354.6510282999998,1354.6691038999998,1354.6691038999998,1354.6691038999998,1356.2082164999997,999,1,[1.5385940000001028],[1.5386093000001893],192227,001,2025-11-04_22h01.40.694,intentional binding,,2025.1.1,60.126831538440044,2025-11-04 22h01.53.632843 +0530,
0.4,1000,exp,237,13,14,space,0.21808250000003682,None,999,1,[1.5477688999999373],[1.5477789999999914],14,13,237,13,1356.2231416999998,,1356.2086024,1356.2231416999998,1357.2232393999998,1357.2232393999998,1357.2232393999998,1357.4576183999998,space,0.21808250000003682,None,1357.4588122,1357.8570002666668,1358.1770459,1358.1565532,1358.1570155,1358.1770459,1358.1770459,1358.1770459,1359.7251809999998,999,1,[1.5477688999999373],[1.5477789999999914],192227,001,2025-11-04_22h01.40.694,intentional binding,,2025.1.1,60.126831538440044,2025-11-04 22h01.53.632843 +0530,
0.7,1000,exp,238,14,14,space,0.7362274000001889,None,999,1,[1.9301476000000548],[1.9301614000000882],14,14,238,8,1359.740222,,1359.7254734999997,1359.740222,1360.7400435999998,1360.7400435999998,1360.7400435999998,1361.4911103,space,0.7362274000001889,None,1361.4918355999998,1362.1916543666664,1362.5112089999998,1362.4930368999999,1362.4935006,1362.5112089999998,1362.5112089999998,1362.5112089999998,1364.4418468999997,999,1,[1.9301476000000548],[1.9301614000000882],192227,001,2025-11-04_22h01.40.694,intentional binding,,2025.1.1,60.126831538440044,2025-11-04 22h01.53.632843 +0530,
0.7,1000,exp,239,15,14,space,1.2802524999997331,None,999,1,[2.99803780000002],[2.9980483000003915],14,15,239,5,1364.4572276999997,,1364.4422734,1364.4572276999997,1365.4567748,1365.4567748,1365.4567748,1366.7405033,space,1.2802524999997331,None,1366.7412200999997,1367.4401370666667,1367.7599707999998,1367.7429155999998,1367.7433702999997,1367.7599707999998,1367.7599707999998,1367.7599707999998,1370.7584407,999,1,[2.99803780000002],[2.9980483000003915],192227,001,2025-11-04_22h01.40.694,intentional binding,,2025.1.1,60.126831538440044,2025-11-04 22h01.53.632843 +0530,
0.4,400,unexp,240,0,15,space,0.5139632000000347,None,350,1,[4.697452599999906],[4.697558899999876],15,0,240,1,1370.773161,,1370.7588759,1370.773161,1371.7738368999999,1371.7738368999999,1371.7738368999999,1372.2926801999997,space,0.5139632000000347,None,1372.2936383,1372.7083106666666,1373.0275217999997,1373.0085811,1373.0092915,1373.0275217999997,1373.0275217999997,1373.0275217999997,1377.7257267,350,1,[4.697452599999906],[4.697558899999876],192227,001,2025-11-04_22h01.40.694,intentional binding,,2025.1.1,60.126831538440044,2025-11-04 22h01.53.632843 +0530,
0.7,1000,exp,241,1,15,space,0.5819268000000193,None,999,1,[2.197067699999934],[2.197077799999988],15,1,241,14,1377.7395858,,1377.7260797999998,1377.7395858,1378.7401267999999,1378.7401267999999,1378.7401267999999,1379.3262559,space,0.5819268000000193,None,1379.3272726999999,1380.0416750666666,1380.3608813,1380.3387998999997,1380.3396143,1380.3608813,1380.3608813,1380.3608813,1382.5583517,999,1,[2.197067699999934],[2.197077799999988],192227,001,2025-11-04_22h01.40.694,intentional binding,,2025.1.1,60.126831538440044,2025-11-04 22h01.53.632843 +0530,
0.1,400,unexp,242,2,15,space,0.6266671000003043,None,,1,[2.016490099999828],[2.0165029999998296],15,2,242,0,1382.5732901000001,,1382.5586411,1382.5732901000001,1383.5596013,1383.5596013,1383.5751397999998,1384.1942430999998,space,0.6266671000003043,None,1384.1950948999997,1384.3084490666668,1384.6261817,1384.6063015,1384.6068679,1384.6261817,1384.6261817,1384.6261817,1386.6431696999998,,1,[2.016490099999828],[2.0165029999998296],192227,001,2025-11-04_22h01.40.694,intentional binding,,2025.1.1,60.126831538440044,2025-11-04 22h01.53.632843 +0530,
0.7,1000,exp,243,3,15,space,1.1111740000001191,None,999,1,[1.4709447000000182],[1.4709565999996812],15,3,243,5,1386.6565683999997,,1386.6437302999998,1386.6565683999997,1387.6567890000001,1387.6567890000001,1387.6567890000001,1388.7742328999998,space,1.1111740000001191,None,1388.7751838,1389.4735759666667,1389.7864443999997,1389.7681957999998,1389.768889,1389.7864443999997,1389.7864443999997,1389.7864443999997,1391.2579176,999,1,[1.4709447000000182],[1.4709565999996812],192227,001,2025-11-04_22h01.40.694,intentional binding,,2025.1.1,60.126831538440044,2025-11-04 22h01.53.632843 +0530,
0.4,1000,exp,244,4,15,space,0.2841920000000755,None,999,1,[1.9243921000002047],[1.9244055000003755],15,4,244,7,1391.2733792999998,,1391.2583052999998,1391.2733792999998,1392.2733844999998,1392.2733844999998,1392.2733844999998,1392.5603784,space,0.2841920000000755,None,1392.5612524999997,1392.9732739666667,1393.2843724999998,1393.2643932,1393.2649636,1393.2843724999998,1393.2843724999998,1393.2843724999998,1395.2096508999998,999,1,[1.9243921000002047],[1.9244055000003755],192227,001,2025-11-04_22h01.40.694,intentional binding,,2025.1.1,60.126831538440044,2025-11-04 22h01.53.632843 +0530,
0.1,1000,exp,245,5,15,space,0.3775050999997802,None,999,1,[1.6538741000003938],[1.6538909000000785],15,5,245,6,1395.2234770999999,,1395.2100937,1395.2234770999999,1396.2236334999998,1396.2236334999998,1396.2236334999998,1396.6075117999999,space,0.3775050999997802,None,1396.6082477999998,1396.7066718666667,1397.0216462999997,1397.0037877,1397.0042321,1397.0216462999997,1397.0216462999997,1397.0216462999997,1398.6763903,999,1,[1.6538741000003938],[1.6538909000000785],192227,001,2025-11-04_22h01.40.694,intentional binding,,2025.1.1,60.126831538440044,2025-11-04 22h01.53.632843 +0530,
0.7,1000,exp,246,6,15,space,0.9886062000000493,None,999,1,[1.691091900000174],[1.6911027999999533],15,6,246,8,1398.6900855,,1398.6767424,1398.6900855,1399.691038,1399.691038,1399.691038,1400.6909284999997,space,0.9886062000000493,None,1400.6920325,1401.3922601666666,1401.7169335999997,1401.6968198999998,1401.6974513999999,1401.7169335999997,1401.7169335999997,1401.7169335999997,1403.4084300999998,999,1,[1.691091900000174],[1.6911027999999533],192227,001,2025-11-04_22h01.40.694,intentional binding,,2025.1.1,60.126831538440044,2025-11-04 22h01.53.632843 +0530,
0.1,400,unexp,247,7,15,space,0.36457979999977397,None,                         350,1,[3.165713400000186],[3.165723600000092],15,7,247,3,1403.4240697,,1403.4088265,1403.4240697,1404.4239500999997,1404.4239500999997,1404.4239500999997,1404.7909033,space,0.36457979999977397,None,1404.7917459999999,1404.8903280666666,1405.2085478999998,1405.1903880999998,1405.1909603,1405.2085478999998,1405.2085478999998,1405.2085478999998,1408.3747061999998,                         350,1,[3.165713400000186],[3.165723600000092],192227,001,2025-11-04_22h01.40.694,intentional binding,,2025.1.1,60.126831538440044,2025-11-04 22h01.53.632843 +0530,
0.1,1000,exp,248,8,15,space,0.5082916000001205,None,999,1,[2.7852935999999318],[2.7853069000002506],15,8,248,15,1408.3908361999997,,1408.3750961,1408.3908361999997,1409.3905651,1409.3905651,1409.3905651,1409.9071568999998,space,0.5082916000001205,None,1409.9078976,1410.0065850666667,1410.3231271999998,1410.3046544999997,1410.3051302999997,1410.3231271999998,1410.3231271999998,1410.3231271999998,1413.1088461,999,1,[2.7852935999999318],[2.7853069000002506],192227,001,2025-11-04_22h01.40.694,intentional binding,,2025.1.1,60.126831538440044,2025-11-04 22h01.53.632843 +0530,
0.1,1000,exp,249,9,15,space,1.260989100000188,None,999,1,[1.8889696999999614],[1.8889798999998675],15,9,249,12,1413.1232826,,1413.1091342,1413.1232826,1414.1090595,1414.1090595,1414.1252316,1415.3765215999997,space,1.260989100000188,None,1415.3778419,1415.4921444666663,1415.8184284,1415.7969066,1415.7975846,1415.8184284,1415.8184284,1415.8184284,1417.7078253,999,1,[1.8889696999999614],[1.8889798999998675],192227,001,2025-11-04_22h01.40.694,intentional binding,,2025.1.1,60.126831538440044,2025-11-04 22h01.53.632843 +0530,
0.4,1000,exp,250,10,15,space,1.0936085000003004,None,999,1,[1.6466733000002023],[1.6466832999999497],15,10,250,4,1417.7236819,,1417.7081193,1417.7236819,1418.7072509,1418.7072509,1418.723505,1419.8094570999997,space,1.0936085000003004,None,1419.8102670999997,1420.2253158666665,1420.544434,1420.5234108,1420.5239994999997,1420.544434,1420.544434,1420.544434,1422.1915319,999,1,[1.6466733000002023],[1.6466832999999497],192227,001,2025-11-04_22h01.40.694,intentional binding,,2025.1.1,60.126831538440044,2025-11-04 22h01.53.632843 +0530,
0.4,1000,exp,251,11,15,space,0.720314099999996,None,999,1,[1.9371862000002693],[1.9371965000000273],15,11,251,10,1422.2070678,,1422.1919067999997,1422.2070678,1423.2071210999998,1423.2071210999998,1423.2071210999998,1423.9406565999998,space,0.720314099999996,None,1423.9414886999998,1424.3404680666665,1424.6552757,1424.6367319,1424.6374664999998,1424.6552757,1424.6552757,1424.6552757,1426.5928632999999,999,1,[1.9371862000002693],[1.9371965000000273],192227,001,2025-11-04_22h01.40.694,intentional binding,,2025.1.1,60.126831538440044,2025-11-04 22h01.53.632843 +0530,
0.1,1000,exp,252,12,15,space,0.4972321999998712,None,999,1,[4.689432600000146],[4.6894427000002],15,12,252,9,1426.6069377,,1426.5931875,1426.6069377,1427.592522,1427.592522,1427.6086685,1428.0932349999998,space,0.4972321999998712,None,1428.0945336999998,1428.2085616666666,1428.5353089,1428.5088929999997,1428.5096187999998,1428.5353089,1428.5353089,1428.5353089,1433.2251527999997,999,1,[4.689432600000146],[4.6894427000002],192227,001,2025-11-04_22h01.40.694,intentional binding,,2025.1.1,60.126831538440044,2025-11-04 22h01.53.632843 +0530,
0.7,400,unexp,253,13,15,space,0.7221620000000257,None,350,1,[4.38807160000033],[4.388085500000216],15,13,253,2,1433.2397115999997,,1433.2254545,1433.2397115999997,1434.2407042999998,1434.2407042999998,1434.2407042999998,1434.9763801999998,space,0.7221620000000257,None,1434.9772322,1435.6902122666668,1436.0042223,1435.9883258,1435.9890790999998,1436.0042223,1436.0042223,1436.0042223,1440.392778,350,1,[4.38807160000033],[4.388085500000216],192227,001,2025-11-04_22h01.40.694,intentional binding,,2025.1.1,60.126831538440044,2025-11-04 22h01.53.632843 +0530,
0.7,1000,exp,254,14,15,space,1.12565960000029,None,750,1,[4.297464499999933],[4.297477300000082],15,14,254,11,1440.4071131,,1440.3931432999998,1440.4071131,1441.4071865,1441.4071865,1441.4071865,1442.5407009,space,1.12565960000029,None,1442.541412,1443.2403494666667,1443.5605296999997,1443.5411433,1443.5415992999997,1443.5605296999997,1443.5605296999997,1443.5605296999997,1447.8585045999998,750,1,[4.297464499999933],[4.297477300000082],192227,001,2025-11-04_22h01.40.694,intentional binding,,2025.1.1,60.126831538440044,2025-11-04 22h01.53.632843 +0530,
0.4,1000,exp,255,15,15,space,0.7421296000002258,None,999,1,[2.378101300000253],[2.378111600000011],15,15,255,13,1447.8738467999997,,1447.8588661,1447.8738467999997,1448.8737529999999,1448.8737529999999,1448.8737529999999,1449.6242199999997,space,0.7421296000002258,None,1449.6250003,1450.0241836666667,1450.3464737999998,1450.3262449999997,1450.3268073999998,1450.3464737999998,1450.3464737999998,1450.3464737999998,1452.7249689,999,1,[2.378101300000253],[2.378111600000011],192227,001,2025-11-04_22h01.40.694,intentional binding,,2025.1.1,60.126831538440044,2025-11-04 22h01.53.632843 +0530,
0.4,1000,exp,256,0,16,space,1.330738300000121,None,999,1,[8.498235800000202],[8.49824609999996],16,0,256,13,1452.7400296,,1452.7252660999998,1452.7400296,1453.7400801999997,1453.7400801999997,1453.7400801999997,1455.0742204999997,space,1.330738300000121,None,1455.0749486,1455.4737126666666,1455.7933297999998,1455.7766859999997,1455.7771654999997,1455.7933297999998,1455.7933297999998,1455.7933297999998,1464.2919493999998,999,1,[8.498235800000202],[8.49824609999996],192227,001,2025-11-04_22h01.40.694,intentional binding,,2025.1.1,60.126831538440044,2025-11-04 22h01.53.632843 +0530,
0.7,1000,exp,257,1,16,space,0.36895129999993515,None,999,1,[1.3839813999998114],[1.3839916000001722],16,1,257,5,1464.3076726,,1464.2922393999997,1464.3076726,1465.3075853999999,1465.3075853999999,1465.3075853999999,1465.6910651999997,space,0.36895129999993515,None,1465.6920891999998,1466.3920477666663,1466.7071582999997,1466.687125,1466.6877703,1466.7071582999997,1466.7071582999997,1466.7071582999997,1468.0916438999998,999,1,[1.3839813999998114],[1.3839916000001722],192227,001,2025-11-04_22h01.40.694,intentional binding,,2025.1.1,60.126831538440044,2025-11-04 22h01.53.632843 +0530,
0.1,1000,exp,258,2,16,space,0.4774960999998257,None,999,1,[1.0871859999997469],[1.08719740000015],16,2,258,12,1468.1069039,,1468.0921537,1468.1069039,1469.1072525999998,1469.1072525999998,1469.1072525999998,1469.5904193000001,space,0.4774960999998257,None,1469.5912991999999,1469.6902839666666,1470.0043397999998,1469.9869175,1469.9873718999997,1470.0043397999998,1470.0043397999998,1470.0043397999998,1471.0919149000001,999,1,[1.0871859999997469],[1.08719740000015],192227,001,2025-11-04_22h01.40.694,intentional binding,,2025.1.1,60.126831538440044,2025-11-04 22h01.53.632843 +0530,
0.7,400,unexp,259,3,16,space,0.27672560000019075,None,350,1,[3.51703069999985],[3.5170407000000523],16,3,259,2,1471.1073526999999,,1471.0923650999998,1471.1073526999999,1472.1068802,1472.1068802,1472.1068802,1472.3909494,space,0.27672560000019075,None,1472.3916774,1473.0924591666665,1473.4080758,1473.3878891999998,1473.3885305,1473.4080758,1473.4080758,1473.4080758,1476.925623,350,1,[3.51703069999985],[3.5170407000000523],192227,001,2025-11-04_22h01.40.694,intentional binding,,2025.1.1,60.126831538440044,2025-11-04 22h01.53.632843 +0530,
0.4,400,unexp,260,4,16,space,1.0398526999997557,None,550,1,[2.448075400000107],[2.4480861000001823],16,4,260,1,1476.9409436,,1476.9259655,1476.9409436,1477.9424964,1477.9424964,1477.9424964,1478.9915166,space,1.0398526999997557,None,1478.9922222,1479.3906090666667,1479.7098861,1479.6921198,1479.6926371999998,1479.7098861,1479.7098861,1479.7098861,1482.158406,550,1,[2.448075400000107],[2.4480861000001823],192227,001,2025-11-04_22h01.40.694,intentional binding,,2025.1.1,60.126831538440044,2025-11-04 22h01.53.632843 +0530,
0.7,1000,exp,261,5,16,space,0.18573270000024422,None,999,1,[3.838543899999877],[3.8385542999999416],16,5,261,8,1482.1743507,,1482.1587998,1482.1743507,1483.1573104999998,1483.1573104999998,1483.1742565999998,1483.3579249,space,0.18573270000024422,None,1483.3588429000001,1484.0571936666668,1484.3690687999997,1484.3509568999998,1484.3515137999998,1484.3690687999997,1484.3690687999997,1484.3690687999997,1488.2080117,999,1,[3.838543899999877],[3.8385542999999416],192227,001,2025-11-04_22h01.40.694,intentional binding,,2025.1.1,60.126831538440044,2025-11-04 22h01.53.632843 +0530,
0.1,1000,exp,262,6,16,space,0.5078012999997554,None,999,1,[3.5370480000001407],[3.537058000000343],16,6,262,15,1488.224385,,1488.2083948999998,1488.224385,1489.2244090999998,1489.2244090999998,1489.2244090999998,1489.7407598999998,space,0.5078012999997554,None,1489.7415873,1489.8401093666664,1490.1541681999997,1490.1361819999997,1490.1366376,1490.1541681999997,1490.1541681999997,1490.1541681999997,1493.6915918999998,999,1,[3.5370480000001407],[3.537058000000343],192227,001,2025-11-04_22h01.40.694,intentional binding,,2025.1.1,60.126831538440044,2025-11-04 22h01.53.632843 +0530,
0.7,1000,exp,263,7,16,space,0.48152140000001964,None,999,1,[4.607713899999908],[4.607724199999666],16,7,263,14,1493.7070739,,1493.6918858,1493.7070739,1494.7075863,1494.7075863,1494.7075863,1495.1908011,space,0.48152140000001964,None,1495.1915458999997,1495.8905800666664,1496.2175444,1496.1960068999997,1496.1966392999998,1496.2175444,1496.2175444,1496.2175444,1500.8256265999999,999,1,[4.607713899999908],[4.607724199999666],192227,001,2025-11-04_22h01.40.694,intentional binding,,2025.1.1,60.126831538440044,2025-11-04 22h01.53.632843 +0530,
0.1,1000,exp,264,8,16,space,0.6227521000000706,None,999,1,[2.5765754999997625],[2.5765856999996686],16,8,264,6,1500.8404959999998,,1500.8259198,1500.8404959999998,1501.8259696,1501.8259696,1501.8426012,1502.4597770999999,space,0.6227521000000706,None,1502.4606267999998,1502.5589863666667,1502.8812118,1502.8615194,1502.8620889,1502.8812118,1502.8812118,1502.8812118,1505.4581855000001,999,1,[2.5765754999997625],[2.5765856999996686],192227,001,2025-11-04_22h01.40.694,intentional binding,,2025.1.1,60.126831538440044,2025-11-04 22h01.53.632843 +0530,
0.1,400,unexp,265,9,16,space,0.5951387999998587,None,350,1,[4.910475299999689],[4.910485499999595],16,9,265,0,1505.4745597,,1505.4584875,1505.4745597,1506.4588546,1506.4588546,1506.4759224999998,1507.0577525999997,space,0.5951387999998587,None,1507.0585249,1507.1571407666668,1507.4808278,1507.4602678,1507.4607197999999,1507.4808278,1507.4808278,1507.4808278,1512.3916977999997,350,1,[4.910475299999689],[4.910485499999595],192227,001,2025-11-04_22h01.40.694,intentional binding,,2025.1.1,60.126831538440044,2025-11-04 22h01.53.632843 +0530,
0.4,1000,exp,266,10,16,space,0.3048158000001422,None,999,1,[3.0507454999997208],[3.05075719999968],16,10,266,4,1512.4073748,,1512.3920186999999,1512.4073748,1513.3906954999998,1513.3906954999998,1513.4083654,1513.7099321,space,0.3048158000001422,None,1513.7109360999998,1514.1093710666667,1514.4247087999997,1514.4042746999999,1514.4048604999998,1514.4247087999997,1514.4247087999997,1514.4247087999997,1517.475861,999,1,[3.0507454999997208],[3.05075719999968],192227,001,2025-11-04_22h01.40.694,intentional binding,,2025.1.1,60.126831538440044,2025-11-04 22h01.53.632843 +0530,
0.4,1000,exp,267,11,16,space,0.8815254000001005,None,999,1,[1.8891035999999986],[1.8891169999997146],16,11,267,10,1517.4908944999997,,1517.4761567,1517.4908944999997,1518.4904984,1518.4904984,1518.4904984,1519.3744889,space,0.8815254000001005,None,1519.3752294,1519.7736463666668,1520.0857783000001,1520.0681218999998,1520.0686234,1520.0857783000001,1520.0857783000001,1520.0857783000001,1521.9753336999997,999,1,[1.8891035999999986],[1.8891169999997146],192227,001,2025-11-04_22h01.40.694,intentional binding,,2025.1.1,60.126831538440044,2025-11-04 22h01.53.632843 +0530,
0.4,1000,exp,268,12,16,space,0.059251900000163005,None,999,1,[1.718896500000028],[1.7189063000000715],16,12,268,7,1521.9905057,,1521.9759602,1521.9905057,1522.9902637999999,1522.9902637999999,1522.9902637999999,1523.058173,space,0.059251900000163005,None,1523.058884,1523.4734873666664,1523.7898884,1523.772453,1523.7729135999998,1523.7898884,1523.7898884,1523.7898884,1525.5092301,999,1,[1.718896500000028],[1.7189063000000715],192227,001,2025-11-04_22h01.40.694,intentional binding,,2025.1.1,60.126831538440044,2025-11-04 22h01.53.632843 +0530,
0.1,400,unexp,269,13,16,space,0.35664290000022447,None, 350,1,[7.150792100000217],[7.150802199999816],16,13,269,3,1525.5244675,,1525.5095349999997,1525.5244675,1526.5238568999998,1526.5238568999998,1526.5238568999998,1526.8914575,space,0.35664290000022447,None,1526.8923378999998,1526.9906817666667,1527.3078802,1527.2886045999999,1527.2890665999998,1527.3078802,1527.3078802,1527.3078802,1534.4590433999997, 350,1,[7.150792100000217],[7.150802199999816],192227,001,2025-11-04_22h01.40.694,intentional binding,,2025.1.1,60.126831538440044,2025-11-04 22h01.53.632843 +0530,
0.1,1000,exp,270,14,16,space,0.37241180000000895,None,999,1,[2.3345070999998825],[2.334520999999768],16,14,270,9,1534.4742378,,1534.4593448,1534.4742378,1535.4738345,1535.4738345,1535.4738345,1535.8576678,space,0.37241180000000895,None,1535.8583936,1535.9571710666667,1536.2737750000001,1536.2559725,1536.2565171,1536.2737750000001,1536.2737750000001,1536.2737750000001,1538.6087708999999,999,1,[2.3345070999998825],[2.334520999999768],192227,001,2025-11-04_22h01.40.694,intentional binding,,2025.1.1,60.126831538440044,2025-11-04 22h01.53.632843 +0530,
0.7,1000,exp,271,15,16,space,2.4304691000002094,None,999,1,[3.66919340000004],[3.6692063000000417],16,15,271,11,1538.6242082999997,,1538.6091072999998,1538.6242082999997,1539.6244342,1539.6244342,1539.6244342,1542.0578280999998,space,2.4304691000002094,None,1542.0586653999999,1542.7574932666664,1543.0720815999998,1543.0534402999997,1543.0541552,1543.0720815999998,1543.0720815999998,1543.0720815999998,1546.7419774999998,999,1,[3.66919340000004],[3.6692063000000417],192227,001,2025-11-04_22h01.40.694,intentional binding,,2025.1.1,60.126831538440044,2025-11-04 22h01.53.632843 +0530,
0.1,400,unexp,272,0,17,space,0.35476509999989503,None,350,1,[2.9296635999999125],[2.92967439999984],17,0,272,0,1546.7576080999997,,1546.742374,1546.7576080999997,1547.7584079999997,1547.7584079999997,1547.7584079999997,1548.1243326,space,0.35476509999989503,None,1548.1253358999998,1548.2239306666668,1548.5449109,1548.5268350000001,1548.5273054999998,1548.5449109,1548.5449109,1548.5449109,1551.4749465,350,1,[2.9296635999999125],[2.92967439999984],192227,001,2025-11-04_22h01.40.694,intentional binding,,2025.1.1,60.126831538440044,2025-11-04 22h01.53.632843 +0530,
0.7,1000,exp,273,1,17,space,0.2986338999999134,None,999,1,[3.428246399999807],[3.4282564000000093],17,1,273,8,1551.490835,,1551.4753068999999,1551.490835,1552.4743668,1552.4743668,1552.4916178999997,1552.7764551,space,0.2986338999999134,None,1552.7772489999998,1553.4758622666666,1553.7965113,1553.7759738,1553.7765452999997,1553.7965113,1553.7965113,1553.7965113,1557.2251597999998,999,1,[3.428246399999807],[3.4282564000000093],192227,001,2025-11-04_22h01.40.694,intentional binding,,2025.1.1,60.126831538440044,2025-11-04 22h01.53.632843 +0530,
0.1,1000,exp,274,2,17,space,5.630764100000306,None,999 ,1,[3.0600970999998935],[3.060113300000012],17,2,274,15,1557.2413885,,1557.2255322,1557.2413885,1558.2243927,1558.2243927,1558.2413800999998,1563.8601349,space,5.630764100000306,None,1563.8612263999999,1563.9596982666665,1564.2816088,1564.2605036,1564.2610832,1564.2816088,1564.2816088,1564.2816088,1567.3421969,999 ,1,[3.0600970999998935],[3.060113300000012],192227,001,2025-11-04_22h01.40.694,intentional binding,,2025.1.1,60.126831538440044,2025-11-04 22h01.53.632843 +0530,
0.4,400,unexp,275,3,17,space,0.30639389999987543,None,350,1,[2.4997127999999975],[2.4997229000000516],17,3,275,1,1567.3572691,,1567.3425818,1567.3572691,1568.3576091999998,1568.3576091999998,1568.3576091999998,1568.6776234999998,space,0.30639389999987543,None,1568.6784706999997,1569.0927468666666,1569.4093874,1569.3887799999998,1569.3894731,1569.4093874,1569.4093874,1569.4093874,1571.9095277000001,350,1,[2.4997127999999975],[2.4997229000000516],192227,001,2025-11-04_22h01.40.694,intentional binding,,2025.1.1,60.126831538440044,2025-11-04 22h01.53.632843 +0530,
0.1,1000,exp,276,4,17,space,0.819563399999879,None,999,1,[1.1147883999997248],[1.1147989999999481],17,4,276,6,1571.9243722,,1571.9098160999997,1571.9243722,1572.9240568999999,1572.9240568999999,1572.9240568999999,1573.7601126999998,space,0.819563399999879,None,1573.7613154,1573.8745654666666,1574.1932256,1574.1729725999999,1574.1735601999999,1574.1932256,1574.1932256,1574.1932256,1575.3084636999997,999,1,[1.1147883999997248],[1.1147989999999481],192227,001,2025-11-04_22h01.40.694,intentional binding,,2025.1.1,60.126831538440044,2025-11-04 22h01.53.632843 +0530,
0.1,400,unexp,277,5,17,space,0.4137722999998914,None,700,1,[3.132644100000107],[3.1326539000001503],17,5,277,3,1575.3240201999997,,1575.3088306999998,1575.3240201999997,1576.3100132999998,1576.3100132999998,1576.3265825999997,1576.7268046,space,0.4137722999998914,None,1576.7278624,1576.8260481666664,1577.142057,1577.1215747,1577.1222942,1577.142057,1577.142057,1577.142057,1580.2751190999998,700,1,[3.132644100000107],[3.1326539000001503],192227,001,2025-11-04_22h01.40.694,intentional binding,,2025.1.1,60.126831538440044,2025-11-04 22h01.53.632843 +0530,
0.1,1000,exp,278,6,17,space,0.3203116999998201,None,999,1,[1.3656919999998536],[1.365704199999982],17,6,278,12,1580.2908413999999,,1580.2755168999997,1580.2908413999999,1581.2908118999999,1581.2908118999999,1581.2908118999999,1581.6250944999997,space,0.3203116999998201,None,1581.6260929,1581.7406312666665,1582.0595595999998,1582.0395767,1582.0405489999998,1582.0595595999998,1582.0595595999998,1582.0595595999998,1583.4256935999997,999,1,[1.3656919999998536],[1.365704199999982],192227,001,2025-11-04_22h01.40.694,intentional binding,,2025.1.1,60.126831538440044,2025-11-04 22h01.53.632843 +0530,
0.1,1000,exp,279,7,17,space,0.5130705000001399,None,999,1,[1.4314433999998073],[1.4314564999999675],17,7,279,9,1583.4411249999998,,1583.4260479999998,1583.4411249999998,1584.4408881999998,1584.4408881999998,1584.4408881999998,1584.958223,space,0.5130705000001399,None,1584.9589501,1585.0575011666667,1585.3772199,1585.3589797,1585.3594435999998,1585.3772199,1585.3772199,1585.3772199,1586.8091427,999,1,[1.4314433999998073],[1.4314564999999675],192227,001,2025-11-04_22h01.40.694,intentional binding,,2025.1.1,60.126831538440044,2025-11-04 22h01.53.632843 +0530,
0.7,1000,exp,280,8,17,space,0.24495909999996002,None,999,1,[1.4193567000002076],[1.4193669000001137],17,8,280,11,1586.824423,,1586.8096750999998,1586.824423,1587.8241829999997,1587.8241829999997,1587.8241829999997,1588.0748727999999,space,0.24495909999996002,None,1588.075695,1588.7740297666667,1589.0895692,1589.0702126,1589.0707459,1589.0895692,1589.0895692,1589.0895692,1590.5094061999998,999,1,[1.4193567000002076],[1.4193669000001137],192227,001,2025-11-04_22h01.40.694,intentional binding,,2025.1.1,60.126831538440044,2025-11-04 22h01.53.632843 +0530,
0.4,1000,exp,281,9,17,space,0.6150440999999773,None,999,1,[1.9961981999999807],[1.9962169999998878],17,9,281,7,1590.5243090999998,,1590.5097775999998,1590.5243090999998,1591.5244981,1591.5244981,1591.5244981,1592.1423681,space,0.6150440999999773,None,1592.1430885,1592.5419076666665,1592.8626679,1592.8428796999997,1592.8435104999999,1592.8626679,1592.8626679,1592.8626679,1594.8593947,999,1,[1.9961981999999807],[1.9962169999998878],192227,001,2025-11-04_22h01.40.694,intentional binding,,2025.1.1,60.126831538440044,2025-11-04 22h01.53.632843 +0530,
0.7,1000,exp,282,10,17,space,1.070182499999646,None,999,1,[1.7120761999999559],[1.7120866000000206],17,10,282,5,1594.8745494999998,,1594.8597216999997,1594.8745494999998,1595.8751797999998,1595.8751797999998,1595.8751797999998,1596.9582866,space,1.070182499999646,None,1596.9591381999999,1597.6575948666666,1597.9796335,1597.9599548,1597.9605879,1597.9796335,1597.9796335,1597.9796335,1599.6920769999997,999,1,[1.7120761999999559],[1.7120866000000206],192227,001,2025-11-04_22h01.40.694,intentional binding,,2025.1.1,60.126831538440044,2025-11-04 22h01.53.632843 +0530,
0.4,1000,exp,283,11,17,space,0.006682300000193209,None,999,1,[2.3823852999998962],[2.3823954999998023],17,11,283,10,1599.7082228999998,,1599.6925145,1599.7082228999998,1600.6912662,1600.6912662,1600.7083580999997,1600.7092211,space,0.006682300000193209,None,1600.7099447,1601.1243301666666,1601.4432877,1601.4223244,1601.4232625,1601.4432877,1601.4432877,1601.4432877,1603.8260989,999,1,[2.3823852999998962],[2.3823954999998023],192227,001,2025-11-04_22h01.40.694,intentional binding,,2025.1.1,60.126831538440044,2025-11-04 22h01.53.632843 +0530,
0.7,400,unexp,284,12,17,space,0.30736369999976887,None,550,1,[3.1042717000000266],[3.1042817000002287],17,12,284,2,1603.8420799,,1603.8264015999998,1603.8420799,1604.8410463999999,1604.8410463999999,1604.8410463999999,1605.1609534999998,space,0.30736369999976887,None,1605.161744,1605.8749039666666,1606.1880725,1606.169566,1606.1703060999998,1606.1880725,1606.1880725,1606.1880725,1609.2928333999998,550,1,[3.1042717000000266],[3.1042817000002287],192227,001,2025-11-04_22h01.40.694,intentional binding,,2025.1.1,60.126831538440044,2025-11-04 22h01.53.632843 +0530,
0.7,1000,exp,285,13,17,space,0.10789930000009917,None,999,1,[2.0829820999997537],[2.0829945999998927],17,13,285,14,1609.3081935999999,,1609.2931798,1609.3081935999999,1610.3076962,1610.3076962,1610.3076962,1610.4258231,space,0.10789930000009917,None,1610.4270343999997,1611.1409490666667,1611.4584507,1611.4395857,1611.4402981999997,1611.4584507,1611.4584507,1611.4584507,1613.5418325,999,1,[2.0829820999997537],[2.0829945999998927],192227,001,2025-11-04_22h01.40.694,intentional binding,,2025.1.1,60.126831538440044,2025-11-04 22h01.53.632843 +0530,
0.4,1000,exp,286,14,17,space,0.5120089000001826,None,999,1,[2.444629200000236],[2.4446391000001313],17,14,286,13,1613.5577386,,1613.5421304000001,1613.5577386,1614.5418415999998,1614.5418415999998,1614.5575018,1615.0584263,space,0.5120089000001826,None,1615.0592523,1615.4578586666664,1615.781289,1615.7613676,1615.7619504999998,1615.781289,1615.781289,1615.781289,1618.2263266999998,999,1,[2.444629200000236],[2.4446391000001313],192227,001,2025-11-04_22h01.40.694,intentional binding,,2025.1.1,60.126831538440044,2025-11-04 22h01.53.632843 +0530,
0.4,1000,exp,287,15,17,space,0.5150229999999283,None,999,1,[2.71292319999975],[2.712933400000111],17,15,287,4,1618.2411782,,1618.2266131000001,1618.2411782,1619.2259058999998,1619.2259058999998,1619.2428854,1619.7416297,space,0.5150229999999283,None,1619.7424264,1620.1427407666667,1620.4625929999997,1620.4430047,1620.4436483999998,1620.4625929999997,1620.4625929999997,1620.4625929999997,1623.175897,999,1,[2.71292319999975],[2.712933400000111],192227,001,2025-11-04_22h01.40.694,intentional binding,,2025.1.1,60.126831538440044,2025-11-04 22h01.53.632843 +0530,
0.7,1000,exp,288,0,18,space,0.9412079000003359,None,999,1,[2.054734400000143],[2.054748799999743],18,0,288,11,1623.1914238,,1623.1761852,1623.1914238,1624.1913862000001,1624.1913862000001,1624.1913862000001,1625.1423246,space,0.9412079000003359,None,1625.1433032999998,1625.8430026666667,1626.1706937,1626.1484897,1626.1492212999997,1626.1706937,1626.1706937,1626.1706937,1628.2259306,999,1,[2.054734400000143],[2.054748799999743],192227,001,2025-11-04_22h01.40.694,intentional binding,,2025.1.1,60.126831538440044,2025-11-04 22h01.53.632843 +0530,
0.4,400,unexp,289,1,18,space,0.5910896000000321,None,350,1,[2.381275100000039],[2.3812847000003785],18,1,289,1,1628.2417330999997,,1628.2264357999998,1628.2417330999997,1629.2263024,1629.2263024,1629.2430534999999,1629.8269415,space,0.5910896000000321,None,1629.8278993,1630.2266349666668,1630.5445132,1630.5261812999997,1630.5266293,1630.5445132,1630.5445132,1630.5445132,1632.9261523999999,350,1,[2.381275100000039],[2.3812847000003785],192227,001,2025-11-04_22h01.40.694,intentional binding,,2025.1.1,60.126831538440044,2025-11-04 22h01.53.632843 +0530,
0.4,1000,exp,290,2,18,space,0.2524812000001475,None,999,1,[4.053745199999867],[4.053755699999783],18,2,290,13,1632.9414259999999,,1632.9264390999997,1632.9414259999999,1633.9405901,1633.9405901,1633.9405901,1634.2081986999997,space,0.2524812000001475,None,1634.2089108999999,1634.6081429666667,1634.9217282999998,1634.9045069999997,1634.9050093,1634.9217282999998,1634.9217282999998,1634.9217282999998,1638.9758459999998,999,1,[4.053745199999867],[4.053755699999783],192227,001,2025-11-04_22h01.40.694,intentional binding,,2025.1.1,60.126831538440044,2025-11-04 22h01.53.632843 +0530,
0.1,1000,exp,291,3,18,space,0.4875581000001148,None,700,1,[7.519439700000021],[7.519451600000139],18,3,291,6,1638.9907436999997,,1638.9761536,1638.9907436999997,1639.9768789999998,1639.9768789999998,1639.9935196000001,1640.4747078,space,0.4875581000001148,None,1640.475488,1640.5747651666663,1640.8892569999998,1640.8719768,1640.8725998999998,1640.8892569999998,1640.8892569999998,1640.8892569999998,1648.4090729999998,700,1,[7.519439700000021],[7.519451600000139],192227,001,2025-11-04_22h01.40.694,intentional binding,,2025.1.1,60.126831538440044,2025-11-04 22h01.53.632843 +0530,
0.1,1000,exp,292,4,18,space,0.558326500000021,None,      999,1,[2.2683546000002934],[2.268365000000358],18,4,292,15,1648.4247572999998,,1648.4093696999998,1648.4247572999998,1649.4245618,1649.4245618,1649.4245618,1649.9918125,space,0.558326500000021,None,1649.9925362999998,1650.0912441666667,1650.4066835999997,1650.3866512999998,1650.3873279,1650.4066835999997,1650.4066835999997,1650.4066835999997,1652.6754396000001,      999,1,[2.2683546000002934],[2.268365000000358],192227,001,2025-11-04_22h01.40.694,intentional binding,,2025.1.1,60.126831538440044,2025-11-04 22h01.53.632843 +0530,
0.1,400,unexp,293,5,18,space,0.5139481999999589,None,550,1,[3.067950099999962],[3.0679604000001746],18,5,293,0,1652.6911790999998,,1652.6757352,1652.6911790999998,1653.6750085999997,1653.6750085999997,1653.6907674,1654.1938207999997,space,0.5139481999999589,None,1654.1945987,1654.2930479666663,1654.6081725,1654.5877618999998,1654.5883866999998,1654.6081725,1654.6081725,1654.6081725,1657.6765216,550,1,[3.067950099999962],[3.0679604000001746],192227,001,2025-11-04_22h01.40.694,intentional binding,,2025.1.1,60.126831538440044,2025-11-04 22h01.53.632843 +0530,
0.7,1000,exp,294,6,18,space,0.5244679999996151,None,999,1,[1.8319881999996142],[1.8320022999996581],18,6,294,8,1657.6912702,,1657.6769777999998,1657.6912702,1658.6913964,1658.6913964,1658.6913964,1659.2261998,space,0.5244679999996151,None,1659.2272390999997,1659.9410104666665,1660.2603193999998,1660.2431527999997,1660.2436106999999,1660.2603193999998,1660.2603193999998,1660.2603193999998,1662.0927966,999,1,[1.8319881999996142],[1.8320022999996581],192227,001,2025-11-04_22h01.40.694,intentional binding,,2025.1.1,60.126831538440044,2025-11-04 22h01.53.632843 +0530,
0.1,1000,exp,295,7,18,space,0.24990389999993567,None,999,1,[2.209319300000061],[2.2093297000001257],18,7,295,9,1662.1079421999998,,1662.0932383,1662.1079421999998,1663.1081368,1663.1081368,1663.1081368,1663.3587287999999,space,0.24990389999993567,None,1663.3594751,1663.4586568666666,1663.7822210999998,1663.7618806,1663.7624738,1663.7822210999998,1663.7822210999998,1663.7822210999998,1665.9919366999998,999,1,[2.209319300000061],[2.2093297000001257],192227,001,2025-11-04_22h01.40.694,intentional binding,,2025.1.1,60.126831538440044,2025-11-04 22h01.53.632843 +0530,
0.4,1000,exp,296,8,18,space,0.44732959999964805,None,999 ,1,[2.23508320000019],[2.2350930000002336],18,8,296,4,1666.0083749,,1665.992236,1666.0083749,1666.9918485999997,1666.9918485999997,1667.0081688,1667.4420688,space,0.44732959999964805,None,1667.4428001,1667.8415401666664,1668.1572496999997,1668.1399278999997,1668.1403815999997,1668.1572496999997,1668.1572496999997,1668.1572496999997,1670.3927137,999 ,1,[2.23508320000019],[2.2350930000002336],192227,001,2025-11-04_22h01.40.694,intentional binding,,2025.1.1,60.126831538440044,2025-11-04 22h01.53.632843 +0530,
0.4,1000,exp,297,9,18,space,0.494192799999837,None,999,1,[3.171504399999776],[3.1715171999999257],18,9,297,7,1670.408007,,1670.3931248,1670.408007,1671.4079702999998,1671.4079702999998,1671.4079702999998,1671.9084075,space,0.494192799999837,None,1671.9093106999999,1672.3079017666666,1672.6216835,1672.6036869999998,1672.6043687000001,1672.6216835,1672.6216835,1672.6216835,1675.7939791,999,1,[3.171504399999776],[3.1715171999999257],192227,001,2025-11-04_22h01.40.694,intentional binding,,2025.1.1,60.126831538440044,2025-11-04 22h01.53.632843 +0530,
0.7,400,unexp,298,10,18,space,0.26584639999964566,None,550,1,[4.613882799999828],[4.613895999999841],18,10,298,2,1675.8081523,,1675.7943366,1675.8081523,1676.8098299999997,1676.8098299999997,1676.8098299999997,1677.0777574999997,space,0.26584639999964566,None,1677.0786282999998,1677.7911672666667,1678.1117955999998,1678.0924817999999,1678.0929370999997,1678.1117955999998,1678.1117955999998,1678.1117955999998,1682.7261685999997,550,1,[4.613882799999828],[4.613895999999841],192227,001,2025-11-04_22h01.40.694,intentional binding,,2025.1.1,60.126831538440044,2025-11-04 22h01.53.632843 +0530,
0.7,1000,exp,299,11,18,space,0.2754160999998021,None,999,1,[2.0611957999999504],[2.061208500000248],18,11,299,14,1682.7414786999998,,1682.7266995999998,1682.7414786999998,1683.7439169999998,1683.7439169999998,1683.7439169999998,1684.0275621,space,0.2754160999998021,None,1684.0288428999997,1684.7266924666667,1685.0481341999998,1685.0271096000001,1685.0278558999998,1685.0481341999998,1685.0481341999998,1685.0481341999998,1687.1097995,999,1,[2.0611957999999504],[2.061208500000248],192227,001,2025-11-04_22h01.40.694,intentional binding,,2025.1.1,60.126831538440044,2025-11-04 22h01.53.632843 +0530,
0.1,400,unexp,300,12,18,space,0.27753320000010717,None,350,1,[3.71780119999994],[3.7178109999999833],18,12,300,3,1687.1244217999997,,1687.1101555,1687.1244217999997,1688.1246731,1688.1246731,1688.1246731,1688.4088054999997,space,0.27753320000010717,None,1688.4095063999998,1688.5078533666667,1688.8253532999997,1688.8051535999998,1688.8058794999997,1688.8253532999997,1688.8253532999997,1688.8253532999997,1692.5435220999998,350,1,[3.71780119999994],[3.7178109999999833],192227,001,2025-11-04_22h01.40.694,intentional binding,,2025.1.1,60.126831538440044,2025-11-04 22h01.53.632843 +0530,
0.1,1000,exp,301,13,18,space,0.798153000000184,None,999,1,[3.3535993999998936],[3.3536143000001175],18,13,301,12,1692.5579907000001,,1692.5438233,1692.5579907000001,1693.5581923999998,1693.5581923999998,1693.5581923999998,1694.3586597999997,space,0.798153000000184,None,1694.3594696999999,1694.4746532666666,1694.7885514,1694.7699091999998,1694.7705904999998,1694.7885514,1694.7885514,1694.7885514,1698.1427165,999,1,[3.3535993999998936],[3.3536143000001175],192227,001,2025-11-04_22h01.40.694,intentional binding,,2025.1.1,60.126831538440044,2025-11-04 22h01.53.632843 +0530,
0.7,1000,exp,302,14,18,space,0.8676277999998092,None,999,1,[4.319099400000141],[4.31910949999974],18,14,302,5,1698.15836,,1698.1430381,1698.15836,1699.1582838999998,1699.1582838999998,1699.1582838999998,1700.0421658,space,0.8676277999998092,None,1700.0428951,1700.7580835666665,1701.0733919,1701.0554213,1701.0559088,1701.0733919,1701.0733919,1701.0733919,1705.3929318,999,1,[4.319099400000141],[4.31910949999974],192227,001,2025-11-04_22h01.40.694,intentional binding,,2025.1.1,60.126831538440044,2025-11-04 22h01.53.632843 +0530,
0.4,1000,exp,303,15,18,space,0.2966210999998111,None,999,1,[1.776582899999994],[1.776596900000186],18,15,303,10,1705.4081444999997,,1705.3932916999997,1705.4081444999997,1706.4082328,1706.4082328,1706.4082328,1706.7106712,space,0.2966210999998111,None,1706.7115328999998,1707.1102588666665,1707.4325368,1707.4116906999998,1707.4122656,1707.4325368,1707.4325368,1707.4325368,1709.2095590999998,999,1,[1.776582899999994],[1.776596900000186],192227,001,2025-11-04_22h01.40.694,intentional binding,,2025.1.1,60.126831538440044,2025-11-04 22h01.53.632843 +0530,
0.7,1000,exp,304,0,19,space,0.4002525999999307,None,999,1,[2.0549332000000504],[2.0549427999999352],19,0,304,11,1709.2244809,,1709.2098529,1709.2244809,1710.2255734999999,1710.2255734999999,1710.2255734999999,1710.6420325999998,space,0.4002525999999307,None,1710.6427436999998,1711.3413377666664,1711.6535168999999,1711.6354563999998,1711.6359374999997,1711.6535168999999,1711.6535168999999,1711.6535168999999,1713.7088132999997,999,1,[2.0549332000000504],[2.0549427999999352],192227,001,2025-11-04_22h01.40.694,intentional binding,,2025.1.1,60.126831538440044,2025-11-04 22h01.53.632843 +0530,
0.4,1000,exp,305,1,19,space,0.38841370000000097,None,999,1,[3.3945543999998335],[3.3945645999997396],19,1,305,13,1713.7249348,,1713.7092023,1713.7249348,1714.7079263,1714.7079263,1714.7262050999998,1715.1113771,space,0.38841370000000097,None,1715.1124184,1715.5267407666668,1715.8478175,1715.8297828999998,1715.8302746999998,1715.8478175,1715.8478175,1715.8478175,1719.2430412999997,999,1,[3.3945543999998335],[3.3945645999997396],192227,001,2025-11-04_22h01.40.694,intentional binding,,2025.1.1,60.126831538440044,2025-11-04 22h01.53.632843 +0530,
0.1,1000,exp,306,2,19,space,0.4734438999998929,None,999,1,[2.1342294999999467],[2.1342423999999482],19,2,306,6,1719.2583596999998,,1719.2433267000001,1719.2583596999998,1720.2585288,1720.2585288,1720.2585288,1720.7419129,space,0.4734438999998929,None,1720.7427972,1720.8415878666667,1721.1577828999998,1721.137792,1721.1383265999998,1721.1577828999998,1721.1577828999998,1721.1577828999998,1723.2925356,999,1,[2.1342294999999467],[2.1342423999999482],192227,001,2025-11-04_22h01.40.694,intentional binding,,2025.1.1,60.126831538440044,2025-11-04 22h01.53.632843 +0530,
0.1,1000,exp,307,3,19,space,0.580961600000137,None,999,1,[1.713263999999981],[1.7132739999997284],19,3,307,15,1723.3079785,,1723.2929581999997,1723.3079785,1724.3081373,1724.3081373,1724.3081373,1724.8934513999998,space,0.580961600000137,None,1724.8945633999997,1725.0080556666665,1725.3288913000001,1725.3100101999999,1725.3106303999998,1725.3288913000001,1725.3288913000001,1725.3288913000001,1727.042515,999,1,[1.713263999999981],[1.7132739999997284],192227,001,2025-11-04_22h01.40.694,intentional binding,,2025.1.1,60.126831538440044,2025-11-04 22h01.53.632843 +0530,
0.1,1000,exp,308,4,19,space,0.5786988000004385,None,999,1,[1.8131490000000667],[1.813161200000195],19,4,308,9,1727.0588948,,1727.0428042999997,1727.0588948,1728.0437892,1728.0437892,1728.0600854999998,1728.6257194999998,space,0.5786988000004385,None,1728.6266142,1728.7420855666667,1729.0636249,1729.0444887999997,1729.0449232,1729.0636249,1729.0636249,1729.0636249,1730.8772239999998,999,1,[1.8131490000000667],[1.813161200000195],192227,001,2025-11-04_22h01.40.694,intentional binding,,2025.1.1,60.126831538440044,2025-11-04 22h01.53.632843 +0530,
0.7,400,unexp,309,5,19,space,0.6018819000000803,None,700,1,[4.382769499999995],[4.382779800000208],19,5,309,2,1730.8916543999999,,1730.8777286999998,1730.8916543999999,1731.8914747,1731.8914747,1731.8914747,1732.5090805999998,space,0.6018819000000803,None,1732.5098259000001,1733.2252647666667,1733.5429715999999,1733.5247654999998,1733.5252255999999,1733.5429715999999,1733.5429715999999,1733.5429715999999,1737.9262420999999,700,1,[4.382769499999995],[4.382779800000208],192227,001,2025-11-04_22h01.40.694,intentional binding,,2025.1.1,60.126831538440044,2025-11-04 22h01.53.632843 +0530,
0.7,1000,exp,310,6,19,space,0.5932284999998956,None,999,1,[2.3515675000003284],[2.351577400000224],19,6,310,5,1737.9416433000001,,1737.9265848,1737.9416433000001,1738.9245152999997,1738.9245152999997,1738.9415617999998,1739.5259394999998,space,0.5932284999998956,None,1739.526801,1740.2250482666666,1740.5408736,1740.5227529999997,1740.5233340999998,1740.5408736,1740.5408736,1740.5408736,1742.8928728,999,1,[2.3515675000003284],[2.351577400000224],192227,001,2025-11-04_22h01.40.694,intentional binding,,2025.1.1,60.126831538440044,2025-11-04 22h01.53.632843 +0530,
0.4,1000,exp,311,7,19,space,1.7490791999998692,None,999,1,[4.8052747000001546],[4.805289699999776],19,7,311,10,1742.9089647,,1742.8932454,1742.9089647,1743.8933751,1743.8933751,1743.9098116,1745.6583461,space,1.7490791999998692,None,1745.6591072,1746.0578463666664,1746.3719424,1746.3535217999997,1746.3540613,1746.3719424,1746.3719424,1746.3719424,1751.1777118,999,1,[4.8052747000001546],[4.805289699999776],192227,001,2025-11-04_22h01.40.694,intentional binding,,2025.1.1,60.126831538440044,2025-11-04 22h01.53.632843 +0530,
0.1,400,unexp,312,8,19,space,9.870198200000232,None,350,1,[3.710012000000006],[3.710023099999944],19,8,312,3,1751.1917534,,1751.1780344999997,1751.1917534,1752.1939638999997,1752.1939638999997,1752.1939638999997,1762.0760163,space,9.870198200000232,None,1762.0770288999997,1762.1914283666667,1762.5154832999997,1762.4965690999998,1762.4970236,1762.5154832999997,1762.5154832999997,1762.5154832999997,1766.2260624,350,1,[3.710012000000006],[3.710023099999944],192227,001,2025-11-04_22h01.40.694,intentional binding,,2025.1.1,60.126831538440044,2025-11-04 22h01.53.632843 +0530,
0.4,1000,exp,313,9,19,space,0.47455379999973957,None,999,1,[1.9995497999998406],[1.999561900000117],19,9,313,7,1766.2413214999997,,1766.2264288000001,1766.2413214999997,1767.2250481,1767.2250481,1767.2416637000001,1767.7090196,space,0.47455379999973957,None,1767.7098956,1768.1099735666664,1768.4263407999997,1768.4064709,1768.4070409,1768.4263407999997,1768.4263407999997,1768.4263407999997,1770.4263975,999,1,[1.9995497999998406],[1.999561900000117],192227,001,2025-11-04_22h01.40.694,intentional binding,,2025.1.1,60.126831538440044,2025-11-04 22h01.53.632843 +0530,
0.1,400,unexp,314,10,19,space,0.37641889999986233,None,700,1,[3.250250600000072],[3.2502607000001262],19,10,314,0,1770.4417064999998,,1770.4267277999998,1770.4417064999998,1771.4275315,1771.4275315,1771.4448518999998,1771.8112695,space,0.37641889999986233,None,1771.8120494999998,1771.9269337666667,1772.242558,1772.2212280999997,1772.2219910999997,1772.242558,1772.242558,1772.242558,1775.4932316,700,1,[3.250250600000072],[3.2502607000001262],192227,001,2025-11-04_22h01.40.694,intentional binding,,2025.1.1,60.126831538440044,2025-11-04 22h01.53.632843 +0530,
0.4,400,unexp,315,11,19,space,0.6358425000003081,None,700,1,[2.0673068000000967],[2.0673213000000032],19,11,315,1,1775.5086284,,1775.4936484,1775.5086284,1776.4938941999999,1776.4938941999999,1776.5105165,1777.1452645999998,space,0.6358425000003081,None,1777.146151,1777.5583930666664,1777.8749168,1777.8563489999997,1777.8569314000001,1777.8749168,1777.8749168,1777.8749168,1779.9426668,700,1,[2.0673068000000967],[2.0673213000000032],192227,001,2025-11-04_22h01.40.694,intentional binding,,2025.1.1,60.126831538440044,2025-11-04 22h01.53.632843 +0530,
0.1,1000,exp,316,12,19,space,0.3079904000001079,None,999,1,[1.5605431999997563],[1.5605569999997897],19,12,316,12,1779.9594122999997,,1779.9430689,1779.9594122999997,1780.9433716999997,1780.9433716999997,1780.9602851999998,1781.2596373000001,space,0.3079904000001079,None,1781.2605129999997,1781.3602126666667,1781.6820223,1781.6648999,1781.6653517,1781.6820223,1781.6820223,1781.6820223,1783.2431406,999,1,[1.5605431999997563],[1.5605569999997897],192227,001,2025-11-04_22h01.40.694,intentional binding,,2025.1.1,60.126831538440044,2025-11-04 22h01.53.632843 +0530,
0.7,1000,exp,317,13,19,space,0.07454770000003919,None,999,1,[1.3941217000001416],[1.3941313999998783],19,13,317,14,1783.2583577999999,,1783.2435372,1783.2583577999999,1784.2584348999999,1784.2584348999999,1784.2584348999999,1784.342098,space,0.07454770000003919,None,1784.3430982,1785.0418019666665,1785.3662403999997,1785.345445,1785.3460227,1785.3662403999997,1785.3662403999997,1785.3662403999997,1786.7608443999998,999,1,[1.3941217000001416],[1.3941313999998783],192227,001,2025-11-04_22h01.40.694,intentional binding,,2025.1.1,60.126831538440044,2025-11-04 22h01.53.632843 +0530,
0.4,1000,exp,318,14,19,space,0.1662396000001536,None,999,1,[1.5273450999998204],[1.5273554000000331],19,14,318,4,1786.77608,,1786.7611452,1786.77608,1787.7583304,1787.7583304,1787.7923657000001,1787.9274259999997,space,0.1662396000001536,None,1787.9282783999997,1788.3268301666665,1788.6497731,1788.6293769,1788.6300413999998,1788.6497731,1788.6497731,1788.6497731,1790.1775459,999,1,[1.5273450999998204],[1.5273554000000331],192227,001,2025-11-04_22h01.40.694,intentional binding,,2025.1.1,60.126831538440044,2025-11-04 22h01.53.632843 +0530,
0.7,1000,exp,319,15,19,space,0.17697720000023764,None,999,1,[1.3325618000003487],[1.3325713000003816],19,15,319,8,1790.1924322,,1790.1778344,1790.1924322,1791.1756028,1791.1756028,1791.1925449999999,1791.359399,space,0.17697720000023764,None,1791.3604872,1792.0603986666667,1792.3772626999998,1792.359325,1792.3597645999998,1792.3772626999998,1792.3772626999998,1792.3772626999998,1793.7102092,999,1,[1.3325618000003487],[1.3325713000003816],192227,001,2025-11-04_22h01.40.694,intentional binding,,2025.1.1,60.126831538440044,2025-11-04 22h01.53.632843 +0530,
0.7,1000,exp,320,0,20,space,0.018596100000195293,None,999,1,[1.5348948999999266],[1.5349083000000974],20,0,320,11,1793.7257903999998,,1793.7105179999999,1793.7257903999998,1794.7247524,1794.7247524,1794.7247524,1794.7593109,space,0.018596100000195293,None,1794.7601906,1795.4583769666667,1795.7756227999998,1795.7555662,1795.7561809999997,1795.7756227999998,1795.7756227999998,1795.7756227999998,1797.3110042999997,999,1,[1.5348948999999266],[1.5349083000000974],192227,001,2025-11-04_22h01.40.694,intentional binding,,2025.1.1,60.126831538440044,2025-11-04 22h01.53.632843 +0530,
0.1,1000,exp,321,1,20,space,0.2694341000001259,None,999,1,[2.4523332999997365],[2.4523435000000973],20,1,321,12,1797.3254613999998,,1797.3113641,1797.3254613999998,1798.3252862999998,1798.3252862999998,1798.3252862999998,1798.6090408999999,space,0.2694341000001259,None,1798.610455,1798.7081950666663,1799.0231933,1799.0057978999998,1799.0063806999997,1799.0231933,1799.0231933,1799.0231933,1801.4758855999999,999,1,[2.4523332999997365],[2.4523435000000973],192227,001,2025-11-04_22h01.40.694,intentional binding,,2025.1.1,60.126831538440044,2025-11-04 22h01.53.632843 +0530,
0.7,400,unexp,322,2,20,space,0.10020120000035604,None,550,1,[2.860019100000045],[2.860034700000142],20,2,322,2,1801.4926898999997,,1801.4762941,1801.4926898999997,1802.4771990999998,1802.4771990999998,1802.4937415999998,1802.5781155,space,0.10020120000035604,None,1802.5793227999998,1803.2937073666665,1803.6155727999999,1803.5953885,1803.5959841999997,1803.6155727999999,1803.6155727999999,1803.6155727999999,1806.4761153999998,550,1,[2.860019100000045],[2.860034700000142],192227,001,2025-11-04_22h01.40.694,intentional binding,,2025.1.1,60.126831538440044,2025-11-04 22h01.53.632843 +0530,
0.4,1000,exp,323,3,20,space,0.16297359999998662,None,999,1,[1.6969865000000937],[1.6969963000001371],20,3,323,13,1806.4916631,,1806.4766089,1806.4916631,1807.4913883999998,1807.4913883999998,1807.4913883999998,1807.6607678999999,space,0.16297359999998662,None,1807.6615646,1808.0749177666664,1808.3960822,1808.3761964,1808.3768476999999,1808.3960822,1808.3960822,1808.3960822,1810.0934867,999,1,[1.6969865000000937],[1.6969963000001371],192227,001,2025-11-04_22h01.40.694,intentional binding,,2025.1.1,60.126831538440044,2025-11-04 22h01.53.632843 +0530,
0.7,1000,exp,324,4,20,space,0.16819680000025983,None,999,1,[1.7711491000000024],[1.771159699999771],20,4,324,5,1810.1092002999999,,1810.0937748000001,1810.1092002999999,1811.1088265999997,1811.1088265999997,1811.1088265999997,1811.2921557,space,0.16819680000025983,None,1811.2929356999998,1811.9917904666665,1812.3046968999997,1812.2864899,1812.2870158,1812.3046968999997,1812.3046968999997,1812.3046968999997,1814.0762288,999,1,[1.7711491000000024],[1.771159699999771],192227,001,2025-11-04_22h01.40.694,intentional binding,,2025.1.1,60.126831538440044,2025-11-04 22h01.53.632843 +0530,
0.1,400,unexp,325,5,20,space,0.016683800000009796,None,660,1,[2.559663100000307],[2.5596740999999383],20,5,325,0,1814.0921103,,1814.0766626,1814.0921103,1815.0751801000001,1815.0751801000001,1815.0922372999999,1815.0928685999997,space,0.016683800000009796,None,1815.0940922999998,1815.2082924666668,1815.5329726999998,1815.513089,1815.5137350999998,1815.5329726999998,1815.5329726999998,1815.5329726999998,1818.0930261999997,660,1,[2.559663100000307],[2.5596740999999383],192227,001,2025-11-04_22h01.40.694,intentional binding,,2025.1.1,60.126831538440044,2025-11-04 22h01.53.632843 +0530,
0.4,1000,exp,326,6,20,space,1.1915850000000319,None,999,1,[1.845748399999593],[1.8457720999999765],20,6,326,10,1818.1088841,,1818.0933181999999,1818.1088841,1819.0922037999999,1819.0922037999999,1819.1091596,1820.2921191,space,1.1915850000000319,None,1820.2928450999998,1820.6943672666664,1821.0148034,1820.9951769999998,1820.9957592,1821.0148034,1821.0148034,1821.0148034,1822.8609682000001,999,1,[1.845748399999593],[1.8457720999999765],192227,001,2025-11-04_22h01.40.694,intentional binding,,2025.1.1,60.126831538440044,2025-11-04 22h01.53.632843 +0530,
0.1,1000,exp,327,7,20,space,0.19123869999975796,None,999,1,[2.0664271000000554],[2.0664449000000786],20,7,327,15,1822.8755419,,1822.8612724,1822.8755419,1823.8750888,1823.8750888,1823.8750888,1824.0779649,space,0.19123869999975796,None,1824.0788144999997,1824.1773517666663,1824.4930565999998,1824.4737772999997,1824.4743525999997,1824.4930565999998,1824.4930565999998,1824.4930565999998,1826.5599748999998,999,1,[2.0664271000000554],[2.0664449000000786],192227,001,2025-11-04_22h01.40.694,intentional binding,,2025.1.1,60.126831538440044,2025-11-04 22h01.53.632843 +0530,
0.7,1000,exp,328,8,20,space,0.19187299999975949,None,999,1,[3.5463270000000193],[3.546340600000349],20,8,328,8,1826.5750945,,1826.5605605,1826.5750945,1827.5754238,1827.5754238,1827.5754238,1827.7782496999998,space,0.19187299999975949,None,1827.7791879000001,1828.4943834666667,1828.8130176999998,1828.7937551999999,1828.7943159000001,1828.8130176999998,1828.8130176999998,1828.8130176999998,1832.3597691999998,999,1,[3.5463270000000193],[3.546340600000349],192227,001,2025-11-04_22h01.40.694,intentional binding,,2025.1.1,60.126831538440044,2025-11-04 22h01.53.632843 +0530,
0.1,1000,exp,329,9,20,space,0.12982229999988704,None,999,1,[1.5611914999999499],[1.561201600000004],20,9,329,6,1832.3751429999998,,1832.3601067,1832.3751429999998,1833.3582910999999,1833.3582910999999,1833.3752684,1833.4928783,space,0.12982229999988704,None,1833.4937712,1833.6087150666665,1833.9318580999998,1833.9120085,1833.9126016,1833.9318580999998,1833.9318580999998,1833.9318580999998,1835.4934565999997,999,1,[1.5611914999999499],[1.561201600000004],192227,001,2025-11-04_22h01.40.694,intentional binding,,2025.1.1,60.126831538440044,2025-11-04 22h01.53.632843 +0530,
0.4,1000,exp,330,10,20,space,0.23822679999966567,None,999,1,[1.5070252000000437],[1.5070387000000665],20,10,330,7,1835.5096568,,1835.4937698999997,1835.5096568,1836.5092931999998,1836.5092931999998,1836.5256774,1836.7590231999998,space,0.23822679999966567,None,1836.759778,1837.1583756666666,1837.4707036,1837.4526882999999,1837.4531502999998,1837.4707036,1837.4707036,1837.4707036,1838.9782787999998,999,1,[1.5070252000000437],[1.5070387000000665],192227,001,2025-11-04_22h01.40.694,intentional binding,,2025.1.1,60.126831538440044,2025-11-04 22h01.53.632843 +0530,
0.4,1000,exp,331,11,20,space,0.12945189999982176,None,999,1,[1.5335479999998824],[1.5335621999997784],20,11,331,4,1838.9918217,,1838.9785742,1838.9918217,1839.9939561,1839.9939561,1839.9939561,1840.1257234999998,space,0.12945189999982176,None,1840.126925,1840.5270579666665,1840.8433712,1840.8235777999998,1840.8242212999999,1840.8433712,1840.8433712,1840.8433712,1842.3775829,999,1,[1.5335479999998824],[1.5335621999997784],192227,001,2025-11-04_22h01.40.694,intentional binding,,2025.1.1,60.126831538440044,2025-11-04 22h01.53.632843 +0530,
0.4,400,unexp,332,12,20,space,0.8871052000004056,None,550,1,[2.6937511999999515],[2.6937690999998267],20,12,332,1,1842.3923128000001,,1842.3780201,1842.3923128000001,1843.3918832999998,1843.3918832999998,1843.3918832999998,1844.2937711999998,space,0.8871052000004056,None,1844.2946487999998,1844.6937990666668,1845.0161893,1844.9975816,1844.9980394,1845.0161893,1845.0161893,1845.0161893,1847.7105321,550,1,[2.6937511999999515],[2.6937690999998267],192227,001,2025-11-04_22h01.40.694,intentional binding,,2025.1.1,60.126831538440044,2025-11-04 22h01.53.632843 +0530,
0.1,400,unexp,333,13,20,space,0.6486433999998553,None,550,1,[2.945421399999759],[2.9454359999999724],20,13,333,3,1847.7254666,,1847.7110096000001,1847.7254666,1848.7268328,1848.7268328,1848.7268328,1849.3771432999997,space,0.6486433999998553,None,1849.3785242,1849.4922133666666,1849.8149684999998,1849.7930489,1849.7937839,1849.8149684999998,1849.8149684999998,1849.8149684999998,1852.7608704999998,550,1,[2.945421399999759],[2.9454359999999724],192227,001,2025-11-04_22h01.40.694,intentional binding,,2025.1.1,60.126831538440044,2025-11-04 22h01.53.632843 +0530,
0.1,1000,exp,334,14,20,space,0.08693029999994906,None,999,1,[2.3395525000000816],[2.339562499999829],20,14,334,9,1852.7752989,,1852.7611638999997,1852.7752989,1853.7611137,1853.7611137,1853.7768705999997,1853.8612613999999,space,0.08693029999994906,None,1853.8620651,1853.9605223666665,1854.2863308,1854.2653588999997,1854.2659856999999,1854.2863308,1854.2863308,1854.2863308,1856.6262664,999,1,[2.3395525000000816],[2.339562499999829],192227,001,2025-11-04_22h01.40.694,intentional binding,,2025.1.1,60.126831538440044,2025-11-04 22h01.53.632843 +0530,
0.7,1000,exp,335,15,20,space,0.2251194000000396,None,999,1,[1.3124367999998867],[1.312449900000047],20,15,335,14,1856.6425359,,1856.6266836,1856.6425359,1857.6254040999997,1857.6254040999997,1857.6421993999998,1857.8589416999998,space,0.2251194000000396,None,1857.8596542999999,1858.5586371666666,1858.8817903,1858.8617676999997,1858.8623914999998,1858.8817903,1858.8817903,1858.8817903,1860.1948554,999,1,[1.3124367999998867],[1.312449900000047],192227,001,2025-11-04_22h01.40.694,intentional binding,,2025.1.1,60.126831538440044,2025-11-04 22h01.53.632843 +0530,
0.4,1000,exp,336,0,21,space,0.4251914999999826,None,999,1,[1.8367616000000453],[1.836775100000068],21,0,336,7,1860.2085628,,1860.1952612999999,1860.2085628,1861.2092877,1861.2092877,1861.2092877,1861.6429481,space,0.4251914999999826,None,1861.6438313999997,1862.0423045666664,1862.3562505,1862.3377682,1862.3384519,1862.3562505,1862.3562505,1862.3562505,1864.1934726,999,1,[1.8367616000000453],[1.836775100000068],192227,001,2025-11-04_22h01.40.694,intentional binding,,2025.1.1,60.126831538440044,2025-11-04 22h01.53.632843 +0530,
0.7,1000,exp,337,1,21,space,0.4722116000002643,None,999,1,[1.7206625000003442],[1.720673600000282],21,1,337,14,1864.2090251,,1864.1940817,1864.2090251,1865.2086110999999,1865.2086110999999,1865.2086110999999,1865.6925904,space,0.4722116000002643,None,1865.693557,1866.3936839666665,1866.7059829,1866.6880384,1866.6886521000001,1866.7059829,1866.7059829,1866.7059829,1868.427099,999,1,[1.7206625000003442],[1.720673600000282],192227,001,2025-11-04_22h01.40.694,intentional binding,,2025.1.1,60.126831538440044,2025-11-04 22h01.53.632843 +0530,
0.4,400,unexp,338,2,21,space,0.3651476999998522,None,550,1,[2.89831839999988],[2.8983281999999235],21,2,338,1,1868.4423317,,1868.4274542999997,1868.4423317,1869.4426995999997,1869.4426995999997,1869.4426995999997,1869.8097938,space,0.3651476999998522,None,1869.8105035999997,1870.2257417666667,1870.5449163999997,1870.5261639999999,1870.5267018999998,1870.5449163999997,1870.5449163999997,1870.5449163999997,1873.4435936,550,1,[2.89831839999988],[2.8983281999999235],192227,001,2025-11-04_22h01.40.694,intentional binding,,2025.1.1,60.126831538440044,2025-11-04 22h01.53.632843 +0530,
0.1,1000,exp,339,3,21,space,0.5076482999998007,None,999,1,[2.167616899999757],[2.16762719999997],21,3,339,6,1873.4587848,,1873.4438821999997,1873.4587848,1874.4599353999997,1874.4599353999997,1874.4599353999997,1874.9786381999998,space,0.5076482999998007,None,1874.9800421,1875.0921032666668,1875.4084831,1875.3907718,1875.3912532,1875.4084831,1875.4084831,1875.4084831,1877.5764746999998,999,1,[2.167616899999757],[2.16762719999997],192227,001,2025-11-04_22h01.40.694,intentional binding,,2025.1.1,60.126831538440044,2025-11-04 22h01.53.632843 +0530,
0.1,1000,exp,340,4,21,space,0.18400340000016513,None,999,1,[1.5655259000000115],[1.5655392000003303],21,4,340,12,1877.5926832999999,,1877.5767682,1877.5926832999999,1878.5773561,1878.5773561,1878.5942427,1878.7783899,space,0.18400340000016513,None,1878.7793938,1878.8775485666667,1879.1949526999997,1879.1744679999997,1879.1750314,1879.1949526999997,1879.1949526999997,1879.1949526999997,1880.7612550999997,999,1,[1.5655259000000115],[1.5655392000003303],192227,001,2025-11-04_22h01.40.694,intentional binding,,2025.1.1,60.126831538440044,2025-11-04 22h01.53.632843 +0530,
0.1,1000,exp,341,5,21,space,0.37537620000011884,None,999,1,[1.6964477000001352],[1.69645730000002],21,5,341,15,1880.7756789999999,,1880.7615774,1880.7756789999999,1881.7757275999998,1881.7757275999998,1881.7757275999998,1882.1610421999999,space,0.37537620000011884,None,1882.1620659,1882.2775111666667,1882.5966258999997,1882.5763407999998,1882.5769073000001,1882.5966258999997,1882.5966258999997,1882.5966258999997,1884.2934624,999,1,[1.6964477000001352],[1.69645730000002],192227,001,2025-11-04_22h01.40.694,intentional binding,,2025.1.1,60.126831538440044,2025-11-04 22h01.53.632843 +0530,
0.1,400,unexp,342,6,21,space,0.5498099999999795,None,550,1,[3.687107400000059],[3.687117699999817],21,6,342,0,1884.3089492,,1884.2937545,1884.3089492,1885.3089887,1885.3089887,1885.3089887,1885.8598269999998,space,0.5498099999999795,None,1885.8606193,1885.9592499666667,1886.2724236999998,1886.2545126,1886.254957,1886.2724236999998,1886.2724236999998,1886.2724236999998,1889.9599365,550,1,[3.687107400000059],[3.687117699999817],192227,001,2025-11-04_22h01.40.694,intentional binding,,2025.1.1,60.126831538440044,2025-11-04 22h01.53.632843 +0530,
0.7,1000,exp,343,7,21,space,0.35889170000018566,None,999,1,[1.8829829000001155],[1.8829933000001802],21,7,343,11,1889.9755781999997,,1889.9602698999997,1889.9755781999997,1890.9758463999997,1890.9758463999997,1890.9758463999997,1891.3433114,space,0.35889170000018566,None,1891.3443137,1892.0589190666667,1892.3764179,1892.3559884000001,1892.3565616,1892.3764179,1892.3764179,1892.3764179,1894.2599160999998,999,1,[1.8829829000001155],[1.8829933000001802],192227,001,2025-11-04_22h01.40.694,intentional binding,,2025.1.1,60.126831538440044,2025-11-04 22h01.53.632843 +0530,
0.4,1000,exp,344,8,21,space,0.26086290000012013,None,999,1,[3.666803500000242],[3.666816800000106],21,8,344,10,1894.2762383,,1894.2604046000001,1894.2762383,1895.2592354999997,1895.2592354999997,1895.2776451999998,1895.528926,space,0.26086290000012013,None,1895.5298281,1895.9445897666667,1896.2607075,1896.239728,1896.2403034999998,1896.2607075,1896.2607075,1896.2607075,1899.9279846999998,999,1,[3.666803500000242],[3.666816800000106],192227,001,2025-11-04_22h01.40.694,intentional binding,,2025.1.1,60.126831538440044,2025-11-04 22h01.53.632843 +0530,
0.7,400,unexp,345,9,21,space,0.2418214999997872,None,350,1,[3.033933799999886],[3.0339438000000882],21,9,345,2,1899.9420962,,1899.9285310999999,1899.9420962,1900.9424086,1900.9424086,1900.9424086,1901.1932807999997,space,0.2418214999997872,None,1901.1942276999998,1901.8942229666666,1902.2099316,1902.1888246999997,1902.1896425,1902.2099316,1902.2099316,1902.2099316,1905.2442828999997,350,1,[3.033933799999886],[3.0339438000000882],192227,001,2025-11-04_22h01.40.694,intentional binding,,2025.1.1,60.126831538440044,2025-11-04 22h01.53.632843 +0530,
0.1,1000,exp,346,10,21,space,0.18672129999958997,None,999,1,[1.7333997000000636],[1.7334101000001283],21,10,346,9,1905.2593856999997,,1905.244588,1905.2593856999997,1906.2446082000001,1906.2446082000001,1906.2608187,1906.4427041,space,0.18672129999958997,None,1906.4437540999998,1906.5441550666667,1906.8593317999998,1906.8396576,1906.8403911,1906.8593317999998,1906.8593317999998,1906.8593317999998,1908.5931188999998,999,1,[1.7333997000000636],[1.7334101000001283],192227,001,2025-11-04_22h01.40.694,intentional binding,,2025.1.1,60.126831538440044,2025-11-04 22h01.53.632843 +0530,
0.1,400,unexp,347,11,21,space,0.3975751000002674,None,550,1,[2.3608586000000287],[2.3608688000003895],21,11,347,3,1908.6101789,,1908.5934317,1908.6101789,1909.5924374,1909.5924374,1909.6257265,1909.9927042999998,space,0.3975751000002674,None,1909.9934174999999,1910.0921609666664,1910.4151652,1910.3959451,1910.3964287,1910.4151652,1910.4151652,1910.4151652,1912.7763869999999,550,1,[2.3608586000000287],[2.3608688000003895],192227,001,2025-11-04_22h01.40.694,intentional binding,,2025.1.1,60.126831538440044,2025-11-04 22h01.53.632843 +0530,
0.4,1000,exp,348,12,21,space,0.29154620000008435,None,999,1,[2.1335103000001254],[2.1335204000001795],21,12,348,4,1912.7923892999997,,1912.7767162999999,1912.7923892999997,1913.7759757,1913.7759757,1913.7927937999998,1914.0760543000001,space,0.29154620000008435,None,1914.0771013999997,1914.4755345666665,1914.7928511999999,1914.7753662999999,1914.7758979,1914.7928511999999,1914.7928511999999,1914.7928511999999,1916.9267534,999,1,[2.1335103000001254],[2.1335204000001795],192227,001,2025-11-04_22h01.40.694,intentional binding,,2025.1.1,60.126831538440044,2025-11-04 22h01.53.632843 +0530,
0.7,1000,exp,349,13,21,space,0.2828034999997726,None,700,1,[4.0462109999998574],[4.0462211999997635],21,13,349,5,1916.9431851,,1916.9271463999999,1916.9431851,1917.9421987,1917.9421987,1917.9421987,1918.2264120999998,space,0.2828034999997726,None,1918.2271354999998,1918.9282185666664,1919.2467689999999,1919.2257821999997,1919.2264508999997,1919.2467689999999,1919.2467689999999,1919.2467689999999,1923.2933828999999,700,1,[4.0462109999998574],[4.0462211999997635],192227,001,2025-11-04_22h01.40.694,intentional binding,,2025.1.1,60.126831538440044,2025-11-04 22h01.53.632843 +0530,
0.7,1000,exp,350,14,21,space,0.14510259999997288,None,999,1,[2.066260600000078],[2.066271300000153],21,14,350,8,1923.3094434999998,,1923.2936832999999,1923.3094434999998,1924.2927642,1924.2927642,1924.3089639999998,1924.4430970999997,space,0.14510259999997288,None,1924.4438153,1925.1426641666665,1925.4600001,1925.4419398999999,1925.4424381999997,1925.4600001,1925.4600001,1925.4600001,1927.5266297999997,999,1,[2.066260600000078],[2.066271300000153],192227,001,2025-11-04_22h01.40.694,intentional binding,,2025.1.1,60.126831538440044,2025-11-04 22h01.53.632843 +0530,
0.4,1000,exp,351,15,21,space,0.05846509999992122,None,999,1,[4.260165400000005],[4.260175599999911],21,15,351,13,1927.5425741999998,,1927.5269223,1927.5425741999998,1928.5279870999998,1928.5279870999998,1928.5446549999997,1928.5948254999998,space,0.05846509999992122,None,1928.5956387,1928.9945582666667,1929.3157483,1929.2948441999997,1929.2956908,1929.3157483,1929.3157483,1929.3157483,1933.576317,999,1,[4.260165400000005],[4.260175599999911],192227,001,2025-11-04_22h01.40.694,intentional binding,,2025.1.1,60.126831538440044,2025-11-04 22h01.53.632843 +0530,
0.7,1000,exp,352,0,22,space,0.38271190000023125,None,999,1,[1.6844422999997732],[1.684455899999648],22,0,352,11,1933.5925944,,1933.5766264,1933.5925944,1934.5757764999998,1934.5757764999998,1934.5922955,1934.9765122999997,space,0.38271190000023125,None,1934.9778447999997,1935.6775712666665,1935.9927850999998,1935.9722017999998,1935.9728835,1935.9927850999998,1935.9927850999998,1935.9927850999998,1937.6777247999999,999,1,[1.6844422999997732],[1.684455899999648],192227,001,2025-11-04_22h01.40.694,intentional binding,,2025.1.1,60.126831538440044,2025-11-04 22h01.53.632843 +0530,
0.4,1000,exp,353,1,22,space,0.3814327999998568,None,999,1,[2.5646044000000074],[2.564617300000009],22,1,353,7,1937.6920408,,1937.6780943999997,1937.6920408,1938.6924344,1938.6924344,1938.6924344,1939.0768751,space,0.3814327999998568,None,1939.0777951,1939.4922409666667,1939.8119855,1939.7941673999999,1939.7947162,1939.8119855,1939.8119855,1939.8119855,1942.3769800999999,999,1,[2.5646044000000074],[2.564617300000009],192227,001,2025-11-04_22h01.40.694,intentional binding,,2025.1.1,60.126831538440044,2025-11-04 22h01.53.632843 +0530,
0.1,400,unexp,354,2,22,space,0.2975757000003796,None,350,1,[5.6531041000002915],[5.65311870000005],22,2,354,0,1942.3929677,,1942.377316,1942.3929677,1943.3926465,1943.3926465,1943.3926465,1943.6931764,space,0.2975757000003796,None,1943.693948,1943.8090226666666,1944.1233624000001,1944.1060011,1944.1064628,1944.1233624000001,1944.1233624000001,1944.1233624000001,1949.7768864999998,350,1,[5.6531041000002915],[5.65311870000005],192227,001,2025-11-04_22h01.40.694,intentional binding,,2025.1.1,60.126831538440044,2025-11-04 22h01.53.632843 +0530,
0.7,1000,exp,355,3,22,space,0.4278878000000077,None, 999,1,[1.9335613000002922],[1.9335743000001457],22,3,355,8,1949.7922002999999,,1949.777189,1949.7922002999999,1950.7761323999998,1950.7761323999998,1950.7925821999997,1951.2122629,space,0.4278878000000077,None,1951.2133436999998,1951.9258176666665,1952.2429545999998,1952.2261380999998,1952.2281961999997,1952.2429545999998,1952.2429545999998,1952.2429545999998,1954.1769743999998, 999,1,[1.9335613000002922],[1.9335743000001457],192227,001,2025-11-04_22h01.40.694,intentional binding,,2025.1.1,60.126831538440044,2025-11-04 22h01.53.632843 +0530,
0.7,400,unexp,356,4,22,space,0.3016268000001219,None,600,1,[6.947563499999887],[6.947573799999645],22,4,356,2,1954.1927987999998,,1954.1773755,1954.1927987999998,1955.1775862,1955.1775862,1955.1945038,1955.4947733,space,0.3016268000001219,None,1955.4956272,1956.1941148666667,1956.5120788,1956.4917179,1956.4924662999997,1956.5120788,1956.5120788,1956.5120788,1963.4600584,600,1,[6.947563499999887],[6.947573799999645],192227,001,2025-11-04_22h01.40.694,intentional binding,,2025.1.1,60.126831538440044,2025-11-04 22h01.53.632843 +0530,
0.1,1000,exp,357,5,22,space,1.0962184999998499,None,999 ,1,[5.786214900000232],[5.786228500000107],22,5,357,12,1963.4754828,,1963.4603561,1963.4754828,1964.4594257999997,1964.4594257999997,1964.4759264999998,1965.5621828999997,space,1.0962184999998499,None,1965.5634489999998,1965.6756905666664,1965.9904246,1965.9716361,1965.9722920999998,1965.9904246,1965.9904246,1965.9904246,1971.7771214999998,999 ,1,[5.786214900000232],[5.786228500000107],192227,001,2025-11-04_22h01.40.694,intentional binding,,2025.1.1,60.126831538440044,2025-11-04 22h01.53.632843 +0530,
0.1,1000,exp,358,6,22,space,0.5725910000001022,None,999,1,[1.886587700000291],[1.886598000000049],22,6,358,9,1971.7921892999998,,1971.7776304999998,1971.7921892999998,1972.7761608,1972.7761608,1972.7930133999998,1973.3602732999998,space,0.5725910000001022,None,1973.3610663999998,1973.4756690666666,1973.7904411,1973.7740066000001,1973.7744902,1973.7904411,1973.7904411,1973.7904411,1975.6774142999998,999,1,[1.886587700000291],[1.886598000000049],192227,001,2025-11-04_22h01.40.694,intentional binding,,2025.1.1,60.126831538440044,2025-11-04 22h01.53.632843 +0530,
0.1,1000,exp,359,7,22,space,0.3805757000000085,None,999,1,[2.1650392999999895],[2.165049799999906],22,7,359,15,1975.6926717000001,,1975.6777170999999,1975.6926717000001,1976.6928742999999,1976.6928742999999,1976.6928742999999,1977.0785864999998,space,0.3805757000000085,None,1977.0797088,1977.1949977666666,1977.5120942999997,1977.4914506,1977.4920941999999,1977.5120942999997,1977.5120942999997,1977.5120942999997,1979.6775291999998,999,1,[2.1650392999999895],[2.165049799999906],192227,001,2025-11-04_22h01.40.694,intentional binding,,2025.1.1,60.126831538440044,2025-11-04 22h01.53.632843 +0530,
0.1,1000,exp,360,8,22,space,0.3926031000000876,None,999,1,[1.570753599999989],[1.5707674000000225],22,8,360,6,1979.6929829,,1979.6778475,1979.6929829,1980.6781892999998,1980.6781892999998,1980.6946764999998,1981.0789851999998,space,0.3926031000000876,None,1981.079968,1981.1944171666667,1981.5069641,1981.4864122,1981.4874762999998,1981.5069641,1981.5069641,1981.5069641,1983.0782578999997,999,1,[1.570753599999989],[1.5707674000000225],192227,001,2025-11-04_22h01.40.694,intentional binding,,2025.1.1,60.126831538440044,2025-11-04 22h01.53.632843 +0530,
0.1,400,unexp,361,9,22,space,0.392192199999954,None,550,1,[2.3203001000001677],[2.3203103999999257],22,9,361,3,1983.0921881,,1983.0786002999998,1983.0921881,1984.0924393,1984.0924393,1984.0924393,1984.4934982999998,space,0.392192199999954,None,1984.4943734999997,1984.5926380666667,1984.9074875000001,1984.8898939,1984.890417,1984.9074875000001,1984.9074875000001,1984.9074875000001,1987.2281534999997,550,1,[2.3203001000001677],[2.3203103999999257],192227,001,2025-11-04_22h01.40.694,intentional binding,,2025.1.1,60.126831538440044,2025-11-04 22h01.53.632843 +0530,
0.4,1000,exp,362,10,22,space,0.24775429999999687,None,999,1,[1.335192399999869],[1.335211099999924],22,10,362,13,1987.2427149,,1987.2284492999997,1987.2427149,1988.2428359,1988.2428359,1988.2428359,1988.4929932,space,0.24775429999999687,None,1988.4940773999997,1988.8925720666664,1989.2101517,1989.1914059,1989.191871,1989.2101517,1989.2101517,1989.2101517,1990.5458886000001,999,1,[1.335192399999869],[1.335211099999924],192227,001,2025-11-04_22h01.40.694,intentional binding,,2025.1.1,60.126831538440044,2025-11-04 22h01.53.632843 +0530,
0.4,1000,exp,363,11,22,space,0.15087409999978263,None,999,1,[1.8514578000003894],[1.8514677000002848],22,11,363,10,1990.5590773999998,,1990.5462241999999,1990.5590773999998,1991.5591008000001,1991.5591008000001,1991.5591008000001,1991.727006,space,0.15087409999978263,None,1991.7277673999997,1992.1264617666664,1992.4423631999998,1992.4209950999998,1992.4217295999997,1992.4423631999998,1992.4423631999998,1992.4423631999998,1994.2942429,999,1,[1.8514578000003894],[1.8514677000002848],192227,001,2025-11-04_22h01.40.694,intentional binding,,2025.1.1,60.126831538440044,2025-11-04 22h01.53.632843 +0530,
0.7,1000,exp,364,12,22,space,0.11084040000014284,None,999,1,[1.5493796999999176],[1.549393499999951],22,12,364,5,1994.309479,,1994.2945343000001,1994.309479,1995.3088665,1995.3088665,1995.3088665,1995.4267830999997,space,0.11084040000014284,None,1995.4276169,1996.1284972666665,1996.4442506,1996.4225717,1996.4240212999998,1996.4442506,1996.4442506,1996.4442506,1997.9942889999998,999,1,[1.5493796999999176],[1.549393499999951],192227,001,2025-11-04_22h01.40.694,intentional binding,,2025.1.1,60.126831538440044,2025-11-04 22h01.53.632843 +0530,
0.4,400,unexp,365,13,22,space,0.025827700000263576,None,550,1,[2.1684345000003304],[2.1684479000000465],22,13,365,1,1998.0099806999997,,1997.9946175,1998.0099806999997,1999.0098837,1999.0098837,1999.0098837,1999.0431149,space,0.025827700000263576,None,1999.0439895,1999.4432390666664,1999.7585445999998,1999.7409592,1999.7418475,1999.7585445999998,1999.7585445999998,1999.7585445999998,2001.9274092,550,1,[2.1684345000003304],[2.1684479000000465],192227,001,2025-11-04_22h01.40.694,intentional binding,,2025.1.1,60.126831538440044,2025-11-04 22h01.53.632843 +0530,
0.7,1000,exp,366,14,22,space,0.1471158999997897,None, 999,1,[1.530644200000097],[1.5306540999999925],22,14,366,14,2001.9425115,,2001.9277188,2001.9425115,2002.9282399999997,2002.9282399999997,2002.9443668,2003.0792059,space,0.1471158999997897,None,2003.0801529,2003.7940947666664,2004.1129812999998,2004.0927576,2004.0948193999998,2004.1129812999998,2004.1129812999998,2004.1129812999998,2005.644057, 999,1,[1.530644200000097],[1.5306540999999925],192227,001,2025-11-04_22h01.40.694,intentional binding,,2025.1.1,60.126831538440044,2025-11-04 22h01.53.632843 +0530,
0.4,1000,exp,367,15,22,space,0.13916769999968892,None,999,1,[1.441882799999803],[1.441892999999709],22,15,367,4,2005.6596061999999,,2005.6443408999999,2005.6596061999999,2006.6453784,2006.6453784,2006.6615613,2006.7933537,space,0.13916769999968892,None,2006.7942663,2007.1948869666664,2007.5176526,2007.4956588,2007.4962498999998,2007.5176526,2007.5176526,2007.5176526,2008.9600053,999,1,[1.441882799999803],[1.441892999999709],192227,001,2025-11-04_22h01.40.694,intentional binding,,2025.1.1,60.126831538440044,2025-11-04 22h01.53.632843 +0530,
0.1,1000,exp,368,0,23,space,0.1156568999999763,None,999,1,[1.3632264000002579],[1.3632375000001957],23,0,368,15,2008.9790853,,2008.9604144999998,2008.9790853,2009.9600941999997,2009.9600941999997,2009.9927822,2010.0771390999998,space,0.1156568999999763,None,2010.0778529999998,2010.1921597666667,2010.5141110999998,2010.4951232999997,2010.4955796999998,2010.5141110999998,2010.5141110999998,2010.5141110999998,2011.8778011999998,999,1,[1.3632264000002579],[1.3632375000001957],192227,001,2025-11-04_22h01.40.694,intentional binding,,2025.1.1,60.126831538440044,2025-11-04 22h01.53.632843 +0530,
0.4,1000,exp,369,1,23,space,0.1452940999997736,None,999,1,[1.8024128000001838],[1.802426000000196],23,1,369,13,2011.8924890999997,,2011.8781645,2011.8924890999997,2012.8929468000001,2012.8929468000001,2012.8929468000001,2013.0432501,space,0.1452940999997736,None,2013.0439953999999,2013.4424476666666,2013.7574832999999,2013.7402363,2013.7407076999998,2013.7574832999999,2013.7574832999999,2013.7574832999999,2015.560501,999,1,[1.8024128000001838],[1.802426000000196],192227,001,2025-11-04_22h01.40.694,intentional binding,,2025.1.1,60.126831538440044,2025-11-04 22h01.53.632843 +0530,
0.4,1000,exp,370,2,23,space,0.26505930000030276,None,999,1,[3.3491650999999365],[3.34917889999997],23,2,370,4,2015.5759497999998,,2015.5609228999997,2015.5759497999998,2016.5757292999997,2016.5757292999997,2016.5757292999997,2016.8438065999999,space,0.26505930000030276,None,2016.8446497999998,2017.2445021666665,2017.5606312,2017.5419063,2017.5427242,2017.5606312,2017.5606312,2017.5606312,2020.9102877999999,999,1,[3.3491650999999365],[3.34917889999997],192227,001,2025-11-04_22h01.40.694,intentional binding,,2025.1.1,60.126831538440044,2025-11-04 22h01.53.632843 +0530,
0.1,400,unexp,371,3,23,space,0.12565930000027947,None,700,1,[2.704015199999958],[2.704025399999864],23,3,371,3,2020.9260644,,2020.9106919,2020.9260644,2021.9091075000001,2021.9091075000001,2021.9262319,2022.0438368999999,space,0.12565930000027947,None,2022.0447792,2022.1430281666665,2022.4564262,2022.4381539,2022.4388838,2022.4564262,2022.4564262,2022.4564262,2025.1608308,700,1,[2.704015199999958],[2.704025399999864],192227,001,2025-11-04_22h01.40.694,intentional binding,,2025.1.1,60.126831538440044,2025-11-04 22h01.53.632843 +0530,
0.1,400,unexp,372,4,23,space,0.21324630000026445,None,700,1,[1.8488174999997682],[1.848827099999653],23,4,372,0,2025.1767692999997,,2025.1611342,2025.1767692999997,2026.1764103,2026.1764103,2026.1764103,2026.3929089999997,space,0.21324630000026445,None,2026.3938312,2026.4927000666664,2026.8119671999998,2026.791028,2026.7918802999998,2026.8119671999998,2026.8119671999998,2026.8119671999998,2028.6612037999998,700,1,[1.8488174999997682],[1.848827099999653],192227,001,2025-11-04_22h01.40.694,intentional binding,,2025.1.1,60.126831538440044,2025-11-04 22h01.53.632843 +0530,
0.4,1000,exp,373,5,23,space,0.3015593000000081,None,999,1,[1.4807977999998911],[1.480812700000115],23,5,373,10,2028.6762909,,2028.6614936,2028.6762909,2029.6619190000001,2029.6619190000001,2029.6787961999999,2029.9783282999997,space,0.3015593000000081,None,2029.9794131999997,2030.3777799666666,2030.6968686999999,2030.6772132,2030.6777945,2030.6968686999999,2030.6968686999999,2030.6968686999999,2032.1785231,999,1,[1.4807977999998911],[1.480812700000115],192227,001,2025-11-04_22h01.40.694,intentional binding,,2025.1.1,60.126831538440044,2025-11-04 22h01.53.632843 +0530,
0.7,1000,exp,374,6,23,space,0.16249259999995047,None,999,1,[1.6718611999999666],[1.6718715999995766],23,6,374,14,2032.1931967,,2032.1789098,2032.1931967,2033.1941545999998,2033.1941545999998,2033.1941545999998,2033.3600394,space,0.16249259999995047,None,2033.3607597,2034.0614192666665,2034.3713853999998,2034.3529214999999,2034.3536288999999,2034.3713853999998,2034.3713853999998,2034.3713853999998,2036.0436601000001,999,1,[1.6718611999999666],[1.6718715999995766],192227,001,2025-11-04_22h01.40.694,intentional binding,,2025.1.1,60.126831538440044,2025-11-04 22h01.53.632843 +0530,
0.4,400,unexp,375,7,23,space,0.19284119999974791,None,700,1,[1.6549683000002915],[1.6549830000003567],23,7,375,1,2036.0600221999998,,2036.0440435,2036.0600221999998,2037.0594780000001,2037.0594780000001,2037.0594780000001,2037.2604993,space,0.19284119999974791,None,2037.2613074,2037.6762961666666,2037.9885786999998,2037.971674,2037.9721227999999,2037.9885786999998,2037.9885786999998,2037.9885786999998,2039.6440021999997,700,1,[1.6549683000002915],[1.6549830000003567],192227,001,2025-11-04_22h01.40.694,intentional binding,,2025.1.1,60.126831538440044,2025-11-04 22h01.53.632843 +0530,
0.1,1000,exp,376,8,23,space,0.3699730999996973,None, 999,1,[2.100232700000106],[2.1002432000000226],23,8,376,12,2039.6595116999997,,2039.6443710999997,2039.6595116999997,2040.6622957999998,2040.6622957999998,2040.6622957999998,2041.0435422,space,0.3699730999996973,None,2041.0444738,2041.1445449666664,2041.4600901999997,2041.4401568999997,2041.4408021999998,2041.4600901999997,2041.4600901999997,2041.4600901999997,2043.5607335, 999,1,[2.100232700000106],[2.1002432000000226],192227,001,2025-11-04_22h01.40.694,intentional binding,,2025.1.1,60.126831538440044,2025-11-04 22h01.53.632843 +0530,
0.1,1000,exp,377,9,23,space,0.1622642000002088,None,999,1,[2.4231589999999414],[2.4231690000001436],23,9,377,9,2043.5760362,,2043.5610364999998,2043.5760362,2044.5767240999999,2044.5767240999999,2044.5767240999999,2044.7441427999997,space,0.1622642000002088,None,2044.7449680999998,2044.8434275666666,2045.1534775,2045.1358915,2045.1366917,2045.1534775,2045.1534775,2045.1534775,2047.5770294999998,999,1,[2.4231589999999414],[2.4231690000001436],192227,001,2025-11-04_22h01.40.694,intentional binding,,2025.1.1,60.126831538440044,2025-11-04 22h01.53.632843 +0530,
0.7,1000,exp,378,10,23,space,0.097808200000145,None,999,1,[1.7513942000000498],[1.7514076999996178],23,10,378,11,2047.5933185,,2047.5775794,2047.5933185,2048.5763327,2048.5763327,2048.5928696,2048.6765642,space,0.097808200000145,None,2048.6774338,2049.376550566667,2049.6930995,2049.6733242,2049.6739024999997,2049.6930995,2049.6930995,2049.6930995,2051.4449964,999,1,[1.7513942000000498],[1.7514076999996178],192227,001,2025-11-04_22h01.40.694,intentional binding,,2025.1.1,60.126831538440044,2025-11-04 22h01.53.632843 +0530,
0.7,1000,exp,379,11,23,space,0.1643064999998387,None,999,1,[3.295973100000083],[3.295987100000275],23,11,379,8,2051.4597003,,2051.4453734,2051.4597003,2052.4593984999997,2052.4593984999997,2052.4593984999997,2052.6267083,space,0.1643064999998387,None,2052.6274291,2053.327751466667,2053.6480183999997,2053.6290368,2053.6299295,2053.6480183999997,2053.6480183999997,2053.6480183999997,2056.944541,999,1,[3.295973100000083],[3.295987100000275],192227,001,2025-11-04_22h01.40.694,intentional binding,,2025.1.1,60.126831538440044,2025-11-04 22h01.53.632843 +0530,
0.1,1000,exp,380,12,23,space,0.20316390000016327,None, 999,1,[2.797412500000064],[2.797425700000076],23,12,380,6,2056.9602839,,2056.9448859,2056.9602839,2057.959946,2057.959946,2057.959946,2058.1768711,space,0.20316390000016327,None,2058.1775898,2058.276212566667,2058.5967138,2058.5779334999997,2058.5794389,2058.5967138,2058.5967138,2058.5967138,2061.3946960999997, 999,1,[2.797412500000064],[2.797425700000076],192227,001,2025-11-04_22h01.40.694,intentional binding,,2025.1.1,60.126831538440044,2025-11-04 22h01.53.632843 +0530,
0.7,1000,exp,381,13,23,space,0.7146882000001824,None,999,1,[3.5161567999998624],[3.516171999999642],23,13,381,5,2061.4092849,,2061.3951217999997,2061.4092849,2062.4095429999998,2062.4095429999998,2062.4095429999998,2063.1265006,space,0.7146882000001824,None,2063.1273972,2063.8258767666666,2064.1436926,2064.1247249,2064.1252694,2064.1436926,2064.1436926,2064.1436926,2067.6602715999998,999,1,[3.5161567999998624],[3.516171999999642],192227,001,2025-11-04_22h01.40.694,intentional binding,,2025.1.1,60.126831538440044,2025-11-04 22h01.53.632843 +0530,
0.4,1000,exp,382,14,23,space,0.3506913999999597,None,999,1,[2.1572697999999946],[2.1572802000000593],23,14,382,7,2067.6769141,,2067.6605704,2067.6769141,2068.6596651,2068.6596651,2068.6764131,2069.0271033,space,0.3506913999999597,None,2069.0280352,2069.443193966667,2069.7696504,2069.7496739999997,2069.7502994,2069.7696504,2069.7696504,2069.7696504,2071.9273017,999,1,[2.1572697999999946],[2.1572802000000593],192227,001,2025-11-04_22h01.40.694,intentional binding,,2025.1.1,60.126831538440044,2025-11-04 22h01.53.632843 +0530,
0.7,400,unexp,383,15,23,space,0.7835602000000108,None,700,1,[4.115000100000088],[4.115009999999984],23,15,383,2,2071.9432346999997,,2071.9276611,2071.9432346999997,2072.9280542,2072.9280542,2072.9453711,2073.7126242,space,0.7835602000000108,None,2073.7135935,2074.4263057666667,2074.7455391999997,2074.7258988999997,2074.7267534,2074.7455391999997,2074.7455391999997,2074.7455391999997,2078.8609296,700,1,[4.115000100000088],[4.115009999999984],192227,001,2025-11-04_22h01.40.694,intentional binding,,2025.1.1,60.126831538440044,2025-11-04 22h01.53.632843 +0530,
0.7,1000,exp,384,0,24,space,0.33863590000009935,None,999,1,[2.3461279999996805],[2.346140199999809],24,0,384,11,2078.8763937999997,,2078.8612147999997,2078.8763937999997,2079.8763344,2079.8763344,2079.8763344,2080.2263018999997,space,0.33863590000009935,None,2080.2271659,2080.926361866667,2081.246655,2081.2256864,2081.2263832999997,2081.246655,2081.246655,2081.246655,2083.5934343,999,1,[2.3461279999996805],[2.346140199999809],192227,001,2025-11-04_22h01.40.694,intentional binding,,2025.1.1,60.126831538440044,2025-11-04 22h01.53.632843 +0530,
0.1,1000,exp,385,1,24,space,1.212426300000061,None,999,1,[2.448329900000317],[2.4483438000002025],24,1,385,6,2083.609588,,2083.5938143,2083.609588,2084.5933341,2084.5933341,2084.6094626999998,2085.8127424,space,1.212426300000061,None,2085.8136178,2085.9121717666667,2086.2297408,2086.2092609,2086.2099095999997,2086.2297408,2086.2297408,2086.2297408,2088.6785617,999,1,[2.448329900000317],[2.4483438000002025],192227,001,2025-11-04_22h01.40.694,intentional binding,,2025.1.1,60.126831538440044,2025-11-04 22h01.53.632843 +0530,
0.4,1000,exp,386,2,24,space,0.3667006999999103,None,999,1,[1.8482702000001154],[1.848281500000212],24,2,386,10,2088.6931584,,2088.6789685999997,2088.6931584,2089.693797,2089.693797,2089.693797,2090.0775968,space,0.3667006999999103,None,2090.0789133999997,2090.4785854666666,2090.7964262,2090.7764973999997,2090.7770682,2090.7964262,2090.7964262,2090.7964262,2092.6451202,999,1,[1.8482702000001154],[1.848281500000212],192227,001,2025-11-04_22h01.40.694,intentional binding,,2025.1.1,60.126831538440044,2025-11-04 22h01.53.632843 +0530,
0.1,400,unexp,387,3,24,space,0.6628467000000455,None,350,1,[3.6197234000001117],[3.6197363000001133],24,3,387,3,2092.6598301999998,,2092.6454902,2092.6598301999998,2093.6598074,2093.6598074,2093.6598074,2094.3274232999997,space,0.6628467000000455,None,2094.3285554999998,2094.4428148666666,2094.7578284,2094.7401971,2094.7408445,2094.7578284,2094.7578284,2094.7578284,2098.3780164,350,1,[3.6197234000001117],[3.6197363000001133],192227,001,2025-11-04_22h01.40.694,intentional binding,,2025.1.1,60.126831538440044,2025-11-04 22h01.53.632843 +0530,
0.7,1000,exp,388,4,24,space,0.2156964999999218,None,999,1,[1.6484412999998312],[1.6484626999999819],24,4,388,5,2098.393127,,2098.3785683,2098.393127,2099.3928565,2099.3928565,2099.3928565,2099.6105119999997,space,0.2156964999999218,None,2099.6112972,2100.311759466667,2100.6289988,2100.6077783,2100.6084422999998,2100.6289988,2100.6289988,2100.6289988,2102.2781547,999,1,[1.6484412999998312],[1.6484626999999819],192227,001,2025-11-04_22h01.40.694,intentional binding,,2025.1.1,60.126831538440044,2025-11-04 22h01.53.632843 +0530,
0.4,1000,exp,389,5,24,space,0.19224750000012136,None,999,1,[1.9585612000000765],[1.9585707999999613],24,5,389,13,2102.2930696999997,,2102.2786235,2102.2930696999997,2103.2778721,2103.2778721,2103.2949986999997,2103.4790751,space,0.19224750000012136,None,2103.4799316999997,2103.8784124666668,2104.2029543,2104.1810273,2104.1816682999997,2104.2029543,2104.2029543,2104.2029543,2106.1619323,999,1,[1.9585612000000765],[1.9585707999999613],192227,001,2025-11-04_22h01.40.694,intentional binding,,2025.1.1,60.126831538440044,2025-11-04 22h01.53.632843 +0530,
0.4,1000,exp,390,6,24,space,0.0999283999999534,None,999,1,[1.6319641999998566],[1.6319745000000694],24,6,390,4,2106.1771602999997,,2106.1623246999998,2106.1771602999997,2107.1614551,2107.1614551,2107.1777036999997,2107.2629569,space,0.0999283999999534,None,2107.2642189999997,2107.6785373666667,2107.9961843,2107.9789032,2107.9795802,2107.9961843,2107.9961843,2107.9961843,2109.6287257,999,1,[1.6319641999998566],[1.6319745000000694],192227,001,2025-11-04_22h01.40.694,intentional binding,,2025.1.1,60.126831538440044,2025-11-04 22h01.53.632843 +0530,
0.1,1000,exp,391,7,24,space,0.8091167000002315,None,999,1,[1.7457555999999386],[1.7457658999996966],24,7,391,12,2109.6440179,,2109.62909,2109.6440179,2110.6432357999997,2110.6432357999997,2110.6432357999997,2111.4601994,space,0.8091167000002315,None,2111.4611703,2111.5598594666667,2111.8812058999997,2111.8641864,2111.8646525999998,2111.8812058999997,2111.8812058999997,2111.8812058999997,2113.6273395999997,999,1,[1.7457555999999386],[1.7457658999996966],192227,001,2025-11-04_22h01.40.694,intentional binding,,2025.1.1,60.126831538440044,2025-11-04 22h01.53.632843 +0530,
0.7,400,unexp,392,8,24,space,0.2541652999998405,None,350,1,[4.667664499999773],[4.667675099999997],24,8,392,2,2113.6428573999997,,2113.6276605,2113.6428573999997,2114.6266609,2114.6266609,2114.643849,2114.8962486,space,0.2541652999998405,None,2114.8973502999997,2115.6117634666666,2115.9261745999997,2115.9071183,2115.9077647999998,2115.9261745999997,2115.9261745999997,2115.9261745999997,2120.5943494,350,1,[4.667664499999773],[4.667675099999997],192227,001,2025-11-04_22h01.40.694,intentional binding,,2025.1.1,60.126831538440044,2025-11-04 22h01.53.632843 +0530,
0.1,1000,exp,393,9,24,space,0.381435600000259,None,999,1,[2.396804400000292],[2.3968141000000287],24,9,393,9,2120.6101964,,2120.5946994,2120.6101964,2121.5931438,2121.5931438,2121.6099405,2121.9769542999998,space,0.381435600000259,None,2121.9776904,2122.0767199666666,2122.3972229,2122.3795771,2122.3800387,2122.3972229,2122.3972229,2122.3972229,2124.7944486,999,1,[2.396804400000292],[2.3968141000000287],192227,001,2025-11-04_22h01.40.694,intentional binding,,2025.1.1,60.126831538440044,2025-11-04 22h01.53.632843 +0530,
0.7,1000,exp,394,10,24,space,0.35729700000001685,None,999,1,[2.1446008999996593],[2.144614399999682],24,10,394,14,2124.8100427,,2124.7948252,2124.8100427,2125.8101687999997,2125.8101687999997,2125.8101687999997,2126.1789153,space,0.35729700000001685,None,2126.1800258,2126.878687966667,2127.2003348999997,2127.179356,2127.1799249,2127.2003348999997,2127.2003348999997,2127.2003348999997,2129.3454287,999,1,[2.1446008999996593],[2.144614399999682],192227,001,2025-11-04_22h01.40.694,intentional binding,,2025.1.1,60.126831538440044,2025-11-04 22h01.53.632843 +0530,
0.1,400,unexp,395,11,24,space,0.22989400000005844,None,500,1,[2.507211500000267],[2.5072246999998242],24,11,395,0,2129.3599832,,2129.3457203,2129.3599832,2130.3462322,2130.3462322,2130.3617458999997,2130.5792975,space,0.22989400000005844,None,2130.5803092,2130.6951916666667,2131.0197203,2130.9998928,2131.0004622,2131.0197203,2131.0197203,2131.0197203,2133.5273225,500,1,[2.507211500000267],[2.5072246999998242],192227,001,2025-11-04_22h01.40.694,intentional binding,,2025.1.1,60.126831538440044,2025-11-04 22h01.53.632843 +0530,
0.4,1000,exp,396,12,24,space,0.4132356999998592,None,999,1,[4.335305800000242],[4.335316200000307],24,12,396,7,2133.5433746,,2133.5277097,2133.5433746,2134.5268143,2134.5268143,2134.5435634,2134.9441758,space,0.4132356999998592,None,2134.9449053999997,2135.3439489666666,2135.658368,2135.6394728,2135.6400375999997,2135.658368,2135.658368,2135.658368,2139.9941147,999,1,[4.335305800000242],[4.335316200000307],192227,001,2025-11-04_22h01.40.694,intentional binding,,2025.1.1,60.126831538440044,2025-11-04 22h01.53.632843 +0530,
0.4,400,unexp,397,13,24,space,0.4155771000000641,None,500,1,[2.71306340000001],[2.7130732999999054],24,13,397,1,2140.0099827999998,,2139.9945009,2140.0099827999998,2140.9953235,2140.9953235,2141.0101458999998,2141.4129335,space,0.4155771000000641,None,2141.4138073999998,2141.8286476666667,2142.1477363,2142.1261123,2142.1267434,2142.1477363,2142.1477363,2142.1477363,2144.8612009999997,500,1,[2.71306340000001],[2.7130732999999054],192227,001,2025-11-04_22h01.40.694,intentional binding,,2025.1.1,60.126831538440044,2025-11-04 22h01.53.632843 +0530,
0.7,1000,exp,398,14,24,space,1.0248260999997,None,   999,1,[2.515764499999932],[2.5157751000001554],24,14,398,8,2144.876674,,2144.8616063,2144.876674,2145.8596589999997,2145.8596589999997,2145.8768354,2146.89377,space,1.0248260999997,None,2146.8946054,2147.592963766667,2147.9123440999997,2147.8940652,2147.8955642,2147.9123440999997,2147.9123440999997,2147.9123440999997,2150.4286964,   999,1,[2.515764499999932],[2.5157751000001554],192227,001,2025-11-04_22h01.40.694,intentional binding,,2025.1.1,60.126831538440044,2025-11-04 22h01.53.632843 +0530,
0.1,1000,exp,399,15,24,space,3.774059899999884,None,999,1,[3.547006799999963],[3.547017300000334],24,15,399,15,2150.4436789,,2150.429006,2150.4436789,2151.4434437,2151.4434437,2151.4434437,2155.2271779,space,3.774059899999884,None,2155.2279866999997,2155.326940566667,2155.6481233,2155.6300117,2155.6305517,2155.6481233,2155.6481233,2155.6481233,2159.1955951,999,1,[3.547006799999963],[3.547017300000334],192227,001,2025-11-04_22h01.40.694,intentional binding,,2025.1.1,60.126831538440044,2025-11-04 22h01.53.632843 +0530,
