15.0425 	INFO 	Loaded monitor calibration from ['2025_08_11 19:48']
15.0681 	WARNING 	User requested fullscreen with size [1280  720], but screen is actually [1920, 1080]. Using actual size
15.3885 	INFO 	Using renderer 'AMD Radeon(TM) Graphics' for graphics
15.3885 	INFO 	OpenGL version supported by driver is 4..
15.4645 	EXP 	Created window1 = Window(allowGUI=True, allowStencil=True, autoLog=True, backendConf=UNKNOWN, backgroundFit=<method-wrapper '__getattribute__' of attributeSetter object at 0x00000260005BA110>, backgroundImage=<method-wrapper '__getattribute__' of attributeSetter object at 0x00000260005BA0B0>, bitsMode=UNKNOWN, blendMode='avg', bpc=(8, 8, 8), color=array([0, 0, 0]), colorSpace='rgb', depthBits=8, fullscr=True, gamma=None, gammaErrorPolicy='raise', infoMsg=UNKNOWN, lms=UNKNOWN, monitor=<psychopy.monitors.calibTools.Monitor object at 0x00000260006EB970>, multiSample=False, name='window1', numSamples=2, pos=[np.float64(0.0), np.float64(0.0)], screen=0, size=array([1920, 1080]), stencilBits=8, stereo=False, title='PsychoPy', units='height', useFBO=True, useRetina=False, viewOri=0.0, viewPos=None, viewScale=None, waitBlanking=True, winType='pyglet')
15.4646 	EXP 	window1: backgroundImage = ''
15.4647 	EXP 	window1: backgroundFit = 'none'
16.3410 	EXP 	window1: Attempting to measure frame rate of screen (0) ...
16.3411 	EXP 	window1: recordFrameIntervals = False
16.6057 	EXP 	window1: recordFrameIntervals = True
16.7891 	EXP 	Screen (0) actual frame rate measured at 60.13Hz
16.7892 	EXP 	window1: recordFrameIntervals = False
16.8707 	INFO 	keyboard.Keyboard is using ptb backend.
16.8711 	INFO 	keyboard.Keyboard is using ptb backend.
17.1786 	WARNING 	No default speaker specified in Preferences / Hardware, using first speaker found: Speakers (Realtek(R) Audio)
17.6359 	INFO 	Created stream for speaker device: Speakers (Realtek(R) Audio) (4.0)
17.6386 	EXP 	intentional binding: status = STARTED
17.6546 	EXP 	Created polygon = ShapeStim(__class__=<class 'psychopy.visual.shape.ShapeStim'>, anchor=('center', 'center'), autoDraw=False, autoLog=True, closeShape=True, color=method-wrapper(...), colorSpace='rgb', contrast=None, depth=0.0, draggable=False, fillColor=array([1, 1, 1]), fillColorSpace='rgb', fillRGB=array([1, 1, 1]), interpolate=True, lineColor=array([1., 1., 1.]), lineColorSpace='rgb', lineRGB=array([1, 1, 1]), lineWidth=1.0, name='polygon', opacity=1, ori=0.0, pos=array([0., 0.]), size=array([0.2, 0.2]), units='height', vertices=ndarray(...), win=Window(...), windingRule=None)
17.6635 	EXP 	Created polygon_2 = ShapeStim(__class__=<class 'psychopy.visual.shape.ShapeStim'>, anchor=('center', 'center'), autoDraw=False, autoLog=True, closeShape=True, color=method-wrapper(...), colorSpace='rgb', contrast=None, depth=-1.0, draggable=False, fillColor=array([-1.    ,  0.0039, -1.    ]), fillColorSpace='rgb', fillRGB=array([-1.    ,  0.0039, -1.    ]), interpolate=True, lineColor=array([-1.    ,  0.0039, -1.    ]), lineColorSpace='rgb', lineRGB=array([-1.    ,  0.0039, -1.    ]), lineWidth=1.0, name='polygon_2', opacity=1, ori=0.0, pos=array([0., 0.]), size=array([0.2, 0.2]), units='height', vertices=ndarray(...), win=Window(...), windingRule=None)
17.6636 	EXP 	sound_1: sampleRate = 48000
17.6637 	EXP 	sound_1: channels = None
17.6652 	EXP 	Sound sound_1 set volume 1.000
17.7946 	EXP 	Created text = TextStim(__class__=<class 'psychopy.visual.text.TextStim'>, alignHoriz=method-wrapper(...), alignText='center', alignVert=method-wrapper(...), anchorHoriz='center', anchorVert='center', antialias=True, autoDraw=False, autoLog=True, bold=False, color=array([1., 1., 1.]), colorSpace='rgb', contrast=1.0, depth=0.0, draggable=False, flipHoriz=False, flipVert=False, font='Arial', fontFiles=[], height=np.float64(0.05), italic=False, languageStyle='LTR', name='text', opacity=1, ori=0.0, pos=array([0. , 0.3]), rgb=UNKNOWN, text=str(...), units='height', win=Window(...), wrapWidth=1)
0.0012 	DATA 	Mouse: Left button down, pos=(804,761)
0.0015 	DATA 	Mouse:  Left button up, pos=(804,761)
0.0226 	EXP 	textbox: autoLog = True
0.0390 	EXP 	Imported conditions.xlsx as conditions, 16 conditions, 3 params
0.0482 	EXP 	New trial (rep=0, index=0): <Trial 0 (0 in rep 0) data={'delay': 0.1, 'freq': 1000, 'condition': 'exp', 'thisN': 0, 'thisTrialN': 0, 'thisRepN': 0}>
0.0601 	EXP 	polygon: autoDraw = True
0.4452 	EXP 	Device response: <KeyPress from None: t=0.433260300000029, value=space, duration=None>
0.4473 	DATA 	Keypress: space
0.5871 	EXP 	Device response: <KeyPress from None: t=0.433260300000029, value=space, duration=0.14793789999998808>
1.0029 	INFO 	Keyboard events cleared
1.0027 	EXP 	polygon_2: autoDraw = True
1.0699 	EXP 	polygon: autoDraw = False
1.3198 	EXP 	Device response: <KeyPress from None: t=1.3094849999999951, value=space, duration=None>
1.3217 	DATA 	Keypress: space
1.3362 	EXP 	polygon: autoDraw = False
1.3362 	EXP 	polygon_2: autoDraw = False
1.4037 	EXP 	Sound sound_1 reached end of file
1.4199 	EXP 	Playing sound sound_1 on speaker Speakers (Realtek(R) Audio)
1.4531 	EXP 	Device response: <KeyPress from None: t=1.3094849999999951, value=space, duration=0.13451280000003862>
1.7116 	EXP 	Sound sound_1 stopped
1.7348 	EXP 	text: autoDraw = True
1.7348 	EXP 	textbox: autoDraw = True
2.8348 	DATA 	Keypress: 3
2.8452 	EXP 	Device response: <KeyPress from None: t=2.8315542999999934, value=3, duration=None>
2.9525 	EXP 	Device response: <KeyPress from None: t=2.8315542999999934, value=3, duration=0.1121911000000182>
3.0604 	DATA 	Keypress: 0
3.0798 	EXP 	Device response: <KeyPress from None: t=3.0575661999999966, value=0, duration=None>
3.1688 	EXP 	Device response: <KeyPress from None: t=3.0575661999999966, value=0, duration=0.1015233000000535>
3.2519 	DATA 	Keypress: 0
3.2532 	EXP 	Device response: <KeyPress from None: t=3.248331099999973, value=0, duration=None>
3.3697 	EXP 	Device response: <KeyPress from None: t=3.248331099999973, value=0, duration=0.11691690000009203>
3.7404 	DATA 	Keypress: backspace
3.7514 	EXP 	Device response: <KeyPress from None: t=3.7382155999999895, value=backspace, duration=None>
3.8528 	EXP 	Device response: <KeyPress from None: t=3.7382155999999895, value=backspace, duration=0.11311610000007022>
3.9429 	DATA 	Keypress: backspace
3.9515 	EXP 	Device response: <KeyPress from None: t=3.9405530000000226, value=backspace, duration=None>
4.0191 	EXP 	Device response: <KeyPress from None: t=3.9405530000000226, value=backspace, duration=0.07639949999997953>
4.1188 	DATA 	Keypress: backspace
4.1204 	EXP 	Device response: <KeyPress from None: t=4.116382900000076, value=backspace, duration=None>
4.2388 	EXP 	Device response: <KeyPress from None: t=4.116382900000076, value=backspace, duration=0.11642449999999371>
4.3359 	DATA 	Keypress: 3
4.3380 	EXP 	Device response: <KeyPress from None: t=4.333445100000063, value=3, duration=None>
4.4022 	EXP 	Device response: <KeyPress from None: t=4.333445100000063, value=3, duration=0.06175550000000385>
4.5922 	DATA 	Keypress: 5
4.6113 	EXP 	Device response: <KeyPress from None: t=4.591652599999975, value=5, duration=None>
4.7529 	EXP 	Device response: <KeyPress from None: t=4.591652599999975, value=5, duration=0.15786740000010013>
5.1354 	DATA 	Keypress: 0
5.1371 	EXP 	Device response: <KeyPress from None: t=5.132666100000051, value=0, duration=None>
5.2684 	EXP 	Device response: <KeyPress from None: t=5.132666100000051, value=0, duration=0.1219208999999637>
6.6729 	DATA 	Mouse: Left button down, pos=(958,225)
6.6860 	EXP 	New trial (rep=0, index=1): <Trial 1 (1 in rep 0) data={'delay': 0.1, 'freq': 400, 'condition': 'unexp', 'thisN': 1, 'thisTrialN': 1, 'thisRepN': 0}>
6.7006 	EXP 	text: autoDraw = False
6.7006 	EXP 	textbox: autoDraw = False
6.7006 	EXP 	polygon: autoDraw = True
6.9018 	DATA 	Mouse:  Left button up, pos=(958,225)
7.6849 	INFO 	Keyboard events cleared
7.6847 	EXP 	polygon_2: autoDraw = True
7.7023 	EXP 	polygon: autoDraw = False
8.7701 	EXP 	Device response: <KeyPress from None: t=8.759540700000002, value=space, duration=None>
8.7727 	DATA 	Keypress: space
8.7867 	EXP 	polygon: autoDraw = False
8.7867 	EXP 	polygon_2: autoDraw = False
8.8697 	EXP 	Sound sound_1 reached end of file
8.8860 	EXP 	Playing sound sound_1 on speaker Speakers (Realtek(R) Audio)
8.8700 	EXP 	Device response: <KeyPress from None: t=8.759540700000002, value=space, duration=0.09646440000005896>
9.1857 	EXP 	Sound sound_1 stopped
9.2077 	EXP 	text: autoDraw = True
9.2077 	EXP 	textbox: autoDraw = True
10.6543 	DATA 	Keypress: 2
10.6770 	EXP 	Device response: <KeyPress from None: t=10.650063799999998, value=2, duration=None>
10.8017 	EXP 	Device response: <KeyPress from None: t=10.650063799999998, value=2, duration=0.1365319000000227>
11.1766 	DATA 	Keypress: 5
11.1851 	EXP 	Device response: <KeyPress from None: t=11.17219590000002, value=5, duration=None>
11.3184 	EXP 	Device response: <KeyPress from None: t=11.17219590000002, value=5, duration=0.13473850000002585>
11.5186 	DATA 	Keypress: space
11.5199 	EXP 	Device response: <KeyPress from None: t=11.517553300000031, value=space, duration=None>
11.7734 	DATA 	Keypress: 0
11.7855 	EXP 	Device response: <KeyPress from None: t=11.772925500000042, value=0, duration=None>
11.8849 	EXP 	Device response: <KeyPress from None: t=11.772925500000042, value=0, duration=0.09724979999998595>
11.9176 	EXP 	Device response: <KeyPress from None: t=11.517553300000031, value=space, duration=0.3854831999999533>
12.1348 	DATA 	Keypress: space
12.1365 	EXP 	Device response: <KeyPress from None: t=12.131419300000061, value=space, duration=None>
12.1851 	DATA 	Keypress: lctrl
12.1861 	EXP 	Device response: <KeyPress from None: t=12.178989900000033, value=lctrl, duration=None>
12.2517 	EXP 	Device response: <KeyPress from None: t=12.131419300000061, value=space, duration=0.10667300000000068>
12.3512 	EXP 	Device response: <KeyPress from None: t=12.178989900000033, value=lctrl, duration=0.15852129999996123>
13.0517 	DATA 	Keypress: backspace
13.0530 	EXP 	Device response: <KeyPress from None: t=13.050467799999979, value=backspace, duration=None>
13.1852 	EXP 	Device response: <KeyPress from None: t=13.050467799999979, value=backspace, duration=0.1214014000000816>
13.2688 	DATA 	Keypress: backspace
13.2702 	EXP 	Device response: <KeyPress from None: t=13.266872199999966, value=backspace, duration=None>
13.3518 	EXP 	Device response: <KeyPress from None: t=13.266872199999966, value=backspace, duration=0.06961890000002313>
13.4358 	DATA 	Keypress: backspace
13.4376 	EXP 	Device response: <KeyPress from None: t=13.427921500000025, value=backspace, duration=None>
13.5352 	EXP 	Device response: <KeyPress from None: t=13.427921500000025, value=backspace, duration=0.09276509999995142>
14.0559 	DATA 	Keypress: 0
14.0583 	EXP 	Device response: <KeyPress from None: t=14.048081900000057, value=0, duration=None>
14.1677 	EXP 	Device response: <KeyPress from None: t=14.048081900000057, value=0, duration=0.10674859999994624>
15.0431 	DATA 	Mouse: Left button down, pos=(958,225)
15.0524 	EXP 	New trial (rep=0, index=2): <Trial 2 (2 in rep 0) data={'delay': 0.7, 'freq': 400, 'condition': 'unexp', 'thisN': 2, 'thisTrialN': 2, 'thisRepN': 0}>
15.0676 	EXP 	text: autoDraw = False
15.0676 	EXP 	textbox: autoDraw = False
15.0676 	EXP 	polygon: autoDraw = True
15.2690 	DATA 	Mouse:  Left button up, pos=(958,225)
16.0688 	INFO 	Keyboard events cleared
16.0687 	EXP 	polygon: autoDraw = False
16.0687 	EXP 	polygon_2: autoDraw = True
16.4351 	EXP 	Device response: <KeyPress from None: t=16.421814400000017, value=space, duration=None>
16.4373 	DATA 	Keypress: space
16.4512 	EXP 	polygon: autoDraw = False
16.4512 	EXP 	polygon_2: autoDraw = False
16.5029 	EXP 	Device response: <KeyPress from None: t=16.421814400000017, value=space, duration=0.06984279999994669>
17.1203 	EXP 	Sound sound_1 reached end of file
17.1366 	EXP 	Playing sound sound_1 on speaker Speakers (Realtek(R) Audio)
17.4375 	EXP 	Sound sound_1 stopped
17.4582 	EXP 	text: autoDraw = True
17.4582 	EXP 	textbox: autoDraw = True
18.2594 	DATA 	Keypress: 2
18.2606 	EXP 	Device response: <KeyPress from None: t=18.2577182, value=2, duration=None>
18.3694 	EXP 	Device response: <KeyPress from None: t=18.2577182, value=2, duration=0.11051929999996446>
18.7188 	DATA 	Keypress: 5
18.7202 	EXP 	Device response: <KeyPress from None: t=18.713427000000024, value=5, duration=None>
18.8187 	EXP 	Device response: <KeyPress from None: t=18.713427000000024, value=5, duration=0.09532330000001821>
19.1238 	DATA 	Keypress: 0
19.1345 	EXP 	Device response: <KeyPress from None: t=19.121533099999965, value=0, duration=None>
19.2195 	EXP 	Device response: <KeyPress from None: t=19.121533099999965, value=0, duration=0.09381100000007336>
19.6350 	DATA 	Mouse: Left button down, pos=(958,225)
19.6359 	EXP 	New trial (rep=0, index=3): <Trial 3 (3 in rep 0) data={'delay': 0.7, 'freq': 1000, 'condition': 'exp', 'thisN': 3, 'thisTrialN': 3, 'thisRepN': 0}>
19.6510 	EXP 	text: autoDraw = False
19.6510 	EXP 	textbox: autoDraw = False
19.6510 	EXP 	polygon: autoDraw = True
19.7354 	DATA 	Mouse:  Left button up, pos=(958,225)
20.6512 	INFO 	Keyboard events cleared
20.6510 	EXP 	polygon: autoDraw = False
20.6510 	EXP 	polygon_2: autoDraw = True
22.3347 	EXP 	Device response: <KeyPress from None: t=22.328675299999986, value=space, duration=None>
22.3363 	DATA 	Keypress: space
22.3508 	EXP 	polygon: autoDraw = False
22.3508 	EXP 	polygon_2: autoDraw = False
22.4849 	EXP 	Device response: <KeyPress from None: t=22.328675299999986, value=space, duration=0.15515320000008614>
23.0175 	EXP 	Sound sound_1 reached end of file
23.0339 	EXP 	Playing sound sound_1 on speaker Speakers (Realtek(R) Audio)
23.3383 	EXP 	Sound sound_1 stopped
23.3583 	EXP 	text: autoDraw = True
23.3583 	EXP 	textbox: autoDraw = True
24.0982 	DATA 	Keypress: 5
24.1001 	EXP 	Device response: <KeyPress from None: t=24.095352400000024, value=5, duration=None>
24.2031 	EXP 	Device response: <KeyPress from None: t=24.095352400000024, value=5, duration=0.1058212000000367>
24.3073 	DATA 	Keypress: 5
24.3191 	EXP 	Device response: <KeyPress from None: t=24.306414099999984, value=5, duration=None>
24.4021 	EXP 	Device response: <KeyPress from None: t=24.306414099999984, value=5, duration=0.08283060000007936>
24.6080 	DATA 	Keypress: 0
24.6202 	EXP 	Device response: <KeyPress from None: t=24.606374200000005, value=0, duration=None>
24.7192 	EXP 	Device response: <KeyPress from None: t=24.606374200000005, value=0, duration=0.10990700000002107>
25.2948 	DATA 	Mouse: Left button down, pos=(942,222)
25.3034 	EXP 	New trial (rep=0, index=4): <Trial 4 (4 in rep 0) data={'delay': 0.4, 'freq': 1000, 'condition': 'exp', 'thisN': 4, 'thisTrialN': 4, 'thisRepN': 0}>
25.3187 	EXP 	text: autoDraw = False
25.3187 	EXP 	textbox: autoDraw = False
25.3187 	EXP 	polygon: autoDraw = True
25.4190 	DATA 	Mouse:  Left button up, pos=(942,222)
26.3179 	INFO 	Keyboard events cleared
26.3178 	EXP 	polygon_2: autoDraw = True
26.3343 	EXP 	polygon: autoDraw = False
27.8381 	EXP 	Device response: <KeyPress from None: t=27.835374500000057, value=space, duration=None>
27.8401 	DATA 	Keypress: space
27.8534 	EXP 	polygon: autoDraw = False
27.8534 	EXP 	polygon_2: autoDraw = False
27.9874 	EXP 	Device response: <KeyPress from None: t=27.835374500000057, value=space, duration=0.14653729999997722>
28.2364 	EXP 	Sound sound_1 reached end of file
28.2527 	EXP 	Playing sound sound_1 on speaker Speakers (Realtek(R) Audio)
28.5537 	EXP 	Sound sound_1 stopped
28.5746 	EXP 	text: autoDraw = True
28.5746 	EXP 	textbox: autoDraw = True
29.4132 	DATA 	Keypress: 6
29.4236 	EXP 	Device response: <KeyPress from None: t=29.4116348, value=6, duration=None>
29.5516 	EXP 	Device response: <KeyPress from None: t=29.4116348, value=6, duration=0.12428099999999631>
29.7518 	DATA 	Keypress: 0
29.7533 	EXP 	Device response: <KeyPress from None: t=29.749169600000073, value=0, duration=None>
29.8351 	EXP 	Device response: <KeyPress from None: t=29.749169600000073, value=0, duration=0.08268349999991642>
29.9184 	DATA 	Keypress: 0
29.9200 	EXP 	Device response: <KeyPress from None: t=29.91037319999998, value=0, duration=None>
29.9851 	EXP 	Device response: <KeyPress from None: t=29.91037319999998, value=0, duration=0.07128960000000006>
31.1239 	DATA 	Mouse: Left button down, pos=(933,202)
31.1359 	EXP 	New trial (rep=0, index=5): <Trial 5 (5 in rep 0) data={'delay': 0.1, 'freq': 1000, 'condition': 'exp', 'thisN': 5, 'thisTrialN': 5, 'thisRepN': 0}>
31.1513 	EXP 	text: autoDraw = False
31.1513 	EXP 	textbox: autoDraw = False
31.1513 	EXP 	polygon: autoDraw = True
31.3519 	DATA 	Mouse:  Left button up, pos=(933,202)
31.8186 	EXP 	Device response: <KeyPress from None: t=31.805402400000048, value=space, duration=None>
31.8194 	DATA 	Keypress: space
32.0188 	EXP 	Device response: <KeyPress from None: t=31.805402400000048, value=space, duration=0.21262560000002395>
32.1511 	INFO 	Keyboard events cleared
32.1510 	EXP 	polygon: autoDraw = False
32.1510 	EXP 	polygon_2: autoDraw = True
32.7700 	EXP 	Device response: <KeyPress from None: t=32.755859699999974, value=space, duration=None>
32.7721 	DATA 	Keypress: space
32.7865 	EXP 	polygon: autoDraw = False
32.7865 	EXP 	polygon_2: autoDraw = False
32.8531 	EXP 	Sound sound_1 reached end of file
32.8694 	EXP 	Playing sound sound_1 on speaker Speakers (Realtek(R) Audio)
32.9374 	EXP 	Device response: <KeyPress from None: t=32.755859699999974, value=space, duration=0.1795086000000765>
33.1710 	EXP 	Sound sound_1 stopped
33.1913 	EXP 	text: autoDraw = True
33.1913 	EXP 	textbox: autoDraw = True
35.3149 	DATA 	Keypress: 9
35.3253 	EXP 	Device response: <KeyPress from None: t=35.31430050000006, value=9, duration=None>
35.4015 	EXP 	Device response: <KeyPress from None: t=35.31430050000006, value=9, duration=0.07481580000001031>
35.5018 	DATA 	Keypress: 9
35.5036 	EXP 	Device response: <KeyPress from None: t=35.49878839999997, value=9, duration=None>
35.5527 	EXP 	Device response: <KeyPress from None: t=35.49878839999997, value=9, duration=0.05207200000006651>
35.8360 	DATA 	Keypress: 9
35.8378 	EXP 	Device response: <KeyPress from None: t=35.830036000000064, value=9, duration=None>
35.8863 	EXP 	Device response: <KeyPress from None: t=35.830036000000064, value=9, duration=0.05018789999996898>
36.8856 	DATA 	Mouse: Left button down, pos=(933,202)
36.8866 	EXP 	New trial (rep=0, index=6): <Trial 6 (6 in rep 0) data={'delay': 0.7, 'freq': 1000, 'condition': 'exp', 'thisN': 6, 'thisTrialN': 6, 'thisRepN': 0}>
36.9013 	EXP 	text: autoDraw = False
36.9013 	EXP 	textbox: autoDraw = False
36.9013 	EXP 	polygon: autoDraw = True
37.0350 	DATA 	Mouse:  Left button up, pos=(933,202)
37.8864 	INFO 	Keyboard events cleared
37.8862 	EXP 	polygon_2: autoDraw = True
37.9036 	EXP 	polygon: autoDraw = False
39.1698 	EXP 	Device response: <KeyPress from None: t=39.16665950000004, value=space, duration=None>
39.1718 	DATA 	Keypress: space
39.1866 	EXP 	polygon: autoDraw = False
39.1866 	EXP 	polygon_2: autoDraw = False
39.3367 	EXP 	Device response: <KeyPress from None: t=39.16665950000004, value=space, duration=0.15907800000002226>
39.8531 	EXP 	Sound sound_1 reached end of file
39.8693 	EXP 	Playing sound sound_1 on speaker Speakers (Realtek(R) Audio)
40.1705 	EXP 	Sound sound_1 stopped
40.1933 	EXP 	text: autoDraw = True
40.1933 	EXP 	textbox: autoDraw = True
40.6551 	DATA 	Keypress: 9
40.6570 	EXP 	Device response: <KeyPress from None: t=40.652490899999975, value=9, duration=None>
40.7533 	EXP 	Device response: <KeyPress from None: t=40.652490899999975, value=9, duration=0.09689120000007279>
40.8557 	DATA 	Keypress: 9
40.8691 	EXP 	Device response: <KeyPress from None: t=40.853588700000046, value=9, duration=None>
40.9370 	EXP 	Device response: <KeyPress from None: t=40.853588700000046, value=9, duration=0.07490229999996245>
41.3355 	DATA 	Keypress: 9
41.3367 	EXP 	Device response: <KeyPress from None: t=41.32805940000003, value=9, duration=None>
41.4367 	EXP 	Device response: <KeyPress from None: t=41.32805940000003, value=9, duration=0.10199060000002191>
41.7403 	DATA 	Mouse: Left button down, pos=(933,202)
41.7525 	EXP 	New trial (rep=0, index=7): <Trial 7 (7 in rep 0) data={'delay': 0.7, 'freq': 1000, 'condition': 'exp', 'thisN': 7, 'thisTrialN': 7, 'thisRepN': 0}>
41.7678 	EXP 	text: autoDraw = False
41.7678 	EXP 	textbox: autoDraw = False
41.7678 	EXP 	polygon: autoDraw = True
41.8537 	DATA 	Mouse:  Left button up, pos=(933,202)
42.7684 	INFO 	Keyboard events cleared
42.7682 	EXP 	polygon: autoDraw = False
42.7682 	EXP 	polygon_2: autoDraw = True
43.5689 	DATA 	Mouse: Left button down, pos=(945,190)
43.7019 	DATA 	Mouse:  Left button up, pos=(945,190)
44.6202 	EXP 	Device response: <KeyPress from None: t=44.60773619999998, value=space, duration=None>
44.6222 	DATA 	Keypress: space
44.6369 	EXP 	polygon: autoDraw = False
44.6369 	EXP 	polygon_2: autoDraw = False
44.7542 	EXP 	Device response: <KeyPress from None: t=44.60773619999998, value=space, duration=0.13068620000001374>
45.3182 	EXP 	Sound sound_1 reached end of file
45.3345 	EXP 	Playing sound sound_1 on speaker Speakers (Realtek(R) Audio)
45.6293 	EXP 	Sound sound_1 stopped
45.6464 	EXP 	text: autoDraw = True
45.6464 	EXP 	textbox: autoDraw = True
46.0719 	DATA 	Keypress: 9
46.0731 	EXP 	Device response: <KeyPress from None: t=46.068249700000024, value=9, duration=None>
46.1851 	EXP 	Device response: <KeyPress from None: t=46.068249700000024, value=9, duration=0.10447590000001128>
46.2699 	DATA 	Keypress: 9
46.2712 	EXP 	Device response: <KeyPress from None: t=46.265293600000064, value=9, duration=None>
46.3692 	EXP 	Device response: <KeyPress from None: t=46.265293600000064, value=9, duration=0.09780399999999645>
46.5686 	DATA 	Keypress: 9
46.5705 	EXP 	Device response: <KeyPress from None: t=46.56509740000001, value=9, duration=None>
46.6526 	EXP 	Device response: <KeyPress from None: t=46.56509740000001, value=9, duration=0.0798591000000215>
46.9273 	DATA 	Mouse: Left button down, pos=(945,190)
46.9356 	EXP 	New trial (rep=0, index=8): <Trial 8 (8 in rep 0) data={'delay': 0.1, 'freq': 1000, 'condition': 'exp', 'thisN': 8, 'thisTrialN': 8, 'thisRepN': 0}>
46.9516 	EXP 	text: autoDraw = False
46.9516 	EXP 	textbox: autoDraw = False
46.9516 	EXP 	polygon: autoDraw = True
47.0522 	DATA 	Mouse:  Left button up, pos=(945,190)
47.9345 	INFO 	Keyboard events cleared
47.9344 	EXP 	polygon_2: autoDraw = True
47.9510 	EXP 	polygon: autoDraw = False
49.3538 	EXP 	Device response: <KeyPress from None: t=49.34337890000006, value=space, duration=None>
49.3559 	DATA 	Keypress: space
49.3694 	EXP 	polygon: autoDraw = False
49.3694 	EXP 	polygon_2: autoDraw = False
49.4528 	EXP 	Sound sound_1 reached end of file
49.4691 	EXP 	Playing sound sound_1 on speaker Speakers (Realtek(R) Audio)
49.5541 	EXP 	Device response: <KeyPress from None: t=49.34337890000006, value=space, duration=0.19377829999996266>
49.7678 	EXP 	Sound sound_1 stopped
49.7875 	EXP 	text: autoDraw = True
49.7875 	EXP 	textbox: autoDraw = True
52.0256 	DATA 	Keypress: 6
52.0377 	EXP 	Device response: <KeyPress from None: t=52.020511899999974, value=6, duration=None>
52.1681 	EXP 	Device response: <KeyPress from None: t=52.020511899999974, value=6, duration=0.13276200000007066>
52.2393 	DATA 	Keypress: 0
52.2517 	EXP 	Device response: <KeyPress from None: t=52.23577190000003, value=0, duration=None>
52.3849 	EXP 	Device response: <KeyPress from None: t=52.23577190000003, value=0, duration=0.13413040000000365>
52.4574 	DATA 	Keypress: 0
52.4682 	EXP 	Device response: <KeyPress from None: t=52.453192599999966, value=0, duration=None>
52.6192 	EXP 	Device response: <KeyPress from None: t=52.453192599999966, value=0, duration=0.16485990000001038>
52.9094 	DATA 	Mouse: Left button down, pos=(945,190)
52.9184 	EXP 	New trial (rep=0, index=9): <Trial 9 (9 in rep 0) data={'delay': 0.4, 'freq': 1000, 'condition': 'exp', 'thisN': 9, 'thisTrialN': 9, 'thisRepN': 0}>
52.9347 	EXP 	text: autoDraw = False
52.9347 	EXP 	textbox: autoDraw = False
52.9347 	EXP 	polygon: autoDraw = True
53.0686 	DATA 	Mouse:  Left button up, pos=(945,190)
53.9180 	INFO 	Keyboard events cleared
53.9179 	EXP 	polygon_2: autoDraw = True
53.9347 	EXP 	polygon: autoDraw = False
56.9044 	EXP 	Device response: <KeyPress from None: t=56.90209279999999, value=space, duration=None>
56.9066 	DATA 	Keypress: space
56.9193 	EXP 	polygon: autoDraw = False
56.9193 	EXP 	polygon_2: autoDraw = False
57.1036 	EXP 	Device response: <KeyPress from None: t=56.90209279999999, value=space, duration=0.19925130000001445>
57.3035 	EXP 	Sound sound_1 reached end of file
57.3198 	EXP 	Playing sound sound_1 on speaker Speakers (Realtek(R) Audio)
57.6193 	EXP 	Sound sound_1 stopped
57.6398 	EXP 	text: autoDraw = True
57.6398 	EXP 	textbox: autoDraw = True
58.8632 	DATA 	Keypress: 9
58.8708 	EXP 	Device response: <KeyPress from None: t=58.860943200000065, value=9, duration=None>
58.9534 	EXP 	Device response: <KeyPress from None: t=58.860943200000065, value=9, duration=0.08382459999995717>
59.0436 	DATA 	Keypress: 9
59.0513 	EXP 	Device response: <KeyPress from None: t=59.04033300000003, value=9, duration=None>
59.1193 	EXP 	Device response: <KeyPress from None: t=59.04033300000003, value=9, duration=0.0773581999999351>
59.2192 	DATA 	Keypress: 9
59.2209 	EXP 	Device response: <KeyPress from None: t=59.210731399999986, value=9, duration=None>
59.3182 	EXP 	Device response: <KeyPress from None: t=59.210731399999986, value=9, duration=0.09886870000002546>
59.6261 	DATA 	Mouse: Left button down, pos=(945,190)
59.6366 	EXP 	New trial (rep=0, index=10): <Trial 10 (10 in rep 0) data={'delay': 0.4, 'freq': 1000, 'condition': 'exp', 'thisN': 10, 'thisTrialN': 10, 'thisRepN': 0}>
59.6511 	EXP 	text: autoDraw = False
59.6511 	EXP 	textbox: autoDraw = False
59.6511 	EXP 	polygon: autoDraw = True
59.7194 	DATA 	Mouse:  Left button up, pos=(945,190)
60.6370 	INFO 	Keyboard events cleared
60.6369 	EXP 	polygon_2: autoDraw = True
60.6528 	EXP 	polygon: autoDraw = False
61.4535 	EXP 	Device response: <KeyPress from None: t=61.45077279999998, value=space, duration=None>
61.4557 	DATA 	Keypress: space
61.4702 	EXP 	polygon: autoDraw = False
61.4702 	EXP 	polygon_2: autoDraw = False
61.6537 	EXP 	Device response: <KeyPress from None: t=61.45077279999998, value=space, duration=0.1938000000000102>
61.8368 	EXP 	Sound sound_1 reached end of file
61.8531 	EXP 	Playing sound sound_1 on speaker Speakers (Realtek(R) Audio)
62.1517 	EXP 	Sound sound_1 stopped
62.1733 	EXP 	text: autoDraw = True
62.1733 	EXP 	textbox: autoDraw = True
62.6779 	DATA 	Keypress: 9
62.6884 	EXP 	Device response: <KeyPress from None: t=62.6715001, value=9, duration=None>
62.8352 	EXP 	Device response: <KeyPress from None: t=62.6715001, value=9, duration=0.152790600000003>
62.9388 	DATA 	Keypress: 9
62.9512 	EXP 	Device response: <KeyPress from None: t=62.935294399999975, value=9, duration=None>
63.0852 	EXP 	Device response: <KeyPress from None: t=62.935294399999975, value=9, duration=0.14724090000004253>
63.1529 	DATA 	Keypress: 9
63.1549 	EXP 	Device response: <KeyPress from None: t=63.144935900000064, value=9, duration=None>
63.3184 	EXP 	Device response: <KeyPress from None: t=63.144935900000064, value=9, duration=0.1585291999999754>
63.5020 	DATA 	Mouse: Left button down, pos=(945,190)
63.5030 	EXP 	New trial (rep=0, index=11): <Trial 11 (11 in rep 0) data={'delay': 0.1, 'freq': 1000, 'condition': 'exp', 'thisN': 11, 'thisTrialN': 11, 'thisRepN': 0}>
63.5185 	EXP 	text: autoDraw = False
63.5185 	EXP 	textbox: autoDraw = False
63.5185 	EXP 	polygon: autoDraw = True
63.6360 	DATA 	Mouse:  Left button up, pos=(945,190)
64.5033 	INFO 	Keyboard events cleared
64.5032 	EXP 	polygon_2: autoDraw = True
64.5203 	EXP 	polygon: autoDraw = False
65.1040 	EXP 	Device response: <KeyPress from None: t=65.08916239999996, value=space, duration=None>
65.1062 	DATA 	Keypress: space
65.1193 	EXP 	polygon: autoDraw = False
65.1193 	EXP 	polygon_2: autoDraw = False
65.2039 	EXP 	Sound sound_1 reached end of file
65.2202 	EXP 	Playing sound sound_1 on speaker Speakers (Realtek(R) Audio)
65.2874 	EXP 	Device response: <KeyPress from None: t=65.08916239999996, value=space, duration=0.19617030000006253>
65.5147 	EXP 	Sound sound_1 stopped
65.5367 	EXP 	text: autoDraw = True
65.5367 	EXP 	textbox: autoDraw = True
66.4655 	DATA 	Keypress: 6
66.4785 	EXP 	Device response: <KeyPress from None: t=66.46340659999998, value=6, duration=None>
66.5893 	EXP 	Device response: <KeyPress from None: t=66.46340659999998, value=6, duration=0.11278100000004088>
67.1430 	DATA 	Keypress: 6
67.1516 	EXP 	Device response: <KeyPress from None: t=67.1420296, value=6, duration=None>
67.2527 	EXP 	Device response: <KeyPress from None: t=67.1420296, value=6, duration=0.10716930000000957>
67.9066 	DATA 	Keypress: 0
67.9182 	EXP 	Device response: <KeyPress from None: t=67.90438270000004, value=0, duration=None>
68.0351 	EXP 	Device response: <KeyPress from None: t=67.90438270000004, value=0, duration=0.12081469999998262>
68.4857 	DATA 	Mouse: Left button down, pos=(945,190)
68.4868 	EXP 	New trial (rep=0, index=12): <Trial 12 (12 in rep 0) data={'delay': 0.1, 'freq': 400, 'condition': 'unexp', 'thisN': 12, 'thisTrialN': 12, 'thisRepN': 0}>
68.5015 	EXP 	text: autoDraw = False
68.5015 	EXP 	textbox: autoDraw = False
68.5015 	EXP 	polygon: autoDraw = True
68.7032 	DATA 	Mouse:  Left button up, pos=(945,190)
69.5014 	INFO 	Keyboard events cleared
69.5013 	EXP 	polygon: autoDraw = False
69.5013 	EXP 	polygon_2: autoDraw = True
70.2886 	DATA 	Mouse: Left button down, pos=(945,190)
70.3203 	EXP 	Device response: <KeyPress from None: t=70.31951879999997, value=space, duration=None>
70.3227 	DATA 	Keypress: space
70.3363 	EXP 	polygon: autoDraw = False
70.3363 	EXP 	polygon_2: autoDraw = False
70.4184 	EXP 	Sound sound_1 reached end of file
70.4347 	EXP 	Playing sound sound_1 on speaker Speakers (Realtek(R) Audio)
70.5182 	EXP 	Device response: <KeyPress from None: t=70.31951879999997, value=space, duration=0.19353540000008707>
70.5188 	DATA 	Mouse:  Left button up, pos=(945,190)
70.7309 	EXP 	Sound sound_1 stopped
70.7483 	EXP 	text: autoDraw = True
70.7483 	EXP 	textbox: autoDraw = True
72.0259 	DATA 	Keypress: 3
72.0379 	EXP 	Device response: <KeyPress from None: t=72.0193061, value=3, duration=None>
72.1360 	EXP 	Device response: <KeyPress from None: t=72.0193061, value=3, duration=0.11386019999997643>
72.8892 	DATA 	Keypress: backspace
72.9017 	EXP 	Device response: <KeyPress from None: t=72.88633319999997, value=backspace, duration=None>
73.0351 	EXP 	Device response: <KeyPress from None: t=72.88633319999997, value=backspace, duration=0.13385460000006333>
73.2909 	DATA 	Keypress: 4
73.3009 	EXP 	Device response: <KeyPress from None: t=73.28413999999998, value=4, duration=None>
73.4353 	EXP 	Device response: <KeyPress from None: t=73.28413999999998, value=4, duration=0.14156820000005155>
73.9854 	DATA 	Keypress: 0
73.9872 	EXP 	Device response: <KeyPress from None: t=73.97670319999997, value=0, duration=None>
74.0864 	EXP 	Device response: <KeyPress from None: t=73.97670319999997, value=0, duration=0.10338660000002164>
74.1691 	DATA 	Keypress: 0
74.1709 	EXP 	Device response: <KeyPress from None: t=74.16691890000004, value=0, duration=None>
74.2351 	EXP 	Device response: <KeyPress from None: t=74.16691890000004, value=0, duration=0.05195519999995213>
74.5353 	DATA 	Mouse: Left button down, pos=(945,190)
74.5364 	EXP 	New trial (rep=0, index=13): <Trial 13 (13 in rep 0) data={'delay': 0.4, 'freq': 400, 'condition': 'unexp', 'thisN': 13, 'thisTrialN': 13, 'thisRepN': 0}>
74.5511 	EXP 	text: autoDraw = False
74.5511 	EXP 	textbox: autoDraw = False
74.5511 	EXP 	polygon: autoDraw = True
74.6357 	DATA 	Mouse:  Left button up, pos=(945,190)
75.5366 	INFO 	Keyboard events cleared
75.5365 	EXP 	polygon_2: autoDraw = True
75.5512 	EXP 	polygon: autoDraw = False
76.5042 	EXP 	Device response: <KeyPress from None: t=76.49067530000002, value=ralt, duration=None>
76.5053 	DATA 	Keypress: lctrl
76.5055 	DATA 	Keypress: ralt
76.6707 	EXP 	Device response: <KeyPress from None: t=76.49067530000002, value=ralt, duration=0.16916409999998905>
77.0385 	EXP 	Device response: <KeyPress from None: t=77.02698670000007, value=space, duration=None>
77.0405 	DATA 	Keypress: space
77.0534 	EXP 	polygon: autoDraw = False
77.0534 	EXP 	polygon_2: autoDraw = False
77.2038 	EXP 	Device response: <KeyPress from None: t=77.02698670000007, value=space, duration=0.1619621999999481>
77.4370 	EXP 	Sound sound_1 reached end of file
77.4532 	EXP 	Playing sound sound_1 on speaker Speakers (Realtek(R) Audio)
77.7501 	EXP 	Sound sound_1 stopped
77.7674 	EXP 	text: autoDraw = True
77.7674 	EXP 	textbox: autoDraw = True
78.4443 	DATA 	Keypress: 4
78.4548 	EXP 	Device response: <KeyPress from None: t=78.44254009999997, value=4, duration=None>
78.5688 	EXP 	Device response: <KeyPress from None: t=78.44254009999997, value=4, duration=0.11275770000008833>
79.1908 	DATA 	Keypress: 0
79.2017 	EXP 	Device response: <KeyPress from None: t=79.18922870000006, value=0, duration=None>
79.3517 	EXP 	Device response: <KeyPress from None: t=79.18922870000006, value=0, duration=0.15253389999998035>
79.4185 	DATA 	Keypress: 0
79.4203 	EXP 	Device response: <KeyPress from None: t=79.41143220000004, value=0, duration=None>
79.5353 	EXP 	Device response: <KeyPress from None: t=79.41143220000004, value=0, duration=0.11473509999996168>
79.7927 	DATA 	Mouse: Left button down, pos=(945,190)
79.8023 	EXP 	New trial (rep=0, index=14): <Trial 14 (14 in rep 0) data={'delay': 0.4, 'freq': 1000, 'condition': 'exp', 'thisN': 14, 'thisTrialN': 14, 'thisRepN': 0}>
79.8180 	EXP 	text: autoDraw = False
79.8180 	EXP 	textbox: autoDraw = False
79.8180 	EXP 	polygon: autoDraw = True
79.9028 	DATA 	Mouse:  Left button up, pos=(944,190)
80.8188 	INFO 	Keyboard events cleared
80.8187 	EXP 	polygon: autoDraw = False
80.8187 	EXP 	polygon_2: autoDraw = True
80.8681 	EXP 	Device response: <KeyPress from None: t=80.85979010000005, value=space, duration=None>
80.8698 	DATA 	Keypress: space
80.8850 	EXP 	polygon: autoDraw = False
80.8850 	EXP 	polygon_2: autoDraw = False
81.0852 	EXP 	Device response: <KeyPress from None: t=80.85979010000005, value=space, duration=0.22065479999992021>
81.2515 	EXP 	Sound sound_1 reached end of file
81.2678 	EXP 	Playing sound sound_1 on speaker Speakers (Realtek(R) Audio)
81.5688 	EXP 	Sound sound_1 stopped
81.5874 	EXP 	text: autoDraw = True
81.5874 	EXP 	textbox: autoDraw = True
83.5765 	DATA 	Keypress: 9
83.5777 	EXP 	Device response: <KeyPress from None: t=83.57572909999999, value=9, duration=None>
83.6849 	EXP 	Device response: <KeyPress from None: t=83.57572909999999, value=9, duration=0.09440310000002228>
83.7694 	DATA 	Keypress: 9
83.7710 	EXP 	Device response: <KeyPress from None: t=83.76886639999998, value=9, duration=None>
83.9019 	EXP 	Device response: <KeyPress from None: t=83.76886639999998, value=9, duration=0.12380870000004052>
84.1365 	DATA 	Keypress: 9
84.1388 	EXP 	Device response: <KeyPress from None: t=84.12839310000004, value=9, duration=None>
84.2686 	EXP 	Device response: <KeyPress from None: t=84.12839310000004, value=9, duration=0.1352882999999565>
84.7278 	DATA 	Mouse: Left button down, pos=(945,190)
84.7357 	EXP 	New trial (rep=0, index=15): <Trial 15 (15 in rep 0) data={'delay': 0.7, 'freq': 1000, 'condition': 'exp', 'thisN': 15, 'thisTrialN': 15, 'thisRepN': 0}>
84.7511 	EXP 	text: autoDraw = False
84.7511 	EXP 	textbox: autoDraw = False
84.7511 	EXP 	polygon: autoDraw = True
84.8685 	DATA 	Mouse:  Left button up, pos=(945,190)
85.7350 	INFO 	Keyboard events cleared
85.7348 	EXP 	polygon_2: autoDraw = True
85.7511 	EXP 	polygon: autoDraw = False
86.8514 	EXP 	Device response: <KeyPress from None: t=86.84547429999998, value=space, duration=None>
86.8532 	DATA 	Keypress: space
86.8685 	EXP 	polygon: autoDraw = False
86.8685 	EXP 	polygon_2: autoDraw = False
87.0009 	EXP 	Device response: <KeyPress from None: t=86.84547429999998, value=space, duration=0.149961200000007>
87.5350 	EXP 	Sound sound_1 reached end of file
87.5514 	EXP 	Playing sound sound_1 on speaker Speakers (Realtek(R) Audio)
87.8498 	EXP 	Sound sound_1 stopped
87.8671 	EXP 	text: autoDraw = True
87.8671 	EXP 	textbox: autoDraw = True
88.4752 	DATA 	Keypress: 8
88.4979 	EXP 	Device response: <KeyPress from None: t=88.46826120000003, value=8, duration=None>
88.5692 	EXP 	Device response: <KeyPress from None: t=88.46826120000003, value=8, duration=0.09899340000004031>
89.0188 	DATA 	Keypress: backspace
89.0200 	EXP 	Device response: <KeyPress from None: t=89.01362500000005, value=backspace, duration=None>
89.1955 	EXP 	Device response: <KeyPress from None: t=89.01362500000005, value=backspace, duration=0.1651557000000139>
89.7127 	DATA 	Keypress: 9
89.7205 	EXP 	Device response: <KeyPress from None: t=89.71185070000001, value=9, duration=None>
89.8022 	EXP 	Device response: <KeyPress from None: t=89.71185070000001, value=9, duration=0.077987099999973>
89.8855 	DATA 	Keypress: 9
89.8876 	EXP 	Device response: <KeyPress from None: t=89.88256560000002, value=9, duration=None>
90.0183 	EXP 	Device response: <KeyPress from None: t=89.88256560000002, value=9, duration=0.12070779999999104>
90.1593 	DATA 	Keypress: 9
90.1681 	EXP 	Device response: <KeyPress from None: t=90.15843889999996, value=9, duration=None>
90.2856 	EXP 	Device response: <KeyPress from None: t=90.15843889999996, value=9, duration=0.12356230000000323>
90.8927 	DATA 	Mouse: Left button down, pos=(945,190)
90.9024 	EXP 	New trial (rep=1, index=0): <Trial 16 (0 in rep 1) data={'delay': 0.1, 'freq': 1000, 'condition': 'exp', 'thisN': 16, 'thisTrialN': 0, 'thisRepN': 1}>
90.9186 	EXP 	text: autoDraw = False
90.9186 	EXP 	textbox: autoDraw = False
90.9186 	EXP 	polygon: autoDraw = True
91.0020 	DATA 	Mouse:  Left button up, pos=(945,190)
91.9021 	INFO 	Keyboard events cleared
91.9020 	EXP 	polygon_2: autoDraw = True
91.9181 	EXP 	polygon: autoDraw = False
92.5851 	EXP 	Device response: <KeyPress from None: t=92.57066350000002, value=n, duration=None>
92.5852 	EXP 	Device response: <KeyPress from None: t=92.58178420000002, value=space, duration=None>
92.5868 	DATA 	Keypress: n
92.5953 	DATA 	Keypress: space
92.6053 	EXP 	polygon: autoDraw = False
92.6053 	EXP 	polygon_2: autoDraw = False
92.6516 	EXP 	Device response: <KeyPress from None: t=92.57066350000002, value=n, duration=0.07451670000000377>
92.6684 	EXP 	Sound sound_1 reached end of file
92.6847 	EXP 	Playing sound sound_1 on speaker Speakers (Realtek(R) Audio)
92.6849 	EXP 	Device response: <KeyPress from None: t=92.58178420000002, value=space, duration=0.09624840000003587>
92.9801 	EXP 	Sound sound_1 stopped
92.9986 	EXP 	text: autoDraw = True
92.9986 	EXP 	textbox: autoDraw = True
93.9196 	DATA 	Keypress: 9
93.9306 	EXP 	Device response: <KeyPress from None: t=93.91422360000001, value=9, duration=None>
94.0191 	EXP 	Device response: <KeyPress from None: t=93.91422360000001, value=9, duration=0.09924469999998564>
94.0964 	DATA 	Keypress: 9
94.1052 	EXP 	Device response: <KeyPress from None: t=94.09570120000001, value=9, duration=None>
94.2198 	EXP 	Device response: <KeyPress from None: t=94.09570120000001, value=9, duration=0.12335610000002362>
94.6568 	DATA 	Keypress: 9
94.6686 	EXP 	Device response: <KeyPress from None: t=94.65302129999998, value=9, duration=None>
94.8370 	EXP 	Device response: <KeyPress from None: t=94.65302129999998, value=9, duration=0.1801284000000578>
95.1897 	DATA 	Mouse: Left button down, pos=(945,190)
95.2027 	EXP 	New trial (rep=1, index=1): <Trial 17 (1 in rep 1) data={'delay': 0.7, 'freq': 1000, 'condition': 'exp', 'thisN': 17, 'thisTrialN': 1, 'thisRepN': 1}>
95.2180 	EXP 	text: autoDraw = False
95.2180 	EXP 	textbox: autoDraw = False
95.2180 	EXP 	polygon: autoDraw = True
95.3520 	DATA 	Mouse:  Left button up, pos=(945,190)
96.2181 	INFO 	Keyboard events cleared
96.2179 	EXP 	polygon: autoDraw = False
96.2179 	EXP 	polygon_2: autoDraw = True
96.6349 	EXP 	Device response: <KeyPress from None: t=96.62877750000007, value=space, duration=None>
96.6369 	DATA 	Keypress: space
96.6515 	EXP 	polygon: autoDraw = False
96.6515 	EXP 	polygon_2: autoDraw = False
96.8185 	EXP 	Device response: <KeyPress from None: t=96.62877750000007, value=space, duration=0.1724363999999241>
97.3181 	EXP 	Sound sound_1 reached end of file
97.3344 	EXP 	Playing sound sound_1 on speaker Speakers (Realtek(R) Audio)
97.6292 	EXP 	Sound sound_1 stopped
97.6469 	EXP 	text: autoDraw = True
97.6469 	EXP 	textbox: autoDraw = True
98.0075 	DATA 	Keypress: 9
98.0156 	EXP 	Device response: <KeyPress from None: t=98.00493740000002, value=9, duration=None>
98.1191 	EXP 	Device response: <KeyPress from None: t=98.00493740000002, value=9, duration=0.10713039999995999>
98.2073 	DATA 	Keypress: 9
98.2193 	EXP 	Device response: <KeyPress from None: t=98.20417929999996, value=9, duration=None>
98.3519 	EXP 	Device response: <KeyPress from None: t=98.20417929999996, value=9, duration=0.13789870000005067>
98.4394 	DATA 	Keypress: 9
98.4518 	EXP 	Device response: <KeyPress from None: t=98.43537609999998, value=9, duration=None>
98.5515 	EXP 	Device response: <KeyPress from None: t=98.43537609999998, value=9, duration=0.10102930000005017>
99.2234 	DATA 	Mouse: Left button down, pos=(844,287)
99.3852 	DATA 	Mouse:  Left button up, pos=(844,287)
100.6185 	DATA 	Mouse: Left button down, pos=(886,228)
100.6194 	EXP 	New trial (rep=1, index=2): <Trial 18 (2 in rep 1) data={'delay': 0.7, 'freq': 1000, 'condition': 'exp', 'thisN': 18, 'thisTrialN': 2, 'thisRepN': 1}>
100.6349 	EXP 	text: autoDraw = False
100.6349 	EXP 	textbox: autoDraw = False
100.6349 	EXP 	polygon: autoDraw = True
100.7524 	DATA 	Mouse:  Left button up, pos=(886,228)
101.5696 	EXP 	Device response: <KeyPress from None: t=101.56088669999997, value=space, duration=None>
101.5705 	DATA 	Keypress: space
101.6348 	INFO 	Keyboard events cleared
101.6347 	EXP 	polygon: autoDraw = False
101.6347 	EXP 	polygon_2: autoDraw = True
101.7357 	EXP 	Device response: <KeyPress from None: t=101.56088669999997, value=space, duration=0.15891980000003514>
102.9853 	EXP 	Device response: <KeyPress from None: t=102.97495260000005, value=space, duration=None>
102.9875 	DATA 	Keypress: space
103.0012 	EXP 	polygon: autoDraw = False
103.0012 	EXP 	polygon_2: autoDraw = False
103.1677 	EXP 	Device response: <KeyPress from None: t=102.97495260000005, value=space, duration=0.18343800000002375>
103.6684 	EXP 	Sound sound_1 reached end of file
103.6847 	EXP 	Playing sound sound_1 on speaker Speakers (Realtek(R) Audio)
103.9803 	EXP 	Sound sound_1 stopped
103.9988 	EXP 	text: autoDraw = True
103.9988 	EXP 	textbox: autoDraw = True
104.3355 	DATA 	Keypress: 9
104.3367 	EXP 	Device response: <KeyPress from None: t=104.33491119999996, value=9, duration=None>
104.5030 	EXP 	Device response: <KeyPress from None: t=104.33491119999996, value=9, duration=0.16397620000009283>
105.4190 	DATA 	Keypress: backspace
105.4205 	EXP 	Device response: <KeyPress from None: t=105.4136681, value=backspace, duration=None>
105.5915 	EXP 	Device response: <KeyPress from None: t=105.4136681, value=backspace, duration=0.1743340000000444>
105.9219 	DATA 	Keypress: 8
105.9234 	EXP 	Device response: <KeyPress from None: t=105.9174428, value=8, duration=None>
106.0850 	EXP 	Device response: <KeyPress from None: t=105.9174428, value=8, duration=0.15808530000003884>
106.1243 	DATA 	Keypress: 0
106.1349 	EXP 	Device response: <KeyPress from None: t=106.12023750000003, value=0, duration=None>
106.2529 	EXP 	Device response: <KeyPress from None: t=106.12023750000003, value=0, duration=0.13012800000001334>
106.3270 	DATA 	Keypress: 0
106.3348 	EXP 	Device response: <KeyPress from None: t=106.32451379999998, value=0, duration=None>
106.4349 	EXP 	Device response: <KeyPress from None: t=106.32451379999998, value=0, duration=0.09996260000002621>
106.7065 	DATA 	Mouse: Left button down, pos=(886,228)
106.7203 	EXP 	New trial (rep=1, index=3): <Trial 19 (3 in rep 1) data={'delay': 0.4, 'freq': 400, 'condition': 'unexp', 'thisN': 19, 'thisTrialN': 3, 'thisRepN': 1}>
106.7348 	EXP 	text: autoDraw = False
106.7348 	EXP 	textbox: autoDraw = False
106.7348 	EXP 	polygon: autoDraw = True
106.8364 	DATA 	Mouse:  Left button up, pos=(886,228)
107.7185 	EXP 	Device response: <KeyPress from None: t=107.71591710000007, value=space, duration=None>
107.7195 	DATA 	Keypress: space
107.7354 	INFO 	Keyboard events cleared
107.7353 	EXP 	polygon: autoDraw = False
107.7353 	EXP 	polygon_2: autoDraw = True
107.9183 	EXP 	Device response: <KeyPress from None: t=107.71591710000007, value=space, duration=0.20030369999994946>
108.2357 	EXP 	Device response: <KeyPress from None: t=108.22142010000005, value=space, duration=None>
108.2374 	DATA 	Keypress: space
108.2515 	EXP 	polygon: autoDraw = False
108.2515 	EXP 	polygon_2: autoDraw = False
108.4181 	EXP 	Device response: <KeyPress from None: t=108.22142010000005, value=space, duration=0.18071999999995114>
108.6348 	EXP 	Sound sound_1 reached end of file
108.6512 	EXP 	Playing sound sound_1 on speaker Speakers (Realtek(R) Audio)
108.9467 	EXP 	Sound sound_1 stopped
108.9636 	EXP 	text: autoDraw = True
108.9636 	EXP 	textbox: autoDraw = True
110.4788 	DATA 	Keypress: 4
110.4888 	EXP 	Device response: <KeyPress from None: t=110.4739932, value=4, duration=None>
110.5852 	EXP 	Device response: <KeyPress from None: t=110.4739932, value=4, duration=0.09861290000003464>
111.2767 	DATA 	Keypress: backspace
111.2854 	EXP 	Device response: <KeyPress from None: t=111.27610749999997, value=backspace, duration=None>
111.4371 	EXP 	Device response: <KeyPress from None: t=111.27610749999997, value=backspace, duration=0.15994070000010652>
111.4651 	DATA 	Keypress: 3
111.4733 	EXP 	Device response: <KeyPress from None: t=111.46357080000007, value=3, duration=None>
111.6017 	EXP 	Device response: <KeyPress from None: t=111.46357080000007, value=3, duration=0.12774359999991702>
111.7898 	DATA 	Keypress: 5
111.8022 	EXP 	Device response: <KeyPress from None: t=111.78663200000005, value=5, duration=None>
111.9194 	EXP 	Device response: <KeyPress from None: t=111.78663200000005, value=5, duration=0.12164519999998902>
112.1083 	DATA 	Keypress: 0
112.1195 	EXP 	Device response: <KeyPress from None: t=112.10668640000006, value=0, duration=None>
112.2354 	EXP 	Device response: <KeyPress from None: t=112.10668640000006, value=0, duration=0.12156269999991309>
112.8194 	DATA 	Mouse: Left button down, pos=(886,228)
112.8205 	EXP 	New trial (rep=1, index=4): <Trial 20 (4 in rep 1) data={'delay': 0.1, 'freq': 1000, 'condition': 'exp', 'thisN': 20, 'thisTrialN': 4, 'thisRepN': 1}>
112.8345 	EXP 	text: autoDraw = False
112.8345 	EXP 	textbox: autoDraw = False
112.8345 	EXP 	polygon: autoDraw = True
112.9527 	DATA 	Mouse:  Left button up, pos=(886,228)
113.8348 	INFO 	Keyboard events cleared
113.8347 	EXP 	polygon: autoDraw = False
113.8347 	EXP 	polygon_2: autoDraw = True
114.7848 	EXP 	Device response: <KeyPress from None: t=114.77722030000007, value=space, duration=None>
114.7865 	DATA 	Keypress: space
114.8017 	EXP 	polygon: autoDraw = False
114.8017 	EXP 	polygon_2: autoDraw = False
114.8690 	EXP 	Sound sound_1 reached end of file
114.8852 	EXP 	Playing sound sound_1 on speaker Speakers (Realtek(R) Audio)
115.0015 	EXP 	Device response: <KeyPress from None: t=114.77722030000007, value=space, duration=0.22184189999995851>
115.1812 	EXP 	Sound sound_1 stopped
115.1990 	EXP 	text: autoDraw = True
115.1990 	EXP 	textbox: autoDraw = True
116.7234 	DATA 	Keypress: 7
116.7338 	EXP 	Device response: <KeyPress from None: t=116.72276340000008, value=7, duration=None>
116.8361 	EXP 	Device response: <KeyPress from None: t=116.72276340000008, value=7, duration=0.1118624999999156>
117.2269 	DATA 	Keypress: 0
117.2355 	EXP 	Device response: <KeyPress from None: t=117.22490690000006, value=0, duration=None>
117.3192 	EXP 	Device response: <KeyPress from None: t=117.22490690000006, value=0, duration=0.08928079999998317>
117.3778 	DATA 	Keypress: 0
117.3862 	EXP 	Device response: <KeyPress from None: t=117.3753213, value=0, duration=None>
117.4700 	EXP 	Device response: <KeyPress from None: t=117.3753213, value=0, duration=0.09305300000005445>
118.1728 	DATA 	Mouse: Left button down, pos=(886,224)
118.1872 	EXP 	New trial (rep=1, index=5): <Trial 21 (5 in rep 1) data={'delay': 0.4, 'freq': 1000, 'condition': 'exp', 'thisN': 21, 'thisTrialN': 5, 'thisRepN': 1}>
118.2009 	EXP 	text: autoDraw = False
118.2009 	EXP 	textbox: autoDraw = False
118.2009 	EXP 	polygon: autoDraw = True
118.2527 	DATA 	Mouse:  Left button up, pos=(886,224)
119.0519 	EXP 	Device response: <KeyPress from None: t=119.03605349999998, value=space, duration=None>
119.0526 	DATA 	Keypress: space
119.2014 	INFO 	Keyboard events cleared
119.2013 	EXP 	polygon: autoDraw = False
119.2013 	EXP 	polygon_2: autoDraw = True
119.5368 	EXP 	Device response: <KeyPress from None: t=119.53104240000005, value=space, duration=None>
119.5394 	DATA 	Keypress: space
119.5535 	EXP 	polygon: autoDraw = False
119.5535 	EXP 	polygon_2: autoDraw = False
119.7036 	EXP 	Device response: <KeyPress from None: t=119.03605349999998, value=space, duration=0.6669785000000275>
119.9203 	EXP 	Sound sound_1 reached end of file
119.9366 	EXP 	Playing sound sound_1 on speaker Speakers (Realtek(R) Audio)
120.2358 	EXP 	Sound sound_1 stopped
120.2568 	EXP 	text: autoDraw = True
120.2568 	EXP 	textbox: autoDraw = True
121.0884 	DATA 	Keypress: 7
121.0898 	EXP 	Device response: <KeyPress from None: t=121.08364030000007, value=7, duration=None>
121.2353 	EXP 	Device response: <KeyPress from None: t=121.08364030000007, value=7, duration=0.14139239999997244>
121.6522 	DATA 	Keypress: 0
121.6541 	EXP 	Device response: <KeyPress from None: t=121.64430560000005, value=0, duration=None>
121.7526 	EXP 	Device response: <KeyPress from None: t=121.64430560000005, value=0, duration=0.09901270000000295>
121.8229 	DATA 	Keypress: 0
121.8352 	EXP 	Device response: <KeyPress from None: t=121.82185060000006, value=0, duration=None>
121.9188 	EXP 	Device response: <KeyPress from None: t=121.82185060000006, value=0, duration=0.08081139999990228>
122.1463 	DATA 	Mouse: Left button down, pos=(886,224)
122.1546 	EXP 	New trial (rep=1, index=6): <Trial 22 (6 in rep 1) data={'delay': 0.1, 'freq': 1000, 'condition': 'exp', 'thisN': 22, 'thisTrialN': 6, 'thisRepN': 1}>
122.1681 	EXP 	text: autoDraw = False
122.1681 	EXP 	textbox: autoDraw = False
122.1681 	EXP 	polygon: autoDraw = True
122.3029 	DATA 	Mouse:  Left button up, pos=(886,224)
122.7350 	EXP 	Device response: <KeyPress from None: t=122.72616670000002, value=space, duration=None>
122.7357 	DATA 	Keypress: space
122.9352 	EXP 	Device response: <KeyPress from None: t=119.53104240000005, value=space, duration=3.3876891999999543>
123.1540 	INFO 	Keyboard events cleared
123.1539 	EXP 	polygon_2: autoDraw = True
123.1697 	EXP 	polygon: autoDraw = False
123.4889 	DATA 	Keypress: space
123.5035 	EXP 	Device response: <KeyPress from None: t=123.48696900000004, value=space, duration=None>
123.5199 	EXP 	polygon: autoDraw = False
123.5199 	EXP 	polygon_2: autoDraw = False
123.5868 	EXP 	Sound sound_1 reached end of file
123.6031 	EXP 	Playing sound sound_1 on speaker Speakers (Realtek(R) Audio)
123.6376 	EXP 	Device response: <KeyPress from None: t=122.72616670000002, value=space, duration=0.8936622999999599>
123.9046 	EXP 	Sound sound_1 stopped
123.9254 	EXP 	text: autoDraw = True
123.9254 	EXP 	textbox: autoDraw = True
124.5053 	DATA 	Keypress: space
124.5162 	EXP 	Device response: <KeyPress from None: t=124.50406750000002, value=space, duration=None>
124.5357 	EXP 	Device response: <KeyPress from None: t=123.48696900000004, value=space, duration=1.0373541999999816>
124.8352 	DATA 	Keypress: 9
124.8364 	EXP 	Device response: <KeyPress from None: t=124.83313080000005, value=9, duration=None>
124.9698 	EXP 	Device response: <KeyPress from None: t=124.83313080000005, value=9, duration=0.1285738000000265>
125.1357 	DATA 	Keypress: 9
125.1369 	EXP 	Device response: <KeyPress from None: t=125.13178140000002, value=9, duration=None>
125.3021 	EXP 	Device response: <KeyPress from None: t=125.13178140000002, value=9, duration=0.16086800000005042>
125.5402 	DATA 	Keypress: 9
125.5513 	EXP 	Device response: <KeyPress from None: t=125.53767089999997, value=9, duration=None>
125.6525 	EXP 	Device response: <KeyPress from None: t=125.53767089999997, value=9, duration=0.09794640000006893>
125.9089 	DATA 	Mouse: Left button down, pos=(886,224)
125.9203 	EXP 	New trial (rep=1, index=7): <Trial 23 (7 in rep 1) data={'delay': 0.7, 'freq': 1000, 'condition': 'exp', 'thisN': 23, 'thisTrialN': 7, 'thisRepN': 1}>
125.9342 	EXP 	text: autoDraw = False
125.9342 	EXP 	textbox: autoDraw = False
125.9342 	EXP 	polygon: autoDraw = True
126.0368 	DATA 	Mouse:  Left button up, pos=(886,224)
126.4192 	EXP 	Device response: <KeyPress from None: t=126.41689400000007, value=space, duration=None>
126.4202 	DATA 	Keypress: space
126.5016 	EXP 	Device response: <KeyPress from None: t=124.50406750000002, value=space, duration=1.9953745000000254>
126.7853 	EXP 	Device response: <KeyPress from None: t=126.77726089999999, value=space, duration=None>
126.7862 	DATA 	Keypress: space
126.9354 	INFO 	Keyboard events cleared
126.9352 	EXP 	polygon: autoDraw = False
126.9352 	EXP 	polygon_2: autoDraw = True
127.2687 	EXP 	Device response: <KeyPress from None: t=127.26512279999997, value=space, duration=None>
127.2703 	DATA 	Keypress: space
127.2846 	EXP 	polygon: autoDraw = False
127.2846 	EXP 	polygon_2: autoDraw = False
127.4182 	EXP 	Device response: <KeyPress from None: t=126.41689400000007, value=space, duration=0.9942414999999301>
127.9683 	EXP 	Sound sound_1 reached end of file
127.9846 	EXP 	Playing sound sound_1 on speaker Speakers (Realtek(R) Audio)
128.2887 	EXP 	Sound sound_1 stopped
128.3098 	EXP 	text: autoDraw = True
128.3098 	EXP 	textbox: autoDraw = True
128.7022 	DATA 	Keypress: 9
128.7136 	EXP 	Device response: <KeyPress from None: t=128.70061340000007, value=9, duration=None>
128.8855 	EXP 	Device response: <KeyPress from None: t=128.70061340000007, value=9, duration=0.17443199999991066>
128.9595 	DATA 	Keypress: 9
128.9688 	EXP 	Device response: <KeyPress from None: t=128.95684430000006, value=9, duration=None>
129.0684 	EXP 	Device response: <KeyPress from None: t=128.95684430000006, value=9, duration=0.1001822999999149>
129.2936 	DATA 	Keypress: 9
129.3019 	EXP 	Device response: <KeyPress from None: t=129.29180029999998, value=9, duration=None>
129.4192 	EXP 	Device response: <KeyPress from None: t=129.29180029999998, value=9, duration=0.11717290000001412>
129.7529 	DATA 	Mouse: Left button down, pos=(886,224)
129.7539 	EXP 	New trial (rep=1, index=8): <Trial 24 (8 in rep 1) data={'delay': 0.4, 'freq': 1000, 'condition': 'exp', 'thisN': 24, 'thisTrialN': 8, 'thisRepN': 1}>
129.7680 	EXP 	text: autoDraw = False
129.7680 	EXP 	textbox: autoDraw = False
129.7680 	EXP 	polygon: autoDraw = True
129.8865 	DATA 	Mouse:  Left button up, pos=(886,224)
130.7538 	INFO 	Keyboard events cleared
130.7536 	EXP 	polygon_2: autoDraw = True
130.7702 	EXP 	polygon: autoDraw = False
131.3016 	EXP 	Device response: <KeyPress from None: t=131.29462710000007, value=space, duration=None>
131.3035 	DATA 	Keypress: space
131.3198 	EXP 	polygon: autoDraw = False
131.3198 	EXP 	polygon_2: autoDraw = False
131.4683 	EXP 	Device response: <KeyPress from None: t=126.77726089999999, value=space, duration=4.681241699999987>
131.6877 	EXP 	Sound sound_1 reached end of file
131.7040 	EXP 	Playing sound sound_1 on speaker Speakers (Realtek(R) Audio)
132.0030 	EXP 	Sound sound_1 stopped
132.0206 	EXP 	text: autoDraw = True
132.0206 	EXP 	textbox: autoDraw = True
132.8526 	DATA 	Keypress: 9
132.8544 	EXP 	Device response: <KeyPress from None: t=132.84544619999997, value=9, duration=None>
133.0027 	EXP 	Device response: <KeyPress from None: t=132.84544619999997, value=9, duration=0.15409950000002937>
133.1397 	DATA 	Keypress: 9
133.1527 	EXP 	Device response: <KeyPress from None: t=133.13643760000002, value=9, duration=None>
133.2691 	EXP 	Device response: <KeyPress from None: t=133.13643760000002, value=9, duration=0.11984259999996993>
133.3854 	DATA 	Keypress: 9
133.3870 	EXP 	Device response: <KeyPress from None: t=133.38279880000005, value=9, duration=None>
133.5019 	EXP 	Device response: <KeyPress from None: t=133.38279880000005, value=9, duration=0.10673150000002352>
133.7737 	DATA 	Mouse: Left button down, pos=(886,224)
133.7856 	EXP 	New trial (rep=1, index=9): <Trial 25 (9 in rep 1) data={'delay': 0.1, 'freq': 400, 'condition': 'unexp', 'thisN': 25, 'thisTrialN': 9, 'thisRepN': 1}>
133.8020 	EXP 	text: autoDraw = False
133.8020 	EXP 	textbox: autoDraw = False
133.8020 	EXP 	polygon: autoDraw = True
133.9206 	DATA 	Mouse:  Left button up, pos=(886,224)
134.3854 	DATA 	Mouse: Left button down, pos=(886,224)
134.6031 	DATA 	Mouse:  Left button up, pos=(886,224)
134.7194 	EXP 	Device response: <KeyPress from None: t=134.70456360000003, value=space, duration=None>
134.7204 	DATA 	Keypress: space
134.8017 	INFO 	Keyboard events cleared
134.8015 	EXP 	polygon: autoDraw = False
134.8015 	EXP 	polygon_2: autoDraw = True
134.8687 	EXP 	Device response: <KeyPress from None: t=127.26512279999997, value=space, duration=7.5955311000000165>
135.2372 	EXP 	Device response: <KeyPress from None: t=135.22558430000004, value=space, duration=None>
135.2388 	DATA 	Keypress: space
135.2531 	EXP 	polygon: autoDraw = False
135.2531 	EXP 	polygon_2: autoDraw = False
135.3204 	EXP 	Sound sound_1 reached end of file
135.3366 	EXP 	Playing sound sound_1 on speaker Speakers (Realtek(R) Audio)
135.3872 	EXP 	Device response: <KeyPress from None: t=131.29462710000007, value=space, duration=4.085317199999963>
135.6386 	EXP 	Sound sound_1 stopped
135.6592 	EXP 	text: autoDraw = True
135.6592 	EXP 	textbox: autoDraw = True
136.6900 	DATA 	Keypress: 4
136.6914 	EXP 	Device response: <KeyPress from None: t=136.68765889999997, value=4, duration=None>
136.8523 	EXP 	Device response: <KeyPress from None: t=136.68765889999997, value=4, duration=0.15123620000008486>
136.9355 	DATA 	Keypress: 0
136.9374 	EXP 	Device response: <KeyPress from None: t=136.92967710000005, value=0, duration=None>
137.0195 	EXP 	Device response: <KeyPress from None: t=136.92967710000005, value=0, duration=0.08515969999996287>
137.1236 	DATA 	Keypress: 0
137.1363 	EXP 	Device response: <KeyPress from None: t=137.12087810000003, value=0, duration=None>
137.1692 	EXP 	Device response: <KeyPress from None: t=137.12087810000003, value=0, duration=0.03883999999993648>
137.4356 	DATA 	Mouse: Left button down, pos=(886,224)
137.4366 	EXP 	New trial (rep=1, index=10): <Trial 26 (10 in rep 1) data={'delay': 0.1, 'freq': 400, 'condition': 'unexp', 'thisN': 26, 'thisTrialN': 10, 'thisRepN': 1}>
137.4513 	EXP 	text: autoDraw = False
137.4513 	EXP 	textbox: autoDraw = False
137.4513 	EXP 	polygon: autoDraw = True
137.5700 	DATA 	Mouse:  Left button up, pos=(886,224)
138.0690 	EXP 	Device response: <KeyPress from None: t=138.06835009999998, value=space, duration=None>
138.0701 	DATA 	Keypress: space
138.2520 	EXP 	Device response: <KeyPress from None: t=134.70456360000003, value=space, duration=3.531014599999935>
138.3517 	EXP 	Device response: <KeyPress from None: t=138.34592220000002, value=space, duration=None>
138.3525 	DATA 	Keypress: space
138.4531 	INFO 	Keyboard events cleared
138.4530 	EXP 	polygon: autoDraw = False
138.4530 	EXP 	polygon_2: autoDraw = True
138.5377 	EXP 	Device response: <KeyPress from None: t=135.22558430000004, value=space, duration=3.3026495000000295>
139.8214 	EXP 	Device response: <KeyPress from None: t=139.81728570000007, value=space, duration=None>
139.8235 	DATA 	Keypress: space
139.8367 	EXP 	polygon: autoDraw = False
139.8367 	EXP 	polygon_2: autoDraw = False
139.9203 	EXP 	Sound sound_1 reached end of file
139.9366 	EXP 	Playing sound sound_1 on speaker Speakers (Realtek(R) Audio)
140.0041 	EXP 	Device response: <KeyPress from None: t=138.06835009999998, value=space, duration=1.9216312000000926>
140.2390 	EXP 	Sound sound_1 stopped
140.2570 	EXP 	text: autoDraw = True
140.2570 	EXP 	textbox: autoDraw = True
141.2713 	DATA 	Keypress: 4
141.2725 	EXP 	Device response: <KeyPress from None: t=141.27063050000004, value=4, duration=None>
141.3861 	EXP 	Device response: <KeyPress from None: t=141.27063050000004, value=4, duration=0.10974620000001778>
141.5187 	DATA 	Keypress: 0
141.5200 	EXP 	Device response: <KeyPress from None: t=141.50958409999998, value=0, duration=None>
141.6522 	EXP 	Device response: <KeyPress from None: t=141.50958409999998, value=0, duration=0.13287830000001577>
141.7358 	DATA 	Keypress: 0
141.7376 	EXP 	Device response: <KeyPress from None: t=141.7257876, value=0, duration=None>
141.8191 	EXP 	Device response: <KeyPress from None: t=141.7257876, value=0, duration=0.08731169999998656>
142.1527 	DATA 	Mouse: Left button down, pos=(886,224)
142.1539 	EXP 	New trial (rep=1, index=11): <Trial 27 (11 in rep 1) data={'delay': 0.7, 'freq': 400, 'condition': 'unexp', 'thisN': 27, 'thisTrialN': 11, 'thisRepN': 1}>
142.1683 	EXP 	text: autoDraw = False
142.1683 	EXP 	textbox: autoDraw = False
142.1683 	EXP 	polygon: autoDraw = True
142.2692 	DATA 	Mouse:  Left button up, pos=(886,224)
142.9854 	EXP 	Device response: <KeyPress from None: t=142.97507530000007, value=space, duration=None>
142.9862 	DATA 	Keypress: space
143.1518 	EXP 	Device response: <KeyPress from None: t=138.34592220000002, value=space, duration=4.800311299999976>
143.1682 	INFO 	Keyboard events cleared
143.1680 	EXP 	polygon: autoDraw = False
143.1680 	EXP 	polygon_2: autoDraw = True
143.5024 	EXP 	Device response: <KeyPress from None: t=143.50083660000007, value=space, duration=None>
143.5039 	DATA 	Keypress: space
143.5183 	EXP 	polygon: autoDraw = False
143.5183 	EXP 	polygon_2: autoDraw = False
143.6520 	EXP 	Device response: <KeyPress from None: t=139.81728570000007, value=space, duration=3.825174500000003>
144.2017 	EXP 	Sound sound_1 reached end of file
144.2181 	EXP 	Playing sound sound_1 on speaker Speakers (Realtek(R) Audio)
144.5123 	EXP 	Sound sound_1 stopped
144.5304 	EXP 	text: autoDraw = True
144.5304 	EXP 	textbox: autoDraw = True
145.0641 	DATA 	Keypress: 4
145.0717 	EXP 	Device response: <KeyPress from None: t=145.06150479999997, value=4, duration=None>
145.1192 	EXP 	Device response: <KeyPress from None: t=145.06150479999997, value=4, duration=0.05096880000007786>
145.3251 	DATA 	Keypress: 9
145.3358 	EXP 	Device response: <KeyPress from None: t=145.31992000000002, value=9, duration=None>
145.4533 	EXP 	Device response: <KeyPress from None: t=145.31992000000002, value=9, duration=0.12989070000003267>
145.5405 	DATA 	Keypress: 9
145.5519 	EXP 	Device response: <KeyPress from None: t=145.5373565, value=9, duration=None>
145.6525 	EXP 	Device response: <KeyPress from None: t=145.5373565, value=9, duration=0.10470989999998892>
146.8525 	DATA 	Mouse: Left button down, pos=(886,224)
146.8534 	EXP 	New trial (rep=1, index=12): <Trial 28 (12 in rep 1) data={'delay': 0.1, 'freq': 1000, 'condition': 'exp', 'thisN': 28, 'thisTrialN': 12, 'thisRepN': 1}>
146.8689 	EXP 	text: autoDraw = False
146.8689 	EXP 	textbox: autoDraw = False
146.8689 	EXP 	polygon: autoDraw = True
147.0026 	DATA 	Mouse:  Left button up, pos=(886,224)
147.8679 	INFO 	Keyboard events cleared
147.8678 	EXP 	polygon: autoDraw = False
147.8678 	EXP 	polygon_2: autoDraw = True
148.6373 	EXP 	Device response: <KeyPress from None: t=148.62812080000003, value=space, duration=None>
148.6395 	DATA 	Keypress: space
148.6532 	EXP 	polygon: autoDraw = False
148.6532 	EXP 	polygon_2: autoDraw = False
148.7203 	EXP 	Sound sound_1 reached end of file
148.7366 	EXP 	Playing sound sound_1 on speaker Speakers (Realtek(R) Audio)
148.8037 	EXP 	Device response: <KeyPress from None: t=142.97507530000007, value=space, duration=5.814621099999954>
149.0343 	EXP 	Sound sound_1 stopped
149.0560 	EXP 	text: autoDraw = True
149.0560 	EXP 	textbox: autoDraw = True
150.6275 	DATA 	Keypress: 9
150.6288 	EXP 	Device response: <KeyPress from None: t=150.6259093, value=9, duration=None>
150.7200 	EXP 	Device response: <KeyPress from None: t=150.6259093, value=9, duration=0.08785330000000613>
150.8103 	DATA 	Keypress: 9
150.8189 	EXP 	Device response: <KeyPress from None: t=150.80804520000004, value=9, duration=None>
150.9187 	EXP 	Device response: <KeyPress from None: t=150.80804520000004, value=9, duration=0.09584929999994074>
151.1693 	DATA 	Keypress: 9
151.1708 	EXP 	Device response: <KeyPress from None: t=151.16367479999997, value=9, duration=None>
151.2690 	EXP 	Device response: <KeyPress from None: t=151.16367479999997, value=9, duration=0.09811510000008639>
151.5356 	DATA 	Mouse: Left button down, pos=(886,224)
151.5365 	EXP 	New trial (rep=1, index=13): <Trial 29 (13 in rep 1) data={'delay': 0.4, 'freq': 1000, 'condition': 'exp', 'thisN': 29, 'thisTrialN': 13, 'thisRepN': 1}>
151.5522 	EXP 	text: autoDraw = False
151.5522 	EXP 	textbox: autoDraw = False
151.5522 	EXP 	polygon: autoDraw = True
151.6528 	DATA 	Mouse:  Left button up, pos=(886,224)
152.2187 	EXP 	Device response: <KeyPress from None: t=152.21652719999997, value=space, duration=None>
152.2195 	DATA 	Keypress: space
152.3856 	EXP 	Device response: <KeyPress from None: t=143.50083660000007, value=space, duration=8.874828899999898>
152.5523 	INFO 	Keyboard events cleared
152.5521 	EXP 	polygon: autoDraw = False
152.5521 	EXP 	polygon_2: autoDraw = True
152.8702 	EXP 	Device response: <KeyPress from None: t=152.85597610000002, value=space, duration=None>
152.8724 	DATA 	Keypress: space
152.8866 	EXP 	polygon: autoDraw = False
152.8866 	EXP 	polygon_2: autoDraw = False
153.0704 	EXP 	Device response: <KeyPress from None: t=148.62812080000003, value=space, duration=4.429667999999992>
153.2536 	EXP 	Sound sound_1 reached end of file
153.2699 	EXP 	Playing sound sound_1 on speaker Speakers (Realtek(R) Audio)
153.5668 	EXP 	Sound sound_1 stopped
153.5890 	EXP 	text: autoDraw = True
153.5890 	EXP 	textbox: autoDraw = True
154.0025 	DATA 	Keypress: 9
154.0039 	EXP 	Device response: <KeyPress from None: t=153.99978050000004, value=9, duration=None>
154.1196 	EXP 	Device response: <KeyPress from None: t=153.99978050000004, value=9, duration=0.11160549999999603>
154.2235 	DATA 	Keypress: 9
154.2358 	EXP 	Device response: <KeyPress from None: t=154.2226319, value=9, duration=None>
154.3357 	EXP 	Device response: <KeyPress from None: t=154.2226319, value=9, duration=0.09891219999997247>
154.7029 	DATA 	Keypress: 9
154.7044 	EXP 	Device response: <KeyPress from None: t=154.70246829999996, value=9, duration=None>
154.8198 	EXP 	Device response: <KeyPress from None: t=154.70246829999996, value=9, duration=0.11212760000000799>
155.5023 	DATA 	Mouse: Left button down, pos=(886,224)
155.5032 	EXP 	New trial (rep=1, index=14): <Trial 30 (14 in rep 1) data={'delay': 0.7, 'freq': 1000, 'condition': 'exp', 'thisN': 30, 'thisTrialN': 14, 'thisRepN': 1}>
155.5187 	EXP 	text: autoDraw = False
155.5187 	EXP 	textbox: autoDraw = False
155.5187 	EXP 	polygon: autoDraw = True
155.6363 	DATA 	Mouse:  Left button up, pos=(886,224)
156.5185 	INFO 	Keyboard events cleared
156.5184 	EXP 	polygon: autoDraw = False
156.5184 	EXP 	polygon_2: autoDraw = True
156.9543 	EXP 	Device response: <KeyPress from None: t=156.9450054, value=space, duration=None>
156.9562 	DATA 	Keypress: space
156.9703 	EXP 	polygon: autoDraw = False
156.9703 	EXP 	polygon_2: autoDraw = False
157.1704 	EXP 	Device response: <KeyPress from None: t=152.21652719999997, value=space, duration=4.950663400000053>
157.6372 	EXP 	Sound sound_1 reached end of file
157.6535 	EXP 	Playing sound sound_1 on speaker Speakers (Realtek(R) Audio)
157.9547 	EXP 	Sound sound_1 stopped
157.9742 	EXP 	text: autoDraw = True
157.9742 	EXP 	textbox: autoDraw = True
158.2437 	DATA 	Keypress: 9
158.2522 	EXP 	Device response: <KeyPress from None: t=158.2418447, value=9, duration=None>
158.4364 	EXP 	Device response: <KeyPress from None: t=158.2418447, value=9, duration=0.18723350000004757>
158.5351 	DATA 	Keypress: 9
158.5370 	EXP 	Device response: <KeyPress from None: t=158.53187100000002, value=9, duration=None>
158.6857 	EXP 	Device response: <KeyPress from None: t=158.53187100000002, value=9, duration=0.14346799999998439>
158.7600 	DATA 	Keypress: 9
158.7687 	EXP 	Device response: <KeyPress from None: t=158.75887160000002, value=9, duration=None>
158.9521 	EXP 	Device response: <KeyPress from None: t=158.75887160000002, value=9, duration=0.18060579999996662>
159.2860 	DATA 	Mouse: Left button down, pos=(886,224)
159.2872 	EXP 	New trial (rep=1, index=15): <Trial 31 (15 in rep 1) data={'delay': 0.4, 'freq': 1000, 'condition': 'exp', 'thisN': 31, 'thisTrialN': 15, 'thisRepN': 1}>
159.3014 	EXP 	text: autoDraw = False
159.3014 	EXP 	textbox: autoDraw = False
159.3014 	EXP 	polygon: autoDraw = True
159.4366 	DATA 	Mouse:  Left button up, pos=(886,224)
160.3021 	INFO 	Keyboard events cleared
160.3020 	EXP 	polygon: autoDraw = False
160.3020 	EXP 	polygon_2: autoDraw = True
160.7856 	EXP 	Device response: <KeyPress from None: t=160.7767718, value=space, duration=None>
160.7875 	DATA 	Keypress: space
160.8014 	EXP 	polygon: autoDraw = False
160.8014 	EXP 	polygon_2: autoDraw = False
160.9690 	EXP 	Device response: <KeyPress from None: t=152.85597610000002, value=space, duration=8.102746199999956>
161.1703 	EXP 	Sound sound_1 reached end of file
161.1865 	EXP 	Playing sound sound_1 on speaker Speakers (Realtek(R) Audio)
161.4828 	EXP 	Sound sound_1 stopped
161.5034 	EXP 	text: autoDraw = True
161.5034 	EXP 	textbox: autoDraw = True
161.6342 	DATA 	Keypress: 9
161.6446 	EXP 	Device response: <KeyPress from None: t=161.63370199999997, value=9, duration=None>
162.0688 	EXP 	Device response: <KeyPress from None: t=161.63370199999997, value=9, duration=0.42687550000005103>
162.3227 	DATA 	Keypress: 9
162.3355 	EXP 	Device response: <KeyPress from None: t=162.3199422, value=9, duration=None>
162.5200 	EXP 	Device response: <KeyPress from None: t=162.3199422, value=9, duration=0.19608840000000782>
162.6731 	DATA 	Keypress: 9
162.6855 	EXP 	Device response: <KeyPress from None: t=162.66926780000006, value=9, duration=None>
162.8369 	EXP 	Device response: <KeyPress from None: t=162.66926780000006, value=9, duration=0.16472759999999198>
163.1071 	DATA 	Mouse: Left button down, pos=(921,243)
163.1196 	EXP 	New trial (rep=2, index=0): <Trial 32 (0 in rep 2) data={'delay': 0.1, 'freq': 400, 'condition': 'unexp', 'thisN': 32, 'thisTrialN': 0, 'thisRepN': 2}>
163.1359 	EXP 	text: autoDraw = False
163.1359 	EXP 	textbox: autoDraw = False
163.1359 	EXP 	polygon: autoDraw = True
163.2359 	DATA 	Mouse:  Left button up, pos=(921,243)
164.1352 	INFO 	Keyboard events cleared
164.1351 	EXP 	polygon: autoDraw = False
164.1351 	EXP 	polygon_2: autoDraw = True
164.8041 	EXP 	Device response: <KeyPress from None: t=164.79517140000007, value=space, duration=None>
164.8059 	DATA 	Keypress: space
164.8177 	EXP 	polygon: autoDraw = False
164.8177 	EXP 	polygon_2: autoDraw = False
164.8873 	EXP 	Sound sound_1 reached end of file
164.9035 	EXP 	Playing sound sound_1 on speaker Speakers (Realtek(R) Audio)
164.9690 	EXP 	Device response: <KeyPress from None: t=156.9450054, value=space, duration=8.012452100000019>
165.2061 	EXP 	Sound sound_1 stopped
165.2244 	EXP 	text: autoDraw = True
165.2244 	EXP 	textbox: autoDraw = True
167.1900 	DATA 	Keypress: 3
167.1916 	EXP 	Device response: <KeyPress from None: t=167.18660090000003, value=3, duration=None>
167.3201 	EXP 	Device response: <KeyPress from None: t=167.18660090000003, value=3, duration=0.12726290000000517>
167.5188 	DATA 	Keypress: 5
167.5203 	EXP 	Device response: <KeyPress from None: t=167.51640980000002, value=5, duration=None>
167.6861 	EXP 	Device response: <KeyPress from None: t=167.51640980000002, value=5, duration=0.1662807000000157>
167.7356 	DATA 	Keypress: 0
167.7369 	EXP 	Device response: <KeyPress from None: t=167.73132750000002, value=0, duration=None>
167.8866 	EXP 	Device response: <KeyPress from None: t=167.73132750000002, value=0, duration=0.15420050000000174>
168.1692 	DATA 	Mouse: Left button down, pos=(948,254)
168.1703 	EXP 	New trial (rep=2, index=1): <Trial 33 (1 in rep 2) data={'delay': 0.4, 'freq': 1000, 'condition': 'exp', 'thisN': 33, 'thisTrialN': 1, 'thisRepN': 2}>
168.1850 	EXP 	text: autoDraw = False
168.1850 	EXP 	textbox: autoDraw = False
168.1850 	EXP 	polygon: autoDraw = True
168.3202 	DATA 	Mouse:  Left button up, pos=(948,254)
168.6687 	EXP 	Device response: <KeyPress from None: t=168.66240419999997, value=space, duration=None>
168.6699 	DATA 	Keypress: space
168.8685 	EXP 	Device response: <KeyPress from None: t=160.7767718, value=space, duration=8.07671479999999>
169.1852 	INFO 	Keyboard events cleared
169.1851 	EXP 	polygon: autoDraw = False
169.1851 	EXP 	polygon_2: autoDraw = True
169.5215 	EXP 	Device response: <KeyPress from None: t=169.50662350000005, value=space, duration=None>
169.5235 	DATA 	Keypress: space
169.5371 	EXP 	polygon: autoDraw = False
169.5371 	EXP 	polygon_2: autoDraw = False
169.6702 	EXP 	Device response: <KeyPress from None: t=164.79517140000007, value=space, duration=4.870610699999929>
169.9208 	EXP 	Sound sound_1 reached end of file
169.9371 	EXP 	Playing sound sound_1 on speaker Speakers (Realtek(R) Audio)
170.2315 	EXP 	Sound sound_1 stopped
170.2521 	EXP 	text: autoDraw = True
170.2521 	EXP 	textbox: autoDraw = True
174.7456 	DATA 	Keypress: 5
174.7540 	EXP 	Device response: <KeyPress from None: t=174.74186229999998, value=5, duration=None>
174.8856 	EXP 	Device response: <KeyPress from None: t=174.74186229999998, value=5, duration=0.12869580000005953>
175.6524 	DATA 	Keypress: 0
175.6537 	EXP 	Device response: <KeyPress from None: t=175.65149659999997, value=0, duration=None>
175.7901 	EXP 	Device response: <KeyPress from None: t=175.65149659999997, value=0, duration=0.12949100000003>
175.8738 	DATA 	Keypress: 0
175.8762 	EXP 	Device response: <KeyPress from None: t=175.87281919999998, value=0, duration=None>
175.9592 	EXP 	Device response: <KeyPress from None: t=175.87281919999998, value=0, duration=0.07786930000008851>
176.2417 	DATA 	Mouse: Left button down, pos=(948,254)
176.2542 	EXP 	New trial (rep=2, index=2): <Trial 34 (2 in rep 2) data={'delay': 0.1, 'freq': 1000, 'condition': 'exp', 'thisN': 34, 'thisTrialN': 2, 'thisRepN': 2}>
176.2686 	EXP 	text: autoDraw = False
176.2686 	EXP 	textbox: autoDraw = False
176.2686 	EXP 	polygon: autoDraw = True
176.3867 	DATA 	Mouse:  Left button up, pos=(948,254)
176.7195 	DATA 	Keypress: space
176.7360 	EXP 	Device response: <KeyPress from None: t=176.71898620000002, value=space, duration=None>
176.8858 	EXP 	Device response: <KeyPress from None: t=168.66240419999997, value=space, duration=8.220206600000097>
177.2692 	INFO 	Keyboard events cleared
177.2691 	EXP 	polygon: autoDraw = False
177.2691 	EXP 	polygon_2: autoDraw = True
177.5032 	DATA 	Keypress: space
177.5185 	EXP 	Device response: <KeyPress from None: t=177.50245860000007, value=space, duration=None>
177.5349 	EXP 	polygon: autoDraw = False
177.5349 	EXP 	polygon_2: autoDraw = False
177.6025 	EXP 	Sound sound_1 reached end of file
177.6187 	EXP 	Playing sound sound_1 on speaker Speakers (Realtek(R) Audio)
177.6691 	EXP 	Device response: <KeyPress from None: t=169.50662350000005, value=space, duration=8.160660000000007>
177.9186 	EXP 	Sound sound_1 stopped
177.9373 	EXP 	text: autoDraw = True
177.9373 	EXP 	textbox: autoDraw = True
178.7795 	DATA 	Keypress: 9
178.7870 	EXP 	Device response: <KeyPress from None: t=178.77857640000002, value=9, duration=None>
178.8861 	EXP 	Device response: <KeyPress from None: t=178.77857640000002, value=9, duration=0.1050595000000385>
178.9861 	DATA 	Keypress: 9
178.9876 	EXP 	Device response: <KeyPress from None: t=178.98353329999998, value=9, duration=None>
179.0866 	EXP 	Device response: <KeyPress from None: t=178.98353329999998, value=9, duration=0.09841510000001108>
179.3236 	DATA 	Keypress: 9
179.3355 	EXP 	Device response: <KeyPress from None: t=179.32084810000003, value=9, duration=None>
179.4187 	EXP 	Device response: <KeyPress from None: t=179.32084810000003, value=9, duration=0.08796110000002955>
179.8688 	DATA 	Mouse: Left button down, pos=(948,254)
179.8699 	EXP 	New trial (rep=2, index=3): <Trial 35 (3 in rep 2) data={'delay': 0.1, 'freq': 1000, 'condition': 'exp', 'thisN': 35, 'thisTrialN': 3, 'thisRepN': 2}>
179.8847 	EXP 	text: autoDraw = False
179.8847 	EXP 	textbox: autoDraw = False
179.8847 	EXP 	polygon: autoDraw = True
180.0034 	DATA 	Mouse:  Left button up, pos=(948,254)
180.5522 	EXP 	Device response: <KeyPress from None: t=180.54053780000004, value=space, duration=None>
180.5531 	DATA 	Keypress: space
180.6354 	EXP 	Device response: <KeyPress from None: t=176.71898620000002, value=space, duration=3.9076813000000357>
180.8858 	INFO 	Keyboard events cleared
180.8856 	EXP 	polygon: autoDraw = False
180.8856 	EXP 	polygon_2: autoDraw = True
181.4378 	EXP 	Device response: <KeyPress from None: t=181.43581730000005, value=space, duration=None>
181.4399 	DATA 	Keypress: space
181.4536 	EXP 	polygon: autoDraw = False
181.4536 	EXP 	polygon_2: autoDraw = False
181.5375 	EXP 	Sound sound_1 reached end of file
181.5538 	EXP 	Playing sound sound_1 on speaker Speakers (Realtek(R) Audio)
181.6353 	EXP 	Device response: <KeyPress from None: t=177.50245860000007, value=space, duration=4.1228536999999505>
181.8548 	EXP 	Sound sound_1 stopped
181.8720 	EXP 	text: autoDraw = True
181.8720 	EXP 	textbox: autoDraw = True
182.4041 	DATA 	Keypress: 9
182.4116 	EXP 	Device response: <KeyPress from None: t=182.40226970000003, value=9, duration=None>
182.5523 	EXP 	Device response: <KeyPress from None: t=182.40226970000003, value=9, duration=0.1395906999999852>
182.6367 	DATA 	Keypress: 9
182.6385 	EXP 	Device response: <KeyPress from None: t=182.62666760000002, value=9, duration=None>
182.7355 	EXP 	Device response: <KeyPress from None: t=182.62666760000002, value=9, duration=0.09483620000003157>
182.8110 	DATA 	Keypress: 9
182.8192 	EXP 	Device response: <KeyPress from None: t=182.8081512, value=9, duration=None>
182.9035 	EXP 	Device response: <KeyPress from None: t=182.8081512, value=9, duration=0.08866490000002614>
183.2867 	DATA 	Mouse: Left button down, pos=(948,254)
183.2883 	EXP 	New trial (rep=2, index=4): <Trial 36 (4 in rep 2) data={'delay': 0.1, 'freq': 1000, 'condition': 'exp', 'thisN': 36, 'thisTrialN': 4, 'thisRepN': 2}>
183.3013 	EXP 	text: autoDraw = False
183.3013 	EXP 	textbox: autoDraw = False
183.3013 	EXP 	polygon: autoDraw = True
183.4195 	DATA 	Mouse:  Left button up, pos=(948,254)
184.3024 	INFO 	Keyboard events cleared
184.3023 	EXP 	polygon: autoDraw = False
184.3023 	EXP 	polygon_2: autoDraw = True
185.0523 	EXP 	Device response: <KeyPress from None: t=185.03789560000007, value=space, duration=None>
185.0540 	DATA 	Keypress: space
185.0683 	EXP 	polygon: autoDraw = False
185.0683 	EXP 	polygon_2: autoDraw = False
185.1355 	EXP 	Sound sound_1 reached end of file
185.1518 	EXP 	Playing sound sound_1 on speaker Speakers (Realtek(R) Audio)
185.3022 	EXP 	Device response: <KeyPress from None: t=180.54053780000004, value=space, duration=4.7515405999999984>
185.4506 	EXP 	Sound sound_1 stopped
185.4711 	EXP 	text: autoDraw = True
185.4711 	EXP 	textbox: autoDraw = True
186.0543 	DATA 	Keypress: 0
186.0555 	EXP 	Device response: <KeyPress from None: t=186.05314710000005, value=0, duration=None>
186.2027 	EXP 	Device response: <KeyPress from None: t=186.05314710000005, value=0, duration=0.13259949999996934>
186.6077 	DATA 	Keypress: backspace
186.6192 	EXP 	Device response: <KeyPress from None: t=186.60421640000004, value=backspace, duration=None>
186.8020 	EXP 	Device response: <KeyPress from None: t=186.60421640000004, value=backspace, duration=0.18181749999996555>
186.9129 	DATA 	Keypress: 9
186.9213 	EXP 	Device response: <KeyPress from None: t=186.91211120000003, value=9, duration=None>
187.0867 	EXP 	Device response: <KeyPress from None: t=186.91211120000003, value=9, duration=0.16909450000002835>
187.1862 	DATA 	Keypress: 9
187.1874 	EXP 	Device response: <KeyPress from None: t=187.18389060000004, value=9, duration=None>
187.3190 	EXP 	Device response: <KeyPress from None: t=187.18389060000004, value=9, duration=0.12104939999994713>
187.5025 	DATA 	Keypress: 9
187.5041 	EXP 	Device response: <KeyPress from None: t=187.49763900000005, value=9, duration=None>
187.5854 	EXP 	Device response: <KeyPress from None: t=187.49763900000005, value=9, duration=0.07741359999999986>
188.1946 	DATA 	Mouse: Left button down, pos=(951,256)
188.2032 	EXP 	New trial (rep=2, index=5): <Trial 37 (5 in rep 2) data={'delay': 0.7, 'freq': 1000, 'condition': 'exp', 'thisN': 37, 'thisTrialN': 5, 'thisRepN': 2}>
188.2184 	EXP 	text: autoDraw = False
188.2184 	EXP 	textbox: autoDraw = False
188.2184 	EXP 	polygon: autoDraw = True
188.2532 	DATA 	Mouse:  Left button up, pos=(951,256)
189.1546 	EXP 	Device response: <KeyPress from None: t=189.13922520000006, value=space, duration=None>
189.1547 	EXP 	Device response: <KeyPress from None: t=189.14951889999998, value=m, duration=None>
189.1562 	DATA 	Keypress: space
189.1573 	DATA 	Keypress: m
189.2041 	INFO 	Keyboard events cleared
189.2039 	EXP 	polygon_2: autoDraw = True
189.2204 	EXP 	polygon: autoDraw = False
189.2875 	EXP 	Device response: <KeyPress from None: t=181.43581730000005, value=space, duration=7.8458572999999205>
189.3208 	EXP 	Device response: <KeyPress from None: t=189.14951889999998, value=m, duration=0.1546385999999984>
190.0047 	EXP 	Device response: <KeyPress from None: t=189.99976560000005, value=space, duration=None>
190.0071 	DATA 	Keypress: space
190.0202 	EXP 	polygon: autoDraw = False
190.0202 	EXP 	polygon_2: autoDraw = False
190.2209 	EXP 	Device response: <KeyPress from None: t=185.03789560000007, value=space, duration=5.167979799999898>
190.7045 	EXP 	Sound sound_1 reached end of file
190.7208 	EXP 	Playing sound sound_1 on speaker Speakers (Realtek(R) Audio)
190.7047 	EXP 	Device response: <KeyPress from None: t=190.6883229, value=space, duration=None>
190.7055 	DATA 	Keypress: space
190.8710 	EXP 	Device response: <KeyPress from None: t=189.13922520000006, value=space, duration=1.7238907999999356>
191.0197 	EXP 	Sound sound_1 stopped
191.0418 	EXP 	text: autoDraw = True
191.0418 	EXP 	textbox: autoDraw = True
192.9707 	DATA 	Keypress: 7
192.9721 	EXP 	Device response: <KeyPress from None: t=192.96624740000004, value=7, duration=None>
193.0531 	EXP 	Device response: <KeyPress from None: t=192.96624740000004, value=7, duration=0.0844984000000295>
193.4362 	DATA 	Keypress: 0
193.4377 	EXP 	Device response: <KeyPress from None: t=193.43114090000006, value=0, duration=None>
193.5529 	EXP 	Device response: <KeyPress from None: t=193.43114090000006, value=0, duration=0.11431289999995897>
193.6237 	DATA 	Keypress: 0
193.6355 	EXP 	Device response: <KeyPress from None: t=193.62066979999997, value=0, duration=None>
193.7190 	EXP 	Device response: <KeyPress from None: t=193.62066979999997, value=0, duration=0.08896000000004278>
193.9527 	DATA 	Mouse: Left button down, pos=(951,256)
193.9539 	EXP 	New trial (rep=2, index=6): <Trial 38 (6 in rep 2) data={'delay': 0.4, 'freq': 400, 'condition': 'unexp', 'thisN': 38, 'thisTrialN': 6, 'thisRepN': 2}>
193.9682 	EXP 	text: autoDraw = False
193.9682 	EXP 	textbox: autoDraw = False
193.9682 	EXP 	polygon: autoDraw = True
194.1043 	DATA 	Mouse:  Left button up, pos=(951,256)
194.5194 	EXP 	Device response: <KeyPress from None: t=194.50823890000004, value=space, duration=None>
194.5206 	DATA 	Keypress: space
194.6359 	EXP 	Device response: <KeyPress from None: t=189.99976560000005, value=space, duration=4.633603799999946>
194.9687 	INFO 	Keyboard events cleared
194.9685 	EXP 	polygon: autoDraw = False
194.9685 	EXP 	polygon_2: autoDraw = True
196.9686 	EXP 	Device response: <KeyPress from None: t=196.95325560000003, value=space, duration=None>
196.9706 	DATA 	Keypress: space
196.9851 	EXP 	polygon: autoDraw = False
196.9851 	EXP 	polygon_2: autoDraw = False
197.1523 	EXP 	Device response: <KeyPress from None: t=190.6883229, value=space, duration=6.462992999999983>
197.3535 	EXP 	Sound sound_1 reached end of file
197.3699 	EXP 	Playing sound sound_1 on speaker Speakers (Realtek(R) Audio)
197.6685 	EXP 	Sound sound_1 stopped
197.6885 	EXP 	text: autoDraw = True
197.6885 	EXP 	textbox: autoDraw = True
199.1977 	DATA 	Keypress: 3
199.2097 	EXP 	Device response: <KeyPress from None: t=199.19290590000003, value=3, duration=None>
199.3356 	EXP 	Device response: <KeyPress from None: t=199.19290590000003, value=3, duration=0.1322535000000471>
199.5201 	DATA 	Keypress: 5
199.5217 	EXP 	Device response: <KeyPress from None: t=199.51899709999998, value=5, duration=None>
199.6361 	EXP 	Device response: <KeyPress from None: t=199.51899709999998, value=5, duration=0.11336070000004383>
199.7528 	DATA 	Keypress: 0
199.7546 	EXP 	Device response: <KeyPress from None: t=199.74824350000006, value=0, duration=None>
199.9190 	EXP 	Device response: <KeyPress from None: t=199.74824350000006, value=0, duration=0.15521789999991142>
201.1236 	DATA 	Mouse: Left button down, pos=(953,236)
201.1365 	EXP 	New trial (rep=2, index=7): <Trial 39 (7 in rep 2) data={'delay': 0.7, 'freq': 1000, 'condition': 'exp', 'thisN': 39, 'thisTrialN': 7, 'thisRepN': 2}>
201.1521 	EXP 	text: autoDraw = False
201.1521 	EXP 	textbox: autoDraw = False
201.1521 	EXP 	polygon: autoDraw = True
201.3526 	DATA 	Mouse:  Left button up, pos=(953,236)
202.1374 	INFO 	Keyboard events cleared
202.1371 	EXP 	polygon_2: autoDraw = True
202.1542 	EXP 	polygon: autoDraw = False
203.2541 	EXP 	Device response: <KeyPress from None: t=203.24634300000002, value=space, duration=None>
203.2565 	DATA 	Keypress: space
203.2698 	EXP 	polygon: autoDraw = False
203.2698 	EXP 	polygon_2: autoDraw = False
203.4378 	EXP 	Device response: <KeyPress from None: t=194.50823890000004, value=space, duration=8.914967299999944>
203.9373 	EXP 	Sound sound_1 reached end of file
203.9536 	EXP 	Playing sound sound_1 on speaker Speakers (Realtek(R) Audio)
204.2484 	EXP 	Sound sound_1 stopped
204.2687 	EXP 	text: autoDraw = True
204.2687 	EXP 	textbox: autoDraw = True
205.2707 	DATA 	Keypress: 7
205.2819 	EXP 	Device response: <KeyPress from None: t=205.2666398, value=7, duration=None>
205.3691 	EXP 	Device response: <KeyPress from None: t=205.2666398, value=7, duration=0.08801379999999881>
205.5855 	DATA 	Keypress: 0
205.5867 	EXP 	Device response: <KeyPress from None: t=205.57767230000002, value=0, duration=None>
205.7021 	EXP 	Device response: <KeyPress from None: t=205.57767230000002, value=0, duration=0.11096540000005461>
205.7774 	DATA 	Keypress: 0
205.7858 	EXP 	Device response: <KeyPress from None: t=205.77508720000003, value=0, duration=None>
205.8195 	EXP 	Device response: <KeyPress from None: t=205.77508720000003, value=0, duration=0.03605200000004061>
206.6073 	DATA 	Mouse: Left button down, pos=(953,236)
206.6195 	EXP 	New trial (rep=2, index=8): <Trial 40 (8 in rep 2) data={'delay': 0.4, 'freq': 1000, 'condition': 'exp', 'thisN': 40, 'thisTrialN': 8, 'thisRepN': 2}>
206.6360 	EXP 	text: autoDraw = False
206.6360 	EXP 	textbox: autoDraw = False
206.6360 	EXP 	polygon: autoDraw = True
207.1858 	DATA 	Mouse:  Left button up, pos=(949,192)
207.6186 	INFO 	Keyboard events cleared
207.6185 	EXP 	polygon_2: autoDraw = True
207.6349 	EXP 	polygon: autoDraw = False
207.9192 	EXP 	Device response: <KeyPress from None: t=207.91001570000003, value=space, duration=None>
207.9207 	DATA 	Keypress: space
207.9352 	EXP 	polygon: autoDraw = False
207.9352 	EXP 	polygon_2: autoDraw = False
208.1187 	EXP 	Device response: <KeyPress from None: t=196.95325560000003, value=space, duration=11.15099029999999>
208.3184 	EXP 	Sound sound_1 reached end of file
208.3348 	EXP 	Playing sound sound_1 on speaker Speakers (Realtek(R) Audio)
208.6308 	EXP 	Sound sound_1 stopped
208.6476 	EXP 	text: autoDraw = True
208.6476 	EXP 	textbox: autoDraw = True
209.3223 	DATA 	Keypress: 9
209.3299 	EXP 	Device response: <KeyPress from None: t=209.32037400000002, value=9, duration=None>
209.4025 	EXP 	Device response: <KeyPress from None: t=209.32037400000002, value=9, duration=0.06811079999999947>
209.6700 	DATA 	Keypress: 9
209.6713 	EXP 	Device response: <KeyPress from None: t=209.66945499999997, value=9, duration=None>
209.8032 	EXP 	Device response: <KeyPress from None: t=209.66945499999997, value=9, duration=0.12258150000002388>
210.0244 	DATA 	Keypress: 9
210.0373 	EXP 	Device response: <KeyPress from None: t=210.02116030000002, value=9, duration=None>
210.0862 	EXP 	Device response: <KeyPress from None: t=210.02116030000002, value=9, duration=0.056196900000031746>
210.9525 	DATA 	Mouse: Left button down, pos=(949,192)
210.9537 	EXP 	New trial (rep=2, index=9): <Trial 41 (9 in rep 2) data={'delay': 0.4, 'freq': 1000, 'condition': 'exp', 'thisN': 41, 'thisTrialN': 9, 'thisRepN': 2}>
210.9684 	EXP 	text: autoDraw = False
210.9684 	EXP 	textbox: autoDraw = False
210.9684 	EXP 	polygon: autoDraw = True
211.1860 	DATA 	Mouse:  Left button up, pos=(949,192)
211.9538 	INFO 	Keyboard events cleared
211.9537 	EXP 	polygon_2: autoDraw = True
211.9706 	EXP 	polygon: autoDraw = False
212.5044 	EXP 	Device response: <KeyPress from None: t=212.4991556, value=space, duration=None>
212.5070 	DATA 	Keypress: space
212.5204 	EXP 	polygon: autoDraw = False
212.5204 	EXP 	polygon_2: autoDraw = False
212.6710 	EXP 	Device response: <KeyPress from None: t=203.24634300000002, value=space, duration=9.421409199999971>
212.9037 	EXP 	Sound sound_1 reached end of file
212.9200 	EXP 	Playing sound sound_1 on speaker Speakers (Realtek(R) Audio)
213.2191 	EXP 	Sound sound_1 stopped
213.2413 	EXP 	text: autoDraw = True
213.2413 	EXP 	textbox: autoDraw = True
213.7155 	DATA 	Keypress: 9
213.7269 	EXP 	Device response: <KeyPress from None: t=213.71086230000003, value=9, duration=None>
213.8039 	EXP 	Device response: <KeyPress from None: t=213.71086230000003, value=9, duration=0.09134499999993295>
214.2022 	DATA 	Keypress: backspace
214.2033 	EXP 	Device response: <KeyPress from None: t=214.19906179999998, value=backspace, duration=None>
214.3790 	EXP 	Device response: <KeyPress from None: t=214.19906179999998, value=backspace, duration=0.17107099999998354>
214.5939 	DATA 	Keypress: 8
214.6053 	EXP 	Device response: <KeyPress from None: t=214.5910331, value=8, duration=None>
214.7039 	EXP 	Device response: <KeyPress from None: t=214.5910331, value=8, duration=0.10910069999999905>
214.8355 	DATA 	Keypress: 0
214.8375 	EXP 	Device response: <KeyPress from None: t=214.8322286, value=0, duration=None>
214.9693 	EXP 	Device response: <KeyPress from None: t=214.8322286, value=0, duration=0.12295510000001286>
215.0434 	DATA 	Keypress: 0
215.0522 	EXP 	Device response: <KeyPress from None: t=215.03969600000005, value=0, duration=None>
215.1198 	EXP 	Device response: <KeyPress from None: t=215.03969600000005, value=0, duration=0.0791061999999556>
216.4358 	DATA 	Mouse: Left button down, pos=(949,192)
216.4368 	EXP 	New trial (rep=2, index=10): <Trial 42 (10 in rep 2) data={'delay': 0.4, 'freq': 1000, 'condition': 'exp', 'thisN': 42, 'thisTrialN': 10, 'thisRepN': 2}>
216.4523 	EXP 	text: autoDraw = False
216.4523 	EXP 	textbox: autoDraw = False
216.4523 	EXP 	polygon: autoDraw = True
216.6698 	DATA 	Mouse:  Left button up, pos=(949,192)
217.4370 	INFO 	Keyboard events cleared
217.4369 	EXP 	polygon_2: autoDraw = True
217.4524 	EXP 	polygon: autoDraw = False
217.7372 	EXP 	Device response: <KeyPress from None: t=217.73423890000004, value=space, duration=None>
217.7400 	DATA 	Keypress: space
217.7520 	EXP 	polygon: autoDraw = False
217.7520 	EXP 	polygon_2: autoDraw = False
217.8531 	EXP 	Device response: <KeyPress from None: t=207.91001570000003, value=space, duration=9.928182200000037>
218.1207 	EXP 	Sound sound_1 reached end of file
218.1370 	EXP 	Playing sound sound_1 on speaker Speakers (Realtek(R) Audio)
218.4384 	EXP 	Sound sound_1 stopped
218.4558 	EXP 	text: autoDraw = True
218.4558 	EXP 	textbox: autoDraw = True
219.0791 	DATA 	Keypress: 8
219.0868 	EXP 	Device response: <KeyPress from None: t=219.07804210000006, value=8, duration=None>
219.1861 	EXP 	Device response: <KeyPress from None: t=219.07804210000006, value=8, duration=0.1008511999999655>
219.3528 	DATA 	Keypress: 0
219.3541 	EXP 	Device response: <KeyPress from None: t=219.35061050000002, value=0, duration=None>
219.4857 	EXP 	Device response: <KeyPress from None: t=219.35061050000002, value=0, duration=0.12351730000000316>
219.5734 	DATA 	Keypress: 0
219.5862 	EXP 	Device response: <KeyPress from None: t=219.57158660000005, value=0, duration=None>
219.6362 	EXP 	Device response: <KeyPress from None: t=219.57158660000005, value=0, duration=0.05607220000001689>
221.1272 	DATA 	Mouse: Left button down, pos=(951,206)
221.1362 	EXP 	New trial (rep=2, index=11): <Trial 43 (11 in rep 2) data={'delay': 0.7, 'freq': 400, 'condition': 'unexp', 'thisN': 43, 'thisTrialN': 11, 'thisRepN': 2}>
221.1518 	EXP 	text: autoDraw = False
221.1518 	EXP 	textbox: autoDraw = False
221.1518 	EXP 	polygon: autoDraw = True
221.3701 	DATA 	Mouse:  Left button up, pos=(951,206)
222.1519 	INFO 	Keyboard events cleared
222.1518 	EXP 	polygon: autoDraw = False
222.1518 	EXP 	polygon_2: autoDraw = True
222.7688 	EXP 	Device response: <KeyPress from None: t=222.7530528000001, value=space, duration=None>
222.7704 	DATA 	Keypress: space
222.7857 	EXP 	polygon: autoDraw = False
222.7857 	EXP 	polygon_2: autoDraw = False
222.9519 	EXP 	Device response: <KeyPress from None: t=212.4991556, value=space, duration=10.440831499999945>
223.4541 	EXP 	Sound sound_1 reached end of file
223.4704 	EXP 	Playing sound sound_1 on speaker Speakers (Realtek(R) Audio)
223.7671 	EXP 	Sound sound_1 stopped
223.7864 	EXP 	text: autoDraw = True
223.7864 	EXP 	textbox: autoDraw = True
225.3163 	DATA 	Keypress: 4
225.3238 	EXP 	Device response: <KeyPress from None: t=225.3133262, value=4, duration=None>
225.4356 	EXP 	Device response: <KeyPress from None: t=225.3133262, value=4, duration=0.10772909999991498>
225.5111 	DATA 	Keypress: 0
225.5192 	EXP 	Device response: <KeyPress from None: t=225.5085373999999, value=0, duration=None>
225.6190 	EXP 	Device response: <KeyPress from None: t=225.5085373999999, value=0, duration=0.09795920000010483>
225.6934 	DATA 	Keypress: 0
225.7022 	EXP 	Device response: <KeyPress from None: t=225.6899876000001, value=0, duration=None>
225.7696 	EXP 	Device response: <KeyPress from None: t=225.6899876000001, value=0, duration=0.07598309999980302>
227.3026 	DATA 	Mouse: Left button down, pos=(951,206)
227.3035 	EXP 	New trial (rep=2, index=12): <Trial 44 (12 in rep 2) data={'delay': 0.1, 'freq': 1000, 'condition': 'exp', 'thisN': 44, 'thisTrialN': 12, 'thisRepN': 2}>
227.3190 	EXP 	text: autoDraw = False
227.3190 	EXP 	textbox: autoDraw = False
227.3190 	EXP 	polygon: autoDraw = True
227.5195 	DATA 	Mouse:  Left button up, pos=(951,206)
228.3188 	INFO 	Keyboard events cleared
228.3187 	EXP 	polygon: autoDraw = False
228.3187 	EXP 	polygon_2: autoDraw = True
228.8051 	EXP 	Device response: <KeyPress from None: t=228.80296950000013, value=space, duration=None>
228.8069 	DATA 	Keypress: space
228.8201 	EXP 	polygon: autoDraw = False
228.8201 	EXP 	polygon_2: autoDraw = False
228.9041 	EXP 	Sound sound_1 reached end of file
228.9204 	EXP 	Playing sound sound_1 on speaker Speakers (Realtek(R) Audio)
228.9859 	EXP 	Device response: <KeyPress from None: t=217.73423890000004, value=space, duration=11.251086500000042>
229.2222 	EXP 	Sound sound_1 stopped
229.2435 	EXP 	text: autoDraw = True
229.2435 	EXP 	textbox: autoDraw = True
232.9357 	DATA 	Keypress: 7
232.9374 	EXP 	Device response: <KeyPress from None: t=232.9280989, value=7, duration=None>
233.0372 	EXP 	Device response: <KeyPress from None: t=232.9280989, value=7, duration=0.10293120000005729>
233.2904 	DATA 	Keypress: 0
233.3024 	EXP 	Device response: <KeyPress from None: t=233.28990839999994, value=0, duration=None>
233.4191 	EXP 	Device response: <KeyPress from None: t=233.28990839999994, value=0, duration=0.1137172000001101>
233.4923 	DATA 	Keypress: 0
233.5025 	EXP 	Device response: <KeyPress from None: t=233.49118600000008, value=0, duration=None>
233.5688 	EXP 	Device response: <KeyPress from None: t=233.49118600000008, value=0, duration=0.06703840000000127>
234.7572 	DATA 	Mouse: Left button down, pos=(951,206)
234.7701 	EXP 	New trial (rep=2, index=13): <Trial 45 (13 in rep 2) data={'delay': 0.7, 'freq': 1000, 'condition': 'exp', 'thisN': 45, 'thisTrialN': 13, 'thisRepN': 2}>
234.7853 	EXP 	text: autoDraw = False
234.7853 	EXP 	textbox: autoDraw = False
234.7853 	EXP 	polygon: autoDraw = True
234.9860 	DATA 	Mouse:  Left button up, pos=(951,206)
235.7854 	INFO 	Keyboard events cleared
235.7853 	EXP 	polygon: autoDraw = False
235.7853 	EXP 	polygon_2: autoDraw = True
236.1873 	DATA 	Keypress: space
236.2025 	EXP 	Device response: <KeyPress from None: t=236.1868462000001, value=space, duration=None>
236.2191 	EXP 	polygon: autoDraw = False
236.2191 	EXP 	polygon_2: autoDraw = False
236.4214 	EXP 	Device response: <KeyPress from None: t=222.7530528000001, value=space, duration=13.658542699999998>
236.8878 	EXP 	Sound sound_1 reached end of file
236.9039 	EXP 	Playing sound sound_1 on speaker Speakers (Realtek(R) Audio)
237.2018 	EXP 	Sound sound_1 stopped
237.2212 	EXP 	text: autoDraw = True
237.2212 	EXP 	textbox: autoDraw = True
238.6529 	DATA 	Keypress: 9
238.6635 	EXP 	Device response: <KeyPress from None: t=238.6512547000001, value=9, duration=None>
238.7693 	EXP 	Device response: <KeyPress from None: t=238.6512547000001, value=9, duration=0.10553189999995993>
238.8869 	DATA 	Keypress: 9
238.8881 	EXP 	Device response: <KeyPress from None: t=238.88126679999993, value=9, duration=None>
238.9525 	EXP 	Device response: <KeyPress from None: t=238.88126679999993, value=9, duration=0.05557900000007976>
239.4739 	DATA 	Keypress: 9
239.4857 	EXP 	Device response: <KeyPress from None: t=239.471764, value=9, duration=None>
239.6028 	EXP 	Device response: <KeyPress from None: t=239.471764, value=9, duration=0.12724230000003445>
241.0695 	DATA 	Mouse: Left button down, pos=(951,206)
241.0707 	EXP 	New trial (rep=2, index=14): <Trial 46 (14 in rep 2) data={'delay': 0.1, 'freq': 400, 'condition': 'unexp', 'thisN': 46, 'thisTrialN': 14, 'thisRepN': 2}>
241.0854 	EXP 	text: autoDraw = False
241.0854 	EXP 	textbox: autoDraw = False
241.0854 	EXP 	polygon: autoDraw = True
241.3034 	DATA 	Mouse:  Left button up, pos=(951,206)
242.0875 	INFO 	Keyboard events cleared
242.0873 	EXP 	polygon: autoDraw = False
242.0873 	EXP 	polygon_2: autoDraw = True
242.4539 	EXP 	Device response: <KeyPress from None: t=242.4450344999999, value=space, duration=None>
242.4564 	DATA 	Keypress: space
242.4701 	EXP 	polygon: autoDraw = False
242.4701 	EXP 	polygon_2: autoDraw = False
242.5370 	EXP 	Sound sound_1 reached end of file
242.5533 	EXP 	Playing sound sound_1 on speaker Speakers (Realtek(R) Audio)
242.6541 	EXP 	Device response: <KeyPress from None: t=228.80296950000013, value=space, duration=13.837579999999889>
242.8532 	EXP 	Sound sound_1 stopped
242.8729 	EXP 	text: autoDraw = True
242.8729 	EXP 	textbox: autoDraw = True
244.0770 	DATA 	Keypress: 4
244.0785 	EXP 	Device response: <KeyPress from None: t=244.07416640000008, value=4, duration=None>
244.2194 	EXP 	Device response: <KeyPress from None: t=244.07416640000008, value=4, duration=0.12874799999985953>
244.3028 	DATA 	Keypress: 0
244.3043 	EXP 	Device response: <KeyPress from None: t=244.29526700000008, value=0, duration=None>
244.4026 	EXP 	Device response: <KeyPress from None: t=244.29526700000008, value=0, duration=0.1043342999998913>
244.4857 	DATA 	Keypress: 0
244.4872 	EXP 	Device response: <KeyPress from None: t=244.4809332000001, value=0, duration=None>
244.5856 	EXP 	Device response: <KeyPress from None: t=244.4809332000001, value=0, duration=0.09271459999990839>
247.0272 	DATA 	Mouse: Left button down, pos=(963,230)
247.0367 	EXP 	New trial (rep=2, index=15): <Trial 47 (15 in rep 2) data={'delay': 0.7, 'freq': 1000, 'condition': 'exp', 'thisN': 47, 'thisTrialN': 15, 'thisRepN': 2}>
247.0522 	EXP 	text: autoDraw = False
247.0522 	EXP 	textbox: autoDraw = False
247.0522 	EXP 	polygon: autoDraw = True
247.2535 	DATA 	Mouse:  Left button up, pos=(963,230)
248.0519 	INFO 	Keyboard events cleared
248.0518 	EXP 	polygon: autoDraw = False
248.0518 	EXP 	polygon_2: autoDraw = True
248.6732 	DATA 	Keypress: space
248.6878 	EXP 	Device response: <KeyPress from None: t=248.67212159999997, value=space, duration=None>
248.7033 	EXP 	polygon: autoDraw = False
248.7033 	EXP 	polygon_2: autoDraw = False
248.8379 	EXP 	Device response: <KeyPress from None: t=236.1868462000001, value=space, duration=12.642618899999889>
249.3711 	EXP 	Sound sound_1 reached end of file
249.3873 	EXP 	Playing sound sound_1 on speaker Speakers (Realtek(R) Audio)
249.6763 	EXP 	Sound sound_1 stopped
249.6966 	EXP 	text: autoDraw = True
249.6966 	EXP 	textbox: autoDraw = True
251.9528 	DATA 	Keypress: 7
251.9543 	EXP 	Device response: <KeyPress from None: t=251.95030099999997, value=7, duration=None>
252.0535 	EXP 	Device response: <KeyPress from None: t=251.95030099999997, value=7, duration=0.1013537000001179>
252.5610 	DATA 	Keypress: 0
252.5690 	EXP 	Device response: <KeyPress from None: t=252.559484, value=0, duration=None>
252.6875 	EXP 	Device response: <KeyPress from None: t=252.559484, value=0, duration=0.11702740000009726>
252.7694 	DATA 	Keypress: 0
252.7707 	EXP 	Device response: <KeyPress from None: t=252.76599109999995, value=0, duration=None>
252.8355 	EXP 	Device response: <KeyPress from None: t=252.76599109999995, value=0, duration=0.05697920000011436>
254.8937 	DATA 	Mouse: Left button down, pos=(963,230)
254.9034 	EXP 	New trial (rep=3, index=0): <Trial 48 (0 in rep 3) data={'delay': 0.7, 'freq': 1000, 'condition': 'exp', 'thisN': 48, 'thisTrialN': 0, 'thisRepN': 3}>
254.9188 	EXP 	text: autoDraw = False
254.9188 	EXP 	textbox: autoDraw = False
254.9188 	EXP 	polygon: autoDraw = True
255.1196 	DATA 	Mouse:  Left button up, pos=(963,230)
255.5366 	EXP 	Device response: <KeyPress from None: t=255.53246739999997, value=space, duration=None>
255.5373 	DATA 	Keypress: space
255.6862 	EXP 	Device response: <KeyPress from None: t=242.4450344999999, value=space, duration=13.232409400000051>
255.9022 	INFO 	Keyboard events cleared
255.9021 	EXP 	polygon_2: autoDraw = True
255.9184 	EXP 	polygon: autoDraw = False
256.3193 	EXP 	Device response: <KeyPress from None: t=256.3149211000001, value=space, duration=None>
256.3213 	DATA 	Keypress: space
256.3355 	EXP 	polygon: autoDraw = False
256.3355 	EXP 	polygon_2: autoDraw = False
256.3859 	EXP 	Device response: <KeyPress from None: t=248.67212159999997, value=space, duration=7.707112600000073>
257.0040 	EXP 	Sound sound_1 reached end of file
257.0203 	EXP 	Playing sound sound_1 on speaker Speakers (Realtek(R) Audio)
257.3201 	EXP 	Sound sound_1 stopped
257.3380 	EXP 	text: autoDraw = True
257.3380 	EXP 	textbox: autoDraw = True
258.7153 	DATA 	Keypress: 7
258.7228 	EXP 	Device response: <KeyPress from None: t=258.7141169, value=7, duration=None>
258.8361 	EXP 	Device response: <KeyPress from None: t=258.7141169, value=7, duration=0.1099088999999367>
259.2406 	DATA 	Keypress: 0
259.2522 	EXP 	Device response: <KeyPress from None: t=259.2377884000001, value=0, duration=None>
259.3205 	EXP 	Device response: <KeyPress from None: t=259.2377884000001, value=0, duration=0.07780200000001969>
259.4622 	DATA 	Keypress: 0
259.4703 	EXP 	Device response: <KeyPress from None: t=259.4611374, value=0, duration=None>
259.5039 	EXP 	Device response: <KeyPress from None: t=259.4611374, value=0, duration=0.03487270000005083>
261.1862 	DATA 	Mouse: Left button down, pos=(963,230)
261.1872 	EXP 	New trial (rep=3, index=1): <Trial 49 (1 in rep 3) data={'delay': 0.4, 'freq': 1000, 'condition': 'exp', 'thisN': 49, 'thisTrialN': 1, 'thisRepN': 3}>
261.2021 	EXP 	text: autoDraw = False
261.2021 	EXP 	textbox: autoDraw = False
261.2021 	EXP 	polygon: autoDraw = True
261.3368 	DATA 	Mouse:  Left button up, pos=(942,232)
261.9025 	EXP 	Device response: <KeyPress from None: t=261.89519970000003, value=space, duration=None>
261.9034 	DATA 	Keypress: space
262.1044 	EXP 	Device response: <KeyPress from None: t=255.53246739999997, value=space, duration=6.569038099999943>
262.1854 	INFO 	Keyboard events cleared
262.1852 	EXP 	polygon_2: autoDraw = True
262.2019 	EXP 	polygon: autoDraw = False
262.7378 	EXP 	Device response: <KeyPress from None: t=262.72870950000004, value=space, duration=None>
262.7398 	DATA 	Keypress: space
262.7534 	EXP 	polygon: autoDraw = False
262.7534 	EXP 	polygon_2: autoDraw = False
262.9209 	EXP 	Device response: <KeyPress from None: t=256.3149211000001, value=space, duration=6.5964471999998295>
263.1372 	EXP 	Sound sound_1 reached end of file
263.1535 	EXP 	Playing sound sound_1 on speaker Speakers (Realtek(R) Audio)
263.4507 	EXP 	Sound sound_1 stopped
263.4710 	EXP 	text: autoDraw = True
263.4710 	EXP 	textbox: autoDraw = True
264.7525 	DATA 	Keypress: 7
264.7537 	EXP 	Device response: <KeyPress from None: t=264.7501760000001, value=7, duration=None>
264.8028 	EXP 	Device response: <KeyPress from None: t=264.7501760000001, value=7, duration=0.035977499999944484>
265.4277 	DATA 	Keypress: 0
265.4359 	EXP 	Device response: <KeyPress from None: t=265.4250909000001, value=0, duration=None>
265.5199 	EXP 	Device response: <KeyPress from None: t=265.4250909000001, value=0, duration=0.0799638999999388>
265.6029 	DATA 	Keypress: 0
265.6045 	EXP 	Device response: <KeyPress from None: t=265.5994918, value=0, duration=None>
265.6867 	EXP 	Device response: <KeyPress from None: t=265.5994918, value=0, duration=0.07826810000005935>
266.8366 	DATA 	Mouse: Left button down, pos=(953,229)
266.8375 	EXP 	New trial (rep=3, index=2): <Trial 50 (2 in rep 3) data={'delay': 0.1, 'freq': 400, 'condition': 'unexp', 'thisN': 50, 'thisTrialN': 2, 'thisRepN': 3}>
266.8524 	EXP 	text: autoDraw = False
266.8524 	EXP 	textbox: autoDraw = False
266.8524 	EXP 	polygon: autoDraw = True
266.9198 	DATA 	Mouse:  Left button up, pos=(953,229)
267.8528 	INFO 	Keyboard events cleared
267.8526 	EXP 	polygon: autoDraw = False
267.8526 	EXP 	polygon_2: autoDraw = True
270.8695 	EXP 	Device response: <KeyPress from None: t=270.8566101, value=space, duration=None>
270.8716 	DATA 	Keypress: space
270.8856 	EXP 	polygon: autoDraw = False
270.8856 	EXP 	polygon_2: autoDraw = False
270.9524 	EXP 	Sound sound_1 reached end of file
270.9687 	EXP 	Playing sound sound_1 on speaker Speakers (Realtek(R) Audio)
271.0524 	EXP 	Device response: <KeyPress from None: t=261.89519970000003, value=space, duration=9.152083700000048>
271.2696 	EXP 	Sound sound_1 stopped
271.2913 	EXP 	text: autoDraw = True
271.2913 	EXP 	textbox: autoDraw = True
271.6772 	DATA 	Keypress: space
271.6882 	EXP 	Device response: <KeyPress from None: t=271.6755697, value=space, duration=None>
271.7861 	EXP 	Device response: <KeyPress from None: t=262.72870950000004, value=space, duration=9.046747500000038>
272.3944 	DATA 	Keypress: 3
272.4023 	EXP 	Device response: <KeyPress from None: t=272.39335919999996, value=3, duration=None>
272.5527 	EXP 	Device response: <KeyPress from None: t=272.39335919999996, value=3, duration=0.15282200000001467>
273.1742 	DATA 	Keypress: 5
273.1855 	EXP 	Device response: <KeyPress from None: t=273.1702667999999, value=5, duration=None>
273.3027 	EXP 	Device response: <KeyPress from None: t=273.1702667999999, value=5, duration=0.12071790000004512>
273.8197 	DATA 	Keypress: 0
273.8213 	EXP 	Device response: <KeyPress from None: t=273.8166580000001, value=0, duration=None>
273.9525 	EXP 	Device response: <KeyPress from None: t=273.8166580000001, value=0, duration=0.12061719999996967>
274.3868 	DATA 	Mouse: Left button down, pos=(959,227)
274.3880 	EXP 	New trial (rep=3, index=3): <Trial 51 (3 in rep 3) data={'delay': 0.4, 'freq': 1000, 'condition': 'exp', 'thisN': 51, 'thisTrialN': 3, 'thisRepN': 3}>
274.4020 	EXP 	text: autoDraw = False
274.4020 	EXP 	textbox: autoDraw = False
274.4020 	EXP 	polygon: autoDraw = True
274.5205 	DATA 	Mouse:  Left button up, pos=(959,227)
275.4023 	INFO 	Keyboard events cleared
275.4022 	EXP 	polygon: autoDraw = False
275.4022 	EXP 	polygon_2: autoDraw = True
275.7025 	EXP 	Device response: <KeyPress from None: t=275.6913046000001, value=space, duration=None>
275.7045 	DATA 	Keypress: space
275.7190 	EXP 	polygon: autoDraw = False
275.7190 	EXP 	polygon_2: autoDraw = False
275.8525 	EXP 	Device response: <KeyPress from None: t=270.8566101, value=space, duration=4.988278399999899>
276.0855 	EXP 	Sound sound_1 reached end of file
276.1019 	EXP 	Playing sound sound_1 on speaker Speakers (Realtek(R) Audio)
276.4010 	EXP 	Sound sound_1 stopped
276.4210 	EXP 	text: autoDraw = True
276.4210 	EXP 	textbox: autoDraw = True
277.1552 	DATA 	Keypress: 9
277.1672 	EXP 	Device response: <KeyPress from None: t=277.14864810000006, value=9, duration=None>
277.2860 	EXP 	Device response: <KeyPress from None: t=277.14864810000006, value=9, duration=0.12670170000001235>
277.3861 	DATA 	Keypress: 9
277.3875 	EXP 	Device response: <KeyPress from None: t=277.38296950000006, value=9, duration=None>
277.5036 	EXP 	Device response: <KeyPress from None: t=277.38296950000006, value=9, duration=0.11905909999995856>
277.5912 	DATA 	Keypress: 9
277.6028 	EXP 	Device response: <KeyPress from None: t=277.59037150000006, value=9, duration=None>
277.7023 	EXP 	Device response: <KeyPress from None: t=277.59037150000006, value=9, duration=0.09774939999988419>
279.1865 	DATA 	Mouse: Left button down, pos=(958,221)
279.1875 	EXP 	New trial (rep=3, index=4): <Trial 52 (4 in rep 3) data={'delay': 0.7, 'freq': 400, 'condition': 'unexp', 'thisN': 52, 'thisTrialN': 4, 'thisRepN': 3}>
279.2027 	EXP 	text: autoDraw = False
279.2027 	EXP 	textbox: autoDraw = False
279.2027 	EXP 	polygon: autoDraw = True
279.4029 	DATA 	Mouse:  Left button up, pos=(958,221)
280.2023 	INFO 	Keyboard events cleared
280.2022 	EXP 	polygon: autoDraw = False
280.2022 	EXP 	polygon_2: autoDraw = True
280.7694 	EXP 	Device response: <KeyPress from None: t=280.7593284000001, value=space, duration=None>
280.7716 	DATA 	Keypress: space
280.7856 	EXP 	polygon: autoDraw = False
280.7856 	EXP 	polygon_2: autoDraw = False
280.9858 	EXP 	Device response: <KeyPress from None: t=271.6755697, value=space, duration=9.299126600000136>
281.4526 	EXP 	Sound sound_1 reached end of file
281.4689 	EXP 	Playing sound sound_1 on speaker Speakers (Realtek(R) Audio)
281.7638 	EXP 	Sound sound_1 stopped
281.7819 	EXP 	text: autoDraw = True
281.7819 	EXP 	textbox: autoDraw = True
283.1057 	DATA 	Keypress: 3
283.1077 	EXP 	Device response: <KeyPress from None: t=283.1011238, value=3, duration=None>
283.2704 	EXP 	Device response: <KeyPress from None: t=283.1011238, value=3, duration=0.16426860000001398>
283.7194 	DATA 	Keypress: 5
283.7207 	EXP 	Device response: <KeyPress from None: t=283.71551809999994, value=5, duration=None>
283.9029 	EXP 	Device response: <KeyPress from None: t=283.71551809999994, value=5, duration=0.1758753000001434>
284.2277 	DATA 	Keypress: 0
284.2362 	EXP 	Device response: <KeyPress from None: t=284.2252139000001, value=0, duration=None>
284.3548 	EXP 	Device response: <KeyPress from None: t=284.2252139000001, value=0, duration=0.12628079999990405>
284.8234 	DATA 	Mouse: Left button down, pos=(937,240)
284.8374 	EXP 	New trial (rep=3, index=5): <Trial 53 (5 in rep 3) data={'delay': 0.4, 'freq': 1000, 'condition': 'exp', 'thisN': 53, 'thisTrialN': 5, 'thisRepN': 3}>
284.8520 	EXP 	text: autoDraw = False
284.8520 	EXP 	textbox: autoDraw = False
284.8520 	EXP 	polygon: autoDraw = True
284.9366 	DATA 	Mouse:  Left button up, pos=(937,240)
285.8527 	INFO 	Keyboard events cleared
285.8526 	EXP 	polygon: autoDraw = False
285.8526 	EXP 	polygon_2: autoDraw = True
285.9194 	EXP 	Device response: <KeyPress from None: t=285.9182887999999, value=space, duration=None>
285.9208 	DATA 	Keypress: space
285.9362 	EXP 	polygon: autoDraw = False
285.9362 	EXP 	polygon_2: autoDraw = False
286.1853 	EXP 	Device response: <KeyPress from None: t=275.6913046000001, value=space, duration=10.486863099999937>
286.3042 	EXP 	Sound sound_1 reached end of file
286.3205 	EXP 	Playing sound sound_1 on speaker Speakers (Realtek(R) Audio)
286.6224 	EXP 	Sound sound_1 stopped
286.6400 	EXP 	text: autoDraw = True
286.6400 	EXP 	textbox: autoDraw = True
287.6327 	DATA 	Keypress: 9
287.6441 	EXP 	Device response: <KeyPress from None: t=287.6285262, value=9, duration=None>
287.7693 	EXP 	Device response: <KeyPress from None: t=287.6285262, value=9, duration=0.1246401999999307>
288.0237 	DATA 	Keypress: 9
288.0359 	EXP 	Device response: <KeyPress from None: t=288.01957329999993, value=9, duration=None>
288.1705 	EXP 	Device response: <KeyPress from None: t=288.01957329999993, value=9, duration=0.1464202000001933>
288.2785 	DATA 	Keypress: 9
288.2863 	EXP 	Device response: <KeyPress from None: t=288.27742679999994, value=9, duration=None>
288.4033 	EXP 	Device response: <KeyPress from None: t=288.27742679999994, value=9, duration=0.12489440000013019>
289.9703 	DATA 	Mouse: Left button down, pos=(994,226)
289.9714 	EXP 	New trial (rep=3, index=6): <Trial 54 (6 in rep 3) data={'delay': 0.1, 'freq': 400, 'condition': 'unexp', 'thisN': 54, 'thisTrialN': 6, 'thisRepN': 3}>
289.9857 	EXP 	text: autoDraw = False
289.9857 	EXP 	textbox: autoDraw = False
289.9857 	EXP 	polygon: autoDraw = True
290.1863 	DATA 	Mouse:  Left button up, pos=(994,226)
290.9856 	INFO 	Keyboard events cleared
290.9855 	EXP 	polygon: autoDraw = False
290.9855 	EXP 	polygon_2: autoDraw = True
291.2208 	EXP 	Device response: <KeyPress from None: t=291.2102926000001, value=space, duration=None>
291.2226 	DATA 	Keypress: space
291.2373 	EXP 	polygon: autoDraw = False
291.2373 	EXP 	polygon_2: autoDraw = False
291.3041 	EXP 	Sound sound_1 reached end of file
291.3204 	EXP 	Playing sound sound_1 on speaker Speakers (Realtek(R) Audio)
291.4046 	EXP 	Device response: <KeyPress from None: t=280.7593284000001, value=space, duration=10.630068100000017>
291.6248 	EXP 	Sound sound_1 stopped
291.6454 	EXP 	text: autoDraw = True
291.6454 	EXP 	textbox: autoDraw = True
293.7608 	DATA 	Keypress: 3
293.7728 	EXP 	Device response: <KeyPress from None: t=293.7554758, value=3, duration=None>
293.9031 	EXP 	Device response: <KeyPress from None: t=293.7554758, value=3, duration=0.13457190000008268>
294.1737 	DATA 	Keypress: 5
294.1861 	EXP 	Device response: <KeyPress from None: t=294.1709783, value=5, duration=None>
294.2861 	EXP 	Device response: <KeyPress from None: t=294.1709783, value=5, duration=0.10196399999995265>
295.2915 	DATA 	Keypress: 0
295.3026 	EXP 	Device response: <KeyPress from None: t=295.2899681, value=0, duration=None>
295.4035 	EXP 	Device response: <KeyPress from None: t=295.2899681, value=0, duration=0.10614030000010644>
296.2368 	DATA 	Mouse: Left button down, pos=(994,226)
296.2379 	EXP 	New trial (rep=3, index=7): <Trial 55 (7 in rep 3) data={'delay': 0.7, 'freq': 1000, 'condition': 'exp', 'thisN': 55, 'thisTrialN': 7, 'thisRepN': 3}>
296.2519 	EXP 	text: autoDraw = False
296.2519 	EXP 	textbox: autoDraw = False
296.2519 	EXP 	polygon: autoDraw = True
296.4537 	DATA 	Mouse:  Left button up, pos=(994,226)
297.2520 	INFO 	Keyboard events cleared
297.2518 	EXP 	polygon: autoDraw = False
297.2518 	EXP 	polygon_2: autoDraw = True
299.0059 	DATA 	Keypress: space
299.0209 	EXP 	Device response: <KeyPress from None: t=299.00542540000004, value=space, duration=None>
299.0375 	EXP 	polygon: autoDraw = False
299.0375 	EXP 	polygon_2: autoDraw = False
299.1711 	EXP 	Device response: <KeyPress from None: t=285.9182887999999, value=space, duration=13.237638199999992>
299.7044 	EXP 	Sound sound_1 reached end of file
299.7207 	EXP 	Playing sound sound_1 on speaker Speakers (Realtek(R) Audio)
300.0161 	EXP 	Sound sound_1 stopped
300.0365 	EXP 	text: autoDraw = True
300.0365 	EXP 	textbox: autoDraw = True
300.9356 	DATA 	Keypress: 9
300.9441 	EXP 	Device response: <KeyPress from None: t=300.9337128000001, value=9, duration=None>
301.0026 	EXP 	Device response: <KeyPress from None: t=300.9337128000001, value=9, duration=0.05332429999998567>
301.1527 	DATA 	Keypress: 9
301.1547 	EXP 	Device response: <KeyPress from None: t=301.1488002, value=9, duration=None>
301.2359 	EXP 	Device response: <KeyPress from None: t=301.1488002, value=9, duration=0.07805910000001859>
301.8862 	DATA 	Keypress: 9
301.8879 	EXP 	Device response: <KeyPress from None: t=301.8835226, value=9, duration=None>
301.9527 	EXP 	Device response: <KeyPress from None: t=301.8835226, value=9, duration=0.05433369999991555>
302.4533 	DATA 	Mouse: Left button down, pos=(994,226)
302.4542 	EXP 	New trial (rep=3, index=8): <Trial 56 (8 in rep 3) data={'delay': 0.4, 'freq': 1000, 'condition': 'exp', 'thisN': 56, 'thisTrialN': 8, 'thisRepN': 3}>
302.4688 	EXP 	text: autoDraw = False
302.4688 	EXP 	textbox: autoDraw = False
302.4688 	EXP 	polygon: autoDraw = True
302.5695 	DATA 	Mouse:  Left button up, pos=(994,226)
303.4692 	INFO 	Keyboard events cleared
303.4690 	EXP 	polygon: autoDraw = False
303.4690 	EXP 	polygon_2: autoDraw = True
304.6886 	EXP 	Device response: <KeyPress from None: t=304.6856412000001, value=space, duration=None>
304.6909 	DATA 	Keypress: space
304.7037 	EXP 	polygon: autoDraw = False
304.7037 	EXP 	polygon_2: autoDraw = False
304.8384 	EXP 	Device response: <KeyPress from None: t=291.2102926000001, value=space, duration=13.626742199999853>
305.0873 	EXP 	Sound sound_1 reached end of file
305.1035 	EXP 	Playing sound sound_1 on speaker Speakers (Realtek(R) Audio)
305.4048 	EXP 	Sound sound_1 stopped
305.4248 	EXP 	text: autoDraw = True
305.4248 	EXP 	textbox: autoDraw = True
305.4259 	DATA 	Keypress: space
305.4274 	EXP 	Device response: <KeyPress from None: t=305.4189087000001, value=space, duration=None>
305.5367 	EXP 	Device response: <KeyPress from None: t=299.00542540000004, value=space, duration=6.526395399999956>
305.9945 	DATA 	Keypress: 9
306.0025 	EXP 	Device response: <KeyPress from None: t=305.9916306000001, value=9, duration=None>
306.1036 	EXP 	Device response: <KeyPress from None: t=305.9916306000001, value=9, duration=0.10920609999993758>
306.2195 	DATA 	Keypress: 9
306.2211 	EXP 	Device response: <KeyPress from None: t=306.2158759, value=9, duration=None>
306.3200 	EXP 	Device response: <KeyPress from None: t=306.2158759, value=9, duration=0.10103750000007494>
306.4194 	DATA 	Keypress: 9
306.4213 	EXP 	Device response: <KeyPress from None: t=306.4161230000001, value=9, duration=None>
306.5191 	EXP 	Device response: <KeyPress from None: t=306.4161230000001, value=9, duration=0.08749079999984133>
306.8960 	DATA 	Mouse: Left button down, pos=(994,226)
306.9040 	EXP 	New trial (rep=3, index=9): <Trial 57 (9 in rep 3) data={'delay': 0.7, 'freq': 1000, 'condition': 'exp', 'thisN': 57, 'thisTrialN': 9, 'thisRepN': 3}>
306.9185 	EXP 	text: autoDraw = False
306.9185 	EXP 	textbox: autoDraw = False
306.9185 	EXP 	polygon: autoDraw = True
307.0197 	DATA 	Mouse:  Left button up, pos=(994,226)
307.5689 	EXP 	Device response: <KeyPress from None: t=307.5553031999999, value=space, duration=None>
307.5696 	DATA 	Keypress: space
307.7858 	EXP 	Device response: <KeyPress from None: t=304.6856412000001, value=space, duration=3.0845781000000443>
307.9193 	INFO 	Keyboard events cleared
307.9191 	EXP 	polygon: autoDraw = False
307.9191 	EXP 	polygon_2: autoDraw = True
307.9693 	EXP 	Device response: <KeyPress from None: t=307.9604349, value=space, duration=None>
307.9714 	DATA 	Keypress: space
307.9856 	EXP 	polygon: autoDraw = False
307.9856 	EXP 	polygon_2: autoDraw = False
308.1188 	EXP 	Device response: <KeyPress from None: t=305.4189087000001, value=space, duration=2.694215799999938>
308.6543 	EXP 	Sound sound_1 reached end of file
308.6705 	EXP 	Playing sound sound_1 on speaker Speakers (Realtek(R) Audio)
308.9632 	EXP 	Sound sound_1 stopped
308.9828 	EXP 	text: autoDraw = True
308.9828 	EXP 	textbox: autoDraw = True
309.0326 	DATA 	Keypress: space
309.0421 	EXP 	Device response: <KeyPress from None: t=309.0287406000001, value=space, duration=None>
309.0612 	EXP 	Device response: <KeyPress from None: t=307.5553031999999, value=space, duration=1.487436900000148>
309.8592 	DATA 	Keypress: 9
309.8697 	EXP 	Device response: <KeyPress from None: t=309.85803150000004, value=9, duration=None>
310.0025 	EXP 	Device response: <KeyPress from None: t=309.85803150000004, value=9, duration=0.13088840000000346>
310.0692 	DATA 	Keypress: 9
310.0707 	EXP 	Device response: <KeyPress from None: t=310.0666245000001, value=9, duration=None>
310.2029 	EXP 	Device response: <KeyPress from None: t=310.0666245000001, value=9, duration=0.1257581999998365>
310.2862 	DATA 	Keypress: 9
310.2879 	EXP 	Device response: <KeyPress from None: t=310.2789578999999, value=9, duration=None>
310.3690 	EXP 	Device response: <KeyPress from None: t=310.2789578999999, value=9, duration=0.0777666000001318>
310.8064 	DATA 	Mouse: Left button down, pos=(949,269)
310.8206 	EXP 	New trial (rep=3, index=10): <Trial 58 (10 in rep 3) data={'delay': 0.4, 'freq': 400, 'condition': 'unexp', 'thisN': 58, 'thisTrialN': 10, 'thisRepN': 3}>
310.8356 	EXP 	text: autoDraw = False
310.8356 	EXP 	textbox: autoDraw = False
310.8356 	EXP 	polygon: autoDraw = True
310.9375 	DATA 	Mouse:  Left button up, pos=(949,269)
311.8204 	DATA 	Keypress: space
311.8355 	INFO 	Keyboard events cleared
311.8353 	EXP 	polygon: autoDraw = False
311.8353 	EXP 	polygon_2: autoDraw = True
312.0373 	EXP 	Device response: <KeyPress from None: t=307.9604349, value=space, duration=4.069514600000048>
312.6552 	EXP 	Device response: <KeyPress from None: t=312.65022579999993, value=space, duration=None>
312.6575 	DATA 	Keypress: space
312.6703 	EXP 	polygon: autoDraw = False
312.6703 	EXP 	polygon_2: autoDraw = False
312.8044 	EXP 	Device response: <KeyPress from None: t=309.0287406000001, value=space, duration=3.763695299999881>
313.0549 	EXP 	Sound sound_1 reached end of file
313.0712 	EXP 	Playing sound sound_1 on speaker Speakers (Realtek(R) Audio)
313.3703 	EXP 	Sound sound_1 stopped
313.3932 	EXP 	text: autoDraw = True
313.3932 	EXP 	textbox: autoDraw = True
314.3820 	DATA 	Keypress: 4
314.3933 	EXP 	Device response: <KeyPress from None: t=314.3793016000001, value=4, duration=None>
314.5192 	EXP 	Device response: <KeyPress from None: t=314.3793016000001, value=4, duration=0.12992899999994734>
316.1370 	DATA 	Keypress: 5
316.1383 	EXP 	Device response: <KeyPress from None: t=316.1365594, value=5, duration=None>
316.3036 	EXP 	Device response: <KeyPress from None: t=316.1365594, value=5, duration=0.16576069999996434>
316.9278 	DATA 	Keypress: 0
316.9359 	EXP 	Device response: <KeyPress from None: t=316.9250920999999, value=0, duration=None>
317.0198 	EXP 	Device response: <KeyPress from None: t=316.9250920999999, value=0, duration=0.09101910000003954>
318.5364 	DATA 	Mouse: Left button down, pos=(889,214)
318.5373 	EXP 	New trial (rep=3, index=11): <Trial 59 (11 in rep 3) data={'delay': 0.1, 'freq': 1000, 'condition': 'exp', 'thisN': 59, 'thisTrialN': 11, 'thisRepN': 3}>
318.5522 	EXP 	text: autoDraw = False
318.5522 	EXP 	textbox: autoDraw = False
318.5522 	EXP 	polygon: autoDraw = True
318.7699 	DATA 	Mouse:  Left button up, pos=(889,214)
319.5525 	INFO 	Keyboard events cleared
319.5524 	EXP 	polygon: autoDraw = False
319.5524 	EXP 	polygon_2: autoDraw = True
321.1366 	EXP 	Device response: <KeyPress from None: t=321.1230289000001, value=space, duration=None>
321.1383 	DATA 	Keypress: space
321.1522 	EXP 	polygon: autoDraw = False
321.1522 	EXP 	polygon_2: autoDraw = False
321.2361 	EXP 	Sound sound_1 reached end of file
321.2524 	EXP 	Playing sound sound_1 on speaker Speakers (Realtek(R) Audio)
321.3524 	EXP 	Device response: <KeyPress from None: t=312.65022579999993, value=space, duration=8.68560309999998>
321.5521 	EXP 	Sound sound_1 stopped
321.5704 	EXP 	text: autoDraw = True
321.5704 	EXP 	textbox: autoDraw = True
322.5519 	DATA 	Keypress: 7
322.5599 	EXP 	Device response: <KeyPress from None: t=322.5510011, value=7, duration=None>
322.6873 	EXP 	Device response: <KeyPress from None: t=322.5510011, value=7, duration=0.12993340000002718>
322.8533 	DATA 	Keypress: 0
322.8553 	EXP 	Device response: <KeyPress from None: t=322.8470378999999, value=0, duration=None>
322.9375 	EXP 	Device response: <KeyPress from None: t=322.8470378999999, value=0, duration=0.08110750000014377>
323.0615 	DATA 	Keypress: 0
323.0696 	EXP 	Device response: <KeyPress from None: t=323.058445, value=0, duration=None>
323.1541 	EXP 	Device response: <KeyPress from None: t=323.058445, value=0, duration=0.09161670000003141>
324.6587 	DATA 	Mouse: Left button down, pos=(889,214)
324.6704 	EXP 	New trial (rep=3, index=12): <Trial 60 (12 in rep 3) data={'delay': 0.1, 'freq': 1000, 'condition': 'exp', 'thisN': 60, 'thisTrialN': 12, 'thisRepN': 3}>
324.6857 	EXP 	text: autoDraw = False
324.6857 	EXP 	textbox: autoDraw = False
324.6857 	EXP 	polygon: autoDraw = True
324.8868 	DATA 	Mouse:  Left button up, pos=(889,214)
325.6712 	INFO 	Keyboard events cleared
325.6710 	EXP 	polygon_2: autoDraw = True
325.6864 	EXP 	polygon: autoDraw = False
327.4028 	EXP 	Device response: <KeyPress from None: t=327.39445280000007, value=space, duration=None>
327.4046 	DATA 	Keypress: space
327.4190 	EXP 	polygon: autoDraw = False
327.4190 	EXP 	polygon_2: autoDraw = False
327.4861 	EXP 	Sound sound_1 reached end of file
327.5023 	EXP 	Playing sound sound_1 on speaker Speakers (Realtek(R) Audio)
327.5859 	EXP 	Device response: <KeyPress from None: t=321.1230289000001, value=space, duration=6.458032099999855>
327.8035 	EXP 	Sound sound_1 stopped
327.8208 	EXP 	text: autoDraw = True
327.8208 	EXP 	textbox: autoDraw = True
328.9603 	DATA 	Keypress: 7
328.9710 	EXP 	Device response: <KeyPress from None: t=328.95849839999994, value=7, duration=None>
329.0860 	EXP 	Device response: <KeyPress from None: t=328.95849839999994, value=7, duration=0.1159458000001905>
329.2247 	DATA 	Keypress: 0
329.2358 	EXP 	Device response: <KeyPress from None: t=329.2197772999999, value=0, duration=None>
329.3533 	EXP 	Device response: <KeyPress from None: t=329.2197772999999, value=0, duration=0.12957580000011149>
329.4282 	DATA 	Keypress: 0
329.4363 	EXP 	Device response: <KeyPress from None: t=329.42727879999995, value=0, duration=None>
329.5360 	EXP 	Device response: <KeyPress from None: t=329.42727879999995, value=0, duration=0.09409159999995609>
330.4083 	DATA 	Mouse: Left button down, pos=(889,214)
330.4199 	EXP 	New trial (rep=3, index=13): <Trial 61 (13 in rep 3) data={'delay': 0.1, 'freq': 1000, 'condition': 'exp', 'thisN': 61, 'thisTrialN': 13, 'thisRepN': 3}>
330.4356 	EXP 	text: autoDraw = False
330.4356 	EXP 	textbox: autoDraw = False
330.4356 	EXP 	polygon: autoDraw = True
330.6367 	DATA 	Mouse:  Left button up, pos=(889,214)
331.1364 	EXP 	Device response: <KeyPress from None: t=331.12488999999994, value=space, duration=None>
331.1371 	DATA 	Keypress: space
331.3193 	EXP 	Device response: <KeyPress from None: t=327.39445280000007, value=space, duration=3.910889300000008>
331.4360 	INFO 	Keyboard events cleared
331.4359 	EXP 	polygon: autoDraw = False
331.4359 	EXP 	polygon_2: autoDraw = True
331.7525 	EXP 	Device response: <KeyPress from None: t=331.75033700000006, value=space, duration=None>
331.7540 	DATA 	Keypress: space
331.7696 	EXP 	polygon: autoDraw = False
331.7696 	EXP 	polygon_2: autoDraw = False
331.8356 	EXP 	Sound sound_1 reached end of file
331.8520 	EXP 	Playing sound sound_1 on speaker Speakers (Realtek(R) Audio)
331.9026 	EXP 	Device response: <KeyPress from None: t=331.12488999999994, value=space, duration=0.7632028000000446>
332.1524 	EXP 	Sound sound_1 stopped
332.1700 	EXP 	text: autoDraw = True
332.1700 	EXP 	textbox: autoDraw = True
332.7947 	DATA 	Keypress: 9
332.8063 	EXP 	Device response: <KeyPress from None: t=332.7891255999999, value=9, duration=None>
332.8702 	EXP 	Device response: <KeyPress from None: t=332.7891255999999, value=9, duration=0.06799390000014682>
332.9904 	DATA 	Keypress: 9
333.0027 	EXP 	Device response: <KeyPress from None: t=332.9868084000001, value=9, duration=None>
333.0864 	EXP 	Device response: <KeyPress from None: t=332.9868084000001, value=9, duration=0.08770119999985582>
333.2103 	DATA 	Keypress: 9
333.2197 	EXP 	Device response: <KeyPress from None: t=333.2070099000001, value=9, duration=None>
333.2694 	EXP 	Device response: <KeyPress from None: t=333.2070099000001, value=9, duration=0.04804559999979574>
334.0279 	DATA 	Mouse: Left button down, pos=(889,214)
334.0371 	EXP 	New trial (rep=3, index=14): <Trial 62 (14 in rep 3) data={'delay': 0.1, 'freq': 1000, 'condition': 'exp', 'thisN': 62, 'thisTrialN': 14, 'thisRepN': 3}>
334.0536 	EXP 	text: autoDraw = False
334.0536 	EXP 	textbox: autoDraw = False
334.0536 	EXP 	polygon: autoDraw = True
334.2536 	DATA 	Mouse:  Left button up, pos=(889,214)
334.3205 	DATA 	Mouse: Left button down, pos=(889,214)
334.4865 	DATA 	Mouse:  Left button up, pos=(889,214)
335.0376 	INFO 	Keyboard events cleared
335.0374 	EXP 	polygon_2: autoDraw = True
335.0541 	EXP 	polygon: autoDraw = False
336.2382 	EXP 	Device response: <KeyPress from None: t=336.22617, value=space, duration=None>
336.2405 	DATA 	Keypress: space
336.2539 	EXP 	polygon: autoDraw = False
336.2539 	EXP 	polygon_2: autoDraw = False
336.3380 	EXP 	Sound sound_1 reached end of file
336.3543 	EXP 	Playing sound sound_1 on speaker Speakers (Realtek(R) Audio)
336.3880 	EXP 	Device response: <KeyPress from None: t=331.75033700000006, value=space, duration=4.626582299999882>
336.6555 	EXP 	Sound sound_1 stopped
336.6766 	EXP 	text: autoDraw = True
336.6766 	EXP 	textbox: autoDraw = True
337.3033 	DATA 	Keypress: 0
337.3046 	EXP 	Device response: <KeyPress from None: t=337.29458510000006, value=0, duration=None>
337.4202 	EXP 	Device response: <KeyPress from None: t=337.29458510000006, value=0, duration=0.12292759999991176>
337.5104 	DATA 	Keypress: 0
337.5201 	EXP 	Device response: <KeyPress from None: t=337.506888, value=0, duration=None>
337.6201 	EXP 	Device response: <KeyPress from None: t=337.506888, value=0, duration=0.10941230000003088>
337.7275 	DATA 	Keypress: 0
337.7361 	EXP 	Device response: <KeyPress from None: t=337.7262551, value=0, duration=None>
337.8207 	EXP 	Device response: <KeyPress from None: t=337.7262551, value=0, duration=0.09012669999992795>
338.0450 	DATA 	Keypress: backspace
338.0528 	EXP 	Device response: <KeyPress from None: t=338.043669, value=backspace, duration=None>
338.1864 	EXP 	Device response: <KeyPress from None: t=338.043669, value=backspace, duration=0.1383068000000094>
338.2584 	DATA 	Keypress: backspace
338.2694 	EXP 	Device response: <KeyPress from None: t=338.25485100000003, value=backspace, duration=None>
338.3544 	EXP 	Device response: <KeyPress from None: t=338.25485100000003, value=backspace, duration=0.09738809999998921>
338.4419 	DATA 	Keypress: backspace
338.4523 	EXP 	Device response: <KeyPress from None: t=338.4413647, value=backspace, duration=None>
338.5391 	EXP 	Device response: <KeyPress from None: t=338.4413647, value=backspace, duration=0.09632779999992636>
338.6320 	DATA 	Keypress: backspace
338.6388 	EXP 	Device response: <KeyPress from None: t=338.6312168999999, value=backspace, duration=None>
338.7210 	EXP 	Device response: <KeyPress from None: t=338.6312168999999, value=backspace, duration=0.08828060000018922>
338.8768 	DATA 	Keypress: 9
338.8879 	EXP 	Device response: <KeyPress from None: t=338.87460279999993, value=9, duration=None>
338.9867 	EXP 	Device response: <KeyPress from None: t=338.87460279999993, value=9, duration=0.11085880000018733>
339.0947 	DATA 	Keypress: 9
339.1028 	EXP 	Device response: <KeyPress from None: t=339.0936068, value=9, duration=None>
339.1699 	EXP 	Device response: <KeyPress from None: t=339.0936068, value=9, duration=0.06001900000001115>
339.3195 	DATA 	Keypress: 9
339.3212 	EXP 	Device response: <KeyPress from None: t=339.31335249999995, value=9, duration=None>
339.3704 	EXP 	Device response: <KeyPress from None: t=339.31335249999995, value=9, duration=0.049738300000171876>
340.3202 	DATA 	Mouse: Left button down, pos=(889,214)
340.3211 	EXP 	New trial (rep=3, index=15): <Trial 63 (15 in rep 3) data={'delay': 0.7, 'freq': 1000, 'condition': 'exp', 'thisN': 63, 'thisTrialN': 15, 'thisRepN': 3}>
340.3365 	EXP 	text: autoDraw = False
340.3365 	EXP 	textbox: autoDraw = False
340.3365 	EXP 	polygon: autoDraw = True
340.5533 	DATA 	Mouse:  Left button up, pos=(889,214)
341.3213 	INFO 	Keyboard events cleared
341.3211 	EXP 	polygon_2: autoDraw = True
341.3373 	EXP 	polygon: autoDraw = False
341.6045 	EXP 	Device response: <KeyPress from None: t=341.6011096000001, value=space, duration=None>
341.6066 	DATA 	Keypress: space
341.6209 	EXP 	polygon: autoDraw = False
341.6209 	EXP 	polygon_2: autoDraw = False
341.7379 	EXP 	Device response: <KeyPress from None: t=336.22617, value=space, duration=5.50287759999992>
342.3022 	EXP 	Sound sound_1 reached end of file
342.3186 	EXP 	Playing sound sound_1 on speaker Speakers (Realtek(R) Audio)
342.6217 	EXP 	Sound sound_1 stopped
342.6397 	EXP 	text: autoDraw = True
342.6397 	EXP 	textbox: autoDraw = True
343.7197 	DATA 	Keypress: 9
343.7212 	EXP 	Device response: <KeyPress from None: t=343.7136071000001, value=9, duration=None>
343.8534 	EXP 	Device response: <KeyPress from None: t=343.7136071000001, value=9, duration=0.13809700000001612>
343.9700 	DATA 	Keypress: 9
343.9719 	EXP 	Device response: <KeyPress from None: t=343.9648389, value=9, duration=None>
344.0869 	EXP 	Device response: <KeyPress from None: t=343.9648389, value=9, duration=0.11298149999993257>
344.2029 	DATA 	Keypress: 9
344.2042 	EXP 	Device response: <KeyPress from None: t=344.2023368000001, value=9, duration=None>
344.3204 	EXP 	Device response: <KeyPress from None: t=344.2023368000001, value=9, duration=0.11608919999980571>
345.1030 	DATA 	Mouse: Left button down, pos=(889,214)
345.1043 	EXP 	New trial (rep=4, index=0): <Trial 64 (0 in rep 4) data={'delay': 0.4, 'freq': 1000, 'condition': 'exp', 'thisN': 64, 'thisTrialN': 0, 'thisRepN': 4}>
345.1189 	EXP 	text: autoDraw = False
345.1189 	EXP 	textbox: autoDraw = False
345.1189 	EXP 	polygon: autoDraw = True
345.2369 	DATA 	Mouse:  Left button up, pos=(889,214)
345.3199 	DATA 	Mouse: Left button down, pos=(889,214)
345.4380 	DATA 	Mouse:  Left button up, pos=(889,214)
346.1194 	INFO 	Keyboard events cleared
346.1191 	EXP 	polygon: autoDraw = False
346.1191 	EXP 	polygon_2: autoDraw = True
346.4207 	DATA 	Mouse: Left button down, pos=(889,214)
346.6541 	DATA 	Mouse:  Left button up, pos=(889,214)
347.1200 	EXP 	Device response: <KeyPress from None: t=347.1185243000001, value=space, duration=None>
347.1221 	DATA 	Keypress: space
347.1356 	EXP 	polygon: autoDraw = False
347.1356 	EXP 	polygon_2: autoDraw = False
347.2857 	EXP 	Device response: <KeyPress from None: t=341.6011096000001, value=space, duration=5.682727299999897>
347.5192 	EXP 	Sound sound_1 reached end of file
347.5356 	EXP 	Playing sound sound_1 on speaker Speakers (Realtek(R) Audio)
347.8353 	EXP 	Sound sound_1 stopped
347.8523 	EXP 	text: autoDraw = True
347.8523 	EXP 	textbox: autoDraw = True
348.2491 	DATA 	Keypress: 9
348.2571 	EXP 	Device response: <KeyPress from None: t=348.24756519999994, value=9, duration=None>
348.4028 	EXP 	Device response: <KeyPress from None: t=348.24756519999994, value=9, duration=0.1419932000001154>
348.5080 	DATA 	Keypress: 9
348.5199 	EXP 	Device response: <KeyPress from None: t=348.50612820000003, value=9, duration=None>
348.6205 	EXP 	Device response: <KeyPress from None: t=348.50612820000003, value=9, duration=0.10674059999996643>
348.7033 	DATA 	Keypress: 9
348.7046 	EXP 	Device response: <KeyPress from None: t=348.7025360000001, value=9, duration=None>
348.8037 	EXP 	Device response: <KeyPress from None: t=348.7025360000001, value=9, duration=0.09422639999979765>
349.6912 	DATA 	Mouse: Left button down, pos=(889,214)
349.7044 	EXP 	New trial (rep=4, index=1): <Trial 65 (1 in rep 4) data={'delay': 0.1, 'freq': 400, 'condition': 'unexp', 'thisN': 65, 'thisTrialN': 1, 'thisRepN': 4}>
349.7189 	EXP 	text: autoDraw = False
349.7189 	EXP 	textbox: autoDraw = False
349.7189 	EXP 	polygon: autoDraw = True
349.9040 	DATA 	Mouse:  Left button up, pos=(889,214)
349.9706 	DATA 	Mouse: Left button down, pos=(889,214)
350.7190 	INFO 	Keyboard events cleared
350.7188 	EXP 	polygon: autoDraw = False
350.7188 	EXP 	polygon_2: autoDraw = True
351.6035 	DATA 	Mouse:  Left button up, pos=(906,207)
352.0203 	DATA 	Keypress: space
352.0355 	EXP 	Device response: <KeyPress from None: t=352.01985720000005, value=space, duration=None>
352.0543 	EXP 	polygon: autoDraw = False
352.0543 	EXP 	polygon_2: autoDraw = False
352.1214 	EXP 	Sound sound_1 reached end of file
352.1377 	EXP 	Playing sound sound_1 on speaker Speakers (Realtek(R) Audio)
352.2714 	EXP 	Device response: <KeyPress from None: t=347.1185243000001, value=space, duration=5.150131999999985>
352.4359 	EXP 	Sound sound_1 stopped
352.4566 	EXP 	text: autoDraw = True
352.4566 	EXP 	textbox: autoDraw = True
353.1484 	DATA 	Keypress: 3
353.1560 	EXP 	Device response: <KeyPress from None: t=353.1467309000001, value=3, duration=None>
353.3198 	EXP 	Device response: <KeyPress from None: t=353.1467309000001, value=3, duration=0.1596671999998307>
353.8366 	DATA 	Keypress: 5
353.8382 	EXP 	Device response: <KeyPress from None: t=353.8324289000001, value=5, duration=None>
353.9873 	EXP 	Device response: <KeyPress from None: t=353.8324289000001, value=5, duration=0.1459834999998293>
354.5439 	DATA 	Keypress: 0
354.5526 	EXP 	Device response: <KeyPress from None: t=354.5405038, value=0, duration=None>
354.6535 	EXP 	Device response: <KeyPress from None: t=354.5405038, value=0, duration=0.1072014000001218>
355.4205 	DATA 	Mouse: Left button down, pos=(906,207)
355.4215 	EXP 	New trial (rep=4, index=2): <Trial 66 (2 in rep 4) data={'delay': 0.7, 'freq': 1000, 'condition': 'exp', 'thisN': 66, 'thisTrialN': 2, 'thisRepN': 4}>
355.4357 	EXP 	text: autoDraw = False
355.4357 	EXP 	textbox: autoDraw = False
355.4357 	EXP 	polygon: autoDraw = True
355.6207 	DATA 	Mouse:  Left button up, pos=(906,207)
355.6871 	DATA 	Mouse: Left button down, pos=(906,207)
355.8536 	DATA 	Mouse:  Left button up, pos=(906,207)
356.4356 	INFO 	Keyboard events cleared
356.4355 	EXP 	polygon: autoDraw = False
356.4355 	EXP 	polygon_2: autoDraw = True
357.9524 	EXP 	Device response: <KeyPress from None: t=357.9402977000001, value=space, duration=None>
357.9541 	DATA 	Keypress: space
357.9696 	EXP 	polygon: autoDraw = False
357.9696 	EXP 	polygon_2: autoDraw = False
358.1356 	EXP 	Device response: <KeyPress from None: t=352.01985720000005, value=space, duration=6.111223299999892>
358.6360 	EXP 	Sound sound_1 reached end of file
358.6524 	EXP 	Playing sound sound_1 on speaker Speakers (Realtek(R) Audio)
358.9489 	EXP 	Sound sound_1 stopped
358.9659 	EXP 	text: autoDraw = True
358.9659 	EXP 	textbox: autoDraw = True
360.2818 	DATA 	Keypress: 7
360.2836 	EXP 	Device response: <KeyPress from None: t=360.28081839999993, value=7, duration=None>
360.3706 	EXP 	Device response: <KeyPress from None: t=360.28081839999993, value=7, duration=0.08146110000006956>
360.5605 	DATA 	Keypress: 0
360.5695 	EXP 	Device response: <KeyPress from None: t=360.55658389999996, value=0, duration=None>
360.6709 	EXP 	Device response: <KeyPress from None: t=360.55658389999996, value=0, duration=0.10986350000007405>
360.7773 	DATA 	Keypress: 0
360.7865 	EXP 	Device response: <KeyPress from None: t=360.77508290000003, value=0, duration=None>
360.8709 	EXP 	Device response: <KeyPress from None: t=360.77508290000003, value=0, duration=0.0877067999999781>
361.7919 	DATA 	Mouse: Left button down, pos=(907,207)
361.8030 	EXP 	New trial (rep=4, index=3): <Trial 67 (3 in rep 4) data={'delay': 0.7, 'freq': 1000, 'condition': 'exp', 'thisN': 67, 'thisTrialN': 3, 'thisRepN': 4}>
361.8195 	EXP 	text: autoDraw = False
361.8195 	EXP 	textbox: autoDraw = False
361.8195 	EXP 	polygon: autoDraw = True
362.0206 	DATA 	Mouse:  Left button up, pos=(907,207)
362.1037 	DATA 	Mouse: Left button down, pos=(907,207)
362.2543 	DATA 	Mouse:  Left button up, pos=(907,207)
362.8045 	INFO 	Keyboard events cleared
362.8043 	EXP 	polygon_2: autoDraw = True
362.8208 	EXP 	polygon: autoDraw = False
364.5701 	EXP 	Device response: <KeyPress from None: t=364.5680201000001, value=space, duration=None>
364.5719 	DATA 	Keypress: space
364.5862 	EXP 	polygon: autoDraw = False
364.5862 	EXP 	polygon_2: autoDraw = False
364.7359 	EXP 	Device response: <KeyPress from None: t=357.9402977000001, value=space, duration=6.793446099999983>
365.2694 	EXP 	Sound sound_1 reached end of file
365.2857 	EXP 	Playing sound sound_1 on speaker Speakers (Realtek(R) Audio)
365.5870 	EXP 	Sound sound_1 stopped
365.6059 	EXP 	text: autoDraw = True
365.6059 	EXP 	textbox: autoDraw = True
367.1315 	DATA 	Keypress: 6
367.1436 	EXP 	Device response: <KeyPress from None: t=367.1271620000001, value=6, duration=None>
367.2372 	EXP 	Device response: <KeyPress from None: t=367.1271620000001, value=6, duration=0.10108559999980571>
367.4451 	DATA 	Keypress: 7
367.4533 	EXP 	Device response: <KeyPress from None: t=367.4427502, value=7, duration=None>
367.5531 	EXP 	Device response: <KeyPress from None: t=367.4427502, value=7, duration=0.0994313000001057>
368.0700 	DATA 	Keypress: backspace
368.0714 	EXP 	Device response: <KeyPress from None: t=368.0665901000001, value=backspace, duration=None>
368.2362 	EXP 	Device response: <KeyPress from None: t=368.0665901000001, value=backspace, duration=0.15862210000000232>
368.7198 	DATA 	Keypress: 5
368.7218 	EXP 	Device response: <KeyPress from None: t=368.7162013000001, value=5, duration=None>
368.8196 	EXP 	Device response: <KeyPress from None: t=368.7162013000001, value=5, duration=0.09174949999987803>
369.2695 	DATA 	Keypress: 0
369.2708 	EXP 	Device response: <KeyPress from None: t=369.2651276, value=0, duration=None>
369.4369 	EXP 	Device response: <KeyPress from None: t=369.2651276, value=0, duration=0.15891129999999976>
370.3700 	DATA 	Mouse: Left button down, pos=(908,206)
370.3709 	EXP 	New trial (rep=4, index=4): <Trial 68 (4 in rep 4) data={'delay': 0.7, 'freq': 1000, 'condition': 'exp', 'thisN': 68, 'thisTrialN': 4, 'thisRepN': 4}>
370.3858 	EXP 	text: autoDraw = False
370.3858 	EXP 	textbox: autoDraw = False
370.3858 	EXP 	polygon: autoDraw = True
370.6367 	DATA 	Mouse:  Left button up, pos=(908,206)
370.6871 	DATA 	Mouse: Left button down, pos=(908,206)
370.8538 	DATA 	Mouse:  Left button up, pos=(908,206)
371.3862 	INFO 	Keyboard events cleared
371.3860 	EXP 	polygon: autoDraw = False
371.3860 	EXP 	polygon_2: autoDraw = True
372.2195 	EXP 	Device response: <KeyPress from None: t=372.2168402000001, value=space, duration=None>
372.2216 	DATA 	Keypress: space
372.2356 	EXP 	polygon: autoDraw = False
372.2356 	EXP 	polygon_2: autoDraw = False
372.3698 	EXP 	Device response: <KeyPress from None: t=364.5680201000001, value=space, duration=7.7866403999998965>
372.9028 	EXP 	Sound sound_1 reached end of file
372.9191 	EXP 	Playing sound sound_1 on speaker Speakers (Realtek(R) Audio)
373.2159 	EXP 	Sound sound_1 stopped
373.2341 	EXP 	text: autoDraw = True
373.2341 	EXP 	textbox: autoDraw = True
374.1870 	DATA 	Keypress: 9
374.1979 	EXP 	Device response: <KeyPress from None: t=374.18137850000005, value=9, duration=None>
374.3198 	EXP 	Device response: <KeyPress from None: t=374.18137850000005, value=9, duration=0.12462460000006104>
374.4201 	DATA 	Keypress: 9
374.4217 	EXP 	Device response: <KeyPress from None: t=374.41149800000005, value=9, duration=None>
374.5050 	EXP 	Device response: <KeyPress from None: t=374.41149800000005, value=9, duration=0.09132640000007086>
374.5919 	DATA 	Keypress: 9
374.6029 	EXP 	Device response: <KeyPress from None: t=374.5900296000001, value=9, duration=None>
374.6698 	EXP 	Device response: <KeyPress from None: t=374.5900296000001, value=9, duration=0.06496479999987059>
376.2941 	DATA 	Mouse: Left button down, pos=(885,249)
376.3038 	EXP 	New trial (rep=4, index=5): <Trial 69 (5 in rep 4) data={'delay': 0.4, 'freq': 1000, 'condition': 'exp', 'thisN': 69, 'thisTrialN': 5, 'thisRepN': 4}>
376.3192 	EXP 	text: autoDraw = False
376.3192 	EXP 	textbox: autoDraw = False
376.3192 	EXP 	polygon: autoDraw = True
376.5202 	DATA 	Mouse:  Left button up, pos=(885,249)
376.9695 	EXP 	Device response: <KeyPress from None: t=376.96429380000006, value=space, duration=None>
376.9703 	DATA 	Keypress: space
377.1029 	EXP 	Device response: <KeyPress from None: t=372.2168402000001, value=space, duration=4.873467699999992>
377.3045 	INFO 	Keyboard events cleared
377.3044 	EXP 	polygon_2: autoDraw = True
377.3212 	EXP 	polygon: autoDraw = False
377.9368 	EXP 	Device response: <KeyPress from None: t=377.936155, value=space, duration=None>
377.9386 	DATA 	Keypress: space
377.9522 	EXP 	polygon: autoDraw = False
377.9522 	EXP 	polygon_2: autoDraw = False
378.3363 	EXP 	Sound sound_1 reached end of file
378.3526 	EXP 	Playing sound sound_1 on speaker Speakers (Realtek(R) Audio)
378.4029 	EXP 	Device response: <KeyPress from None: t=376.96429380000006, value=space, duration=1.4302414999999655>
378.6509 	EXP 	Sound sound_1 stopped
378.6681 	EXP 	text: autoDraw = True
378.6681 	EXP 	textbox: autoDraw = True
380.1300 	DATA 	Keypress: 9
380.1400 	EXP 	Device response: <KeyPress from None: t=380.125541, value=9, duration=None>
380.2865 	EXP 	Device response: <KeyPress from None: t=380.125541, value=9, duration=0.14462400000002162>
380.3451 	DATA 	Keypress: 9
380.3529 	EXP 	Device response: <KeyPress from None: t=380.3427611999999, value=9, duration=None>
380.4708 	EXP 	Device response: <KeyPress from None: t=380.3427611999999, value=9, duration=0.1262282000000141>
380.5756 	DATA 	Keypress: 9
380.5869 	EXP 	Device response: <KeyPress from None: t=380.57228470000007, value=9, duration=None>
380.6543 	EXP 	Device response: <KeyPress from None: t=380.57228470000007, value=9, duration=0.08100809999996272>
381.7778 	DATA 	Mouse: Left button down, pos=(1009,260)
381.7868 	EXP 	New trial (rep=4, index=6): <Trial 70 (6 in rep 4) data={'delay': 0.1, 'freq': 1000, 'condition': 'exp', 'thisN': 70, 'thisTrialN': 6, 'thisRepN': 4}>
381.8026 	EXP 	text: autoDraw = False
381.8026 	EXP 	textbox: autoDraw = False
381.8026 	EXP 	polygon: autoDraw = True
382.0038 	DATA 	Mouse:  Left button up, pos=(1009,260)
382.7864 	INFO 	Keyboard events cleared
382.7862 	EXP 	polygon_2: autoDraw = True
382.8027 	EXP 	polygon: autoDraw = False
383.5882 	EXP 	Device response: <KeyPress from None: t=383.5789526, value=space, duration=None>
383.5907 	DATA 	Keypress: space
383.6041 	EXP 	polygon: autoDraw = False
383.6041 	EXP 	polygon_2: autoDraw = False
383.6722 	EXP 	Sound sound_1 reached end of file
383.6885 	EXP 	Playing sound sound_1 on speaker Speakers (Realtek(R) Audio)
383.7389 	EXP 	Device response: <KeyPress from None: t=377.936155, value=space, duration=5.792473100000052>
383.9846 	EXP 	Sound sound_1 stopped
384.0039 	EXP 	text: autoDraw = True
384.0039 	EXP 	textbox: autoDraw = True
384.6991 	DATA 	Keypress: 9
384.7106 	EXP 	Device response: <KeyPress from None: t=384.6934322999999, value=9, duration=None>
384.8370 	EXP 	Device response: <KeyPress from None: t=384.6934322999999, value=9, duration=0.13079370000014023>
384.9529 	DATA 	Keypress: 9
384.9549 	EXP 	Device response: <KeyPress from None: t=384.94993809999994, value=9, duration=None>
385.0864 	EXP 	Device response: <KeyPress from None: t=384.94993809999994, value=9, duration=0.12175980000006348>
385.1447 	DATA 	Keypress: 9
385.1527 	EXP 	Device response: <KeyPress from None: t=385.1421813999999, value=9, duration=None>
385.2543 	EXP 	Device response: <KeyPress from None: t=385.1421813999999, value=9, duration=0.10396130000003723>
386.1206 	DATA 	Mouse: Left button down, pos=(1010,254)
386.1220 	EXP 	New trial (rep=4, index=7): <Trial 71 (7 in rep 4) data={'delay': 0.1, 'freq': 400, 'condition': 'unexp', 'thisN': 71, 'thisTrialN': 7, 'thisRepN': 4}>
386.1361 	EXP 	text: autoDraw = False
386.1361 	EXP 	textbox: autoDraw = False
386.1361 	EXP 	polygon: autoDraw = True
386.3372 	DATA 	Mouse:  Left button up, pos=(1010,254)
387.1215 	INFO 	Keyboard events cleared
387.1213 	EXP 	polygon_2: autoDraw = True
387.1377 	EXP 	polygon: autoDraw = False
387.6220 	EXP 	Device response: <KeyPress from None: t=387.61952869999993, value=space, duration=None>
387.6241 	DATA 	Keypress: space
387.6378 	EXP 	polygon: autoDraw = False
387.6378 	EXP 	polygon_2: autoDraw = False
387.7218 	EXP 	Sound sound_1 reached end of file
387.7378 	EXP 	Playing sound sound_1 on speaker Speakers (Realtek(R) Audio)
387.7713 	EXP 	Device response: <KeyPress from None: t=383.5789526, value=space, duration=4.189420200000086>
388.0336 	EXP 	Sound sound_1 stopped
388.0543 	EXP 	text: autoDraw = True
388.0543 	EXP 	textbox: autoDraw = True
388.1967 	DATA 	Keypress: space
388.1982 	EXP 	Device response: <KeyPress from None: t=388.1958326, value=space, duration=None>
388.2584 	EXP 	Device response: <KeyPress from None: t=387.61952869999993, value=space, duration=0.6251768000001903>
388.9199 	DATA 	Keypress: 3
388.9211 	EXP 	Device response: <KeyPress from None: t=388.9113486, value=3, duration=None>
389.0702 	EXP 	Device response: <KeyPress from None: t=388.9113486, value=3, duration=0.1487282000000505>
389.5544 	DATA 	Keypress: 5
389.5564 	EXP 	Device response: <KeyPress from None: t=389.55286379999995, value=5, duration=None>
389.6542 	EXP 	Device response: <KeyPress from None: t=389.55286379999995, value=5, duration=0.09243590000005497>
390.2370 	DATA 	Keypress: 0
390.2385 	EXP 	Device response: <KeyPress from None: t=390.2342036000001, value=0, duration=None>
390.3695 	EXP 	Device response: <KeyPress from None: t=390.2342036000001, value=0, duration=0.12207459999990533>
390.5911 	DATA 	Keypress: space
390.6028 	EXP 	Device response: <KeyPress from None: t=390.5892728, value=space, duration=None>
390.7382 	EXP 	Device response: <KeyPress from None: t=388.1958326, value=space, duration=2.532519500000035>
392.0866 	DATA 	Mouse: Left button down, pos=(956,238)
392.0875 	EXP 	New trial (rep=4, index=8): <Trial 72 (8 in rep 4) data={'delay': 0.7, 'freq': 400, 'condition': 'unexp', 'thisN': 72, 'thisTrialN': 8, 'thisRepN': 4}>
392.1036 	EXP 	text: autoDraw = False
392.1036 	EXP 	textbox: autoDraw = False
392.1036 	EXP 	polygon: autoDraw = True
392.3038 	DATA 	Mouse:  Left button up, pos=(956,238)
393.1022 	INFO 	Keyboard events cleared
393.1021 	EXP 	polygon: autoDraw = False
393.1021 	EXP 	polygon_2: autoDraw = True
394.1550 	EXP 	Device response: <KeyPress from None: t=394.1515568000001, value=space, duration=None>
394.1567 	DATA 	Keypress: space
394.1710 	EXP 	polygon: autoDraw = False
394.1710 	EXP 	polygon_2: autoDraw = False
394.2860 	EXP 	Device response: <KeyPress from None: t=390.5892728, value=space, duration=3.681571500000018>
394.8549 	EXP 	Sound sound_1 reached end of file
394.8711 	EXP 	Playing sound sound_1 on speaker Speakers (Realtek(R) Audio)
395.1633 	EXP 	Sound sound_1 stopped
395.1859 	EXP 	text: autoDraw = True
395.1859 	EXP 	textbox: autoDraw = True
396.3025 	DATA 	Keypress: 3
396.3129 	EXP 	Device response: <KeyPress from None: t=396.2983657000001, value=3, duration=None>
396.4198 	EXP 	Device response: <KeyPress from None: t=396.2983657000001, value=3, duration=0.10719619999986207>
396.7915 	DATA 	Keypress: 5
396.8030 	EXP 	Device response: <KeyPress from None: t=396.79085399999997, value=5, duration=None>
396.8863 	EXP 	Device response: <KeyPress from None: t=396.79085399999997, value=5, duration=0.08007610000004206>
397.3071 	DATA 	Keypress: 0
397.3198 	EXP 	Device response: <KeyPress from None: t=397.30329930000005, value=0, duration=None>
397.3870 	EXP 	Device response: <KeyPress from None: t=397.30329930000005, value=0, duration=0.07526259999985996>
398.2368 	DATA 	Mouse: Left button down, pos=(956,238)
398.2377 	EXP 	New trial (rep=4, index=9): <Trial 73 (9 in rep 4) data={'delay': 0.1, 'freq': 1000, 'condition': 'exp', 'thisN': 73, 'thisTrialN': 9, 'thisRepN': 4}>
398.2523 	EXP 	text: autoDraw = False
398.2523 	EXP 	textbox: autoDraw = False
398.2523 	EXP 	polygon: autoDraw = True
398.4699 	DATA 	Mouse:  Left button up, pos=(956,238)
399.2381 	INFO 	Keyboard events cleared
399.2379 	EXP 	polygon_2: autoDraw = True
399.2543 	EXP 	polygon: autoDraw = False
399.9394 	EXP 	Device response: <KeyPress from None: t=399.92696460000013, value=space, duration=None>
399.9414 	DATA 	Keypress: space
399.9547 	EXP 	polygon: autoDraw = False
399.9547 	EXP 	polygon_2: autoDraw = False
400.0382 	EXP 	Sound sound_1 reached end of file
400.0545 	EXP 	Playing sound sound_1 on speaker Speakers (Realtek(R) Audio)
400.0883 	EXP 	Device response: <KeyPress from None: t=394.1515568000001, value=space, duration=5.927545699999882>
400.3494 	EXP 	Sound sound_1 stopped
400.3708 	EXP 	text: autoDraw = True
400.3708 	EXP 	textbox: autoDraw = True
401.8553 	DATA 	Keypress: 7
401.8631 	EXP 	Device response: <KeyPress from None: t=401.8540578000001, value=7, duration=None>
401.9710 	EXP 	Device response: <KeyPress from None: t=401.8540578000001, value=7, duration=0.11497910000002776>
402.6871 	DATA 	Keypress: 5
402.6884 	EXP 	Device response: <KeyPress from None: t=402.68647550000003, value=5, duration=None>
402.8041 	EXP 	Device response: <KeyPress from None: t=402.68647550000003, value=5, duration=0.11081560000002355>
403.2202 	DATA 	Keypress: 0
403.2216 	EXP 	Device response: <KeyPress from None: t=403.2129215000001, value=0, duration=None>
403.3038 	EXP 	Device response: <KeyPress from None: t=403.2129215000001, value=0, duration=0.08528509999996459>
404.6701 	DATA 	Mouse: Left button down, pos=(958,240)
404.6710 	EXP 	New trial (rep=4, index=10): <Trial 74 (10 in rep 4) data={'delay': 0.1, 'freq': 1000, 'condition': 'exp', 'thisN': 74, 'thisTrialN': 10, 'thisRepN': 4}>
404.6857 	EXP 	text: autoDraw = False
404.6857 	EXP 	textbox: autoDraw = False
404.6857 	EXP 	polygon: autoDraw = True
404.8874 	DATA 	Mouse:  Left button up, pos=(958,240)
405.6862 	INFO 	Keyboard events cleared
405.6860 	EXP 	polygon: autoDraw = False
405.6860 	EXP 	polygon_2: autoDraw = True
406.3062 	DATA 	Keypress: space
406.3202 	EXP 	Device response: <KeyPress from None: t=406.3057496, value=space, duration=None>
406.3374 	EXP 	polygon: autoDraw = False
406.3374 	EXP 	polygon_2: autoDraw = False
406.4032 	EXP 	Sound sound_1 reached end of file
406.4196 	EXP 	Playing sound sound_1 on speaker Speakers (Realtek(R) Audio)
406.4363 	EXP 	Device response: <KeyPress from None: t=399.92696460000013, value=space, duration=6.506915399999798>
406.7214 	EXP 	Sound sound_1 stopped
406.7402 	EXP 	text: autoDraw = True
406.7402 	EXP 	textbox: autoDraw = True
407.1311 	DATA 	Keypress: 9
407.1426 	EXP 	Device response: <KeyPress from None: t=407.12708370000007, value=9, duration=None>
407.2540 	EXP 	Device response: <KeyPress from None: t=407.12708370000007, value=9, duration=0.11808109999992666>
407.3534 	DATA 	Keypress: 9
407.3551 	EXP 	Device response: <KeyPress from None: t=407.3454476999999, value=9, duration=None>
407.4031 	EXP 	Device response: <KeyPress from None: t=407.3454476999999, value=9, duration=0.0480605000000196>
407.5085 	DATA 	Keypress: 9
407.5197 	EXP 	Device response: <KeyPress from None: t=407.508021, value=9, duration=None>
407.5375 	EXP 	Device response: <KeyPress from None: t=407.508021, value=9, duration=0.028311400000120557>
408.0035 	DATA 	Mouse: Left button down, pos=(958,240)
408.0045 	EXP 	New trial (rep=4, index=11): <Trial 75 (11 in rep 4) data={'delay': 0.1, 'freq': 1000, 'condition': 'exp', 'thisN': 75, 'thisTrialN': 11, 'thisRepN': 4}>
408.0190 	EXP 	text: autoDraw = False
408.0190 	EXP 	textbox: autoDraw = False
408.0190 	EXP 	polygon: autoDraw = True
408.1050 	DATA 	Mouse:  Left button up, pos=(958,240)
409.0194 	INFO 	Keyboard events cleared
409.0193 	EXP 	polygon: autoDraw = False
409.0193 	EXP 	polygon_2: autoDraw = True
409.3365 	EXP 	Device response: <KeyPress from None: t=409.3359233, value=space, duration=None>
409.3386 	DATA 	Keypress: space
409.3525 	EXP 	polygon: autoDraw = False
409.3525 	EXP 	polygon_2: autoDraw = False
409.4199 	EXP 	Sound sound_1 reached end of file
409.4363 	EXP 	Playing sound sound_1 on speaker Speakers (Realtek(R) Audio)
409.5529 	EXP 	Device response: <KeyPress from None: t=406.3057496, value=space, duration=3.237486100000069>
409.7376 	EXP 	Sound sound_1 stopped
409.7549 	EXP 	text: autoDraw = True
409.7549 	EXP 	textbox: autoDraw = True
410.2696 	DATA 	Keypress: 9
410.2805 	EXP 	Device response: <KeyPress from None: t=410.2690152000001, value=9, duration=None>
410.3866 	EXP 	Device response: <KeyPress from None: t=410.2690152000001, value=9, duration=0.10141699999985576>
410.4610 	DATA 	Keypress: 9
410.4699 	EXP 	Device response: <KeyPress from None: t=410.459076, value=9, duration=None>
410.5537 	EXP 	Device response: <KeyPress from None: t=410.459076, value=9, duration=0.09202770000001692>
410.6205 	DATA 	Keypress: 9
410.6220 	EXP 	Device response: <KeyPress from None: t=410.6191792999999, value=9, duration=None>
410.7041 	EXP 	Device response: <KeyPress from None: t=410.6191792999999, value=9, duration=0.07653900000013891>
411.2615 	DATA 	Mouse: Left button down, pos=(1028,245)
411.2703 	EXP 	New trial (rep=4, index=12): <Trial 76 (12 in rep 4) data={'delay': 0.4, 'freq': 1000, 'condition': 'exp', 'thisN': 76, 'thisTrialN': 12, 'thisRepN': 4}>
411.2858 	EXP 	text: autoDraw = False
411.2858 	EXP 	textbox: autoDraw = False
411.2858 	EXP 	polygon: autoDraw = True
411.4039 	DATA 	Mouse:  Left button up, pos=(1028,245)
412.2693 	INFO 	Keyboard events cleared
412.2691 	EXP 	polygon_2: autoDraw = True
412.2864 	EXP 	polygon: autoDraw = False
412.7363 	EXP 	Device response: <KeyPress from None: t=412.7338940000001, value=space, duration=None>
412.7378 	DATA 	Keypress: space
412.7530 	EXP 	polygon: autoDraw = False
412.7530 	EXP 	polygon_2: autoDraw = False
412.9365 	EXP 	Device response: <KeyPress from None: t=409.3359233, value=space, duration=3.5841609000001426>
413.1198 	EXP 	Sound sound_1 reached end of file
413.1361 	EXP 	Playing sound sound_1 on speaker Speakers (Realtek(R) Audio)
413.4352 	EXP 	Sound sound_1 stopped
413.4552 	EXP 	text: autoDraw = True
413.4552 	EXP 	textbox: autoDraw = True
413.8125 	DATA 	Keypress: 9
413.8230 	EXP 	Device response: <KeyPress from None: t=413.80521290000013, value=9, duration=None>
413.9378 	EXP 	Device response: <KeyPress from None: t=413.80521290000013, value=9, duration=0.13010399999984656>
414.1202 	DATA 	Keypress: 9
414.1220 	EXP 	Device response: <KeyPress from None: t=414.11747619999994, value=9, duration=None>
414.2709 	EXP 	Device response: <KeyPress from None: t=414.11747619999994, value=9, duration=0.15040369999996983>
414.3368 	DATA 	Keypress: 9
414.3383 	EXP 	Device response: <KeyPress from None: t=414.3347424, value=9, duration=None>
414.4376 	EXP 	Device response: <KeyPress from None: t=414.3347424, value=9, duration=0.10005150000006324>
415.0368 	DATA 	Mouse: Left button down, pos=(1010,282)
415.1448 	DATA 	Mouse:  Left button up, pos=(1010,282)
415.4877 	DATA 	Mouse: Left button down, pos=(1018,250)
415.4887 	EXP 	New trial (rep=4, index=13): <Trial 77 (13 in rep 4) data={'delay': 0.7, 'freq': 1000, 'condition': 'exp', 'thisN': 77, 'thisTrialN': 13, 'thisRepN': 4}>
415.5026 	EXP 	text: autoDraw = False
415.5026 	EXP 	textbox: autoDraw = False
415.5026 	EXP 	polygon: autoDraw = True
415.6039 	DATA 	Mouse:  Left button up, pos=(1018,250)
416.5029 	INFO 	Keyboard events cleared
416.5027 	EXP 	polygon: autoDraw = False
416.5027 	EXP 	polygon_2: autoDraw = True
417.1036 	EXP 	Device response: <KeyPress from None: t=417.0944383, value=space, duration=None>
417.1056 	DATA 	Keypress: space
417.1186 	EXP 	polygon: autoDraw = False
417.1186 	EXP 	polygon_2: autoDraw = False
417.3199 	EXP 	Device response: <KeyPress from None: t=412.7338940000001, value=space, duration=4.571224099999881>
417.8026 	EXP 	Sound sound_1 reached end of file
417.8189 	EXP 	Playing sound sound_1 on speaker Speakers (Realtek(R) Audio)
418.1201 	EXP 	Sound sound_1 stopped
418.1392 	EXP 	text: autoDraw = True
418.1392 	EXP 	textbox: autoDraw = True
418.7651 	DATA 	Keypress: 9
418.7753 	EXP 	Device response: <KeyPress from None: t=418.7636414, value=9, duration=None>
418.9040 	EXP 	Device response: <KeyPress from None: t=418.7636414, value=9, duration=0.1367589000001317>
419.0036 	DATA 	Keypress: 9
419.0053 	EXP 	Device response: <KeyPress from None: t=419.0008246000001, value=9, duration=None>
419.0873 	EXP 	Device response: <KeyPress from None: t=419.0008246000001, value=9, duration=0.07711429999994834>
419.1700 	DATA 	Keypress: 9
419.1713 	EXP 	Device response: <KeyPress from None: t=419.1677625000001, value=9, duration=None>
419.2375 	EXP 	Device response: <KeyPress from None: t=419.1677625000001, value=9, duration=0.06700969999997142>
420.3116 	DATA 	Mouse: Left button down, pos=(948,239)
420.3204 	EXP 	New trial (rep=4, index=14): <Trial 78 (14 in rep 4) data={'delay': 0.4, 'freq': 400, 'condition': 'unexp', 'thisN': 78, 'thisTrialN': 14, 'thisRepN': 4}>
420.3362 	EXP 	text: autoDraw = False
420.3362 	EXP 	textbox: autoDraw = False
420.3362 	EXP 	polygon: autoDraw = True
420.5370 	DATA 	Mouse:  Left button up, pos=(948,239)
421.3361 	INFO 	Keyboard events cleared
421.3359 	EXP 	polygon: autoDraw = False
421.3359 	EXP 	polygon_2: autoDraw = True
422.3864 	EXP 	Device response: <KeyPress from None: t=422.3840851000001, value=space, duration=None>
422.3886 	DATA 	Keypress: space
422.4023 	EXP 	polygon: autoDraw = False
422.4023 	EXP 	polygon_2: autoDraw = False
422.7700 	EXP 	Sound sound_1 reached end of file
422.7862 	EXP 	Playing sound sound_1 on speaker Speakers (Realtek(R) Audio)
422.8366 	EXP 	Device response: <KeyPress from None: t=417.0944383, value=space, duration=5.737196799999992>
423.0812 	EXP 	Sound sound_1 stopped
423.1007 	EXP 	text: autoDraw = True
423.1007 	EXP 	textbox: autoDraw = True
424.3704 	DATA 	Keypress: 4
424.3813 	EXP 	Device response: <KeyPress from None: t=424.36424999999997, value=4, duration=None>
424.5207 	EXP 	Device response: <KeyPress from None: t=424.36424999999997, value=4, duration=0.1497882999999547>
424.5697 	DATA 	Keypress: 5
424.5713 	EXP 	Device response: <KeyPress from None: t=424.56701940000005, value=5, duration=None>
424.7363 	EXP 	Device response: <KeyPress from None: t=424.56701940000005, value=5, duration=0.15658209999992323>
425.3700 	DATA 	Keypress: 0
425.3716 	EXP 	Device response: <KeyPress from None: t=425.3634175000001, value=0, duration=None>
425.4866 	EXP 	Device response: <KeyPress from None: t=425.3634175000001, value=0, duration=0.1136509999998907>
426.4037 	DATA 	Mouse: Left button down, pos=(948,239)
426.4048 	EXP 	New trial (rep=4, index=15): <Trial 79 (15 in rep 4) data={'delay': 0.4, 'freq': 1000, 'condition': 'exp', 'thisN': 79, 'thisTrialN': 15, 'thisRepN': 4}>
426.4199 	EXP 	text: autoDraw = False
426.4199 	EXP 	textbox: autoDraw = False
426.4199 	EXP 	polygon: autoDraw = True
426.6540 	DATA 	Mouse:  Left button up, pos=(948,239)
426.7208 	DATA 	Mouse: Left button down, pos=(948,239)
426.7866 	DATA 	Mouse:  Left button up, pos=(948,239)
426.9208 	DATA 	Mouse: Left button down, pos=(948,239)
427.2544 	DATA 	Mouse:  Left button up, pos=(948,239)
427.3373 	DATA 	Mouse: Left button down, pos=(948,239)
427.4195 	INFO 	Keyboard events cleared
427.4194 	EXP 	polygon: autoDraw = False
427.4194 	EXP 	polygon_2: autoDraw = True
427.4876 	DATA 	Mouse:  Left button up, pos=(948,239)
428.0052 	EXP 	Device response: <KeyPress from None: t=427.99382460000004, value=space, duration=None>
428.0078 	DATA 	Keypress: space
428.0217 	EXP 	polygon: autoDraw = False
428.0217 	EXP 	polygon_2: autoDraw = False
428.2551 	EXP 	Device response: <KeyPress from None: t=422.3840851000001, value=space, duration=5.85605529999998>
428.4045 	EXP 	Sound sound_1 reached end of file
428.4207 	EXP 	Playing sound sound_1 on speaker Speakers (Realtek(R) Audio)
428.7245 	EXP 	Sound sound_1 stopped
428.7433 	EXP 	text: autoDraw = True
428.7433 	EXP 	textbox: autoDraw = True
431.1712 	DATA 	Keypress: 7
431.1820 	EXP 	Device response: <KeyPress from None: t=431.1641685000001, value=7, duration=None>
431.3033 	EXP 	Device response: <KeyPress from None: t=431.1641685000001, value=7, duration=0.1311576000000514>
431.8283 	DATA 	Keypress: 5
431.8365 	EXP 	Device response: <KeyPress from None: t=431.8274404, value=5, duration=None>
432.0034 	EXP 	Device response: <KeyPress from None: t=431.8274404, value=5, duration=0.16237019999994118>
432.2030 	DATA 	Keypress: 0
432.2047 	EXP 	Device response: <KeyPress from None: t=432.2004135000001, value=0, duration=None>
432.4052 	EXP 	Device response: <KeyPress from None: t=432.2004135000001, value=0, duration=0.20360630000004676>
433.7708 	DATA 	Mouse: Left button down, pos=(911,258)
433.7718 	EXP 	New trial (rep=5, index=0): <Trial 80 (0 in rep 5) data={'delay': 0.1, 'freq': 1000, 'condition': 'exp', 'thisN': 80, 'thisTrialN': 0, 'thisRepN': 5}>
433.7857 	EXP 	text: autoDraw = False
433.7857 	EXP 	textbox: autoDraw = False
433.7857 	EXP 	polygon: autoDraw = True
433.9207 	DATA 	Mouse:  Left button up, pos=(911,258)
434.7861 	INFO 	Keyboard events cleared
434.7860 	EXP 	polygon: autoDraw = False
434.7860 	EXP 	polygon_2: autoDraw = True
435.7881 	EXP 	Device response: <KeyPress from None: t=435.7743657, value=space, duration=None>
435.7896 	DATA 	Keypress: space
435.8025 	EXP 	polygon: autoDraw = False
435.8025 	EXP 	polygon_2: autoDraw = False
435.8718 	EXP 	Sound sound_1 reached end of file
435.8879 	EXP 	Playing sound sound_1 on speaker Speakers (Realtek(R) Audio)
436.0538 	EXP 	Device response: <KeyPress from None: t=427.99382460000004, value=space, duration=8.057053100000076>
436.1848 	EXP 	Sound sound_1 reached end of file
436.2117 	EXP 	text: autoDraw = True
436.2117 	EXP 	textbox: autoDraw = True
437.4230 	DATA 	Keypress: 7
437.4336 	EXP 	Device response: <KeyPress from None: t=437.4192239, value=7, duration=None>
437.5540 	EXP 	Device response: <KeyPress from None: t=437.4192239, value=7, duration=0.13007459999994353>
437.7281 	DATA 	Keypress: 6
437.7374 	EXP 	Device response: <KeyPress from None: t=437.72624110000004, value=6, duration=None>
437.8702 	EXP 	Device response: <KeyPress from None: t=437.72624110000004, value=6, duration=0.1347344000000703>
438.1871 	DATA 	Keypress: backspace
438.1884 	EXP 	Device response: <KeyPress from None: t=438.1822499000001, value=backspace, duration=None>
438.3209 	EXP 	Device response: <KeyPress from None: t=438.1822499000001, value=backspace, duration=0.1314346999999998>
438.5534 	DATA 	Keypress: r
438.5549 	EXP 	Device response: <KeyPress from None: t=438.54467149999994, value=r, duration=None>
438.7034 	EXP 	Device response: <KeyPress from None: t=438.54467149999994, value=r, duration=0.14324090000013712>
439.3867 	DATA 	Keypress: backspace
439.3887 	EXP 	Device response: <KeyPress from None: t=439.3779684, value=backspace, duration=None>
439.5203 	EXP 	Device response: <KeyPress from None: t=439.3779684, value=backspace, duration=0.13279160000001866>
439.7548 	DATA 	Keypress: 5
439.7561 	EXP 	Device response: <KeyPress from None: t=439.7512229, value=5, duration=None>
439.8716 	EXP 	Device response: <KeyPress from None: t=439.7512229, value=5, duration=0.11290589999998701>
440.1410 	DATA 	Keypress: 0
440.1532 	EXP 	Device response: <KeyPress from None: t=440.1395636000001, value=0, duration=None>
440.3374 	EXP 	Device response: <KeyPress from None: t=440.1395636000001, value=0, duration=0.18976199999997334>
441.5286 	DATA 	Mouse: Left button down, pos=(914,216)
441.5374 	EXP 	New trial (rep=5, index=1): <Trial 81 (1 in rep 5) data={'delay': 0.7, 'freq': 400, 'condition': 'unexp', 'thisN': 81, 'thisTrialN': 1, 'thisRepN': 5}>
441.5529 	EXP 	text: autoDraw = False
441.5529 	EXP 	textbox: autoDraw = False
441.5529 	EXP 	polygon: autoDraw = True
441.7539 	DATA 	Mouse:  Left button up, pos=(914,216)
442.5230 	EXP 	Device response: <KeyPress from None: t=442.5171974000001, value=space, duration=None>
442.5243 	DATA 	Keypress: space
442.5383 	INFO 	Keyboard events cleared
442.5381 	EXP 	polygon_2: autoDraw = True
442.5545 	EXP 	polygon: autoDraw = False
442.6888 	EXP 	Device response: <KeyPress from None: t=435.7743657, value=space, duration=6.9029017000000295>
443.1722 	EXP 	Device response: <KeyPress from None: t=443.171704, value=space, duration=None>
443.1740 	DATA 	Keypress: space
443.1887 	EXP 	polygon: autoDraw = False
443.1887 	EXP 	polygon_2: autoDraw = False
443.2885 	EXP 	Device response: <KeyPress from None: t=442.5171974000001, value=space, duration=0.7674829000000045>
443.8718 	EXP 	Sound sound_1 reached end of file
443.8881 	EXP 	Playing sound sound_1 on speaker Speakers (Realtek(R) Audio)
444.1833 	EXP 	Sound sound_1 stopped
444.2054 	EXP 	text: autoDraw = True
444.2054 	EXP 	textbox: autoDraw = True
445.3173 	DATA 	Keypress: 3
445.3283 	EXP 	Device response: <KeyPress from None: t=445.31241080000007, value=3, duration=None>
445.4863 	EXP 	Device response: <KeyPress from None: t=445.31241080000007, value=3, duration=0.15995589999988624>
445.8534 	DATA 	Keypress: 4
445.8549 	EXP 	Device response: <KeyPress from None: t=445.8508484, value=4, duration=None>
446.0207 	EXP 	Device response: <KeyPress from None: t=445.8508484, value=4, duration=0.16614140000001498>
447.6711 	DATA 	Keypress: backspace
447.6724 	EXP 	Device response: <KeyPress from None: t=447.6669405000001, value=backspace, duration=None>
447.8533 	EXP 	Device response: <KeyPress from None: t=447.6669405000001, value=backspace, duration=0.1771614999997837>
448.3753 	DATA 	Keypress: 4
448.3870 	EXP 	Device response: <KeyPress from None: t=448.3712462, value=4, duration=None>
448.5370 	EXP 	Device response: <KeyPress from None: t=448.3712462, value=4, duration=0.1586170000000493>
448.8445 	DATA 	Keypress: 0
448.8535 	EXP 	Device response: <KeyPress from None: t=448.84205280000003, value=0, duration=None>
449.1709 	EXP 	Device response: <KeyPress from None: t=448.84205280000003, value=0, duration=0.32257559999993646>
450.9870 	DATA 	Mouse: Left button down, pos=(914,216)
450.9879 	EXP 	New trial (rep=5, index=2): <Trial 82 (2 in rep 5) data={'delay': 0.7, 'freq': 1000, 'condition': 'exp', 'thisN': 82, 'thisTrialN': 2, 'thisRepN': 5}>
451.0028 	EXP 	text: autoDraw = False
451.0028 	EXP 	textbox: autoDraw = False
451.0028 	EXP 	polygon: autoDraw = True
451.3042 	DATA 	Mouse:  Left button up, pos=(914,216)
451.3713 	DATA 	Mouse: Left button down, pos=(914,216)
451.5204 	DATA 	Mouse:  Left button up, pos=(914,216)
451.9886 	INFO 	Keyboard events cleared
451.9884 	EXP 	polygon_2: autoDraw = True
452.0045 	EXP 	polygon: autoDraw = False
452.6235 	EXP 	Device response: <KeyPress from None: t=452.6214016, value=space, duration=None>
452.6254 	DATA 	Keypress: space
452.6383 	EXP 	polygon: autoDraw = False
452.6383 	EXP 	polygon_2: autoDraw = False
452.9056 	EXP 	Device response: <KeyPress from None: t=443.171704, value=space, duration=9.727015400000028>
453.3219 	EXP 	Sound sound_1 reached end of file
453.3382 	EXP 	Playing sound sound_1 on speaker Speakers (Realtek(R) Audio)
453.6351 	EXP 	Sound sound_1 stopped
453.6550 	EXP 	text: autoDraw = True
453.6550 	EXP 	textbox: autoDraw = True
454.3044 	DATA 	Keypress: 9
454.3121 	EXP 	Device response: <KeyPress from None: t=454.30281090000005, value=9, duration=None>
454.4709 	EXP 	Device response: <KeyPress from None: t=454.30281090000005, value=9, duration=0.16434549999985393>
454.6115 	DATA 	Keypress: 9
454.6199 	EXP 	Device response: <KeyPress from None: t=454.6077775, value=9, duration=None>
454.7214 	EXP 	Device response: <KeyPress from None: t=454.6077775, value=9, duration=0.10480469999993147>
454.8207 	DATA 	Keypress: 9
454.8220 	EXP 	Device response: <KeyPress from None: t=454.8159532000001, value=9, duration=None>
454.8871 	EXP 	Device response: <KeyPress from None: t=454.8159532000001, value=9, duration=0.060193699999899763>
455.7040 	DATA 	Mouse: Left button down, pos=(914,216)
455.7049 	EXP 	New trial (rep=5, index=3): <Trial 83 (3 in rep 5) data={'delay': 0.1, 'freq': 1000, 'condition': 'exp', 'thisN': 83, 'thisTrialN': 3, 'thisRepN': 5}>
455.7200 	EXP 	text: autoDraw = False
455.7200 	EXP 	textbox: autoDraw = False
455.7200 	EXP 	polygon: autoDraw = True
455.9373 	DATA 	Mouse:  Left button up, pos=(914,216)
456.0042 	DATA 	Mouse: Left button down, pos=(914,216)
456.2222 	DATA 	Mouse:  Left button up, pos=(914,216)
456.7052 	INFO 	Keyboard events cleared
456.7050 	EXP 	polygon_2: autoDraw = True
456.7212 	EXP 	polygon: autoDraw = False
457.8718 	EXP 	Device response: <KeyPress from None: t=457.85909460000005, value=n, duration=None>
457.8728 	DATA 	Keypress: n
457.9569 	EXP 	Device response: <KeyPress from None: t=457.85909460000005, value=n, duration=0.0820578000000296>
458.5030 	EXP 	Device response: <KeyPress from None: t=458.50077780000004, value=space, duration=None>
458.5051 	DATA 	Keypress: space
458.5198 	EXP 	polygon: autoDraw = False
458.5198 	EXP 	polygon_2: autoDraw = False
458.5864 	EXP 	Sound sound_1 reached end of file
458.6028 	EXP 	Playing sound sound_1 on speaker Speakers (Realtek(R) Audio)
458.6536 	EXP 	Device response: <KeyPress from None: t=452.6214016, value=space, duration=6.017294100000072>
458.8992 	EXP 	Sound sound_1 stopped
458.9155 	EXP 	text: autoDraw = True
458.9155 	EXP 	textbox: autoDraw = True
459.2789 	DATA 	Keypress: 9
459.2808 	EXP 	Device response: <KeyPress from None: t=459.2763747, value=9, duration=None>
459.3868 	EXP 	Device response: <KeyPress from None: t=459.2763747, value=9, duration=0.09917440000003808>
459.5244 	DATA 	Keypress: 9
459.5369 	EXP 	Device response: <KeyPress from None: t=459.52122739999993, value=9, duration=None>
459.6040 	EXP 	Device response: <KeyPress from None: t=459.52122739999993, value=9, duration=0.0797855000000709>
459.8453 	DATA 	Keypress: 9
459.8533 	EXP 	Device response: <KeyPress from None: t=459.8420947999999, value=9, duration=None>
459.9203 	EXP 	Device response: <KeyPress from None: t=459.8420947999999, value=9, duration=0.07241320000002816>
460.7585 	DATA 	Mouse: Left button down, pos=(936,231)
460.7709 	EXP 	New trial (rep=5, index=4): <Trial 84 (4 in rep 5) data={'delay': 0.1, 'freq': 400, 'condition': 'unexp', 'thisN': 84, 'thisTrialN': 4, 'thisRepN': 5}>
460.7864 	EXP 	text: autoDraw = False
460.7864 	EXP 	textbox: autoDraw = False
460.7864 	EXP 	polygon: autoDraw = True
461.0042 	DATA 	Mouse:  Left button up, pos=(936,231)
461.0541 	DATA 	Mouse: Left button down, pos=(936,231)
461.2206 	DATA 	Mouse:  Left button up, pos=(936,231)
461.7718 	INFO 	Keyboard events cleared
461.7716 	EXP 	polygon_2: autoDraw = True
461.7863 	EXP 	polygon: autoDraw = False
462.5386 	EXP 	Device response: <KeyPress from None: t=462.53491010000005, value=space, duration=None>
462.5410 	DATA 	Keypress: space
462.5547 	EXP 	polygon: autoDraw = False
462.5547 	EXP 	polygon_2: autoDraw = False
462.6220 	EXP 	Sound sound_1 reached end of file
462.6382 	EXP 	Playing sound sound_1 on speaker Speakers (Realtek(R) Audio)
462.7051 	EXP 	Device response: <KeyPress from None: t=458.50077780000004, value=space, duration=4.202912100000049>
462.9418 	EXP 	Sound sound_1 stopped
462.9615 	EXP 	text: autoDraw = True
462.9615 	EXP 	textbox: autoDraw = True
464.0976 	DATA 	Keypress: 4
464.1080 	EXP 	Device response: <KeyPress from None: t=464.09271939999996, value=4, duration=None>
464.1708 	EXP 	Device response: <KeyPress from None: t=464.09271939999996, value=4, duration=0.07410509999999704>
464.3365 	DATA 	Keypress: 5
464.3380 	EXP 	Device response: <KeyPress from None: t=464.33140850000007, value=5, duration=None>
464.4200 	EXP 	Device response: <KeyPress from None: t=464.33140850000007, value=5, duration=0.07286049999993338>
465.1086 	DATA 	Keypress: 0
465.1201 	EXP 	Device response: <KeyPress from None: t=465.1079377, value=0, duration=None>
465.2207 	EXP 	Device response: <KeyPress from None: t=465.1079377, value=0, duration=0.11098839999999655>
466.5753 	DATA 	Mouse: Left button down, pos=(939,237)
466.5874 	EXP 	New trial (rep=5, index=5): <Trial 85 (5 in rep 5) data={'delay': 0.4, 'freq': 1000, 'condition': 'exp', 'thisN': 85, 'thisTrialN': 5, 'thisRepN': 5}>
466.6029 	EXP 	text: autoDraw = False
466.6029 	EXP 	textbox: autoDraw = False
466.6029 	EXP 	polygon: autoDraw = True
466.8703 	DATA 	Mouse:  Left button up, pos=(939,237)
466.9370 	DATA 	Mouse: Left button down, pos=(939,237)
467.1048 	DATA 	Mouse:  Left button up, pos=(939,237)
467.3211 	DATA 	Mouse: Left button down, pos=(939,237)
467.5372 	DATA 	Mouse:  Left button up, pos=(939,237)
467.5864 	INFO 	Keyboard events cleared
467.5863 	EXP 	polygon_2: autoDraw = True
467.6028 	EXP 	polygon: autoDraw = False
468.1868 	EXP 	Device response: <KeyPress from None: t=468.18239329999994, value=space, duration=None>
468.1886 	DATA 	Keypress: space
468.2043 	EXP 	polygon: autoDraw = False
468.2043 	EXP 	polygon_2: autoDraw = False
468.2560 	EXP 	Device response: <KeyPress from None: t=462.53491010000005, value=space, duration=5.714492399999926>
468.5863 	EXP 	Sound sound_1 reached end of file
468.6027 	EXP 	Playing sound sound_1 on speaker Speakers (Realtek(R) Audio)
468.8937 	EXP 	Sound sound_1 stopped
468.9104 	EXP 	text: autoDraw = True
468.9104 	EXP 	textbox: autoDraw = True
470.2902 	DATA 	Keypress: 9
470.2920 	EXP 	Device response: <KeyPress from None: t=470.2845080999999, value=9, duration=None>
470.4544 	EXP 	Device response: <KeyPress from None: t=470.2845080999999, value=9, duration=0.1636550000000625>
470.5537 	DATA 	Keypress: 9
470.5552 	EXP 	Device response: <KeyPress from None: t=470.5480639000001, value=9, duration=None>
470.6870 	EXP 	Device response: <KeyPress from None: t=470.5480639000001, value=9, duration=0.1254715000000033>
470.8375 	DATA 	Keypress: 9
470.8393 	EXP 	Device response: <KeyPress from None: t=470.8347914, value=9, duration=None>
470.9538 	EXP 	Device response: <KeyPress from None: t=470.8347914, value=9, duration=0.10588660000007621>
471.7706 	DATA 	Mouse: Left button down, pos=(939,237)
471.7717 	EXP 	New trial (rep=5, index=6): <Trial 86 (6 in rep 5) data={'delay': 0.7, 'freq': 1000, 'condition': 'exp', 'thisN': 86, 'thisTrialN': 6, 'thisRepN': 5}>
471.7862 	EXP 	text: autoDraw = False
471.7862 	EXP 	textbox: autoDraw = False
471.7862 	EXP 	polygon: autoDraw = True
472.0211 	DATA 	Mouse:  Left button up, pos=(939,237)
472.0878 	DATA 	Mouse: Left button down, pos=(939,237)
472.2539 	DATA 	Mouse:  Left button up, pos=(939,237)
472.7863 	INFO 	Keyboard events cleared
472.7862 	EXP 	polygon: autoDraw = False
472.7862 	EXP 	polygon_2: autoDraw = True
473.3720 	EXP 	Device response: <KeyPress from None: t=473.3635653, value=space, duration=None>
473.3745 	DATA 	Keypress: space
473.3870 	EXP 	polygon: autoDraw = False
473.3870 	EXP 	polygon_2: autoDraw = False
473.4703 	EXP 	Device response: <KeyPress from None: t=468.18239329999994, value=space, duration=5.285473700000011>
474.0552 	EXP 	Sound sound_1 reached end of file
474.0715 	EXP 	Playing sound sound_1 on speaker Speakers (Realtek(R) Audio)
474.3709 	EXP 	Sound sound_1 stopped
474.3907 	EXP 	text: autoDraw = True
474.3907 	EXP 	textbox: autoDraw = True
474.9537 	DATA 	Keypress: 9
474.9556 	EXP 	Device response: <KeyPress from None: t=474.948986, value=9, duration=None>
475.0041 	EXP 	Device response: <KeyPress from None: t=474.948986, value=9, duration=0.05269850000013321>
475.1774 	DATA 	Keypress: 9
475.1868 	EXP 	Device response: <KeyPress from None: t=475.1768919, value=9, duration=None>
475.2377 	EXP 	Device response: <KeyPress from None: t=475.1768919, value=9, duration=0.050971600000139006>
475.5421 	DATA 	Keypress: 9
475.5533 	EXP 	Device response: <KeyPress from None: t=475.5387879000001, value=9, duration=None>
475.6045 	EXP 	Device response: <KeyPress from None: t=475.5387879000001, value=9, duration=0.06427129999997305>
477.6117 	DATA 	Mouse: Left button down, pos=(939,237)
477.6207 	EXP 	New trial (rep=5, index=7): <Trial 87 (7 in rep 5) data={'delay': 0.7, 'freq': 1000, 'condition': 'exp', 'thisN': 87, 'thisTrialN': 7, 'thisRepN': 5}>
477.6360 	EXP 	text: autoDraw = False
477.6360 	EXP 	textbox: autoDraw = False
477.6360 	EXP 	polygon: autoDraw = True
477.8375 	DATA 	Mouse:  Left button up, pos=(939,237)
478.6218 	INFO 	Keyboard events cleared
478.6216 	EXP 	polygon_2: autoDraw = True
478.6392 	EXP 	polygon: autoDraw = False
480.2718 	EXP 	Device response: <KeyPress from None: t=480.2620069999999, value=space, duration=None>
480.2737 	DATA 	Keypress: space
480.2881 	EXP 	polygon: autoDraw = False
480.2881 	EXP 	polygon_2: autoDraw = False
480.3715 	EXP 	Device response: <KeyPress from None: t=473.3635653, value=space, duration=6.99383499999999>
480.9549 	EXP 	Sound sound_1 reached end of file
480.9712 	EXP 	Playing sound sound_1 on speaker Speakers (Realtek(R) Audio)
481.2691 	EXP 	Sound sound_1 stopped
481.2875 	EXP 	text: autoDraw = True
481.2875 	EXP 	textbox: autoDraw = True
483.2809 	DATA 	Keypress: 7
483.2823 	EXP 	Device response: <KeyPress from None: t=483.27836979999995, value=7, duration=None>
483.3535 	EXP 	Device response: <KeyPress from None: t=483.27836979999995, value=7, duration=0.06827620000012757>
483.7542 	DATA 	Keypress: 5
483.7555 	EXP 	Device response: <KeyPress from None: t=483.75252869999997, value=5, duration=None>
483.8703 	EXP 	Device response: <KeyPress from None: t=483.75252869999997, value=5, duration=0.10786069999994652>
484.1877 	DATA 	Keypress: 0
484.1896 	EXP 	Device response: <KeyPress from None: t=484.18720930000006, value=0, duration=None>
484.3378 	EXP 	Device response: <KeyPress from None: t=484.18720930000006, value=0, duration=0.14378289999990557>
485.4083 	DATA 	Mouse: Left button down, pos=(944,234)
485.4210 	EXP 	New trial (rep=5, index=8): <Trial 88 (8 in rep 5) data={'delay': 0.1, 'freq': 1000, 'condition': 'exp', 'thisN': 88, 'thisTrialN': 8, 'thisRepN': 5}>
485.4360 	EXP 	text: autoDraw = False
485.4360 	EXP 	textbox: autoDraw = False
485.4360 	EXP 	polygon: autoDraw = True
485.4875 	DATA 	Mouse:  Left button up, pos=(944,234)
485.5717 	DATA 	Mouse: Left button down, pos=(944,234)
485.7871 	DATA 	Mouse:  Left button up, pos=(944,234)
486.4222 	INFO 	Keyboard events cleared
486.4219 	EXP 	polygon_2: autoDraw = True
486.4378 	EXP 	polygon: autoDraw = False
486.9228 	EXP 	Device response: <KeyPress from None: t=486.9219809, value=space, duration=None>
486.9251 	DATA 	Keypress: space
486.9381 	EXP 	polygon: autoDraw = False
486.9381 	EXP 	polygon_2: autoDraw = False
487.0218 	EXP 	Sound sound_1 reached end of file
487.0381 	EXP 	Playing sound sound_1 on speaker Speakers (Realtek(R) Audio)
487.0568 	EXP 	Device response: <KeyPress from None: t=480.2620069999999, value=space, duration=6.788490000000138>
487.3410 	EXP 	Sound sound_1 stopped
487.3639 	EXP 	text: autoDraw = True
487.3639 	EXP 	textbox: autoDraw = True
491.7108 	DATA 	Keypress: 3
491.7221 	EXP 	Device response: <KeyPress from None: t=491.7046652, value=3, duration=None>
491.8047 	EXP 	Device response: <KeyPress from None: t=491.7046652, value=3, duration=0.0898411999999098>
492.2041 	DATA 	Keypress: 5
492.2057 	EXP 	Device response: <KeyPress from None: t=492.20114279999996, value=5, duration=None>
492.3712 	EXP 	Device response: <KeyPress from None: t=492.20114279999996, value=5, duration=0.16820529999995415>
492.9867 	DATA 	Keypress: minus
492.9936 	EXP 	Device response: <KeyPress from None: t=492.9846438999999, value=minus, duration=None>
493.0392 	EXP 	Device response: <KeyPress from None: t=492.9846438999999, value=minus, duration=0.048139500000161206>
493.6908 	DATA 	Keypress: backslash
493.7105 	EXP 	Device response: <KeyPress from None: t=493.68870000000004, value=backslash, duration=None>
493.8708 	EXP 	Device response: <KeyPress from None: t=493.68870000000004, value=backslash, duration=0.173648299999968>
494.2709 	DATA 	Keypress: backspace
494.2732 	EXP 	Device response: <KeyPress from None: t=494.2630765, value=backspace, duration=None>
494.4549 	EXP 	Device response: <KeyPress from None: t=494.2630765, value=backspace, duration=0.18792529999996077>
494.5704 	DATA 	Keypress: backspace
494.5716 	EXP 	Device response: <KeyPress from None: t=494.56624610000006, value=backspace, duration=None>
494.7041 	EXP 	Device response: <KeyPress from None: t=494.56624610000006, value=backspace, duration=0.1359563999999409>
495.3874 	DATA 	Keypress: 0
495.3887 	EXP 	Device response: <KeyPress from None: t=495.38257239999996, value=0, duration=None>
495.5365 	EXP 	Device response: <KeyPress from None: t=495.38257239999996, value=0, duration=0.140912999999955>
496.4371 	DATA 	Mouse: Left button down, pos=(937,240)
496.4383 	EXP 	New trial (rep=5, index=9): <Trial 89 (9 in rep 5) data={'delay': 0.1, 'freq': 1000, 'condition': 'exp', 'thisN': 89, 'thisTrialN': 9, 'thisRepN': 5}>
496.4534 	EXP 	text: autoDraw = False
496.4534 	EXP 	textbox: autoDraw = False
496.4534 	EXP 	polygon: autoDraw = True
496.6542 	DATA 	Mouse:  Left button up, pos=(937,240)
497.0200 	EXP 	Device response: <KeyPress from None: t=497.00756230000013, value=space, duration=None>
497.0208 	DATA 	Keypress: space
497.1869 	EXP 	Device response: <KeyPress from None: t=486.9219809, value=space, duration=10.249765499999967>
497.4530 	INFO 	Keyboard events cleared
497.4529 	EXP 	polygon: autoDraw = False
497.4529 	EXP 	polygon_2: autoDraw = True
497.7534 	EXP 	Device response: <KeyPress from None: t=497.744427, value=space, duration=None>
497.7551 	DATA 	Keypress: space
497.7700 	EXP 	polygon: autoDraw = False
497.7700 	EXP 	polygon_2: autoDraw = False
497.8371 	EXP 	Sound sound_1 reached end of file
497.8534 	EXP 	Playing sound sound_1 on speaker Speakers (Realtek(R) Audio)
497.9034 	EXP 	Device response: <KeyPress from None: t=497.00756230000013, value=space, duration=0.8868486999999732>
498.1469 	EXP 	Sound sound_1 stopped
498.1652 	EXP 	text: autoDraw = True
498.1652 	EXP 	textbox: autoDraw = True
500.6068 	DATA 	Keypress: 5
500.6149 	EXP 	Device response: <KeyPress from None: t=500.6030672999999, value=5, duration=None>
500.6871 	EXP 	Device response: <KeyPress from None: t=500.6030672999999, value=5, duration=0.06803910000007818>
500.8911 	DATA 	Keypress: 5
500.9035 	EXP 	Device response: <KeyPress from None: t=500.89049579999994, value=5, duration=None>
501.0042 	EXP 	Device response: <KeyPress from None: t=500.89049579999994, value=5, duration=0.11229170000001432>
501.3745 	DATA 	Keypress: 0
501.3869 	EXP 	Device response: <KeyPress from None: t=501.37390199999993, value=0, duration=None>
501.5372 	EXP 	Device response: <KeyPress from None: t=501.37390199999993, value=0, duration=0.15308920000006765>
502.3700 	DATA 	Mouse: Left button down, pos=(937,240)
502.3709 	EXP 	New trial (rep=5, index=10): <Trial 90 (10 in rep 5) data={'delay': 0.1, 'freq': 400, 'condition': 'unexp', 'thisN': 90, 'thisTrialN': 10, 'thisRepN': 5}>
502.3862 	EXP 	text: autoDraw = False
502.3862 	EXP 	textbox: autoDraw = False
502.3862 	EXP 	polygon: autoDraw = True
502.5872 	DATA 	Mouse:  Left button up, pos=(937,240)
503.3721 	INFO 	Keyboard events cleared
503.3719 	EXP 	polygon_2: autoDraw = True
503.3884 	EXP 	polygon: autoDraw = False
503.6890 	EXP 	Device response: <KeyPress from None: t=503.6727674, value=space, duration=None>
503.6913 	DATA 	Keypress: space
503.7045 	EXP 	polygon: autoDraw = False
503.7045 	EXP 	polygon_2: autoDraw = False
503.7887 	EXP 	Sound sound_1 reached end of file
503.8047 	EXP 	Playing sound sound_1 on speaker Speakers (Realtek(R) Audio)
503.8385 	EXP 	Device response: <KeyPress from None: t=497.744427, value=space, duration=6.093538699999954>
504.0950 	EXP 	Sound sound_1 stopped
504.1162 	EXP 	text: autoDraw = True
504.1162 	EXP 	textbox: autoDraw = True
505.0042 	DATA 	Keypress: 3
505.0058 	EXP 	Device response: <KeyPress from None: t=505.0032970000001, value=3, duration=None>
505.1036 	EXP 	Device response: <KeyPress from None: t=505.0032970000001, value=3, duration=0.08462729999996554>
505.5039 	DATA 	Keypress: 5
505.5060 	EXP 	Device response: <KeyPress from None: t=505.5018286999999, value=5, duration=None>
505.5703 	EXP 	Device response: <KeyPress from None: t=505.5018286999999, value=5, duration=0.052749700000049415>
506.1203 	DATA 	Keypress: 0
506.1220 	EXP 	Device response: <KeyPress from None: t=506.11443020000013, value=0, duration=None>
506.1876 	EXP 	Device response: <KeyPress from None: t=506.11443020000013, value=0, duration=0.07179669999982252>
506.9616 	DATA 	Mouse: Left button down, pos=(937,240)
506.9708 	EXP 	New trial (rep=5, index=11): <Trial 91 (11 in rep 5) data={'delay': 0.4, 'freq': 1000, 'condition': 'exp', 'thisN': 91, 'thisTrialN': 11, 'thisRepN': 5}>
506.9869 	EXP 	text: autoDraw = False
506.9869 	EXP 	textbox: autoDraw = False
506.9869 	EXP 	polygon: autoDraw = True
507.2044 	DATA 	Mouse:  Left button up, pos=(937,240)
507.9699 	INFO 	Keyboard events cleared
507.9697 	EXP 	polygon_2: autoDraw = True
507.9859 	EXP 	polygon: autoDraw = False
508.6389 	EXP 	Device response: <KeyPress from None: t=508.6360552, value=space, duration=None>
508.6410 	DATA 	Keypress: space
508.6548 	EXP 	polygon: autoDraw = False
508.6548 	EXP 	polygon_2: autoDraw = False
508.7552 	EXP 	Device response: <KeyPress from None: t=503.6727674, value=space, duration=5.070458400000007>
509.0384 	EXP 	Sound sound_1 reached end of file
509.0547 	EXP 	Playing sound sound_1 on speaker Speakers (Realtek(R) Audio)
509.3570 	EXP 	Sound sound_1 stopped
509.3783 	EXP 	text: autoDraw = True
509.3783 	EXP 	textbox: autoDraw = True
510.0727 	DATA 	Keypress: space
510.0739 	EXP 	Device response: <KeyPress from None: t=510.07025899999996, value=space, duration=None>
510.1706 	EXP 	Device response: <KeyPress from None: t=508.6360552, value=space, duration=1.5321584999999232>
510.6779 	DATA 	Keypress: 9
510.6874 	EXP 	Device response: <KeyPress from None: t=510.6774289000001, value=9, duration=None>
510.8209 	EXP 	Device response: <KeyPress from None: t=510.6774289000001, value=9, duration=0.1409893000000011>
510.9283 	DATA 	Keypress: 9
510.9368 	EXP 	Device response: <KeyPress from None: t=510.92559700000004, value=9, duration=None>
511.0372 	EXP 	Device response: <KeyPress from None: t=510.92559700000004, value=9, duration=0.10283389999995052>
511.2549 	DATA 	Keypress: 9
511.2567 	EXP 	Device response: <KeyPress from None: t=511.25190770000006, value=9, duration=None>
511.3383 	EXP 	Device response: <KeyPress from None: t=511.25190770000006, value=9, duration=0.08503129999985504>
512.2042 	DATA 	Mouse: Left button down, pos=(937,240)
512.2056 	EXP 	New trial (rep=5, index=12): <Trial 92 (12 in rep 5) data={'delay': 0.4, 'freq': 1000, 'condition': 'exp', 'thisN': 92, 'thisTrialN': 12, 'thisRepN': 5}>
512.2201 	EXP 	text: autoDraw = False
512.2201 	EXP 	textbox: autoDraw = False
512.2201 	EXP 	polygon: autoDraw = True
512.2710 	DATA 	Mouse:  Left button up, pos=(937,240)
512.3210 	DATA 	Mouse: Left button down, pos=(937,240)
512.5048 	DATA 	Mouse:  Left button up, pos=(937,240)
513.2052 	INFO 	Keyboard events cleared
513.2050 	EXP 	polygon_2: autoDraw = True
513.2214 	EXP 	polygon: autoDraw = False
513.6872 	EXP 	Device response: <KeyPress from None: t=513.6766329999999, value=space, duration=None>
513.6895 	DATA 	Keypress: space
513.7029 	EXP 	polygon: autoDraw = False
513.7029 	EXP 	polygon_2: autoDraw = False
513.8701 	EXP 	Device response: <KeyPress from None: t=510.07025899999996, value=space, duration=3.796130400000038>
514.0869 	EXP 	Sound sound_1 reached end of file
514.1032 	EXP 	Playing sound sound_1 on speaker Speakers (Realtek(R) Audio)
514.4044 	EXP 	Sound sound_1 stopped
514.4235 	EXP 	text: autoDraw = True
514.4235 	EXP 	textbox: autoDraw = True
516.3159 	DATA 	Keypress: 9
516.3238 	EXP 	Device response: <KeyPress from None: t=516.3154581, value=9, duration=None>
516.3717 	EXP 	Device response: <KeyPress from None: t=516.3154581, value=9, duration=0.053337300000066534>
516.5042 	DATA 	Keypress: 9
516.5056 	EXP 	Device response: <KeyPress from None: t=516.4993716, value=9, duration=None>
516.5881 	EXP 	Device response: <KeyPress from None: t=516.4993716, value=9, duration=0.07553099999995538>
517.1887 	DATA 	Keypress: 9
517.1899 	EXP 	Device response: <KeyPress from None: t=517.1882319, value=9, duration=None>
517.2710 	EXP 	Device response: <KeyPress from None: t=517.1882319, value=9, duration=0.07570609999993394>
518.1379 	DATA 	Mouse: Left button down, pos=(937,240)
518.1388 	EXP 	New trial (rep=5, index=13): <Trial 93 (13 in rep 5) data={'delay': 0.4, 'freq': 400, 'condition': 'unexp', 'thisN': 93, 'thisTrialN': 13, 'thisRepN': 5}>
518.1541 	EXP 	text: autoDraw = False
518.1541 	EXP 	textbox: autoDraw = False
518.1541 	EXP 	polygon: autoDraw = True
518.3717 	DATA 	Mouse:  Left button up, pos=(937,240)
519.1532 	INFO 	Keyboard events cleared
519.1530 	EXP 	polygon: autoDraw = False
519.1530 	EXP 	polygon_2: autoDraw = True
519.5891 	EXP 	Device response: <KeyPress from None: t=519.5867152, value=space, duration=None>
519.5909 	DATA 	Keypress: space
519.6047 	EXP 	polygon: autoDraw = False
519.6047 	EXP 	polygon_2: autoDraw = False
519.8030 	EXP 	Device response: <KeyPress from None: t=513.6766329999999, value=space, duration=6.1166930000001685>
519.9884 	EXP 	Sound sound_1 reached end of file
520.0046 	EXP 	Playing sound sound_1 on speaker Speakers (Realtek(R) Audio)
520.3015 	EXP 	Sound sound_1 stopped
520.3218 	EXP 	text: autoDraw = True
520.3218 	EXP 	textbox: autoDraw = True
521.0728 	DATA 	Keypress: 3
521.0742 	EXP 	Device response: <KeyPress from None: t=521.0703818999999, value=3, duration=None>
521.2204 	EXP 	Device response: <KeyPress from None: t=521.0703818999999, value=3, duration=0.13744880000012927>
521.6204 	DATA 	Keypress: 5
521.6220 	EXP 	Device response: <KeyPress from None: t=521.6132796999999, value=5, duration=None>
521.7551 	EXP 	Device response: <KeyPress from None: t=521.6132796999999, value=5, duration=0.13644620000013674>
522.1948 	DATA 	Keypress: 0
522.2033 	EXP 	Device response: <KeyPress from None: t=522.1926579, value=0, duration=None>
522.3375 	EXP 	Device response: <KeyPress from None: t=522.1926579, value=0, duration=0.13172639999993407>
523.1711 	DATA 	Mouse: Left button down, pos=(937,240)
523.1720 	EXP 	New trial (rep=5, index=14): <Trial 94 (14 in rep 5) data={'delay': 0.4, 'freq': 1000, 'condition': 'exp', 'thisN': 94, 'thisTrialN': 14, 'thisRepN': 5}>
523.1863 	EXP 	text: autoDraw = False
523.1863 	EXP 	textbox: autoDraw = False
523.1863 	EXP 	polygon: autoDraw = True
523.3873 	DATA 	Mouse:  Left button up, pos=(937,240)
524.1725 	INFO 	Keyboard events cleared
524.1723 	EXP 	polygon_2: autoDraw = True
524.1881 	EXP 	polygon: autoDraw = False
524.9884 	EXP 	Device response: <KeyPress from None: t=524.9802136, value=space, duration=None>
524.9906 	DATA 	Keypress: space
525.0051 	EXP 	polygon: autoDraw = False
525.0051 	EXP 	polygon_2: autoDraw = False
525.2221 	EXP 	Device response: <KeyPress from None: t=519.5867152, value=space, duration=5.631927300000143>
525.3720 	EXP 	Sound sound_1 reached end of file
525.3883 	EXP 	Playing sound sound_1 on speaker Speakers (Realtek(R) Audio)
525.6904 	EXP 	Sound sound_1 stopped
525.7110 	EXP 	text: autoDraw = True
525.7110 	EXP 	textbox: autoDraw = True
525.7739 	DATA 	Keypress: space
525.7754 	EXP 	Device response: <KeyPress from None: t=525.7620393000001, value=space, duration=None>
525.9545 	EXP 	Device response: <KeyPress from None: t=524.9802136, value=space, duration=0.9660057000000961>
526.6205 	DATA 	Keypress: 9
526.6220 	EXP 	Device response: <KeyPress from None: t=526.6181811, value=9, duration=None>
526.7703 	EXP 	Device response: <KeyPress from None: t=526.6181811, value=9, duration=0.14166000000000167>
526.8578 	DATA 	Keypress: 9
526.8701 	EXP 	Device response: <KeyPress from None: t=526.857384, value=9, duration=None>
526.9703 	EXP 	Device response: <KeyPress from None: t=526.857384, value=9, duration=0.09910779999995611>
527.0710 	DATA 	Keypress: 9
527.0725 	EXP 	Device response: <KeyPress from None: t=527.0702706000001, value=9, duration=None>
527.1381 	EXP 	Device response: <KeyPress from None: t=527.0702706000001, value=9, duration=0.05882719999999608>
527.9876 	DATA 	Mouse: Left button down, pos=(937,240)
527.9888 	EXP 	New trial (rep=5, index=15): <Trial 95 (15 in rep 5) data={'delay': 0.7, 'freq': 1000, 'condition': 'exp', 'thisN': 95, 'thisTrialN': 15, 'thisRepN': 5}>
528.0036 	EXP 	text: autoDraw = False
528.0036 	EXP 	textbox: autoDraw = False
528.0036 	EXP 	polygon: autoDraw = True
528.2048 	DATA 	Mouse:  Left button up, pos=(937,240)
529.0034 	INFO 	Keyboard events cleared
529.0032 	EXP 	polygon: autoDraw = False
529.0032 	EXP 	polygon_2: autoDraw = True
529.4375 	EXP 	Device response: <KeyPress from None: t=529.4343679, value=space, duration=None>
529.4392 	DATA 	Keypress: space
529.4531 	EXP 	polygon: autoDraw = False
529.4531 	EXP 	polygon_2: autoDraw = False
529.6370 	EXP 	Device response: <KeyPress from None: t=525.7620393000001, value=space, duration=3.8690722999999707>
530.1203 	EXP 	Sound sound_1 reached end of file
530.1367 	EXP 	Playing sound sound_1 on speaker Speakers (Realtek(R) Audio)
530.4355 	EXP 	Sound sound_1 stopped
530.4541 	EXP 	text: autoDraw = True
530.4541 	EXP 	textbox: autoDraw = True
531.1138 	DATA 	Keypress: 9
531.1251 	EXP 	Device response: <KeyPress from None: t=531.1073368000001, value=9, duration=None>
531.2373 	EXP 	Device response: <KeyPress from None: t=531.1073368000001, value=9, duration=0.11875529999997525>
531.3255 	DATA 	Keypress: 9
531.3370 	EXP 	Device response: <KeyPress from None: t=531.3226086999999, value=9, duration=None>
531.4208 	EXP 	Device response: <KeyPress from None: t=531.3226086999999, value=9, duration=0.08989090000000033>
531.7407 	DATA 	Keypress: 9
531.7538 	EXP 	Device response: <KeyPress from None: t=531.7394211, value=9, duration=None>
531.8206 	EXP 	Device response: <KeyPress from None: t=531.7394211, value=9, duration=0.07110080000006747>
533.2421 	DATA 	Mouse: Left button down, pos=(952,196)
533.2543 	EXP 	New trial (rep=6, index=0): <Trial 96 (0 in rep 6) data={'delay': 0.1, 'freq': 1000, 'condition': 'exp', 'thisN': 96, 'thisTrialN': 0, 'thisRepN': 6}>
533.2702 	EXP 	text: autoDraw = False
533.2702 	EXP 	textbox: autoDraw = False
533.2702 	EXP 	polygon: autoDraw = True
533.4709 	DATA 	Mouse:  Left button up, pos=(952,196)
533.5210 	DATA 	Mouse: Left button down, pos=(952,196)
533.7542 	DATA 	Mouse:  Left button up, pos=(952,196)
534.2537 	INFO 	Keyboard events cleared
534.2534 	EXP 	polygon_2: autoDraw = True
534.2698 	EXP 	polygon: autoDraw = False
535.8724 	EXP 	Device response: <KeyPress from None: t=535.8695316, value=space, duration=None>
535.8746 	DATA 	Keypress: space
535.8888 	EXP 	polygon: autoDraw = False
535.8888 	EXP 	polygon_2: autoDraw = False
535.9556 	EXP 	Sound sound_1 reached end of file
535.9718 	EXP 	Playing sound sound_1 on speaker Speakers (Realtek(R) Audio)
536.1565 	EXP 	Device response: <KeyPress from None: t=529.4343679, value=space, duration=6.708971900000051>
536.2715 	EXP 	Sound sound_1 stopped
536.2922 	EXP 	text: autoDraw = True
536.2922 	EXP 	textbox: autoDraw = True
537.1341 	DATA 	Keypress: 9
537.1446 	EXP 	Device response: <KeyPress from None: t=537.1290851, value=9, duration=None>
537.2381 	EXP 	Device response: <KeyPress from None: t=537.1290851, value=9, duration=0.1031474999999773>
537.3586 	DATA 	Keypress: 9
537.3702 	EXP 	Device response: <KeyPress from None: t=537.3544805, value=9, duration=None>
537.4701 	EXP 	Device response: <KeyPress from None: t=537.3544805, value=9, duration=0.10277289999999084>
537.7043 	DATA 	Keypress: 9
537.7063 	EXP 	Device response: <KeyPress from None: t=537.6992753000001, value=9, duration=None>
537.7709 	EXP 	Device response: <KeyPress from None: t=537.6992753000001, value=9, duration=0.06813149999993584>
538.7878 	DATA 	Mouse: Left button down, pos=(954,225)
538.7887 	EXP 	New trial (rep=6, index=1): <Trial 97 (1 in rep 6) data={'delay': 0.7, 'freq': 1000, 'condition': 'exp', 'thisN': 97, 'thisTrialN': 1, 'thisRepN': 6}>
538.8033 	EXP 	text: autoDraw = False
538.8033 	EXP 	textbox: autoDraw = False
538.8033 	EXP 	polygon: autoDraw = True
539.0044 	DATA 	Mouse:  Left button up, pos=(954,225)
539.8061 	INFO 	Keyboard events cleared
539.8059 	EXP 	polygon: autoDraw = False
539.8059 	EXP 	polygon_2: autoDraw = True
541.5203 	EXP 	Device response: <KeyPress from None: t=541.5051629000001, value=space, duration=None>
541.5219 	DATA 	Keypress: space
541.5359 	EXP 	polygon: autoDraw = False
541.5359 	EXP 	polygon_2: autoDraw = False
541.6874 	EXP 	Device response: <KeyPress from None: t=535.8695316, value=space, duration=5.803510200000119>
542.2034 	EXP 	Sound sound_1 reached end of file
542.2198 	EXP 	Playing sound sound_1 on speaker Speakers (Realtek(R) Audio)
542.5214 	EXP 	Sound sound_1 stopped
542.5395 	EXP 	text: autoDraw = True
542.5395 	EXP 	textbox: autoDraw = True
545.5484 	DATA 	Keypress: 7
545.5568 	EXP 	Device response: <KeyPress from None: t=545.5444776, value=7, duration=None>
545.6709 	EXP 	Device response: <KeyPress from None: t=545.5444776, value=7, duration=0.11875639999993837>
546.2040 	DATA 	Keypress: 5
546.2053 	EXP 	Device response: <KeyPress from None: t=546.1989213, value=5, duration=None>
546.3207 	EXP 	Device response: <KeyPress from None: t=546.1989213, value=5, duration=0.1172578999999132>
546.5873 	DATA 	Keypress: 0
546.5887 	EXP 	Device response: <KeyPress from None: t=546.5850959999999, value=0, duration=None>
546.7553 	EXP 	Device response: <KeyPress from None: t=546.5850959999999, value=0, duration=0.16526460000000043>
547.7204 	DATA 	Mouse: Left button down, pos=(959,250)
547.7213 	EXP 	New trial (rep=6, index=2): <Trial 98 (2 in rep 6) data={'delay': 0.4, 'freq': 1000, 'condition': 'exp', 'thisN': 98, 'thisTrialN': 2, 'thisRepN': 6}>
547.7363 	EXP 	text: autoDraw = False
547.7363 	EXP 	textbox: autoDraw = False
547.7363 	EXP 	polygon: autoDraw = True
547.9381 	DATA 	Mouse:  Left button up, pos=(959,250)
548.7376 	INFO 	Keyboard events cleared
548.7374 	EXP 	polygon: autoDraw = False
548.7374 	EXP 	polygon_2: autoDraw = True
549.6036 	EXP 	Device response: <KeyPress from None: t=549.5924326, value=space, duration=None>
549.6051 	DATA 	Keypress: space
549.6199 	EXP 	polygon: autoDraw = False
549.6199 	EXP 	polygon_2: autoDraw = False
549.7706 	EXP 	Device response: <KeyPress from None: t=541.5051629000001, value=space, duration=8.263087799999994>
549.9874 	EXP 	Sound sound_1 reached end of file
550.0036 	EXP 	Playing sound sound_1 on speaker Speakers (Realtek(R) Audio)
550.3028 	EXP 	Sound sound_1 stopped
550.3218 	EXP 	text: autoDraw = True
550.3218 	EXP 	textbox: autoDraw = True
551.3227 	DATA 	Keypress: 7
551.3240 	EXP 	Device response: <KeyPress from None: t=551.3203257000001, value=7, duration=None>
551.4052 	EXP 	Device response: <KeyPress from None: t=551.3203257000001, value=7, duration=0.07672029999980623>
551.6209 	DATA 	Keypress: 6
551.6223 	EXP 	Device response: <KeyPress from None: t=551.6170444999999, value=6, duration=None>
551.7372 	EXP 	Device response: <KeyPress from None: t=551.6170444999999, value=6, duration=0.10844350000002123>
552.4114 	DATA 	Keypress: backspace
552.4203 	EXP 	Device response: <KeyPress from None: t=552.4099278, value=backspace, duration=None>
552.4729 	EXP 	Device response: <KeyPress from None: t=552.4099278, value=backspace, duration=0.05895349999991595>
553.1875 	DATA 	Keypress: 5
553.1893 	EXP 	Device response: <KeyPress from None: t=553.1864711, value=5, duration=None>
553.2879 	EXP 	Device response: <KeyPress from None: t=553.1864711, value=5, duration=0.10039270000015676>
553.6377 	DATA 	Keypress: minus
553.6392 	EXP 	Device response: <KeyPress from None: t=553.6348062000001, value=minus, duration=None>
553.7872 	EXP 	Device response: <KeyPress from None: t=553.6348062000001, value=minus, duration=0.14237419999994927>
554.1427 	DATA 	Keypress: delete
554.1544 	EXP 	Device response: <KeyPress from None: t=554.1404100999999, value=delete, duration=None>
554.2043 	EXP 	Device response: <KeyPress from None: t=554.1404100999999, value=delete, duration=0.05850520000012693>
555.6868 	DATA 	Keypress: backspace
555.6880 	EXP 	Device response: <KeyPress from None: t=555.6789984000001, value=backspace, duration=None>
555.8882 	EXP 	Device response: <KeyPress from None: t=555.6789984000001, value=backspace, duration=0.20052599999985432>
556.9712 	DATA 	Keypress: 0
556.9726 	EXP 	Device response: <KeyPress from None: t=556.9686777000001, value=0, duration=None>
557.0545 	EXP 	Device response: <KeyPress from None: t=556.9686777000001, value=0, duration=0.08301949999986391>
558.4210 	DATA 	Mouse: Left button down, pos=(922,220)
558.4220 	EXP 	New trial (rep=6, index=3): <Trial 99 (3 in rep 6) data={'delay': 0.1, 'freq': 1000, 'condition': 'exp', 'thisN': 99, 'thisTrialN': 3, 'thisRepN': 6}>
558.4366 	EXP 	text: autoDraw = False
558.4366 	EXP 	textbox: autoDraw = False
558.4366 	EXP 	polygon: autoDraw = True
558.6207 	DATA 	Mouse:  Left button up, pos=(922,220)
558.6872 	DATA 	Mouse: Left button down, pos=(922,220)
558.8376 	DATA 	Mouse:  Left button up, pos=(922,220)
559.4372 	INFO 	Keyboard events cleared
559.4370 	EXP 	polygon: autoDraw = False
559.4370 	EXP 	polygon_2: autoDraw = True
559.7201 	EXP 	Device response: <KeyPress from None: t=559.7164442, value=space, duration=None>
559.7220 	DATA 	Keypress: space
559.7362 	EXP 	polygon: autoDraw = False
559.7362 	EXP 	polygon_2: autoDraw = False
559.8035 	EXP 	Sound sound_1 reached end of file
559.8198 	EXP 	Playing sound sound_1 on speaker Speakers (Realtek(R) Audio)
559.9202 	EXP 	Device response: <KeyPress from None: t=549.5924326, value=space, duration=10.326269400000001>
560.1189 	EXP 	Sound sound_1 stopped
560.1372 	EXP 	text: autoDraw = True
560.1372 	EXP 	textbox: autoDraw = True
562.7805 	DATA 	Keypress: 7
562.7878 	EXP 	Device response: <KeyPress from None: t=562.7777626999999, value=7, duration=None>
562.9044 	EXP 	Device response: <KeyPress from None: t=562.7777626999999, value=7, duration=0.11980460000017956>
563.5288 	DATA 	Keypress: 5
563.5416 	EXP 	Device response: <KeyPress from None: t=563.5257879, value=5, duration=None>
563.6441 	EXP 	Device response: <KeyPress from None: t=563.5257879, value=5, duration=0.10389940000004572>
563.9071 	DATA 	Keypress: minus
563.9090 	EXP 	Device response: <KeyPress from None: t=563.905838, value=minus, duration=None>
564.0546 	EXP 	Device response: <KeyPress from None: t=563.905838, value=minus, duration=0.1445498000000498>
564.5455 	DATA 	Keypress: backspace
564.5542 	EXP 	Device response: <KeyPress from None: t=564.5436897000001, value=backspace, duration=None>
564.7386 	EXP 	Device response: <KeyPress from None: t=564.5436897000001, value=backspace, duration=0.1866095000000314>
565.1707 	DATA 	Keypress: 0
565.1723 	EXP 	Device response: <KeyPress from None: t=565.1667699000001, value=0, duration=None>
565.2878 	EXP 	Device response: <KeyPress from None: t=565.1667699000001, value=0, duration=0.11004909999996926>
567.7450 	DATA 	Mouse: Left button down, pos=(922,220)
567.7546 	EXP 	New trial (rep=6, index=4): <Trial 100 (4 in rep 6) data={'delay': 0.7, 'freq': 1000, 'condition': 'exp', 'thisN': 100, 'thisTrialN': 4, 'thisRepN': 6}>
567.7696 	EXP 	text: autoDraw = False
567.7696 	EXP 	textbox: autoDraw = False
567.7696 	EXP 	polygon: autoDraw = True
567.8708 	DATA 	Mouse:  Left button up, pos=(922,220)
567.9716 	DATA 	Mouse: Left button down, pos=(922,220)
568.2050 	DATA 	Mouse:  Left button up, pos=(922,220)
568.7699 	INFO 	Keyboard events cleared
568.7697 	EXP 	polygon: autoDraw = False
568.7697 	EXP 	polygon_2: autoDraw = True
569.4215 	EXP 	Device response: <KeyPress from None: t=569.4203243000001, value=space, duration=None>
569.4231 	DATA 	Keypress: space
569.4363 	EXP 	polygon: autoDraw = False
569.4363 	EXP 	polygon_2: autoDraw = False
569.6870 	EXP 	Device response: <KeyPress from None: t=559.7164442, value=space, duration=9.96503819999998>
570.1201 	EXP 	Sound sound_1 reached end of file
570.1365 	EXP 	Playing sound sound_1 on speaker Speakers (Realtek(R) Audio)
570.4372 	EXP 	Sound sound_1 stopped
570.4549 	EXP 	text: autoDraw = True
570.4549 	EXP 	textbox: autoDraw = True
570.9939 	DATA 	Keypress: 8
571.0042 	EXP 	Device response: <KeyPress from None: t=570.9885332, value=8, duration=None>
571.0872 	EXP 	Device response: <KeyPress from None: t=570.9885332, value=8, duration=0.08984280000004219>
571.5247 	DATA 	Keypress: backspace
571.5375 	EXP 	Device response: <KeyPress from None: t=571.5240688, value=backspace, duration=None>
571.7379 	EXP 	Device response: <KeyPress from None: t=571.5240688, value=backspace, duration=0.20985429999996086>
571.9374 	DATA 	Keypress: 9
571.9387 	EXP 	Device response: <KeyPress from None: t=571.9316759, value=9, duration=None>
572.0885 	EXP 	Device response: <KeyPress from None: t=571.9316759, value=9, duration=0.14712150000013935>
572.2093 	DATA 	Keypress: 9
572.2200 	EXP 	Device response: <KeyPress from None: t=572.2078990000001, value=9, duration=None>
572.3205 	EXP 	Device response: <KeyPress from None: t=572.2078990000001, value=9, duration=0.09793999999988046>
573.2870 	DATA 	Keypress: 9
573.2884 	EXP 	Device response: <KeyPress from None: t=573.2824045000001, value=9, duration=None>
573.3704 	EXP 	Device response: <KeyPress from None: t=573.2824045000001, value=9, duration=0.0797875999999178>
573.8208 	DATA 	Mouse: Left button down, pos=(922,220)
573.8217 	EXP 	New trial (rep=6, index=5): <Trial 101 (5 in rep 6) data={'delay': 0.7, 'freq': 400, 'condition': 'unexp', 'thisN': 101, 'thisTrialN': 5, 'thisRepN': 6}>
573.8371 	EXP 	text: autoDraw = False
573.8371 	EXP 	textbox: autoDraw = False
573.8371 	EXP 	polygon: autoDraw = True
573.9375 	DATA 	Mouse:  Left button up, pos=(922,220)
574.2366 	EXP 	Device response: <KeyPress from None: t=574.2234070000001, value=space, duration=None>
574.2375 	DATA 	Keypress: space
574.4704 	EXP 	Device response: <KeyPress from None: t=569.4203243000001, value=space, duration=5.041992299999947>
574.8372 	INFO 	Keyboard events cleared
574.8371 	EXP 	polygon: autoDraw = False
574.8371 	EXP 	polygon_2: autoDraw = True
575.9035 	EXP 	Device response: <KeyPress from None: t=575.8950226000001, value=space, duration=None>
575.9059 	DATA 	Keypress: space
575.9199 	EXP 	polygon: autoDraw = False
575.9199 	EXP 	polygon_2: autoDraw = False
576.0702 	EXP 	Device response: <KeyPress from None: t=574.2234070000001, value=space, duration=1.8391669000000093>
576.5872 	EXP 	Sound sound_1 reached end of file
576.6035 	EXP 	Playing sound sound_1 on speaker Speakers (Realtek(R) Audio)
576.8997 	EXP 	Sound sound_1 stopped
576.9169 	EXP 	text: autoDraw = True
576.9169 	EXP 	textbox: autoDraw = True
578.0278 	DATA 	Keypress: 3
578.0394 	EXP 	Device response: <KeyPress from None: t=578.0217363, value=3, duration=None>
578.1711 	EXP 	Device response: <KeyPress from None: t=578.0217363, value=3, duration=0.13708889999998064>
578.5706 	DATA 	Keypress: 5
578.5722 	EXP 	Device response: <KeyPress from None: t=578.5681708999999, value=5, duration=None>
578.7042 	EXP 	Device response: <KeyPress from None: t=578.5681708999999, value=5, duration=0.12445290000005116>
579.3041 	DATA 	Keypress: 0
579.3057 	EXP 	Device response: <KeyPress from None: t=579.298244, value=0, duration=None>
579.3871 	EXP 	Device response: <KeyPress from None: t=579.298244, value=0, duration=0.07900540000014189>
580.2298 	DATA 	Mouse: Left button down, pos=(922,220)
580.2388 	EXP 	New trial (rep=6, index=6): <Trial 102 (6 in rep 6) data={'delay': 0.4, 'freq': 1000, 'condition': 'exp', 'thisN': 102, 'thisTrialN': 6, 'thisRepN': 6}>
580.2531 	EXP 	text: autoDraw = False
580.2531 	EXP 	textbox: autoDraw = False
580.2531 	EXP 	polygon: autoDraw = True
580.5218 	DATA 	Mouse:  Left button up, pos=(895,210)
580.7542 	DATA 	Mouse: Left button down, pos=(895,210)
580.9880 	DATA 	Mouse:  Left button up, pos=(895,210)
581.2540 	INFO 	Keyboard events cleared
581.2538 	EXP 	polygon: autoDraw = False
581.2538 	EXP 	polygon_2: autoDraw = True
581.6040 	EXP 	Device response: <KeyPress from None: t=581.6002979000001, value=space, duration=None>
581.6062 	DATA 	Keypress: space
581.6199 	EXP 	polygon: autoDraw = False
581.6199 	EXP 	polygon_2: autoDraw = False
581.7533 	EXP 	Device response: <KeyPress from None: t=575.8950226000001, value=space, duration=5.848501400000032>
581.9871 	EXP 	Sound sound_1 reached end of file
582.0034 	EXP 	Playing sound sound_1 on speaker Speakers (Realtek(R) Audio)
582.3066 	EXP 	Sound sound_1 stopped
582.3266 	EXP 	text: autoDraw = True
582.3266 	EXP 	textbox: autoDraw = True
582.8459 	DATA 	Keypress: 9
582.8567 	EXP 	Device response: <KeyPress from None: t=582.8401279000001, value=9, duration=None>
582.9874 	EXP 	Device response: <KeyPress from None: t=582.8401279000001, value=9, duration=0.13242449999984274>
583.1039 	DATA 	Keypress: 9
583.1058 	EXP 	Device response: <KeyPress from None: t=583.0972416000001, value=9, duration=None>
583.1879 	EXP 	Device response: <KeyPress from None: t=583.0972416000001, value=9, duration=0.08165110000004461>
583.3040 	DATA 	Keypress: 9
583.3057 	EXP 	Device response: <KeyPress from None: t=583.2986929, value=9, duration=None>
583.3883 	EXP 	Device response: <KeyPress from None: t=583.2986929, value=9, duration=0.08329159999993863>
583.8919 	DATA 	Mouse: Left button down, pos=(892,244)
583.9046 	EXP 	New trial (rep=6, index=7): <Trial 103 (7 in rep 6) data={'delay': 0.1, 'freq': 1000, 'condition': 'exp', 'thisN': 103, 'thisTrialN': 7, 'thisRepN': 6}>
583.9199 	EXP 	text: autoDraw = False
583.9199 	EXP 	textbox: autoDraw = False
583.9199 	EXP 	polygon: autoDraw = True
584.0216 	DATA 	Mouse:  Left button up, pos=(892,244)
584.9033 	INFO 	Keyboard events cleared
584.9032 	EXP 	polygon_2: autoDraw = True
584.9205 	EXP 	polygon: autoDraw = False
585.4041 	EXP 	Device response: <KeyPress from None: t=585.3998868, value=space, duration=None>
585.4056 	DATA 	Keypress: space
585.4200 	EXP 	polygon: autoDraw = False
585.4200 	EXP 	polygon_2: autoDraw = False
585.4879 	EXP 	Sound sound_1 reached end of file
585.5039 	EXP 	Playing sound sound_1 on speaker Speakers (Realtek(R) Audio)
585.6874 	EXP 	Device response: <KeyPress from None: t=581.6002979000001, value=space, duration=4.083712399999968>
585.8080 	EXP 	Sound sound_1 stopped
585.8268 	EXP 	text: autoDraw = True
585.8268 	EXP 	textbox: autoDraw = True
586.6178 	DATA 	Keypress: 9
586.6248 	EXP 	Device response: <KeyPress from None: t=586.6169651000001, value=9, duration=None>
586.7376 	EXP 	Device response: <KeyPress from None: t=586.6169651000001, value=9, duration=0.1079251999999542>
586.8220 	DATA 	Keypress: 9
586.8232 	EXP 	Device response: <KeyPress from None: t=586.8156230000001, value=9, duration=None>
586.9385 	EXP 	Device response: <KeyPress from None: t=586.8156230000001, value=9, duration=0.12158049999993636>
587.0375 	DATA 	Keypress: 9
587.0387 	EXP 	Device response: <KeyPress from None: t=587.0367485, value=9, duration=None>
587.1371 	EXP 	Device response: <KeyPress from None: t=587.0367485, value=9, duration=0.08570669999994607>
587.7544 	DATA 	Mouse: Left button down, pos=(892,246)
587.7556 	EXP 	New trial (rep=6, index=8): <Trial 104 (8 in rep 6) data={'delay': 0.4, 'freq': 1000, 'condition': 'exp', 'thisN': 104, 'thisTrialN': 8, 'thisRepN': 6}>
587.7700 	EXP 	text: autoDraw = False
587.7700 	EXP 	textbox: autoDraw = False
587.7700 	EXP 	polygon: autoDraw = True
587.8881 	DATA 	Mouse:  Left button up, pos=(892,246)
588.5708 	EXP 	Device response: <KeyPress from None: t=588.5675938, value=space, duration=None>
588.5719 	DATA 	Keypress: space
588.7705 	INFO 	Keyboard events cleared
588.7703 	EXP 	polygon: autoDraw = False
588.7703 	EXP 	polygon_2: autoDraw = True
588.7869 	EXP 	Device response: <KeyPress from None: t=585.3998868, value=space, duration=3.373070000000098>
589.1724 	EXP 	Device response: <KeyPress from None: t=589.1583774, value=space, duration=None>
589.1740 	DATA 	Keypress: space
589.1876 	EXP 	polygon: autoDraw = False
589.1876 	EXP 	polygon_2: autoDraw = False
589.3203 	EXP 	Device response: <KeyPress from None: t=588.5675938, value=space, duration=0.7431220999999368>
589.5707 	EXP 	Sound sound_1 reached end of file
589.5871 	EXP 	Playing sound sound_1 on speaker Speakers (Realtek(R) Audio)
589.8824 	EXP 	Sound sound_1 stopped
589.9012 	EXP 	text: autoDraw = True
589.9012 	EXP 	textbox: autoDraw = True
590.4363 	DATA 	Keypress: 9
590.4472 	EXP 	Device response: <KeyPress from None: t=590.4297414000001, value=9, duration=None>
590.6047 	EXP 	Device response: <KeyPress from None: t=590.4297414000001, value=9, duration=0.1627614999999878>
590.6874 	DATA 	Keypress: 9
590.6894 	EXP 	Device response: <KeyPress from None: t=590.6826098, value=9, duration=None>
590.8218 	EXP 	Device response: <KeyPress from None: t=590.6826098, value=9, duration=0.12918280000008053>
590.9208 	DATA 	Keypress: 9
590.9225 	EXP 	Device response: <KeyPress from None: t=590.9145378, value=9, duration=None>
591.0040 	EXP 	Device response: <KeyPress from None: t=590.9145378, value=9, duration=0.07970460000001367>
592.0259 	DATA 	Mouse: Left button down, pos=(884,242)
592.0382 	EXP 	New trial (rep=6, index=9): <Trial 105 (9 in rep 6) data={'delay': 0.7, 'freq': 1000, 'condition': 'exp', 'thisN': 105, 'thisTrialN': 9, 'thisRepN': 6}>
592.0542 	EXP 	text: autoDraw = False
592.0542 	EXP 	textbox: autoDraw = False
592.0542 	EXP 	polygon: autoDraw = True
592.2540 	DATA 	Mouse:  Left button up, pos=(884,242)
593.0234 	EXP 	Device response: <KeyPress from None: t=593.0146601, value=space, duration=None>
593.0246 	DATA 	Keypress: space
593.0392 	INFO 	Keyboard events cleared
593.0390 	EXP 	polygon_2: autoDraw = True
593.0553 	EXP 	polygon: autoDraw = False
593.1562 	EXP 	Device response: <KeyPress from None: t=589.1583774, value=space, duration=3.988746400000082>
594.5728 	EXP 	Device response: <KeyPress from None: t=594.5586678999999, value=space, duration=None>
594.5750 	DATA 	Keypress: space
594.5891 	EXP 	polygon: autoDraw = False
594.5891 	EXP 	polygon_2: autoDraw = False
594.8220 	EXP 	Device response: <KeyPress from None: t=593.0146601, value=space, duration=1.7966681000000335>
595.2702 	EXP 	Sound sound_1 reached end of file
595.2865 	EXP 	Playing sound sound_1 on speaker Speakers (Realtek(R) Audio)
595.5883 	EXP 	Sound sound_1 stopped
595.6072 	EXP 	text: autoDraw = True
595.6072 	EXP 	textbox: autoDraw = True
596.7297 	DATA 	Keypress: 9
596.7318 	EXP 	Device response: <KeyPress from None: t=596.726861, value=9, duration=None>
596.8889 	EXP 	Device response: <KeyPress from None: t=596.726861, value=9, duration=0.1584020000000237>
596.9544 	DATA 	Keypress: 9
596.9561 	EXP 	Device response: <KeyPress from None: t=596.9458053, value=9, duration=None>
597.1053 	EXP 	Device response: <KeyPress from None: t=596.9458053, value=9, duration=0.15473719999999958>
597.1877 	DATA 	Keypress: 9
597.1897 	EXP 	Device response: <KeyPress from None: t=597.1852305000001, value=9, duration=None>
597.2708 	EXP 	Device response: <KeyPress from None: t=597.1852305000001, value=9, duration=0.07382669999992686>
598.1040 	DATA 	Mouse: Left button down, pos=(884,242)
598.1052 	EXP 	New trial (rep=6, index=10): <Trial 106 (10 in rep 6) data={'delay': 0.4, 'freq': 1000, 'condition': 'exp', 'thisN': 106, 'thisTrialN': 10, 'thisRepN': 6}>
598.1195 	EXP 	text: autoDraw = False
598.1195 	EXP 	textbox: autoDraw = False
598.1195 	EXP 	polygon: autoDraw = True
598.3048 	DATA 	Mouse:  Left button up, pos=(884,242)
598.3721 	DATA 	Mouse: Left button down, pos=(884,242)
598.5220 	DATA 	Mouse:  Left button up, pos=(884,242)
599.1198 	INFO 	Keyboard events cleared
599.1196 	EXP 	polygon: autoDraw = False
599.1196 	EXP 	polygon_2: autoDraw = True
601.5375 	EXP 	Device response: <KeyPress from None: t=601.5366316000001, value=space, duration=None>
601.5393 	DATA 	Keypress: space
601.5535 	EXP 	polygon: autoDraw = False
601.5535 	EXP 	polygon_2: autoDraw = False
601.7699 	EXP 	Device response: <KeyPress from None: t=594.5586678999999, value=space, duration=7.199749300000121>
601.9210 	EXP 	Sound sound_1 reached end of file
601.9374 	EXP 	Playing sound sound_1 on speaker Speakers (Realtek(R) Audio)
602.2367 	EXP 	Sound sound_1 stopped
602.2555 	EXP 	text: autoDraw = True
602.2555 	EXP 	textbox: autoDraw = True
602.8709 	DATA 	Keypress: 9
602.8725 	EXP 	Device response: <KeyPress from None: t=602.8656300000001, value=9, duration=None>
602.9884 	EXP 	Device response: <KeyPress from None: t=602.8656300000001, value=9, duration=0.11505899999997382>
603.1045 	DATA 	Keypress: 9
603.1059 	EXP 	Device response: <KeyPress from None: t=603.1040165999999, value=9, duration=None>
603.2212 	EXP 	Device response: <KeyPress from None: t=603.1040165999999, value=9, duration=0.11091450000003533>
603.3083 	DATA 	Keypress: 9
603.3209 	EXP 	Device response: <KeyPress from None: t=603.3041264, value=9, duration=None>
603.3714 	EXP 	Device response: <KeyPress from None: t=603.3041264, value=9, duration=0.06622809999998935>
604.1880 	DATA 	Mouse: Left button down, pos=(884,242)
604.1889 	EXP 	New trial (rep=6, index=11): <Trial 107 (11 in rep 6) data={'delay': 0.1, 'freq': 400, 'condition': 'unexp', 'thisN': 107, 'thisTrialN': 11, 'thisRepN': 6}>
604.2034 	EXP 	text: autoDraw = False
604.2034 	EXP 	textbox: autoDraw = False
604.2034 	EXP 	polygon: autoDraw = True
604.4547 	DATA 	Mouse:  Left button up, pos=(884,242)
604.5045 	DATA 	Mouse: Left button down, pos=(884,242)
604.6875 	DATA 	Mouse:  Left button up, pos=(884,242)
605.2038 	INFO 	Keyboard events cleared
605.2036 	EXP 	polygon: autoDraw = False
605.2036 	EXP 	polygon_2: autoDraw = True
605.4877 	DATA 	Keypress: space
605.5041 	EXP 	Device response: <KeyPress from None: t=605.4868002, value=space, duration=None>
605.5201 	EXP 	polygon: autoDraw = False
605.5201 	EXP 	polygon_2: autoDraw = False
605.6042 	EXP 	Sound sound_1 reached end of file
605.6205 	EXP 	Playing sound sound_1 on speaker Speakers (Realtek(R) Audio)
605.6207 	EXP 	Device response: <KeyPress from None: t=601.5366316000001, value=space, duration=4.080461999999898>
605.9195 	EXP 	Sound sound_1 stopped
605.9377 	EXP 	text: autoDraw = True
605.9377 	EXP 	textbox: autoDraw = True
606.5059 	DATA 	Keypress: left
606.5156 	EXP 	Device response: <KeyPress from None: t=606.5040024000001, value=left, duration=None>
606.5873 	DATA 	Keypress: rctrl
606.5881 	EXP 	Device response: <KeyPress from None: t=606.5040024000001, value=left, duration=0.0650742000000264>
606.5881 	EXP 	Device response: <KeyPress from None: t=606.5807717000001, value=rctrl, duration=None>
606.6417 	EXP 	Device response: <KeyPress from None: t=606.5807717000001, value=rctrl, duration=0.05960339999978714>
607.3889 	DATA 	Keypress: 3
607.3906 	EXP 	Device response: <KeyPress from None: t=607.3880293000001, value=3, duration=None>
607.6043 	EXP 	Device response: <KeyPress from None: t=607.3880293000001, value=3, duration=0.20739279999997962>
608.4099 	DATA 	Keypress: 6
608.4218 	EXP 	Device response: <KeyPress from None: t=608.4048862000001, value=6, duration=None>
608.4721 	EXP 	Device response: <KeyPress from None: t=608.4048862000001, value=6, duration=0.06262530000003608>
608.8547 	DATA 	Keypress: backspace
608.8563 	EXP 	Device response: <KeyPress from None: t=608.8500673, value=backspace, duration=None>
608.9048 	EXP 	Device response: <KeyPress from None: t=608.8500673, value=backspace, duration=0.051820899999938774>
609.7447 	DATA 	Keypress: 5
609.7540 	EXP 	Device response: <KeyPress from None: t=609.7418703, value=5, duration=None>
609.8380 	EXP 	Device response: <KeyPress from None: t=609.7418703, value=5, duration=0.09440300000005664>
610.7923 	DATA 	Keypress: 0
610.8043 	EXP 	Device response: <KeyPress from None: t=610.7879592, value=0, duration=None>
610.9036 	EXP 	Device response: <KeyPress from None: t=610.7879592, value=0, duration=0.10557380000000194>
611.8041 	DATA 	Mouse: Left button down, pos=(884,242)
611.8049 	EXP 	New trial (rep=6, index=12): <Trial 108 (12 in rep 6) data={'delay': 0.1, 'freq': 1000, 'condition': 'exp', 'thisN': 108, 'thisTrialN': 12, 'thisRepN': 6}>
611.8193 	EXP 	text: autoDraw = False
611.8193 	EXP 	textbox: autoDraw = False
611.8193 	EXP 	polygon: autoDraw = True
612.0044 	DATA 	Mouse:  Left button up, pos=(884,242)
612.0708 	DATA 	Mouse: Left button down, pos=(884,242)
612.2214 	DATA 	Mouse:  Left button up, pos=(884,242)
612.8198 	INFO 	Keyboard events cleared
612.8197 	EXP 	polygon: autoDraw = False
612.8197 	EXP 	polygon_2: autoDraw = True
613.7542 	EXP 	Device response: <KeyPress from None: t=613.7397265000001, value=space, duration=None>
613.7569 	DATA 	Keypress: space
613.7696 	EXP 	polygon: autoDraw = False
613.7696 	EXP 	polygon_2: autoDraw = False
613.8382 	EXP 	Sound sound_1 reached end of file
613.8542 	EXP 	Playing sound sound_1 on speaker Speakers (Realtek(R) Audio)
613.9207 	EXP 	Device response: <KeyPress from None: t=605.4868002, value=space, duration=8.418643700000075>
614.1502 	EXP 	Sound sound_1 stopped
614.1711 	EXP 	text: autoDraw = True
614.1711 	EXP 	textbox: autoDraw = True
615.6642 	DATA 	Keypress: 9
615.6719 	EXP 	Device response: <KeyPress from None: t=615.6601320999999, value=9, duration=None>
615.7375 	EXP 	Device response: <KeyPress from None: t=615.6601320999999, value=9, duration=0.06895630000008168>
615.8585 	DATA 	Keypress: 9
615.8709 	EXP 	Device response: <KeyPress from None: t=615.8565265000001, value=9, duration=None>
615.9227 	EXP 	Device response: <KeyPress from None: t=615.8565265000001, value=9, duration=0.05618939999999384>
616.1461 	DATA 	Keypress: 9
616.1543 	EXP 	Device response: <KeyPress from None: t=616.1428672999999, value=9, duration=None>
616.2207 	EXP 	Device response: <KeyPress from None: t=616.1428672999999, value=9, duration=0.0617533000001913>
617.3758 	DATA 	Mouse: Left button down, pos=(884,242)
617.3884 	EXP 	New trial (rep=6, index=13): <Trial 109 (13 in rep 6) data={'delay': 0.1, 'freq': 400, 'condition': 'unexp', 'thisN': 109, 'thisTrialN': 13, 'thisRepN': 6}>
617.4044 	EXP 	text: autoDraw = False
617.4044 	EXP 	textbox: autoDraw = False
617.4044 	EXP 	polygon: autoDraw = True
617.6069 	DATA 	Mouse:  Left button up, pos=(884,242)
618.4035 	INFO 	Keyboard events cleared
618.4034 	EXP 	polygon: autoDraw = False
618.4034 	EXP 	polygon_2: autoDraw = True
618.8207 	EXP 	Device response: <KeyPress from None: t=618.8201492, value=space, duration=None>
618.8227 	DATA 	Keypress: space
618.8365 	EXP 	polygon: autoDraw = False
618.8365 	EXP 	polygon_2: autoDraw = False
618.9038 	EXP 	Sound sound_1 reached end of file
618.9200 	EXP 	Playing sound sound_1 on speaker Speakers (Realtek(R) Audio)
619.0211 	EXP 	Device response: <KeyPress from None: t=613.7397265000001, value=space, duration=5.26465979999989>
619.2189 	EXP 	Sound sound_1 stopped
619.2378 	EXP 	text: autoDraw = True
619.2378 	EXP 	textbox: autoDraw = True
620.7663 	DATA 	Keypress: 3
620.7770 	EXP 	Device response: <KeyPress from None: t=620.7590065999999, value=3, duration=None>
620.8205 	EXP 	Device response: <KeyPress from None: t=620.7590065999999, value=3, duration=0.05188160000011521>
621.1789 	DATA 	Keypress: 5
621.1877 	EXP 	Device response: <KeyPress from None: t=621.1757193, value=5, duration=None>
621.2391 	EXP 	Device response: <KeyPress from None: t=621.1757193, value=5, duration=0.046186700000134806>
621.6947 	DATA 	Keypress: 0
621.7043 	EXP 	Device response: <KeyPress from None: t=621.6921684, value=0, duration=None>
621.7884 	EXP 	Device response: <KeyPress from None: t=621.6921684, value=0, duration=0.08789210000009007>
622.6148 	DATA 	Mouse: Left button down, pos=(882,311)
622.9200 	EXP 	New trial (rep=6, index=14): <Trial 110 (14 in rep 6) data={'delay': 0.7, 'freq': 1000, 'condition': 'exp', 'thisN': 110, 'thisTrialN': 14, 'thisRepN': 6}>
622.9373 	EXP 	text: autoDraw = False
622.9373 	EXP 	textbox: autoDraw = False
622.9373 	EXP 	polygon: autoDraw = True
623.5217 	DATA 	Mouse:  Left button up, pos=(857,270)
623.6547 	EXP 	Device response: <KeyPress from None: t=623.6417802, value=space, duration=None>
623.6560 	DATA 	Keypress: space
623.8041 	EXP 	Device response: <KeyPress from None: t=618.8201492, value=space, duration=4.970146699999987>
623.9203 	INFO 	Keyboard events cleared
623.9201 	EXP 	polygon_2: autoDraw = True
623.9367 	EXP 	polygon: autoDraw = False
624.2039 	EXP 	Device response: <KeyPress from None: t=624.1879854, value=space, duration=None>
624.2062 	DATA 	Keypress: space
624.2204 	EXP 	polygon: autoDraw = False
624.2204 	EXP 	polygon_2: autoDraw = False
624.3535 	EXP 	Device response: <KeyPress from None: t=623.6417802, value=space, duration=0.7052856000000247>
624.9039 	EXP 	Sound sound_1 reached end of file
624.9203 	EXP 	Playing sound sound_1 on speaker Speakers (Realtek(R) Audio)
625.2212 	EXP 	Sound sound_1 stopped
625.2417 	EXP 	text: autoDraw = True
625.2417 	EXP 	textbox: autoDraw = True
625.4494 	DATA 	Keypress: space
625.4604 	EXP 	Device response: <KeyPress from None: t=625.4486673, value=space, duration=None>
625.6718 	EXP 	Device response: <KeyPress from None: t=624.1879854, value=space, duration=1.4758828999999878>
626.3296 	DATA 	Keypress: 7
626.3397 	EXP 	Device response: <KeyPress from None: t=626.3279011000001, value=7, duration=None>
626.4890 	EXP 	Device response: <KeyPress from None: t=626.3279011000001, value=7, duration=0.15638130000002093>
627.9259 	DATA 	Keypress: 0
627.9385 	EXP 	Device response: <KeyPress from None: t=627.9232872000001, value=0, duration=None>
628.0049 	EXP 	Device response: <KeyPress from None: t=627.9232872000001, value=0, duration=0.066976799999793>
628.1117 	DATA 	Keypress: 0
628.1260 	EXP 	Device response: <KeyPress from None: t=628.1109029, value=0, duration=None>
628.1892 	EXP 	Device response: <KeyPress from None: t=628.1109029, value=0, duration=0.07242470000005596>
629.5988 	DATA 	Mouse: Left button down, pos=(884,260)
629.6078 	EXP 	New trial (rep=6, index=15): <Trial 111 (15 in rep 6) data={'delay': 0.4, 'freq': 400, 'condition': 'unexp', 'thisN': 111, 'thisTrialN': 15, 'thisRepN': 6}>
629.6201 	EXP 	text: autoDraw = False
629.6201 	EXP 	textbox: autoDraw = False
629.6201 	EXP 	polygon: autoDraw = True
629.8216 	DATA 	Mouse:  Left button up, pos=(884,260)
630.6202 	INFO 	Keyboard events cleared
630.6201 	EXP 	polygon: autoDraw = False
630.6201 	EXP 	polygon_2: autoDraw = True
631.2377 	EXP 	Device response: <KeyPress from None: t=631.2363730000001, value=space, duration=None>
631.2394 	DATA 	Keypress: space
631.2531 	EXP 	polygon: autoDraw = False
631.2531 	EXP 	polygon_2: autoDraw = False
631.3870 	EXP 	Device response: <KeyPress from None: t=625.4486673, value=space, duration=5.922857999999906>
631.6208 	EXP 	Sound sound_1 reached end of file
631.6371 	EXP 	Playing sound sound_1 on speaker Speakers (Realtek(R) Audio)
631.9406 	EXP 	Sound sound_1 stopped
631.9626 	EXP 	text: autoDraw = True
631.9626 	EXP 	textbox: autoDraw = True
634.4727 	DATA 	Keypress: 3
634.4839 	EXP 	Device response: <KeyPress from None: t=634.4706757, value=3, duration=None>
634.5717 	EXP 	Device response: <KeyPress from None: t=634.4706757, value=3, duration=0.10003540000002431>
634.8417 	DATA 	Keypress: 5
634.8543 	EXP 	Device response: <KeyPress from None: t=634.8394817, value=5, duration=None>
634.9385 	EXP 	Device response: <KeyPress from None: t=634.8394817, value=5, duration=0.09553189999996903>
635.4465 	DATA 	Keypress: 0
635.4549 	EXP 	Device response: <KeyPress from None: t=635.4437908000001, value=0, duration=None>
635.5212 	EXP 	Device response: <KeyPress from None: t=635.4437908000001, value=0, duration=0.06903590000001714>
636.3958 	DATA 	Mouse: Left button down, pos=(894,184)
636.4047 	EXP 	New trial (rep=7, index=0): <Trial 112 (0 in rep 7) data={'delay': 0.1, 'freq': 1000, 'condition': 'exp', 'thisN': 112, 'thisTrialN': 0, 'thisRepN': 7}>
636.4202 	EXP 	text: autoDraw = False
636.4202 	EXP 	textbox: autoDraw = False
636.4202 	EXP 	polygon: autoDraw = True
636.5219 	DATA 	Mouse:  Left button up, pos=(894,184)
637.4039 	INFO 	Keyboard events cleared
637.4038 	EXP 	polygon_2: autoDraw = True
637.4199 	EXP 	polygon: autoDraw = False
638.5204 	EXP 	Device response: <KeyPress from None: t=638.5079863, value=space, duration=None>
638.5222 	DATA 	Keypress: space
638.5364 	EXP 	polygon: autoDraw = False
638.5364 	EXP 	polygon_2: autoDraw = False
638.6038 	EXP 	Sound sound_1 reached end of file
638.6201 	EXP 	Playing sound sound_1 on speaker Speakers (Realtek(R) Audio)
638.7041 	EXP 	Device response: <KeyPress from None: t=631.2363730000001, value=space, duration=7.462620600000037>
638.9152 	EXP 	Sound sound_1 stopped
638.9350 	EXP 	text: autoDraw = True
638.9350 	EXP 	textbox: autoDraw = True
640.3226 	DATA 	Keypress: 7
640.3243 	EXP 	Device response: <KeyPress from None: t=640.3214028000001, value=7, duration=None>
640.4212 	EXP 	Device response: <KeyPress from None: t=640.3214028000001, value=7, duration=0.08342709999988074>
640.9923 	DATA 	Keypress: 5
641.0049 	EXP 	Device response: <KeyPress from None: t=640.9889807000001, value=5, duration=None>
641.0711 	EXP 	Device response: <KeyPress from None: t=640.9889807000001, value=5, duration=0.07198059999996076>
641.5215 	DATA 	Keypress: 0
641.5229 	EXP 	Device response: <KeyPress from None: t=641.5199054000001, value=0, duration=None>
641.5886 	EXP 	Device response: <KeyPress from None: t=641.5199054000001, value=0, duration=0.06414470000004258>
642.5295 	DATA 	Mouse: Left button down, pos=(874,204)
642.5383 	EXP 	New trial (rep=7, index=1): <Trial 113 (1 in rep 7) data={'delay': 0.7, 'freq': 1000, 'condition': 'exp', 'thisN': 113, 'thisTrialN': 1, 'thisRepN': 7}>
642.5536 	EXP 	text: autoDraw = False
642.5536 	EXP 	textbox: autoDraw = False
642.5536 	EXP 	polygon: autoDraw = True
642.6552 	DATA 	Mouse:  Left button up, pos=(874,204)
643.5537 	INFO 	Keyboard events cleared
643.5535 	EXP 	polygon: autoDraw = False
643.5535 	EXP 	polygon_2: autoDraw = True
644.0043 	EXP 	Device response: <KeyPress from None: t=643.9892337, value=space, duration=None>
644.0069 	DATA 	Keypress: space
644.0203 	EXP 	polygon: autoDraw = False
644.0203 	EXP 	polygon_2: autoDraw = False
644.2206 	EXP 	Device response: <KeyPress from None: t=638.5079863, value=space, duration=5.700021399999969>
644.6874 	EXP 	Sound sound_1 reached end of file
644.7037 	EXP 	Playing sound sound_1 on speaker Speakers (Realtek(R) Audio)
645.0026 	EXP 	Sound sound_1 stopped
645.0211 	EXP 	text: autoDraw = True
645.0211 	EXP 	textbox: autoDraw = True
645.9024 	DATA 	Keypress: space
645.9042 	EXP 	Device response: <KeyPress from None: t=645.8983521000001, value=space, duration=None>
645.9553 	EXP 	Device response: <KeyPress from None: t=643.9892337, value=space, duration=1.9647405999999137>
646.3604 	DATA 	Keypress: 7
646.3737 	EXP 	Device response: <KeyPress from None: t=646.3591442000001, value=7, duration=None>
646.5079 	EXP 	Device response: <KeyPress from None: t=646.3591442000001, value=7, duration=0.1391323000000284>
647.2606 	DATA 	Keypress: 5
647.2721 	EXP 	Device response: <KeyPress from None: t=647.2557577000001, value=5, duration=None>
647.4069 	EXP 	Device response: <KeyPress from None: t=647.2557577000001, value=5, duration=0.15003119999983028>
647.6790 	DATA 	Keypress: 0
647.6879 	EXP 	Device response: <KeyPress from None: t=647.6756618999999, value=0, duration=None>
647.8216 	EXP 	Device response: <KeyPress from None: t=647.6756618999999, value=0, duration=0.14315000000010514>
651.1377 	DATA 	Mouse: Left button down, pos=(896,201)
651.1390 	EXP 	New trial (rep=7, index=2): <Trial 114 (2 in rep 7) data={'delay': 0.7, 'freq': 1000, 'condition': 'exp', 'thisN': 114, 'thisTrialN': 2, 'thisRepN': 7}>
651.1536 	EXP 	text: autoDraw = False
651.1536 	EXP 	textbox: autoDraw = False
651.1536 	EXP 	polygon: autoDraw = True
651.3549 	DATA 	Mouse:  Left button up, pos=(896,201)
652.1540 	INFO 	Keyboard events cleared
652.1538 	EXP 	polygon: autoDraw = False
652.1538 	EXP 	polygon_2: autoDraw = True
653.4711 	EXP 	Device response: <KeyPress from None: t=653.4679907000001, value=space, duration=None>
653.4732 	DATA 	Keypress: space
653.4868 	EXP 	polygon: autoDraw = False
653.4868 	EXP 	polygon_2: autoDraw = False
653.7207 	EXP 	Device response: <KeyPress from None: t=645.8983521000001, value=space, duration=7.818527799999856>
654.1704 	EXP 	Sound sound_1 reached end of file
654.1867 	EXP 	Playing sound sound_1 on speaker Speakers (Realtek(R) Audio)
654.4824 	EXP 	Sound sound_1 stopped
654.5043 	EXP 	text: autoDraw = True
654.5043 	EXP 	textbox: autoDraw = True
655.3520 	DATA 	Keypress: 9
655.3639 	EXP 	Device response: <KeyPress from None: t=655.3463858000001, value=9, duration=None>
655.5219 	EXP 	Device response: <KeyPress from None: t=655.3463858000001, value=9, duration=0.16656929999999193>
655.6047 	DATA 	Keypress: 9
655.6065 	EXP 	Device response: <KeyPress from None: t=655.6013081, value=9, duration=None>
655.7209 	EXP 	Device response: <KeyPress from None: t=655.6013081, value=9, duration=0.10410769999998593>
655.8048 	DATA 	Keypress: 9
655.8065 	EXP 	Device response: <KeyPress from None: t=655.7992588000001, value=9, duration=None>
655.8550 	EXP 	Device response: <KeyPress from None: t=655.7992588000001, value=9, duration=0.05285449999996672>
656.6421 	DATA 	Mouse: Left button down, pos=(896,201)
656.6546 	EXP 	New trial (rep=7, index=3): <Trial 115 (3 in rep 7) data={'delay': 0.4, 'freq': 1000, 'condition': 'exp', 'thisN': 115, 'thisTrialN': 3, 'thisRepN': 7}>
656.6700 	EXP 	text: autoDraw = False
656.6700 	EXP 	textbox: autoDraw = False
656.6700 	EXP 	polygon: autoDraw = True
656.8724 	DATA 	Mouse:  Left button up, pos=(896,201)
656.9378 	DATA 	Mouse: Left button down, pos=(896,201)
657.0883 	DATA 	Mouse:  Left button up, pos=(896,201)
657.6542 	INFO 	Keyboard events cleared
657.6540 	EXP 	polygon_2: autoDraw = True
657.6708 	EXP 	polygon: autoDraw = False
660.4044 	EXP 	Device response: <KeyPress from None: t=660.4029692, value=space, duration=None>
660.4059 	DATA 	Keypress: space
660.4211 	EXP 	polygon: autoDraw = False
660.4211 	EXP 	polygon_2: autoDraw = False
660.8035 	EXP 	Sound sound_1 reached end of file
660.8198 	EXP 	Playing sound sound_1 on speaker Speakers (Realtek(R) Audio)
661.1181 	EXP 	Sound sound_1 stopped
661.1343 	EXP 	text: autoDraw = True
661.1343 	EXP 	textbox: autoDraw = True
661.7914 	EXP 	Device response: <KeyPress from None: t=653.4679907000001, value=space, duration=8.31819859999996>
662.4428 	DATA 	Keypress: 9
662.4549 	EXP 	Device response: <KeyPress from None: t=662.4408548, value=9, duration=None>
662.5557 	EXP 	Device response: <KeyPress from None: t=662.4408548, value=9, duration=0.10587230000010095>
662.6756 	DATA 	Keypress: 9
662.6873 	EXP 	Device response: <KeyPress from None: t=662.6720127, value=9, duration=None>
662.7542 	EXP 	Device response: <KeyPress from None: t=662.6720127, value=9, duration=0.06822409999995216>
663.1758 	DATA 	Keypress: 9
663.1880 	EXP 	Device response: <KeyPress from None: t=663.1718486000001, value=9, duration=None>
663.2721 	EXP 	Device response: <KeyPress from None: t=663.1718486000001, value=9, duration=0.09843339999997625>
664.3422 	DATA 	Mouse: Left button down, pos=(818,239)
664.3548 	EXP 	New trial (rep=7, index=4): <Trial 116 (4 in rep 7) data={'delay': 0.1, 'freq': 1000, 'condition': 'exp', 'thisN': 116, 'thisTrialN': 4, 'thisRepN': 7}>
664.3707 	EXP 	text: autoDraw = False
664.3707 	EXP 	textbox: autoDraw = False
664.3707 	EXP 	polygon: autoDraw = True
664.5725 	DATA 	Mouse:  Left button up, pos=(818,239)
665.3537 	INFO 	Keyboard events cleared
665.3536 	EXP 	polygon_2: autoDraw = True
665.3708 	EXP 	polygon: autoDraw = False
666.0045 	EXP 	Device response: <KeyPress from None: t=665.9945438000001, value=space, duration=None>
666.0061 	DATA 	Keypress: space
666.0200 	EXP 	polygon: autoDraw = False
666.0200 	EXP 	polygon_2: autoDraw = False
666.0876 	EXP 	Sound sound_1 reached end of file
666.1038 	EXP 	Playing sound sound_1 on speaker Speakers (Realtek(R) Audio)
666.1708 	EXP 	Device response: <KeyPress from None: t=660.4029692, value=space, duration=5.762778399999888>
666.4053 	EXP 	Sound sound_1 stopped
666.4246 	EXP 	text: autoDraw = True
666.4246 	EXP 	textbox: autoDraw = True
666.9185 	DATA 	Keypress: 9
666.9295 	EXP 	Device response: <KeyPress from None: t=666.9177735, value=9, duration=None>
667.0553 	EXP 	Device response: <KeyPress from None: t=666.9177735, value=9, duration=0.13441660000012234>
667.1546 	DATA 	Keypress: 9
667.1559 	EXP 	Device response: <KeyPress from None: t=667.1469561, value=9, duration=None>
667.2393 	EXP 	Device response: <KeyPress from None: t=667.1469561, value=9, duration=0.08285129999990204>
667.3290 	DATA 	Keypress: 9
667.3378 	EXP 	Device response: <KeyPress from None: t=667.3284143, value=9, duration=None>
667.4072 	EXP 	Device response: <KeyPress from None: t=667.3284143, value=9, duration=0.07530740000015612>
668.2964 	DATA 	Mouse: Left button down, pos=(818,239)
668.3058 	EXP 	New trial (rep=7, index=5): <Trial 117 (5 in rep 7) data={'delay': 0.1, 'freq': 400, 'condition': 'unexp', 'thisN': 117, 'thisTrialN': 5, 'thisRepN': 7}>
668.3205 	EXP 	text: autoDraw = False
668.3205 	EXP 	textbox: autoDraw = False
668.3205 	EXP 	polygon: autoDraw = True
668.5385 	DATA 	Mouse:  Left button up, pos=(818,239)
668.6052 	DATA 	Mouse: Left button down, pos=(818,239)
668.7557 	DATA 	Mouse:  Left button up, pos=(818,239)
669.3205 	INFO 	Keyboard events cleared
669.3203 	EXP 	polygon: autoDraw = False
669.3203 	EXP 	polygon_2: autoDraw = True
669.9878 	EXP 	Device response: <KeyPress from None: t=669.9854237000001, value=space, duration=None>
669.9896 	DATA 	Keypress: space
670.0041 	EXP 	polygon: autoDraw = False
670.0041 	EXP 	polygon_2: autoDraw = False
670.0874 	EXP 	Sound sound_1 reached end of file
670.1037 	EXP 	Playing sound sound_1 on speaker Speakers (Realtek(R) Audio)
670.1875 	EXP 	Device response: <KeyPress from None: t=665.9945438000001, value=space, duration=4.182505600000013>
670.4032 	EXP 	Sound sound_1 stopped
670.4224 	EXP 	text: autoDraw = True
670.4224 	EXP 	textbox: autoDraw = True
671.6789 	DATA 	Keypress: 3
671.6803 	EXP 	Device response: <KeyPress from None: t=671.6765134000001, value=3, duration=None>
671.7876 	EXP 	Device response: <KeyPress from None: t=671.6765134000001, value=3, duration=0.10076140000001033>
672.0790 	DATA 	Keypress: 5
672.0870 	EXP 	Device response: <KeyPress from None: t=672.0772309, value=5, duration=None>
672.2050 	EXP 	Device response: <KeyPress from None: t=672.0772309, value=5, duration=0.12497929999994994>
673.1052 	DATA 	Keypress: 0
673.1073 	EXP 	Device response: <KeyPress from None: t=673.0954282000001, value=0, duration=None>
673.1880 	EXP 	Device response: <KeyPress from None: t=673.0954282000001, value=0, duration=0.08096179999984088>
673.7547 	DATA 	Mouse: Left button down, pos=(818,239)
673.7563 	EXP 	New trial (rep=7, index=6): <Trial 118 (6 in rep 7) data={'delay': 0.1, 'freq': 1000, 'condition': 'exp', 'thisN': 118, 'thisTrialN': 6, 'thisRepN': 7}>
673.7701 	EXP 	text: autoDraw = False
673.7701 	EXP 	textbox: autoDraw = False
673.7701 	EXP 	polygon: autoDraw = True
673.8382 	DATA 	Mouse:  Left button up, pos=(818,239)
674.7723 	INFO 	Keyboard events cleared
674.7722 	EXP 	polygon: autoDraw = False
674.7722 	EXP 	polygon_2: autoDraw = True
675.2400 	EXP 	Device response: <KeyPress from None: t=675.2385252, value=space, duration=None>
675.2419 	DATA 	Keypress: space
675.2556 	EXP 	polygon: autoDraw = False
675.2556 	EXP 	polygon_2: autoDraw = False
675.3403 	EXP 	Sound sound_1 reached end of file
675.3565 	EXP 	Playing sound sound_1 on speaker Speakers (Realtek(R) Audio)
675.4065 	EXP 	Device response: <KeyPress from None: t=669.9854237000001, value=space, duration=5.414645599999858>
675.6526 	EXP 	Sound sound_1 stopped
675.6722 	EXP 	text: autoDraw = True
675.6722 	EXP 	textbox: autoDraw = True
676.9715 	DATA 	Keypress: 9
676.9729 	EXP 	Device response: <KeyPress from None: t=676.9700785000001, value=9, duration=None>
677.0545 	EXP 	Device response: <KeyPress from None: t=676.9700785000001, value=9, duration=0.07196499999986372>
677.1454 	DATA 	Keypress: 9
677.1542 	EXP 	Device response: <KeyPress from None: t=677.1422352999999, value=9, duration=None>
677.2041 	EXP 	Device response: <KeyPress from None: t=677.1422352999999, value=9, duration=0.05204500000013468>
677.2888 	DATA 	Keypress: 9
677.2904 	EXP 	Device response: <KeyPress from None: t=677.2846788, value=9, duration=None>
677.3544 	EXP 	Device response: <KeyPress from None: t=677.2846788, value=9, duration=0.05677590000004784>
678.3716 	DATA 	Mouse: Left button down, pos=(818,239)
678.3726 	EXP 	New trial (rep=7, index=7): <Trial 119 (7 in rep 7) data={'delay': 0.4, 'freq': 1000, 'condition': 'exp', 'thisN': 119, 'thisTrialN': 7, 'thisRepN': 7}>
678.3869 	EXP 	text: autoDraw = False
678.3869 	EXP 	textbox: autoDraw = False
678.3869 	EXP 	polygon: autoDraw = True
678.6044 	DATA 	Mouse:  Left button up, pos=(818,239)
679.3872 	INFO 	Keyboard events cleared
679.3870 	EXP 	polygon: autoDraw = False
679.3870 	EXP 	polygon_2: autoDraw = True
679.8393 	EXP 	Device response: <KeyPress from None: t=679.8365262000001, value=space, duration=None>
679.8410 	DATA 	Keypress: space
679.8563 	EXP 	polygon: autoDraw = False
679.8563 	EXP 	polygon_2: autoDraw = False
679.9876 	EXP 	Device response: <KeyPress from None: t=675.2385252, value=space, duration=4.748695999999882>
680.2226 	EXP 	Sound sound_1 reached end of file
680.2389 	EXP 	Playing sound sound_1 on speaker Speakers (Realtek(R) Audio)
680.5438 	EXP 	Sound sound_1 stopped
680.5627 	EXP 	text: autoDraw = True
680.5627 	EXP 	textbox: autoDraw = True
681.1171 	DATA 	Keypress: 9
681.1277 	EXP 	Device response: <KeyPress from None: t=681.1105171, value=9, duration=None>
681.2546 	EXP 	Device response: <KeyPress from None: t=681.1105171, value=9, duration=0.1288144000000102>
681.3436 	DATA 	Keypress: 9
681.3549 	EXP 	Device response: <KeyPress from None: t=681.3429554, value=9, duration=None>
681.4715 	EXP 	Device response: <KeyPress from None: t=681.3429554, value=9, duration=0.11985340000001088>
681.5920 	DATA 	Keypress: 9
681.6047 	EXP 	Device response: <KeyPress from None: t=681.5892605, value=9, duration=None>
681.7043 	EXP 	Device response: <KeyPress from None: t=681.5892605, value=9, duration=0.10094389999994746>
682.4879 	DATA 	Mouse: Left button down, pos=(818,239)
682.4889 	EXP 	New trial (rep=7, index=8): <Trial 120 (8 in rep 7) data={'delay': 0.7, 'freq': 400, 'condition': 'unexp', 'thisN': 120, 'thisTrialN': 8, 'thisRepN': 7}>
682.5042 	EXP 	text: autoDraw = False
682.5042 	EXP 	textbox: autoDraw = False
682.5042 	EXP 	polygon: autoDraw = True
682.7213 	DATA 	Mouse:  Left button up, pos=(818,239)
682.7885 	DATA 	Mouse: Left button down, pos=(818,239)
682.9384 	DATA 	Mouse:  Left button up, pos=(818,239)
683.5042 	INFO 	Keyboard events cleared
683.5041 	EXP 	polygon: autoDraw = False
683.5041 	EXP 	polygon_2: autoDraw = True
683.9545 	EXP 	Device response: <KeyPress from None: t=683.9413665000001, value=space, duration=None>
683.9564 	DATA 	Keypress: space
683.9704 	EXP 	polygon: autoDraw = False
683.9704 	EXP 	polygon_2: autoDraw = False
684.0711 	EXP 	Device response: <KeyPress from None: t=679.8365262000001, value=space, duration=4.231210499999861>
684.6533 	EXP 	Sound sound_1 reached end of file
684.6697 	EXP 	Playing sound sound_1 on speaker Speakers (Realtek(R) Audio)
684.9659 	EXP 	Sound sound_1 stopped
684.9830 	EXP 	text: autoDraw = True
684.9830 	EXP 	textbox: autoDraw = True
685.9615 	DATA 	Keypress: 3
685.9716 	EXP 	Device response: <KeyPress from None: t=685.9577009000001, value=3, duration=None>
686.0565 	EXP 	Device response: <KeyPress from None: t=685.9577009000001, value=3, duration=0.09618469999986701>
686.2717 	DATA 	Keypress: 5
686.2729 	EXP 	Device response: <KeyPress from None: t=686.2647323, value=5, duration=None>
686.3710 	EXP 	Device response: <KeyPress from None: t=686.2647323, value=5, duration=0.09495319999996354>
687.1218 	DATA 	Keypress: 0
687.1237 	EXP 	Device response: <KeyPress from None: t=687.113387, value=0, duration=None>
687.2214 	EXP 	Device response: <KeyPress from None: t=687.113387, value=0, duration=0.09898130000010497>
688.0630 	DATA 	Mouse: Left button down, pos=(818,239)
688.0711 	EXP 	New trial (rep=7, index=9): <Trial 121 (9 in rep 7) data={'delay': 0.4, 'freq': 1000, 'condition': 'exp', 'thisN': 121, 'thisTrialN': 9, 'thisRepN': 7}>
688.0875 	EXP 	text: autoDraw = False
688.0875 	EXP 	textbox: autoDraw = False
688.0875 	EXP 	polygon: autoDraw = True
688.2882 	DATA 	Mouse:  Left button up, pos=(818,239)
689.0731 	INFO 	Keyboard events cleared
689.0729 	EXP 	polygon_2: autoDraw = True
689.0890 	EXP 	polygon: autoDraw = False
689.6562 	EXP 	Device response: <KeyPress from None: t=689.6534211, value=space, duration=None>
689.6585 	DATA 	Keypress: space
689.6723 	EXP 	polygon: autoDraw = False
689.6723 	EXP 	polygon_2: autoDraw = False
689.8892 	EXP 	Device response: <KeyPress from None: t=683.9413665000001, value=space, duration=5.94359889999987>
690.0394 	EXP 	Sound sound_1 reached end of file
690.0557 	EXP 	Playing sound sound_1 on speaker Speakers (Realtek(R) Audio)
690.3554 	EXP 	Sound sound_1 stopped
690.3761 	EXP 	text: autoDraw = True
690.3761 	EXP 	textbox: autoDraw = True
691.1328 	DATA 	Keypress: 9
691.1432 	EXP 	Device response: <KeyPress from None: t=691.1319089, value=9, duration=None>
691.2879 	EXP 	Device response: <KeyPress from None: t=691.1319089, value=9, duration=0.14149650000013025>
691.3542 	DATA 	Keypress: 9
691.3560 	EXP 	Device response: <KeyPress from None: t=691.3510732999999, value=9, duration=None>
691.4548 	EXP 	Device response: <KeyPress from None: t=691.3510732999999, value=9, duration=0.08701259999998001>
691.5390 	DATA 	Keypress: 9
691.5404 	EXP 	Device response: <KeyPress from None: t=691.5305159000001, value=9, duration=None>
691.5882 	EXP 	Device response: <KeyPress from None: t=691.5305159000001, value=9, duration=0.05406700000003184>
692.8544 	DATA 	Mouse: Left button down, pos=(818,239)
692.8553 	EXP 	New trial (rep=7, index=10): <Trial 122 (10 in rep 7) data={'delay': 0.4, 'freq': 1000, 'condition': 'exp', 'thisN': 122, 'thisTrialN': 10, 'thisRepN': 7}>
692.8705 	EXP 	text: autoDraw = False
692.8705 	EXP 	textbox: autoDraw = False
692.8705 	EXP 	polygon: autoDraw = True
693.0721 	DATA 	Mouse:  Left button up, pos=(818,239)
693.8708 	INFO 	Keyboard events cleared
693.8707 	EXP 	polygon: autoDraw = False
693.8707 	EXP 	polygon_2: autoDraw = True
694.6235 	EXP 	Device response: <KeyPress from None: t=694.6159429, value=space, duration=None>
694.6253 	DATA 	Keypress: space
694.6388 	EXP 	polygon: autoDraw = False
694.6388 	EXP 	polygon_2: autoDraw = False
694.7384 	EXP 	Device response: <KeyPress from None: t=689.6534211, value=space, duration=5.082143900000119>
695.0225 	EXP 	Sound sound_1 reached end of file
695.0388 	EXP 	Playing sound sound_1 on speaker Speakers (Realtek(R) Audio)
695.3366 	EXP 	Sound sound_1 stopped
695.3573 	EXP 	text: autoDraw = True
695.3573 	EXP 	textbox: autoDraw = True
698.4612 	DATA 	Keypress: 7
698.4694 	EXP 	Device response: <KeyPress from None: t=698.4589575000001, value=7, duration=None>
698.5879 	EXP 	Device response: <KeyPress from None: t=698.4589575000001, value=7, duration=0.11473679999994602>
699.0381 	DATA 	Keypress: 5
699.0398 	EXP 	Device response: <KeyPress from None: t=699.0348259000001, value=5, duration=None>
699.1383 	EXP 	Device response: <KeyPress from None: t=699.0348259000001, value=5, duration=0.09832639999990533>
699.4795 	DATA 	Keypress: 0
699.4875 	EXP 	Device response: <KeyPress from None: t=699.4770757, value=0, duration=None>
699.5889 	EXP 	Device response: <KeyPress from None: t=699.4770757, value=0, duration=0.10654100000010658>
700.7225 	DATA 	Mouse: Left button down, pos=(818,239)
700.7235 	EXP 	New trial (rep=7, index=11): <Trial 123 (11 in rep 7) data={'delay': 0.1, 'freq': 1000, 'condition': 'exp', 'thisN': 123, 'thisTrialN': 11, 'thisRepN': 7}>
700.7377 	EXP 	text: autoDraw = False
700.7377 	EXP 	textbox: autoDraw = False
700.7377 	EXP 	polygon: autoDraw = True
700.8549 	DATA 	Mouse:  Left button up, pos=(818,239)
701.7373 	INFO 	Keyboard events cleared
701.7372 	EXP 	polygon: autoDraw = False
701.7372 	EXP 	polygon_2: autoDraw = True
702.1214 	EXP 	Device response: <KeyPress from None: t=702.1203465, value=space, duration=None>
702.1234 	DATA 	Keypress: space
702.1368 	EXP 	polygon: autoDraw = False
702.1368 	EXP 	polygon_2: autoDraw = False
702.2208 	EXP 	Sound sound_1 reached end of file
702.2371 	EXP 	Playing sound sound_1 on speaker Speakers (Realtek(R) Audio)
702.2878 	EXP 	Device response: <KeyPress from None: t=694.6159429, value=space, duration=7.661706299999878>
702.5388 	EXP 	Sound sound_1 stopped
702.5594 	EXP 	text: autoDraw = True
702.5594 	EXP 	textbox: autoDraw = True
705.4322 	DATA 	Keypress: 7
705.4398 	EXP 	Device response: <KeyPress from None: t=705.4306819, value=7, duration=None>
705.5377 	EXP 	Device response: <KeyPress from None: t=705.4306819, value=7, duration=0.09095240000010563>
705.8547 	DATA 	Keypress: 5
705.8559 	EXP 	Device response: <KeyPress from None: t=705.8500773, value=5, duration=None>
705.9216 	EXP 	Device response: <KeyPress from None: t=705.8500773, value=5, duration=0.06596850000005361>
706.3043 	DATA 	Keypress: 0
706.3060 	EXP 	Device response: <KeyPress from None: t=706.2999940000001, value=0, duration=None>
706.4042 	EXP 	Device response: <KeyPress from None: t=706.2999940000001, value=0, duration=0.09225879999985409>
707.2427 	DATA 	Mouse: Left button down, pos=(850,195)
707.2549 	EXP 	New trial (rep=7, index=12): <Trial 124 (12 in rep 7) data={'delay': 0.7, 'freq': 1000, 'condition': 'exp', 'thisN': 124, 'thisTrialN': 12, 'thisRepN': 7}>
707.2707 	EXP 	text: autoDraw = False
707.2707 	EXP 	textbox: autoDraw = False
707.2707 	EXP 	polygon: autoDraw = True
707.4716 	DATA 	Mouse:  Left button up, pos=(850,195)
708.2539 	INFO 	Keyboard events cleared
708.2538 	EXP 	polygon_2: autoDraw = True
708.2705 	EXP 	polygon: autoDraw = False
708.6711 	EXP 	Device response: <KeyPress from None: t=708.6703726, value=space, duration=None>
708.6727 	DATA 	Keypress: space
708.6872 	EXP 	polygon: autoDraw = False
708.6872 	EXP 	polygon_2: autoDraw = False
708.8561 	EXP 	Device response: <KeyPress from None: t=702.1203465, value=space, duration=6.733278200000086>
709.3561 	EXP 	Sound sound_1 reached end of file
709.3724 	EXP 	Playing sound sound_1 on speaker Speakers (Realtek(R) Audio)
709.6695 	EXP 	Sound sound_1 stopped
709.6899 	EXP 	text: autoDraw = True
709.6899 	EXP 	textbox: autoDraw = True
710.5677 	DATA 	Keypress: 9
710.5755 	EXP 	Device response: <KeyPress from None: t=710.5668583, value=9, duration=None>
710.6553 	EXP 	Device response: <KeyPress from None: t=710.5668583, value=9, duration=0.07967389999998886>
710.7546 	DATA 	Keypress: 9
710.7558 	EXP 	Device response: <KeyPress from None: t=710.7520823000001, value=9, duration=None>
710.8375 	EXP 	Device response: <KeyPress from None: t=710.7520823000001, value=9, duration=0.07005499999991116>
710.9218 	DATA 	Keypress: 9
710.9232 	EXP 	Device response: <KeyPress from None: t=710.9175296, value=9, duration=None>
710.9883 	EXP 	Device response: <KeyPress from None: t=710.9175296, value=9, duration=0.0672617000000173>
711.8214 	DATA 	Mouse: Left button down, pos=(850,195)
711.8225 	EXP 	New trial (rep=7, index=13): <Trial 125 (13 in rep 7) data={'delay': 0.1, 'freq': 400, 'condition': 'unexp', 'thisN': 125, 'thisTrialN': 13, 'thisRepN': 7}>
711.8377 	EXP 	text: autoDraw = False
711.8377 	EXP 	textbox: autoDraw = False
711.8377 	EXP 	polygon: autoDraw = True
711.8885 	DATA 	Mouse:  Left button up, pos=(850,195)
711.9553 	DATA 	Mouse: Left button down, pos=(850,195)
712.0049 	DATA 	Mouse:  Left button up, pos=(850,195)
712.0720 	DATA 	Mouse: Left button down, pos=(850,195)
712.2720 	DATA 	Mouse:  Left button up, pos=(850,195)
712.8227 	INFO 	Keyboard events cleared
712.8225 	EXP 	polygon_2: autoDraw = True
712.8397 	EXP 	polygon: autoDraw = False
713.3565 	EXP 	Device response: <KeyPress from None: t=713.3538745, value=space, duration=None>
713.3583 	DATA 	Keypress: space
713.3729 	EXP 	polygon: autoDraw = False
713.3729 	EXP 	polygon_2: autoDraw = False
713.4559 	EXP 	Sound sound_1 reached end of file
713.4722 	EXP 	Playing sound sound_1 on speaker Speakers (Realtek(R) Audio)
713.4911 	EXP 	Device response: <KeyPress from None: t=708.6703726, value=space, duration=4.819284700000026>
713.7681 	EXP 	Sound sound_1 stopped
713.7878 	EXP 	text: autoDraw = True
713.7878 	EXP 	textbox: autoDraw = True
715.0317 	DATA 	Keypress: 3
715.0390 	EXP 	Device response: <KeyPress from None: t=715.0302318, value=3, duration=None>
715.1383 	EXP 	Device response: <KeyPress from None: t=715.0302318, value=3, duration=0.10368549999998322>
715.4881 	DATA 	Keypress: 5
715.4894 	EXP 	Device response: <KeyPress from None: t=715.4857026999999, value=5, duration=None>
715.6716 	EXP 	Device response: <KeyPress from None: t=715.4857026999999, value=5, duration=0.1760668000001715>
716.1087 	DATA 	Keypress: minus
716.1211 	EXP 	Device response: <KeyPress from None: t=716.1080221000001, value=minus, duration=None>
716.3046 	EXP 	Device response: <KeyPress from None: t=716.1080221000001, value=minus, duration=0.18091929999991407>
717.1121 	DATA 	Keypress: backspace
717.1212 	EXP 	Device response: <KeyPress from None: t=717.1096074999999, value=backspace, duration=None>
717.2713 	EXP 	Device response: <KeyPress from None: t=717.1096074999999, value=backspace, duration=0.15823580000005677>
717.4929 	DATA 	Keypress: 0
717.5044 	EXP 	Device response: <KeyPress from None: t=717.4915503000001, value=0, duration=None>
717.6392 	EXP 	Device response: <KeyPress from None: t=717.4915503000001, value=0, duration=0.1396809000000303>
719.6555 	DATA 	Mouse: Left button down, pos=(850,195)
719.6569 	EXP 	New trial (rep=7, index=14): <Trial 126 (14 in rep 7) data={'delay': 0.7, 'freq': 1000, 'condition': 'exp', 'thisN': 126, 'thisTrialN': 14, 'thisRepN': 7}>
719.6713 	EXP 	text: autoDraw = False
719.6713 	EXP 	textbox: autoDraw = False
719.6713 	EXP 	polygon: autoDraw = True
720.2717 	DATA 	Mouse:  Left button up, pos=(1086,311)
720.6711 	INFO 	Keyboard events cleared
720.6710 	EXP 	polygon: autoDraw = False
720.6710 	EXP 	polygon_2: autoDraw = True
721.2207 	EXP 	Device response: <KeyPress from None: t=721.2159433, value=space, duration=None>
721.2227 	DATA 	Keypress: space
721.2375 	EXP 	polygon: autoDraw = False
721.2375 	EXP 	polygon_2: autoDraw = False
721.4049 	EXP 	Device response: <KeyPress from None: t=713.3538745, value=space, duration=8.037648600000011>
721.9043 	EXP 	Sound sound_1 reached end of file
721.9206 	EXP 	Playing sound sound_1 on speaker Speakers (Realtek(R) Audio)
722.2184 	EXP 	Sound sound_1 stopped
722.2362 	EXP 	text: autoDraw = True
722.2362 	EXP 	textbox: autoDraw = True
723.1209 	DATA 	Keypress: 9
723.1281 	EXP 	Device response: <KeyPress from None: t=723.1204646, value=9, duration=None>
723.2057 	EXP 	Device response: <KeyPress from None: t=723.1204646, value=9, duration=0.0833692000001065>
723.4125 	DATA 	Keypress: 9
723.4212 	EXP 	Device response: <KeyPress from None: t=723.4087756, value=9, duration=None>
723.5046 	EXP 	Device response: <KeyPress from None: t=723.4087756, value=9, duration=0.08187049999992269>
723.6886 	DATA 	Keypress: 9
723.6900 	EXP 	Device response: <KeyPress from None: t=723.6849452, value=9, duration=None>
723.7553 	EXP 	Device response: <KeyPress from None: t=723.6849452, value=9, duration=0.06753230000003896>
724.6886 	DATA 	Mouse: Left button down, pos=(1031,252)
724.6895 	EXP 	New trial (rep=7, index=15): <Trial 127 (15 in rep 7) data={'delay': 0.4, 'freq': 400, 'condition': 'unexp', 'thisN': 127, 'thisTrialN': 15, 'thisRepN': 7}>
724.7040 	EXP 	text: autoDraw = False
724.7040 	EXP 	textbox: autoDraw = False
724.7040 	EXP 	polygon: autoDraw = True
724.9554 	DATA 	Mouse:  Left button up, pos=(1031,252)
725.0219 	DATA 	Mouse: Left button down, pos=(1031,252)
725.1715 	DATA 	Mouse:  Left button up, pos=(1031,252)
725.7042 	INFO 	Keyboard events cleared
725.7040 	EXP 	polygon: autoDraw = False
725.7040 	EXP 	polygon_2: autoDraw = True
726.7713 	EXP 	Device response: <KeyPress from None: t=726.7664693, value=space, duration=None>
726.7728 	DATA 	Keypress: space
726.7868 	EXP 	polygon: autoDraw = False
726.7868 	EXP 	polygon_2: autoDraw = False
726.9541 	EXP 	Device response: <KeyPress from None: t=721.2159433, value=space, duration=5.724815499999977>
727.1708 	EXP 	Sound sound_1 reached end of file
727.1872 	EXP 	Playing sound sound_1 on speaker Speakers (Realtek(R) Audio)
727.4892 	EXP 	Sound sound_1 stopped
727.5094 	EXP 	text: autoDraw = True
727.5094 	EXP 	textbox: autoDraw = True
729.3943 	DATA 	Keypress: 3
729.4058 	EXP 	Device response: <KeyPress from None: t=729.3873102000001, value=3, duration=None>
729.4712 	EXP 	Device response: <KeyPress from None: t=729.3873102000001, value=3, duration=0.06879149999986112>
729.8214 	DATA 	Keypress: 5
729.8226 	EXP 	Device response: <KeyPress from None: t=729.8163645000001, value=5, duration=None>
729.8892 	EXP 	Device response: <KeyPress from None: t=729.8163645000001, value=5, duration=0.07006209999985913>
730.4095 	DATA 	Keypress: 0
730.4212 	EXP 	Device response: <KeyPress from None: t=730.4083915, value=0, duration=None>
730.4734 	EXP 	Device response: <KeyPress from None: t=730.4083915, value=0, duration=0.06104449999997996>
731.5960 	DATA 	Mouse: Left button down, pos=(1031,252)
731.6049 	EXP 	New trial (rep=8, index=0): <Trial 128 (0 in rep 8) data={'delay': 0.7, 'freq': 1000, 'condition': 'exp', 'thisN': 128, 'thisTrialN': 0, 'thisRepN': 8}>
731.6202 	EXP 	text: autoDraw = False
731.6202 	EXP 	textbox: autoDraw = False
731.6202 	EXP 	polygon: autoDraw = True
731.8715 	DATA 	Mouse:  Left button up, pos=(1031,252)
731.9379 	DATA 	Mouse: Left button down, pos=(1031,252)
732.1049 	DATA 	Mouse:  Left button up, pos=(1031,252)
732.6047 	INFO 	Keyboard events cleared
732.6045 	EXP 	polygon_2: autoDraw = True
732.6212 	EXP 	polygon: autoDraw = False
733.4219 	DATA 	Keypress: space
733.4381 	EXP 	Device response: <KeyPress from None: t=733.4214077, value=space, duration=None>
733.4538 	EXP 	polygon: autoDraw = False
733.4538 	EXP 	polygon_2: autoDraw = False
733.5562 	EXP 	Device response: <KeyPress from None: t=726.7664693, value=space, duration=6.786109200000055>
734.1227 	EXP 	Sound sound_1 reached end of file
734.1391 	EXP 	Playing sound sound_1 on speaker Speakers (Realtek(R) Audio)
734.4370 	EXP 	Sound sound_1 stopped
734.4598 	EXP 	text: autoDraw = True
734.4598 	EXP 	textbox: autoDraw = True
735.1642 	DATA 	Keypress: 9
735.1656 	EXP 	Device response: <KeyPress from None: t=735.1612063000001, value=9, duration=None>
735.2713 	EXP 	Device response: <KeyPress from None: t=735.1612063000001, value=9, duration=0.09931729999993877>
735.3624 	DATA 	Keypress: 9
735.3715 	EXP 	Device response: <KeyPress from None: t=735.3618918000001, value=9, duration=None>
735.4557 	EXP 	Device response: <KeyPress from None: t=735.3618918000001, value=9, duration=0.09244820000003529>
735.8935 	DATA 	Keypress: 9
735.9046 	EXP 	Device response: <KeyPress from None: t=735.8917445999999, value=9, duration=None>
736.0212 	EXP 	Device response: <KeyPress from None: t=735.8917445999999, value=9, duration=0.11871590000009746>
736.6755 	DATA 	Mouse: Left button down, pos=(1032,247)
736.6886 	EXP 	New trial (rep=8, index=1): <Trial 129 (1 in rep 8) data={'delay': 0.1, 'freq': 1000, 'condition': 'exp', 'thisN': 129, 'thisTrialN': 1, 'thisRepN': 8}>
736.7043 	EXP 	text: autoDraw = False
736.7043 	EXP 	textbox: autoDraw = False
736.7043 	EXP 	polygon: autoDraw = True
736.8052 	DATA 	Mouse:  Left button up, pos=(1032,247)
737.1050 	EXP 	Device response: <KeyPress from None: t=737.0979332, value=space, duration=None>
737.1059 	DATA 	Keypress: space
737.7045 	INFO 	Keyboard events cleared
737.7044 	EXP 	polygon: autoDraw = False
737.7044 	EXP 	polygon_2: autoDraw = True
739.3883 	EXP 	Device response: <KeyPress from None: t=733.4214077, value=space, duration=5.960005700000011>
739.8718 	EXP 	Device response: <KeyPress from None: t=739.856901, value=space, duration=None>
739.8738 	DATA 	Keypress: space
739.8875 	EXP 	polygon: autoDraw = False
739.8875 	EXP 	polygon_2: autoDraw = False
739.9711 	EXP 	Sound sound_1 reached end of file
739.9875 	EXP 	Playing sound sound_1 on speaker Speakers (Realtek(R) Audio)
740.0380 	EXP 	Device response: <KeyPress from None: t=737.0979332, value=space, duration=2.9271450999999615>
740.2886 	EXP 	Sound sound_1 stopped
740.3088 	EXP 	text: autoDraw = True
740.3088 	EXP 	textbox: autoDraw = True
741.5265 	DATA 	Keypress: 9
741.5339 	EXP 	Device response: <KeyPress from None: t=741.5255986000001, value=9, duration=None>
741.6546 	EXP 	Device response: <KeyPress from None: t=741.5255986000001, value=9, duration=0.11879449999992175>
741.7417 	DATA 	Keypress: 9
741.7543 	EXP 	Device response: <KeyPress from None: t=741.7382665000001, value=9, duration=None>
741.8877 	EXP 	Device response: <KeyPress from None: t=741.7382665000001, value=9, duration=0.14053229999990435>
741.9789 	DATA 	Keypress: 9
741.9881 	EXP 	Device response: <KeyPress from None: t=741.9762936999999, value=9, duration=None>
742.0898 	EXP 	Device response: <KeyPress from None: t=741.9762936999999, value=9, duration=0.11060700000007273>
743.0052 	DATA 	Mouse: Left button down, pos=(1032,247)
743.0060 	EXP 	New trial (rep=8, index=2): <Trial 130 (2 in rep 8) data={'delay': 0.4, 'freq': 400, 'condition': 'unexp', 'thisN': 130, 'thisTrialN': 2, 'thisRepN': 8}>
743.0204 	EXP 	text: autoDraw = False
743.0204 	EXP 	textbox: autoDraw = False
743.0204 	EXP 	polygon: autoDraw = True
743.2048 	DATA 	Mouse:  Left button up, pos=(1032,247)
743.2728 	DATA 	Mouse: Left button down, pos=(1032,247)
743.4553 	DATA 	Mouse:  Left button up, pos=(1032,247)
743.5059 	DATA 	Mouse: Left button down, pos=(1032,247)
743.6718 	DATA 	Mouse:  Left button up, pos=(1032,247)
744.0210 	INFO 	Keyboard events cleared
744.0208 	EXP 	polygon: autoDraw = False
744.0208 	EXP 	polygon_2: autoDraw = True
746.2378 	EXP 	Device response: <KeyPress from None: t=746.2356705999999, value=space, duration=None>
746.2397 	DATA 	Keypress: space
746.2545 	EXP 	polygon: autoDraw = False
746.2545 	EXP 	polygon_2: autoDraw = False
746.4547 	EXP 	Device response: <KeyPress from None: t=739.856901, value=space, duration=6.584303900000123>
746.6210 	EXP 	Sound sound_1 reached end of file
746.6373 	EXP 	Playing sound sound_1 on speaker Speakers (Realtek(R) Audio)
746.9291 	EXP 	Sound sound_1 stopped
746.9463 	EXP 	text: autoDraw = True
746.9463 	EXP 	textbox: autoDraw = True
748.6464 	DATA 	Keypress: 3
748.6580 	EXP 	Device response: <KeyPress from None: t=748.6417735000001, value=3, duration=None>
748.9724 	EXP 	Device response: <KeyPress from None: t=748.6417735000001, value=3, duration=0.3269591999999193>
749.0387 	DATA 	Keypress: 4
749.0401 	EXP 	Device response: <KeyPress from None: t=749.0344091000001, value=4, duration=None>
749.2213 	EXP 	Device response: <KeyPress from None: t=749.0344091000001, value=4, duration=0.1720401000000038>
749.2715 	DATA 	Keypress: 5
749.2727 	EXP 	Device response: <KeyPress from None: t=749.2694098000001, value=5, duration=None>
749.4215 	EXP 	Device response: <KeyPress from None: t=749.2694098000001, value=5, duration=0.14663279999990664>
749.4760 	DATA 	Keypress: 6
749.4878 	EXP 	Device response: <KeyPress from None: t=749.4715787000001, value=6, duration=None>
749.6050 	EXP 	Device response: <KeyPress from None: t=749.4715787000001, value=6, duration=0.13082859999985885>
751.3886 	DATA 	Keypress: backspace
751.3901 	EXP 	Device response: <KeyPress from None: t=751.3806316000001, value=backspace, duration=None>
751.4082 	EXP 	Device response: <KeyPress from None: t=751.3806316000001, value=backspace, duration=0.0263199999999415>
752.0044 	DATA 	Keypress: backspace
752.0063 	EXP 	Device response: <KeyPress from None: t=751.9992350000001, value=backspace, duration=None>
752.2050 	EXP 	Device response: <KeyPress from None: t=751.9992350000001, value=backspace, duration=0.20336439999982758>
752.4881 	DATA 	Keypress: backspace
752.4892 	EXP 	Device response: <KeyPress from None: t=752.48177, value=backspace, duration=None>
752.6212 	EXP 	Device response: <KeyPress from None: t=752.48177, value=backspace, duration=0.1288524999999936>
753.3121 	DATA 	Keypress: 5
753.3212 	EXP 	Device response: <KeyPress from None: t=753.3095006, value=5, duration=None>
753.4881 	EXP 	Device response: <KeyPress from None: t=753.3095006, value=5, duration=0.1687094999999772>
754.2423 	DATA 	Keypress: 0
754.2546 	EXP 	Device response: <KeyPress from None: t=754.2389415000001, value=0, duration=None>
754.3383 	EXP 	Device response: <KeyPress from None: t=754.2389415000001, value=0, duration=0.09205279999991944>
755.3458 	DATA 	Mouse: Left button down, pos=(949,194)
755.3556 	EXP 	New trial (rep=8, index=3): <Trial 131 (3 in rep 8) data={'delay': 0.4, 'freq': 1000, 'condition': 'exp', 'thisN': 131, 'thisTrialN': 3, 'thisRepN': 8}>
755.3709 	EXP 	text: autoDraw = False
755.3709 	EXP 	textbox: autoDraw = False
755.3709 	EXP 	polygon: autoDraw = True
755.5728 	DATA 	Mouse:  Left button up, pos=(949,194)
756.3563 	INFO 	Keyboard events cleared
756.3561 	EXP 	polygon_2: autoDraw = True
756.3728 	EXP 	polygon: autoDraw = False
757.0071 	EXP 	Device response: <KeyPress from None: t=756.9981788000001, value=space, duration=None>
757.0092 	DATA 	Keypress: space
757.0211 	EXP 	polygon: autoDraw = False
757.0211 	EXP 	polygon_2: autoDraw = False
757.2045 	EXP 	Device response: <KeyPress from None: t=746.2356705999999, value=space, duration=10.95793260000005>
757.4046 	EXP 	Sound sound_1 reached end of file
757.4209 	EXP 	Playing sound sound_1 on speaker Speakers (Realtek(R) Audio)
757.7186 	EXP 	Sound sound_1 stopped
757.7358 	EXP 	text: autoDraw = True
757.7358 	EXP 	textbox: autoDraw = True
759.6737 	DATA 	Keypress: 7
759.6751 	EXP 	Device response: <KeyPress from None: t=759.6726924999999, value=7, duration=None>
759.8058 	EXP 	Device response: <KeyPress from None: t=759.6726924999999, value=7, duration=0.12543800000003102>
760.2214 	DATA 	Keypress: 5
760.2226 	EXP 	Device response: <KeyPress from None: t=760.2159786000001, value=5, duration=None>
760.2719 	EXP 	Device response: <KeyPress from None: t=760.2159786000001, value=5, duration=0.04888889999983803>
760.6048 	DATA 	Keypress: 0
760.6061 	EXP 	Device response: <KeyPress from None: t=760.6041962, value=0, duration=None>
760.7551 	EXP 	Device response: <KeyPress from None: t=760.6041962, value=0, duration=0.14736059999995632>
761.6138 	DATA 	Mouse: Left button down, pos=(948,193)
761.6213 	EXP 	New trial (rep=8, index=4): <Trial 132 (4 in rep 8) data={'delay': 0.7, 'freq': 1000, 'condition': 'exp', 'thisN': 132, 'thisTrialN': 4, 'thisRepN': 8}>
761.6373 	EXP 	text: autoDraw = False
761.6373 	EXP 	textbox: autoDraw = False
761.6373 	EXP 	polygon: autoDraw = True
761.8721 	DATA 	Mouse:  Left button up, pos=(948,193)
761.9388 	DATA 	Mouse: Left button down, pos=(948,193)
762.0891 	DATA 	Mouse:  Left button up, pos=(948,193)
762.3376 	EXP 	Device response: <KeyPress from None: t=762.3288451, value=space, duration=None>
762.3387 	DATA 	Keypress: space
762.4879 	EXP 	Device response: <KeyPress from None: t=756.9981788000001, value=space, duration=5.487193699999807>
762.6217 	INFO 	Keyboard events cleared
762.6215 	EXP 	polygon_2: autoDraw = True
762.6374 	EXP 	polygon: autoDraw = False
762.9544 	EXP 	Device response: <KeyPress from None: t=762.940189, value=space, duration=None>
762.9559 	DATA 	Keypress: space
762.9706 	EXP 	polygon: autoDraw = False
762.9706 	EXP 	polygon_2: autoDraw = False
763.1205 	EXP 	Device response: <KeyPress from None: t=762.3288451, value=space, duration=0.7852480000001378>
763.6377 	EXP 	Sound sound_1 reached end of file
763.6541 	EXP 	Playing sound sound_1 on speaker Speakers (Realtek(R) Audio)
763.9582 	EXP 	Sound sound_1 stopped
763.9768 	EXP 	text: autoDraw = True
763.9768 	EXP 	textbox: autoDraw = True
764.8275 	DATA 	Keypress: 9
764.8389 	EXP 	Device response: <KeyPress from None: t=764.8236673, value=9, duration=None>
764.8886 	EXP 	Device response: <KeyPress from None: t=764.8236673, value=9, duration=0.06338110000001507>
765.0047 	DATA 	Keypress: 9
765.0063 	EXP 	Device response: <KeyPress from None: t=764.9971858, value=9, duration=None>
765.0891 	EXP 	Device response: <KeyPress from None: t=764.9971858, value=9, duration=0.090400499999987>
765.1886 	DATA 	Keypress: 9
765.1902 	EXP 	Device response: <KeyPress from None: t=765.1873289000001, value=9, duration=None>
765.2378 	EXP 	Device response: <KeyPress from None: t=765.1873289000001, value=9, duration=0.03754749999984597>
766.1966 	DATA 	Mouse: Left button down, pos=(928,180)
766.2059 	EXP 	New trial (rep=8, index=5): <Trial 133 (5 in rep 8) data={'delay': 0.4, 'freq': 1000, 'condition': 'exp', 'thisN': 133, 'thisTrialN': 5, 'thisRepN': 8}>
766.2207 	EXP 	text: autoDraw = False
766.2207 	EXP 	textbox: autoDraw = False
766.2207 	EXP 	polygon: autoDraw = True
766.2556 	DATA 	Mouse:  Left button up, pos=(928,180)
766.3891 	DATA 	Mouse: Left button down, pos=(928,180)
766.6055 	DATA 	Mouse:  Left button up, pos=(928,180)
766.8208 	EXP 	Device response: <KeyPress from None: t=766.8073625000001, value=space, duration=None>
766.8215 	DATA 	Keypress: space
766.9880 	EXP 	Device response: <KeyPress from None: t=762.940189, value=space, duration=4.037352800000008>
767.2218 	INFO 	Keyboard events cleared
767.2216 	EXP 	polygon: autoDraw = False
767.2216 	EXP 	polygon_2: autoDraw = True
768.2213 	EXP 	Device response: <KeyPress from None: t=768.2200041, value=space, duration=None>
768.2236 	DATA 	Keypress: space
768.2368 	EXP 	polygon: autoDraw = False
768.2368 	EXP 	polygon_2: autoDraw = False
768.3213 	EXP 	Device response: <KeyPress from None: t=766.8073625000001, value=space, duration=1.501421199999868>
768.6045 	EXP 	Sound sound_1 reached end of file
768.6209 	EXP 	Playing sound sound_1 on speaker Speakers (Realtek(R) Audio)
768.9199 	EXP 	Sound sound_1 stopped
768.9390 	EXP 	text: autoDraw = True
768.9390 	EXP 	textbox: autoDraw = True
769.8046 	DATA 	Keypress: 9
769.8057 	EXP 	Device response: <KeyPress from None: t=769.7993580000001, value=9, duration=None>
769.9225 	EXP 	Device response: <KeyPress from None: t=769.7993580000001, value=9, duration=0.11843019999992066>
770.0384 	DATA 	Keypress: 9
770.0396 	EXP 	Device response: <KeyPress from None: t=770.0370701, value=9, duration=None>
770.1216 	EXP 	Device response: <KeyPress from None: t=770.0370701, value=9, duration=0.07266170000002603>
770.2551 	DATA 	Keypress: 9
770.2570 	EXP 	Device response: <KeyPress from None: t=770.2459944000001, value=9, duration=None>
770.3225 	EXP 	Device response: <KeyPress from None: t=770.2459944000001, value=9, duration=0.07250069999986408>
771.2548 	DATA 	Mouse: Left button down, pos=(928,180)
771.2557 	EXP 	New trial (rep=8, index=6): <Trial 134 (6 in rep 8) data={'delay': 0.7, 'freq': 400, 'condition': 'unexp', 'thisN': 134, 'thisTrialN': 6, 'thisRepN': 8}>
771.2710 	EXP 	text: autoDraw = False
771.2710 	EXP 	textbox: autoDraw = False
771.2710 	EXP 	polygon: autoDraw = True
771.8717 	DATA 	Mouse:  Left button up, pos=(971,305)
772.2710 	INFO 	Keyboard events cleared
772.2708 	EXP 	polygon: autoDraw = False
772.2708 	EXP 	polygon_2: autoDraw = True
772.7225 	DATA 	Mouse: Left button down, pos=(971,305)
772.9387 	DATA 	Mouse:  Left button up, pos=(971,305)
773.6211 	EXP 	Device response: <KeyPress from None: t=773.6065347, value=space, duration=None>
773.6226 	DATA 	Keypress: space
773.6375 	EXP 	polygon: autoDraw = False
773.6375 	EXP 	polygon_2: autoDraw = False
773.7711 	EXP 	Device response: <KeyPress from None: t=768.2200041, value=space, duration=5.534632300000112>
774.1549 	EXP 	Device response: <KeyPress from None: t=774.1410919000001, value=space, duration=None>
774.1556 	DATA 	Keypress: space
774.3044 	EXP 	Sound sound_1 reached end of file
774.3207 	EXP 	Playing sound sound_1 on speaker Speakers (Realtek(R) Audio)
774.3210 	EXP 	Device response: <KeyPress from None: t=773.6065347, value=space, duration=0.7026702999999088>
774.6245 	EXP 	Sound sound_1 stopped
774.6439 	EXP 	text: autoDraw = True
774.6439 	EXP 	textbox: autoDraw = True
775.9201 	DATA 	Keypress: 3
775.9321 	EXP 	Device response: <KeyPress from None: t=775.9144971, value=3, duration=None>
776.0392 	EXP 	Device response: <KeyPress from None: t=775.9144971, value=3, duration=0.11659780000013598>
776.3789 	DATA 	Keypress: 5
776.3879 	EXP 	Device response: <KeyPress from None: t=776.3777034999999, value=5, duration=None>
776.5386 	EXP 	Device response: <KeyPress from None: t=776.3777034999999, value=5, duration=0.15808890000016618>
776.9547 	DATA 	Keypress: 0
776.9564 	EXP 	Device response: <KeyPress from None: t=776.9518241, value=0, duration=None>
777.1215 	EXP 	Device response: <KeyPress from None: t=776.9518241, value=0, duration=0.1590432000000419>
778.0554 	DATA 	Mouse: Left button down, pos=(931,224)
778.0564 	EXP 	New trial (rep=8, index=7): <Trial 135 (7 in rep 8) data={'delay': 0.4, 'freq': 1000, 'condition': 'exp', 'thisN': 135, 'thisTrialN': 7, 'thisRepN': 8}>
778.0711 	EXP 	text: autoDraw = False
778.0711 	EXP 	textbox: autoDraw = False
778.0711 	EXP 	polygon: autoDraw = True
778.3048 	DATA 	Mouse:  Left button up, pos=(931,224)
778.3566 	DATA 	Mouse: Left button down, pos=(931,224)
778.5222 	DATA 	Mouse:  Left button up, pos=(931,224)
778.9041 	EXP 	Device response: <KeyPress from None: t=778.9001826, value=space, duration=None>
778.9048 	DATA 	Keypress: space
779.0380 	EXP 	Device response: <KeyPress from None: t=774.1410919000001, value=space, duration=4.893563299999869>
779.0710 	INFO 	Keyboard events cleared
779.0708 	EXP 	polygon: autoDraw = False
779.0708 	EXP 	polygon_2: autoDraw = True
779.4378 	EXP 	Device response: <KeyPress from None: t=779.4242952000001, value=space, duration=None>
779.4394 	DATA 	Keypress: space
779.4546 	EXP 	polygon: autoDraw = False
779.4546 	EXP 	polygon_2: autoDraw = False
779.5564 	EXP 	Device response: <KeyPress from None: t=778.9001826, value=space, duration=0.6534742000001188>
779.8236 	EXP 	Sound sound_1 reached end of file
779.8399 	EXP 	Playing sound sound_1 on speaker Speakers (Realtek(R) Audio)
780.1364 	EXP 	Sound sound_1 stopped
780.1583 	EXP 	text: autoDraw = True
780.1583 	EXP 	textbox: autoDraw = True
782.1081 	DATA 	Keypress: 7
782.1098 	EXP 	Device response: <KeyPress from None: t=782.1071598, value=7, duration=None>
782.2558 	EXP 	Device response: <KeyPress from None: t=782.1071598, value=7, duration=0.14756690000012895>
782.5054 	DATA 	Keypress: 5
782.5073 	EXP 	Device response: <KeyPress from None: t=782.5002085, value=5, duration=None>
782.6216 	EXP 	Device response: <KeyPress from None: t=782.5002085, value=5, duration=0.11151100000006409>
783.0884 	DATA 	Keypress: 0
783.0900 	EXP 	Device response: <KeyPress from None: t=783.0864328000001, value=0, duration=None>
783.2065 	EXP 	Device response: <KeyPress from None: t=783.0864328000001, value=0, duration=0.11382449999996425>
784.1264 	DATA 	Mouse: Left button down, pos=(931,224)
784.1386 	EXP 	New trial (rep=8, index=8): <Trial 136 (8 in rep 8) data={'delay': 0.1, 'freq': 1000, 'condition': 'exp', 'thisN': 136, 'thisTrialN': 8, 'thisRepN': 8}>
784.1542 	EXP 	text: autoDraw = False
784.1542 	EXP 	textbox: autoDraw = False
784.1542 	EXP 	polygon: autoDraw = True
784.4226 	DATA 	Mouse:  Left button up, pos=(931,224)
784.5050 	DATA 	Mouse: Left button down, pos=(931,224)
784.6554 	DATA 	Mouse:  Left button up, pos=(931,224)
785.1377 	INFO 	Keyboard events cleared
785.1376 	EXP 	polygon_2: autoDraw = True
785.1545 	EXP 	polygon: autoDraw = False
785.8898 	EXP 	Device response: <KeyPress from None: t=785.8829566, value=space, duration=None>
785.8915 	DATA 	Keypress: space
785.9059 	EXP 	polygon: autoDraw = False
785.9059 	EXP 	polygon_2: autoDraw = False
785.9733 	EXP 	Sound sound_1 reached end of file
785.9895 	EXP 	Playing sound sound_1 on speaker Speakers (Realtek(R) Audio)
786.0901 	EXP 	Device response: <KeyPress from None: t=779.4242952000001, value=space, duration=6.652478399999836>
786.2883 	EXP 	Sound sound_1 stopped
786.3087 	EXP 	text: autoDraw = True
786.3087 	EXP 	textbox: autoDraw = True
789.0596 	DATA 	Keypress: 7
789.0612 	EXP 	Device response: <KeyPress from None: t=789.0590880000001, value=7, duration=None>
789.2059 	EXP 	Device response: <KeyPress from None: t=789.0590880000001, value=7, duration=0.13688200000001416>
789.7212 	DATA 	Keypress: 5
789.7224 	EXP 	Device response: <KeyPress from None: t=789.7131026999999, value=5, duration=None>
789.8555 	EXP 	Device response: <KeyPress from None: t=789.7131026999999, value=5, duration=0.1281039000000419>
790.0609 	DATA 	Keypress: minus
790.0718 	EXP 	Device response: <KeyPress from None: t=790.055244, value=minus, duration=None>
790.2714 	EXP 	Device response: <KeyPress from None: t=790.055244, value=minus, duration=0.2025304999999662>
790.9382 	DATA 	Keypress: backspace
790.9398 	EXP 	Device response: <KeyPress from None: t=790.9288421, value=backspace, duration=None>
791.0557 	EXP 	Device response: <KeyPress from None: t=790.9288421, value=backspace, duration=0.11871880000012425>
791.3717 	DATA 	Keypress: 0
791.3735 	EXP 	Device response: <KeyPress from None: t=791.3683523000001, value=0, duration=None>
791.5048 	EXP 	Device response: <KeyPress from None: t=791.3683523000001, value=0, duration=0.12506849999999758>
792.6760 	DATA 	Mouse: Left button down, pos=(931,224)
792.6886 	EXP 	New trial (rep=8, index=9): <Trial 137 (9 in rep 8) data={'delay': 0.7, 'freq': 1000, 'condition': 'exp', 'thisN': 137, 'thisTrialN': 9, 'thisRepN': 8}>
792.7043 	EXP 	text: autoDraw = False
792.7043 	EXP 	textbox: autoDraw = False
792.7043 	EXP 	polygon: autoDraw = True
792.7551 	DATA 	Mouse:  Left button up, pos=(931,224)
793.3879 	EXP 	Device response: <KeyPress from None: t=793.3763143, value=space, duration=None>
793.3888 	DATA 	Keypress: space
793.6875 	INFO 	Keyboard events cleared
793.6874 	EXP 	polygon_2: autoDraw = True
793.7044 	EXP 	polygon: autoDraw = False
794.5043 	EXP 	Device response: <KeyPress from None: t=785.8829566, value=space, duration=8.619031199999881>
794.9883 	EXP 	Device response: <KeyPress from None: t=794.9733325999999, value=space, duration=None>
794.9897 	DATA 	Keypress: space
795.0042 	EXP 	polygon: autoDraw = False
795.0042 	EXP 	polygon_2: autoDraw = False
795.6874 	EXP 	Sound sound_1 reached end of file
795.7037 	EXP 	Playing sound sound_1 on speaker Speakers (Realtek(R) Audio)
796.0021 	EXP 	Sound sound_1 stopped
796.0194 	EXP 	text: autoDraw = True
796.0194 	EXP 	textbox: autoDraw = True
797.3763 	EXP 	Device response: <KeyPress from None: t=793.3763143, value=space, duration=3.9868200000000797>
798.0451 	DATA 	Keypress: 9
798.0554 	EXP 	Device response: <KeyPress from None: t=798.0419407999999, value=9, duration=None>
798.1718 	EXP 	Device response: <KeyPress from None: t=798.0419407999999, value=9, duration=0.126749000000018>
798.2965 	DATA 	Keypress: 9
798.3057 	EXP 	Device response: <KeyPress from None: t=798.2962286999999, value=9, duration=None>
798.4050 	EXP 	Device response: <KeyPress from None: t=798.2962286999999, value=9, duration=0.09790000000020882>
798.5463 	DATA 	Keypress: 9
798.5567 	EXP 	Device response: <KeyPress from None: t=798.5445000000001, value=9, duration=None>
798.6558 	EXP 	Device response: <KeyPress from None: t=798.5445000000001, value=9, duration=0.10106019999989257>
800.0805 	DATA 	Mouse: Right button down, pos=(931,224)
800.0888 	EXP 	New trial (rep=8, index=10): <Trial 138 (10 in rep 8) data={'delay': 0.7, 'freq': 1000, 'condition': 'exp', 'thisN': 138, 'thisTrialN': 10, 'thisRepN': 8}>
800.1047 	EXP 	text: autoDraw = False
800.1047 	EXP 	textbox: autoDraw = False
800.1047 	EXP 	polygon: autoDraw = True
800.1554 	DATA 	Mouse:  Right button up, pos=(931,224)
801.0880 	INFO 	Keyboard events cleared
801.0879 	EXP 	polygon_2: autoDraw = True
801.1042 	EXP 	polygon: autoDraw = False
802.9386 	EXP 	Device response: <KeyPress from None: t=802.9381870999999, value=space, duration=None>
802.9403 	DATA 	Keypress: space
802.9546 	EXP 	polygon: autoDraw = False
802.9546 	EXP 	polygon_2: autoDraw = False
803.0712 	EXP 	Device response: <KeyPress from None: t=794.9733325999999, value=space, duration=8.094949700000143>
803.6379 	EXP 	Sound sound_1 reached end of file
803.6542 	EXP 	Playing sound sound_1 on speaker Speakers (Realtek(R) Audio)
803.9491 	EXP 	Sound sound_1 stopped
803.9668 	EXP 	text: autoDraw = True
803.9668 	EXP 	textbox: autoDraw = True
806.0962 	DATA 	Keypress: 9
806.1076 	EXP 	Device response: <KeyPress from None: t=806.090118, value=9, duration=None>
806.2890 	EXP 	Device response: <KeyPress from None: t=806.090118, value=9, duration=0.197963800000025>
806.3755 	DATA 	Keypress: 9
806.3881 	EXP 	Device response: <KeyPress from None: t=806.3723476000001, value=9, duration=None>
806.5557 	EXP 	Device response: <KeyPress from None: t=806.3723476000001, value=9, duration=0.17462939999995797>
806.6418 	DATA 	Keypress: 9
806.6549 	EXP 	Device response: <KeyPress from None: t=806.6405118000001, value=9, duration=None>
806.7555 	EXP 	Device response: <KeyPress from None: t=806.6405118000001, value=9, duration=0.10598289999984445>
807.8462 	DATA 	Mouse: Left button down, pos=(947,232)
807.8549 	EXP 	New trial (rep=8, index=11): <Trial 139 (11 in rep 8) data={'delay': 0.1, 'freq': 400, 'condition': 'unexp', 'thisN': 139, 'thisTrialN': 11, 'thisRepN': 8}>
807.8717 	EXP 	text: autoDraw = False
807.8717 	EXP 	textbox: autoDraw = False
807.8717 	EXP 	polygon: autoDraw = True
808.0720 	DATA 	Mouse:  Left button up, pos=(947,232)
808.8549 	INFO 	Keyboard events cleared
808.8547 	EXP 	polygon_2: autoDraw = True
808.8709 	EXP 	polygon: autoDraw = False
809.5076 	DATA 	Keypress: space
809.5236 	EXP 	Device response: <KeyPress from None: t=809.5064288, value=space, duration=None>
809.5394 	EXP 	polygon: autoDraw = False
809.5394 	EXP 	polygon_2: autoDraw = False
809.6217 	EXP 	Sound sound_1 reached end of file
809.6380 	EXP 	Playing sound sound_1 on speaker Speakers (Realtek(R) Audio)
809.6903 	EXP 	Device response: <KeyPress from None: t=802.9381870999999, value=space, duration=6.742753300000004>
809.9343 	EXP 	Sound sound_1 stopped
809.9540 	EXP 	text: autoDraw = True
809.9540 	EXP 	textbox: autoDraw = True
810.8451 	DATA 	Keypress: 3
810.8566 	EXP 	Device response: <KeyPress from None: t=810.8408008, value=3, duration=None>
810.9880 	EXP 	Device response: <KeyPress from None: t=810.8408008, value=3, duration=0.13288390000002437>
811.6243 	DATA 	Keypress: 5
811.6259 	EXP 	Device response: <KeyPress from None: t=811.6238285999999, value=5, duration=None>
811.7236 	EXP 	Device response: <KeyPress from None: t=811.6238285999999, value=5, duration=0.0896687000001748>
812.2893 	DATA 	Keypress: 0
812.2908 	EXP 	Device response: <KeyPress from None: t=812.2862908999999, value=0, duration=None>
812.3556 	EXP 	Device response: <KeyPress from None: t=812.2862908999999, value=0, duration=0.06386520000000928>
813.1885 	DATA 	Mouse: Left button down, pos=(947,232)
813.1895 	EXP 	New trial (rep=8, index=12): <Trial 140 (12 in rep 8) data={'delay': 0.1, 'freq': 400, 'condition': 'unexp', 'thisN': 140, 'thisTrialN': 12, 'thisRepN': 8}>
813.2046 	EXP 	text: autoDraw = False
813.2046 	EXP 	textbox: autoDraw = False
813.2046 	EXP 	polygon: autoDraw = True
813.3229 	DATA 	Mouse:  Left button up, pos=(947,232)
813.4391 	DATA 	Mouse: Left button down, pos=(947,232)
813.6559 	DATA 	Mouse:  Left button up, pos=(947,232)
814.1899 	INFO 	Keyboard events cleared
814.1898 	EXP 	polygon_2: autoDraw = True
814.2059 	EXP 	polygon: autoDraw = False
814.5076 	EXP 	Device response: <KeyPress from None: t=814.5005613, value=space, duration=None>
814.5096 	DATA 	Keypress: space
814.5226 	EXP 	polygon: autoDraw = False
814.5226 	EXP 	polygon_2: autoDraw = False
814.6067 	EXP 	Sound sound_1 reached end of file
814.6230 	EXP 	Playing sound sound_1 on speaker Speakers (Realtek(R) Audio)
814.6400 	EXP 	Device response: <KeyPress from None: t=809.5064288, value=space, duration=5.132660200000146>
814.9239 	EXP 	Sound sound_1 stopped
814.9410 	EXP 	text: autoDraw = True
814.9410 	EXP 	textbox: autoDraw = True
815.7510 	DATA 	Keypress: 3
815.7624 	EXP 	Device response: <KeyPress from None: t=815.7499305, value=3, duration=None>
815.8389 	EXP 	Device response: <KeyPress from None: t=815.7499305, value=3, duration=0.08568370000011782>
816.0630 	DATA 	Keypress: 5
816.0716 	EXP 	Device response: <KeyPress from None: t=816.0620369, value=5, duration=None>
816.1717 	EXP 	Device response: <KeyPress from None: t=816.0620369, value=5, duration=0.09317590000000564>
816.6434 	DATA 	Keypress: 0
816.6546 	EXP 	Device response: <KeyPress from None: t=816.6425636, value=0, duration=None>
816.7216 	EXP 	Device response: <KeyPress from None: t=816.6425636, value=0, duration=0.06390220000002955>
817.5218 	DATA 	Mouse: Left button down, pos=(947,232)
817.5228 	EXP 	New trial (rep=8, index=13): <Trial 141 (13 in rep 8) data={'delay': 0.4, 'freq': 1000, 'condition': 'exp', 'thisN': 141, 'thisTrialN': 13, 'thisRepN': 8}>
817.5385 	EXP 	text: autoDraw = False
817.5385 	EXP 	textbox: autoDraw = False
817.5385 	EXP 	polygon: autoDraw = True
817.7384 	DATA 	Mouse:  Left button up, pos=(947,232)
817.7892 	DATA 	Mouse: Left button down, pos=(947,232)
817.9716 	DATA 	Mouse:  Left button up, pos=(947,232)
818.5383 	INFO 	Keyboard events cleared
818.5382 	EXP 	polygon: autoDraw = False
818.5382 	EXP 	polygon_2: autoDraw = True
819.1236 	EXP 	Device response: <KeyPress from None: t=819.1173680999999, value=space, duration=None>
819.1256 	DATA 	Keypress: space
819.1407 	EXP 	polygon: autoDraw = False
819.1407 	EXP 	polygon_2: autoDraw = False
819.2730 	EXP 	Device response: <KeyPress from None: t=814.5005613, value=space, duration=4.757880099999966>
819.5230 	EXP 	Sound sound_1 reached end of file
819.5393 	EXP 	Playing sound sound_1 on speaker Speakers (Realtek(R) Audio)
819.8413 	EXP 	Sound sound_1 stopped
819.8610 	EXP 	text: autoDraw = True
819.8610 	EXP 	textbox: autoDraw = True
822.7556 	DATA 	Keypress: 7
822.7569 	EXP 	Device response: <KeyPress from None: t=822.7508508, value=7, duration=None>
822.8884 	EXP 	Device response: <KeyPress from None: t=822.7508508, value=7, duration=0.12407040000016423>
823.1549 	DATA 	Keypress: 6
823.1566 	EXP 	Device response: <KeyPress from None: t=823.1534849999999, value=6, duration=None>
823.2560 	EXP 	Device response: <KeyPress from None: t=823.1534849999999, value=6, duration=0.09860739999999169>
823.5553 	DATA 	Keypress: backspace
823.5567 	EXP 	Device response: <KeyPress from None: t=823.5468059000001, value=backspace, duration=None>
823.6901 	EXP 	Device response: <KeyPress from None: t=823.5468059000001, value=backspace, duration=0.13925619999986338>
823.9219 	DATA 	Keypress: 5
823.9237 	EXP 	Device response: <KeyPress from None: t=823.9197939, value=5, duration=None>
824.0388 	EXP 	Device response: <KeyPress from None: t=823.9197939, value=5, duration=0.10969250000016473>
824.5633 	DATA 	Keypress: 0
824.5711 	EXP 	Device response: <KeyPress from None: t=824.5617976, value=0, duration=None>
824.6389 	EXP 	Device response: <KeyPress from None: t=824.5617976, value=0, duration=0.06994159999999283>
825.3891 	DATA 	Mouse: Left button down, pos=(947,232)
825.3901 	EXP 	New trial (rep=8, index=14): <Trial 142 (14 in rep 8) data={'delay': 0.1, 'freq': 1000, 'condition': 'exp', 'thisN': 142, 'thisTrialN': 14, 'thisRepN': 8}>
825.4041 	EXP 	text: autoDraw = False
825.4041 	EXP 	textbox: autoDraw = False
825.4041 	EXP 	polygon: autoDraw = True
825.5554 	DATA 	Mouse:  Left button up, pos=(947,232)
825.6219 	DATA 	Mouse: Left button down, pos=(947,232)
825.7884 	DATA 	Mouse:  Left button up, pos=(947,232)
826.4046 	INFO 	Keyboard events cleared
826.4045 	EXP 	polygon: autoDraw = False
826.4045 	EXP 	polygon_2: autoDraw = True
827.4214 	EXP 	Device response: <KeyPress from None: t=827.4139945999999, value=space, duration=None>
827.4234 	DATA 	Keypress: space
827.4378 	EXP 	polygon: autoDraw = False
827.4378 	EXP 	polygon_2: autoDraw = False
827.5049 	EXP 	Sound sound_1 reached end of file
827.5212 	EXP 	Playing sound sound_1 on speaker Speakers (Realtek(R) Audio)
827.6725 	EXP 	Device response: <KeyPress from None: t=819.1173680999999, value=space, duration=8.55127850000008>
827.8224 	EXP 	Sound sound_1 stopped
827.8404 	EXP 	text: autoDraw = True
827.8404 	EXP 	textbox: autoDraw = True
829.0825 	DATA 	Keypress: 9
829.0902 	EXP 	Device response: <KeyPress from None: t=829.080902, value=9, duration=None>
829.2560 	EXP 	Device response: <KeyPress from None: t=829.080902, value=9, duration=0.16174840000007862>
829.3768 	DATA 	Keypress: 9
829.3887 	EXP 	Device response: <KeyPress from None: t=829.3728628, value=9, duration=None>
829.4394 	EXP 	Device response: <KeyPress from None: t=829.3728628, value=9, duration=0.06314709999992374>
829.5717 	DATA 	Keypress: 9
829.5730 	EXP 	Device response: <KeyPress from None: t=829.5656175, value=9, duration=None>
829.6714 	EXP 	Device response: <KeyPress from None: t=829.5656175, value=9, duration=0.0918927000000167>
830.4467 	DATA 	Mouse: Left button down, pos=(947,232)
830.4563 	EXP 	New trial (rep=8, index=15): <Trial 143 (15 in rep 8) data={'delay': 0.1, 'freq': 1000, 'condition': 'exp', 'thisN': 143, 'thisTrialN': 15, 'thisRepN': 8}>
830.4709 	EXP 	text: autoDraw = False
830.4709 	EXP 	textbox: autoDraw = False
830.4709 	EXP 	polygon: autoDraw = True
830.7057 	DATA 	Mouse:  Left button up, pos=(947,232)
830.7722 	DATA 	Mouse: Left button down, pos=(947,232)
830.9224 	DATA 	Mouse:  Left button up, pos=(947,232)
831.4707 	INFO 	Keyboard events cleared
831.4706 	EXP 	polygon: autoDraw = False
831.4706 	EXP 	polygon_2: autoDraw = True
834.2047 	EXP 	Device response: <KeyPress from None: t=834.1970021000001, value=space, duration=None>
834.2065 	DATA 	Keypress: space
834.2210 	EXP 	polygon: autoDraw = False
834.2210 	EXP 	polygon_2: autoDraw = False
834.2876 	EXP 	Sound sound_1 reached end of file
834.3040 	EXP 	Playing sound sound_1 on speaker Speakers (Realtek(R) Audio)
834.3713 	EXP 	Device response: <KeyPress from None: t=827.4139945999999, value=space, duration=6.950557500000059>
834.6065 	EXP 	Sound sound_1 stopped
834.6253 	EXP 	text: autoDraw = True
834.6253 	EXP 	textbox: autoDraw = True
835.8992 	DATA 	Keypress: 9
835.9068 	EXP 	Device response: <KeyPress from None: t=835.8960804, value=9, duration=None>
836.0727 	EXP 	Device response: <KeyPress from None: t=835.8960804, value=9, duration=0.17394420000005084>
836.1561 	DATA 	Keypress: 9
836.1573 	EXP 	Device response: <KeyPress from None: t=836.1554682, value=9, duration=None>
836.3050 	EXP 	Device response: <KeyPress from None: t=836.1554682, value=9, duration=0.13653790000012123>
836.4721 	DATA 	Keypress: 9
836.4736 	EXP 	Device response: <KeyPress from None: t=836.4667622999999, value=9, duration=None>
836.5391 	EXP 	Device response: <KeyPress from None: t=836.4667622999999, value=9, duration=0.06911990000003243>
838.1385 	DATA 	Mouse: Left button down, pos=(947,232)
838.1395 	EXP 	New trial (rep=9, index=0): <Trial 144 (0 in rep 9) data={'delay': 0.1, 'freq': 1000, 'condition': 'exp', 'thisN': 144, 'thisTrialN': 0, 'thisRepN': 9}>
838.1550 	EXP 	text: autoDraw = False
838.1550 	EXP 	textbox: autoDraw = False
838.1550 	EXP 	polygon: autoDraw = True
838.3722 	DATA 	Mouse:  Left button up, pos=(947,232)
838.4386 	DATA 	Mouse: Left button down, pos=(947,232)
838.6218 	DATA 	Mouse:  Left button up, pos=(947,232)
838.6720 	DATA 	Mouse: Left button down, pos=(947,232)
838.8393 	DATA 	Mouse:  Left button up, pos=(947,232)
839.1546 	INFO 	Keyboard events cleared
839.1545 	EXP 	polygon: autoDraw = False
839.1545 	EXP 	polygon_2: autoDraw = True
839.2711 	EXP 	Device response: <KeyPress from None: t=839.2695653, value=space, duration=None>
839.2730 	DATA 	Keypress: space
839.2874 	EXP 	polygon: autoDraw = False
839.2874 	EXP 	polygon_2: autoDraw = False
839.3544 	EXP 	Sound sound_1 reached end of file
839.3708 	EXP 	Playing sound sound_1 on speaker Speakers (Realtek(R) Audio)
839.4221 	EXP 	Device response: <KeyPress from None: t=834.1970021000001, value=space, duration=5.224377600000025>
839.6717 	EXP 	Sound sound_1 stopped
839.6902 	EXP 	text: autoDraw = True
839.6902 	EXP 	textbox: autoDraw = True
840.9284 	DATA 	Keypress: 9
840.9395 	EXP 	Device response: <KeyPress from None: t=840.9264694, value=9, duration=None>
841.2053 	EXP 	Device response: <KeyPress from None: t=840.9264694, value=9, duration=0.2705284999999549>
841.3090 	DATA 	Keypress: 9
841.3218 	EXP 	Device response: <KeyPress from None: t=841.3083886000001, value=9, duration=None>
841.4719 	EXP 	Device response: <KeyPress from None: t=841.3083886000001, value=9, duration=0.14980919999993603>
841.6051 	DATA 	Keypress: 9
841.6067 	EXP 	Device response: <KeyPress from None: t=841.5975638000001, value=9, duration=None>
841.7219 	EXP 	Device response: <KeyPress from None: t=841.5975638000001, value=9, duration=0.11285359999988032>
842.6135 	DATA 	Mouse: Left button down, pos=(947,232)
842.6224 	EXP 	New trial (rep=9, index=1): <Trial 145 (1 in rep 9) data={'delay': 0.4, 'freq': 1000, 'condition': 'exp', 'thisN': 145, 'thisTrialN': 1, 'thisRepN': 9}>
842.6378 	EXP 	text: autoDraw = False
842.6378 	EXP 	textbox: autoDraw = False
842.6378 	EXP 	polygon: autoDraw = True
842.7889 	DATA 	Mouse:  Left button up, pos=(947,232)
842.8560 	DATA 	Mouse: Left button down, pos=(947,232)
843.0888 	DATA 	Mouse:  Left button up, pos=(953,251)
843.6386 	INFO 	Keyboard events cleared
843.6385 	EXP 	polygon: autoDraw = False
843.6385 	EXP 	polygon_2: autoDraw = True
844.8049 	EXP 	Device response: <KeyPress from None: t=844.8003944000001, value=space, duration=None>
844.8068 	DATA 	Keypress: space
844.8220 	EXP 	polygon: autoDraw = False
844.8220 	EXP 	polygon_2: autoDraw = False
844.9721 	EXP 	Device response: <KeyPress from None: t=839.2695653, value=space, duration=5.685845299999983>
845.1879 	EXP 	Sound sound_1 reached end of file
845.2042 	EXP 	Playing sound sound_1 on speaker Speakers (Realtek(R) Audio)
845.5070 	EXP 	Sound sound_1 stopped
845.5260 	EXP 	text: autoDraw = True
845.5260 	EXP 	textbox: autoDraw = True
846.9526 	DATA 	Keypress: 9
846.9645 	EXP 	Device response: <KeyPress from None: t=846.9475006000001, value=9, duration=None>
847.0884 	EXP 	Device response: <KeyPress from None: t=846.9475006000001, value=9, duration=0.1373055999999906>
847.2051 	DATA 	Keypress: 9
847.2066 	EXP 	Device response: <KeyPress from None: t=847.2016014, value=9, duration=None>
847.3055 	EXP 	Device response: <KeyPress from None: t=847.2016014, value=9, duration=0.09814310000001569>
847.4970 	DATA 	Keypress: 9
847.5045 	EXP 	Device response: <KeyPress from None: t=847.4939178000001, value=9, duration=None>
847.5889 	EXP 	Device response: <KeyPress from None: t=847.4939178000001, value=9, duration=0.091451300000017>
848.4056 	DATA 	Mouse: Left button down, pos=(953,251)
848.4067 	EXP 	New trial (rep=9, index=2): <Trial 146 (2 in rep 9) data={'delay': 0.1, 'freq': 1000, 'condition': 'exp', 'thisN': 146, 'thisTrialN': 2, 'thisRepN': 9}>
848.4212 	EXP 	text: autoDraw = False
848.4212 	EXP 	textbox: autoDraw = False
848.4212 	EXP 	polygon: autoDraw = True
848.5719 	DATA 	Mouse:  Left button up, pos=(953,251)
848.6393 	DATA 	Mouse: Left button down, pos=(953,251)
848.8056 	DATA 	Mouse:  Left button up, pos=(953,251)
848.8721 	DATA 	Mouse: Left button down, pos=(953,251)
849.0388 	DATA 	Mouse:  Left button up, pos=(953,251)
849.4214 	INFO 	Keyboard events cleared
849.4212 	EXP 	polygon: autoDraw = False
849.4212 	EXP 	polygon_2: autoDraw = True
850.8721 	DATA 	Keypress: space
850.8879 	EXP 	Device response: <KeyPress from None: t=850.8713078, value=space, duration=None>
850.9049 	EXP 	polygon: autoDraw = False
850.9049 	EXP 	polygon_2: autoDraw = False
850.9378 	EXP 	Device response: <KeyPress from None: t=844.8003944000001, value=space, duration=6.126777100000027>
850.9716 	EXP 	Sound sound_1 reached end of file
850.9879 	EXP 	Playing sound sound_1 on speaker Speakers (Realtek(R) Audio)
851.2849 	EXP 	Sound sound_1 stopped
851.3033 	EXP 	text: autoDraw = True
851.3033 	EXP 	textbox: autoDraw = True
852.5858 	DATA 	Keypress: 0
852.5965 	EXP 	Device response: <KeyPress from None: t=852.5817827, value=0, duration=None>
852.7890 	EXP 	Device response: <KeyPress from None: t=852.5817827, value=0, duration=0.2035104000001411>
852.9589 	DATA 	Keypress: 0
852.9718 	EXP 	Device response: <KeyPress from None: t=852.9576824, value=0, duration=None>
853.1219 	EXP 	Device response: <KeyPress from None: t=852.9576824, value=0, duration=0.15183249999995496>
853.7437 	DATA 	Keypress: backspace
853.7552 	EXP 	Device response: <KeyPress from None: t=853.7407288999999, value=backspace, duration=None>
853.9576 	EXP 	Device response: <KeyPress from None: t=853.7407288999999, value=backspace, duration=0.20874860000003537>
854.0930 	DATA 	Keypress: backspace
854.1050 	EXP 	Device response: <KeyPress from None: t=854.0902829, value=backspace, duration=None>
854.2756 	EXP 	Device response: <KeyPress from None: t=854.0902829, value=backspace, duration=0.17669470000009824>
854.7289 	DATA 	Keypress: 9
854.7409 	EXP 	Device response: <KeyPress from None: t=854.7254537, value=9, duration=None>
854.8718 	EXP 	Device response: <KeyPress from None: t=854.7254537, value=9, duration=0.1339944999999716>
855.0051 	DATA 	Keypress: 9
855.0070 	EXP 	Device response: <KeyPress from None: t=855.0018147, value=9, duration=None>
855.0557 	EXP 	Device response: <KeyPress from None: t=855.0018147, value=9, duration=0.045936299999993935>
855.3882 	DATA 	Keypress: 9
855.3895 	EXP 	Device response: <KeyPress from None: t=855.3853241, value=9, duration=None>
855.5394 	EXP 	Device response: <KeyPress from None: t=855.3853241, value=9, duration=0.1389372999999523>
856.8890 	DATA 	Mouse: Left button down, pos=(953,251)
856.8898 	EXP 	New trial (rep=9, index=3): <Trial 147 (3 in rep 9) data={'delay': 0.7, 'freq': 1000, 'condition': 'exp', 'thisN': 147, 'thisTrialN': 3, 'thisRepN': 9}>
856.9043 	EXP 	text: autoDraw = False
856.9043 	EXP 	textbox: autoDraw = False
856.9043 	EXP 	polygon: autoDraw = True
857.1059 	DATA 	Mouse:  Left button up, pos=(953,251)
857.9054 	INFO 	Keyboard events cleared
857.9052 	EXP 	polygon: autoDraw = False
857.9052 	EXP 	polygon_2: autoDraw = True
858.1718 	EXP 	Device response: <KeyPress from None: t=858.1646704000001, value=space, duration=None>
858.1735 	DATA 	Keypress: space
858.1881 	EXP 	polygon: autoDraw = False
858.1881 	EXP 	polygon_2: autoDraw = False
858.3879 	EXP 	Device response: <KeyPress from None: t=850.8713078, value=space, duration=7.51087920000009>
858.8546 	EXP 	Sound sound_1 reached end of file
858.8710 	EXP 	Playing sound sound_1 on speaker Speakers (Realtek(R) Audio)
859.1711 	EXP 	Sound sound_1 stopped
859.1891 	EXP 	text: autoDraw = True
859.1891 	EXP 	textbox: autoDraw = True
860.7056 	DATA 	Keypress: 9
860.7076 	EXP 	Device response: <KeyPress from None: t=860.7013632, value=9, duration=None>
860.8720 	EXP 	Device response: <KeyPress from None: t=860.7013632, value=9, duration=0.16008800000008705>
860.9806 	DATA 	Keypress: 9
860.9894 	EXP 	Device response: <KeyPress from None: t=860.9770189, value=9, duration=None>
861.0901 	EXP 	Device response: <KeyPress from None: t=860.9770189, value=9, duration=0.10379980000016076>
861.2215 	DATA 	Keypress: 9
861.2228 	EXP 	Device response: <KeyPress from None: t=861.2123740000001, value=9, duration=None>
861.3051 	EXP 	Device response: <KeyPress from None: t=861.2123740000001, value=9, duration=0.08001369999988128>
862.0725 	DATA 	Mouse: Left button down, pos=(953,251)
862.0733 	EXP 	New trial (rep=9, index=4): <Trial 148 (4 in rep 9) data={'delay': 0.1, 'freq': 1000, 'condition': 'exp', 'thisN': 148, 'thisTrialN': 4, 'thisRepN': 9}>
862.0879 	EXP 	text: autoDraw = False
862.0879 	EXP 	textbox: autoDraw = False
862.0879 	EXP 	polygon: autoDraw = True
862.3223 	DATA 	Mouse:  Left button up, pos=(953,251)
863.0907 	INFO 	Keyboard events cleared
863.0905 	EXP 	polygon: autoDraw = False
863.0905 	EXP 	polygon_2: autoDraw = True
863.3221 	EXP 	Device response: <KeyPress from None: t=863.3170749, value=space, duration=None>
863.3238 	DATA 	Keypress: space
863.3379 	EXP 	polygon: autoDraw = False
863.3379 	EXP 	polygon_2: autoDraw = False
863.4213 	EXP 	Sound sound_1 reached end of file
863.4377 	EXP 	Playing sound sound_1 on speaker Speakers (Realtek(R) Audio)
863.5049 	EXP 	Device response: <KeyPress from None: t=858.1646704000001, value=space, duration=5.326171400000021>
863.7333 	EXP 	Sound sound_1 stopped
863.7513 	EXP 	text: autoDraw = True
863.7513 	EXP 	textbox: autoDraw = True
865.1163 	DATA 	Keypress: 7
865.1270 	EXP 	Device response: <KeyPress from None: t=865.1143925, value=7, duration=None>
865.3055 	EXP 	Device response: <KeyPress from None: t=865.1143925, value=7, duration=0.18265919999998914>
866.7591 	DATA 	Keypress: 5
866.7716 	EXP 	Device response: <KeyPress from None: t=866.7563331, value=5, duration=None>
866.8882 	EXP 	Device response: <KeyPress from None: t=866.7563331, value=5, duration=0.11996139999996558>
867.3222 	DATA 	Keypress: 0
867.3235 	EXP 	Device response: <KeyPress from None: t=867.3137059, value=0, duration=None>
867.5048 	EXP 	Device response: <KeyPress from None: t=867.3137059, value=0, duration=0.18165190000013354>
869.3100 	DATA 	Mouse: Left button down, pos=(970,207)
869.3224 	EXP 	New trial (rep=9, index=5): <Trial 149 (5 in rep 9) data={'delay': 0.7, 'freq': 1000, 'condition': 'exp', 'thisN': 149, 'thisTrialN': 5, 'thisRepN': 9}>
869.3379 	EXP 	text: autoDraw = False
869.3379 	EXP 	textbox: autoDraw = False
869.3379 	EXP 	polygon: autoDraw = True
869.5399 	DATA 	Mouse:  Left button up, pos=(970,207)
870.3214 	INFO 	Keyboard events cleared
870.3213 	EXP 	polygon_2: autoDraw = True
870.3386 	EXP 	polygon: autoDraw = False
874.7220 	EXP 	Device response: <KeyPress from None: t=874.7105674000001, value=y, duration=None>
874.7230 	DATA 	Keypress: y
875.0380 	EXP 	Device response: <KeyPress from None: t=874.7105674000001, value=y, duration=0.3189359999998942>
875.1885 	EXP 	Device response: <KeyPress from None: t=875.1842634999999, value=space, duration=None>
875.1903 	DATA 	Keypress: space
875.2050 	EXP 	polygon: autoDraw = False
875.2050 	EXP 	polygon_2: autoDraw = False
875.3550 	EXP 	Device response: <KeyPress from None: t=863.3170749, value=space, duration=12.031525999999985>
875.8717 	EXP 	Sound sound_1 reached end of file
875.8881 	EXP 	Playing sound sound_1 on speaker Speakers (Realtek(R) Audio)
876.1828 	EXP 	Sound sound_1 stopped
876.2012 	EXP 	text: autoDraw = True
876.2012 	EXP 	textbox: autoDraw = True
877.8817 	DATA 	Keypress: 9
877.8832 	EXP 	Device response: <KeyPress from None: t=877.8763581, value=9, duration=None>
878.0719 	EXP 	Device response: <KeyPress from None: t=877.8763581, value=9, duration=0.17940950000001976>
878.1685 	DATA 	Keypress: 9
878.1763 	EXP 	Device response: <KeyPress from None: t=878.1666507000001, value=9, duration=None>
878.3078 	EXP 	Device response: <KeyPress from None: t=878.1666507000001, value=9, duration=0.13988929999982247>
878.3884 	DATA 	Keypress: 9
878.3905 	EXP 	Device response: <KeyPress from None: t=878.386093, value=9, duration=None>
878.5719 	EXP 	Device response: <KeyPress from None: t=878.386093, value=9, duration=0.1742891999999756>
879.8221 	DATA 	Mouse: Left button down, pos=(974,243)
879.8232 	EXP 	New trial (rep=9, index=6): <Trial 150 (6 in rep 9) data={'delay': 0.4, 'freq': 1000, 'condition': 'exp', 'thisN': 150, 'thisTrialN': 6, 'thisRepN': 9}>
879.8378 	EXP 	text: autoDraw = False
879.8378 	EXP 	textbox: autoDraw = False
879.8378 	EXP 	polygon: autoDraw = True
879.9401 	DATA 	Mouse:  Left button up, pos=(974,243)
880.8381 	INFO 	Keyboard events cleared
880.8379 	EXP 	polygon: autoDraw = False
880.8379 	EXP 	polygon_2: autoDraw = True
882.5718 	EXP 	Device response: <KeyPress from None: t=882.5673776, value=space, duration=None>
882.5737 	DATA 	Keypress: space
882.5877 	EXP 	polygon: autoDraw = False
882.5877 	EXP 	polygon_2: autoDraw = False
882.7215 	EXP 	Device response: <KeyPress from None: t=875.1842634999999, value=space, duration=7.520816599999989>
882.9548 	EXP 	Sound sound_1 reached end of file
882.9711 	EXP 	Playing sound sound_1 on speaker Speakers (Realtek(R) Audio)
883.2664 	EXP 	Sound sound_1 stopped
883.2850 	EXP 	text: autoDraw = True
883.2850 	EXP 	textbox: autoDraw = True
886.1625 	DATA 	Keypress: space
886.1647 	EXP 	Device response: <KeyPress from None: t=886.1597187000001, value=space, duration=None>
886.3077 	EXP 	Device response: <KeyPress from None: t=882.5673776, value=space, duration=3.7228741000001264>
896.0429 	DATA 	Keypress: space
896.0556 	EXP 	Device response: <KeyPress from None: t=896.0422664000001, value=space, duration=None>
896.2068 	EXP 	Device response: <KeyPress from None: t=886.1597187000001, value=space, duration=10.04561579999995>
897.4931 	DATA 	Keypress: 9
897.5053 	EXP 	Device response: <KeyPress from None: t=897.4893126000001, value=9, duration=None>
897.7052 	EXP 	Device response: <KeyPress from None: t=897.4893126000001, value=9, duration=0.20238979999999174>
897.7884 	DATA 	Keypress: 9
897.7899 	EXP 	Device response: <KeyPress from None: t=897.7803026, value=9, duration=None>
897.9058 	EXP 	Device response: <KeyPress from None: t=897.7803026, value=9, duration=0.12253519999990203>
897.9884 	DATA 	Keypress: 9
897.9901 	EXP 	Device response: <KeyPress from None: t=897.9857291, value=9, duration=None>
898.0893 	EXP 	Device response: <KeyPress from None: t=897.9857291, value=9, duration=0.10227350000013757>
900.1556 	DATA 	Mouse: Left button down, pos=(1096,266)
900.1565 	EXP 	New trial (rep=9, index=7): <Trial 151 (7 in rep 9) data={'delay': 0.4, 'freq': 1000, 'condition': 'exp', 'thisN': 151, 'thisTrialN': 7, 'thisRepN': 9}>
900.1720 	EXP 	text: autoDraw = False
900.1720 	EXP 	textbox: autoDraw = False
900.1720 	EXP 	polygon: autoDraw = True
900.3901 	DATA 	Mouse:  Left button up, pos=(1096,266)
901.1554 	EXP 	Device response: <KeyPress from None: t=901.1468532, value=space, duration=None>
901.1566 	DATA 	Keypress: space
901.1714 	INFO 	Keyboard events cleared
901.1713 	EXP 	polygon: autoDraw = False
901.1713 	EXP 	polygon_2: autoDraw = True
901.2384 	EXP 	Device response: <KeyPress from None: t=896.0422664000001, value=space, duration=5.193209299999808>
901.7063 	DATA 	Keypress: space
901.7217 	EXP 	Device response: <KeyPress from None: t=901.7052396, value=space, duration=None>
901.7377 	EXP 	polygon: autoDraw = False
901.7377 	EXP 	polygon_2: autoDraw = False
901.8561 	EXP 	Device response: <KeyPress from None: t=901.1468532, value=space, duration=0.7055101999999351>
902.1057 	EXP 	Sound sound_1 reached end of file
902.1219 	EXP 	Playing sound sound_1 on speaker Speakers (Realtek(R) Audio)
902.4198 	EXP 	Sound sound_1 stopped
902.4380 	EXP 	text: autoDraw = True
902.4380 	EXP 	textbox: autoDraw = True
902.7155 	DATA 	Keypress: 9
902.7235 	EXP 	Device response: <KeyPress from None: t=902.7143231000001, value=9, duration=None>
902.8231 	EXP 	Device response: <KeyPress from None: t=902.7143231000001, value=9, duration=0.1020118999999795>
902.9422 	DATA 	Keypress: 9
902.9552 	EXP 	Device response: <KeyPress from None: t=902.9396668, value=9, duration=None>
903.0387 	EXP 	Device response: <KeyPress from None: t=902.9396668, value=9, duration=0.08315199999992728>
903.6056 	DATA 	Keypress: 9
903.6078 	EXP 	Device response: <KeyPress from None: t=903.5980691000001, value=9, duration=None>
903.7720 	EXP 	Device response: <KeyPress from None: t=903.5980691000001, value=9, duration=0.15965929999993023>
904.7132 	DATA 	Mouse: Left button down, pos=(1096,266)
904.7226 	EXP 	New trial (rep=9, index=8): <Trial 152 (8 in rep 9) data={'delay': 0.1, 'freq': 400, 'condition': 'unexp', 'thisN': 152, 'thisTrialN': 8, 'thisRepN': 9}>
904.7385 	EXP 	text: autoDraw = False
904.7385 	EXP 	textbox: autoDraw = False
904.7385 	EXP 	polygon: autoDraw = True
904.8056 	DATA 	Mouse:  Left button up, pos=(1096,266)
904.9896 	DATA 	Keypress: lctrl
905.7381 	INFO 	Keyboard events cleared
905.7380 	EXP 	polygon: autoDraw = False
905.7380 	EXP 	polygon_2: autoDraw = True
906.1221 	EXP 	Device response: <KeyPress from None: t=906.1210629000001, value=space, duration=None>
906.1240 	DATA 	Keypress: space
906.1380 	EXP 	polygon: autoDraw = False
906.1380 	EXP 	polygon_2: autoDraw = False
906.2054 	EXP 	Sound sound_1 reached end of file
906.2218 	EXP 	Playing sound sound_1 on speaker Speakers (Realtek(R) Audio)
906.3055 	EXP 	Device response: <KeyPress from None: t=901.7052396, value=space, duration=4.588482699999986>
906.5240 	EXP 	Sound sound_1 stopped
906.5428 	EXP 	text: autoDraw = True
906.5428 	EXP 	textbox: autoDraw = True
907.5929 	DATA 	Keypress: 3
907.6037 	EXP 	Device response: <KeyPress from None: t=907.5894333, value=3, duration=None>
907.6726 	EXP 	Device response: <KeyPress from None: t=907.5894333, value=3, duration=0.07648569999992105>
907.9886 	DATA 	Keypress: 5
907.9902 	EXP 	Device response: <KeyPress from None: t=907.9825383000001, value=5, duration=None>
908.0732 	EXP 	Device response: <KeyPress from None: t=907.9825383000001, value=5, duration=0.08755759999985457>
908.5129 	DATA 	Keypress: 0
908.5217 	EXP 	Device response: <KeyPress from None: t=908.5118533000001, value=0, duration=None>
908.6061 	EXP 	Device response: <KeyPress from None: t=908.5118533000001, value=0, duration=0.09161469999980909>
909.1727 	DATA 	Mouse: Left button down, pos=(1096,266)
909.1736 	EXP 	New trial (rep=9, index=9): <Trial 153 (9 in rep 9) data={'delay': 0.1, 'freq': 400, 'condition': 'unexp', 'thisN': 153, 'thisTrialN': 9, 'thisRepN': 9}>
909.1884 	EXP 	text: autoDraw = False
909.1884 	EXP 	textbox: autoDraw = False
909.1884 	EXP 	polygon: autoDraw = True
909.2559 	DATA 	Mouse:  Left button up, pos=(1096,266)
910.1885 	INFO 	Keyboard events cleared
910.1883 	EXP 	polygon: autoDraw = False
910.1883 	EXP 	polygon_2: autoDraw = True
910.5585 	EXP 	Device response: <KeyPress from None: t=910.5555138999999, value=space, duration=None>
910.5605 	DATA 	Keypress: space
910.5735 	EXP 	polygon: autoDraw = False
910.5735 	EXP 	polygon_2: autoDraw = False
910.6569 	EXP 	Sound sound_1 reached end of file
910.6732 	EXP 	Playing sound sound_1 on speaker Speakers (Realtek(R) Audio)
910.7572 	EXP 	Device response: <KeyPress from None: t=906.1210629000001, value=space, duration=4.629509799999823>
910.9684 	EXP 	Sound sound_1 stopped
910.9886 	EXP 	text: autoDraw = True
910.9886 	EXP 	textbox: autoDraw = True
911.7691 	DATA 	Keypress: 3
911.7765 	EXP 	Device response: <KeyPress from None: t=911.7648485000001, value=3, duration=None>
911.8552 	EXP 	Device response: <KeyPress from None: t=911.7648485000001, value=3, duration=0.07709669999985636>
912.1721 	DATA 	Keypress: 5
912.1736 	EXP 	Device response: <KeyPress from None: t=912.1656574, value=5, duration=None>
912.2563 	EXP 	Device response: <KeyPress from None: t=912.1656574, value=5, duration=0.08591279999996004>
912.6629 	DATA 	Keypress: 0
912.6718 	EXP 	Device response: <KeyPress from None: t=912.6592830000001, value=0, duration=None>
912.7884 	EXP 	Device response: <KeyPress from None: t=912.6592830000001, value=0, duration=0.11384539999994558>
913.9057 	DATA 	Mouse: Left button down, pos=(997,236)
913.9067 	EXP 	New trial (rep=9, index=10): <Trial 154 (10 in rep 9) data={'delay': 0.7, 'freq': 1000, 'condition': 'exp', 'thisN': 154, 'thisTrialN': 10, 'thisRepN': 9}>
913.9225 	EXP 	text: autoDraw = False
913.9225 	EXP 	textbox: autoDraw = False
913.9225 	EXP 	polygon: autoDraw = True
914.1221 	DATA 	Mouse:  Left button up, pos=(997,236)
914.9058 	EXP 	Device response: <KeyPress from None: t=914.9031049000001, value=space, duration=None>
914.9071 	DATA 	Keypress: space
914.9213 	INFO 	Keyboard events cleared
914.9212 	EXP 	polygon: autoDraw = False
914.9212 	EXP 	polygon_2: autoDraw = True
915.0386 	EXP 	Device response: <KeyPress from None: t=910.5555138999999, value=space, duration=4.475527000000056>
915.6246 	EXP 	Device response: <KeyPress from None: t=915.6224113, value=space, duration=None>
915.6266 	DATA 	Keypress: space
915.6405 	EXP 	polygon: autoDraw = False
915.6405 	EXP 	polygon_2: autoDraw = False
915.7409 	EXP 	Device response: <KeyPress from None: t=914.9031049000001, value=space, duration=0.8372419999998328>
916.3241 	EXP 	Sound sound_1 reached end of file
916.3404 	EXP 	Playing sound sound_1 on speaker Speakers (Realtek(R) Audio)
916.6412 	EXP 	Sound sound_1 stopped
916.6579 	EXP 	text: autoDraw = True
916.6579 	EXP 	textbox: autoDraw = True
917.0300 	DATA 	Keypress: 9
917.0406 	EXP 	Device response: <KeyPress from None: t=917.0227633999999, value=9, duration=None>
917.1885 	EXP 	Device response: <KeyPress from None: t=917.0227633999999, value=9, duration=0.15073510000001988>
917.3477 	DATA 	Keypress: 9
917.3557 	EXP 	Device response: <KeyPress from None: t=917.3439910999999, value=9, duration=None>
917.4554 	EXP 	Device response: <KeyPress from None: t=917.3439910999999, value=9, duration=0.10172910000005686>
917.5292 	DATA 	Keypress: 9
917.5386 	EXP 	Device response: <KeyPress from None: t=917.5284674999999, value=9, duration=None>
917.6232 	EXP 	Device response: <KeyPress from None: t=917.5284674999999, value=9, duration=0.08840700000018842>
918.4275 	DATA 	Mouse: Left button down, pos=(997,236)
918.4390 	EXP 	New trial (rep=9, index=11): <Trial 155 (11 in rep 9) data={'delay': 0.4, 'freq': 400, 'condition': 'unexp', 'thisN': 155, 'thisTrialN': 11, 'thisRepN': 9}>
918.4548 	EXP 	text: autoDraw = False
918.4548 	EXP 	textbox: autoDraw = False
918.4548 	EXP 	polygon: autoDraw = True
918.6562 	DATA 	Mouse:  Left button up, pos=(997,236)
918.7059 	DATA 	Mouse: Left button down, pos=(997,236)
918.8733 	DATA 	Mouse:  Left button up, pos=(997,236)
918.9895 	EXP 	Device response: <KeyPress from None: t=918.9805468999999, value=space, duration=None>
918.9908 	DATA 	Keypress: space
919.2887 	EXP 	Device response: <KeyPress from None: t=915.6224113, value=space, duration=3.663824599999998>
919.4386 	INFO 	Keyboard events cleared
919.4385 	EXP 	polygon_2: autoDraw = True
919.4547 	EXP 	polygon: autoDraw = False
919.8050 	EXP 	Device response: <KeyPress from None: t=919.7907475000001, value=space, duration=None>
919.8064 	DATA 	Keypress: space
919.8219 	EXP 	polygon: autoDraw = False
919.8219 	EXP 	polygon_2: autoDraw = False
919.8720 	EXP 	Device response: <KeyPress from None: t=918.9805468999999, value=space, duration=0.8760197999999946>
920.1902 	EXP 	Sound sound_1 reached end of file
920.2065 	EXP 	Playing sound sound_1 on speaker Speakers (Realtek(R) Audio)
920.5060 	EXP 	Sound sound_1 stopped
920.5267 	EXP 	text: autoDraw = True
920.5267 	EXP 	textbox: autoDraw = True
921.6538 	DATA 	Keypress: 3
921.6617 	EXP 	Device response: <KeyPress from None: t=921.6530053, value=3, duration=None>
921.7234 	EXP 	Device response: <KeyPress from None: t=921.6530053, value=3, duration=0.06955379999999423>
921.9055 	DATA 	Keypress: 5
921.9067 	EXP 	Device response: <KeyPress from None: t=921.898331, value=5, duration=None>
921.9900 	EXP 	Device response: <KeyPress from None: t=921.898331, value=5, duration=0.08188919999997779>
922.2969 	DATA 	Keypress: 0
922.3053 	EXP 	Device response: <KeyPress from None: t=922.2963725999999, value=0, duration=None>
922.4062 	EXP 	Device response: <KeyPress from None: t=922.2963725999999, value=0, duration=0.10068380000006982>
922.8437 	DATA 	Mouse: Left button down, pos=(997,236)
922.8557 	EXP 	New trial (rep=9, index=12): <Trial 156 (12 in rep 9) data={'delay': 0.4, 'freq': 1000, 'condition': 'exp', 'thisN': 156, 'thisTrialN': 12, 'thisRepN': 9}>
922.8715 	EXP 	text: autoDraw = False
922.8715 	EXP 	textbox: autoDraw = False
922.8715 	EXP 	polygon: autoDraw = True
922.9563 	DATA 	Mouse:  Left button up, pos=(997,236)
923.8550 	INFO 	Keyboard events cleared
923.8549 	EXP 	polygon_2: autoDraw = True
923.8715 	EXP 	polygon: autoDraw = False
923.9548 	EXP 	Device response: <KeyPress from None: t=923.9483957000001, value=space, duration=None>
923.9565 	DATA 	Keypress: space
923.9715 	EXP 	polygon: autoDraw = False
923.9715 	EXP 	polygon_2: autoDraw = False
924.0891 	EXP 	Device response: <KeyPress from None: t=919.7907475000001, value=space, duration=4.2931478000000425>
924.3397 	EXP 	Sound sound_1 reached end of file
924.3560 	EXP 	Playing sound sound_1 on speaker Speakers (Realtek(R) Audio)
924.6573 	EXP 	Sound sound_1 stopped
924.6751 	EXP 	text: autoDraw = True
924.6751 	EXP 	textbox: autoDraw = True
925.2154 	DATA 	Keypress: 9
925.2267 	EXP 	Device response: <KeyPress from None: t=925.2088114, value=9, duration=None>
925.2883 	EXP 	Device response: <KeyPress from None: t=925.2088114, value=9, duration=0.0657966999999644>
925.3801 	DATA 	Keypress: 9
925.3886 	EXP 	Device response: <KeyPress from None: t=925.3771008, value=9, duration=None>
925.4720 	EXP 	Device response: <KeyPress from None: t=925.3771008, value=9, duration=0.08191290000013396>
925.5556 	DATA 	Keypress: 9
925.5568 	EXP 	Device response: <KeyPress from None: t=925.5537941000001, value=9, duration=None>
925.6056 	EXP 	Device response: <KeyPress from None: t=925.5537941000001, value=9, duration=0.04181619999985742>
926.5630 	DATA 	Mouse: Left button down, pos=(997,236)
926.5730 	EXP 	New trial (rep=9, index=13): <Trial 157 (13 in rep 9) data={'delay': 0.7, 'freq': 1000, 'condition': 'exp', 'thisN': 157, 'thisTrialN': 13, 'thisRepN': 9}>
926.5884 	EXP 	text: autoDraw = False
926.5884 	EXP 	textbox: autoDraw = False
926.5884 	EXP 	polygon: autoDraw = True
926.8396 	DATA 	Mouse:  Left button up, pos=(997,236)
926.9057 	DATA 	Mouse: Left button down, pos=(997,236)
927.0731 	DATA 	Mouse:  Left button up, pos=(997,236)
927.5721 	EXP 	Device response: <KeyPress from None: t=927.5599713, value=space, duration=None>
927.5729 	DATA 	Keypress: space
927.5885 	INFO 	Keyboard events cleared
927.5883 	EXP 	polygon: autoDraw = False
927.5883 	EXP 	polygon_2: autoDraw = True
927.7219 	EXP 	Device response: <KeyPress from None: t=923.9483957000001, value=space, duration=3.762526699999853>
928.0580 	EXP 	Device response: <KeyPress from None: t=928.0507799000001, value=space, duration=None>
928.0600 	DATA 	Keypress: space
928.0728 	EXP 	polygon: autoDraw = False
928.0728 	EXP 	polygon_2: autoDraw = False
928.1740 	EXP 	Device response: <KeyPress from None: t=927.5599713, value=space, duration=0.6057318999999097>
928.7566 	EXP 	Sound sound_1 reached end of file
928.7729 	EXP 	Playing sound sound_1 on speaker Speakers (Realtek(R) Audio)
929.0743 	EXP 	Sound sound_1 stopped
929.0942 	EXP 	text: autoDraw = True
929.0942 	EXP 	textbox: autoDraw = True
929.4827 	DATA 	Keypress: 9
929.4942 	EXP 	Device response: <KeyPress from None: t=929.4763859999999, value=9, duration=None>
929.6063 	EXP 	Device response: <KeyPress from None: t=929.4763859999999, value=9, duration=0.126537800000051>
929.7057 	DATA 	Keypress: 9
929.7071 	EXP 	Device response: <KeyPress from None: t=929.6964732, value=9, duration=None>
929.7887 	EXP 	Device response: <KeyPress from None: t=929.6964732, value=9, duration=0.0769162999999935>
929.8890 	DATA 	Keypress: 9
929.8908 	EXP 	Device response: <KeyPress from None: t=929.8810328999999, value=9, duration=None>
929.9391 	EXP 	Device response: <KeyPress from None: t=929.8810328999999, value=9, duration=0.05611110000018016>
930.7930 	DATA 	Mouse: Left button down, pos=(997,236)
930.8061 	EXP 	New trial (rep=9, index=14): <Trial 158 (14 in rep 9) data={'delay': 0.7, 'freq': 400, 'condition': 'unexp', 'thisN': 158, 'thisTrialN': 14, 'thisRepN': 9}>
930.8218 	EXP 	text: autoDraw = False
930.8218 	EXP 	textbox: autoDraw = False
930.8218 	EXP 	polygon: autoDraw = True
931.0392 	DATA 	Mouse:  Left button up, pos=(997,236)
931.1066 	DATA 	Mouse: Left button down, pos=(997,236)
931.2571 	DATA 	Mouse:  Left button up, pos=(997,236)
931.8220 	INFO 	Keyboard events cleared
931.8218 	EXP 	polygon: autoDraw = False
931.8218 	EXP 	polygon_2: autoDraw = True
932.2076 	EXP 	Device response: <KeyPress from None: t=932.2044429000001, value=space, duration=None>
932.2097 	DATA 	Keypress: space
932.2236 	EXP 	polygon: autoDraw = False
932.2236 	EXP 	polygon_2: autoDraw = False
932.4067 	EXP 	Device response: <KeyPress from None: t=928.0507799000001, value=space, duration=4.341835199999878>
932.9074 	EXP 	Sound sound_1 reached end of file
932.9234 	EXP 	Playing sound sound_1 on speaker Speakers (Realtek(R) Audio)
933.2233 	EXP 	Sound sound_1 stopped
933.2461 	EXP 	text: autoDraw = True
933.2461 	EXP 	textbox: autoDraw = True
933.8187 	DATA 	Keypress: 9
933.8265 	EXP 	Device response: <KeyPress from None: t=933.8175807000001, value=9, duration=None>
933.9719 	EXP 	Device response: <KeyPress from None: t=933.8175807000001, value=9, duration=0.1397602999998071>
934.0634 	DATA 	Keypress: 9
934.0723 	EXP 	Device response: <KeyPress from None: t=934.0617331, value=9, duration=None>
934.1725 	EXP 	Device response: <KeyPress from None: t=934.0617331, value=9, duration=0.1007520000000568>
934.4962 	DATA 	Keypress: 9
934.5051 	EXP 	Device response: <KeyPress from None: t=934.4953193, value=9, duration=None>
934.5893 	EXP 	Device response: <KeyPress from None: t=934.4953193, value=9, duration=0.0868623999999727>
934.8435 	DATA 	Keypress: backspace
934.8552 	EXP 	Device response: <KeyPress from None: t=934.8425461, value=backspace, duration=None>
934.9898 	EXP 	Device response: <KeyPress from None: t=934.8425461, value=backspace, duration=0.14484730000003765>
935.0722 	DATA 	Keypress: backspace
935.0738 	EXP 	Device response: <KeyPress from None: t=935.0709952000001, value=backspace, duration=None>
935.1729 	EXP 	Device response: <KeyPress from None: t=935.0709952000001, value=backspace, duration=0.09865869999998722>
935.2560 	DATA 	Keypress: backspace
935.2569 	EXP 	Device response: <KeyPress from None: t=935.2553546, value=backspace, duration=None>
935.3571 	EXP 	Device response: <KeyPress from None: t=935.2553546, value=backspace, duration=0.09172220000004927>
935.4411 	DATA 	Keypress: backspace
935.4416 	EXP 	Device response: <KeyPress from None: t=935.4383268, value=backspace, duration=None>
935.5425 	EXP 	Device response: <KeyPress from None: t=935.4383268, value=backspace, duration=0.0971962999999505>
936.1390 	DATA 	Keypress: 3
936.1408 	EXP 	Device response: <KeyPress from None: t=936.1337155, value=3, duration=None>
936.3060 	EXP 	Device response: <KeyPress from None: t=936.1337155, value=3, duration=0.16870210000001862>
936.4889 	DATA 	Keypress: 5
936.4901 	EXP 	Device response: <KeyPress from None: t=936.4866959, value=5, duration=None>
936.6266 	DATA 	Keypress: 0
936.6387 	EXP 	Device response: <KeyPress from None: t=936.6259277, value=0, duration=None>
936.6887 	EXP 	Device response: <KeyPress from None: t=936.4866959, value=5, duration=0.19048530000009123>
936.7888 	EXP 	Device response: <KeyPress from None: t=936.6259277, value=0, duration=0.14787759999990158>
937.7786 	DATA 	Mouse: Left button down, pos=(989,247)
937.7893 	EXP 	New trial (rep=9, index=15): <Trial 159 (15 in rep 9) data={'delay': 0.1, 'freq': 1000, 'condition': 'exp', 'thisN': 159, 'thisTrialN': 15, 'thisRepN': 9}>
937.8062 	EXP 	text: autoDraw = False
937.8062 	EXP 	textbox: autoDraw = False
937.8062 	EXP 	polygon: autoDraw = True
938.0056 	DATA 	Mouse:  Left button up, pos=(989,247)
938.0742 	DATA 	Mouse: Left button down, pos=(989,247)
938.1560 	DATA 	Mouse:  Left button up, pos=(989,247)
938.8052 	INFO 	Keyboard events cleared
938.8051 	EXP 	polygon_2: autoDraw = True
938.8220 	EXP 	polygon: autoDraw = False
939.0386 	EXP 	Device response: <KeyPress from None: t=939.0283389, value=space, duration=None>
939.0403 	DATA 	Keypress: space
939.0546 	EXP 	polygon: autoDraw = False
939.0546 	EXP 	polygon_2: autoDraw = False
939.1215 	EXP 	Sound sound_1 reached end of file
939.1379 	EXP 	Playing sound sound_1 on speaker Speakers (Realtek(R) Audio)
939.2216 	EXP 	Device response: <KeyPress from None: t=932.2044429000001, value=space, duration=7.014862099999846>
939.4397 	EXP 	Sound sound_1 stopped
939.4614 	EXP 	text: autoDraw = True
939.4614 	EXP 	textbox: autoDraw = True
939.9468 	DATA 	Keypress: 9
939.9585 	EXP 	Device response: <KeyPress from None: t=939.9453957, value=9, duration=None>
940.0560 	EXP 	Device response: <KeyPress from None: t=939.9453957, value=9, duration=0.10729890000015985>
940.1555 	DATA 	Keypress: 9
940.1569 	EXP 	Device response: <KeyPress from None: t=940.1486398999999, value=9, duration=None>
940.2400 	EXP 	Device response: <KeyPress from None: t=940.1486398999999, value=9, duration=0.08392720000006193>
940.3222 	DATA 	Keypress: 9
940.3236 	EXP 	Device response: <KeyPress from None: t=940.3192207000001, value=9, duration=None>
940.3891 	EXP 	Device response: <KeyPress from None: t=940.3192207000001, value=9, duration=0.06603359999985514>
941.4968 	DATA 	Mouse: Left button down, pos=(997,165)
941.5059 	EXP 	New trial (rep=10, index=0): <Trial 160 (0 in rep 10) data={'delay': 0.7, 'freq': 1000, 'condition': 'exp', 'thisN': 160, 'thisTrialN': 0, 'thisRepN': 10}>
941.5220 	EXP 	text: autoDraw = False
941.5220 	EXP 	textbox: autoDraw = False
941.5220 	EXP 	polygon: autoDraw = True
942.5044 	INFO 	Keyboard events cleared
942.5042 	EXP 	polygon_2: autoDraw = True
942.5386 	EXP 	polygon: autoDraw = False
943.2224 	DATA 	Mouse:  Left button up, pos=(997,165)
943.2716 	EXP 	Device response: <KeyPress from None: t=943.2679743, value=space, duration=None>
943.2731 	DATA 	Keypress: space
943.2887 	EXP 	polygon: autoDraw = False
943.2887 	EXP 	polygon_2: autoDraw = False
943.4552 	EXP 	Device response: <KeyPress from None: t=939.0283389, value=space, duration=4.422315000000026>
943.9566 	EXP 	Sound sound_1 reached end of file
943.9728 	EXP 	Playing sound sound_1 on speaker Speakers (Realtek(R) Audio)
944.2727 	EXP 	Sound sound_1 stopped
944.2911 	EXP 	text: autoDraw = True
944.2911 	EXP 	textbox: autoDraw = True
947.0218 	DATA 	Keypress: 9
947.0237 	EXP 	Device response: <KeyPress from None: t=947.0205331000001, value=9, duration=None>
947.1217 	EXP 	Device response: <KeyPress from None: t=947.0205331000001, value=9, duration=0.0904057999998713>
947.2303 	DATA 	Keypress: 9
947.2391 	EXP 	Device response: <KeyPress from None: t=947.2284123999999, value=9, duration=None>
947.3054 	EXP 	Device response: <KeyPress from None: t=947.2284123999999, value=9, duration=0.06799680000017361>
947.4221 	DATA 	Keypress: 9
947.4239 	EXP 	Device response: <KeyPress from None: t=947.4149080000001, value=9, duration=None>
947.4886 	EXP 	Device response: <KeyPress from None: t=947.4149080000001, value=9, duration=0.060920799999848896>
948.6270 	DATA 	Mouse: Left button down, pos=(1000,203)
948.6393 	EXP 	New trial (rep=10, index=1): <Trial 161 (1 in rep 10) data={'delay': 0.1, 'freq': 1000, 'condition': 'exp', 'thisN': 161, 'thisTrialN': 1, 'thisRepN': 10}>
948.6549 	EXP 	text: autoDraw = False
948.6549 	EXP 	textbox: autoDraw = False
948.6549 	EXP 	polygon: autoDraw = True
948.8564 	DATA 	Mouse:  Left button up, pos=(1000,203)
949.6408 	INFO 	Keyboard events cleared
949.6407 	EXP 	polygon_2: autoDraw = True
949.6573 	EXP 	polygon: autoDraw = False
950.2068 	EXP 	Device response: <KeyPress from None: t=950.1928795, value=space, duration=None>
950.2088 	DATA 	Keypress: space
950.2233 	EXP 	polygon: autoDraw = False
950.2233 	EXP 	polygon_2: autoDraw = False
950.2905 	EXP 	Sound sound_1 reached end of file
950.3068 	EXP 	Playing sound sound_1 on speaker Speakers (Realtek(R) Audio)
950.3243 	EXP 	Device response: <KeyPress from None: t=943.2679743, value=space, duration=7.050547199999983>
950.6094 	EXP 	Sound sound_1 stopped
950.6291 	EXP 	text: autoDraw = True
950.6291 	EXP 	textbox: autoDraw = True
951.8237 	DATA 	Keypress: 7
951.8253 	EXP 	Device response: <KeyPress from None: t=951.820928, value=7, duration=None>
951.9555 	EXP 	Device response: <KeyPress from None: t=951.820928, value=7, duration=0.12506310000003396>
952.1558 	DATA 	Keypress: 5
952.1570 	EXP 	Device response: <KeyPress from None: t=952.1472094, value=5, duration=None>
952.3061 	EXP 	Device response: <KeyPress from None: t=952.1472094, value=5, duration=0.15531690000011622>
952.5426 	DATA 	Keypress: minus
952.5556 	EXP 	Device response: <KeyPress from None: t=952.5393201999999, value=minus, duration=None>
952.7057 	EXP 	Device response: <KeyPress from None: t=952.5393201999999, value=minus, duration=0.15150330000005852>
953.0388 	DATA 	Keypress: backspace
953.0402 	EXP 	Device response: <KeyPress from None: t=953.0361523, value=backspace, duration=None>
953.2057 	EXP 	Device response: <KeyPress from None: t=953.0361523, value=backspace, duration=0.15717850000010003>
953.3969 	DATA 	Keypress: 0
953.4052 	EXP 	Device response: <KeyPress from None: t=953.3945193999999, value=0, duration=None>
953.5400 	EXP 	Device response: <KeyPress from None: t=953.3945193999999, value=0, duration=0.14351400000009562>
957.7895 	DATA 	Mouse: Left button down, pos=(989,206)
957.7904 	EXP 	New trial (rep=10, index=2): <Trial 162 (2 in rep 10) data={'delay': 0.7, 'freq': 1000, 'condition': 'exp', 'thisN': 162, 'thisTrialN': 2, 'thisRepN': 10}>
957.8050 	EXP 	text: autoDraw = False
957.8050 	EXP 	textbox: autoDraw = False
957.8050 	EXP 	polygon: autoDraw = True
957.9235 	DATA 	Mouse:  Left button up, pos=(989,206)
958.8053 	INFO 	Keyboard events cleared
958.8052 	EXP 	polygon: autoDraw = False
958.8052 	EXP 	polygon_2: autoDraw = True
958.8225 	EXP 	Device response: <KeyPress from None: t=958.8109516999999, value=space, duration=None>
958.8240 	DATA 	Keypress: space
958.8381 	EXP 	polygon: autoDraw = False
958.8381 	EXP 	polygon_2: autoDraw = False
959.0053 	EXP 	Device response: <KeyPress from None: t=950.1928795, value=space, duration=8.804226400000061>
959.5054 	EXP 	Sound sound_1 reached end of file
959.5217 	EXP 	Playing sound sound_1 on speaker Speakers (Realtek(R) Audio)
959.8248 	EXP 	Sound sound_1 stopped
959.8436 	EXP 	text: autoDraw = True
959.8436 	EXP 	textbox: autoDraw = True
960.6419 	DATA 	Keypress: 7
960.6541 	EXP 	Device response: <KeyPress from None: t=960.6378763000001, value=7, duration=None>
960.7894 	EXP 	Device response: <KeyPress from None: t=960.6378763000001, value=7, duration=0.13719639999999345>
961.0563 	DATA 	Keypress: 5
961.0582 	EXP 	Device response: <KeyPress from None: t=961.0557941999999, value=5, duration=None>
961.1570 	EXP 	Device response: <KeyPress from None: t=961.0557941999999, value=5, duration=0.09770109999999477>
961.5302 	DATA 	Keypress: 0
961.5396 	EXP 	Device response: <KeyPress from None: t=961.5283413999999, value=0, duration=None>
961.6726 	EXP 	Device response: <KeyPress from None: t=961.5283413999999, value=0, duration=0.13280550000013136>
961.8558 	DATA 	Keypress: space
961.8577 	EXP 	Device response: <KeyPress from None: t=961.8531747999999, value=space, duration=None>
961.9069 	EXP 	Device response: <KeyPress from None: t=958.8109516999999, value=space, duration=3.091241400000172>
962.1569 	DATA 	Keypress: space
962.1588 	EXP 	Device response: <KeyPress from None: t=962.1467541999999, value=space, duration=None>
962.3234 	EXP 	Device response: <KeyPress from None: t=961.8531747999999, value=space, duration=0.4672437000001537>
962.6737 	DATA 	Mouse: Left button down, pos=(989,206)
962.6746 	EXP 	New trial (rep=10, index=3): <Trial 163 (3 in rep 10) data={'delay': 0.1, 'freq': 1000, 'condition': 'exp', 'thisN': 163, 'thisTrialN': 3, 'thisRepN': 10}>
962.6883 	EXP 	text: autoDraw = False
962.6883 	EXP 	textbox: autoDraw = False
962.6883 	EXP 	polygon: autoDraw = True
962.7903 	DATA 	Mouse:  Left button up, pos=(989,206)
963.6885 	INFO 	Keyboard events cleared
963.6884 	EXP 	polygon: autoDraw = False
963.6884 	EXP 	polygon_2: autoDraw = True
965.2087 	DATA 	Mouse: Left button down, pos=(989,206)
965.2240 	EXP 	Device response: <KeyPress from None: t=965.2139331, value=space, duration=None>
965.2260 	DATA 	Keypress: space
965.2398 	EXP 	polygon: autoDraw = False
965.2398 	EXP 	polygon_2: autoDraw = False
965.3074 	EXP 	Sound sound_1 reached end of file
965.3236 	EXP 	Playing sound sound_1 on speaker Speakers (Realtek(R) Audio)
965.3247 	EXP 	Device response: <KeyPress from None: t=962.1467541999999, value=space, duration=3.1759384000001774>
965.4405 	DATA 	Mouse:  Left button up, pos=(989,206)
965.6207 	EXP 	Sound sound_1 stopped
965.6407 	EXP 	text: autoDraw = True
965.6407 	EXP 	textbox: autoDraw = True
966.2816 	DATA 	Keypress: 9
966.2829 	EXP 	Device response: <KeyPress from None: t=966.2805227, value=9, duration=None>
966.3559 	EXP 	Device response: <KeyPress from None: t=966.2805227, value=9, duration=0.0727079999999205>
966.4724 	DATA 	Keypress: 9
966.4736 	EXP 	Device response: <KeyPress from None: t=966.4718243000001, value=9, duration=None>
966.5391 	EXP 	Device response: <KeyPress from None: t=966.4718243000001, value=9, duration=0.06402509999998074>
967.0231 	DATA 	Keypress: 9
967.0247 	EXP 	Device response: <KeyPress from None: t=967.0172269000001, value=9, duration=None>
967.1055 	EXP 	Device response: <KeyPress from None: t=967.0172269000001, value=9, duration=0.07383200000003853>
967.4944 	DATA 	Mouse: Left button down, pos=(989,206)
967.5062 	EXP 	New trial (rep=10, index=4): <Trial 164 (4 in rep 10) data={'delay': 0.4, 'freq': 1000, 'condition': 'exp', 'thisN': 164, 'thisTrialN': 4, 'thisRepN': 10}>
967.5209 	EXP 	text: autoDraw = False
967.5209 	EXP 	textbox: autoDraw = False
967.5209 	EXP 	polygon: autoDraw = True
967.5728 	DATA 	Mouse:  Left button up, pos=(989,206)
968.5057 	INFO 	Keyboard events cleared
968.5056 	EXP 	polygon_2: autoDraw = True
968.5233 	EXP 	polygon: autoDraw = False
968.7571 	EXP 	Device response: <KeyPress from None: t=968.7430252, value=space, duration=None>
968.7592 	DATA 	Keypress: space
968.7736 	EXP 	polygon: autoDraw = False
968.7736 	EXP 	polygon_2: autoDraw = False
968.8912 	EXP 	Device response: <KeyPress from None: t=965.2139331, value=space, duration=3.6619776>
969.1406 	EXP 	Sound sound_1 reached end of file
969.1569 	EXP 	Playing sound sound_1 on speaker Speakers (Realtek(R) Audio)
969.4591 	EXP 	Sound sound_1 stopped
969.4809 	EXP 	text: autoDraw = True
969.4809 	EXP 	textbox: autoDraw = True
969.7968 	DATA 	Keypress: 9
969.7983 	EXP 	Device response: <KeyPress from None: t=969.7963014000001, value=9, duration=None>
969.9394 	EXP 	Device response: <KeyPress from None: t=969.7963014000001, value=9, duration=0.1342282000000523>
970.0332 	DATA 	Keypress: 9
970.0419 	EXP 	Device response: <KeyPress from None: t=970.028334, value=9, duration=None>
970.1222 	EXP 	Device response: <KeyPress from None: t=970.028334, value=9, duration=0.08374530000014602>
970.2058 	DATA 	Keypress: 9
970.2076 	EXP 	Device response: <KeyPress from None: t=970.1985714000001, value=9, duration=None>
970.3058 	EXP 	Device response: <KeyPress from None: t=970.1985714000001, value=9, duration=0.09395869999980277>
970.6886 	DATA 	Mouse: Left button down, pos=(989,206)
970.6895 	EXP 	New trial (rep=10, index=5): <Trial 165 (5 in rep 10) data={'delay': 0.1, 'freq': 1000, 'condition': 'exp', 'thisN': 165, 'thisTrialN': 5, 'thisRepN': 10}>
970.7047 	EXP 	text: autoDraw = False
970.7047 	EXP 	textbox: autoDraw = False
970.7047 	EXP 	polygon: autoDraw = True
970.8229 	DATA 	Mouse:  Left button up, pos=(989,206)
971.6561 	EXP 	Device response: <KeyPress from None: t=971.6404467000001, value=space, duration=None>
971.6569 	DATA 	Keypress: space
971.6883 	INFO 	Keyboard events cleared
971.6882 	EXP 	polygon_2: autoDraw = True
971.7051 	EXP 	polygon: autoDraw = False
971.8384 	EXP 	Device response: <KeyPress from None: t=968.7430252, value=space, duration=3.087580399999979>
972.3740 	EXP 	Device response: <KeyPress from None: t=972.3625569, value=space, duration=None>
972.3763 	DATA 	Keypress: space
972.3901 	EXP 	polygon: autoDraw = False
972.3901 	EXP 	polygon_2: autoDraw = False
972.4574 	EXP 	Sound sound_1 reached end of file
972.4737 	EXP 	Playing sound sound_1 on speaker Speakers (Realtek(R) Audio)
972.5076 	EXP 	Device response: <KeyPress from None: t=971.6404467000001, value=space, duration=0.8562319000000116>
972.7743 	EXP 	Sound sound_1 stopped
972.7937 	EXP 	text: autoDraw = True
972.7937 	EXP 	textbox: autoDraw = True
973.4018 	DATA 	Keypress: 9
973.4133 	EXP 	Device response: <KeyPress from None: t=973.3982237000001, value=9, duration=None>
973.5389 	EXP 	Device response: <KeyPress from None: t=973.3982237000001, value=9, duration=0.12578709999979765>
973.5892 	DATA 	Keypress: 9
973.5903 	EXP 	Device response: <KeyPress from None: t=973.5868389000001, value=9, duration=None>
973.6899 	EXP 	Device response: <KeyPress from None: t=973.5868389000001, value=9, duration=0.0971431999998913>
973.7724 	DATA 	Keypress: 9
973.7741 	EXP 	Device response: <KeyPress from None: t=973.7666092999999, value=9, duration=None>
973.8565 	EXP 	Device response: <KeyPress from None: t=973.7666092999999, value=9, duration=0.0879055000000335>
974.2061 	DATA 	Mouse: Left button down, pos=(989,206)
974.2073 	EXP 	New trial (rep=10, index=6): <Trial 166 (6 in rep 10) data={'delay': 0.7, 'freq': 1000, 'condition': 'exp', 'thisN': 166, 'thisTrialN': 6, 'thisRepN': 10}>
974.2218 	EXP 	text: autoDraw = False
974.2218 	EXP 	textbox: autoDraw = False
974.2218 	EXP 	polygon: autoDraw = True
974.3227 	DATA 	Mouse:  Left button up, pos=(989,206)
975.0242 	EXP 	Device response: <KeyPress from None: t=975.0209960999999, value=space, duration=None>
975.0254 	DATA 	Keypress: space
975.0908 	EXP 	Device response: <KeyPress from None: t=972.3625569, value=space, duration=2.713158499999963>
975.2070 	INFO 	Keyboard events cleared
975.2068 	EXP 	polygon_2: autoDraw = True
975.2242 	EXP 	polygon: autoDraw = False
975.4907 	EXP 	Device response: <KeyPress from None: t=975.4883772, value=space, duration=None>
975.4928 	DATA 	Keypress: space
975.5068 	EXP 	polygon: autoDraw = False
975.5068 	EXP 	polygon_2: autoDraw = False
975.6742 	EXP 	Device response: <KeyPress from None: t=975.0209960999999, value=space, duration=0.6371713000000909>
976.1738 	EXP 	Sound sound_1 reached end of file
976.1901 	EXP 	Playing sound sound_1 on speaker Speakers (Realtek(R) Audio)
976.4900 	EXP 	Sound sound_1 stopped
976.5079 	EXP 	text: autoDraw = True
976.5079 	EXP 	textbox: autoDraw = True
976.6015 	DATA 	Keypress: 9
976.6123 	EXP 	Device response: <KeyPress from None: t=976.5947393, value=9, duration=None>
976.7558 	EXP 	Device response: <KeyPress from None: t=976.5947393, value=9, duration=0.1478976999999304>
976.8562 	DATA 	Keypress: 9
976.8581 	EXP 	Device response: <KeyPress from None: t=976.8536848, value=9, duration=None>
977.0069 	EXP 	Device response: <KeyPress from None: t=976.8536848, value=9, duration=0.1451712000000498>
977.2556 	DATA 	Keypress: 9
977.2570 	EXP 	Device response: <KeyPress from None: t=977.2544932, value=9, duration=None>
977.3558 	EXP 	Device response: <KeyPress from None: t=977.2544932, value=9, duration=0.09131580000007489>
978.2056 	DATA 	Mouse: Left button down, pos=(989,206)
978.2065 	EXP 	New trial (rep=10, index=7): <Trial 167 (7 in rep 10) data={'delay': 0.4, 'freq': 1000, 'condition': 'exp', 'thisN': 167, 'thisTrialN': 7, 'thisRepN': 10}>
978.2223 	EXP 	text: autoDraw = False
978.2223 	EXP 	textbox: autoDraw = False
978.2223 	EXP 	polygon: autoDraw = True
978.4562 	DATA 	Mouse:  Left button up, pos=(989,206)
978.5064 	DATA 	Mouse: Left button down, pos=(989,206)
978.6892 	DATA 	Mouse:  Left button up, pos=(989,206)
979.2073 	INFO 	Keyboard events cleared
979.2071 	EXP 	polygon_2: autoDraw = True
979.2237 	EXP 	polygon: autoDraw = False
979.7743 	EXP 	Device response: <KeyPress from None: t=979.7678325, value=space, duration=None>
979.7761 	DATA 	Keypress: space
979.7904 	EXP 	polygon: autoDraw = False
979.7904 	EXP 	polygon_2: autoDraw = False
979.9570 	EXP 	Device response: <KeyPress from None: t=975.4883772, value=space, duration=4.459399900000108>
980.1737 	EXP 	Sound sound_1 reached end of file
980.1900 	EXP 	Playing sound sound_1 on speaker Speakers (Realtek(R) Audio)
980.4852 	EXP 	Sound sound_1 stopped
980.5067 	EXP 	text: autoDraw = True
980.5067 	EXP 	textbox: autoDraw = True
980.8790 	DATA 	Keypress: 9
980.8905 	EXP 	Device response: <KeyPress from None: t=980.8764385000001, value=9, duration=None>
981.0398 	EXP 	Device response: <KeyPress from None: t=980.8764385000001, value=9, duration=0.1620408999999654>
981.1107 	DATA 	Keypress: 9
981.1227 	EXP 	Device response: <KeyPress from None: t=981.1060650999999, value=9, duration=None>
981.2388 	EXP 	Device response: <KeyPress from None: t=981.1060650999999, value=9, duration=0.12346220000017638>
981.3142 	DATA 	Keypress: 9
981.3219 	EXP 	Device response: <KeyPress from None: t=981.3130884999999, value=9, duration=None>
981.4058 	EXP 	Device response: <KeyPress from None: t=981.3130884999999, value=9, duration=0.07921380000016143>
982.2937 	DATA 	Mouse: Left button down, pos=(989,206)
982.3062 	EXP 	New trial (rep=10, index=8): <Trial 168 (8 in rep 10) data={'delay': 0.7, 'freq': 400, 'condition': 'unexp', 'thisN': 168, 'thisTrialN': 8, 'thisRepN': 10}>
982.3216 	EXP 	text: autoDraw = False
982.3216 	EXP 	textbox: autoDraw = False
982.3216 	EXP 	polygon: autoDraw = True
982.4729 	DATA 	Mouse:  Left button up, pos=(989,206)
982.5237 	DATA 	Mouse: Left button down, pos=(989,206)
982.6894 	DATA 	Mouse:  Left button up, pos=(989,206)
982.8720 	EXP 	Device response: <KeyPress from None: t=982.8639108000001, value=space, duration=None>
982.8729 	DATA 	Keypress: space
983.0386 	EXP 	Device response: <KeyPress from None: t=979.7678325, value=space, duration=3.2558466999998927>
983.3051 	INFO 	Keyboard events cleared
983.3050 	EXP 	polygon_2: autoDraw = True
983.3222 	EXP 	polygon: autoDraw = False
983.6052 	EXP 	Device response: <KeyPress from None: t=983.6032056, value=space, duration=None>
983.6069 	DATA 	Keypress: space
983.6220 	EXP 	polygon: autoDraw = False
983.6220 	EXP 	polygon_2: autoDraw = False
983.7223 	EXP 	Device response: <KeyPress from None: t=982.8639108000001, value=space, duration=0.8501028999999107>
984.2888 	EXP 	Sound sound_1 reached end of file
984.3051 	EXP 	Playing sound sound_1 on speaker Speakers (Realtek(R) Audio)
984.6046 	EXP 	Sound sound_1 stopped
984.6243 	EXP 	text: autoDraw = True
984.6243 	EXP 	textbox: autoDraw = True
985.2074 	DATA 	Keypress: 3
985.2089 	EXP 	Device response: <KeyPress from None: t=985.2070009, value=3, duration=None>
985.3219 	EXP 	Device response: <KeyPress from None: t=985.2070009, value=3, duration=0.10468199999991157>
985.4934 	DATA 	Keypress: 5
985.5056 	EXP 	Device response: <KeyPress from None: t=985.4929416000001, value=5, duration=None>
985.6075 	EXP 	Device response: <KeyPress from None: t=985.4929416000001, value=5, duration=0.10825759999988804>
986.1101 	DATA 	Keypress: 0
986.1222 	EXP 	Device response: <KeyPress from None: t=986.1062961000001, value=0, duration=None>
986.2237 	EXP 	Device response: <KeyPress from None: t=986.1062961000001, value=0, duration=0.10698529999990569>
986.7392 	DATA 	Mouse: Left button down, pos=(989,206)
986.7402 	EXP 	New trial (rep=10, index=9): <Trial 169 (9 in rep 10) data={'delay': 0.7, 'freq': 1000, 'condition': 'exp', 'thisN': 169, 'thisTrialN': 9, 'thisRepN': 10}>
986.7545 	EXP 	text: autoDraw = False
986.7545 	EXP 	textbox: autoDraw = False
986.7545 	EXP 	polygon: autoDraw = True
986.8390 	DATA 	Mouse:  Left button up, pos=(989,206)
987.4744 	EXP 	Device response: <KeyPress from None: t=987.4715251000001, value=space, duration=None>
987.4755 	DATA 	Keypress: space
987.6223 	EXP 	Device response: <KeyPress from None: t=983.6032056, value=space, duration=4.016153900000063>
987.7576 	INFO 	Keyboard events cleared
987.7574 	EXP 	polygon: autoDraw = False
987.7574 	EXP 	polygon_2: autoDraw = True
988.1577 	EXP 	Device response: <KeyPress from None: t=988.1562977, value=space, duration=None>
988.1595 	DATA 	Keypress: space
988.1733 	EXP 	polygon: autoDraw = False
988.1733 	EXP 	polygon_2: autoDraw = False
988.3408 	EXP 	Device response: <KeyPress from None: t=987.4715251000001, value=space, duration=0.8621774999999161>
988.8550 	EXP 	Sound sound_1 reached end of file
988.8713 	EXP 	Playing sound sound_1 on speaker Speakers (Realtek(R) Audio)
989.1666 	EXP 	Sound sound_1 stopped
989.1842 	EXP 	text: autoDraw = True
989.1842 	EXP 	textbox: autoDraw = True
990.2773 	DATA 	Keypress: 9
990.2793 	EXP 	Device response: <KeyPress from None: t=990.2766141000001, value=9, duration=None>
990.3888 	EXP 	Device response: <KeyPress from None: t=990.2766141000001, value=9, duration=0.09937560000003032>
990.4731 	DATA 	Keypress: 9
990.4744 	EXP 	Device response: <KeyPress from None: t=990.4704942, value=9, duration=None>
990.5555 	EXP 	Device response: <KeyPress from None: t=990.4704942, value=9, duration=0.07602480000014111>
990.6558 	DATA 	Keypress: 9
990.6575 	EXP 	Device response: <KeyPress from None: t=990.6536101, value=9, duration=None>
990.7071 	EXP 	Device response: <KeyPress from None: t=990.6536101, value=9, duration=0.05222109999999702>
991.1151 	DATA 	Mouse: Left button down, pos=(989,206)
991.1230 	EXP 	New trial (rep=10, index=10): <Trial 170 (10 in rep 10) data={'delay': 0.1, 'freq': 1000, 'condition': 'exp', 'thisN': 170, 'thisTrialN': 10, 'thisRepN': 10}>
991.1382 	EXP 	text: autoDraw = False
991.1382 	EXP 	textbox: autoDraw = False
991.1382 	EXP 	polygon: autoDraw = True
991.2069 	DATA 	Mouse:  Left button up, pos=(989,206)
991.5893 	EXP 	Device response: <KeyPress from None: t=991.5868418000001, value=space, duration=None>
991.5903 	DATA 	Keypress: space
991.7723 	EXP 	Device response: <KeyPress from None: t=988.1562977, value=space, duration=3.5998838000000433>
992.1386 	INFO 	Keyboard events cleared
992.1385 	EXP 	polygon: autoDraw = False
992.1385 	EXP 	polygon_2: autoDraw = True
992.2725 	EXP 	Device response: <KeyPress from None: t=992.2618171, value=space, duration=None>
992.2743 	DATA 	Keypress: space
992.2887 	EXP 	polygon: autoDraw = False
992.2887 	EXP 	polygon_2: autoDraw = False
992.3555 	EXP 	Sound sound_1 reached end of file
992.3718 	EXP 	Playing sound sound_1 on speaker Speakers (Realtek(R) Audio)
992.4224 	EXP 	Device response: <KeyPress from None: t=991.5868418000001, value=space, duration=0.8304721999998037>
992.6720 	EXP 	Sound sound_1 stopped
992.6892 	EXP 	text: autoDraw = True
992.6892 	EXP 	textbox: autoDraw = True
993.1995 	DATA 	Keypress: 9
993.2109 	EXP 	Device response: <KeyPress from None: t=993.1949948, value=9, duration=None>
993.3234 	EXP 	Device response: <KeyPress from None: t=993.1949948, value=9, duration=0.12481550000006791>
993.4059 	DATA 	Keypress: 9
993.4071 	EXP 	Device response: <KeyPress from None: t=993.3982079000001, value=9, duration=None>
993.4905 	EXP 	Device response: <KeyPress from None: t=993.3982079000001, value=9, duration=0.0895853999998053>
993.5648 	DATA 	Keypress: 9
993.5728 	EXP 	Device response: <KeyPress from None: t=993.5638857, value=9, duration=None>
993.6398 	EXP 	Device response: <KeyPress from None: t=993.5638857, value=9, duration=0.06977179999989858>
994.0443 	DATA 	Mouse: Left button down, pos=(989,206)
994.0564 	EXP 	New trial (rep=10, index=11): <Trial 171 (11 in rep 10) data={'delay': 0.1, 'freq': 400, 'condition': 'unexp', 'thisN': 171, 'thisTrialN': 11, 'thisRepN': 10}>
994.0713 	EXP 	text: autoDraw = False
994.0713 	EXP 	textbox: autoDraw = False
994.0713 	EXP 	polygon: autoDraw = True
994.1230 	DATA 	Mouse:  Left button up, pos=(989,206)
995.0716 	INFO 	Keyboard events cleared
995.0714 	EXP 	polygon: autoDraw = False
995.0714 	EXP 	polygon_2: autoDraw = True
995.7555 	EXP 	Device response: <KeyPress from None: t=995.7451508, value=space, duration=None>
995.7571 	DATA 	Keypress: space
995.7718 	EXP 	polygon: autoDraw = False
995.7718 	EXP 	polygon_2: autoDraw = False
995.8388 	EXP 	Sound sound_1 reached end of file
995.8551 	EXP 	Playing sound sound_1 on speaker Speakers (Realtek(R) Audio)
995.9220 	EXP 	Device response: <KeyPress from None: t=992.2618171, value=space, duration=3.6483063999999104>
996.1563 	EXP 	Sound sound_1 stopped
996.1566 	EXP 	Device response: <KeyPress from None: t=996.1486986000001, value=9, duration=None>
996.1574 	DATA 	Keypress: 9
996.1732 	EXP 	text: autoDraw = True
996.1732 	EXP 	textbox: autoDraw = True
996.2886 	EXP 	Device response: <KeyPress from None: t=996.1486986000001, value=9, duration=0.12950200000000223>
996.7800 	DATA 	Keypress: backspace
996.7889 	EXP 	Device response: <KeyPress from None: t=996.7795313, value=backspace, duration=None>
996.9226 	EXP 	Device response: <KeyPress from None: t=996.7795313, value=backspace, duration=0.13477530000000115>
997.6270 	DATA 	Keypress: 3
997.6287 	EXP 	Device response: <KeyPress from None: t=997.6264881000001, value=3, duration=None>
997.7060 	EXP 	Device response: <KeyPress from None: t=997.6264881000001, value=3, duration=0.07709199999999328>
997.9607 	DATA 	Keypress: 5
997.9719 	EXP 	Device response: <KeyPress from None: t=997.9584088, value=5, duration=None>
998.0564 	EXP 	Device response: <KeyPress from None: t=997.9584088, value=5, duration=0.09424889999991137>
998.6975 	DATA 	Keypress: 0
998.7055 	EXP 	Device response: <KeyPress from None: t=998.6960963, value=0, duration=None>
998.7564 	EXP 	Device response: <KeyPress from None: t=998.6960963, value=0, duration=0.05287210000005871>
999.2943 	DATA 	Mouse: Left button down, pos=(989,206)
999.3064 	EXP 	New trial (rep=10, index=12): <Trial 172 (12 in rep 10) data={'delay': 0.4, 'freq': 1000, 'condition': 'exp', 'thisN': 172, 'thisTrialN': 12, 'thisRepN': 10}>
999.3223 	EXP 	text: autoDraw = False
999.3223 	EXP 	textbox: autoDraw = False
999.3223 	EXP 	polygon: autoDraw = True
999.3900 	DATA 	Mouse:  Left button up, pos=(989,206)
1000.3072 	INFO 	Keyboard events cleared
1000.3070 	EXP 	polygon_2: autoDraw = True
1000.3232 	EXP 	polygon: autoDraw = False
1000.4410 	EXP 	Device response: <KeyPress from None: t=1000.4296287000001, value=space, duration=None>
1000.4431 	DATA 	Keypress: space
1000.4566 	EXP 	polygon: autoDraw = False
1000.4566 	EXP 	polygon_2: autoDraw = False
1000.6077 	EXP 	Device response: <KeyPress from None: t=995.7451508, value=space, duration=4.859901900000068>
1000.8407 	EXP 	Sound sound_1 reached end of file
1000.8570 	EXP 	Playing sound sound_1 on speaker Speakers (Realtek(R) Audio)
1001.1521 	EXP 	Sound sound_1 stopped
1001.1739 	EXP 	text: autoDraw = True
1001.1739 	EXP 	textbox: autoDraw = True
1002.1379 	DATA 	Keypress: 9
1002.1492 	EXP 	Device response: <KeyPress from None: t=1002.1321168999999, value=9, duration=None>
1002.2900 	EXP 	Device response: <KeyPress from None: t=1002.1321168999999, value=9, duration=0.14964990000021317>
1002.4109 	DATA 	Keypress: 9
1002.4229 	EXP 	Device response: <KeyPress from None: t=1002.4065918, value=9, duration=None>
1002.5053 	EXP 	Device response: <KeyPress from None: t=1002.4065918, value=9, duration=0.09062549999998737>
1002.6224 	DATA 	Keypress: 9
1002.6237 	EXP 	Device response: <KeyPress from None: t=1002.6211910999999, value=9, duration=None>
1002.7233 	EXP 	Device response: <KeyPress from None: t=1002.6211910999999, value=9, duration=0.09345580000012887>
1003.3448 	DATA 	Mouse: Left button down, pos=(994,200)
1003.3564 	EXP 	New trial (rep=10, index=13): <Trial 173 (13 in rep 10) data={'delay': 0.4, 'freq': 1000, 'condition': 'exp', 'thisN': 173, 'thisTrialN': 13, 'thisRepN': 10}>
1003.3718 	EXP 	text: autoDraw = False
1003.3718 	EXP 	textbox: autoDraw = False
1003.3718 	EXP 	polygon: autoDraw = True
1003.4727 	DATA 	Mouse:  Left button up, pos=(994,200)
1004.2565 	DATA 	Keypress: space
1004.2723 	EXP 	Device response: <KeyPress from None: t=1004.2561336, value=space, duration=None>
1004.3554 	INFO 	Keyboard events cleared
1004.3553 	EXP 	polygon_2: autoDraw = True
1004.3719 	EXP 	polygon: autoDraw = False
1004.5059 	EXP 	Device response: <KeyPress from None: t=1000.4296287000001, value=space, duration=4.070189899999832>
1006.1223 	EXP 	Device response: <KeyPress from None: t=1006.1123524999999, value=space, duration=None>
1006.1237 	DATA 	Keypress: space
1006.1388 	EXP 	polygon: autoDraw = False
1006.1388 	EXP 	polygon_2: autoDraw = False
1006.3219 	EXP 	Device response: <KeyPress from None: t=1004.2561336, value=space, duration=2.053098699999964>
1006.5058 	EXP 	Sound sound_1 reached end of file
1006.5222 	EXP 	Playing sound sound_1 on speaker Speakers (Realtek(R) Audio)
1006.8232 	EXP 	Sound sound_1 stopped
1006.8406 	EXP 	text: autoDraw = True
1006.8406 	EXP 	textbox: autoDraw = True
1007.2268 	DATA 	Keypress: 9
1007.2287 	EXP 	Device response: <KeyPress from None: t=1007.2204255, value=9, duration=None>
1007.4227 	EXP 	Device response: <KeyPress from None: t=1007.2204255, value=9, duration=0.1896483000000444>
1007.4892 	DATA 	Keypress: 9
1007.4904 	EXP 	Device response: <KeyPress from None: t=1007.4826138, value=9, duration=None>
1007.6063 	EXP 	Device response: <KeyPress from None: t=1007.4826138, value=9, duration=0.12086100000010447>
1007.7102 	DATA 	Keypress: 9
1007.7224 	EXP 	Device response: <KeyPress from None: t=1007.7079993000001, value=9, duration=None>
1007.8228 	EXP 	Device response: <KeyPress from None: t=1007.7079993000001, value=9, duration=0.10482159999992291>
1008.2895 	DATA 	Mouse: Left button down, pos=(958,242)
1008.2904 	EXP 	New trial (rep=10, index=14): <Trial 174 (14 in rep 10) data={'delay': 0.4, 'freq': 400, 'condition': 'unexp', 'thisN': 174, 'thisTrialN': 14, 'thisRepN': 10}>
1008.3055 	EXP 	text: autoDraw = False
1008.3055 	EXP 	textbox: autoDraw = False
1008.3055 	EXP 	polygon: autoDraw = True
1008.3911 	DATA 	Mouse:  Left button up, pos=(958,242)
1009.3054 	INFO 	Keyboard events cleared
1009.3053 	EXP 	polygon: autoDraw = False
1009.3053 	EXP 	polygon_2: autoDraw = True
1009.7384 	EXP 	Device response: <KeyPress from None: t=1009.7239222, value=8, duration=None>
1009.7391 	DATA 	Keypress: 8
1009.9386 	EXP 	Device response: <KeyPress from None: t=1009.7239222, value=8, duration=0.21126970000000256>
1010.2901 	DATA 	Keypress: 8
1010.3050 	EXP 	Device response: <KeyPress from None: t=1010.2895453, value=8, duration=None>
1010.4551 	EXP 	Device response: <KeyPress from None: t=1010.2895453, value=8, duration=0.1596806000000015>
1010.7890 	EXP 	Device response: <KeyPress from None: t=1010.7746446, value=space, duration=None>
1010.7918 	DATA 	Keypress: space
1010.8052 	EXP 	polygon: autoDraw = False
1010.8052 	EXP 	polygon_2: autoDraw = False
1010.9552 	EXP 	Device response: <KeyPress from None: t=1006.1123524999999, value=space, duration=4.832227700000203>
1011.1387 	EXP 	Device response: <KeyPress from None: t=1011.1288504, value=8, duration=None>
1011.1394 	DATA 	Keypress: 8
1011.1889 	EXP 	Sound sound_1 reached end of file
1011.2052 	EXP 	Playing sound sound_1 on speaker Speakers (Realtek(R) Audio)
1011.3054 	EXP 	Device response: <KeyPress from None: t=1011.1288504, value=8, duration=0.1738671999999042>
1011.5085 	EXP 	Sound sound_1 stopped
1011.5279 	EXP 	text: autoDraw = True
1011.5279 	EXP 	textbox: autoDraw = True
1012.0196 	DATA 	Keypress: 9
1012.0306 	EXP 	Device response: <KeyPress from None: t=1012.0128284000001, value=9, duration=None>
1012.2230 	EXP 	Device response: <KeyPress from None: t=1012.0128284000001, value=9, duration=0.20264589999987948>
1012.5065 	DATA 	Keypress: 9
1012.5080 	EXP 	Device response: <KeyPress from None: t=1012.4986227, value=9, duration=None>
1012.6400 	EXP 	Device response: <KeyPress from None: t=1012.4986227, value=9, duration=0.13896589999990283>
1012.7295 	DATA 	Keypress: 9
1012.7392 	EXP 	Device response: <KeyPress from None: t=1012.7289546999999, value=9, duration=None>
1012.8894 	EXP 	Device response: <KeyPress from None: t=1012.7289546999999, value=9, duration=0.14955010000016955>
1013.3731 	DATA 	Mouse: Left button down, pos=(958,242)
1013.3742 	EXP 	New trial (rep=10, index=15): <Trial 175 (15 in rep 10) data={'delay': 0.1, 'freq': 400, 'condition': 'unexp', 'thisN': 175, 'thisTrialN': 15, 'thisRepN': 10}>
1013.3880 	EXP 	text: autoDraw = False
1013.3880 	EXP 	textbox: autoDraw = False
1013.3880 	EXP 	polygon: autoDraw = True
1013.5239 	DATA 	Mouse:  Left button up, pos=(958,242)
1014.3888 	INFO 	Keyboard events cleared
1014.3886 	EXP 	polygon: autoDraw = False
1014.3886 	EXP 	polygon_2: autoDraw = True
1015.0732 	DATA 	Keypress: space
1015.0893 	EXP 	Device response: <KeyPress from None: t=1015.0726917999999, value=space, duration=None>
1015.1048 	EXP 	polygon: autoDraw = False
1015.1048 	EXP 	polygon_2: autoDraw = False
1015.1888 	EXP 	Sound sound_1 reached end of file
1015.2051 	EXP 	Playing sound sound_1 on speaker Speakers (Realtek(R) Audio)
1015.2723 	EXP 	Device response: <KeyPress from None: t=1010.7746446, value=space, duration=4.492197900000065>
1015.5079 	EXP 	Sound sound_1 stopped
1015.5264 	EXP 	text: autoDraw = True
1015.5264 	EXP 	textbox: autoDraw = True
1017.4371 	DATA 	Keypress: 3
1017.4451 	EXP 	Device response: <KeyPress from None: t=1017.4327456, value=3, duration=None>
1017.5232 	EXP 	Device response: <KeyPress from None: t=1017.4327456, value=3, duration=0.07705220000002555>
1018.0439 	DATA 	Keypress: 5
1018.0561 	EXP 	Device response: <KeyPress from None: t=1018.0410373999999, value=5, duration=None>
1018.1564 	EXP 	Device response: <KeyPress from None: t=1018.0410373999999, value=5, duration=0.10479000000009364>
1018.6632 	DATA 	Keypress: 0
1018.6725 	EXP 	Device response: <KeyPress from None: t=1018.6590978, value=0, duration=None>
1018.8057 	EXP 	Device response: <KeyPress from None: t=1018.6590978, value=0, duration=0.13681670000005397>
1019.2557 	DATA 	Mouse: Left button down, pos=(958,242)
1019.2567 	EXP 	New trial (rep=11, index=0): <Trial 176 (0 in rep 11) data={'delay': 0.4, 'freq': 1000, 'condition': 'exp', 'thisN': 176, 'thisTrialN': 0, 'thisRepN': 11}>
1019.2724 	EXP 	text: autoDraw = False
1019.2724 	EXP 	textbox: autoDraw = False
1019.2724 	EXP 	polygon: autoDraw = True
1019.3395 	DATA 	Mouse:  Left button up, pos=(958,242)
1019.7554 	EXP 	Device response: <KeyPress from None: t=1019.7528974, value=space, duration=None>
1019.7563 	DATA 	Keypress: space
1019.8891 	EXP 	Device response: <KeyPress from None: t=1015.0726917999999, value=space, duration=4.814196300000049>
1020.2718 	INFO 	Keyboard events cleared
1020.2717 	EXP 	polygon: autoDraw = False
1020.2717 	EXP 	polygon_2: autoDraw = True
1020.8079 	EXP 	Device response: <KeyPress from None: t=1020.7983740000001, value=space, duration=None>
1020.8097 	DATA 	Keypress: space
1020.8220 	EXP 	polygon: autoDraw = False
1020.8220 	EXP 	polygon_2: autoDraw = False
1020.9250 	EXP 	Device response: <KeyPress from None: t=1019.7528974, value=space, duration=1.1688437999998769>
1021.2072 	EXP 	Sound sound_1 reached end of file
1021.2235 	EXP 	Playing sound sound_1 on speaker Speakers (Realtek(R) Audio)
1021.5252 	EXP 	Sound sound_1 stopped
1021.5440 	EXP 	text: autoDraw = True
1021.5440 	EXP 	textbox: autoDraw = True
1022.9392 	DATA 	Keypress: 9
1022.9406 	EXP 	Device response: <KeyPress from None: t=1022.9366934999999, value=9, duration=None>
1023.0560 	EXP 	Device response: <KeyPress from None: t=1022.9366934999999, value=9, duration=0.10662870000010116>
1023.1298 	DATA 	Keypress: 9
1023.1395 	EXP 	Device response: <KeyPress from None: t=1023.1278733, value=9, duration=None>
1023.2393 	EXP 	Device response: <KeyPress from None: t=1023.1278733, value=9, duration=0.10005279999995764>
1023.3058 	DATA 	Keypress: 9
1023.3073 	EXP 	Device response: <KeyPress from None: t=1023.2992981000001, value=9, duration=None>
1023.4391 	EXP 	Device response: <KeyPress from None: t=1023.2992981000001, value=9, duration=0.12478089999990516>
1023.9893 	DATA 	Mouse: Left button down, pos=(965,277)
1024.1316 	DATA 	Mouse:  Left button up, pos=(965,277)
1025.1610 	DATA 	Mouse: Left button down, pos=(967,246)
1025.1734 	EXP 	New trial (rep=11, index=1): <Trial 177 (1 in rep 11) data={'delay': 0.7, 'freq': 400, 'condition': 'unexp', 'thisN': 177, 'thisTrialN': 1, 'thisRepN': 11}>
1025.1889 	EXP 	text: autoDraw = False
1025.1889 	EXP 	textbox: autoDraw = False
1025.1889 	EXP 	polygon: autoDraw = True
1025.3902 	DATA 	Mouse:  Left button up, pos=(967,246)
1026.1739 	INFO 	Keyboard events cleared
1026.1738 	EXP 	polygon_2: autoDraw = True
1026.1908 	EXP 	polygon: autoDraw = False
1026.4413 	EXP 	Device response: <KeyPress from None: t=1026.4375756999998, value=space, duration=None>
1026.4432 	DATA 	Keypress: space
1026.4567 	EXP 	polygon: autoDraw = False
1026.4567 	EXP 	polygon_2: autoDraw = False
1026.5404 	EXP 	Device response: <KeyPress from None: t=1020.7983740000001, value=space, duration=5.72774430000004>
1027.1407 	EXP 	Sound sound_1 reached end of file
1027.1570 	EXP 	Playing sound sound_1 on speaker Speakers (Realtek(R) Audio)
1027.4527 	EXP 	Sound sound_1 stopped
1027.4728 	EXP 	text: autoDraw = True
1027.4728 	EXP 	textbox: autoDraw = True
1027.8973 	DATA 	Keypress: 3
1027.9090 	EXP 	Device response: <KeyPress from None: t=1027.8955651, value=3, duration=None>
1027.9736 	EXP 	Device response: <KeyPress from None: t=1027.8955651, value=3, duration=0.0763406999998324>
1028.2223 	DATA 	Keypress: 5
1028.2236 	EXP 	Device response: <KeyPress from None: t=1028.2155907000001, value=5, duration=None>
1028.3059 	EXP 	Device response: <KeyPress from None: t=1028.2155907000001, value=5, duration=0.08088759999998274>
1028.6897 	DATA 	Keypress: minus
1028.6917 	EXP 	Device response: <KeyPress from None: t=1028.6846523, value=minus, duration=None>
1028.7556 	EXP 	Device response: <KeyPress from None: t=1028.6846523, value=minus, duration=0.056465300000013485>
1029.1228 	DATA 	Keypress: backspace
1029.1248 	EXP 	Device response: <KeyPress from None: t=1029.1159336, value=backspace, duration=None>
1029.2888 	EXP 	Device response: <KeyPress from None: t=1029.1159336, value=backspace, duration=0.15752529999997478>
1029.6618 	DATA 	Keypress: 0
1029.6725 	EXP 	Device response: <KeyPress from None: t=1029.6582732000002, value=0, duration=None>
1029.7573 	EXP 	Device response: <KeyPress from None: t=1029.6582732000002, value=0, duration=0.09254829999974845>
1030.0938 	DATA 	Mouse: Left button down, pos=(967,246)
1030.1068 	EXP 	New trial (rep=11, index=2): <Trial 178 (2 in rep 11) data={'delay': 0.1, 'freq': 1000, 'condition': 'exp', 'thisN': 178, 'thisTrialN': 2, 'thisRepN': 11}>
1030.1220 	EXP 	text: autoDraw = False
1030.1220 	EXP 	textbox: autoDraw = False
1030.1220 	EXP 	polygon: autoDraw = True
1030.2067 	DATA 	Mouse:  Left button up, pos=(967,246)
1031.1054 	INFO 	Keyboard events cleared
1031.1053 	EXP 	polygon_2: autoDraw = True
1031.1218 	EXP 	polygon: autoDraw = False
1031.3740 	EXP 	Device response: <KeyPress from None: t=1031.3578076, value=space, duration=None>
1031.3762 	DATA 	Keypress: space
1031.3896 	EXP 	polygon: autoDraw = False
1031.3896 	EXP 	polygon_2: autoDraw = False
1031.4574 	EXP 	Sound sound_1 reached end of file
1031.4737 	EXP 	Playing sound sound_1 on speaker Speakers (Realtek(R) Audio)
1031.4745 	EXP 	Device response: <KeyPress from None: t=1026.4375756999998, value=space, duration=5.027822700000229>
1031.7726 	EXP 	Sound sound_1 stopped
1031.7911 	EXP 	text: autoDraw = True
1031.7911 	EXP 	textbox: autoDraw = True
1033.5978 	DATA 	Keypress: 7
1033.6083 	EXP 	Device response: <KeyPress from None: t=1033.59325, value=7, duration=None>
1033.6931 	EXP 	Device response: <KeyPress from None: t=1033.59325, value=7, duration=0.09863970000003519>
1033.9393 	DATA 	Keypress: 5
1033.9410 	EXP 	Device response: <KeyPress from None: t=1033.9322373999998, value=5, duration=None>
1034.0233 	EXP 	Device response: <KeyPress from None: t=1033.9322373999998, value=5, duration=0.08284790000027442>
1034.3294 	DATA 	Keypress: 0
1034.3391 	EXP 	Device response: <KeyPress from None: t=1034.3270154000002, value=0, duration=None>
1034.4402 	EXP 	Device response: <KeyPress from None: t=1034.3270154000002, value=0, duration=0.11206919999983711>
1034.7893 	DATA 	Mouse: Left button down, pos=(967,246)
1034.7904 	EXP 	New trial (rep=11, index=3): <Trial 179 (3 in rep 11) data={'delay': 0.1, 'freq': 1000, 'condition': 'exp', 'thisN': 179, 'thisTrialN': 3, 'thisRepN': 11}>
1034.8053 	EXP 	text: autoDraw = False
1034.8053 	EXP 	textbox: autoDraw = False
1034.8053 	EXP 	polygon: autoDraw = True
1034.9233 	DATA 	Mouse:  Left button up, pos=(967,246)
1035.1225 	EXP 	Device response: <KeyPress from None: t=1035.1067945, value=space, duration=None>
1035.1237 	DATA 	Keypress: space
1035.1389 	EXP 	Device response: <KeyPress from None: t=1031.3578076, value=space, duration=3.7651160000001482>
1035.8056 	INFO 	Keyboard events cleared
1035.8054 	EXP 	polygon: autoDraw = False
1035.8054 	EXP 	polygon_2: autoDraw = True
1036.1225 	EXP 	Device response: <KeyPress from None: t=1036.1076246000002, value=space, duration=None>
1036.1243 	DATA 	Keypress: space
1036.1389 	EXP 	polygon: autoDraw = False
1036.1389 	EXP 	polygon_2: autoDraw = False
1036.2222 	EXP 	Sound sound_1 reached end of file
1036.2386 	EXP 	Playing sound sound_1 on speaker Speakers (Realtek(R) Audio)
1036.2389 	EXP 	Device response: <KeyPress from None: t=1035.1067945, value=space, duration=1.1201428000000533>
1036.5412 	EXP 	Sound sound_1 stopped
1036.5600 	EXP 	text: autoDraw = True
1036.5600 	EXP 	textbox: autoDraw = True
1037.8984 	DATA 	Keypress: 7
1037.8997 	EXP 	Device response: <KeyPress from None: t=1037.8968628000002, value=7, duration=None>
1038.0228 	EXP 	Device response: <KeyPress from None: t=1037.8968628000002, value=7, duration=0.11329349999971328>
1038.1894 	DATA 	Keypress: 5
1038.1907 	EXP 	Device response: <KeyPress from None: t=1038.1850459000002, value=5, duration=None>
1038.2908 	EXP 	Device response: <KeyPress from None: t=1038.1850459000002, value=5, duration=0.09625039999980345>
1038.5109 	DATA 	Keypress: 0
1038.5228 	EXP 	Device response: <KeyPress from None: t=1038.5094528999998, value=0, duration=None>
1038.6897 	EXP 	Device response: <KeyPress from None: t=1038.5094528999998, value=0, duration=0.16464840000014647>
1038.9791 	DATA 	Mouse: Left button down, pos=(967,246)
1038.9901 	EXP 	New trial (rep=11, index=4): <Trial 180 (4 in rep 11) data={'delay': 0.4, 'freq': 400, 'condition': 'unexp', 'thisN': 180, 'thisTrialN': 4, 'thisRepN': 11}>
1039.0054 	EXP 	text: autoDraw = False
1039.0054 	EXP 	textbox: autoDraw = False
1039.0054 	EXP 	polygon: autoDraw = True
1039.0731 	DATA 	Mouse:  Left button up, pos=(967,246)
1039.8079 	EXP 	Device response: <KeyPress from None: t=1039.8067271999998, value=space, duration=None>
1039.8088 	DATA 	Keypress: space
1039.9889 	INFO 	Keyboard events cleared
1039.9887 	EXP 	polygon_2: autoDraw = True
1040.0075 	EXP 	polygon: autoDraw = False
1040.2913 	EXP 	Device response: <KeyPress from None: t=1040.2885357, value=space, duration=None>
1040.2938 	DATA 	Keypress: space
1040.3071 	EXP 	polygon: autoDraw = False
1040.3071 	EXP 	polygon_2: autoDraw = False
1040.4074 	EXP 	Device response: <KeyPress from None: t=1036.1076246000002, value=space, duration=4.284836899999732>
1040.6912 	EXP 	Sound sound_1 reached end of file
1040.7074 	EXP 	Playing sound sound_1 on speaker Speakers (Realtek(R) Audio)
1041.0059 	EXP 	Sound sound_1 stopped
1041.0256 	EXP 	text: autoDraw = True
1041.0256 	EXP 	textbox: autoDraw = True
1041.8387 	DATA 	Keypress: 3
1041.8403 	EXP 	Device response: <KeyPress from None: t=1041.8330024000002, value=3, duration=None>
1042.0222 	EXP 	Device response: <KeyPress from None: t=1041.8330024000002, value=3, duration=0.17307339999990745>
1042.1059 	DATA 	Keypress: 5
1042.1082 	EXP 	Device response: <KeyPress from None: t=1042.1037105, value=5, duration=None>
1042.2410 	EXP 	Device response: <KeyPress from None: t=1042.1037105, value=5, duration=0.13605549999999766>
1042.4222 	DATA 	Keypress: minus
1042.4235 	EXP 	Device response: <KeyPress from None: t=1042.4146191999998, value=minus, duration=None>
1042.5905 	EXP 	Device response: <KeyPress from None: t=1042.4146191999998, value=minus, duration=0.17162950000022192>
1043.0397 	DATA 	Keypress: backspace
1043.0409 	EXP 	Device response: <KeyPress from None: t=1043.0383738, value=backspace, duration=None>
1043.1732 	EXP 	Device response: <KeyPress from None: t=1043.0383738, value=backspace, duration=0.12817400000005819>
1043.3265 	DATA 	Keypress: 0
1043.3395 	EXP 	Device response: <KeyPress from None: t=1043.324912, value=0, duration=None>
1043.4226 	EXP 	Device response: <KeyPress from None: t=1043.324912, value=0, duration=0.08703120000006948>
1043.7310 	DATA 	Mouse: Left button down, pos=(967,246)
1043.7408 	EXP 	New trial (rep=11, index=5): <Trial 181 (5 in rep 11) data={'delay': 0.1, 'freq': 1000, 'condition': 'exp', 'thisN': 181, 'thisTrialN': 5, 'thisRepN': 11}>
1043.7549 	EXP 	text: autoDraw = False
1043.7549 	EXP 	textbox: autoDraw = False
1043.7549 	EXP 	polygon: autoDraw = True
1043.8401 	DATA 	Mouse:  Left button up, pos=(967,246)
1044.0896 	EXP 	Device response: <KeyPress from None: t=1044.0873794, value=space, duration=None>
1044.0905 	DATA 	Keypress: space
1044.1062 	EXP 	Device response: <KeyPress from None: t=1039.8067271999998, value=space, duration=4.29352960000017>
1044.7558 	INFO 	Keyboard events cleared
1044.7556 	EXP 	polygon: autoDraw = False
1044.7556 	EXP 	polygon_2: autoDraw = True
1045.0390 	EXP 	Device response: <KeyPress from None: t=1045.0370243000002, value=space, duration=None>
1045.0407 	DATA 	Keypress: space
1045.0552 	EXP 	polygon: autoDraw = False
1045.0552 	EXP 	polygon_2: autoDraw = False
1045.1223 	EXP 	Sound sound_1 reached end of file
1045.1387 	EXP 	Playing sound sound_1 on speaker Speakers (Realtek(R) Audio)
1045.1226 	EXP 	Device response: <KeyPress from None: t=1040.2885357, value=space, duration=4.830188700000122>
1045.4377 	EXP 	Sound sound_1 stopped
1045.4579 	EXP 	text: autoDraw = True
1045.4579 	EXP 	textbox: autoDraw = True
1046.0742 	DATA 	Keypress: 9
1046.0757 	EXP 	Device response: <KeyPress from None: t=1046.0720405000002, value=9, duration=None>
1046.2232 	EXP 	Device response: <KeyPress from None: t=1046.0720405000002, value=9, duration=0.1481850999997505>
1046.2975 	DATA 	Keypress: 9
1046.3060 	EXP 	Device response: <KeyPress from None: t=1046.2970826, value=9, duration=None>
1046.4397 	EXP 	Device response: <KeyPress from None: t=1046.2970826, value=9, duration=0.1286628999999948>
1046.4725 	DATA 	Keypress: 9
1046.4741 	EXP 	Device response: <KeyPress from None: t=1046.4701159, value=9, duration=None>
1046.5576 	EXP 	Device response: <KeyPress from None: t=1046.4701159, value=9, duration=0.08462679999990996>
1046.9477 	DATA 	Mouse: Left button down, pos=(967,246)
1046.9564 	EXP 	New trial (rep=11, index=6): <Trial 182 (6 in rep 11) data={'delay': 0.1, 'freq': 1000, 'condition': 'exp', 'thisN': 182, 'thisTrialN': 6, 'thisRepN': 11}>
1046.9724 	EXP 	text: autoDraw = False
1046.9724 	EXP 	textbox: autoDraw = False
1046.9724 	EXP 	polygon: autoDraw = True
1047.0068 	DATA 	Mouse:  Left button up, pos=(1000,260)
1047.4229 	EXP 	Device response: <KeyPress from None: t=1047.4102204, value=space, duration=None>
1047.4237 	DATA 	Keypress: space
1047.9061 	EXP 	Device response: <KeyPress from None: t=1044.0873794, value=space, duration=3.8061484000000974>
1047.9722 	INFO 	Keyboard events cleared
1047.9721 	EXP 	polygon: autoDraw = False
1047.9721 	EXP 	polygon_2: autoDraw = True
1048.4230 	EXP 	Device response: <KeyPress from None: t=1048.411, value=space, duration=None>
1048.4251 	DATA 	Keypress: space
1048.4389 	EXP 	polygon: autoDraw = False
1048.4389 	EXP 	polygon_2: autoDraw = False
1048.4394 	EXP 	Device response: <KeyPress from None: t=1045.0370243000002, value=space, duration=3.3919577999998864>
1048.5220 	EXP 	Sound sound_1 reached end of file
1048.5384 	EXP 	Playing sound sound_1 on speaker Speakers (Realtek(R) Audio)
1048.8380 	EXP 	Sound sound_1 stopped
1048.8569 	EXP 	text: autoDraw = True
1048.8569 	EXP 	textbox: autoDraw = True
1049.3994 	DATA 	Keypress: 9
1049.4113 	EXP 	Device response: <KeyPress from None: t=1049.3940809, value=9, duration=None>
1049.5234 	EXP 	Device response: <KeyPress from None: t=1049.3940809, value=9, duration=0.12702639999986332>
1049.6059 	DATA 	Keypress: 9
1049.6079 	EXP 	Device response: <KeyPress from None: t=1049.602992, value=9, duration=None>
1049.7063 	EXP 	Device response: <KeyPress from None: t=1049.602992, value=9, duration=0.0942466000000195>
1049.7894 	DATA 	Keypress: 9
1049.7909 	EXP 	Device response: <KeyPress from None: t=1049.7828197, value=9, duration=None>
1049.8738 	EXP 	Device response: <KeyPress from None: t=1049.7828197, value=9, duration=0.08808050000004641>
1050.5814 	DATA 	Mouse: Left button down, pos=(983,731)
1050.6773 	DATA 	Mouse:  Left button up, pos=(983,731)
1053.7599 	DATA 	Mouse: Left button down, pos=(1139,259)
1053.9069 	EXP 	New trial (rep=11, index=7): <Trial 183 (7 in rep 11) data={'delay': 0.7, 'freq': 1000, 'condition': 'exp', 'thisN': 183, 'thisTrialN': 7, 'thisRepN': 11}>
1053.9222 	EXP 	text: autoDraw = False
1053.9222 	EXP 	textbox: autoDraw = False
1053.9222 	EXP 	polygon: autoDraw = True
1053.9730 	DATA 	Mouse:  Left button up, pos=(1018,227)
1054.5396 	EXP 	Device response: <KeyPress from None: t=1054.5244109999999, value=space, duration=None>
1054.5403 	DATA 	Keypress: space
1054.7228 	EXP 	Device response: <KeyPress from None: t=1047.4102204, value=space, duration=7.302867399999855>
1054.9228 	INFO 	Keyboard events cleared
1054.9227 	EXP 	polygon: autoDraw = False
1054.9227 	EXP 	polygon_2: autoDraw = True
1056.0060 	EXP 	Device response: <KeyPress from None: t=1055.9907125999998, value=space, duration=None>
1056.0078 	DATA 	Keypress: space
1056.0223 	EXP 	polygon: autoDraw = False
1056.0223 	EXP 	polygon_2: autoDraw = False
1056.1718 	EXP 	Device response: <KeyPress from None: t=1048.411, value=space, duration=7.756948399999942>
1056.6897 	EXP 	Sound sound_1 reached end of file
1056.7059 	EXP 	Playing sound sound_1 on speaker Speakers (Realtek(R) Audio)
1056.9980 	EXP 	Sound sound_1 stopped
1057.0149 	EXP 	text: autoDraw = True
1057.0149 	EXP 	textbox: autoDraw = True
1057.4676 	DATA 	Keypress: 9
1057.4753 	EXP 	Device response: <KeyPress from None: t=1057.4652629000002, value=9, duration=None>
1057.5899 	EXP 	Device response: <KeyPress from None: t=1057.4652629000002, value=9, duration=0.12221109999984492>
1057.6898 	DATA 	Keypress: 9
1057.6917 	EXP 	Device response: <KeyPress from None: t=1057.6873773000002, value=9, duration=None>
1057.8073 	EXP 	Device response: <KeyPress from None: t=1057.6873773000002, value=9, duration=0.1100272999998424>
1057.8731 	DATA 	Keypress: 9
1057.8746 	EXP 	Device response: <KeyPress from None: t=1057.8663732, value=9, duration=None>
1057.9566 	EXP 	Device response: <KeyPress from None: t=1057.8663732, value=9, duration=0.08299160000012762>
1058.2649 	DATA 	Mouse: Left button down, pos=(951,192)
1058.2730 	EXP 	New trial (rep=11, index=8): <Trial 184 (8 in rep 11) data={'delay': 0.1, 'freq': 400, 'condition': 'unexp', 'thisN': 184, 'thisTrialN': 8, 'thisRepN': 11}>
1058.2893 	EXP 	text: autoDraw = False
1058.2893 	EXP 	textbox: autoDraw = False
1058.2893 	EXP 	polygon: autoDraw = True
1058.3742 	DATA 	Mouse:  Left button up, pos=(951,192)
1058.5561 	EXP 	Device response: <KeyPress from None: t=1058.5480954, value=space, duration=None>
1058.5571 	DATA 	Keypress: space
1058.5723 	EXP 	Device response: <KeyPress from None: t=1054.5244109999999, value=space, duration=4.04535670000007>
1058.5896 	EXP 	Device response: <KeyPress from None: t=1058.5861313, value=space, duration=None>
1058.5908 	DATA 	Keypress: space
1058.6727 	EXP 	Device response: <KeyPress from None: t=1055.9907125999998, value=space, duration=2.6783714000001737>
1059.2722 	INFO 	Keyboard events cleared
1059.2721 	EXP 	polygon_2: autoDraw = True
1059.2889 	EXP 	polygon: autoDraw = False
1059.9725 	EXP 	Device response: <KeyPress from None: t=1059.9710685999999, value=space, duration=None>
1059.9743 	DATA 	Keypress: space
1059.9884 	EXP 	polygon: autoDraw = False
1059.9884 	EXP 	polygon_2: autoDraw = False
1060.0558 	EXP 	Sound sound_1 reached end of file
1060.0721 	EXP 	Playing sound sound_1 on speaker Speakers (Realtek(R) Audio)
1060.0891 	EXP 	Device response: <KeyPress from None: t=1058.5480954, value=space, duration=1.538985499999967>
1060.3728 	EXP 	Sound sound_1 stopped
1060.3917 	EXP 	text: autoDraw = True
1060.3917 	EXP 	textbox: autoDraw = True
1061.7781 	DATA 	Keypress: 3
1061.7802 	EXP 	Device response: <KeyPress from None: t=1061.7739759, value=3, duration=None>
1061.8740 	EXP 	Device response: <KeyPress from None: t=1061.7739759, value=3, duration=0.09142359999998462>
1062.0896 	DATA 	Keypress: 5
1062.0908 	EXP 	Device response: <KeyPress from None: t=1062.0865008, value=5, duration=None>
1062.1892 	EXP 	Device response: <KeyPress from None: t=1062.0865008, value=5, duration=0.08720089999985703>
1062.5900 	DATA 	Keypress: 0
1062.5920 	EXP 	Device response: <KeyPress from None: t=1062.5895904, value=0, duration=None>
1062.7231 	EXP 	Device response: <KeyPress from None: t=1062.5895904, value=0, duration=0.12436630000013338>
1063.4238 	DATA 	Mouse: Left button down, pos=(951,192)
1063.4248 	EXP 	New trial (rep=11, index=9): <Trial 185 (9 in rep 11) data={'delay': 0.7, 'freq': 1000, 'condition': 'exp', 'thisN': 185, 'thisTrialN': 9, 'thisRepN': 11}>
1063.4391 	EXP 	text: autoDraw = False
1063.4391 	EXP 	textbox: autoDraw = False
1063.4391 	EXP 	polygon: autoDraw = True
1063.4903 	DATA 	Mouse:  Left button up, pos=(951,192)
1064.4234 	INFO 	Keyboard events cleared
1064.4232 	EXP 	polygon_2: autoDraw = True
1064.4410 	EXP 	polygon: autoDraw = False
1064.6743 	EXP 	Device response: <KeyPress from None: t=1064.6595045, value=space, duration=None>
1064.6762 	DATA 	Keypress: space
1064.6908 	EXP 	polygon: autoDraw = False
1064.6908 	EXP 	polygon_2: autoDraw = False
1064.8076 	EXP 	Device response: <KeyPress from None: t=1058.5861313, value=space, duration=6.210188399999993>
1065.3734 	EXP 	Sound sound_1 reached end of file
1065.3897 	EXP 	Playing sound sound_1 on speaker Speakers (Realtek(R) Audio)
1065.6937 	EXP 	Sound sound_1 stopped
1065.7136 	EXP 	text: autoDraw = True
1065.7136 	EXP 	textbox: autoDraw = True
1065.7895 	DATA 	Keypress: 7
1065.7913 	EXP 	Device response: <KeyPress from None: t=1065.7887113000002, value=7, duration=None>
1065.8895 	EXP 	Device response: <KeyPress from None: t=1065.7887113000002, value=7, duration=0.08829679999996642>
1066.5563 	DATA 	Keypress: 9
1066.5583 	EXP 	Device response: <KeyPress from None: t=1066.5496882000002, value=9, duration=None>
1066.6567 	EXP 	Device response: <KeyPress from None: t=1066.5496882000002, value=9, duration=0.0988961999997855>
1066.8808 	DATA 	Keypress: backspace
1066.8904 	EXP 	Device response: <KeyPress from None: t=1066.8789129000002, value=backspace, duration=None>
1067.0392 	EXP 	Device response: <KeyPress from None: t=1066.8789129000002, value=backspace, duration=0.14556599999980335>
1067.0978 	DATA 	Keypress: backspace
1067.1056 	EXP 	Device response: <KeyPress from None: t=1067.097162, value=backspace, duration=None>
1067.2114 	EXP 	Device response: <KeyPress from None: t=1067.097162, value=backspace, duration=0.10276149999992867>
1067.2883 	DATA 	Keypress: backspace
1067.2985 	EXP 	Device response: <KeyPress from None: t=1067.2795326, value=backspace, duration=None>
1067.3873 	EXP 	Device response: <KeyPress from None: t=1067.2795326, value=backspace, duration=0.10439770000004955>
1067.5784 	DATA 	Keypress: 9
1067.5800 	EXP 	Device response: <KeyPress from None: t=1067.5741532000002, value=9, duration=None>
1067.7058 	EXP 	Device response: <KeyPress from None: t=1067.5741532000002, value=9, duration=0.1212703999998439>
1067.8066 	DATA 	Keypress: 9
1067.8082 	EXP 	Device response: <KeyPress from None: t=1067.7979672000001, value=9, duration=None>
1067.8572 	EXP 	Device response: <KeyPress from None: t=1067.7979672000001, value=9, duration=0.05403709999984585>
1068.4274 	DATA 	Keypress: 8
1068.4392 	EXP 	Device response: <KeyPress from None: t=1068.4232367, value=8, duration=None>
1068.5558 	EXP 	Device response: <KeyPress from None: t=1068.4232367, value=8, duration=0.12075420000007853>
1069.2061 	DATA 	Keypress: backspace
1069.2074 	EXP 	Device response: <KeyPress from None: t=1069.2035458999999, value=backspace, duration=None>
1069.3238 	EXP 	Device response: <KeyPress from None: t=1069.2035458999999, value=backspace, duration=0.11773260000006758>
1069.5140 	DATA 	Keypress: 9
1069.5231 	EXP 	Device response: <KeyPress from None: t=1069.5130920000001, value=9, duration=None>
1069.6234 	EXP 	Device response: <KeyPress from None: t=1069.5130920000001, value=9, duration=0.10898439999994025>
1070.0613 	DATA 	Mouse: Left button down, pos=(951,192)
1070.0732 	EXP 	New trial (rep=11, index=10): <Trial 186 (10 in rep 11) data={'delay': 0.4, 'freq': 1000, 'condition': 'exp', 'thisN': 186, 'thisTrialN': 10, 'thisRepN': 11}>
1070.0895 	EXP 	text: autoDraw = False
1070.0895 	EXP 	textbox: autoDraw = False
1070.0895 	EXP 	polygon: autoDraw = True
1070.1405 	DATA 	Mouse:  Left button up, pos=(951,192)
1071.0724 	INFO 	Keyboard events cleared
1071.0723 	EXP 	polygon_2: autoDraw = True
1071.0894 	EXP 	polygon: autoDraw = False
1071.6728 	EXP 	Device response: <KeyPress from None: t=1071.6629262000001, value=space, duration=None>
1071.6749 	DATA 	Keypress: space
1071.6886 	EXP 	polygon: autoDraw = False
1071.6886 	EXP 	polygon_2: autoDraw = False
1071.8396 	EXP 	Device response: <KeyPress from None: t=1059.9710685999999, value=space, duration=11.852979200000277>
1072.0558 	EXP 	Sound sound_1 reached end of file
1072.0722 	EXP 	Playing sound sound_1 on speaker Speakers (Realtek(R) Audio)
1072.3706 	EXP 	Sound sound_1 stopped
1072.3910 	EXP 	text: autoDraw = True
1072.3910 	EXP 	textbox: autoDraw = True
1073.0481 	DATA 	Keypress: 9
1073.0592 	EXP 	Device response: <KeyPress from None: t=1073.046394, value=9, duration=None>
1073.1731 	EXP 	Device response: <KeyPress from None: t=1073.046394, value=9, duration=0.12230580000016289>
1073.2810 	DATA 	Keypress: 9
1073.2892 	EXP 	Device response: <KeyPress from None: t=1073.2797301, value=9, duration=None>
1073.3891 	EXP 	Device response: <KeyPress from None: t=1073.2797301, value=9, duration=0.09790289999989454>
1073.4809 	DATA 	Keypress: 9
1073.4889 	EXP 	Device response: <KeyPress from None: t=1073.4792634, value=9, duration=None>
1073.5890 	EXP 	Device response: <KeyPress from None: t=1073.4792634, value=9, duration=0.09780399999988276>
1074.0645 	DATA 	Mouse: Left button down, pos=(977,201)
1074.0735 	EXP 	New trial (rep=11, index=11): <Trial 187 (11 in rep 11) data={'delay': 0.4, 'freq': 1000, 'condition': 'exp', 'thisN': 187, 'thisTrialN': 11, 'thisRepN': 11}>
1074.0890 	EXP 	text: autoDraw = False
1074.0890 	EXP 	textbox: autoDraw = False
1074.0890 	EXP 	polygon: autoDraw = True
1074.1404 	DATA 	Mouse:  Left button up, pos=(977,201)
1075.0902 	INFO 	Keyboard events cleared
1075.0900 	EXP 	polygon: autoDraw = False
1075.0900 	EXP 	polygon_2: autoDraw = True
1075.3898 	EXP 	Device response: <KeyPress from None: t=1075.3822009, value=space, duration=None>
1075.3918 	DATA 	Keypress: space
1075.4055 	EXP 	polygon: autoDraw = False
1075.4055 	EXP 	polygon_2: autoDraw = False
1075.5730 	EXP 	Device response: <KeyPress from None: t=1064.6595045, value=space, duration=10.89903290000018>
1075.7890 	EXP 	Sound sound_1 reached end of file
1075.8054 	EXP 	Playing sound sound_1 on speaker Speakers (Realtek(R) Audio)
1076.1070 	EXP 	Sound sound_1 stopped
1076.1261 	EXP 	text: autoDraw = True
1076.1261 	EXP 	textbox: autoDraw = True
1076.5896 	DATA 	Keypress: 9
1076.6003 	EXP 	Device response: <KeyPress from None: t=1076.5812755000002, value=9, duration=None>
1076.7400 	EXP 	Device response: <KeyPress from None: t=1076.5812755000002, value=9, duration=0.15552629999990586>
1076.9227 	DATA 	Keypress: 9
1076.9241 	EXP 	Device response: <KeyPress from None: t=1076.9153513, value=9, duration=None>
1077.0728 	EXP 	Device response: <KeyPress from None: t=1076.9153513, value=9, duration=0.1416864999999916>
1077.1732 	DATA 	Keypress: 9
1077.1752 	EXP 	Device response: <KeyPress from None: t=1077.1706181, value=9, duration=None>
1077.3390 	EXP 	Device response: <KeyPress from None: t=1077.1706181, value=9, duration=0.1567258000001175>
1077.7479 	DATA 	Mouse: Left button down, pos=(977,201)
1077.7569 	EXP 	New trial (rep=11, index=12): <Trial 188 (12 in rep 11) data={'delay': 0.1, 'freq': 400, 'condition': 'unexp', 'thisN': 188, 'thisTrialN': 12, 'thisRepN': 11}>
1077.7721 	EXP 	text: autoDraw = False
1077.7721 	EXP 	textbox: autoDraw = False
1077.7721 	EXP 	polygon: autoDraw = True
1077.8733 	DATA 	Mouse:  Left button up, pos=(977,201)
1078.7719 	INFO 	Keyboard events cleared
1078.7718 	EXP 	polygon: autoDraw = False
1078.7718 	EXP 	polygon_2: autoDraw = True
1079.0558 	EXP 	Device response: <KeyPress from None: t=1079.0508249999998, value=space, duration=None>
1079.0578 	DATA 	Keypress: space
1079.0719 	EXP 	polygon: autoDraw = False
1079.0719 	EXP 	polygon_2: autoDraw = False
1079.1557 	EXP 	Sound sound_1 reached end of file
1079.1721 	EXP 	Playing sound sound_1 on speaker Speakers (Realtek(R) Audio)
1079.2395 	EXP 	Device response: <KeyPress from None: t=1071.6629262000001, value=space, duration=7.57362519999981>
1079.4712 	EXP 	Sound sound_1 stopped
1079.4915 	EXP 	text: autoDraw = True
1079.4915 	EXP 	textbox: autoDraw = True
1080.7565 	DATA 	Keypress: 3
1080.7576 	EXP 	Device response: <KeyPress from None: t=1080.7535959000002, value=3, duration=None>
1080.8899 	EXP 	Device response: <KeyPress from None: t=1080.7535959000002, value=3, duration=0.1327849999998989>
1081.0728 	DATA 	Keypress: 5
1081.0743 	EXP 	Device response: <KeyPress from None: t=1081.0704961000001, value=5, duration=None>
1081.2070 	EXP 	Device response: <KeyPress from None: t=1081.0704961000001, value=5, duration=0.13022739999985333>
1082.1935 	DATA 	Keypress: 0
1082.2059 	EXP 	Device response: <KeyPress from None: t=1082.1924669999999, value=0, duration=None>
1082.3392 	EXP 	Device response: <KeyPress from None: t=1082.1924669999999, value=0, duration=0.1328285000000733>
1083.3146 	DATA 	Mouse: Left button down, pos=(977,201)
1083.3234 	EXP 	New trial (rep=11, index=13): <Trial 189 (13 in rep 11) data={'delay': 0.7, 'freq': 1000, 'condition': 'exp', 'thisN': 189, 'thisTrialN': 13, 'thisRepN': 11}>
1083.3388 	EXP 	text: autoDraw = False
1083.3388 	EXP 	textbox: autoDraw = False
1083.3388 	EXP 	polygon: autoDraw = True
1083.3900 	DATA 	Mouse:  Left button up, pos=(977,201)
1084.3224 	INFO 	Keyboard events cleared
1084.3223 	EXP 	polygon_2: autoDraw = True
1084.3392 	EXP 	polygon: autoDraw = False
1085.2728 	EXP 	Device response: <KeyPress from None: t=1085.2685271, value=space, duration=None>
1085.2743 	DATA 	Keypress: space
1085.2890 	EXP 	polygon: autoDraw = False
1085.2890 	EXP 	polygon_2: autoDraw = False
1085.4558 	EXP 	Device response: <KeyPress from None: t=1075.3822009, value=space, duration=10.064634499999897>
1085.9725 	EXP 	Sound sound_1 reached end of file
1085.9887 	EXP 	Playing sound sound_1 on speaker Speakers (Realtek(R) Audio)
1086.2880 	EXP 	Sound sound_1 stopped
1086.3090 	EXP 	text: autoDraw = True
1086.3090 	EXP 	textbox: autoDraw = True
1086.5841 	DATA 	Keypress: 9
1086.5952 	EXP 	Device response: <KeyPress from None: t=1086.5829651, value=9, duration=None>
1086.7561 	EXP 	Device response: <KeyPress from None: t=1086.5829651, value=9, duration=0.16363970000008976>
1086.8277 	DATA 	Keypress: 9
1086.8397 	EXP 	Device response: <KeyPress from None: t=1086.8256256999998, value=9, duration=None>
1086.9744 	EXP 	Device response: <KeyPress from None: t=1086.8256256999998, value=9, duration=0.14293220000024576>
1087.0486 	DATA 	Keypress: 9
1087.0568 	EXP 	Device response: <KeyPress from None: t=1087.0478167, value=9, duration=None>
1087.1738 	EXP 	Device response: <KeyPress from None: t=1087.0478167, value=9, duration=0.11670709999987139>
1087.4900 	DATA 	Mouse: Left button down, pos=(977,201)
1087.4908 	EXP 	New trial (rep=11, index=14): <Trial 190 (14 in rep 11) data={'delay': 0.4, 'freq': 1000, 'condition': 'exp', 'thisN': 190, 'thisTrialN': 14, 'thisRepN': 11}>
1087.5052 	EXP 	text: autoDraw = False
1087.5052 	EXP 	textbox: autoDraw = False
1087.5052 	EXP 	polygon: autoDraw = True
1087.5907 	DATA 	Mouse:  Left button up, pos=(977,201)
1088.5052 	INFO 	Keyboard events cleared
1088.5051 	EXP 	polygon: autoDraw = False
1088.5051 	EXP 	polygon_2: autoDraw = True
1088.9393 	EXP 	Device response: <KeyPress from None: t=1088.9280340999999, value=space, duration=None>
1088.9409 	DATA 	Keypress: space
1088.9557 	EXP 	polygon: autoDraw = False
1088.9557 	EXP 	polygon_2: autoDraw = False
1089.1393 	EXP 	Device response: <KeyPress from None: t=1079.0508249999998, value=space, duration=10.08195470000021>
1089.3224 	EXP 	Sound sound_1 reached end of file
1089.3388 	EXP 	Playing sound sound_1 on speaker Speakers (Realtek(R) Audio)
1089.6402 	EXP 	Sound sound_1 stopped
1089.6574 	EXP 	text: autoDraw = True
1089.6574 	EXP 	textbox: autoDraw = True
1090.1244 	DATA 	Keypress: 9
1090.1318 	EXP 	Device response: <KeyPress from None: t=1090.1217342999998, value=9, duration=None>
1090.2557 	EXP 	Device response: <KeyPress from None: t=1090.1217342999998, value=9, duration=0.12439100000017334>
1090.3399 	DATA 	Keypress: 9
1090.3417 	EXP 	Device response: <KeyPress from None: t=1090.3380935, value=9, duration=None>
1090.7397 	EXP 	Device response: <KeyPress from None: t=1090.3380935, value=9, duration=0.3927337999999736>
1090.9728 	DATA 	Keypress: 9
1090.9743 	EXP 	Device response: <KeyPress from None: t=1090.9715311999998, value=9, duration=None>
1091.1069 	EXP 	Device response: <KeyPress from None: t=1090.9715311999998, value=9, duration=0.13376980000009553>
1092.0237 	DATA 	Mouse: Left button down, pos=(981,200)
1092.0248 	EXP 	New trial (rep=11, index=15): <Trial 191 (15 in rep 11) data={'delay': 0.7, 'freq': 1000, 'condition': 'exp', 'thisN': 191, 'thisTrialN': 15, 'thisRepN': 11}>
1092.0396 	EXP 	text: autoDraw = False
1092.0396 	EXP 	textbox: autoDraw = False
1092.0396 	EXP 	polygon: autoDraw = True
1092.2562 	DATA 	Mouse:  Left button up, pos=(981,200)
1093.0389 	INFO 	Keyboard events cleared
1093.0387 	EXP 	polygon: autoDraw = False
1093.0387 	EXP 	polygon_2: autoDraw = True
1093.3562 	EXP 	Device response: <KeyPress from None: t=1093.3450576999999, value=space, duration=None>
1093.3578 	DATA 	Keypress: space
1093.3727 	EXP 	polygon: autoDraw = False
1093.3727 	EXP 	polygon_2: autoDraw = False
1093.5061 	EXP 	Device response: <KeyPress from None: t=1085.2685271, value=space, duration=8.222167100000092>
1094.0566 	EXP 	Sound sound_1 reached end of file
1094.0727 	EXP 	Playing sound sound_1 on speaker Speakers (Realtek(R) Audio)
1094.3725 	EXP 	Sound sound_1 stopped
1094.3906 	EXP 	text: autoDraw = True
1094.3906 	EXP 	textbox: autoDraw = True
1095.1197 	DATA 	Keypress: 9
1095.1274 	EXP 	Device response: <KeyPress from None: t=1095.1169418999998, value=9, duration=None>
1095.2899 	EXP 	Device response: <KeyPress from None: t=1095.1169418999998, value=9, duration=0.1695516000003181>
1095.3941 	DATA 	Keypress: 9
1095.4057 	EXP 	Device response: <KeyPress from None: t=1095.3905158000002, value=9, duration=None>
1095.5236 	EXP 	Device response: <KeyPress from None: t=1095.3905158000002, value=9, duration=0.1271964999997408>
1095.6228 	DATA 	Keypress: 9
1095.6246 	EXP 	Device response: <KeyPress from None: t=1095.6159624000002, value=9, duration=None>
1095.7567 	EXP 	Device response: <KeyPress from None: t=1095.6159624000002, value=9, duration=0.13627569999982825>
1096.4231 	DATA 	Mouse: Left button down, pos=(981,200)
1096.4240 	EXP 	New trial (rep=12, index=0): <Trial 192 (0 in rep 12) data={'delay': 0.7, 'freq': 1000, 'condition': 'exp', 'thisN': 192, 'thisTrialN': 0, 'thisRepN': 12}>
1096.4390 	EXP 	text: autoDraw = False
1096.4390 	EXP 	textbox: autoDraw = False
1096.4390 	EXP 	polygon: autoDraw = True
1096.6566 	DATA 	Mouse:  Left button up, pos=(981,200)
1097.4395 	INFO 	Keyboard events cleared
1097.4394 	EXP 	polygon: autoDraw = False
1097.4394 	EXP 	polygon_2: autoDraw = True
1098.8061 	EXP 	Device response: <KeyPress from None: t=1098.8038637, value=space, duration=None>
1098.8076 	DATA 	Keypress: space
1098.8225 	EXP 	polygon: autoDraw = False
1098.8225 	EXP 	polygon_2: autoDraw = False
1098.9400 	EXP 	Device response: <KeyPress from None: t=1088.9280340999999, value=space, duration=10.010441300000252>
1099.4889 	EXP 	Sound sound_1 reached end of file
1099.5053 	EXP 	Playing sound sound_1 on speaker Speakers (Realtek(R) Audio)
1099.8084 	EXP 	Sound sound_1 stopped
1099.8259 	EXP 	text: autoDraw = True
1099.8259 	EXP 	textbox: autoDraw = True
1100.5452 	DATA 	Keypress: 9
1100.5524 	EXP 	Device response: <KeyPress from None: t=1100.5448262, value=9, duration=None>
1100.7398 	EXP 	Device response: <KeyPress from None: t=1100.5448262, value=9, duration=0.18362949999993816>
1101.2064 	DATA 	Keypress: 9
1101.2076 	EXP 	Device response: <KeyPress from None: t=1101.1979826000002, value=9, duration=None>
1101.4076 	EXP 	Device response: <KeyPress from None: t=1101.1979826000002, value=9, duration=0.20559049999985746>
1101.5567 	DATA 	Keypress: 9
1101.5585 	EXP 	Device response: <KeyPress from None: t=1101.5541587000002, value=9, duration=None>
1101.7234 	EXP 	Device response: <KeyPress from None: t=1101.5541587000002, value=9, duration=0.16080789999966782>
1102.4145 	DATA 	Mouse: Left button down, pos=(981,200)
1102.4231 	EXP 	New trial (rep=12, index=1): <Trial 193 (1 in rep 12) data={'delay': 0.1, 'freq': 400, 'condition': 'unexp', 'thisN': 193, 'thisTrialN': 1, 'thisRepN': 12}>
1102.4394 	EXP 	text: autoDraw = False
1102.4394 	EXP 	textbox: autoDraw = False
1102.4394 	EXP 	polygon: autoDraw = True
1102.6230 	DATA 	Mouse:  Left button up, pos=(981,200)
1102.6896 	DATA 	Mouse: Left button down, pos=(981,200)
1102.8573 	DATA 	Mouse:  Left button up, pos=(981,200)
1103.4229 	INFO 	Keyboard events cleared
1103.4228 	EXP 	polygon_2: autoDraw = True
1103.4392 	EXP 	polygon: autoDraw = False
1104.5062 	EXP 	Device response: <KeyPress from None: t=1104.4980380000002, value=space, duration=None>
1104.5081 	DATA 	Keypress: space
1104.5228 	EXP 	polygon: autoDraw = False
1104.5228 	EXP 	polygon_2: autoDraw = False
1104.5892 	EXP 	Sound sound_1 reached end of file
1104.6056 	EXP 	Playing sound sound_1 on speaker Speakers (Realtek(R) Audio)
1104.6559 	EXP 	Device response: <KeyPress from None: t=1093.3450576999999, value=space, duration=11.302898000000255>
1104.9055 	EXP 	Sound sound_1 stopped
1104.9232 	EXP 	text: autoDraw = True
1104.9232 	EXP 	textbox: autoDraw = True
1106.0592 	DATA 	Keypress: 3
1106.0607 	EXP 	Device response: <KeyPress from None: t=1106.0561698000001, value=3, duration=None>
1106.1559 	EXP 	Device response: <KeyPress from None: t=1106.0561698000001, value=3, duration=0.08737929999995231>
1106.4399 	DATA 	Keypress: 5
1106.4414 	EXP 	Device response: <KeyPress from None: t=1106.4318079, value=5, duration=None>
1106.5892 	EXP 	Device response: <KeyPress from None: t=1106.4318079, value=5, duration=0.14247390000002724>
1107.6231 	DATA 	Keypress: 0
1107.6244 	EXP 	Device response: <KeyPress from None: t=1107.6205678000001, value=0, duration=None>
1107.8397 	EXP 	Device response: <KeyPress from None: t=1107.6205678000001, value=0, duration=0.20315099999982067>
1109.1304 	DATA 	Mouse: Left button down, pos=(981,200)
1109.1405 	EXP 	New trial (rep=12, index=2): <Trial 194 (2 in rep 12) data={'delay': 0.1, 'freq': 1000, 'condition': 'exp', 'thisN': 194, 'thisTrialN': 2, 'thisRepN': 12}>
1109.1553 	EXP 	text: autoDraw = False
1109.1553 	EXP 	textbox: autoDraw = False
1109.1553 	EXP 	polygon: autoDraw = True
1109.8235 	DATA 	Mouse:  Left button up, pos=(959,214)
1110.1565 	INFO 	Keyboard events cleared
1110.1563 	EXP 	polygon: autoDraw = False
1110.1563 	EXP 	polygon_2: autoDraw = True
1110.9890 	EXP 	Device response: <KeyPress from None: t=1110.9811132, value=space, duration=None>
1110.9906 	DATA 	Keypress: space
1111.0058 	EXP 	polygon: autoDraw = False
1111.0058 	EXP 	polygon_2: autoDraw = False
1111.0724 	EXP 	Sound sound_1 reached end of file
1111.0888 	EXP 	Playing sound sound_1 on speaker Speakers (Realtek(R) Audio)
1111.1233 	EXP 	Device response: <KeyPress from None: t=1098.8038637, value=space, duration=12.318096900000114>
1111.3834 	EXP 	Sound sound_1 stopped
1111.4014 	EXP 	text: autoDraw = True
1111.4014 	EXP 	textbox: autoDraw = True
1112.3260 	DATA 	Keypress: 9
1112.3275 	EXP 	Device response: <KeyPress from None: t=1112.3235742000002, value=9, duration=None>
1112.4741 	EXP 	Device response: <KeyPress from None: t=1112.3235742000002, value=9, duration=0.14874769999994442>
1112.5780 	DATA 	Keypress: 9
1112.5889 	EXP 	Device response: <KeyPress from None: t=1112.5774144000002, value=9, duration=None>
1112.6737 	EXP 	Device response: <KeyPress from None: t=1112.5774144000002, value=9, duration=0.089567799999827>
1112.7575 	DATA 	Keypress: 9
1112.7594 	EXP 	Device response: <KeyPress from None: t=1112.7543736000002, value=9, duration=None>
1112.8407 	EXP 	Device response: <KeyPress from None: t=1112.7543736000002, value=9, duration=0.07759639999983392>
1114.9574 	DATA 	Mouse: Left button down, pos=(959,214)
1114.9582 	EXP 	New trial (rep=12, index=3): <Trial 195 (3 in rep 12) data={'delay': 0.1, 'freq': 1000, 'condition': 'exp', 'thisN': 195, 'thisTrialN': 3, 'thisRepN': 12}>
1114.9722 	EXP 	text: autoDraw = False
1114.9722 	EXP 	textbox: autoDraw = False
1114.9722 	EXP 	polygon: autoDraw = True
1115.1901 	DATA 	Mouse:  Left button up, pos=(959,214)
1115.2737 	DATA 	Mouse: Left button down, pos=(959,214)
1115.3903 	DATA 	Mouse:  Left button up, pos=(959,214)
1115.4568 	DATA 	Mouse: Left button down, pos=(959,214)
1115.6076 	DATA 	Mouse:  Left button up, pos=(959,214)
1115.9721 	INFO 	Keyboard events cleared
1115.9720 	EXP 	polygon: autoDraw = False
1115.9720 	EXP 	polygon_2: autoDraw = True
1116.4393 	EXP 	Device response: <KeyPress from None: t=1116.4341469, value=space, duration=None>
1116.4409 	DATA 	Keypress: space
1116.4552 	EXP 	polygon: autoDraw = False
1116.4552 	EXP 	polygon_2: autoDraw = False
1116.5230 	EXP 	Sound sound_1 reached end of file
1116.5393 	EXP 	Playing sound sound_1 on speaker Speakers (Realtek(R) Audio)
1116.6730 	EXP 	Device response: <KeyPress from None: t=1104.4980380000002, value=space, duration=12.160104799999885>
1116.8338 	EXP 	Sound sound_1 stopped
1116.8515 	EXP 	text: autoDraw = True
1116.8515 	EXP 	textbox: autoDraw = True
1117.2782 	DATA 	Keypress: 9
1117.2803 	EXP 	Device response: <KeyPress from None: t=1117.2764278999998, value=9, duration=None>
1117.4228 	EXP 	Device response: <KeyPress from None: t=1117.2764278999998, value=9, duration=0.13064650000012534>
1117.5100 	DATA 	Keypress: 9
1117.5230 	EXP 	Device response: <KeyPress from None: t=1117.5064468, value=9, duration=None>
1117.6062 	EXP 	Device response: <KeyPress from None: t=1117.5064468, value=9, duration=0.08400419999986752>
1117.6948 	DATA 	Keypress: 9
1117.7062 	EXP 	Device response: <KeyPress from None: t=1117.6918993, value=9, duration=None>
1117.8058 	EXP 	Device response: <KeyPress from None: t=1117.6918993, value=9, duration=0.10390590000008615>
1119.5066 	DATA 	Mouse: Left button down, pos=(959,214)
1119.5075 	EXP 	New trial (rep=12, index=4): <Trial 196 (4 in rep 12) data={'delay': 0.1, 'freq': 400, 'condition': 'unexp', 'thisN': 196, 'thisTrialN': 4, 'thisRepN': 12}>
1119.5222 	EXP 	text: autoDraw = False
1119.5222 	EXP 	textbox: autoDraw = False
1119.5222 	EXP 	polygon: autoDraw = True
1119.6405 	DATA 	Mouse:  Left button up, pos=(959,214)
1119.7571 	DATA 	Mouse: Left button down, pos=(959,214)
1119.9566 	DATA 	Mouse:  Left button up, pos=(959,214)
1120.0234 	DATA 	Mouse: Left button down, pos=(959,214)
1120.1908 	DATA 	Mouse:  Left button up, pos=(959,214)
1120.5232 	INFO 	Keyboard events cleared
1120.5230 	EXP 	polygon: autoDraw = False
1120.5230 	EXP 	polygon_2: autoDraw = True
1121.4398 	EXP 	Device response: <KeyPress from None: t=1121.4391994000002, value=space, duration=None>
1121.4420 	DATA 	Keypress: space
1121.4557 	EXP 	polygon: autoDraw = False
1121.4557 	EXP 	polygon_2: autoDraw = False
1121.5391 	EXP 	Sound sound_1 reached end of file
1121.5555 	EXP 	Playing sound sound_1 on speaker Speakers (Realtek(R) Audio)
1121.5732 	EXP 	Device response: <KeyPress from None: t=1110.9811132, value=space, duration=10.591657900000087>
1121.8555 	EXP 	Sound sound_1 stopped
1121.8762 	EXP 	text: autoDraw = True
1121.8762 	EXP 	textbox: autoDraw = True
1123.1686 	DATA 	Keypress: 4
1123.1794 	EXP 	Device response: <KeyPress from None: t=1123.1660058000002, value=4, duration=None>
1123.2735 	EXP 	Device response: <KeyPress from None: t=1123.1660058000002, value=4, duration=0.09479519999979402>
1123.8474 	DATA 	Keypress: backspace
1123.8564 	EXP 	Device response: <KeyPress from None: t=1123.8470201999999, value=backspace, duration=None>
1124.1069 	EXP 	Device response: <KeyPress from None: t=1123.8470201999999, value=backspace, duration=0.2449303000001919>
1124.8794 	DATA 	Keypress: 3
1124.8903 	EXP 	Device response: <KeyPress from None: t=1124.8760443, value=3, duration=None>
1125.0061 	EXP 	Device response: <KeyPress from None: t=1124.8760443, value=3, duration=0.11791279999999915>
1125.7277 	DATA 	Keypress: 5
1125.7394 	EXP 	Device response: <KeyPress from None: t=1125.7269244, value=5, duration=None>
1125.8897 	EXP 	Device response: <KeyPress from None: t=1125.7269244, value=5, duration=0.15165750000016942>
1126.7730 	DATA 	Keypress: minus
1126.7742 	EXP 	Device response: <KeyPress from None: t=1126.7658717, value=minus, duration=None>
1126.9745 	EXP 	Device response: <KeyPress from None: t=1126.7658717, value=minus, duration=0.20377540000015415>
1127.6399 	DATA 	Keypress: equal
1127.6737 	EXP 	Device response: <KeyPress from None: t=1127.6371755999999, value=equal, duration=None>
1127.7739 	EXP 	Device response: <KeyPress from None: t=1127.6371755999999, value=equal, duration=0.12627290000011726>
1127.9899 	DATA 	Keypress: backspace
1127.9918 	EXP 	Device response: <KeyPress from None: t=1127.9865123, value=backspace, duration=None>
1128.1906 	EXP 	Device response: <KeyPress from None: t=1127.9865123, value=backspace, duration=0.19649540000011712>
1128.2610 	DATA 	Keypress: backspace
1128.2728 	EXP 	Device response: <KeyPress from None: t=1128.2566978, value=backspace, duration=None>
1128.4067 	EXP 	Device response: <KeyPress from None: t=1128.2566978, value=backspace, duration=0.13383809999993446>
1128.4909 	DATA 	Keypress: 0
1128.4924 	EXP 	Device response: <KeyPress from None: t=1128.4895511999998, value=0, duration=None>
1128.6395 	EXP 	Device response: <KeyPress from None: t=1128.4895511999998, value=0, duration=0.14017310000019734>
1129.6566 	DATA 	Mouse: Left button down, pos=(959,214)
1129.6576 	EXP 	New trial (rep=12, index=5): <Trial 197 (5 in rep 12) data={'delay': 0.4, 'freq': 1000, 'condition': 'exp', 'thisN': 197, 'thisTrialN': 5, 'thisRepN': 12}>
1129.6724 	EXP 	text: autoDraw = False
1129.6724 	EXP 	textbox: autoDraw = False
1129.6724 	EXP 	polygon: autoDraw = True
1129.8904 	DATA 	Mouse:  Left button up, pos=(959,214)
1129.9565 	DATA 	Mouse: Left button down, pos=(959,214)
1130.2230 	DATA 	Mouse:  Left button up, pos=(957,217)
1130.6724 	INFO 	Keyboard events cleared
1130.6722 	EXP 	polygon: autoDraw = False
1130.6722 	EXP 	polygon_2: autoDraw = True
1131.0399 	EXP 	Device response: <KeyPress from None: t=1131.0299022, value=space, duration=None>
1131.0418 	DATA 	Keypress: space
1131.0557 	EXP 	polygon: autoDraw = False
1131.0557 	EXP 	polygon_2: autoDraw = False
1131.1732 	EXP 	Device response: <KeyPress from None: t=1116.4341469, value=space, duration=14.728871400000003>
1131.4232 	EXP 	Sound sound_1 reached end of file
1131.4394 	EXP 	Playing sound sound_1 on speaker Speakers (Realtek(R) Audio)
1131.7343 	EXP 	Sound sound_1 stopped
1131.7524 	EXP 	text: autoDraw = True
1131.7524 	EXP 	textbox: autoDraw = True
1132.2588 	DATA 	Keypress: 9
1132.2694 	EXP 	Device response: <KeyPress from None: t=1132.2556762, value=9, duration=None>
1132.4428 	EXP 	Device response: <KeyPress from None: t=1132.2556762, value=9, duration=0.17749320000018542>
1132.5237 	DATA 	Keypress: 9
1132.5254 	EXP 	Device response: <KeyPress from None: t=1132.5207818, value=9, duration=None>
1132.6731 	EXP 	Device response: <KeyPress from None: t=1132.5207818, value=9, duration=0.13999930000011318>
1132.7635 	DATA 	Keypress: 9
1132.7728 	EXP 	Device response: <KeyPress from None: t=1132.7630672999999, value=9, duration=None>
1132.9244 	EXP 	Device response: <KeyPress from None: t=1132.7630672999999, value=9, duration=0.15998720000004596>
1133.2232 	DATA 	Keypress: space
1133.2250 	EXP 	Device response: <KeyPress from None: t=1133.2210476999999, value=space, duration=None>
1133.3729 	EXP 	Device response: <KeyPress from None: t=1121.4391994000002, value=space, duration=11.92143069999986>
1134.2814 	DATA 	Mouse: Left button down, pos=(957,217)
1134.2903 	EXP 	New trial (rep=12, index=6): <Trial 198 (6 in rep 12) data={'delay': 0.4, 'freq': 400, 'condition': 'unexp', 'thisN': 198, 'thisTrialN': 6, 'thisRepN': 12}>
1134.3065 	EXP 	text: autoDraw = False
1134.3065 	EXP 	textbox: autoDraw = False
1134.3065 	EXP 	polygon: autoDraw = True
1134.4902 	DATA 	Mouse:  Left button up, pos=(957,217)
1134.5570 	DATA 	Mouse: Left button down, pos=(957,217)
1134.7566 	DATA 	Mouse:  Left button up, pos=(957,217)
1134.8076 	DATA 	Mouse: Left button down, pos=(957,217)
1134.9733 	DATA 	Mouse:  Left button up, pos=(957,217)
1135.2891 	INFO 	Keyboard events cleared
1135.2890 	EXP 	polygon_2: autoDraw = True
1135.3063 	EXP 	polygon: autoDraw = False
1137.0559 	EXP 	Device response: <KeyPress from None: t=1137.0531540000002, value=space, duration=None>
1137.0580 	DATA 	Keypress: space
1137.0727 	EXP 	polygon: autoDraw = False
1137.0727 	EXP 	polygon_2: autoDraw = False
1137.2396 	EXP 	Device response: <KeyPress from None: t=1131.0299022, value=space, duration=6.201258900000198>
1137.4396 	EXP 	Sound sound_1 reached end of file
1137.4559 	EXP 	Playing sound sound_1 on speaker Speakers (Realtek(R) Audio)
1137.7503 	EXP 	Sound sound_1 stopped
1137.7681 	EXP 	text: autoDraw = True
1137.7681 	EXP 	textbox: autoDraw = True
1139.3790 	DATA 	Keypress: 3
1139.3804 	EXP 	Device response: <KeyPress from None: t=1139.3762201, value=3, duration=None>
1139.5059 	EXP 	Device response: <KeyPress from None: t=1139.3762201, value=3, duration=0.11748530000011215>
1140.0734 	DATA 	Keypress: 5
1140.0751 	EXP 	Device response: <KeyPress from None: t=1140.070995, value=5, duration=None>
1140.2067 	EXP 	Device response: <KeyPress from None: t=1140.070995, value=5, duration=0.13265450000005785>
1141.2230 	DATA 	Keypress: 0
1141.2250 	EXP 	Device response: <KeyPress from None: t=1141.2203008000001, value=0, duration=None>
1141.3903 	EXP 	Device response: <KeyPress from None: t=1141.2203008000001, value=0, duration=0.16197139999997034>
1142.3449 	DATA 	Mouse: Left button down, pos=(957,217)
1142.3579 	EXP 	New trial (rep=12, index=7): <Trial 199 (7 in rep 12) data={'delay': 0.4, 'freq': 1000, 'condition': 'exp', 'thisN': 199, 'thisTrialN': 7, 'thisRepN': 12}>
1142.3727 	EXP 	text: autoDraw = False
1142.3727 	EXP 	textbox: autoDraw = False
1142.3727 	EXP 	polygon: autoDraw = True
1142.5408 	DATA 	Mouse:  Left button up, pos=(957,217)
1142.6068 	DATA 	Mouse: Left button down, pos=(957,217)
1142.7563 	DATA 	Mouse:  Left button up, pos=(957,217)
1142.8073 	DATA 	Mouse: Left button down, pos=(957,217)
1143.3729 	INFO 	Keyboard events cleared
1143.3728 	EXP 	polygon: autoDraw = False
1143.3728 	EXP 	polygon_2: autoDraw = True
1144.0069 	DATA 	Mouse:  Left button up, pos=(1072,328)
1144.4569 	EXP 	Device response: <KeyPress from None: t=1144.4554146, value=space, duration=None>
1144.4590 	DATA 	Keypress: space
1144.4721 	EXP 	polygon: autoDraw = False
1144.4721 	EXP 	polygon_2: autoDraw = False
1144.6894 	EXP 	Device response: <KeyPress from None: t=1133.2210476999999, value=space, duration=11.466662700000256>
1144.8560 	EXP 	Sound sound_1 reached end of file
1144.8723 	EXP 	Playing sound sound_1 on speaker Speakers (Realtek(R) Audio)
1145.1732 	EXP 	Sound sound_1 stopped
1145.1938 	EXP 	text: autoDraw = True
1145.1938 	EXP 	textbox: autoDraw = True
1145.8468 	DATA 	Keypress: 9
1145.8578 	EXP 	Device response: <KeyPress from None: t=1145.8454482000002, value=9, duration=None>
1146.0078 	EXP 	Device response: <KeyPress from None: t=1145.8454482000002, value=9, duration=0.16010119999975814>
1146.1234 	DATA 	Keypress: 9
1146.1256 	EXP 	Device response: <KeyPress from None: t=1146.1196229000002, value=9, duration=None>
1146.2731 	EXP 	Device response: <KeyPress from None: t=1146.1196229000002, value=9, duration=0.13865889999976844>
1146.4233 	DATA 	Keypress: 9
1146.4249 	EXP 	Device response: <KeyPress from None: t=1146.4200704999998, value=9, duration=None>
1146.6403 	EXP 	Device response: <KeyPress from None: t=1146.4200704999998, value=9, duration=0.21118700000022272>
1147.4277 	DATA 	Mouse: Left button down, pos=(1067,328)
1147.7578 	EXP 	New trial (rep=12, index=8): <Trial 200 (8 in rep 12) data={'delay': 0.4, 'freq': 1000, 'condition': 'exp', 'thisN': 200, 'thisTrialN': 8, 'thisRepN': 12}>
1147.7722 	EXP 	text: autoDraw = False
1147.7722 	EXP 	textbox: autoDraw = False
1147.7722 	EXP 	polygon: autoDraw = True
1148.0737 	DATA 	Mouse:  Left button up, pos=(1041,224)
1148.7728 	INFO 	Keyboard events cleared
1148.7726 	EXP 	polygon: autoDraw = False
1148.7726 	EXP 	polygon_2: autoDraw = True
1149.3066 	EXP 	Device response: <KeyPress from None: t=1149.3044095999999, value=space, duration=None>
1149.3081 	DATA 	Keypress: space
1149.3224 	EXP 	polygon: autoDraw = False
1149.3224 	EXP 	polygon_2: autoDraw = False
1149.5060 	EXP 	Device response: <KeyPress from None: t=1137.0531540000002, value=space, duration=12.44802859999993>
1149.6919 	EXP 	Sound sound_1 reached end of file
1149.7082 	EXP 	Playing sound sound_1 on speaker Speakers (Realtek(R) Audio)
1150.0048 	EXP 	Sound sound_1 stopped
1150.0250 	EXP 	text: autoDraw = True
1150.0250 	EXP 	textbox: autoDraw = True
1150.7086 	DATA 	Keypress: 0
1150.7103 	EXP 	Device response: <KeyPress from None: t=1150.7059838, value=0, duration=None>
1150.8911 	EXP 	Device response: <KeyPress from None: t=1150.7059838, value=0, duration=0.18280799999990904>
1151.0774 	DATA 	Keypress: 0
1151.0894 	EXP 	Device response: <KeyPress from None: t=1151.0757512, value=0, duration=None>
1151.2399 	EXP 	Device response: <KeyPress from None: t=1151.0757512, value=0, duration=0.14874640000005002>
1151.5400 	DATA 	Keypress: backspace
1151.5415 	EXP 	Device response: <KeyPress from None: t=1151.5324077999999, value=backspace, duration=None>
1151.7244 	EXP 	Device response: <KeyPress from None: t=1151.5324077999999, value=backspace, duration=0.18267920000005233>
1151.8770 	DATA 	Keypress: backspace
1151.8893 	EXP 	Device response: <KeyPress from None: t=1151.8738084000001, value=backspace, duration=None>
1152.0415 	EXP 	Device response: <KeyPress from None: t=1151.8738084000001, value=backspace, duration=0.15757449999989603>
1152.1474 	DATA 	Keypress: backspace
1152.1579 	EXP 	Device response: <KeyPress from None: t=1152.1437990999998, value=backspace, duration=None>
1152.3076 	EXP 	Device response: <KeyPress from None: t=1152.1437990999998, value=backspace, duration=0.1467400000002499>
1152.5830 	DATA 	Keypress: 0
1152.5946 	EXP 	Device response: <KeyPress from None: t=1152.5794716999999, value=0, duration=None>
1152.7232 	EXP 	Device response: <KeyPress from None: t=1152.5794716999999, value=0, duration=0.13083800000015344>
1152.9273 	DATA 	Keypress: 9
1152.9393 	EXP 	Device response: <KeyPress from None: t=1152.9244815000002, value=9, duration=None>
1153.1071 	EXP 	Device response: <KeyPress from None: t=1152.9244815000002, value=9, duration=0.17701019999992695>
1153.2820 	DATA 	Keypress: backspace
1153.2896 	EXP 	Device response: <KeyPress from None: t=1153.2810583, value=backspace, duration=None>
1153.4577 	EXP 	Device response: <KeyPress from None: t=1153.2810583, value=backspace, duration=0.17434309999987363>
1153.5235 	DATA 	Keypress: backspace
1153.5249 	EXP 	Device response: <KeyPress from None: t=1153.522391, value=backspace, duration=None>
1153.6744 	EXP 	Device response: <KeyPress from None: t=1153.522391, value=backspace, duration=0.14017200000000685>
1153.9639 	DATA 	Keypress: 9
1153.9747 	EXP 	Device response: <KeyPress from None: t=1153.9565105000001, value=9, duration=None>
1154.1410 	EXP 	Device response: <KeyPress from None: t=1153.9565105000001, value=9, duration=0.18085489999987203>
1154.3064 	DATA 	Keypress: 9
1154.3076 	EXP 	Device response: <KeyPress from None: t=1154.300748, value=9, duration=None>
1154.4732 	EXP 	Device response: <KeyPress from None: t=1154.300748, value=9, duration=0.159449299999892>
1154.6394 	DATA 	Keypress: 9
1154.6406 	EXP 	Device response: <KeyPress from None: t=1154.6337012, value=9, duration=None>
1154.7742 	EXP 	Device response: <KeyPress from None: t=1154.6337012, value=9, duration=0.13061190000018996>
1155.3403 	DATA 	Keypress: 9
1155.3422 	EXP 	Device response: <KeyPress from None: t=1155.3324202, value=9, duration=None>
1155.4732 	EXP 	Device response: <KeyPress from None: t=1155.3324202, value=9, duration=0.1258199000002378>
1156.4065 	DATA 	Keypress: backslash
1156.4083 	EXP 	Device response: <KeyPress from None: t=1156.3993879, value=backslash, duration=None>
1156.5561 	EXP 	Device response: <KeyPress from None: t=1156.3993879, value=backslash, duration=0.1487101000001303>
1157.7568 	DATA 	Keypress: backspace
1157.7583 	EXP 	Device response: <KeyPress from None: t=1157.7521729999999, value=backspace, duration=None>
1157.9237 	EXP 	Device response: <KeyPress from None: t=1157.7521729999999, value=backspace, duration=0.16892840000025444>
1158.0232 	DATA 	Keypress: backspace
1158.0249 	EXP 	Device response: <KeyPress from None: t=1158.0212102, value=backspace, duration=None>
1158.1730 	EXP 	Device response: <KeyPress from None: t=1158.0212102, value=backspace, duration=0.13848990000008143>
1160.1067 	DATA 	Mouse: Left button down, pos=(903,206)
1160.1076 	EXP 	New trial (rep=12, index=9): <Trial 201 (9 in rep 12) data={'delay': 0.1, 'freq': 1000, 'condition': 'exp', 'thisN': 201, 'thisTrialN': 9, 'thisRepN': 12}>
1160.1217 	EXP 	text: autoDraw = False
1160.1217 	EXP 	textbox: autoDraw = False
1160.1217 	EXP 	polygon: autoDraw = True
1160.3573 	DATA 	Mouse:  Left button up, pos=(903,206)
1160.4237 	DATA 	Mouse: Left button down, pos=(903,206)
1160.5565 	DATA 	Mouse:  Left button up, pos=(903,206)
1160.6233 	DATA 	Mouse: Left button down, pos=(903,206)
1160.7905 	DATA 	Mouse:  Left button up, pos=(903,206)
1161.1226 	INFO 	Keyboard events cleared
1161.1225 	EXP 	polygon: autoDraw = False
1161.1225 	EXP 	polygon_2: autoDraw = True
1164.5906 	DATA 	Mouse: Left button down, pos=(912,247)
1164.7229 	EXP 	Device response: <KeyPress from None: t=1164.7131699000001, value=space, duration=None>
1164.7248 	DATA 	Keypress: space
1164.7276 	DATA 	Mouse:  Left button up, pos=(912,247)
1164.7392 	EXP 	polygon: autoDraw = False
1164.7392 	EXP 	polygon_2: autoDraw = False
1164.8085 	EXP 	Sound sound_1 reached end of file
1164.8247 	EXP 	Playing sound sound_1 on speaker Speakers (Realtek(R) Audio)
1164.9417 	EXP 	Device response: <KeyPress from None: t=1144.4554146, value=space, duration=20.477800699999875>
1165.1198 	EXP 	Sound sound_1 stopped
1165.1404 	EXP 	text: autoDraw = True
1165.1404 	EXP 	textbox: autoDraw = True
1165.7990 	DATA 	Keypress: 9
1165.8066 	EXP 	Device response: <KeyPress from None: t=1165.7980129000002, value=9, duration=None>
1165.9736 	EXP 	Device response: <KeyPress from None: t=1165.7980129000002, value=9, duration=0.16267659999982698>
1166.0564 	DATA 	Keypress: 9
1166.0580 	EXP 	Device response: <KeyPress from None: t=1166.054071, value=9, duration=None>
1166.1899 	EXP 	Device response: <KeyPress from None: t=1166.054071, value=9, duration=0.12318259999995007>
1166.2736 	DATA 	Keypress: 9
1166.2751 	EXP 	Device response: <KeyPress from None: t=1166.2665983000002, value=9, duration=None>
1166.4072 	EXP 	Device response: <KeyPress from None: t=1166.2665983000002, value=9, duration=0.13543449999986024>
1167.2568 	DATA 	Mouse: Left button down, pos=(912,247)
1167.2579 	EXP 	New trial (rep=12, index=10): <Trial 202 (10 in rep 12) data={'delay': 0.7, 'freq': 1000, 'condition': 'exp', 'thisN': 202, 'thisTrialN': 10, 'thisRepN': 12}>
1167.2730 	EXP 	text: autoDraw = False
1167.2730 	EXP 	textbox: autoDraw = False
1167.2730 	EXP 	polygon: autoDraw = True
1167.4401 	DATA 	Mouse:  Left button up, pos=(912,247)
1167.5067 	DATA 	Mouse: Left button down, pos=(912,247)
1167.5741 	DATA 	Mouse:  Left button up, pos=(912,247)
1167.6910 	DATA 	Mouse: Right button down, pos=(912,247)
1167.7569 	DATA 	Mouse:  Right button up, pos=(912,247)
1168.2727 	INFO 	Keyboard events cleared
1168.2726 	EXP 	polygon: autoDraw = False
1168.2726 	EXP 	polygon_2: autoDraw = True
1169.0897 	EXP 	Device response: <KeyPress from None: t=1169.0886931, value=space, duration=None>
1169.0913 	DATA 	Keypress: space
1169.1056 	EXP 	polygon: autoDraw = False
1169.1056 	EXP 	polygon_2: autoDraw = False
1169.2897 	EXP 	Device response: <KeyPress from None: t=1149.3044095999999, value=space, duration=19.981298200000197>
1169.7747 	EXP 	Sound sound_1 reached end of file
1169.7910 	EXP 	Playing sound sound_1 on speaker Speakers (Realtek(R) Audio)
1170.0932 	EXP 	Sound sound_1 stopped
1170.1127 	EXP 	text: autoDraw = True
1170.1127 	EXP 	textbox: autoDraw = True
1170.4272 	DATA 	Keypress: 9
1170.4390 	EXP 	Device response: <KeyPress from None: t=1170.4245148, value=9, duration=None>
1170.6068 	EXP 	Device response: <KeyPress from None: t=1170.4245148, value=9, duration=0.17380470000000514>
1170.7144 	DATA 	Keypress: 9
1170.7234 	EXP 	Device response: <KeyPress from None: t=1170.7125698, value=9, duration=None>
1170.8561 	EXP 	Device response: <KeyPress from None: t=1170.7125698, value=9, duration=0.130760000000123>
1170.9781 	DATA 	Keypress: 9
1170.9902 	EXP 	Device response: <KeyPress from None: t=1170.9771541999999, value=9, duration=None>
1171.1066 	EXP 	Device response: <KeyPress from None: t=1170.9771541999999, value=9, duration=0.11584640000012314>
1171.9101 	DATA 	Mouse: Right button down, pos=(908,240)
1171.9236 	EXP 	New trial (rep=12, index=11): <Trial 203 (11 in rep 12) data={'delay': 0.7, 'freq': 1000, 'condition': 'exp', 'thisN': 203, 'thisTrialN': 11, 'thisRepN': 12}>
1171.9391 	EXP 	text: autoDraw = False
1171.9391 	EXP 	textbox: autoDraw = False
1171.9391 	EXP 	polygon: autoDraw = True
1171.9734 	DATA 	Mouse:  Right button up, pos=(908,240)
1172.3566 	DATA 	Mouse: Left button down, pos=(908,240)
1172.9228 	INFO 	Keyboard events cleared
1172.9227 	EXP 	polygon_2: autoDraw = True
1172.9394 	EXP 	polygon: autoDraw = False
1174.2738 	EXP 	Device response: <KeyPress from None: t=1174.2707314, value=space, duration=None>
1174.2758 	DATA 	Keypress: space
1174.2891 	EXP 	polygon: autoDraw = False
1174.2891 	EXP 	polygon_2: autoDraw = False
1174.3583 	DATA 	Mouse:  Left button up, pos=(986,335)
1174.5071 	EXP 	Device response: <KeyPress from None: t=1164.7131699000001, value=space, duration=9.788938599999824>
1174.9727 	EXP 	Sound sound_1 reached end of file
1174.9890 	EXP 	Playing sound sound_1 on speaker Speakers (Realtek(R) Audio)
1175.2859 	EXP 	Sound sound_1 stopped
1175.3039 	EXP 	text: autoDraw = True
1175.3039 	EXP 	textbox: autoDraw = True
1175.8260 	DATA 	Keypress: 0
1175.8279 	EXP 	Device response: <KeyPress from None: t=1175.8250533, value=0, duration=None>
1175.9237 	EXP 	Device response: <KeyPress from None: t=1175.8250533, value=0, duration=0.08971359999998185>
1176.1116 	DATA 	Keypress: 0
1176.1226 	EXP 	Device response: <KeyPress from None: t=1176.1079969000002, value=0, duration=None>
1176.2073 	EXP 	Device response: <KeyPress from None: t=1176.1079969000002, value=0, duration=0.09074919999977737>
1176.3404 	DATA 	Keypress: 0
1176.3426 	EXP 	Device response: <KeyPress from None: t=1176.3377137000002, value=0, duration=None>
1176.4570 	EXP 	Device response: <KeyPress from None: t=1176.3377137000002, value=0, duration=0.11144509999974161>
1176.7236 	DATA 	Keypress: backspace
1176.7250 	EXP 	Device response: <KeyPress from None: t=1176.7232129, value=backspace, duration=None>
1176.8734 	EXP 	Device response: <KeyPress from None: t=1176.7232129, value=backspace, duration=0.13954770000020744>
1176.9770 	DATA 	Keypress: backspace
1176.9897 	EXP 	Device response: <KeyPress from None: t=1176.9742674, value=backspace, duration=None>
1177.0913 	EXP 	Device response: <KeyPress from None: t=1176.9742674, value=backspace, duration=0.1145637000000761>
1177.1786 	DATA 	Keypress: backspace
1177.1894 	EXP 	Device response: <KeyPress from None: t=1177.1776707, value=backspace, duration=None>
1177.3096 	EXP 	Device response: <KeyPress from None: t=1177.1776707, value=backspace, duration=0.11581170000010843>
1177.5337 	DATA 	Keypress: 0
1177.5412 	EXP 	Device response: <KeyPress from None: t=1177.5326565999999, value=0, duration=None>
1177.6734 	EXP 	Device response: <KeyPress from None: t=1177.5326565999999, value=0, duration=0.12573280000003706>
1177.8621 	DATA 	Keypress: 9
1177.8730 	EXP 	Device response: <KeyPress from None: t=1177.8588715, value=9, duration=None>
1178.0231 	EXP 	Device response: <KeyPress from None: t=1177.8588715, value=9, duration=0.1526222999999618>
1178.1463 	DATA 	Keypress: backspace
1178.1609 	EXP 	Device response: <KeyPress from None: t=1178.1430828000002, value=backspace, duration=None>
1178.2740 	EXP 	Device response: <KeyPress from None: t=1178.1430828000002, value=backspace, duration=0.12910859999976765>
1178.3612 	DATA 	Keypress: backspace
1178.3731 	EXP 	Device response: <KeyPress from None: t=1178.3603493, value=backspace, duration=None>
1178.4737 	EXP 	Device response: <KeyPress from None: t=1178.3603493, value=backspace, duration=0.10287890000006428>
1178.7342 	DATA 	Keypress: 9
1178.7424 	EXP 	Device response: <KeyPress from None: t=1178.7314766999998, value=9, duration=None>
1178.9064 	EXP 	Device response: <KeyPress from None: t=1178.7314766999998, value=9, duration=0.16454140000030293>
1179.0071 	DATA 	Keypress: 9
1179.0087 	EXP 	Device response: <KeyPress from None: t=1179.0046886, value=9, duration=None>
1179.1408 	EXP 	Device response: <KeyPress from None: t=1179.0046886, value=9, duration=0.12187660000006417>
1179.2403 	DATA 	Keypress: 9
1179.2418 	EXP 	Device response: <KeyPress from None: t=1179.2393808000002, value=9, duration=None>
1179.3573 	EXP 	Device response: <KeyPress from None: t=1179.2393808000002, value=9, duration=0.11571409999976368>
1179.5401 	DATA 	Keypress: 9
1179.5419 	EXP 	Device response: <KeyPress from None: t=1179.5321844, value=9, duration=None>
1179.6575 	EXP 	Device response: <KeyPress from None: t=1179.5321844, value=9, duration=0.12404049999997824>
1181.2615 	DATA 	Mouse: Left button down, pos=(984,269)
1181.2740 	EXP 	New trial (rep=12, index=12): <Trial 204 (12 in rep 12) data={'delay': 0.4, 'freq': 1000, 'condition': 'exp', 'thisN': 204, 'thisTrialN': 12, 'thisRepN': 12}>
1181.2897 	EXP 	text: autoDraw = False
1181.2897 	EXP 	textbox: autoDraw = False
1181.2897 	EXP 	polygon: autoDraw = True
1181.4905 	DATA 	Mouse:  Left button up, pos=(984,269)
1182.2891 	INFO 	Keyboard events cleared
1182.2890 	EXP 	polygon: autoDraw = False
1182.2890 	EXP 	polygon_2: autoDraw = True
1185.2227 	EXP 	Device response: <KeyPress from None: t=1185.2206780000001, value=space, duration=None>
1185.2246 	DATA 	Keypress: space
1185.2393 	EXP 	polygon: autoDraw = False
1185.2393 	EXP 	polygon_2: autoDraw = False
1185.3729 	EXP 	Device response: <KeyPress from None: t=1169.0886931, value=space, duration=16.275803500000052>
1185.6066 	EXP 	Sound sound_1 reached end of file
1185.6230 	EXP 	Playing sound sound_1 on speaker Speakers (Realtek(R) Audio)
1185.9193 	EXP 	Sound sound_1 stopped
1185.9360 	EXP 	text: autoDraw = True
1185.9360 	EXP 	textbox: autoDraw = True
1186.6343 	DATA 	Keypress: 9
1186.6357 	EXP 	Device response: <KeyPress from None: t=1186.631852, value=9, duration=None>
1186.8233 	EXP 	Device response: <KeyPress from None: t=1186.631852, value=9, duration=0.1756722999999738>
1186.9066 	DATA 	Keypress: 9
1186.9080 	EXP 	Device response: <KeyPress from None: t=1186.8996667000001, value=9, duration=None>
1187.0414 	EXP 	Device response: <KeyPress from None: t=1186.8996667000001, value=9, duration=0.13113309999982903>
1187.1406 	DATA 	Keypress: 9
1187.1419 	EXP 	Device response: <KeyPress from None: t=1187.1355763000001, value=9, duration=None>
1187.2896 	EXP 	Device response: <KeyPress from None: t=1187.1355763000001, value=9, duration=0.14228869999976723>
1188.5609 	DATA 	Mouse: Left button down, pos=(1030,217)
1188.5738 	EXP 	New trial (rep=12, index=13): <Trial 205 (13 in rep 12) data={'delay': 0.7, 'freq': 1000, 'condition': 'exp', 'thisN': 205, 'thisTrialN': 13, 'thisRepN': 12}>
1188.5895 	EXP 	text: autoDraw = False
1188.5895 	EXP 	textbox: autoDraw = False
1188.5895 	EXP 	polygon: autoDraw = True
1188.7911 	DATA 	Mouse:  Left button up, pos=(1030,217)
1189.5727 	INFO 	Keyboard events cleared
1189.5726 	EXP 	polygon_2: autoDraw = True
1189.5893 	EXP 	polygon: autoDraw = False
1190.1064 	EXP 	Device response: <KeyPress from None: t=1190.0937703, value=space, duration=None>
1190.1080 	DATA 	Keypress: space
1190.1226 	EXP 	polygon: autoDraw = False
1190.1226 	EXP 	polygon_2: autoDraw = False
1190.2560 	EXP 	Device response: <KeyPress from None: t=1174.2707314, value=space, duration=15.982671100000175>
1190.7894 	EXP 	Sound sound_1 reached end of file
1190.8058 	EXP 	Playing sound sound_1 on speaker Speakers (Realtek(R) Audio)
1191.1040 	EXP 	Sound sound_1 stopped
1191.1228 	EXP 	text: autoDraw = True
1191.1228 	EXP 	textbox: autoDraw = True
1192.2428 	DATA 	Keypress: 0
1192.2504 	EXP 	Device response: <KeyPress from None: t=1192.2396976, value=0, duration=None>
1192.4083 	EXP 	Device response: <KeyPress from None: t=1192.2396976, value=0, duration=0.16196559999991678>
1192.6237 	DATA 	Keypress: 0
1192.6250 	EXP 	Device response: <KeyPress from None: t=1192.6217671, value=0, duration=None>
1192.8733 	EXP 	Device response: <KeyPress from None: t=1192.6217671, value=0, duration=0.23818600000015522>
1193.6782 	DATA 	Keypress: 0
1193.6901 	EXP 	Device response: <KeyPress from None: t=1193.6768783000002, value=0, duration=None>
1193.9901 	EXP 	Device response: <KeyPress from None: t=1193.6768783000002, value=0, duration=0.30579629999976987>
1195.6573 	DATA 	Mouse: Left button down, pos=(1035,252)
1195.6586 	EXP 	New trial (rep=12, index=14): <Trial 206 (14 in rep 12) data={'delay': 0.1, 'freq': 1000, 'condition': 'exp', 'thisN': 206, 'thisTrialN': 14, 'thisRepN': 12}>
1195.6729 	EXP 	text: autoDraw = False
1195.6729 	EXP 	textbox: autoDraw = False
1195.6729 	EXP 	polygon: autoDraw = True
1195.8568 	DATA 	Mouse:  Left button up, pos=(1035,252)
1195.9237 	DATA 	Mouse: Left button down, pos=(1035,252)
1196.3905 	DATA 	Mouse:  Left button up, pos=(1153,332)
1196.6734 	INFO 	Keyboard events cleared
1196.6733 	EXP 	polygon: autoDraw = False
1196.6733 	EXP 	polygon_2: autoDraw = True
1197.1396 	EXP 	Device response: <KeyPress from None: t=1197.132928, value=space, duration=None>
1197.1420 	DATA 	Keypress: space
1197.1568 	EXP 	polygon: autoDraw = False
1197.1568 	EXP 	polygon_2: autoDraw = False
1197.2230 	EXP 	Sound sound_1 reached end of file
1197.2394 	EXP 	Playing sound sound_1 on speaker Speakers (Realtek(R) Audio)
1197.3392 	EXP 	Device response: <KeyPress from None: t=1185.2206780000001, value=space, duration=12.110972199999992>
1197.5411 	EXP 	Sound sound_1 stopped
1197.5603 	EXP 	text: autoDraw = True
1197.5603 	EXP 	textbox: autoDraw = True
1198.0654 	DATA 	Keypress: 0
1198.0761 	EXP 	Device response: <KeyPress from None: t=1198.0613357000002, value=0, duration=None>
1198.2411 	EXP 	Device response: <KeyPress from None: t=1198.0613357000002, value=0, duration=0.17674329999988458>
1198.3780 	DATA 	Keypress: 0
1198.3899 	EXP 	Device response: <KeyPress from None: t=1198.3739436, value=0, duration=None>
1198.5231 	EXP 	Device response: <KeyPress from None: t=1198.3739436, value=0, duration=0.13774320000004536>
1198.6472 	DATA 	Keypress: 0
1198.6569 	EXP 	Device response: <KeyPress from None: t=1198.644081, value=0, duration=None>
1198.8564 	EXP 	Device response: <KeyPress from None: t=1198.644081, value=0, duration=0.19679160000021056>
1199.4234 	DATA 	Keypress: backspace
1199.4252 	EXP 	Device response: <KeyPress from None: t=1199.4183287, value=backspace, duration=None>
1199.5898 	EXP 	Device response: <KeyPress from None: t=1199.4183287, value=backspace, duration=0.15638149999983852>
1199.6812 	DATA 	Keypress: backspace
1199.6896 	EXP 	Device response: <KeyPress from None: t=1199.6792562, value=backspace, duration=None>
1199.8076 	EXP 	Device response: <KeyPress from None: t=1199.6792562, value=backspace, duration=0.12240910000002714>
1199.9129 	DATA 	Keypress: backspace
1199.9237 	EXP 	Device response: <KeyPress from None: t=1199.9105800000002, value=backspace, duration=None>
1200.0068 	EXP 	Device response: <KeyPress from None: t=1199.9105800000002, value=backspace, duration=0.08194479999986015>
1200.2146 	DATA 	Keypress: 0
1200.2258 	EXP 	Device response: <KeyPress from None: t=1200.2097431000002, value=0, duration=None>
1200.3730 	EXP 	Device response: <KeyPress from None: t=1200.2097431000002, value=0, duration=0.1487715999998045>
1201.1643 	DATA 	Keypress: backspace
1201.1733 	EXP 	Device response: <KeyPress from None: t=1201.163227, value=backspace, duration=None>
1201.3898 	EXP 	Device response: <KeyPress from None: t=1201.163227, value=backspace, duration=0.21040260000006583>
1201.9514 	DATA 	Keypress: 9
1201.9586 	EXP 	Device response: <KeyPress from None: t=1201.9510107, value=9, duration=None>
1202.1065 	EXP 	Device response: <KeyPress from None: t=1201.9510107, value=9, duration=0.14357689999985723>
1202.2848 	DATA 	Keypress: 9
1202.2922 	EXP 	Device response: <KeyPress from None: t=1202.2844433999999, value=9, duration=None>
1202.4740 	EXP 	Device response: <KeyPress from None: t=1202.2844433999999, value=9, duration=0.18125180000004093>
1202.5805 	DATA 	Keypress: 9
1202.5896 	EXP 	Device response: <KeyPress from None: t=1202.5790173999999, value=9, duration=None>
1202.7236 	EXP 	Device response: <KeyPress from None: t=1202.5790173999999, value=9, duration=0.13281670000003487>
1204.4617 	DATA 	Keypress: down
1204.4732 	EXP 	Device response: <KeyPress from None: t=1204.4603289000001, value=down, duration=None>
1204.5736 	EXP 	Device response: <KeyPress from None: t=1204.4603289000001, value=down, duration=0.110607099999811>
1206.1141 	DATA 	Mouse: Left button down, pos=(857,186)
1206.1242 	EXP 	New trial (rep=12, index=15): <Trial 207 (15 in rep 12) data={'delay': 0.7, 'freq': 400, 'condition': 'unexp', 'thisN': 207, 'thisTrialN': 15, 'thisRepN': 12}>
1206.1390 	EXP 	text: autoDraw = False
1206.1390 	EXP 	textbox: autoDraw = False
1206.1390 	EXP 	polygon: autoDraw = True
1206.3232 	DATA 	Mouse:  Left button up, pos=(857,186)
1207.1399 	INFO 	Keyboard events cleared
1207.1398 	EXP 	polygon: autoDraw = False
1207.1398 	EXP 	polygon_2: autoDraw = True
1207.5394 	EXP 	Device response: <KeyPress from None: t=1207.5238192000002, value=space, duration=None>
1207.5414 	DATA 	Keypress: space
1207.5565 	EXP 	polygon: autoDraw = False
1207.5565 	EXP 	polygon_2: autoDraw = False
1207.7063 	EXP 	Device response: <KeyPress from None: t=1190.0937703, value=space, duration=17.600973299999964>
1208.2226 	EXP 	Sound sound_1 reached end of file
1208.2390 	EXP 	Playing sound sound_1 on speaker Speakers (Realtek(R) Audio)
1208.5382 	EXP 	Sound sound_1 stopped
1208.5568 	EXP 	text: autoDraw = True
1208.5568 	EXP 	textbox: autoDraw = True
1209.9170 	DATA 	Keypress: 3
1209.9278 	EXP 	Device response: <KeyPress from None: t=1209.9132024, value=3, duration=None>
1210.0409 	EXP 	Device response: <KeyPress from None: t=1209.9132024, value=3, duration=0.12384310000004461>
1210.4609 	DATA 	Keypress: 5
1210.4731 	EXP 	Device response: <KeyPress from None: t=1210.4576873, value=5, duration=None>
1210.5412 	EXP 	Device response: <KeyPress from None: t=1210.4576873, value=5, duration=0.08136279999996532>
1211.0640 	DATA 	Keypress: 0
1211.0736 	EXP 	Device response: <KeyPress from None: t=1211.060912, value=0, duration=None>
1211.1898 	EXP 	Device response: <KeyPress from None: t=1211.060912, value=0, duration=0.11390910000011445>
1212.5908 	DATA 	Mouse: Left button down, pos=(842,204)
1212.5918 	EXP 	New trial (rep=13, index=0): <Trial 208 (0 in rep 13) data={'delay': 0.1, 'freq': 1000, 'condition': 'exp', 'thisN': 208, 'thisTrialN': 0, 'thisRepN': 13}>
1212.6056 	EXP 	text: autoDraw = False
1212.6056 	EXP 	textbox: autoDraw = False
1212.6056 	EXP 	polygon: autoDraw = True
1212.8239 	DATA 	Mouse:  Left button up, pos=(842,204)
1213.5920 	INFO 	Keyboard events cleared
1213.5918 	EXP 	polygon_2: autoDraw = True
1213.6081 	EXP 	polygon: autoDraw = False
1214.4927 	EXP 	Device response: <KeyPress from None: t=1214.4899022999998, value=space, duration=None>
1214.4945 	DATA 	Keypress: space
1214.5082 	EXP 	polygon: autoDraw = False
1214.5082 	EXP 	polygon_2: autoDraw = False
1214.5917 	EXP 	Sound sound_1 reached end of file
1214.6079 	EXP 	Playing sound sound_1 on speaker Speakers (Realtek(R) Audio)
1214.6920 	EXP 	Device response: <KeyPress from None: t=1197.132928, value=space, duration=17.557908800000064>
1214.9030 	EXP 	Sound sound_1 stopped
1214.9229 	EXP 	text: autoDraw = True
1214.9229 	EXP 	textbox: autoDraw = True
1216.2943 	DATA 	Keypress: 9
1216.2959 	EXP 	Device response: <KeyPress from None: t=1216.2916915, value=9, duration=None>
1216.4410 	EXP 	Device response: <KeyPress from None: t=1216.2916915, value=9, duration=0.14130519999991975>
1216.5437 	DATA 	Keypress: 9
1216.5570 	EXP 	Device response: <KeyPress from None: t=1216.5424724, value=9, duration=None>
1216.6238 	EXP 	Device response: <KeyPress from None: t=1216.5424724, value=9, duration=0.07654669999999442>
1216.7274 	DATA 	Keypress: 9
1216.7397 	EXP 	Device response: <KeyPress from None: t=1216.7249972, value=9, duration=None>
1216.8398 	EXP 	Device response: <KeyPress from None: t=1216.7249972, value=9, duration=0.10392590000003565>
1220.0486 	DATA 	Mouse: Left button down, pos=(954,226)
1220.0568 	EXP 	New trial (rep=13, index=1): <Trial 209 (1 in rep 13) data={'delay': 0.4, 'freq': 1000, 'condition': 'exp', 'thisN': 209, 'thisTrialN': 1, 'thisRepN': 13}>
1220.0728 	EXP 	text: autoDraw = False
1220.0728 	EXP 	textbox: autoDraw = False
1220.0728 	EXP 	polygon: autoDraw = True
1220.2736 	DATA 	Mouse:  Left button up, pos=(954,226)
1221.0563 	INFO 	Keyboard events cleared
1221.0561 	EXP 	polygon_2: autoDraw = True
1221.0726 	EXP 	polygon: autoDraw = False
1221.3732 	EXP 	Device response: <KeyPress from None: t=1221.3605463, value=space, duration=None>
1221.3747 	DATA 	Keypress: space
1221.3897 	EXP 	polygon: autoDraw = False
1221.3897 	EXP 	polygon_2: autoDraw = False
1221.5399 	EXP 	Device response: <KeyPress from None: t=1207.5238192000002, value=space, duration=14.00860629999977>
1221.7562 	EXP 	Sound sound_1 reached end of file
1221.7725 	EXP 	Playing sound sound_1 on speaker Speakers (Realtek(R) Audio)
1222.0724 	EXP 	Sound sound_1 stopped
1222.0907 	EXP 	text: autoDraw = True
1222.0907 	EXP 	textbox: autoDraw = True
1222.6472 	DATA 	Keypress: 9
1222.6591 	EXP 	Device response: <KeyPress from None: t=1222.6415593000002, value=9, duration=None>
1222.7744 	EXP 	Device response: <KeyPress from None: t=1222.6415593000002, value=9, duration=0.12326309999991736>
1222.8569 	DATA 	Keypress: 9
1222.8591 	EXP 	Device response: <KeyPress from None: t=1222.8515426, value=9, duration=None>
1222.9569 	EXP 	Device response: <KeyPress from None: t=1222.8515426, value=9, duration=0.09392510000009224>
1223.0406 	DATA 	Keypress: 9
1223.0421 	EXP 	Device response: <KeyPress from None: t=1223.0400617, value=9, duration=None>
1223.1236 	EXP 	Device response: <KeyPress from None: t=1223.0400617, value=9, duration=0.08082339999998567>
1224.9234 	DATA 	Mouse: Left button down, pos=(871,198)
1224.9243 	EXP 	New trial (rep=13, index=2): <Trial 210 (2 in rep 13) data={'delay': 0.1, 'freq': 400, 'condition': 'unexp', 'thisN': 210, 'thisTrialN': 2, 'thisRepN': 13}>
1224.9395 	EXP 	text: autoDraw = False
1224.9395 	EXP 	textbox: autoDraw = False
1224.9395 	EXP 	polygon: autoDraw = True
1225.1574 	DATA 	Mouse:  Left button up, pos=(871,198)
1225.9253 	INFO 	Keyboard events cleared
1225.9251 	EXP 	polygon_2: autoDraw = True
1225.9412 	EXP 	polygon: autoDraw = False
1226.5595 	DATA 	Keypress: space
1226.5755 	EXP 	Device response: <KeyPress from None: t=1226.5581046000002, value=space, duration=None>
1226.5912 	EXP 	polygon: autoDraw = False
1226.5912 	EXP 	polygon_2: autoDraw = False
1226.6589 	EXP 	Sound sound_1 reached end of file
1226.6752 	EXP 	Playing sound sound_1 on speaker Speakers (Realtek(R) Audio)
1226.7247 	EXP 	Device response: <KeyPress from None: t=1214.4899022999998, value=space, duration=12.226028500000098>
1226.9695 	EXP 	Sound sound_1 stopped
1226.9895 	EXP 	text: autoDraw = True
1226.9895 	EXP 	textbox: autoDraw = True
1228.8476 	DATA 	Keypress: 7
1228.8582 	EXP 	Device response: <KeyPress from None: t=1228.8447993, value=7, duration=None>
1228.9411 	EXP 	Device response: <KeyPress from None: t=1228.8447993, value=7, duration=0.09133359999998447>
1229.4114 	DATA 	Keypress: 5
1229.4232 	EXP 	Device response: <KeyPress from None: t=1229.4092928999999, value=5, duration=None>
1229.5074 	EXP 	Device response: <KeyPress from None: t=1229.4092928999999, value=5, duration=0.08979480000027706>
1230.0119 	DATA 	Keypress: 0
1230.0232 	EXP 	Device response: <KeyPress from None: t=1230.0096156, value=0, duration=None>
1230.1066 	EXP 	Device response: <KeyPress from None: t=1230.0096156, value=0, duration=0.08290900000008605>
1230.5405 	DATA 	Mouse: Left button down, pos=(871,198)
1230.5418 	EXP 	New trial (rep=13, index=3): <Trial 211 (3 in rep 13) data={'delay': 0.1, 'freq': 1000, 'condition': 'exp', 'thisN': 211, 'thisTrialN': 3, 'thisRepN': 13}>
1230.5561 	EXP 	text: autoDraw = False
1230.5561 	EXP 	textbox: autoDraw = False
1230.5561 	EXP 	polygon: autoDraw = True
1230.6910 	DATA 	Mouse:  Left button up, pos=(877,206)
1231.0759 	DATA 	Mouse: Left button down, pos=(877,206)
1231.3074 	DATA 	Mouse:  Left button up, pos=(877,206)
1231.5564 	INFO 	Keyboard events cleared
1231.5563 	EXP 	polygon: autoDraw = False
1231.5563 	EXP 	polygon_2: autoDraw = True
1231.8065 	EXP 	Device response: <KeyPress from None: t=1231.8047470000001, value=space, duration=None>
1231.8086 	DATA 	Keypress: space
1231.8227 	EXP 	polygon: autoDraw = False
1231.8227 	EXP 	polygon_2: autoDraw = False
1231.8903 	EXP 	Sound sound_1 reached end of file
1231.9066 	EXP 	Playing sound sound_1 on speaker Speakers (Realtek(R) Audio)
1231.9232 	EXP 	Device response: <KeyPress from None: t=1221.3605463, value=space, duration=10.562187400000198>
1232.2096 	EXP 	Sound sound_1 stopped
1232.2312 	EXP 	text: autoDraw = True
1232.2312 	EXP 	textbox: autoDraw = True
1232.9973 	DATA 	Keypress: 9
1233.0079 	EXP 	Device response: <KeyPress from None: t=1232.9924678000002, value=9, duration=None>
1233.0735 	EXP 	Device response: <KeyPress from None: t=1232.9924678000002, value=9, duration=0.07790239999974347>
1233.1904 	DATA 	Keypress: 9
1233.1918 	EXP 	Device response: <KeyPress from None: t=1233.1841060000002, value=9, duration=None>
1233.2576 	EXP 	Device response: <KeyPress from None: t=1233.1841060000002, value=9, duration=0.07096009999975195>
1233.3732 	DATA 	Keypress: 9
1233.3749 	EXP 	Device response: <KeyPress from None: t=1233.3676380000002, value=9, duration=None>
1233.4398 	EXP 	Device response: <KeyPress from None: t=1233.3676380000002, value=9, duration=0.05896259999974518>
1233.8735 	DATA 	Mouse: Left button down, pos=(887,210)
1233.8746 	EXP 	New trial (rep=13, index=4): <Trial 212 (4 in rep 13) data={'delay': 0.7, 'freq': 400, 'condition': 'unexp', 'thisN': 212, 'thisTrialN': 4, 'thisRepN': 13}>
1233.8901 	EXP 	text: autoDraw = False
1233.8901 	EXP 	textbox: autoDraw = False
1233.8901 	EXP 	polygon: autoDraw = True
1233.9736 	DATA 	Mouse:  Left button up, pos=(887,210)
1234.3241 	DATA 	Keypress: space
1234.3398 	EXP 	Device response: <KeyPress from None: t=1234.3231765, value=space, duration=None>
1234.4403 	EXP 	Device response: <KeyPress from None: t=1226.5581046000002, value=space, duration=7.865697499999783>
1234.8894 	INFO 	Keyboard events cleared
1234.8893 	EXP 	polygon_2: autoDraw = True
1234.9059 	EXP 	polygon: autoDraw = False
1235.1898 	EXP 	Device response: <KeyPress from None: t=1235.1765085000002, value=space, duration=None>
1235.1915 	DATA 	Keypress: space
1235.2064 	EXP 	polygon: autoDraw = False
1235.2064 	EXP 	polygon_2: autoDraw = False
1235.2735 	EXP 	Device response: <KeyPress from None: t=1231.8047470000001, value=space, duration=3.453131499999813>
1235.8732 	EXP 	Sound sound_1 reached end of file
1235.8896 	EXP 	Playing sound sound_1 on speaker Speakers (Realtek(R) Audio)
1236.1887 	EXP 	Sound sound_1 stopped
1236.2059 	EXP 	text: autoDraw = True
1236.2059 	EXP 	textbox: autoDraw = True
1236.8912 	DATA 	Keypress: 7
1236.8925 	EXP 	Device response: <KeyPress from None: t=1236.8859364, value=7, duration=None>
1236.9757 	EXP 	Device response: <KeyPress from None: t=1236.8859364, value=7, duration=0.08819230000005973>
1237.2076 	DATA 	Keypress: 5
1237.2092 	EXP 	Device response: <KeyPress from None: t=1237.2062949, value=5, duration=None>
1237.2899 	EXP 	Device response: <KeyPress from None: t=1237.2062949, value=5, duration=0.07061869999995452>
1237.7899 	DATA 	Keypress: 0
1237.7916 	EXP 	Device response: <KeyPress from None: t=1237.7872653, value=0, duration=None>
1237.8913 	EXP 	Device response: <KeyPress from None: t=1237.7872653, value=0, duration=0.10223930000017845>
1238.2741 	DATA 	Mouse: Right button down, pos=(887,210)
1238.2757 	EXP 	New trial (rep=13, index=5): <Trial 213 (5 in rep 13) data={'delay': 0.1, 'freq': 1000, 'condition': 'exp', 'thisN': 213, 'thisTrialN': 5, 'thisRepN': 13}>
1238.2894 	EXP 	text: autoDraw = False
1238.2894 	EXP 	textbox: autoDraw = False
1238.2894 	EXP 	polygon: autoDraw = True
1238.3906 	DATA 	Mouse:  Right button up, pos=(887,210)
1239.2920 	INFO 	Keyboard events cleared
1239.2919 	EXP 	polygon: autoDraw = False
1239.2919 	EXP 	polygon_2: autoDraw = True
1239.8919 	EXP 	Device response: <KeyPress from None: t=1239.8899586000002, value=space, duration=None>
1239.8940 	DATA 	Keypress: space
1239.9079 	EXP 	polygon: autoDraw = False
1239.9079 	EXP 	polygon_2: autoDraw = False
1239.9754 	EXP 	Sound sound_1 reached end of file
1239.9917 	EXP 	Playing sound sound_1 on speaker Speakers (Realtek(R) Audio)
1240.0917 	EXP 	Device response: <KeyPress from None: t=1234.3231765, value=space, duration=5.756121600000029>
1240.2908 	EXP 	Sound sound_1 stopped
1240.3121 	EXP 	text: autoDraw = True
1240.3121 	EXP 	textbox: autoDraw = True
1240.9241 	DATA 	Keypress: 9
1240.9256 	EXP 	Device response: <KeyPress from None: t=1240.9219779999999, value=9, duration=None>
1241.0233 	EXP 	Device response: <KeyPress from None: t=1240.9219779999999, value=9, duration=0.0924683000001778>
1241.1311 	DATA 	Keypress: 9
1241.1400 	EXP 	Device response: <KeyPress from None: t=1241.1289707, value=9, duration=None>
1241.2404 	EXP 	Device response: <KeyPress from None: t=1241.1289707, value=9, duration=0.0958735000000388>
1241.3107 	DATA 	Keypress: 9
1241.3232 	EXP 	Device response: <KeyPress from None: t=1241.3083542, value=9, duration=None>
1241.4233 	EXP 	Device response: <KeyPress from None: t=1241.3083542, value=9, duration=0.10591420000002927>
1241.8237 	DATA 	Mouse: Left button down, pos=(887,210)
1241.8248 	EXP 	New trial (rep=13, index=6): <Trial 214 (6 in rep 13) data={'delay': 0.7, 'freq': 1000, 'condition': 'exp', 'thisN': 214, 'thisTrialN': 6, 'thisRepN': 13}>
1241.8394 	EXP 	text: autoDraw = False
1241.8394 	EXP 	textbox: autoDraw = False
1241.8394 	EXP 	polygon: autoDraw = True
1241.9407 	DATA 	Mouse:  Left button up, pos=(887,210)
1242.8399 	INFO 	Keyboard events cleared
1242.8397 	EXP 	polygon: autoDraw = False
1242.8397 	EXP 	polygon_2: autoDraw = True
1243.0400 	EXP 	Device response: <KeyPress from None: t=1243.0377452000002, value=space, duration=None>
1243.0421 	DATA 	Keypress: space
1243.0562 	EXP 	polygon: autoDraw = False
1243.0562 	EXP 	polygon_2: autoDraw = False
1243.2062 	EXP 	Device response: <KeyPress from None: t=1235.1765085000002, value=space, duration=8.029179099999851>
1243.7255 	EXP 	Sound sound_1 reached end of file
1243.7418 	EXP 	Playing sound sound_1 on speaker Speakers (Realtek(R) Audio)
1244.0375 	EXP 	Sound sound_1 stopped
1244.0596 	EXP 	text: autoDraw = True
1244.0596 	EXP 	textbox: autoDraw = True
1244.7831 	DATA 	Keypress: 9
1244.7908 	EXP 	Device response: <KeyPress from None: t=1244.7827668, value=9, duration=None>
1244.9402 	EXP 	Device response: <KeyPress from None: t=1244.7827668, value=9, duration=0.14794480000011845>
1245.0311 	DATA 	Keypress: 9
1245.0398 	EXP 	Device response: <KeyPress from None: t=1245.0283885, value=9, duration=None>
1245.1238 	EXP 	Device response: <KeyPress from None: t=1245.0283885, value=9, duration=0.0827022000001989>
1245.2127 	DATA 	Keypress: 9
1245.2237 	EXP 	Device response: <KeyPress from None: t=1245.2076041999999, value=9, duration=None>
1245.2908 	EXP 	Device response: <KeyPress from None: t=1245.2076041999999, value=9, duration=0.08145270000011351>
1245.6447 	DATA 	Mouse: Left button down, pos=(887,210)
1245.6577 	EXP 	New trial (rep=13, index=7): <Trial 215 (7 in rep 13) data={'delay': 0.4, 'freq': 1000, 'condition': 'exp', 'thisN': 215, 'thisTrialN': 7, 'thisRepN': 13}>
1245.6731 	EXP 	text: autoDraw = False
1245.6731 	EXP 	textbox: autoDraw = False
1245.6731 	EXP 	polygon: autoDraw = True
1245.7241 	DATA 	Mouse:  Left button up, pos=(887,210)
1246.6731 	INFO 	Keyboard events cleared
1246.6730 	EXP 	polygon: autoDraw = False
1246.6730 	EXP 	polygon_2: autoDraw = True
1246.8732 	EXP 	Device response: <KeyPress from None: t=1246.8574181999998, value=space, duration=None>
1246.8752 	DATA 	Keypress: space
1246.8894 	EXP 	polygon: autoDraw = False
1246.8894 	EXP 	polygon_2: autoDraw = False
1247.0233 	EXP 	Device response: <KeyPress from None: t=1239.8899586000002, value=space, duration=7.120349099999771>
1247.2562 	EXP 	Sound sound_1 reached end of file
1247.2725 	EXP 	Playing sound sound_1 on speaker Speakers (Realtek(R) Audio)
1247.5640 	EXP 	Sound sound_1 stopped
1247.5862 	EXP 	text: autoDraw = True
1247.5862 	EXP 	textbox: autoDraw = True
1248.1467 	DATA 	Keypress: 9
1248.1479 	EXP 	Device response: <KeyPress from None: t=1248.1427116999998, value=9, duration=None>
1248.2731 	EXP 	Device response: <KeyPress from None: t=1248.1427116999998, value=9, duration=0.12101340000037908>
1248.3569 	DATA 	Keypress: 9
1248.3582 	EXP 	Device response: <KeyPress from None: t=1248.3544243000001, value=9, duration=None>
1248.4414 	EXP 	Device response: <KeyPress from None: t=1248.3544243000001, value=9, duration=0.08271149999984573>
1248.5402 	DATA 	Keypress: 9
1248.5417 	EXP 	Device response: <KeyPress from None: t=1248.5337273999999, value=9, duration=None>
1248.5916 	EXP 	Device response: <KeyPress from None: t=1248.5337273999999, value=9, duration=0.05655490000037844>
1248.9826 	DATA 	Mouse: Left button down, pos=(887,210)
1248.9902 	EXP 	New trial (rep=13, index=8): <Trial 216 (8 in rep 13) data={'delay': 0.1, 'freq': 1000, 'condition': 'exp', 'thisN': 216, 'thisTrialN': 8, 'thisRepN': 13}>
1249.0063 	EXP 	text: autoDraw = False
1249.0063 	EXP 	textbox: autoDraw = False
1249.0063 	EXP 	polygon: autoDraw = True
1249.0573 	DATA 	Mouse:  Left button up, pos=(887,210)
1249.9922 	INFO 	Keyboard events cleared
1249.9921 	EXP 	polygon_2: autoDraw = True
1250.0076 	EXP 	polygon: autoDraw = False
1250.2399 	EXP 	Device response: <KeyPress from None: t=1250.2374262999997, value=space, duration=None>
1250.2420 	DATA 	Keypress: space
1250.2560 	EXP 	polygon: autoDraw = False
1250.2560 	EXP 	polygon_2: autoDraw = False
1250.3255 	EXP 	Sound sound_1 reached end of file
1250.3416 	EXP 	Playing sound sound_1 on speaker Speakers (Realtek(R) Audio)
1250.4254 	EXP 	Device response: <KeyPress from None: t=1243.0377452000002, value=space, duration=7.374232799999959>
1250.6393 	EXP 	Sound sound_1 stopped
1250.6593 	EXP 	text: autoDraw = True
1250.6593 	EXP 	textbox: autoDraw = True
1251.4872 	DATA 	Keypress: 9
1251.4988 	EXP 	Device response: <KeyPress from None: t=1251.4837677, value=9, duration=None>
1251.5743 	EXP 	Device response: <KeyPress from None: t=1251.4837677, value=9, duration=0.08832399999994323>
1251.6808 	DATA 	Keypress: 9
1251.6901 	EXP 	Device response: <KeyPress from None: t=1251.6792753999998, value=9, duration=None>
1251.8064 	EXP 	Device response: <KeyPress from None: t=1251.6792753999998, value=9, duration=0.11215580000009595>
1251.8807 	DATA 	Keypress: 9
1251.8902 	EXP 	Device response: <KeyPress from None: t=1251.8797304999998, value=9, duration=None>
1251.9574 	EXP 	Device response: <KeyPress from None: t=1251.8797304999998, value=9, duration=0.07243120000032377>
1252.0446 	DATA 	Keypress: 9
1252.0570 	EXP 	Device response: <KeyPress from None: t=1252.0441243999999, value=9, duration=None>
1252.1078 	EXP 	Device response: <KeyPress from None: t=1252.0441243999999, value=9, duration=0.061527200000114135>
1252.5074 	DATA 	Mouse: Left button down, pos=(887,210)
1252.5083 	EXP 	New trial (rep=13, index=9): <Trial 217 (9 in rep 13) data={'delay': 0.1, 'freq': 400, 'condition': 'unexp', 'thisN': 217, 'thisTrialN': 9, 'thisRepN': 13}>
1252.5223 	EXP 	text: autoDraw = False
1252.5223 	EXP 	textbox: autoDraw = False
1252.5223 	EXP 	polygon: autoDraw = True
1252.5739 	DATA 	Mouse:  Left button up, pos=(887,210)
1253.5085 	INFO 	Keyboard events cleared
1253.5083 	EXP 	polygon_2: autoDraw = True
1253.5250 	EXP 	polygon: autoDraw = False
1253.5587 	EXP 	Device response: <KeyPress from None: t=1253.5580976, value=space, duration=None>
1253.5608 	DATA 	Keypress: space
1253.5750 	EXP 	polygon: autoDraw = False
1253.5750 	EXP 	polygon_2: autoDraw = False
1253.6417 	EXP 	Sound sound_1 reached end of file
1253.6580 	EXP 	Playing sound sound_1 on speaker Speakers (Realtek(R) Audio)
1253.7251 	EXP 	Device response: <KeyPress from None: t=1246.8574181999998, value=space, duration=6.851538200000164>
1253.9574 	EXP 	Sound sound_1 stopped
1253.9775 	EXP 	text: autoDraw = True
1253.9775 	EXP 	textbox: autoDraw = True
1256.2206 	DATA 	Keypress: 3
1256.2276 	EXP 	Device response: <KeyPress from None: t=1256.2201666, value=3, duration=None>
1256.2916 	EXP 	Device response: <KeyPress from None: t=1256.2201666, value=3, duration=0.07029849999992166>
1256.8140 	DATA 	Keypress: 5
1256.8237 	EXP 	Device response: <KeyPress from None: t=1256.8116181, value=5, duration=None>
1256.9079 	EXP 	Device response: <KeyPress from None: t=1256.8116181, value=5, duration=0.09045879999996487>
1257.3818 	DATA 	Keypress: 0
1257.3900 	EXP 	Device response: <KeyPress from None: t=1257.3783208, value=0, duration=None>
1257.5077 	EXP 	Device response: <KeyPress from None: t=1257.3783208, value=0, duration=0.12076279999985218>
1258.5409 	DATA 	Mouse: Left button down, pos=(887,210)
1258.5419 	EXP 	New trial (rep=13, index=10): <Trial 218 (10 in rep 13) data={'delay': 0.7, 'freq': 1000, 'condition': 'exp', 'thisN': 218, 'thisTrialN': 10, 'thisRepN': 13}>
1258.5562 	EXP 	text: autoDraw = False
1258.5562 	EXP 	textbox: autoDraw = False
1258.5562 	EXP 	polygon: autoDraw = True
1258.7743 	DATA 	Mouse:  Left button up, pos=(887,210)
1259.5418 	INFO 	Keyboard events cleared
1259.5416 	EXP 	polygon_2: autoDraw = True
1259.5581 	EXP 	polygon: autoDraw = False
1259.7901 	EXP 	Device response: <KeyPress from None: t=1259.7841619, value=space, duration=None>
1259.7921 	DATA 	Keypress: space
1259.8071 	EXP 	polygon: autoDraw = False
1259.8071 	EXP 	polygon_2: autoDraw = False
1259.8734 	EXP 	Device response: <KeyPress from None: t=1250.2374262999997, value=space, duration=9.629455300000359>
1260.4735 	EXP 	Sound sound_1 reached end of file
1260.4897 	EXP 	Playing sound sound_1 on speaker Speakers (Realtek(R) Audio)
1260.7864 	EXP 	Sound sound_1 stopped
1260.8039 	EXP 	text: autoDraw = True
1260.8039 	EXP 	textbox: autoDraw = True
1261.2766 	DATA 	Keypress: 9
1261.2781 	EXP 	Device response: <KeyPress from None: t=1261.2723597, value=9, duration=None>
1261.4237 	EXP 	Device response: <KeyPress from None: t=1261.2723597, value=9, duration=0.13831279999988055>
1261.5075 	DATA 	Keypress: 9
1261.5094 	EXP 	Device response: <KeyPress from None: t=1261.50666, value=9, duration=None>
1261.6078 	EXP 	Device response: <KeyPress from None: t=1261.50666, value=9, duration=0.09628590000022541>
1261.7070 	DATA 	Keypress: 9
1261.7092 	EXP 	Device response: <KeyPress from None: t=1261.7035874999997, value=9, duration=None>
1261.8085 	EXP 	Device response: <KeyPress from None: t=1261.7035874999997, value=9, duration=0.10340190000044913>
1262.6406 	DATA 	Mouse: Left button down, pos=(887,210)
1262.6416 	EXP 	New trial (rep=13, index=11): <Trial 219 (11 in rep 13) data={'delay': 0.4, 'freq': 400, 'condition': 'unexp', 'thisN': 219, 'thisTrialN': 11, 'thisRepN': 13}>
1262.6561 	EXP 	text: autoDraw = False
1262.6561 	EXP 	textbox: autoDraw = False
1262.6561 	EXP 	polygon: autoDraw = True
1262.8738 	DATA 	Mouse:  Left button up, pos=(887,210)
1263.5732 	EXP 	Device response: <KeyPress from None: t=1263.5670038999997, value=space, duration=None>
1263.5742 	DATA 	Keypress: space
1263.6569 	INFO 	Keyboard events cleared
1263.6568 	EXP 	polygon: autoDraw = False
1263.6568 	EXP 	polygon_2: autoDraw = True
1263.7407 	EXP 	Device response: <KeyPress from None: t=1253.5580976, value=space, duration=10.170684299999834>
1264.2569 	EXP 	Device response: <KeyPress from None: t=1264.2560740999998, value=space, duration=None>
1264.2587 	DATA 	Keypress: space
1264.2727 	EXP 	polygon: autoDraw = False
1264.2727 	EXP 	polygon_2: autoDraw = False
1264.4088 	EXP 	Device response: <KeyPress from None: t=1259.7841619, value=space, duration=4.6193558999999595>
1264.6417 	EXP 	Sound sound_1 reached end of file
1264.6580 	EXP 	Playing sound sound_1 on speaker Speakers (Realtek(R) Audio)
1264.9567 	EXP 	Sound sound_1 stopped
1264.9765 	EXP 	text: autoDraw = True
1264.9765 	EXP 	textbox: autoDraw = True
1266.8231 	DATA 	Keypress: 3
1266.8246 	EXP 	Device response: <KeyPress from None: t=1266.8210917000001, value=3, duration=None>
1266.9901 	EXP 	Device response: <KeyPress from None: t=1266.8210917000001, value=3, duration=0.1574999999999136>
1267.4109 	DATA 	Keypress: 5
1267.4237 	EXP 	Device response: <KeyPress from None: t=1267.4091045, value=5, duration=None>
1267.5574 	EXP 	Device response: <KeyPress from None: t=1267.4091045, value=5, duration=0.1459623000001784>
1268.1073 	DATA 	Keypress: 0
1268.1090 	EXP 	Device response: <KeyPress from None: t=1268.1018126, value=0, duration=None>
1268.1752 	EXP 	Device response: <KeyPress from None: t=1268.1018126, value=0, duration=0.07181080000020756>
1268.9404 	DATA 	Mouse: Left button down, pos=(887,210)
1268.9413 	EXP 	New trial (rep=13, index=12): <Trial 220 (12 in rep 13) data={'delay': 0.7, 'freq': 1000, 'condition': 'exp', 'thisN': 220, 'thisTrialN': 12, 'thisRepN': 13}>
1268.9565 	EXP 	text: autoDraw = False
1268.9565 	EXP 	textbox: autoDraw = False
1268.9565 	EXP 	polygon: autoDraw = True
1269.1909 	DATA 	Mouse:  Left button up, pos=(887,210)
1269.2409 	DATA 	Mouse: Left button down, pos=(887,210)
1269.4072 	DATA 	Mouse:  Left button up, pos=(887,210)
1269.9563 	INFO 	Keyboard events cleared
1269.9561 	EXP 	polygon: autoDraw = False
1269.9561 	EXP 	polygon_2: autoDraw = True
1270.3399 	EXP 	Device response: <KeyPress from None: t=1270.3298003, value=space, duration=None>
1270.3414 	DATA 	Keypress: space
1270.3564 	EXP 	polygon: autoDraw = False
1270.3564 	EXP 	polygon_2: autoDraw = False
1270.5232 	EXP 	Device response: <KeyPress from None: t=1263.5670038999997, value=space, duration=6.949441200000479>
1271.0255 	EXP 	Sound sound_1 reached end of file
1271.0418 	EXP 	Playing sound sound_1 on speaker Speakers (Realtek(R) Audio)
1271.3390 	EXP 	Sound sound_1 stopped
1271.3608 	EXP 	text: autoDraw = True
1271.3608 	EXP 	textbox: autoDraw = True
1272.0309 	DATA 	Keypress: 9
1272.0413 	EXP 	Device response: <KeyPress from None: t=1272.0257507000001, value=9, duration=None>
1272.1739 	EXP 	Device response: <KeyPress from None: t=1272.0257507000001, value=9, duration=0.13696700000002693>
1272.2905 	DATA 	Keypress: 9
1272.2921 	EXP 	Device response: <KeyPress from None: t=1272.2899238999998, value=9, duration=None>
1272.4567 	EXP 	Device response: <KeyPress from None: t=1272.2899238999998, value=9, duration=0.15895899999998164>
1272.9305 	DATA 	Keypress: 9
1272.9400 	EXP 	Device response: <KeyPress from None: t=1272.9282721, value=9, duration=None>
1273.0566 	EXP 	Device response: <KeyPress from None: t=1272.9282721, value=9, duration=0.11862910000002103>
1273.9793 	DATA 	Mouse: Left button down, pos=(887,210)
1273.9905 	EXP 	New trial (rep=13, index=13): <Trial 221 (13 in rep 13) data={'delay': 0.4, 'freq': 1000, 'condition': 'exp', 'thisN': 221, 'thisTrialN': 13, 'thisRepN': 13}>
1274.0062 	EXP 	text: autoDraw = False
1274.0062 	EXP 	textbox: autoDraw = False
1274.0062 	EXP 	polygon: autoDraw = True
1274.2419 	DATA 	Mouse:  Left button up, pos=(887,210)
1274.2907 	DATA 	Mouse: Left button down, pos=(887,210)
1274.4577 	DATA 	Mouse:  Left button up, pos=(887,210)
1274.9899 	INFO 	Keyboard events cleared
1274.9898 	EXP 	polygon_2: autoDraw = True
1275.0067 	EXP 	polygon: autoDraw = False
1275.6065 	EXP 	Device response: <KeyPress from None: t=1275.5950429999998, value=space, duration=None>
1275.6081 	DATA 	Keypress: space
1275.6227 	EXP 	polygon: autoDraw = False
1275.6227 	EXP 	polygon_2: autoDraw = False
1275.9251 	EXP 	Device response: <KeyPress from None: t=1264.2560740999998, value=space, duration=11.6594580000002>
1275.9920 	EXP 	Sound sound_1 reached end of file
1276.0082 	EXP 	Playing sound sound_1 on speaker Speakers (Realtek(R) Audio)
1276.3045 	EXP 	Sound sound_1 stopped
1276.3259 	EXP 	text: autoDraw = True
1276.3259 	EXP 	textbox: autoDraw = True
1277.2563 	DATA 	Keypress: 9
1277.2673 	EXP 	Device response: <KeyPress from None: t=1277.2540522, value=9, duration=None>
1277.4077 	EXP 	Device response: <KeyPress from None: t=1277.2540522, value=9, duration=0.15202400000009675>
1277.4904 	DATA 	Keypress: 9
1277.4917 	EXP 	Device response: <KeyPress from None: t=1277.4896986999997, value=9, duration=None>
1277.5905 	EXP 	Device response: <KeyPress from None: t=1277.4896986999997, value=9, duration=0.09789410000041698>
1277.6651 	DATA 	Keypress: 9
1277.6736 	EXP 	Device response: <KeyPress from None: t=1277.6638509, value=9, duration=None>
1277.7741 	EXP 	Device response: <KeyPress from None: t=1277.6638509, value=9, duration=0.09788270000001376>
1278.5739 	DATA 	Mouse: Left button down, pos=(984,261)
1278.5754 	EXP 	New trial (rep=13, index=14): <Trial 222 (14 in rep 13) data={'delay': 0.7, 'freq': 1000, 'condition': 'exp', 'thisN': 222, 'thisTrialN': 14, 'thisRepN': 13}>
1278.5891 	EXP 	text: autoDraw = False
1278.5891 	EXP 	textbox: autoDraw = False
1278.5891 	EXP 	polygon: autoDraw = True
1278.6908 	DATA 	Mouse:  Left button up, pos=(984,261)
1279.5902 	INFO 	Keyboard events cleared
1279.5900 	EXP 	polygon: autoDraw = False
1279.5900 	EXP 	polygon_2: autoDraw = True
1279.6902 	EXP 	Device response: <KeyPress from None: t=1279.6755471000001, value=space, duration=None>
1279.6920 	DATA 	Keypress: space
1279.7065 	EXP 	polygon: autoDraw = False
1279.7065 	EXP 	polygon_2: autoDraw = False
1279.8395 	EXP 	Device response: <KeyPress from None: t=1270.3298003, value=space, duration=9.504758600000173>
1280.3755 	EXP 	Sound sound_1 reached end of file
1280.3918 	EXP 	Playing sound sound_1 on speaker Speakers (Realtek(R) Audio)
1280.6898 	EXP 	Sound sound_1 stopped
1280.7080 	EXP 	text: autoDraw = True
1280.7080 	EXP 	textbox: autoDraw = True
1281.7966 	DATA 	Keypress: 9
1281.8044 	EXP 	Device response: <KeyPress from None: t=1281.7950984999998, value=9, duration=None>
1281.9404 	EXP 	Device response: <KeyPress from None: t=1281.7950984999998, value=9, duration=0.12974660000020322>
1282.0236 	DATA 	Keypress: 9
1282.0250 	EXP 	Device response: <KeyPress from None: t=1282.0211556999998, value=9, duration=None>
1282.1237 	EXP 	Device response: <KeyPress from None: t=1282.0211556999998, value=9, duration=0.0928345000003219>
1282.2117 	DATA 	Keypress: 9
1282.2234 	EXP 	Device response: <KeyPress from None: t=1282.2076210999999, value=9, duration=None>
1282.3077 	EXP 	Device response: <KeyPress from None: t=1282.2076210999999, value=9, duration=0.09566540000025725>
1283.3321 	DATA 	Mouse: Left button down, pos=(982,268)
1283.3408 	EXP 	New trial (rep=13, index=15): <Trial 223 (15 in rep 13) data={'delay': 0.4, 'freq': 1000, 'condition': 'exp', 'thisN': 223, 'thisTrialN': 15, 'thisRepN': 13}>
1283.3565 	EXP 	text: autoDraw = False
1283.3565 	EXP 	textbox: autoDraw = False
1283.3565 	EXP 	polygon: autoDraw = True
1283.4571 	DATA 	Mouse:  Left button up, pos=(982,268)
1284.3402 	INFO 	Keyboard events cleared
1284.3400 	EXP 	polygon_2: autoDraw = True
1284.3568 	EXP 	polygon: autoDraw = False
1284.8399 	EXP 	Device response: <KeyPress from None: t=1284.8344799000001, value=space, duration=None>
1284.8414 	DATA 	Keypress: space
1284.8566 	EXP 	polygon: autoDraw = False
1284.8566 	EXP 	polygon_2: autoDraw = False
1285.0401 	EXP 	Device response: <KeyPress from None: t=1275.5950429999998, value=space, duration=9.436064900000133>
1285.2233 	EXP 	Sound sound_1 reached end of file
1285.2397 	EXP 	Playing sound sound_1 on speaker Speakers (Realtek(R) Audio)
1285.5378 	EXP 	Sound sound_1 stopped
1285.5570 	EXP 	text: autoDraw = True
1285.5570 	EXP 	textbox: autoDraw = True
1287.4061 	DATA 	Keypress: minus
1287.4142 	EXP 	Device response: <KeyPress from None: t=1287.4043314, value=minus, duration=None>
1287.5245 	DATA 	Keypress: 9
1287.5261 	EXP 	Device response: <KeyPress from None: t=1287.4043314, value=minus, duration=0.10805790000006255>
1287.5261 	EXP 	Device response: <KeyPress from None: t=1287.5212563, value=9, duration=None>
1287.6566 	EXP 	Device response: <KeyPress from None: t=1287.5212563, value=9, duration=0.12562519999994493>
1287.8903 	DATA 	Keypress: backspace
1287.8915 	EXP 	Device response: <KeyPress from None: t=1287.8882507999997, value=backspace, duration=None>
1288.0253 	EXP 	Device response: <KeyPress from None: t=1287.8882507999997, value=backspace, duration=0.13597300000049017>
1288.1237 	DATA 	Keypress: backspace
1288.1246 	EXP 	Device response: <KeyPress from None: t=1288.1173817999997, value=backspace, duration=None>
1288.2262 	EXP 	Device response: <KeyPress from None: t=1288.1173817999997, value=backspace, duration=0.09502640000039264>
1288.6433 	DATA 	Keypress: 9
1288.6539 	EXP 	Device response: <KeyPress from None: t=1288.6392498, value=9, duration=None>
1288.7736 	EXP 	Device response: <KeyPress from None: t=1288.6392498, value=9, duration=0.12561490000018694>
1288.8777 	DATA 	Keypress: 9
1288.8904 	EXP 	Device response: <KeyPress from None: t=1288.8744824999999, value=9, duration=None>
1288.9744 	EXP 	Device response: <KeyPress from None: t=1288.8744824999999, value=9, duration=0.09648240000035457>
1289.0739 	DATA 	Keypress: 9
1289.0755 	EXP 	Device response: <KeyPress from None: t=1289.0709812, value=9, duration=None>
1289.1900 	EXP 	Device response: <KeyPress from None: t=1289.0709812, value=9, duration=0.10982380000007197>
1290.1626 	DATA 	Mouse: Left button down, pos=(878,133)
1290.2461 	DATA 	Mouse:  Left button up, pos=(878,133)
1290.6651 	DATA 	Mouse: Left button down, pos=(877,236)
1290.6742 	EXP 	New trial (rep=14, index=0): <Trial 224 (0 in rep 14) data={'delay': 0.7, 'freq': 1000, 'condition': 'exp', 'thisN': 224, 'thisTrialN': 0, 'thisRepN': 14}>
1290.6893 	EXP 	text: autoDraw = False
1290.6893 	EXP 	textbox: autoDraw = False
1290.6893 	EXP 	polygon: autoDraw = True
1290.7250 	DATA 	Mouse:  Left button up, pos=(877,236)
1291.6899 	INFO 	Keyboard events cleared
1291.6898 	EXP 	polygon: autoDraw = False
1291.6898 	EXP 	polygon_2: autoDraw = True
1292.3905 	EXP 	Device response: <KeyPress from None: t=1292.375044, value=space, duration=None>
1292.3922 	DATA 	Keypress: space
1292.4064 	EXP 	polygon: autoDraw = False
1292.4064 	EXP 	polygon_2: autoDraw = False
1292.5731 	EXP 	Device response: <KeyPress from None: t=1279.6755471000001, value=space, duration=12.882208899999682>
1293.0765 	EXP 	Sound sound_1 reached end of file
1293.0928 	EXP 	Playing sound sound_1 on speaker Speakers (Realtek(R) Audio)
1293.3953 	EXP 	Sound sound_1 stopped
1293.4153 	EXP 	text: autoDraw = True
1293.4153 	EXP 	textbox: autoDraw = True
1293.8576 	DATA 	Keypress: 9
1293.8595 	EXP 	Device response: <KeyPress from None: t=1293.8535714, value=9, duration=None>
1293.9577 	EXP 	Device response: <KeyPress from None: t=1293.8535714, value=9, duration=0.09759739999992689>
1294.0786 	DATA 	Keypress: 9
1294.0905 	EXP 	Device response: <KeyPress from None: t=1294.0773448, value=9, duration=None>
1294.1405 	EXP 	Device response: <KeyPress from None: t=1294.0773448, value=9, duration=0.0511812000000873>
1294.2404 	DATA 	Keypress: 9
1294.2419 	EXP 	Device response: <KeyPress from None: t=1294.2364745999998, value=9, duration=None>
1294.3419 	EXP 	Device response: <KeyPress from None: t=1294.2364745999998, value=9, duration=0.0954732000001286>
1294.8845 	DATA 	Mouse: Left button down, pos=(877,236)
1294.8916 	EXP 	New trial (rep=14, index=1): <Trial 225 (1 in rep 14) data={'delay': 0.4, 'freq': 400, 'condition': 'unexp', 'thisN': 225, 'thisTrialN': 1, 'thisRepN': 14}>
1294.9067 	EXP 	text: autoDraw = False
1294.9067 	EXP 	textbox: autoDraw = False
1294.9067 	EXP 	polygon: autoDraw = True
1294.9580 	DATA 	Mouse:  Left button up, pos=(877,236)
1295.9072 	INFO 	Keyboard events cleared
1295.9069 	EXP 	polygon: autoDraw = False
1295.9069 	EXP 	polygon_2: autoDraw = True
1296.2237 	EXP 	Device response: <KeyPress from None: t=1296.2216278, value=space, duration=None>
1296.2251 	DATA 	Keypress: space
1296.2397 	EXP 	polygon: autoDraw = False
1296.2397 	EXP 	polygon_2: autoDraw = False
1296.4069 	EXP 	Device response: <KeyPress from None: t=1284.8344799000001, value=space, duration=11.5625739999997>
1296.6234 	EXP 	Sound sound_1 reached end of file
1296.6398 	EXP 	Playing sound sound_1 on speaker Speakers (Realtek(R) Audio)
1296.9345 	EXP 	Sound sound_1 stopped
1296.9525 	EXP 	text: autoDraw = True
1296.9525 	EXP 	textbox: autoDraw = True
1298.1993 	DATA 	Keypress: 3
1298.2108 	EXP 	Device response: <KeyPress from None: t=1298.1973654999997, value=3, duration=None>
1298.3069 	EXP 	Device response: <KeyPress from None: t=1298.1973654999997, value=3, duration=0.09855130000016743>
1298.8070 	DATA 	Keypress: 5
1298.8089 	EXP 	Device response: <KeyPress from None: t=1298.8018822, value=5, duration=None>
1298.8915 	EXP 	Device response: <KeyPress from None: t=1298.8018822, value=5, duration=0.08849470000006932>
1299.5239 	DATA 	Keypress: 0
1299.5255 	EXP 	Device response: <KeyPress from None: t=1299.5163721, value=0, duration=None>
1299.6412 	EXP 	Device response: <KeyPress from None: t=1299.5163721, value=0, duration=0.12189660000024105>
1300.1405 	DATA 	Mouse: Left button down, pos=(877,236)
1300.1414 	EXP 	New trial (rep=14, index=2): <Trial 226 (2 in rep 14) data={'delay': 0.7, 'freq': 1000, 'condition': 'exp', 'thisN': 226, 'thisTrialN': 2, 'thisRepN': 14}>
1300.1563 	EXP 	text: autoDraw = False
1300.1563 	EXP 	textbox: autoDraw = False
1300.1563 	EXP 	polygon: autoDraw = True
1300.1903 	DATA 	Mouse:  Left button up, pos=(877,236)
1301.1417 	INFO 	Keyboard events cleared
1301.1415 	EXP 	polygon_2: autoDraw = True
1301.1587 	EXP 	polygon: autoDraw = False
1301.6600 	EXP 	Device response: <KeyPress from None: t=1301.6437708999997, value=space, duration=None>
1301.6618 	DATA 	Keypress: space
1301.6750 	EXP 	polygon: autoDraw = False
1301.6750 	EXP 	polygon_2: autoDraw = False
1301.7758 	EXP 	Device response: <KeyPress from None: t=1292.375044, value=space, duration=9.395402600000239>
1302.3589 	EXP 	Sound sound_1 reached end of file
1302.3752 	EXP 	Playing sound sound_1 on speaker Speakers (Realtek(R) Audio)
1302.6727 	EXP 	Sound sound_1 stopped
1302.6928 	EXP 	text: autoDraw = True
1302.6928 	EXP 	textbox: autoDraw = True
1304.9909 	DATA 	Keypress: 9
1304.9924 	EXP 	Device response: <KeyPress from None: t=1304.9857575, value=9, duration=None>
1305.1075 	EXP 	Device response: <KeyPress from None: t=1304.9857575, value=9, duration=0.11797709999984818>
1305.2124 	DATA 	Keypress: 9
1305.2233 	EXP 	Device response: <KeyPress from None: t=1305.2088642999997, value=9, duration=None>
1305.3080 	EXP 	Device response: <KeyPress from None: t=1305.2088642999997, value=9, duration=0.08986520000019027>
1305.3812 	DATA 	Keypress: 9
1305.3902 	EXP 	Device response: <KeyPress from None: t=1305.3803266, value=9, duration=None>
1305.4743 	EXP 	Device response: <KeyPress from None: t=1305.3803266, value=9, duration=0.09229580000021542>
1305.8908 	DATA 	Mouse: Left button down, pos=(877,236)
1305.8918 	EXP 	New trial (rep=14, index=3): <Trial 227 (3 in rep 14) data={'delay': 0.4, 'freq': 1000, 'condition': 'exp', 'thisN': 227, 'thisTrialN': 3, 'thisRepN': 14}>
1305.9064 	EXP 	text: autoDraw = False
1305.9064 	EXP 	textbox: autoDraw = False
1305.9064 	EXP 	polygon: autoDraw = True
1305.9744 	DATA 	Mouse:  Left button up, pos=(877,236)
1306.9069 	INFO 	Keyboard events cleared
1306.9067 	EXP 	polygon: autoDraw = False
1306.9067 	EXP 	polygon_2: autoDraw = True
1307.1234 	EXP 	Device response: <KeyPress from None: t=1307.1081734, value=space, duration=None>
1307.1250 	DATA 	Keypress: space
1307.1397 	EXP 	polygon: autoDraw = False
1307.1397 	EXP 	polygon_2: autoDraw = False
1307.2398 	EXP 	Device response: <KeyPress from None: t=1296.2216278, value=space, duration=11.005184700000086>
1307.5068 	EXP 	Sound sound_1 reached end of file
1307.5232 	EXP 	Playing sound sound_1 on speaker Speakers (Realtek(R) Audio)
1307.8248 	EXP 	Sound sound_1 stopped
1307.8426 	EXP 	text: autoDraw = True
1307.8426 	EXP 	textbox: autoDraw = True
1308.9022 	DATA 	Keypress: 9
1308.9100 	EXP 	Device response: <KeyPress from None: t=1308.8988138999998, value=9, duration=None>
1309.0096 	EXP 	Device response: <KeyPress from None: t=1308.8988138999998, value=9, duration=0.1092999000003374>
1309.1241 	DATA 	Keypress: 9
1309.1256 	EXP 	Device response: <KeyPress from None: t=1309.1154056, value=9, duration=None>
1309.2081 	EXP 	Device response: <KeyPress from None: t=1309.1154056, value=9, duration=0.08804340000017419>
1309.3078 	DATA 	Keypress: 9
1309.3093 	EXP 	Device response: <KeyPress from None: t=1309.3070935, value=9, duration=None>
1309.3907 	EXP 	Device response: <KeyPress from None: t=1309.3070935, value=9, duration=0.07061679999981152>
1309.9781 	DATA 	Mouse: Left button down, pos=(877,236)
1309.9913 	EXP 	New trial (rep=14, index=4): <Trial 228 (4 in rep 14) data={'delay': 0.4, 'freq': 1000, 'condition': 'exp', 'thisN': 228, 'thisTrialN': 4, 'thisRepN': 14}>
1310.0061 	EXP 	text: autoDraw = False
1310.0061 	EXP 	textbox: autoDraw = False
1310.0061 	EXP 	polygon: autoDraw = True
1310.1073 	DATA 	Mouse:  Left button up, pos=(877,236)
1311.0062 	INFO 	Keyboard events cleared
1311.0061 	EXP 	polygon: autoDraw = False
1311.0061 	EXP 	polygon_2: autoDraw = True
1311.1741 	EXP 	Device response: <KeyPress from None: t=1311.1730705999998, value=space, duration=None>
1311.1760 	DATA 	Keypress: space
1311.1896 	EXP 	polygon: autoDraw = False
1311.1896 	EXP 	polygon_2: autoDraw = False
1311.3403 	EXP 	Device response: <KeyPress from None: t=1301.6437708999997, value=space, duration=9.685931700000424>
1311.5733 	EXP 	Sound sound_1 reached end of file
1311.5897 	EXP 	Playing sound sound_1 on speaker Speakers (Realtek(R) Audio)
1311.8911 	EXP 	Sound sound_1 stopped
1311.9083 	EXP 	text: autoDraw = True
1311.9083 	EXP 	textbox: autoDraw = True
1312.3054 	DATA 	Keypress: 9
1312.3158 	EXP 	Device response: <KeyPress from None: t=1312.3004376, value=9, duration=None>
1312.4255 	EXP 	Device response: <KeyPress from None: t=1312.3004376, value=9, duration=0.12404030000027433>
1312.5236 	DATA 	Keypress: 9
1312.5255 	EXP 	Device response: <KeyPress from None: t=1312.5148086999998, value=9, duration=None>
1312.6238 	EXP 	Device response: <KeyPress from None: t=1312.5148086999998, value=9, duration=0.10010920000024726>
1312.7079 	DATA 	Keypress: 9
1312.7095 	EXP 	Device response: <KeyPress from None: t=1312.7004038, value=9, duration=None>
1312.7901 	EXP 	Device response: <KeyPress from None: t=1312.7004038, value=9, duration=0.08002009999984239>
1313.0444 	DATA 	Keypress: 9
1313.0572 	EXP 	Device response: <KeyPress from None: t=1313.0411252, value=9, duration=None>
1313.1405 	EXP 	Device response: <KeyPress from None: t=1313.0411252, value=9, duration=0.08627489999992122>
1313.5568 	DATA 	Keypress: backspace
1313.5580 	EXP 	Device response: <KeyPress from None: t=1313.5536291999997, value=backspace, duration=None>
1313.6917 	EXP 	Device response: <KeyPress from None: t=1313.5536291999997, value=backspace, duration=0.13023240000040914>
1314.0951 	DATA 	Mouse: Left button down, pos=(877,236)
1314.1082 	EXP 	New trial (rep=14, index=5): <Trial 229 (5 in rep 14) data={'delay': 0.1, 'freq': 1000, 'condition': 'exp', 'thisN': 229, 'thisTrialN': 5, 'thisRepN': 14}>
1314.1233 	EXP 	text: autoDraw = False
1314.1233 	EXP 	textbox: autoDraw = False
1314.1233 	EXP 	polygon: autoDraw = True
1314.1742 	DATA 	Mouse:  Left button up, pos=(877,236)
1314.7740 	EXP 	Device response: <KeyPress from None: t=1314.7583215999998, value=space, duration=None>
1314.7748 	DATA 	Keypress: space
1314.9563 	EXP 	Device response: <KeyPress from None: t=1307.1081734, value=space, duration=7.835331599999904>
1315.1232 	INFO 	Keyboard events cleared
1315.1231 	EXP 	polygon: autoDraw = False
1315.1231 	EXP 	polygon_2: autoDraw = True
1315.3257 	EXP 	Device response: <KeyPress from None: t=1315.3208191999997, value=space, duration=None>
1315.3277 	DATA 	Keypress: space
1315.3413 	EXP 	polygon: autoDraw = False
1315.3413 	EXP 	polygon_2: autoDraw = False
1315.4089 	EXP 	Sound sound_1 reached end of file
1315.4251 	EXP 	Playing sound sound_1 on speaker Speakers (Realtek(R) Audio)
1315.5087 	EXP 	Device response: <KeyPress from None: t=1311.1730705999998, value=space, duration=4.322105100000158>
1315.7159 	EXP 	Sound sound_1 stopped
1315.7365 	EXP 	text: autoDraw = True
1315.7365 	EXP 	textbox: autoDraw = True
1316.3787 	DATA 	Keypress: 9
1316.3806 	EXP 	Device response: <KeyPress from None: t=1316.377971, value=9, duration=None>
1316.5236 	EXP 	Device response: <KeyPress from None: t=1316.377971, value=9, duration=0.13130280000007133>
1316.6069 	DATA 	Keypress: 9
1316.6087 	EXP 	Device response: <KeyPress from None: t=1316.6047238, value=9, duration=None>
1316.6915 	EXP 	Device response: <KeyPress from None: t=1316.6047238, value=9, duration=0.07915139999988696>
1316.7904 	DATA 	Keypress: 9
1316.7922 	EXP 	Device response: <KeyPress from None: t=1316.7814281, value=9, duration=None>
1316.8737 	EXP 	Device response: <KeyPress from None: t=1316.7814281, value=9, duration=0.07985900000005586>
1317.2617 	DATA 	Mouse: Left button down, pos=(877,236)
1317.2742 	EXP 	New trial (rep=14, index=6): <Trial 230 (6 in rep 14) data={'delay': 0.7, 'freq': 400, 'condition': 'unexp', 'thisN': 230, 'thisTrialN': 6, 'thisRepN': 14}>
1317.2894 	EXP 	text: autoDraw = False
1317.2894 	EXP 	textbox: autoDraw = False
1317.2894 	EXP 	polygon: autoDraw = True
1317.3413 	DATA 	Mouse:  Left button up, pos=(877,236)
1318.2731 	INFO 	Keyboard events cleared
1318.2730 	EXP 	polygon_2: autoDraw = True
1318.2896 	EXP 	polygon: autoDraw = False
1318.4736 	DATA 	Mouse: Left button down, pos=(877,236)
1318.5903 	EXP 	Device response: <KeyPress from None: t=1318.5884348999998, value=space, duration=None>
1318.5920 	DATA 	Keypress: space
1318.6066 	EXP 	polygon: autoDraw = False
1318.6066 	EXP 	polygon_2: autoDraw = False
1318.6927 	DATA 	Mouse:  Left button up, pos=(877,236)
1318.7591 	EXP 	Device response: <KeyPress from None: t=1314.7583215999998, value=space, duration=3.990013700000077>
1319.2904 	EXP 	Sound sound_1 reached end of file
1319.3067 	EXP 	Playing sound sound_1 on speaker Speakers (Realtek(R) Audio)
1319.6029 	EXP 	Sound sound_1 stopped
1319.6209 	EXP 	text: autoDraw = True
1319.6209 	EXP 	textbox: autoDraw = True
1319.6284 	DATA 	Mouse: Left button down, pos=(877,236)
1319.6411 	EXP 	New trial (rep=14, index=7): <Trial 231 (7 in rep 14) data={'delay': 0.4, 'freq': 1000, 'condition': 'exp', 'thisN': 231, 'thisTrialN': 7, 'thisRepN': 14}>
1319.6571 	EXP 	text: autoDraw = False
1319.6571 	EXP 	textbox: autoDraw = False
1319.6571 	EXP 	polygon: autoDraw = True
1319.8582 	DATA 	Mouse:  Left button up, pos=(877,236)
1320.6403 	INFO 	Keyboard events cleared
1320.6401 	EXP 	polygon_2: autoDraw = True
1320.6582 	EXP 	polygon: autoDraw = False
1320.9066 	EXP 	Device response: <KeyPress from None: t=1320.9044577999998, value=3, duration=None>
1320.9073 	DATA 	Keypress: 3
1320.9916 	EXP 	Device response: <KeyPress from None: t=1320.9044577999998, value=3, duration=0.07357869999998456>
1321.3404 	EXP 	Device response: <KeyPress from None: t=1321.3308627000001, value=5, duration=None>
1321.3412 	DATA 	Keypress: 5
1321.3902 	EXP 	Device response: <KeyPress from None: t=1321.3308627000001, value=5, duration=0.05667280000000119>
1322.2587 	EXP 	Device response: <KeyPress from None: t=1322.2547902000001, value=space, duration=None>
1322.2607 	DATA 	Keypress: space
1322.2749 	EXP 	polygon: autoDraw = False
1322.2749 	EXP 	polygon_2: autoDraw = False
1322.4586 	EXP 	Device response: <KeyPress from None: t=1315.3208191999997, value=space, duration=7.122748800000068>
1322.6424 	EXP 	Sound sound_1 reached end of file
1322.6584 	EXP 	Playing sound sound_1 on speaker Speakers (Realtek(R) Audio)
1322.9538 	EXP 	Sound sound_1 reached end of file
1322.9825 	EXP 	text: autoDraw = True
1322.9825 	EXP 	textbox: autoDraw = True
1326.6765 	DATA 	Keypress: o
1326.6859 	EXP 	Device response: <KeyPress from None: t=1326.6753544999997, value=o, duration=None>
1326.7739 	EXP 	Device response: <KeyPress from None: t=1326.6753544999997, value=o, duration=0.08854550000035033>
1327.0736 	DATA 	Keypress: 9
1327.0752 	EXP 	Device response: <KeyPress from None: t=1327.0708368, value=9, duration=None>
1327.1917 	EXP 	Device response: <KeyPress from None: t=1327.0708368, value=9, duration=0.11200770000016291>
1327.3405 	DATA 	Keypress: backspace
1327.3425 	EXP 	Device response: <KeyPress from None: t=1327.3381408, value=backspace, duration=None>
1327.5079 	EXP 	Device response: <KeyPress from None: t=1327.3381408, value=backspace, duration=0.16366149999987556>
1327.5740 	DATA 	Keypress: backspace
1327.5752 	EXP 	Device response: <KeyPress from None: t=1327.5698942, value=backspace, duration=None>
1327.7080 	EXP 	Device response: <KeyPress from None: t=1327.5698942, value=backspace, duration=0.12425059999998211>
1327.8735 	DATA 	Keypress: 9
1327.8751 	EXP 	Device response: <KeyPress from None: t=1327.8715337999997, value=9, duration=None>
1328.0072 	EXP 	Device response: <KeyPress from None: t=1327.8715337999997, value=9, duration=0.12574250000045595>
1328.1239 	DATA 	Keypress: 9
1328.1257 	EXP 	Device response: <KeyPress from None: t=1328.1157525999997, value=9, duration=None>
1328.2245 	EXP 	Device response: <KeyPress from None: t=1328.1157525999997, value=9, duration=0.1009201000002804>
1328.3455 	DATA 	Keypress: 9
1328.3574 	EXP 	Device response: <KeyPress from None: t=1328.3411194999999, value=9, duration=None>
1328.4402 	EXP 	Device response: <KeyPress from None: t=1328.3411194999999, value=9, duration=0.08690750000016578>
1329.4581 	DATA 	Mouse: Left button down, pos=(879,212)
1329.4590 	EXP 	New trial (rep=14, index=8): <Trial 232 (8 in rep 14) data={'delay': 0.1, 'freq': 400, 'condition': 'unexp', 'thisN': 232, 'thisTrialN': 8, 'thisRepN': 14}>
1329.4731 	EXP 	text: autoDraw = False
1329.4731 	EXP 	textbox: autoDraw = False
1329.4731 	EXP 	polygon: autoDraw = True
1329.6747 	DATA 	Mouse:  Left button up, pos=(879,212)
1330.0898 	EXP 	Device response: <KeyPress from None: t=1330.0814747999998, value=space, duration=None>
1330.0906 	DATA 	Keypress: space
1330.2260 	EXP 	Device response: <KeyPress from None: t=1318.5884348999998, value=space, duration=11.624534600000175>
1330.4592 	INFO 	Keyboard events cleared
1330.4589 	EXP 	polygon_2: autoDraw = True
1330.4750 	EXP 	polygon: autoDraw = False
1331.3266 	DATA 	Keypress: space
1331.3424 	EXP 	Device response: <KeyPress from None: t=1331.3259715999998, value=space, duration=None>
1331.3589 	EXP 	polygon: autoDraw = False
1331.3589 	EXP 	polygon_2: autoDraw = False
1331.4261 	EXP 	Sound sound_1 reached end of file
1331.4423 	EXP 	Playing sound sound_1 on speaker Speakers (Realtek(R) Audio)
1331.4264 	EXP 	Device response: <KeyPress from None: t=1322.2547902000001, value=space, duration=9.159045699999865>
1331.7431 	EXP 	Sound sound_1 stopped
1331.7630 	EXP 	text: autoDraw = True
1331.7630 	EXP 	textbox: autoDraw = True
1333.2497 	DATA 	Keypress: 3
1333.2611 	EXP 	Device response: <KeyPress from None: t=1333.2450765999997, value=3, duration=None>
1333.3744 	EXP 	Device response: <KeyPress from None: t=1333.2450765999997, value=3, duration=0.1267774000003783>
1333.7407 	DATA 	Keypress: 5
1333.7424 	EXP 	Device response: <KeyPress from None: t=1333.7386158999998, value=5, duration=None>
1333.8747 	EXP 	Device response: <KeyPress from None: t=1333.7386158999998, value=5, duration=0.12561450000032437>
1334.4296 	DATA 	Keypress: 0
1334.4406 	EXP 	Device response: <KeyPress from None: t=1334.4266392999998, value=0, duration=None>
1334.5905 	EXP 	Device response: <KeyPress from None: t=1334.4266392999998, value=0, duration=0.1526710000003959>
1335.3747 	DATA 	Mouse: Left button down, pos=(879,212)
1335.3757 	EXP 	New trial (rep=14, index=9): <Trial 233 (9 in rep 14) data={'delay': 0.1, 'freq': 1000, 'condition': 'exp', 'thisN': 233, 'thisTrialN': 9, 'thisRepN': 14}>
1335.3900 	EXP 	text: autoDraw = False
1335.3900 	EXP 	textbox: autoDraw = False
1335.3900 	EXP 	polygon: autoDraw = True
1335.5412 	DATA 	Mouse:  Left button up, pos=(879,212)
1335.6074 	DATA 	Mouse: Left button down, pos=(879,212)
1335.7078 	DATA 	Mouse:  Left button up, pos=(879,212)
1335.9245 	DATA 	Mouse: Left button down, pos=(879,212)
1336.1243 	DATA 	Mouse:  Left button up, pos=(879,212)
1336.3900 	INFO 	Keyboard events cleared
1336.3898 	EXP 	polygon: autoDraw = False
1336.3898 	EXP 	polygon_2: autoDraw = True
1337.0235 	EXP 	Device response: <KeyPress from None: t=1337.0115818999998, value=space, duration=None>
1337.0250 	DATA 	Keypress: space
1337.0401 	EXP 	polygon: autoDraw = False
1337.0401 	EXP 	polygon_2: autoDraw = False
1337.1067 	EXP 	Sound sound_1 reached end of file
1337.1231 	EXP 	Playing sound sound_1 on speaker Speakers (Realtek(R) Audio)
1337.1402 	EXP 	Device response: <KeyPress from None: t=1330.0814747999998, value=space, duration=7.052801300000397>
1337.4123 	EXP 	Sound sound_1 stopped
1337.4305 	EXP 	text: autoDraw = True
1337.4305 	EXP 	textbox: autoDraw = True
1338.0004 	DATA 	Keypress: 9
1338.0084 	EXP 	Device response: <KeyPress from None: t=1337.9985186999997, value=9, duration=None>
1338.1572 	EXP 	Device response: <KeyPress from None: t=1337.9985186999997, value=9, duration=0.14776380000023437>
1338.2407 	DATA 	Keypress: 9
1338.2423 	EXP 	Device response: <KeyPress from None: t=1338.2385902, value=9, duration=None>
1338.3403 	EXP 	Device response: <KeyPress from None: t=1338.2385902, value=9, duration=0.09241219999978512>
1338.4239 	DATA 	Keypress: 9
1338.4258 	EXP 	Device response: <KeyPress from None: t=1338.4185309999998, value=9, duration=None>
1338.5406 	EXP 	Device response: <KeyPress from None: t=1338.4185309999998, value=9, duration=0.11363040000026103>
1339.4741 	DATA 	Mouse: Right button down, pos=(872,228)
1339.4750 	EXP 	New trial (rep=14, index=10): <Trial 234 (10 in rep 14) data={'delay': 0.1, 'freq': 400, 'condition': 'unexp', 'thisN': 234, 'thisTrialN': 10, 'thisRepN': 14}>
1339.4902 	EXP 	text: autoDraw = False
1339.4902 	EXP 	textbox: autoDraw = False
1339.4902 	EXP 	polygon: autoDraw = True
1339.5409 	DATA 	Mouse:  Right button up, pos=(872,228)
1339.6750 	DATA 	Mouse: Left button down, pos=(872,228)
1339.9081 	DATA 	Mouse:  Left button up, pos=(872,228)
1340.3408 	DATA 	Mouse: Left button down, pos=(872,228)
1340.4903 	INFO 	Keyboard events cleared
1340.4902 	EXP 	polygon: autoDraw = False
1340.4902 	EXP 	polygon_2: autoDraw = True
1340.5575 	DATA 	Mouse:  Left button up, pos=(872,228)
1340.9233 	EXP 	Device response: <KeyPress from None: t=1340.9208119, value=space, duration=None>
1340.9248 	DATA 	Mouse: Left button down, pos=(872,228)
1340.9250 	DATA 	Keypress: space
1340.9396 	EXP 	polygon: autoDraw = False
1340.9396 	EXP 	polygon_2: autoDraw = False
1341.0071 	EXP 	Sound sound_1 reached end of file
1341.0234 	EXP 	Playing sound sound_1 on speaker Speakers (Realtek(R) Audio)
1341.0902 	EXP 	Device response: <KeyPress from None: t=1331.3259715999998, value=space, duration=9.761719800000378>
1341.1413 	DATA 	Mouse:  Left button up, pos=(872,228)
1341.3188 	EXP 	Sound sound_1 stopped
1341.3371 	EXP 	text: autoDraw = True
1341.3371 	EXP 	textbox: autoDraw = True
1343.4099 	DATA 	Keypress: 3
1343.4202 	EXP 	Device response: <KeyPress from None: t=1343.4080374999999, value=3, duration=None>
1343.6238 	EXP 	Device response: <KeyPress from None: t=1343.4080374999999, value=3, duration=0.20046930000000884>
1343.7617 	DATA 	Keypress: 5
1343.7736 	EXP 	Device response: <KeyPress from None: t=1343.7599903999999, value=5, duration=None>
1343.9572 	EXP 	Device response: <KeyPress from None: t=1343.7599903999999, value=5, duration=0.18560100000024704>
1344.1574 	DATA 	Keypress: 8
1344.1589 	EXP 	Device response: <KeyPress from None: t=1344.1486694999999, value=8, duration=None>
1344.1907 	DATA 	Keypress: 9
1344.1922 	EXP 	Device response: <KeyPress from None: t=1344.1884614, value=9, duration=None>
1344.2080 	EXP 	Device response: <KeyPress from None: t=1344.1486694999999, value=8, duration=0.05601239999998597>
1344.3408 	EXP 	Device response: <KeyPress from None: t=1344.1884614, value=9, duration=0.1484947999998667>
1344.6412 	DATA 	Keypress: backspace
1344.6429 	EXP 	Device response: <KeyPress from None: t=1344.6321650999998, value=backspace, duration=None>
1344.8234 	EXP 	Device response: <KeyPress from None: t=1344.6321650999998, value=backspace, duration=0.18174950000013723>
1344.9147 	DATA 	Keypress: backspace
1344.9240 	EXP 	Device response: <KeyPress from None: t=1344.9134817, value=backspace, duration=None>
1345.0742 	EXP 	Device response: <KeyPress from None: t=1344.9134817, value=backspace, duration=0.14570900000001075>
1345.8575 	DATA 	Keypress: 0
1345.8594 	EXP 	Device response: <KeyPress from None: t=1345.8476069999997, value=0, duration=None>
1345.9738 	EXP 	Device response: <KeyPress from None: t=1345.8476069999997, value=0, duration=0.11287120000054074>
1346.9244 	DATA 	Mouse: Left button down, pos=(887,227)
1346.9252 	EXP 	New trial (rep=14, index=11): <Trial 235 (11 in rep 14) data={'delay': 0.1, 'freq': 1000, 'condition': 'exp', 'thisN': 235, 'thisTrialN': 11, 'thisRepN': 14}>
1346.9399 	EXP 	text: autoDraw = False
1346.9399 	EXP 	textbox: autoDraw = False
1346.9399 	EXP 	polygon: autoDraw = True
1347.0240 	DATA 	Mouse:  Left button up, pos=(887,227)
1347.9398 	INFO 	Keyboard events cleared
1347.9396 	EXP 	polygon: autoDraw = False
1347.9396 	EXP 	polygon_2: autoDraw = True
1348.4067 	EXP 	Device response: <KeyPress from None: t=1348.395415, value=space, duration=None>
1348.4084 	DATA 	Keypress: space
1348.4232 	EXP 	polygon: autoDraw = False
1348.4232 	EXP 	polygon_2: autoDraw = False
1348.4897 	EXP 	Sound sound_1 reached end of file
1348.5061 	EXP 	Playing sound sound_1 on speaker Speakers (Realtek(R) Audio)
1348.5737 	EXP 	Device response: <KeyPress from None: t=1337.0115818999998, value=space, duration=11.545420300000046>
1348.8086 	EXP 	Sound sound_1 stopped
1348.8270 	EXP 	text: autoDraw = True
1348.8270 	EXP 	textbox: autoDraw = True
1349.5269 	DATA 	Keypress: 9
1349.5281 	EXP 	Device response: <KeyPress from None: t=1349.5260656, value=9, duration=None>
1349.6577 	EXP 	Device response: <KeyPress from None: t=1349.5260656, value=9, duration=0.12756120000005922>
1349.7411 	DATA 	Keypress: 9
1349.7427 	EXP 	Device response: <KeyPress from None: t=1349.7404573999997, value=9, duration=None>
1349.8409 	EXP 	Device response: <KeyPress from None: t=1349.7404573999997, value=9, duration=0.08854740000026595>
1349.9141 	DATA 	Keypress: 9
1349.9238 	EXP 	Device response: <KeyPress from None: t=1349.9135345, value=9, duration=None>
1350.0080 	EXP 	Device response: <KeyPress from None: t=1349.9135345, value=9, duration=0.08482259999993857>
1350.7081 	DATA 	Mouse: Left button down, pos=(902,212)
1350.7090 	EXP 	New trial (rep=14, index=12): <Trial 236 (12 in rep 14) data={'delay': 0.1, 'freq': 1000, 'condition': 'exp', 'thisN': 236, 'thisTrialN': 12, 'thisRepN': 14}>
1350.7235 	EXP 	text: autoDraw = False
1350.7235 	EXP 	textbox: autoDraw = False
1350.7235 	EXP 	polygon: autoDraw = True
1350.8075 	DATA 	Mouse:  Left button up, pos=(902,212)
1351.7236 	INFO 	Keyboard events cleared
1351.7235 	EXP 	polygon: autoDraw = False
1351.7235 	EXP 	polygon_2: autoDraw = True
1354.2591 	EXP 	Device response: <KeyPress from None: t=1354.2439061999999, value=space, duration=None>
1354.2613 	DATA 	Keypress: space
1354.2751 	EXP 	polygon: autoDraw = False
1354.2751 	EXP 	polygon_2: autoDraw = False
1354.3429 	EXP 	Sound sound_1 reached end of file
1354.3591 	EXP 	Playing sound sound_1 on speaker Speakers (Realtek(R) Audio)
1354.3926 	EXP 	Device response: <KeyPress from None: t=1340.9208119, value=space, duration=13.46041949999983>
1354.6501 	EXP 	Sound sound_1 stopped
1354.6691 	EXP 	text: autoDraw = True
1354.6691 	EXP 	textbox: autoDraw = True
1355.2739 	DATA 	Keypress: 9
1355.2845 	EXP 	Device response: <KeyPress from None: t=1355.271898, value=9, duration=None>
1355.3908 	EXP 	Device response: <KeyPress from None: t=1355.271898, value=9, duration=0.10594069999990552>
1355.4956 	DATA 	Keypress: 9
1355.5070 	EXP 	Device response: <KeyPress from None: t=1355.4921077, value=9, duration=None>
1355.5579 	EXP 	Device response: <KeyPress from None: t=1355.4921077, value=9, duration=0.0622062000003325>
1355.6574 	DATA 	Keypress: 9
1355.6589 	EXP 	Device response: <KeyPress from None: t=1355.650604, value=9, duration=None>
1355.7414 	EXP 	Device response: <KeyPress from None: t=1355.650604, value=9, duration=0.08722570000020369>
1356.1950 	DATA 	Mouse: Left button down, pos=(902,212)
1356.2085 	EXP 	New trial (rep=14, index=13): <Trial 237 (13 in rep 14) data={'delay': 0.4, 'freq': 1000, 'condition': 'exp', 'thisN': 237, 'thisTrialN': 13, 'thisRepN': 14}>
1356.2231 	EXP 	text: autoDraw = False
1356.2231 	EXP 	textbox: autoDraw = False
1356.2231 	EXP 	polygon: autoDraw = True
1356.2575 	DATA 	Mouse:  Left button up, pos=(902,212)
1357.0577 	DATA 	Mouse: Left button down, pos=(926,183)
1357.2234 	INFO 	Keyboard events cleared
1357.2232 	EXP 	polygon: autoDraw = False
1357.2232 	EXP 	polygon_2: autoDraw = True
1357.4571 	EXP 	Device response: <KeyPress from None: t=1357.4413725999998, value=space, duration=None>
1357.4596 	DATA 	Keypress: space
1357.4734 	EXP 	polygon: autoDraw = False
1357.4734 	EXP 	polygon_2: autoDraw = False
1357.5902 	EXP 	Device response: <KeyPress from None: t=1348.395415, value=space, duration=9.192633700000101>
1357.7748 	DATA 	Mouse:  Left button up, pos=(947,227)
1357.8407 	EXP 	Sound sound_1 reached end of file
1357.8570 	EXP 	Playing sound sound_1 on speaker Speakers (Realtek(R) Audio)
1358.1565 	EXP 	Sound sound_1 stopped
1358.1770 	EXP 	text: autoDraw = True
1358.1770 	EXP 	textbox: autoDraw = True
1358.3824 	DATA 	Keypress: 9
1358.3939 	EXP 	Device response: <KeyPress from None: t=1358.38069, value=9, duration=None>
1358.5072 	EXP 	Device response: <KeyPress from None: t=1358.38069, value=9, duration=0.1129139000000805>
1358.5906 	DATA 	Keypress: 9
1358.5922 	EXP 	Device response: <KeyPress from None: t=1358.5879669, value=9, duration=None>
1358.6906 	EXP 	Device response: <KeyPress from None: t=1358.5879669, value=9, duration=0.09005899999976918>
1358.7622 	DATA 	Keypress: 9
1358.7734 	EXP 	Device response: <KeyPress from None: t=1358.7598309, value=9, duration=None>
1358.8427 	EXP 	Device response: <KeyPress from None: t=1358.7598309, value=9, duration=0.07948369999996885>
1359.7245 	DATA 	Mouse: Left button down, pos=(945,232)
1359.7254 	EXP 	New trial (rep=14, index=14): <Trial 238 (14 in rep 14) data={'delay': 0.7, 'freq': 1000, 'condition': 'exp', 'thisN': 238, 'thisTrialN': 14, 'thisRepN': 14}>
1359.7402 	EXP 	text: autoDraw = False
1359.7402 	EXP 	textbox: autoDraw = False
1359.7402 	EXP 	polygon: autoDraw = True
1359.8074 	DATA 	Mouse:  Left button up, pos=(945,232)
1360.6573 	EXP 	Device response: <KeyPress from None: t=1360.6510494999998, value=space, duration=None>
1360.6583 	DATA 	Keypress: space
1360.7402 	INFO 	Keyboard events cleared
1360.7400 	EXP 	polygon: autoDraw = False
1360.7400 	EXP 	polygon_2: autoDraw = True
1360.7576 	EXP 	Device response: <KeyPress from None: t=1354.2439061999999, value=space, duration=6.511233300000299>
1361.4910 	EXP 	Device response: <KeyPress from None: t=1361.476341, value=space, duration=None>
1361.4925 	DATA 	Keypress: space
1361.5065 	EXP 	polygon: autoDraw = False
1361.5065 	EXP 	polygon_2: autoDraw = False
1361.6404 	EXP 	Device response: <KeyPress from None: t=1357.4413725999998, value=space, duration=4.182698100000039>
1362.1753 	EXP 	Sound sound_1 reached end of file
1362.1917 	EXP 	Playing sound sound_1 on speaker Speakers (Realtek(R) Audio)
1362.4929 	EXP 	Sound sound_1 stopped
1362.5112 	EXP 	text: autoDraw = True
1362.5112 	EXP 	textbox: autoDraw = True
1363.0601 	DATA 	Keypress: 9
1363.0612 	EXP 	Device response: <KeyPress from None: t=1363.056016, value=9, duration=None>
1363.2074 	EXP 	Device response: <KeyPress from None: t=1363.056016, value=9, duration=0.1383443999999372>
1363.3073 	DATA 	Keypress: 9
1363.3089 	EXP 	Device response: <KeyPress from None: t=1363.2988949, value=9, duration=None>
1363.4074 	EXP 	Device response: <KeyPress from None: t=1363.2988949, value=9, duration=0.09283030000017334>
1363.4988 	DATA 	Keypress: 9
1363.5073 	EXP 	Device response: <KeyPress from None: t=1363.4954514, value=9, duration=None>
1363.5581 	EXP 	Device response: <KeyPress from None: t=1363.4954514, value=9, duration=0.06132050000007894>
1364.4410 	DATA 	Mouse: Left button down, pos=(945,232)
1364.4422 	EXP 	New trial (rep=14, index=15): <Trial 239 (15 in rep 14) data={'delay': 0.7, 'freq': 1000, 'condition': 'exp', 'thisN': 239, 'thisTrialN': 15, 'thisRepN': 14}>
1364.4572 	EXP 	text: autoDraw = False
1364.4572 	EXP 	textbox: autoDraw = False
1364.4572 	EXP 	polygon: autoDraw = True
1364.6412 	DATA 	Mouse:  Left button up, pos=(945,232)
1364.7080 	DATA 	Mouse: Left button down, pos=(945,232)
1364.8578 	DATA 	Mouse:  Left button up, pos=(945,232)
1365.4569 	INFO 	Keyboard events cleared
1365.4568 	EXP 	polygon: autoDraw = False
1365.4568 	EXP 	polygon_2: autoDraw = True
1366.7404 	EXP 	Device response: <KeyPress from None: t=1366.7370830999998, value=space, duration=None>
1366.7418 	DATA 	Keypress: space
1366.7560 	EXP 	polygon: autoDraw = False
1366.7560 	EXP 	polygon_2: autoDraw = False
1366.9072 	EXP 	Device response: <KeyPress from None: t=1360.6510494999998, value=space, duration=6.240242400000284>
1367.4238 	EXP 	Sound sound_1 reached end of file
1367.4401 	EXP 	Playing sound sound_1 on speaker Speakers (Realtek(R) Audio)
1367.7428 	EXP 	Sound sound_1 stopped
1367.7600 	EXP 	text: autoDraw = True
1367.7600 	EXP 	textbox: autoDraw = True
1368.8975 	DATA 	Keypress: 9
1368.8989 	EXP 	Device response: <KeyPress from None: t=1368.8952175, value=9, duration=None>
1368.9749 	EXP 	Device response: <KeyPress from None: t=1368.8952175, value=9, duration=0.07670969999992394>
1369.0958 	DATA 	Keypress: 9
1369.1073 	EXP 	Device response: <KeyPress from None: t=1369.0947523999998, value=9, duration=None>
1369.1917 	EXP 	Device response: <KeyPress from None: t=1369.0947523999998, value=9, duration=0.09506610000028104>
1369.2985 	DATA 	Keypress: 9
1369.3070 	EXP 	Device response: <KeyPress from None: t=1369.2971606, value=9, duration=None>
1369.3915 	EXP 	Device response: <KeyPress from None: t=1369.2971606, value=9, duration=0.08482839999999214>
1370.7577 	DATA 	Mouse: Left button down, pos=(945,232)
1370.7588 	EXP 	New trial (rep=15, index=0): <Trial 240 (0 in rep 15) data={'delay': 0.4, 'freq': 400, 'condition': 'unexp', 'thisN': 240, 'thisTrialN': 0, 'thisRepN': 15}>
1370.7732 	EXP 	text: autoDraw = False
1370.7732 	EXP 	textbox: autoDraw = False
1370.7732 	EXP 	polygon: autoDraw = True
1370.9745 	DATA 	Mouse:  Left button up, pos=(945,232)
1371.7741 	INFO 	Keyboard events cleared
1371.7738 	EXP 	polygon: autoDraw = False
1371.7738 	EXP 	polygon_2: autoDraw = True
1372.2925 	EXP 	Device response: <KeyPress from None: t=1372.2879672, value=space, duration=None>
1372.2948 	DATA 	Keypress: space
1372.3069 	EXP 	polygon: autoDraw = False
1372.3069 	EXP 	polygon_2: autoDraw = False
1372.4742 	EXP 	Device response: <KeyPress from None: t=1361.476341, value=space, duration=10.990953000000104>
1372.6920 	EXP 	Sound sound_1 reached end of file
1372.7083 	EXP 	Playing sound sound_1 on speaker Speakers (Realtek(R) Audio)
1373.0084 	EXP 	Sound sound_1 stopped
1373.0275 	EXP 	text: autoDraw = True
1373.0275 	EXP 	textbox: autoDraw = True
1374.4768 	DATA 	Keypress: 3
1374.4875 	EXP 	Device response: <KeyPress from None: t=1374.4731041, value=3, duration=None>
1374.6079 	EXP 	Device response: <KeyPress from None: t=1374.4731041, value=3, duration=0.1313575999998875>
1374.9316 	DATA 	Keypress: 5
1374.9406 	EXP 	Device response: <KeyPress from None: t=1374.9298768999997, value=5, duration=None>
1375.0401 	EXP 	Device response: <KeyPress from None: t=1374.9298768999997, value=5, duration=0.09861250000051314>
1376.2241 	DATA 	Keypress: 0
1376.2257 	EXP 	Device response: <KeyPress from None: t=1376.2158789, value=0, duration=None>
1376.3249 	EXP 	Device response: <KeyPress from None: t=1376.2158789, value=0, duration=0.10722260000022743>
1377.7247 	DATA 	Mouse: Left button down, pos=(945,232)
1377.7260 	EXP 	New trial (rep=15, index=1): <Trial 241 (1 in rep 15) data={'delay': 0.7, 'freq': 1000, 'condition': 'exp', 'thisN': 241, 'thisTrialN': 1, 'thisRepN': 15}>
1377.7396 	EXP 	text: autoDraw = False
1377.7396 	EXP 	textbox: autoDraw = False
1377.7396 	EXP 	polygon: autoDraw = True
1377.8419 	DATA 	Mouse:  Left button up, pos=(945,232)
1378.7403 	INFO 	Keyboard events cleared
1378.7401 	EXP 	polygon: autoDraw = False
1378.7401 	EXP 	polygon_2: autoDraw = True
1379.3260 	EXP 	Device response: <KeyPress from None: t=1379.3221113999998, value=space, duration=None>
1379.3281 	DATA 	Keypress: space
1379.3401 	EXP 	polygon: autoDraw = False
1379.3401 	EXP 	polygon_2: autoDraw = False
1379.5255 	EXP 	Device response: <KeyPress from None: t=1366.7370830999998, value=space, duration=12.77873480000028>
1380.0255 	EXP 	Sound sound_1 reached end of file
1380.0417 	EXP 	Playing sound sound_1 on speaker Speakers (Realtek(R) Audio)
1380.3386 	EXP 	Sound sound_1 stopped
1380.3609 	EXP 	text: autoDraw = True
1380.3609 	EXP 	textbox: autoDraw = True
1381.2526 	DATA 	Keypress: 9
1381.2643 	EXP 	Device response: <KeyPress from None: t=1381.2473541, value=9, duration=None>
1381.4083 	EXP 	Device response: <KeyPress from None: t=1381.2473541, value=9, duration=0.15916170000002694>
1381.4952 	DATA 	Keypress: 9
1381.5073 	EXP 	Device response: <KeyPress from None: t=1381.4936715, value=9, duration=None>
1381.6409 	EXP 	Device response: <KeyPress from None: t=1381.4936715, value=9, duration=0.13084429999992153>
1381.7905 	DATA 	Keypress: 9
1381.7917 	EXP 	Device response: <KeyPress from None: t=1381.7819406999997, value=9, duration=None>
1381.9238 	EXP 	Device response: <KeyPress from None: t=1381.7819406999997, value=9, duration=0.1269217000004801>
1382.5577 	DATA 	Mouse: Left button down, pos=(932,250)
1382.5586 	EXP 	New trial (rep=15, index=2): <Trial 242 (2 in rep 15) data={'delay': 0.1, 'freq': 400, 'condition': 'unexp', 'thisN': 242, 'thisTrialN': 2, 'thisRepN': 15}>
1382.5733 	EXP 	text: autoDraw = False
1382.5733 	EXP 	textbox: autoDraw = False
1382.5733 	EXP 	polygon: autoDraw = True
1382.6421 	DATA 	Mouse:  Left button up, pos=(932,250)
1383.5598 	INFO 	Keyboard events cleared
1383.5596 	EXP 	polygon_2: autoDraw = True
1383.5751 	EXP 	polygon: autoDraw = False
1384.1941 	EXP 	Device response: <KeyPress from None: t=1384.1863975, value=space, duration=None>
1384.1959 	DATA 	Keypress: space
1384.2086 	EXP 	polygon: autoDraw = False
1384.2086 	EXP 	polygon_2: autoDraw = False
1384.2922 	EXP 	Sound sound_1 reached end of file
1384.3084 	EXP 	Playing sound sound_1 on speaker Speakers (Realtek(R) Audio)
1384.3435 	EXP 	Device response: <KeyPress from None: t=1372.2879672, value=space, duration=12.053445800000304>
1384.6061 	EXP 	Sound sound_1 stopped
1384.6262 	EXP 	text: autoDraw = True
1384.6262 	EXP 	textbox: autoDraw = True
1386.6322 	DATA 	Mouse: Left button down, pos=(932,250)
1386.6436 	EXP 	New trial (rep=15, index=3): <Trial 243 (3 in rep 15) data={'delay': 0.7, 'freq': 1000, 'condition': 'exp', 'thisN': 243, 'thisTrialN': 3, 'thisRepN': 15}>
1386.6566 	EXP 	text: autoDraw = False
1386.6566 	EXP 	textbox: autoDraw = False
1386.6566 	EXP 	polygon: autoDraw = True
1386.7575 	EXP 	Device response: <KeyPress from None: t=1386.7433173, value=3, duration=None>
1386.7584 	DATA 	Keypress: 3
1386.8586 	DATA 	Mouse:  Left button up, pos=(932,250)
1386.9237 	EXP 	Device response: <KeyPress from None: t=1386.7433173, value=3, duration=0.16678020000028937>
1387.0906 	EXP 	Device response: <KeyPress from None: t=1387.089692, value=5, duration=None>
1387.0913 	DATA 	Keypress: 5
1387.2578 	EXP 	Device response: <KeyPress from None: t=1387.089692, value=5, duration=0.1658666999998104>
1387.6569 	INFO 	Keyboard events cleared
1387.6568 	EXP 	polygon: autoDraw = False
1387.6568 	EXP 	polygon_2: autoDraw = True
1388.7741 	EXP 	Device response: <KeyPress from None: t=1388.7680326, value=space, duration=None>
1388.7760 	DATA 	Keypress: space
1388.7897 	EXP 	polygon: autoDraw = False
1388.7897 	EXP 	polygon_2: autoDraw = False
1388.9571 	EXP 	Device response: <KeyPress from None: t=1379.3221113999998, value=space, duration=9.623077200000012>
1389.4573 	EXP 	Sound sound_1 reached end of file
1389.4736 	EXP 	Playing sound sound_1 on speaker Speakers (Realtek(R) Audio)
1389.7681 	EXP 	Sound sound_1 stopped
1389.7864 	EXP 	text: autoDraw = True
1389.7864 	EXP 	textbox: autoDraw = True
1390.3544 	DATA 	Keypress: 9
1390.3560 	EXP 	Device response: <KeyPress from None: t=1390.349099, value=9, duration=None>
1390.4578 	EXP 	Device response: <KeyPress from None: t=1390.349099, value=9, duration=0.10541829999976926>
1390.5736 	DATA 	Keypress: 9
1390.5753 	EXP 	Device response: <KeyPress from None: t=1390.5710816, value=9, duration=None>
1390.6752 	EXP 	Device response: <KeyPress from None: t=1390.5710816, value=9, duration=0.09984629999974004>
1390.7923 	DATA 	Keypress: 9
1390.7936 	EXP 	Device response: <KeyPress from None: t=1390.7825871, value=9, duration=None>
1390.8579 	EXP 	Device response: <KeyPress from None: t=1390.7825871, value=9, duration=0.06394560000001093>
1391.2449 	DATA 	Mouse: Left button down, pos=(931,245)
1391.2582 	EXP 	New trial (rep=15, index=4): <Trial 244 (4 in rep 15) data={'delay': 0.4, 'freq': 1000, 'condition': 'exp', 'thisN': 244, 'thisTrialN': 4, 'thisRepN': 15}>
1391.2734 	EXP 	text: autoDraw = False
1391.2734 	EXP 	textbox: autoDraw = False
1391.2734 	EXP 	polygon: autoDraw = True
1391.3411 	DATA 	Mouse:  Left button up, pos=(931,245)
1392.2736 	INFO 	Keyboard events cleared
1392.2734 	EXP 	polygon: autoDraw = False
1392.2734 	EXP 	polygon_2: autoDraw = True
1392.5603 	EXP 	Device response: <KeyPress from None: t=1392.5576526999998, value=space, duration=None>
1392.5620 	DATA 	Keypress: space
1392.5734 	EXP 	polygon: autoDraw = False
1392.5734 	EXP 	polygon_2: autoDraw = False
1392.7239 	EXP 	Device response: <KeyPress from None: t=1384.1863975, value=space, duration=8.525963700000034>
1392.9570 	EXP 	Sound sound_1 reached end of file
1392.9733 	EXP 	Playing sound sound_1 on speaker Speakers (Realtek(R) Audio)
1393.2643 	EXP 	Sound sound_1 stopped
1393.2844 	EXP 	text: autoDraw = True
1393.2844 	EXP 	textbox: autoDraw = True
1394.2929 	DATA 	Keypress: 9
1394.2941 	EXP 	Device response: <KeyPress from None: t=1394.2915346999998, value=9, duration=None>
1394.4249 	EXP 	Device response: <KeyPress from None: t=1394.2915346999998, value=9, duration=0.13047170000038477>
1394.5242 	DATA 	Keypress: 9
1394.5258 	EXP 	Device response: <KeyPress from None: t=1394.5184829999998, value=9, duration=None>
1394.6248 	EXP 	Device response: <KeyPress from None: t=1394.5184829999998, value=9, duration=0.09866010000007464>
1394.7150 	DATA 	Keypress: 9
1394.7239 	EXP 	Device response: <KeyPress from None: t=1394.7117758999998, value=9, duration=None>
1394.8075 	EXP 	Device response: <KeyPress from None: t=1394.7117758999998, value=9, duration=0.09230940000009014>
1395.2084 	DATA 	Mouse: Left button down, pos=(931,245)
1395.2100 	EXP 	New trial (rep=15, index=5): <Trial 245 (5 in rep 15) data={'delay': 0.1, 'freq': 1000, 'condition': 'exp', 'thisN': 245, 'thisTrialN': 5, 'thisRepN': 15}>
1395.2235 	EXP 	text: autoDraw = False
1395.2235 	EXP 	textbox: autoDraw = False
1395.2235 	EXP 	polygon: autoDraw = True
1395.2911 	DATA 	Mouse:  Left button up, pos=(931,245)
1396.2238 	INFO 	Keyboard events cleared
1396.2236 	EXP 	polygon: autoDraw = False
1396.2236 	EXP 	polygon_2: autoDraw = True
1396.6074 	EXP 	Device response: <KeyPress from None: t=1396.6011930999998, value=space, duration=None>
1396.6089 	DATA 	Keypress: space
1396.6239 	EXP 	polygon: autoDraw = False
1396.6239 	EXP 	polygon_2: autoDraw = False
1396.6903 	EXP 	Sound sound_1 reached end of file
1396.7067 	EXP 	Playing sound sound_1 on speaker Speakers (Realtek(R) Audio)
1396.7573 	EXP 	Device response: <KeyPress from None: t=1388.7680326, value=space, duration=7.980982300000164>
1397.0037 	EXP 	Sound sound_1 stopped
1397.0216 	EXP 	text: autoDraw = True
1397.0216 	EXP 	textbox: autoDraw = True
1397.7970 	DATA 	Keypress: 9
1397.8085 	EXP 	Device response: <KeyPress from None: t=1397.7964145, value=9, duration=None>
1397.9406 	EXP 	Device response: <KeyPress from None: t=1397.7964145, value=9, duration=0.13074770000014269>
1398.0244 	DATA 	Keypress: 9
1398.0260 	EXP 	Device response: <KeyPress from None: t=1398.0214738999998, value=9, duration=None>
1398.1239 	EXP 	Device response: <KeyPress from None: t=1398.0214738999998, value=9, duration=0.08934370000008585>
1398.1966 	DATA 	Keypress: 9
1398.2071 	EXP 	Device response: <KeyPress from None: t=1398.1954909, value=9, duration=None>
1398.3073 	EXP 	Device response: <KeyPress from None: t=1398.1954909, value=9, duration=0.10056569999971998>
1398.6752 	DATA 	Mouse: Left button down, pos=(931,245)
1398.6767 	EXP 	New trial (rep=15, index=6): <Trial 246 (6 in rep 15) data={'delay': 0.7, 'freq': 1000, 'condition': 'exp', 'thisN': 246, 'thisTrialN': 6, 'thisRepN': 15}>
1398.6901 	EXP 	text: autoDraw = False
1398.6901 	EXP 	textbox: autoDraw = False
1398.6901 	EXP 	polygon: autoDraw = True
1398.7579 	DATA 	Mouse:  Left button up, pos=(931,245)
1398.9236 	EXP 	Device response: <KeyPress from None: t=1398.9102305000001, value=space, duration=None>
1398.9244 	DATA 	Keypress: space
1399.6912 	INFO 	Keyboard events cleared
1399.6910 	EXP 	polygon: autoDraw = False
1399.6910 	EXP 	polygon_2: autoDraw = True
1400.3238 	EXP 	Device response: <KeyPress from None: t=1392.5576526999998, value=space, duration=7.75138840000011>
1400.6908 	EXP 	Device response: <KeyPress from None: t=1400.6797111, value=space, duration=None>
1400.6928 	DATA 	Keypress: space
1400.7063 	EXP 	polygon: autoDraw = False
1400.7063 	EXP 	polygon_2: autoDraw = False
1400.8079 	EXP 	Device response: <KeyPress from None: t=1396.6011930999998, value=space, duration=4.195444000000066>
1401.3761 	EXP 	Sound sound_1 reached end of file
1401.3923 	EXP 	Playing sound sound_1 on speaker Speakers (Realtek(R) Audio)
1401.6967 	EXP 	Sound sound_1 stopped
1401.7169 	EXP 	text: autoDraw = True
1401.7169 	EXP 	textbox: autoDraw = True
1402.5032 	DATA 	Keypress: 9
1402.5115 	EXP 	Device response: <KeyPress from None: t=1402.5001165999997, value=9, duration=None>
1402.6240 	EXP 	Device response: <KeyPress from None: t=1402.5001165999997, value=9, duration=0.11114990000044145>
1402.7243 	DATA 	Keypress: 9
1402.7260 	EXP 	Device response: <KeyPress from None: t=1402.7236733999998, value=9, duration=None>
1402.8263 	EXP 	Device response: <KeyPress from None: t=1402.7236733999998, value=9, duration=0.10104640000020026>
1402.9409 	DATA 	Keypress: 9
1402.9429 	EXP 	Device response: <KeyPress from None: t=1402.9377509, value=9, duration=None>
1403.0072 	EXP 	Device response: <KeyPress from None: t=1402.9377509, value=9, duration=0.05845499999998083>
1403.4078 	DATA 	Mouse: Left button down, pos=(931,245)
1403.4088 	EXP 	New trial (rep=15, index=7): <Trial 247 (7 in rep 15) data={'delay': 0.1, 'freq': 400, 'condition': 'unexp', 'thisN': 247, 'thisTrialN': 7, 'thisRepN': 15}>
1403.4241 	EXP 	text: autoDraw = False
1403.4241 	EXP 	textbox: autoDraw = False
1403.4241 	EXP 	polygon: autoDraw = True
1403.5084 	DATA 	Mouse:  Left button up, pos=(931,245)
1403.6405 	EXP 	Device response: <KeyPress from None: t=1403.6335438, value=space, duration=None>
1403.6412 	DATA 	Keypress: space
1403.6584 	EXP 	Device response: <KeyPress from None: t=1398.9102305000001, value=space, duration=4.74407020000001>
1403.6908 	EXP 	Device response: <KeyPress from None: t=1403.6796620999999, value=space, duration=None>
1403.6917 	DATA 	Keypress: space
1404.0739 	EXP 	Device response: <KeyPress from None: t=1400.6797111, value=space, duration=3.3817946999998867>
1404.4241 	INFO 	Keyboard events cleared
1404.4240 	EXP 	polygon: autoDraw = False
1404.4240 	EXP 	polygon_2: autoDraw = True
1404.7908 	EXP 	Device response: <KeyPress from None: t=1404.7885862999997, value=space, duration=None>
1404.7924 	DATA 	Keypress: space
1404.8070 	EXP 	polygon: autoDraw = False
1404.8070 	EXP 	polygon_2: autoDraw = False
1404.8741 	EXP 	Sound sound_1 reached end of file
1404.8903 	EXP 	Playing sound sound_1 on speaker Speakers (Realtek(R) Audio)
1405.1903 	EXP 	Sound sound_1 stopped
1405.2085 	EXP 	text: autoDraw = True
1405.2085 	EXP 	textbox: autoDraw = True
1405.8267 	EXP 	Device response: <KeyPress from None: t=1403.6335438, value=space, duration=2.183668100000091>
1406.5410 	DATA 	Keypress: 3
1406.5444 	EXP 	Device response: <KeyPress from None: t=1406.5382377, value=3, duration=None>
1406.6752 	EXP 	Device response: <KeyPress from None: t=1406.5382377, value=3, duration=0.1305186000000731>
1407.1410 	DATA 	Keypress: 5
1407.1433 	EXP 	Device response: <KeyPress from None: t=1407.1384786999997, value=5, duration=None>
1407.2579 	EXP 	Device response: <KeyPress from None: t=1407.1384786999997, value=5, duration=0.1184603000002653>
1407.7912 	DATA 	Keypress: 0
1407.7940 	EXP 	Device response: <KeyPress from None: t=1407.7844366, value=0, duration=None>
1407.9081 	EXP 	Device response: <KeyPress from None: t=1407.7844366, value=0, duration=0.12259700000015528>
1408.3627 	DATA 	Mouse: Left button down, pos=(931,244)
1408.3750 	EXP 	New trial (rep=15, index=8): <Trial 248 (8 in rep 15) data={'delay': 0.1, 'freq': 1000, 'condition': 'exp', 'thisN': 248, 'thisTrialN': 8, 'thisRepN': 15}>
1408.3908 	EXP 	text: autoDraw = False
1408.3908 	EXP 	textbox: autoDraw = False
1408.3908 	EXP 	polygon: autoDraw = True
1408.4254 	DATA 	Mouse:  Left button up, pos=(931,244)
1409.3907 	INFO 	Keyboard events cleared
1409.3906 	EXP 	polygon: autoDraw = False
1409.3906 	EXP 	polygon_2: autoDraw = True
1409.9070 	EXP 	Device response: <KeyPress from None: t=1409.8989121999998, value=space, duration=None>
1409.9085 	DATA 	Keypress: space
1409.9231 	EXP 	polygon: autoDraw = False
1409.9231 	EXP 	polygon_2: autoDraw = False
1409.9904 	EXP 	Sound sound_1 reached end of file
1410.0066 	EXP 	Playing sound sound_1 on speaker Speakers (Realtek(R) Audio)
1410.0736 	EXP 	Device response: <KeyPress from None: t=1403.6796620999999, value=space, duration=6.382928099999958>
1410.3046 	EXP 	Sound sound_1 stopped
1410.3231 	EXP 	text: autoDraw = True
1410.3231 	EXP 	textbox: autoDraw = True
1411.0531 	DATA 	Keypress: 9
1411.0549 	EXP 	Device response: <KeyPress from None: t=1411.0497365, value=9, duration=None>
1411.2081 	EXP 	Device response: <KeyPress from None: t=1411.0497365, value=9, duration=0.1451382000001331>
1411.2960 	DATA 	Keypress: 9
1411.3070 	EXP 	Device response: <KeyPress from None: t=1411.2912943000001, value=9, duration=None>
1411.3919 	EXP 	Device response: <KeyPress from None: t=1411.2912943000001, value=9, duration=0.09299169999997048>
1411.5081 	DATA 	Keypress: 9
1411.5097 	EXP 	Device response: <KeyPress from None: t=1411.5018209, value=9, duration=None>
1411.5753 	EXP 	Device response: <KeyPress from None: t=1411.5018209, value=9, duration=0.06858049999993909>
1413.1081 	DATA 	Mouse: Left button down, pos=(870,254)
1413.1091 	EXP 	New trial (rep=15, index=9): <Trial 249 (9 in rep 15) data={'delay': 0.1, 'freq': 1000, 'condition': 'exp', 'thisN': 249, 'thisTrialN': 9, 'thisRepN': 15}>
1413.1233 	EXP 	text: autoDraw = False
1413.1233 	EXP 	textbox: autoDraw = False
1413.1233 	EXP 	polygon: autoDraw = True
1413.3414 	DATA 	Mouse:  Left button up, pos=(870,254)
1414.1093 	INFO 	Keyboard events cleared
1414.1091 	EXP 	polygon_2: autoDraw = True
1414.1252 	EXP 	polygon: autoDraw = False
1415.3607 	DATA 	Mouse: Right button down, pos=(857,271)
1415.3764 	EXP 	Device response: <KeyPress from None: t=1415.3701353000001, value=space, duration=None>
1415.3788 	DATA 	Keypress: space
1415.3918 	EXP 	polygon: autoDraw = False
1415.3918 	EXP 	polygon_2: autoDraw = False
1415.4266 	DATA 	Mouse:  Right button up, pos=(857,271)
1415.4760 	EXP 	Sound sound_1 reached end of file
1415.4921 	EXP 	Playing sound sound_1 on speaker Speakers (Realtek(R) Audio)
1415.5095 	EXP 	Device response: <KeyPress from None: t=1404.7885862999997, value=space, duration=10.715636800000198>
1415.7968 	EXP 	Sound sound_1 stopped
1415.8184 	EXP 	text: autoDraw = True
1415.8184 	EXP 	textbox: autoDraw = True
1416.2255 	DATA 	Keypress: 9
1416.2271 	EXP 	Device response: <KeyPress from None: t=1416.2197192999997, value=9, duration=None>
1416.3576 	EXP 	Device response: <KeyPress from None: t=1416.2197192999997, value=9, duration=0.12274780000018382>
1416.4657 	DATA 	Keypress: 9
1416.4738 	EXP 	Device response: <KeyPress from None: t=1416.4629624, value=9, duration=None>
1416.5578 	EXP 	Device response: <KeyPress from None: t=1416.4629624, value=9, duration=0.08595860000025368>
1416.6483 	DATA 	Keypress: 9
1416.6576 	EXP 	Device response: <KeyPress from None: t=1416.6474270999997, value=9, duration=None>
1416.7574 	EXP 	Device response: <KeyPress from None: t=1416.6474270999997, value=9, duration=0.09384210000018811>
1417.1998 	DATA 	Mouse: Left button down, pos=(857,271)
1417.3289 	DATA 	Mouse:  Left button up, pos=(857,271)
1417.6952 	DATA 	Mouse: Left button down, pos=(875,224)
1417.7080 	EXP 	New trial (rep=15, index=10): <Trial 250 (10 in rep 15) data={'delay': 0.4, 'freq': 1000, 'condition': 'exp', 'thisN': 250, 'thisTrialN': 10, 'thisRepN': 15}>
1417.7237 	EXP 	text: autoDraw = False
1417.7237 	EXP 	textbox: autoDraw = False
1417.7237 	EXP 	polygon: autoDraw = True
1417.7917 	DATA 	Mouse:  Left button up, pos=(875,224)
1418.7074 	INFO 	Keyboard events cleared
1418.7073 	EXP 	polygon_2: autoDraw = True
1418.7235 	EXP 	polygon: autoDraw = False
1419.8093 	EXP 	Device response: <KeyPress from None: t=1419.8009228, value=space, duration=None>
1419.8110 	DATA 	Keypress: space
1419.8256 	EXP 	polygon: autoDraw = False
1419.8256 	EXP 	polygon_2: autoDraw = False
1419.9593 	EXP 	Device response: <KeyPress from None: t=1409.8989121999998, value=space, duration=10.052749900000094>
1420.2090 	EXP 	Sound sound_1 reached end of file
1420.2253 	EXP 	Playing sound sound_1 on speaker Speakers (Realtek(R) Audio)
1420.5233 	EXP 	Sound sound_1 stopped
1420.5444 	EXP 	text: autoDraw = True
1420.5444 	EXP 	textbox: autoDraw = True
1421.2726 	DATA 	Keypress: 9
1421.2828 	EXP 	Device response: <KeyPress from None: t=1421.2683503999997, value=9, duration=None>
1421.3910 	EXP 	Device response: <KeyPress from None: t=1421.2683503999997, value=9, duration=0.11163530000033006>
1421.5076 	DATA 	Keypress: 9
1421.5092 	EXP 	Device response: <KeyPress from None: t=1421.5032283, value=9, duration=None>
1421.5908 	EXP 	Device response: <KeyPress from None: t=1421.5032283, value=9, duration=0.07331149999993158>
1421.6911 	DATA 	Keypress: 9
1421.6926 	EXP 	Device response: <KeyPress from None: t=1421.6872607, value=9, duration=None>
1421.7910 	EXP 	Device response: <KeyPress from None: t=1421.6872607, value=9, duration=0.09293480000008003>
1422.1909 	DATA 	Mouse: Left button down, pos=(867,242)
1422.1918 	EXP 	New trial (rep=15, index=11): <Trial 251 (11 in rep 15) data={'delay': 0.4, 'freq': 1000, 'condition': 'exp', 'thisN': 251, 'thisTrialN': 11, 'thisRepN': 15}>
1422.2071 	EXP 	text: autoDraw = False
1422.2071 	EXP 	textbox: autoDraw = False
1422.2071 	EXP 	polygon: autoDraw = True
1422.2748 	DATA 	Mouse:  Left button up, pos=(867,242)
1423.2072 	INFO 	Keyboard events cleared
1423.2071 	EXP 	polygon: autoDraw = False
1423.2071 	EXP 	polygon_2: autoDraw = True
1423.9405 	EXP 	Device response: <KeyPress from None: t=1423.9274928, value=space, duration=None>
1423.9423 	DATA 	Keypress: space
1423.9570 	EXP 	polygon: autoDraw = False
1423.9570 	EXP 	polygon_2: autoDraw = False
1424.1249 	EXP 	Device response: <KeyPress from None: t=1415.3701353000001, value=space, duration=8.751924799999983>
1424.3241 	EXP 	Sound sound_1 reached end of file
1424.3405 	EXP 	Playing sound sound_1 on speaker Speakers (Realtek(R) Audio)
1424.6366 	EXP 	Sound sound_1 stopped
1424.6553 	EXP 	text: autoDraw = True
1424.6553 	EXP 	textbox: autoDraw = True
1425.1687 	DATA 	Keypress: 9
1425.1804 	EXP 	Device response: <KeyPress from None: t=1425.1679353, value=9, duration=None>
1425.3244 	EXP 	Device response: <KeyPress from None: t=1425.1679353, value=9, duration=0.1498852000000852>
1425.3906 	DATA 	Keypress: 9
1425.3920 	EXP 	Device response: <KeyPress from None: t=1425.3877011999998, value=9, duration=None>
1425.5257 	EXP 	Device response: <KeyPress from None: t=1425.3877011999998, value=9, duration=0.13379580000002989>
1425.5991 	DATA 	Keypress: 9
1425.6077 	EXP 	Device response: <KeyPress from None: t=1425.5948002999999, value=9, duration=None>
1425.6917 	EXP 	Device response: <KeyPress from None: t=1425.5948002999999, value=9, duration=0.09359850000021197>
1426.5922 	DATA 	Mouse: Left button down, pos=(952,229)
1426.5931 	EXP 	New trial (rep=15, index=12): <Trial 252 (12 in rep 15) data={'delay': 0.1, 'freq': 1000, 'condition': 'exp', 'thisN': 252, 'thisTrialN': 12, 'thisRepN': 15}>
1426.6069 	EXP 	text: autoDraw = False
1426.6069 	EXP 	textbox: autoDraw = False
1426.6069 	EXP 	polygon: autoDraw = True
1426.7087 	DATA 	Mouse:  Left button up, pos=(952,229)
1427.5927 	INFO 	Keyboard events cleared
1427.5925 	EXP 	polygon_2: autoDraw = True
1427.6087 	EXP 	polygon: autoDraw = False
1428.0930 	EXP 	Device response: <KeyPress from None: t=1428.0898392999998, value=space, duration=None>
1428.0958 	DATA 	Keypress: space
1428.1087 	EXP 	polygon: autoDraw = False
1428.1087 	EXP 	polygon_2: autoDraw = False
1428.1923 	EXP 	Sound sound_1 reached end of file
1428.2086 	EXP 	Playing sound sound_1 on speaker Speakers (Realtek(R) Audio)
1428.2926 	EXP 	Device response: <KeyPress from None: t=1419.8009228, value=space, duration=8.481620300000145>
1428.5087 	EXP 	Sound sound_1 stopped
1428.5353 	EXP 	text: autoDraw = True
1428.5353 	EXP 	textbox: autoDraw = True
1429.4941 	DATA 	Keypress: 0
1429.5042 	EXP 	Device response: <KeyPress from None: t=1429.4925746999998, value=0, duration=None>
1429.6241 	EXP 	Device response: <KeyPress from None: t=1429.4925746999998, value=0, duration=0.11883420000015121>
1429.7287 	DATA 	Keypress: 0
1429.7408 	EXP 	Device response: <KeyPress from None: t=1429.7281245, value=0, duration=None>
1429.8084 	EXP 	Device response: <KeyPress from None: t=1429.7281245, value=0, duration=0.07455010000023776>
1429.9285 	DATA 	Keypress: 0
1429.9407 	EXP 	Device response: <KeyPress from None: t=1429.9253669, value=0, duration=None>
1430.0260 	EXP 	Device response: <KeyPress from None: t=1429.9253669, value=0, duration=0.0908651000000873>
1430.2986 	DATA 	Keypress: backspace
1430.3076 	EXP 	Device response: <KeyPress from None: t=1430.2963101, value=backspace, duration=None>
1430.4415 	EXP 	Device response: <KeyPress from None: t=1430.2963101, value=backspace, duration=0.13588240000001406>
1430.5449 	DATA 	Keypress: backspace
1430.5579 	EXP 	Device response: <KeyPress from None: t=1430.5425311, value=backspace, duration=None>
1430.6416 	EXP 	Device response: <KeyPress from None: t=1430.5425311, value=backspace, duration=0.0950770999999122>
1430.7412 	DATA 	Keypress: backspace
1430.7425 	EXP 	Device response: <KeyPress from None: t=1430.7351601, value=backspace, duration=None>
1430.8585 	EXP 	Device response: <KeyPress from None: t=1430.7351601, value=backspace, duration=0.11932730000000902>
1430.9410 	DATA 	Keypress: backspace
1430.9415 	EXP 	Device response: <KeyPress from None: t=1430.9386826999998, value=backspace, duration=None>
1431.0608 	EXP 	Device response: <KeyPress from None: t=1430.9386826999998, value=backspace, duration=0.11256300000025021>
1431.1367 	DATA 	Keypress: backspace
1431.1460 	EXP 	Device response: <KeyPress from None: t=1431.1348881999998, value=backspace, duration=None>
1431.2482 	EXP 	Device response: <KeyPress from None: t=1431.1348881999998, value=backspace, duration=0.09871720000012374>
1431.4936 	DATA 	Keypress: backspace
1431.4944 	EXP 	Device response: <KeyPress from None: t=1431.4910371, value=backspace, duration=None>
1431.6101 	EXP 	Device response: <KeyPress from None: t=1431.4910371, value=backspace, duration=0.10256609999999>
1431.6675 	DATA 	Keypress: backspace
1431.6753 	EXP 	Device response: <KeyPress from None: t=1431.6642262999999, value=backspace, duration=None>
1431.8076 	EXP 	Device response: <KeyPress from None: t=1431.6642262999999, value=backspace, duration=0.1367805000000999>
1432.3018 	DATA 	Keypress: 9
1432.3123 	EXP 	Device response: <KeyPress from None: t=1432.2983571999998, value=9, duration=None>
1432.3918 	EXP 	Device response: <KeyPress from None: t=1432.2983571999998, value=9, duration=0.09117850000041017>
1432.5085 	DATA 	Keypress: 9
1432.5099 	EXP 	Device response: <KeyPress from None: t=1432.5060227999998, value=9, duration=None>
1432.5911 	EXP 	Device response: <KeyPress from None: t=1432.5060227999998, value=9, duration=0.07269440000038685>
1432.6988 	DATA 	Keypress: 9
1432.7073 	EXP 	Device response: <KeyPress from None: t=1432.6981962999998, value=9, duration=None>
1432.7906 	EXP 	Device response: <KeyPress from None: t=1432.6981962999998, value=9, duration=0.07700000000033924>
1433.2245 	DATA 	Mouse: Left button down, pos=(952,229)
1433.2254 	EXP 	New trial (rep=15, index=13): <Trial 253 (13 in rep 15) data={'delay': 0.7, 'freq': 400, 'condition': 'unexp', 'thisN': 253, 'thisTrialN': 13, 'thisRepN': 15}>
1433.2397 	EXP 	text: autoDraw = False
1433.2397 	EXP 	textbox: autoDraw = False
1433.2397 	EXP 	polygon: autoDraw = True
1433.3250 	DATA 	Mouse:  Left button up, pos=(952,229)
1434.2408 	INFO 	Keyboard events cleared
1434.2407 	EXP 	polygon: autoDraw = False
1434.2407 	EXP 	polygon_2: autoDraw = True
1434.9762 	EXP 	Device response: <KeyPress from None: t=1434.9629208000001, value=space, duration=None>
1434.9781 	DATA 	Keypress: space
1434.9921 	EXP 	polygon: autoDraw = False
1434.9921 	EXP 	polygon_2: autoDraw = False
1435.1575 	EXP 	Device response: <KeyPress from None: t=1423.9274928, value=space, duration=11.215867900000035>
1435.6738 	EXP 	Sound sound_1 reached end of file
1435.6902 	EXP 	Playing sound sound_1 on speaker Speakers (Realtek(R) Audio)
1435.9882 	EXP 	Sound sound_1 stopped
1436.0042 	EXP 	text: autoDraw = True
1436.0042 	EXP 	textbox: autoDraw = True
1437.7498 	DATA 	Keypress: 3
1437.7600 	EXP 	Device response: <KeyPress from None: t=1437.7467234, value=3, duration=None>
1437.9086 	EXP 	Device response: <KeyPress from None: t=1437.7467234, value=3, duration=0.15359009999986029>
1438.7151 	DATA 	Keypress: 5
1438.7241 	EXP 	Device response: <KeyPress from None: t=1438.71178, value=5, duration=None>
1438.9419 	EXP 	Device response: <KeyPress from None: t=1438.71178, value=5, duration=0.22798269999987042>
1439.2416 	DATA 	Keypress: 0
1439.2434 	EXP 	Device response: <KeyPress from None: t=1439.2386947999998, value=0, duration=None>
1439.2917 	EXP 	Device response: <KeyPress from None: t=1439.2386947999998, value=0, duration=0.050945700000397665>
1439.2973 	DATA 	Keypress: minus
1439.3077 	EXP 	Device response: <KeyPress from None: t=1439.2961888999998, value=minus, duration=None>
1439.4589 	EXP 	Device response: <KeyPress from None: t=1439.2961888999998, value=minus, duration=0.16174950000015542>
1439.7908 	DATA 	Keypress: backspace
1439.7923 	EXP 	Device response: <KeyPress from None: t=1439.7882749, value=backspace, duration=None>
1439.9740 	EXP 	Device response: <KeyPress from None: t=1439.7882749, value=backspace, duration=0.17310060000011163>
1440.3920 	DATA 	Mouse: Left button down, pos=(952,229)
1440.3931 	EXP 	New trial (rep=15, index=14): <Trial 254 (14 in rep 15) data={'delay': 0.7, 'freq': 1000, 'condition': 'exp', 'thisN': 254, 'thisTrialN': 14, 'thisRepN': 15}>
1440.4071 	EXP 	text: autoDraw = False
1440.4071 	EXP 	textbox: autoDraw = False
1440.4071 	EXP 	polygon: autoDraw = True
1440.5080 	DATA 	Mouse:  Left button up, pos=(952,229)
1441.4073 	INFO 	Keyboard events cleared
1441.4072 	EXP 	polygon: autoDraw = False
1441.4072 	EXP 	polygon_2: autoDraw = True
1442.5406 	EXP 	Device response: <KeyPress from None: t=1442.5328994000001, value=space, duration=None>
1442.5420 	DATA 	Keypress: space
1442.5575 	EXP 	polygon: autoDraw = False
1442.5575 	EXP 	polygon_2: autoDraw = False
1442.6901 	EXP 	Device response: <KeyPress from None: t=1428.0898392999998, value=space, duration=14.598175100000049>
1443.2240 	EXP 	Sound sound_1 reached end of file
1443.2403 	EXP 	Playing sound sound_1 on speaker Speakers (Realtek(R) Audio)
1443.5410 	EXP 	Sound sound_1 stopped
1443.5605 	EXP 	text: autoDraw = True
1443.5605 	EXP 	textbox: autoDraw = True
1445.4265 	DATA 	Keypress: 7
1445.4281 	EXP 	Device response: <KeyPress from None: t=1445.4220563999997, value=7, duration=None>
1445.6080 	EXP 	Device response: <KeyPress from None: t=1445.4220563999997, value=7, duration=0.18250080000018443>
1446.1129 	DATA 	Keypress: 5
1446.1243 	EXP 	Device response: <KeyPress from None: t=1446.1119788, value=5, duration=None>
1446.2243 	EXP 	Device response: <KeyPress from None: t=1446.1119788, value=5, duration=0.10053579999987505>
1446.5164 	DATA 	Keypress: 0
1446.5237 	EXP 	Device response: <KeyPress from None: t=1446.5156121999999, value=0, duration=None>
1446.6905 	EXP 	Device response: <KeyPress from None: t=1446.5156121999999, value=0, duration=0.16158150000012483>
1447.8483 	DATA 	Mouse: Left button down, pos=(956,232)
1447.8588 	EXP 	New trial (rep=15, index=15): <Trial 255 (15 in rep 15) data={'delay': 0.4, 'freq': 1000, 'condition': 'exp', 'thisN': 255, 'thisTrialN': 15, 'thisRepN': 15}>
1447.8738 	EXP 	text: autoDraw = False
1447.8738 	EXP 	textbox: autoDraw = False
1447.8738 	EXP 	polygon: autoDraw = True
1447.9078 	DATA 	Mouse:  Left button up, pos=(956,232)
1448.8739 	INFO 	Keyboard events cleared
1448.8738 	EXP 	polygon: autoDraw = False
1448.8738 	EXP 	polygon_2: autoDraw = True
1449.6241 	EXP 	Device response: <KeyPress from None: t=1449.6159392, value=space, duration=None>
1449.6258 	DATA 	Keypress: space
1449.6402 	EXP 	polygon: autoDraw = False
1449.6402 	EXP 	polygon_2: autoDraw = False
1449.7911 	EXP 	Device response: <KeyPress from None: t=1434.9629208000001, value=space, duration=14.816101300000014>
1450.0078 	EXP 	Sound sound_1 reached end of file
1450.0242 	EXP 	Playing sound sound_1 on speaker Speakers (Realtek(R) Audio)
1450.3261 	EXP 	Sound sound_1 stopped
1450.3465 	EXP 	text: autoDraw = True
1450.3465 	EXP 	textbox: autoDraw = True
1451.4160 	DATA 	Keypress: 9
1451.4175 	EXP 	Device response: <KeyPress from None: t=1451.4110578, value=9, duration=None>
1451.5411 	EXP 	Device response: <KeyPress from None: t=1451.4110578, value=9, duration=0.11466960000018389>
1451.6741 	DATA 	Keypress: 9
1451.6757 	EXP 	Device response: <KeyPress from None: t=1451.6719342000001, value=9, duration=None>
1451.7574 	EXP 	Device response: <KeyPress from None: t=1451.6719342000001, value=9, duration=0.07139590000008411>
1451.8815 	DATA 	Keypress: 9
1451.8910 	EXP 	Device response: <KeyPress from None: t=1451.8796185, value=9, duration=None>
1451.9746 	EXP 	Device response: <KeyPress from None: t=1451.8796185, value=9, duration=0.08883399999979247>
1452.7119 	DATA 	Mouse: Left button down, pos=(964,176)
1452.7252 	EXP 	New trial (rep=16, index=0): <Trial 256 (0 in rep 16) data={'delay': 0.4, 'freq': 1000, 'condition': 'exp', 'thisN': 256, 'thisTrialN': 0, 'thisRepN': 16}>
1452.7400 	EXP 	text: autoDraw = False
1452.7400 	EXP 	textbox: autoDraw = False
1452.7400 	EXP 	polygon: autoDraw = True
1452.8088 	DATA 	Mouse:  Left button up, pos=(964,176)
1453.7402 	INFO 	Keyboard events cleared
1453.7401 	EXP 	polygon: autoDraw = False
1453.7401 	EXP 	polygon_2: autoDraw = True
1455.0741 	EXP 	Device response: <KeyPress from None: t=1455.0708765, value=space, duration=None>
1455.0756 	DATA 	Keypress: space
1455.0904 	EXP 	polygon: autoDraw = False
1455.0904 	EXP 	polygon_2: autoDraw = False
1455.2912 	EXP 	Device response: <KeyPress from None: t=1442.5328994000001, value=space, duration=12.743093700000031>
1455.4574 	EXP 	Sound sound_1 reached end of file
1455.4737 	EXP 	Playing sound sound_1 on speaker Speakers (Realtek(R) Audio)
1455.7766 	EXP 	Sound sound_1 stopped
1455.7933 	EXP 	text: autoDraw = True
1455.7933 	EXP 	textbox: autoDraw = True
1456.9855 	DATA 	Keypress: 0
1456.9931 	EXP 	Device response: <KeyPress from None: t=1456.9828193999997, value=0, duration=None>
1457.1419 	EXP 	Device response: <KeyPress from None: t=1456.9828193999997, value=0, duration=0.15729470000053425>
1457.2249 	DATA 	Keypress: 0
1457.2262 	EXP 	Device response: <KeyPress from None: t=1457.2242449999999, value=0, duration=None>
1457.3420 	EXP 	Device response: <KeyPress from None: t=1457.2242449999999, value=0, duration=0.11492520000012973>
1457.4244 	DATA 	Keypress: 0
1457.4263 	EXP 	Device response: <KeyPress from None: t=1457.4193117999998, value=0, duration=None>
1457.5580 	EXP 	Device response: <KeyPress from None: t=1457.4193117999998, value=0, duration=0.12629570000001422>
1457.8911 	DATA 	Keypress: backspace
1457.8924 	EXP 	Device response: <KeyPress from None: t=1457.8842902000001, value=backspace, duration=None>
1458.5140 	EXP 	Device response: <KeyPress from None: t=1457.8842902000001, value=backspace, duration=0.6249831000001222>
1459.0170 	DATA 	Keypress: 9
1459.0253 	EXP 	Device response: <KeyPress from None: t=1459.0162369, value=9, duration=None>
1459.1247 	EXP 	Device response: <KeyPress from None: t=1459.0162369, value=9, duration=0.09473510000009355>
1459.2670 	DATA 	Keypress: 9
1459.2742 	EXP 	Device response: <KeyPress from None: t=1459.2664863999998, value=9, duration=None>
1459.3576 	EXP 	Device response: <KeyPress from None: t=1459.2664863999998, value=9, duration=0.080961400000092>
1459.4983 	DATA 	Keypress: 9
1459.5078 	EXP 	Device response: <KeyPress from None: t=1459.4968427, value=9, duration=None>
1459.5910 	EXP 	Device response: <KeyPress from None: t=1459.4968427, value=9, duration=0.08294290000014826>
1459.9413 	DATA 	Keypress: backspace
1459.9429 	EXP 	Device response: <KeyPress from None: t=1459.9325233999998, value=backspace, duration=None>
1460.0581 	EXP 	Device response: <KeyPress from None: t=1459.9325233999998, value=backspace, duration=0.11795940000013161>
1460.1913 	DATA 	Keypress: backspace
1460.1924 	EXP 	Device response: <KeyPress from None: t=1460.1887127999998, value=backspace, duration=None>
1460.2744 	EXP 	Device response: <KeyPress from None: t=1460.1887127999998, value=backspace, duration=0.07014080000010381>
1460.3912 	DATA 	Keypress: backspace
1460.3923 	EXP 	Device response: <KeyPress from None: t=1460.3834716000001, value=backspace, duration=None>
1460.4931 	EXP 	Device response: <KeyPress from None: t=1460.3834716000001, value=backspace, duration=0.10075549999976374>
1460.8139 	DATA 	Keypress: 9
1460.8243 	EXP 	Device response: <KeyPress from None: t=1460.8091464, value=9, duration=None>
1460.9253 	EXP 	Device response: <KeyPress from None: t=1460.8091464, value=9, duration=0.10614589999988766>
1461.0416 	DATA 	Keypress: 9
1461.0433 	EXP 	Device response: <KeyPress from None: t=1461.0359546, value=9, duration=None>
1461.1250 	EXP 	Device response: <KeyPress from None: t=1461.0359546, value=9, duration=0.08428030000015951>
1461.2280 	DATA 	Keypress: 9
1461.2409 	EXP 	Device response: <KeyPress from None: t=1461.2269818999998, value=9, duration=None>
1461.3081 	EXP 	Device response: <KeyPress from None: t=1461.2269818999998, value=9, duration=0.06799920000014481>
1461.6910 	DATA 	Keypress: backspace
1461.6930 	EXP 	Device response: <KeyPress from None: t=1461.6860204, value=backspace, duration=None>
1461.8418 	EXP 	Device response: <KeyPress from None: t=1461.6860204, value=backspace, duration=0.15380289999995966>
1463.0630 	DATA 	Keypress: 9
1463.0746 	EXP 	Device response: <KeyPress from None: t=1463.060861, value=9, duration=None>
1463.1743 	EXP 	Device response: <KeyPress from None: t=1463.060861, value=9, duration=0.09690420000026734>
1464.2913 	DATA 	Mouse: Left button down, pos=(984,236)
1464.2922 	EXP 	New trial (rep=16, index=1): <Trial 257 (1 in rep 16) data={'delay': 0.7, 'freq': 1000, 'condition': 'exp', 'thisN': 257, 'thisTrialN': 1, 'thisRepN': 16}>
1464.3077 	EXP 	text: autoDraw = False
1464.3077 	EXP 	textbox: autoDraw = False
1464.3077 	EXP 	polygon: autoDraw = True
1464.4253 	DATA 	Mouse:  Left button up, pos=(984,236)
1465.3077 	INFO 	Keyboard events cleared
1465.3076 	EXP 	polygon: autoDraw = False
1465.3076 	EXP 	polygon_2: autoDraw = True
1465.6909 	EXP 	Device response: <KeyPress from None: t=1465.6765968999998, value=space, duration=None>
1465.6929 	DATA 	Keypress: space
1465.7067 	EXP 	polygon: autoDraw = False
1465.7067 	EXP 	polygon_2: autoDraw = False
1465.8076 	EXP 	Device response: <KeyPress from None: t=1449.6159392, value=space, duration=16.18301350000013>
1466.3758 	EXP 	Sound sound_1 reached end of file
1466.3920 	EXP 	Playing sound sound_1 on speaker Speakers (Realtek(R) Audio)
1466.6870 	EXP 	Sound sound_1 stopped
1466.7072 	EXP 	text: autoDraw = True
1466.7072 	EXP 	textbox: autoDraw = True
1467.0936 	DATA 	Keypress: 9
1467.0953 	EXP 	Device response: <KeyPress from None: t=1467.0931416999997, value=9, duration=None>
1467.2251 	EXP 	Device response: <KeyPress from None: t=1467.0931416999997, value=9, duration=0.12432900000032987>
1467.3078 	DATA 	Keypress: 9
1467.3090 	EXP 	Device response: <KeyPress from None: t=1467.3009923999998, value=9, duration=None>
1467.3921 	EXP 	Device response: <KeyPress from None: t=1467.3009923999998, value=9, duration=0.08941050000032646>
1467.4619 	DATA 	Keypress: 9
1467.4740 	EXP 	Device response: <KeyPress from None: t=1467.4615739, value=9, duration=None>
1467.5585 	EXP 	Device response: <KeyPress from None: t=1467.4615739, value=9, duration=0.08792849999974806>
1468.0909 	DATA 	Mouse: Left button down, pos=(989,255)
1468.0920 	EXP 	New trial (rep=16, index=2): <Trial 258 (2 in rep 16) data={'delay': 0.1, 'freq': 1000, 'condition': 'exp', 'thisN': 258, 'thisTrialN': 2, 'thisRepN': 16}>
1468.1069 	EXP 	text: autoDraw = False
1468.1069 	EXP 	textbox: autoDraw = False
1468.1069 	EXP 	polygon: autoDraw = True
1468.1921 	DATA 	Mouse:  Left button up, pos=(989,255)
1469.1074 	INFO 	Keyboard events cleared
1469.1073 	EXP 	polygon: autoDraw = False
1469.1073 	EXP 	polygon_2: autoDraw = True
1469.3912 	DATA 	Mouse: wheel shift=(0,0), pos=(989,255)
1469.5903 	EXP 	Device response: <KeyPress from None: t=1469.584809, value=space, duration=None>
1469.5920 	DATA 	Keypress: space
1469.6072 	EXP 	polygon: autoDraw = False
1469.6072 	EXP 	polygon_2: autoDraw = False
1469.6739 	EXP 	Sound sound_1 reached end of file
1469.6903 	EXP 	Playing sound sound_1 on speaker Speakers (Realtek(R) Audio)
1469.7576 	EXP 	Device response: <KeyPress from None: t=1455.0708765, value=space, duration=14.66945730000009>
1469.9868 	EXP 	Sound sound_1 stopped
1470.0043 	EXP 	text: autoDraw = True
1470.0043 	EXP 	textbox: autoDraw = True
1470.2764 	DATA 	Keypress: 9
1470.2778 	EXP 	Device response: <KeyPress from None: t=1470.2717693999998, value=9, duration=None>
1470.3917 	EXP 	Device response: <KeyPress from None: t=1470.2717693999998, value=9, duration=0.11252200000001267>
1470.4752 	DATA 	Keypress: 9
1470.4769 	EXP 	Device response: <KeyPress from None: t=1470.4745696, value=9, duration=None>
1470.5740 	EXP 	Device response: <KeyPress from None: t=1470.4745696, value=9, duration=0.08724140000015268>
1470.6417 	DATA 	Keypress: 9
1470.6433 	EXP 	Device response: <KeyPress from None: t=1470.6334962, value=9, duration=None>
1470.7253 	EXP 	Device response: <KeyPress from None: t=1470.6334962, value=9, duration=0.0890839999998434>
1471.0791 	DATA 	Mouse: Left button down, pos=(989,255)
1471.0923 	EXP 	New trial (rep=16, index=3): <Trial 259 (3 in rep 16) data={'delay': 0.7, 'freq': 400, 'condition': 'unexp', 'thisN': 259, 'thisTrialN': 3, 'thisRepN': 16}>
1471.1074 	EXP 	text: autoDraw = False
1471.1074 	EXP 	textbox: autoDraw = False
1471.1074 	EXP 	polygon: autoDraw = True
1471.1914 	DATA 	Mouse:  Left button up, pos=(989,255)
1471.8573 	EXP 	Device response: <KeyPress from None: t=1471.8437819, value=space, duration=None>
1471.8583 	DATA 	Keypress: space
1472.0410 	EXP 	Device response: <KeyPress from None: t=1465.6765968999998, value=space, duration=6.361584900000366>
1472.1072 	INFO 	Keyboard events cleared
1472.1069 	EXP 	polygon: autoDraw = False
1472.1069 	EXP 	polygon_2: autoDraw = True
1472.3908 	EXP 	Device response: <KeyPress from None: t=1472.3836959999999, value=space, duration=None>
1472.3926 	DATA 	Keypress: space
1472.4073 	EXP 	polygon: autoDraw = False
1472.4073 	EXP 	polygon_2: autoDraw = False
1472.5574 	EXP 	Device response: <KeyPress from None: t=1469.584809, value=space, duration=2.969932399999948>
1473.0763 	EXP 	Sound sound_1 reached end of file
1473.0925 	EXP 	Playing sound sound_1 on speaker Speakers (Realtek(R) Audio)
1473.3877 	EXP 	Sound sound_1 stopped
1473.4081 	EXP 	text: autoDraw = True
1473.4081 	EXP 	textbox: autoDraw = True
1474.1721 	DATA 	Keypress: 3
1474.1796 	EXP 	Device response: <KeyPress from None: t=1474.1689299, value=3, duration=None>
1474.3579 	EXP 	Device response: <KeyPress from None: t=1474.1689299, value=3, duration=0.1777622000000747>
1475.0160 	DATA 	Keypress: 5
1475.0242 	EXP 	Device response: <KeyPress from None: t=1475.0153563, value=5, duration=None>
1475.1910 	EXP 	Device response: <KeyPress from None: t=1475.0153563, value=5, duration=0.1666274000000385>
1475.3784 	DATA 	Keypress: minus
1475.3911 	EXP 	Device response: <KeyPress from None: t=1475.3752062999997, value=minus, duration=None>
1475.5584 	EXP 	Device response: <KeyPress from None: t=1475.3752062999997, value=minus, duration=0.17788750000011078>
1476.2121 	DATA 	Keypress: backspace
1476.2237 	EXP 	Device response: <KeyPress from None: t=1476.2086406999997, value=backspace, duration=None>
1476.3247 	EXP 	Device response: <KeyPress from None: t=1476.2086406999997, value=backspace, duration=0.10879360000046745>
1476.5171 	DATA 	Keypress: 0
1476.5251 	EXP 	Device response: <KeyPress from None: t=1476.5146675, value=0, duration=None>
1476.5909 	EXP 	Device response: <KeyPress from None: t=1476.5146675, value=0, duration=0.06506700000011278>
1476.9249 	DATA 	Mouse: Left button down, pos=(989,255)
1476.9259 	EXP 	New trial (rep=16, index=4): <Trial 260 (4 in rep 16) data={'delay': 0.4, 'freq': 400, 'condition': 'unexp', 'thisN': 260, 'thisTrialN': 4, 'thisRepN': 16}>
1476.9409 	EXP 	text: autoDraw = False
1476.9409 	EXP 	textbox: autoDraw = False
1476.9409 	EXP 	polygon: autoDraw = True
1477.0255 	DATA 	Mouse:  Left button up, pos=(989,255)
1477.8410 	EXP 	Device response: <KeyPress from None: t=1477.8268957999999, value=space, duration=None>
1477.8421 	DATA 	Keypress: space
1477.9427 	INFO 	Keyboard events cleared
1477.9425 	EXP 	polygon: autoDraw = False
1477.9425 	EXP 	polygon_2: autoDraw = True
1477.9743 	EXP 	Device response: <KeyPress from None: t=1471.8437819, value=space, duration=6.115445300000033>
1478.9914 	EXP 	Device response: <KeyPress from None: t=1478.9824384999997, value=space, duration=None>
1478.9929 	DATA 	Keypress: space
1479.0081 	EXP 	polygon: autoDraw = False
1479.0081 	EXP 	polygon_2: autoDraw = False
1479.2243 	EXP 	Device response: <KeyPress from None: t=1472.3836959999999, value=space, duration=6.8379060000003165>
1479.3742 	EXP 	Sound sound_1 reached end of file
1479.3906 	EXP 	Playing sound sound_1 on speaker Speakers (Realtek(R) Audio)
1479.6920 	EXP 	Sound sound_1 stopped
1479.7099 	EXP 	text: autoDraw = True
1479.7099 	EXP 	textbox: autoDraw = True
1481.1370 	DATA 	Keypress: 5
1481.1480 	EXP 	Device response: <KeyPress from None: t=1481.1310119999998, value=5, duration=None>
1481.2914 	EXP 	Device response: <KeyPress from None: t=1481.1310119999998, value=5, duration=0.14967810000018744>
1481.3289 	DATA 	Keypress: 5
1481.3410 	EXP 	Device response: <KeyPress from None: t=1481.3272443, value=5, duration=None>
1481.4742 	EXP 	Device response: <KeyPress from None: t=1481.3272443, value=5, duration=0.13776729999983672>
1481.5580 	DATA 	Keypress: 0
1481.5601 	EXP 	Device response: <KeyPress from None: t=1481.5549570999997, value=0, duration=None>
1481.7407 	EXP 	Device response: <KeyPress from None: t=1481.5549570999997, value=0, duration=0.17217610000045624>
1482.1577 	DATA 	Mouse: Left button down, pos=(942,217)
1482.1587 	EXP 	New trial (rep=16, index=5): <Trial 261 (5 in rep 16) data={'delay': 0.7, 'freq': 1000, 'condition': 'exp', 'thisN': 261, 'thisTrialN': 5, 'thisRepN': 16}>
1482.1744 	EXP 	text: autoDraw = False
1482.1744 	EXP 	textbox: autoDraw = False
1482.1744 	EXP 	polygon: autoDraw = True
1482.2751 	DATA 	Mouse:  Left button up, pos=(942,217)
1483.1575 	INFO 	Keyboard events cleared
1483.1573 	EXP 	polygon_2: autoDraw = True
1483.1743 	EXP 	polygon: autoDraw = False
1483.3578 	EXP 	Device response: <KeyPress from None: t=1483.3431102, value=space, duration=None>
1483.3596 	DATA 	Keypress: space
1483.3735 	EXP 	polygon: autoDraw = False
1483.3735 	EXP 	polygon_2: autoDraw = False
1483.5073 	EXP 	Device response: <KeyPress from None: t=1477.8268957999999, value=space, duration=5.6778242000001455>
1484.0409 	EXP 	Sound sound_1 reached end of file
1484.0572 	EXP 	Playing sound sound_1 on speaker Speakers (Realtek(R) Audio)
1484.3508 	EXP 	Sound sound_1 stopped
1484.3691 	EXP 	text: autoDraw = True
1484.3691 	EXP 	textbox: autoDraw = True
1484.6840 	DATA 	Keypress: 9
1484.6918 	EXP 	Device response: <KeyPress from None: t=1484.6811530999998, value=9, duration=None>
1484.8082 	EXP 	Device response: <KeyPress from None: t=1484.6811530999998, value=9, duration=0.11795949999998356>
1485.2077 	DATA 	Keypress: backspace
1485.2086 	EXP 	Device response: <KeyPress from None: t=1485.2052092, value=backspace, duration=None>
1485.3518 	EXP 	Device response: <KeyPress from None: t=1485.2052092, value=backspace, duration=0.13220719999992525>
1485.6167 	DATA 	Keypress: 0
1485.6275 	EXP 	Device response: <KeyPress from None: t=1485.6124264999999, value=0, duration=None>
1485.7254 	EXP 	Device response: <KeyPress from None: t=1485.6124264999999, value=0, duration=0.11125189999995655>
1486.0457 	DATA 	Keypress: 9
1486.0579 	EXP 	Device response: <KeyPress from None: t=1486.0432256999998, value=9, duration=None>
1486.2087 	EXP 	Device response: <KeyPress from None: t=1486.0432256999998, value=9, duration=0.16161560000011832>
1486.3323 	DATA 	Keypress: backspace
1486.3409 	EXP 	Device response: <KeyPress from None: t=1486.3293949, value=backspace, duration=None>
1486.4579 	EXP 	Device response: <KeyPress from None: t=1486.3293949, value=backspace, duration=0.1197879000002331>
1486.5579 	DATA 	Keypress: backspace
1486.5594 	EXP 	Device response: <KeyPress from None: t=1486.5516622, value=backspace, duration=None>
1486.6937 	EXP 	Device response: <KeyPress from None: t=1486.5516622, value=backspace, duration=0.12987269999996442>
1486.7874 	DATA 	Keypress: 9
1486.7944 	EXP 	Device response: <KeyPress from None: t=1486.7870514, value=9, duration=None>
1486.9250 	EXP 	Device response: <KeyPress from None: t=1486.7870514, value=9, duration=0.1219323999999915>
1487.0328 	DATA 	Keypress: 9
1487.0404 	EXP 	Device response: <KeyPress from None: t=1487.0305346999999, value=9, duration=None>
1487.1751 	EXP 	Device response: <KeyPress from None: t=1487.0305346999999, value=9, duration=0.1356122000003097>
1487.2912 	DATA 	Keypress: 9
1487.2926 	EXP 	Device response: <KeyPress from None: t=1487.2846833999997, value=9, duration=None>
1487.4245 	EXP 	Device response: <KeyPress from None: t=1487.2846833999997, value=9, duration=0.12467150000031779>
1488.1969 	DATA 	Mouse: Left button down, pos=(942,217)
1488.2083 	EXP 	New trial (rep=16, index=6): <Trial 262 (6 in rep 16) data={'delay': 0.1, 'freq': 1000, 'condition': 'exp', 'thisN': 262, 'thisTrialN': 6, 'thisRepN': 16}>
1488.2244 	EXP 	text: autoDraw = False
1488.2244 	EXP 	textbox: autoDraw = False
1488.2244 	EXP 	polygon: autoDraw = True
1488.3247 	DATA 	Mouse:  Left button up, pos=(942,217)
1489.2245 	INFO 	Keyboard events cleared
1489.2244 	EXP 	polygon: autoDraw = False
1489.2244 	EXP 	polygon_2: autoDraw = True
1489.7406 	EXP 	Device response: <KeyPress from None: t=1489.7322676999997, value=space, duration=None>
1489.7423 	DATA 	Keypress: space
1489.7574 	EXP 	polygon: autoDraw = False
1489.7574 	EXP 	polygon_2: autoDraw = False
1489.8239 	EXP 	Sound sound_1 reached end of file
1489.8401 	EXP 	Playing sound sound_1 on speaker Speakers (Realtek(R) Audio)
1489.8745 	EXP 	Device response: <KeyPress from None: t=1478.9824384999997, value=space, duration=10.881625800000279>
1490.1361 	EXP 	Sound sound_1 stopped
1490.1542 	EXP 	text: autoDraw = True
1490.1542 	EXP 	textbox: autoDraw = True
1492.0663 	DATA 	Keypress: 9
1492.0769 	EXP 	Device response: <KeyPress from None: t=1492.0643943, value=9, duration=None>
1492.1922 	EXP 	Device response: <KeyPress from None: t=1492.0643943, value=9, duration=0.12594300000012026>
1492.2917 	DATA 	Keypress: 9
1492.2932 	EXP 	Device response: <KeyPress from None: t=1492.2870884, value=9, duration=None>
1492.3919 	EXP 	Device response: <KeyPress from None: t=1492.2870884, value=9, duration=0.10259760000019469>
1492.4792 	DATA 	Keypress: 9
1492.4910 	EXP 	Device response: <KeyPress from None: t=1492.4751062999999, value=9, duration=None>
1492.5747 	EXP 	Device response: <KeyPress from None: t=1492.4751062999999, value=9, duration=0.08783320000031836>
1493.6790 	DATA 	Mouse: Left button down, pos=(947,209)
1493.6918 	EXP 	New trial (rep=16, index=7): <Trial 263 (7 in rep 16) data={'delay': 0.7, 'freq': 1000, 'condition': 'exp', 'thisN': 263, 'thisTrialN': 7, 'thisRepN': 16}>
1493.7071 	EXP 	text: autoDraw = False
1493.7071 	EXP 	textbox: autoDraw = False
1493.7071 	EXP 	polygon: autoDraw = True
1493.7586 	DATA 	Mouse:  Left button up, pos=(947,209)
1494.7078 	INFO 	Keyboard events cleared
1494.7076 	EXP 	polygon: autoDraw = False
1494.7076 	EXP 	polygon_2: autoDraw = True
1495.1907 	EXP 	Device response: <KeyPress from None: t=1495.1891947, value=space, duration=None>
1495.1921 	DATA 	Keypress: space
1495.2069 	EXP 	polygon: autoDraw = False
1495.2069 	EXP 	polygon_2: autoDraw = False
1495.4247 	EXP 	Device response: <KeyPress from None: t=1483.3431102, value=space, duration=12.076293799999917>
1495.8742 	EXP 	Sound sound_1 reached end of file
1495.8906 	EXP 	Playing sound sound_1 on speaker Speakers (Realtek(R) Audio)
1496.1959 	EXP 	Sound sound_1 stopped
1496.2175 	EXP 	text: autoDraw = True
1496.2175 	EXP 	textbox: autoDraw = True
1497.4388 	DATA 	Keypress: 0
1497.4500 	EXP 	Device response: <KeyPress from None: t=1497.4345075, value=0, duration=None>
1497.5745 	EXP 	Device response: <KeyPress from None: t=1497.4345075, value=0, duration=0.12974919999999202>
1497.7123 	DATA 	Keypress: 0
1497.7244 	EXP 	Device response: <KeyPress from None: t=1497.7097410000001, value=0, duration=None>
1497.8074 	EXP 	Device response: <KeyPress from None: t=1497.7097410000001, value=0, duration=0.08414090000007945>
1498.1498 	DATA 	Keypress: backspace
1498.1576 	EXP 	Device response: <KeyPress from None: t=1498.1494354000001, value=backspace, duration=None>
1498.2908 	EXP 	Device response: <KeyPress from None: t=1498.1494354000001, value=backspace, duration=0.12870869999972>
1498.3794 	DATA 	Keypress: backspace
1498.3913 	EXP 	Device response: <KeyPress from None: t=1498.3766339999997, value=backspace, duration=None>
1498.5153 	EXP 	Device response: <KeyPress from None: t=1498.3766339999997, value=backspace, duration=0.1278429000004735>
1498.6175 	DATA 	Keypress: backspace
1498.6182 	EXP 	Device response: <KeyPress from None: t=1498.6120461, value=backspace, duration=None>
1498.6823 	EXP 	Device response: <KeyPress from None: t=1498.6120461, value=backspace, duration=0.05670109999994111>
1499.0796 	DATA 	Keypress: 9
1499.0872 	EXP 	Device response: <KeyPress from None: t=1499.0767544999999, value=9, duration=None>
1499.1921 	EXP 	Device response: <KeyPress from None: t=1499.0767544999999, value=9, duration=0.11401660000012726>
1499.3311 	DATA 	Keypress: 9
1499.3424 	EXP 	Device response: <KeyPress from None: t=1499.3258339999998, value=9, duration=None>
1499.4411 	EXP 	Device response: <KeyPress from None: t=1499.3258339999998, value=9, duration=0.1027451000001065>
1499.7749 	DATA 	Keypress: 9
1499.7766 	EXP 	Device response: <KeyPress from None: t=1499.7667557, value=9, duration=None>
1499.8574 	EXP 	Device response: <KeyPress from None: t=1499.7667557, value=9, duration=0.07761020000009466>
1500.8114 	DATA 	Mouse: Left button down, pos=(1009,219)
1500.8259 	EXP 	New trial (rep=16, index=8): <Trial 264 (8 in rep 16) data={'delay': 0.1, 'freq': 1000, 'condition': 'exp', 'thisN': 264, 'thisTrialN': 8, 'thisRepN': 16}>
1500.8405 	EXP 	text: autoDraw = False
1500.8405 	EXP 	textbox: autoDraw = False
1500.8405 	EXP 	polygon: autoDraw = True
1500.9082 	DATA 	Mouse:  Left button up, pos=(1009,219)
1501.1576 	EXP 	Device response: <KeyPress from None: t=1501.1475421, value=space, duration=None>
1501.1583 	DATA 	Keypress: space
1501.1747 	EXP 	Device response: <KeyPress from None: t=1489.7322676999997, value=space, duration=11.431317500000318>
1501.8262 	INFO 	Keyboard events cleared
1501.8260 	EXP 	polygon_2: autoDraw = True
1501.8426 	EXP 	polygon: autoDraw = False
1502.4596 	EXP 	Device response: <KeyPress from None: t=1502.4488271999999, value=space, duration=None>
1502.4616 	DATA 	Keypress: space
1502.4758 	EXP 	polygon: autoDraw = False
1502.4758 	EXP 	polygon_2: autoDraw = False
1502.5427 	EXP 	Sound sound_1 reached end of file
1502.5590 	EXP 	Playing sound sound_1 on speaker Speakers (Realtek(R) Audio)
1502.6263 	EXP 	Device response: <KeyPress from None: t=1495.1891947, value=space, duration=7.426954000000137>
1502.8614 	EXP 	Sound sound_1 stopped
1502.8812 	EXP 	text: autoDraw = True
1502.8812 	EXP 	textbox: autoDraw = True
1503.8474 	DATA 	Keypress: 9
1503.8590 	EXP 	Device response: <KeyPress from None: t=1503.8429784, value=9, duration=None>
1503.9745 	EXP 	Device response: <KeyPress from None: t=1503.8429784, value=9, duration=0.11601560000019617>
1504.0749 	DATA 	Keypress: 9
1504.0767 	EXP 	Device response: <KeyPress from None: t=1504.072071, value=9, duration=None>
1504.1577 	EXP 	Device response: <KeyPress from None: t=1504.072071, value=9, duration=0.07118679999996402>
1504.2585 	DATA 	Keypress: 9
1504.2597 	EXP 	Device response: <KeyPress from None: t=1504.2579465, value=9, duration=None>
1504.3588 	EXP 	Device response: <KeyPress from None: t=1504.2579465, value=9, duration=0.09772510000004786>
1505.4460 	DATA 	Mouse: Left button down, pos=(1005,219)
1505.4584 	EXP 	New trial (rep=16, index=9): <Trial 265 (9 in rep 16) data={'delay': 0.1, 'freq': 400, 'condition': 'unexp', 'thisN': 265, 'thisTrialN': 9, 'thisRepN': 16}>
1505.4746 	EXP 	text: autoDraw = False
1505.4746 	EXP 	textbox: autoDraw = False
1505.4746 	EXP 	polygon: autoDraw = True
1505.6450 	DATA 	Mouse:  Left button up, pos=(1005,219)
1505.7091 	DATA 	Mouse: Left button down, pos=(1005,219)
1505.9089 	DATA 	Mouse:  Left button up, pos=(1005,219)
1506.4590 	INFO 	Keyboard events cleared
1506.4589 	EXP 	polygon_2: autoDraw = True
1506.4759 	EXP 	polygon: autoDraw = False
1507.0576 	EXP 	Device response: <KeyPress from None: t=1507.0540695999998, value=space, duration=None>
1507.0594 	DATA 	Keypress: space
1507.0737 	EXP 	polygon: autoDraw = False
1507.0737 	EXP 	polygon_2: autoDraw = False
1507.1408 	EXP 	Sound sound_1 reached end of file
1507.1571 	EXP 	Playing sound sound_1 on speaker Speakers (Realtek(R) Audio)
1507.2408 	EXP 	Device response: <KeyPress from None: t=1501.1475421, value=space, duration=6.08739160000016>
1507.4602 	EXP 	Sound sound_1 stopped
1507.4808 	EXP 	text: autoDraw = True
1507.4808 	EXP 	textbox: autoDraw = True
1509.2395 	DATA 	Keypress: 3
1509.2485 	EXP 	Device response: <KeyPress from None: t=1509.2389178999997, value=3, duration=None>
1509.3916 	EXP 	Device response: <KeyPress from None: t=1509.2389178999997, value=3, duration=0.14930620000052386>
1509.7623 	DATA 	Keypress: 5
1509.7746 	EXP 	Device response: <KeyPress from None: t=1509.761426, value=5, duration=None>
1509.9079 	EXP 	Device response: <KeyPress from None: t=1509.761426, value=5, duration=0.13045590000012908>
1510.2576 	DATA 	Keypress: minus
1510.2595 	EXP 	Device response: <KeyPress from None: t=1510.2508002999998, value=minus, duration=None>
1510.4246 	EXP 	Device response: <KeyPress from None: t=1510.2508002999998, value=minus, duration=0.16080460000023322>
1511.0986 	DATA 	Keypress: backspace
1511.1091 	EXP 	Device response: <KeyPress from None: t=1511.0932159999998, value=backspace, duration=None>
1511.2746 	EXP 	Device response: <KeyPress from None: t=1511.0932159999998, value=backspace, duration=0.16654060000030313>
1511.4293 	DATA 	Keypress: 0
1511.4409 	EXP 	Device response: <KeyPress from None: t=1511.4280356999998, value=0, duration=None>
1511.5910 	EXP 	Device response: <KeyPress from None: t=1511.4280356999998, value=0, duration=0.14683470000011312>
1512.3831 	DATA 	Mouse: Left button down, pos=(1013,223)
1512.3919 	EXP 	New trial (rep=16, index=10): <Trial 266 (10 in rep 16) data={'delay': 0.4, 'freq': 1000, 'condition': 'exp', 'thisN': 266, 'thisTrialN': 10, 'thisRepN': 16}>
1512.4074 	EXP 	text: autoDraw = False
1512.4074 	EXP 	textbox: autoDraw = False
1512.4074 	EXP 	polygon: autoDraw = True
1512.5419 	DATA 	Mouse:  Left button up, pos=(1013,223)
1512.7257 	DATA 	Mouse: Left button down, pos=(1013,223)
1512.9418 	DATA 	Mouse:  Left button up, pos=(1013,223)
1513.3908 	INFO 	Keyboard events cleared
1513.3907 	EXP 	polygon_2: autoDraw = True
1513.4084 	EXP 	polygon: autoDraw = False
1513.7098 	EXP 	Device response: <KeyPress from None: t=1513.6955622, value=space, duration=None>
1513.7117 	DATA 	Keypress: space
1513.7263 	EXP 	polygon: autoDraw = False
1513.7263 	EXP 	polygon_2: autoDraw = False
1513.8761 	EXP 	Device response: <KeyPress from None: t=1502.4488271999999, value=space, duration=11.413179900000273>
1514.0932 	EXP 	Sound sound_1 reached end of file
1514.1094 	EXP 	Playing sound sound_1 on speaker Speakers (Realtek(R) Audio)
1514.4041 	EXP 	Sound sound_1 stopped
1514.4247 	EXP 	text: autoDraw = True
1514.4247 	EXP 	textbox: autoDraw = True
1516.3232 	DATA 	Keypress: 9
1516.3304 	EXP 	Device response: <KeyPress from None: t=1516.3227375000001, value=9, duration=None>
1516.4254 	EXP 	Device response: <KeyPress from None: t=1516.3227375000001, value=9, duration=0.09991610000008677>
1516.5916 	DATA 	Keypress: 9
1516.5931 	EXP 	Device response: <KeyPress from None: t=1516.5892918, value=9, duration=None>
1516.7581 	EXP 	Device response: <KeyPress from None: t=1516.5892918, value=9, duration=0.15335849999985385>
1516.8771 	DATA 	Keypress: 9
1516.8800 	EXP 	Device response: <KeyPress from None: t=1516.8721078999997, value=9, duration=None>
1516.9742 	EXP 	Device response: <KeyPress from None: t=1516.8721078999997, value=9, duration=0.09095760000047903>
1517.4752 	DATA 	Mouse: Left button down, pos=(1013,223)
1517.4761 	EXP 	New trial (rep=16, index=11): <Trial 267 (11 in rep 16) data={'delay': 0.4, 'freq': 1000, 'condition': 'exp', 'thisN': 267, 'thisTrialN': 11, 'thisRepN': 16}>
1517.4909 	EXP 	text: autoDraw = False
1517.4909 	EXP 	textbox: autoDraw = False
1517.4909 	EXP 	polygon: autoDraw = True
1517.5594 	DATA 	Mouse:  Left button up, pos=(1013,223)
1518.4906 	INFO 	Keyboard events cleared
1518.4905 	EXP 	polygon: autoDraw = False
1518.4905 	EXP 	polygon_2: autoDraw = True
1519.3743 	EXP 	Device response: <KeyPress from None: t=1519.3720789, value=space, duration=None>
1519.3759 	DATA 	Keypress: space
1519.3910 	EXP 	polygon: autoDraw = False
1519.3910 	EXP 	polygon_2: autoDraw = False
1519.5572 	EXP 	Device response: <KeyPress from None: t=1507.0540695999998, value=space, duration=12.501567900000396>
1519.7573 	EXP 	Sound sound_1 reached end of file
1519.7736 	EXP 	Playing sound sound_1 on speaker Speakers (Realtek(R) Audio)
1520.0680 	EXP 	Sound sound_1 stopped
1520.0858 	EXP 	text: autoDraw = True
1520.0858 	EXP 	textbox: autoDraw = True
1521.0366 	DATA 	Keypress: 9
1521.0444 	EXP 	Device response: <KeyPress from None: t=1521.0342087, value=9, duration=None>
1521.1580 	EXP 	Device response: <KeyPress from None: t=1521.0342087, value=9, duration=0.11081520000027467>
1521.2636 	DATA 	Keypress: 9
1521.2744 	EXP 	Device response: <KeyPress from None: t=1521.2595597999998, value=9, duration=None>
1521.3588 	EXP 	Device response: <KeyPress from None: t=1521.2595597999998, value=9, duration=0.09435280000036528>
1521.4629 	DATA 	Keypress: 9
1521.4744 	EXP 	Device response: <KeyPress from None: t=1521.4580275999997, value=9, duration=None>
1521.5912 	EXP 	Device response: <KeyPress from None: t=1521.4580275999997, value=9, duration=0.11768390000054296>
1521.9636 	DATA 	Mouse: Left button down, pos=(1013,223)
1521.9758 	EXP 	New trial (rep=16, index=12): <Trial 268 (12 in rep 16) data={'delay': 0.4, 'freq': 1000, 'condition': 'exp', 'thisN': 268, 'thisTrialN': 12, 'thisRepN': 16}>
1521.9905 	EXP 	text: autoDraw = False
1521.9905 	EXP 	textbox: autoDraw = False
1521.9905 	EXP 	polygon: autoDraw = True
1522.0421 	DATA 	Mouse:  Left button up, pos=(1013,223)
1522.9904 	INFO 	Keyboard events cleared
1522.9903 	EXP 	polygon: autoDraw = False
1522.9903 	EXP 	polygon_2: autoDraw = True
1523.0581 	EXP 	Device response: <KeyPress from None: t=1523.049572, value=space, duration=None>
1523.0596 	DATA 	Keypress: space
1523.0746 	EXP 	polygon: autoDraw = False
1523.0746 	EXP 	polygon_2: autoDraw = False
1523.2579 	EXP 	Device response: <KeyPress from None: t=1513.6955622, value=space, duration=9.549785700000143>
1523.4571 	EXP 	Sound sound_1 reached end of file
1523.4735 	EXP 	Playing sound sound_1 on speaker Speakers (Realtek(R) Audio)
1523.7724 	EXP 	Sound sound_1 stopped
1523.7899 	EXP 	text: autoDraw = True
1523.7899 	EXP 	textbox: autoDraw = True
1524.4442 	DATA 	Keypress: 9
1524.4453 	EXP 	Device response: <KeyPress from None: t=1524.4436439, value=9, duration=None>
1524.6081 	EXP 	Device response: <KeyPress from None: t=1524.4436439, value=9, duration=0.15578029999971932>
1524.6754 	DATA 	Keypress: 9
1524.6770 	EXP 	Device response: <KeyPress from None: t=1524.6709931, value=9, duration=None>
1524.8077 	EXP 	Device response: <KeyPress from None: t=1524.6709931, value=9, duration=0.12252129999990302>
1524.8586 	DATA 	Keypress: 9
1524.8598 	EXP 	Device response: <KeyPress from None: t=1524.8538889000001, value=9, duration=None>
1524.9583 	EXP 	Device response: <KeyPress from None: t=1524.8538889000001, value=9, duration=0.09638950000010027>
1525.5085 	DATA 	Mouse: Left button down, pos=(1043,269)
1525.5095 	EXP 	New trial (rep=16, index=13): <Trial 269 (13 in rep 16) data={'delay': 0.1, 'freq': 400, 'condition': 'unexp', 'thisN': 269, 'thisTrialN': 13, 'thisRepN': 16}>
1525.5245 	EXP 	text: autoDraw = False
1525.5245 	EXP 	textbox: autoDraw = False
1525.5245 	EXP 	polygon: autoDraw = True
1525.6426 	DATA 	Mouse:  Left button up, pos=(1043,269)
1526.5240 	INFO 	Keyboard events cleared
1526.5239 	EXP 	polygon: autoDraw = False
1526.5239 	EXP 	polygon_2: autoDraw = True
1526.8913 	EXP 	Device response: <KeyPress from None: t=1526.8805564, value=space, duration=None>
1526.8935 	DATA 	Keypress: space
1526.9074 	EXP 	polygon: autoDraw = False
1526.9074 	EXP 	polygon_2: autoDraw = False
1526.9744 	EXP 	Sound sound_1 reached end of file
1526.9907 	EXP 	Playing sound sound_1 on speaker Speakers (Realtek(R) Audio)
1527.0746 	EXP 	Device response: <KeyPress from None: t=1519.3720789, value=space, duration=7.687035200000196>
1527.2885 	EXP 	Sound sound_1 stopped
1527.3079 	EXP 	text: autoDraw = True
1527.3079 	EXP 	textbox: autoDraw = True
1528.7150 	DATA 	Keypress: space
1528.7259 	EXP 	Device response: <KeyPress from None: t=1528.7122894999998, value=space, duration=None>
1528.8746 	EXP 	Device response: <KeyPress from None: t=1523.049572, value=space, duration=5.809581999999978>
1530.9282 	DATA 	Keypress: 3
1530.9410 	EXP 	Device response: <KeyPress from None: t=1530.9250668999998, value=3, duration=None>
1531.1248 	EXP 	Device response: <KeyPress from None: t=1530.9250668999998, value=3, duration=0.185644900000284>
1531.3154 	DATA 	Keypress: 6
1531.3251 	EXP 	Device response: <KeyPress from None: t=1531.3150231999998, value=6, duration=None>
1531.5913 	EXP 	Device response: <KeyPress from None: t=1531.3150231999998, value=6, duration=0.26044180000019423>
1531.9918 	DATA 	Keypress: backspace
1531.9936 	EXP 	Device response: <KeyPress from None: t=1531.9864493999999, value=backspace, duration=None>
1532.1914 	EXP 	Device response: <KeyPress from None: t=1531.9864493999999, value=backspace, duration=0.19126890000018193>
1532.6117 	DATA 	Keypress: 5
1532.6247 	EXP 	Device response: <KeyPress from None: t=1532.6113092, value=5, duration=None>
1532.7922 	EXP 	Device response: <KeyPress from None: t=1532.6113092, value=5, duration=0.1726661999997532>
1533.4917 	DATA 	Keypress: 0
1533.4934 	EXP 	Device response: <KeyPress from None: t=1533.4889070999998, value=0, duration=None>
1533.6244 	EXP 	Device response: <KeyPress from None: t=1533.4889070999998, value=0, duration=0.12456760000043232>
1534.4518 	DATA 	Mouse: Left button down, pos=(1041,216)
1534.4593 	EXP 	New trial (rep=16, index=14): <Trial 270 (14 in rep 16) data={'delay': 0.1, 'freq': 1000, 'condition': 'exp', 'thisN': 270, 'thisTrialN': 14, 'thisRepN': 16}>
1534.4742 	EXP 	text: autoDraw = False
1534.4742 	EXP 	textbox: autoDraw = False
1534.4742 	EXP 	polygon: autoDraw = True
1534.5748 	DATA 	Mouse:  Left button up, pos=(1041,216)
1534.9084 	DATA 	Mouse: Left button down, pos=(1031,274)
1535.1253 	DATA 	Mouse:  Left button up, pos=(1031,274)
1535.4740 	INFO 	Keyboard events cleared
1535.4738 	EXP 	polygon: autoDraw = False
1535.4738 	EXP 	polygon_2: autoDraw = True
1535.8575 	EXP 	Device response: <KeyPress from None: t=1535.8463001999999, value=space, duration=None>
1535.8590 	DATA 	Keypress: space
1535.8741 	EXP 	polygon: autoDraw = False
1535.8741 	EXP 	polygon_2: autoDraw = False
1535.9408 	EXP 	Sound sound_1 reached end of file
1535.9572 	EXP 	Playing sound sound_1 on speaker Speakers (Realtek(R) Audio)
1535.9913 	EXP 	Device response: <KeyPress from None: t=1526.8805564, value=space, duration=9.100540399999886>
1536.2558 	EXP 	Sound sound_1 stopped
1536.2738 	EXP 	text: autoDraw = True
1536.2738 	EXP 	textbox: autoDraw = True
1537.4088 	DATA 	Keypress: 9
1537.4207 	EXP 	Device response: <KeyPress from None: t=1537.4072879999999, value=9, duration=None>
1537.5594 	EXP 	Device response: <KeyPress from None: t=1537.4072879999999, value=9, duration=0.15090890000021773>
1537.6290 	DATA 	Keypress: 9
1537.6416 	EXP 	Device response: <KeyPress from None: t=1537.6276901, value=9, duration=None>
1537.7579 	EXP 	Device response: <KeyPress from None: t=1537.6276901, value=9, duration=0.11504619999971055>
1537.8258 	DATA 	Keypress: 9
1537.8279 	EXP 	Device response: <KeyPress from None: t=1537.8244807, value=9, duration=None>
1537.9247 	EXP 	Device response: <KeyPress from None: t=1537.8244807, value=9, duration=0.08945030000006682>
1538.6079 	DATA 	Mouse: Left button down, pos=(1036,199)
1538.6090 	EXP 	New trial (rep=16, index=15): <Trial 271 (15 in rep 16) data={'delay': 0.7, 'freq': 1000, 'condition': 'exp', 'thisN': 271, 'thisTrialN': 15, 'thisRepN': 16}>
1538.6242 	EXP 	text: autoDraw = False
1538.6242 	EXP 	textbox: autoDraw = False
1538.6242 	EXP 	polygon: autoDraw = True
1538.7249 	DATA 	Mouse:  Left button up, pos=(1036,199)
1539.6246 	INFO 	Keyboard events cleared
1539.6244 	EXP 	polygon: autoDraw = False
1539.6244 	EXP 	polygon_2: autoDraw = True
1542.0577 	EXP 	Device response: <KeyPress from None: t=1542.0549723, value=space, duration=None>
1542.0596 	DATA 	Keypress: space
1542.0742 	EXP 	polygon: autoDraw = False
1542.0742 	EXP 	polygon_2: autoDraw = False
1542.2750 	EXP 	Device response: <KeyPress from None: t=1528.7122894999998, value=space, duration=13.547097400000098>
1542.7413 	EXP 	Sound sound_1 reached end of file
1542.7575 	EXP 	Playing sound sound_1 on speaker Speakers (Realtek(R) Audio)
1543.0533 	EXP 	Sound sound_1 stopped
1543.0721 	EXP 	text: autoDraw = True
1543.0721 	EXP 	textbox: autoDraw = True
1543.4411 	DATA 	Keypress: 0
1543.4520 	EXP 	Device response: <KeyPress from None: t=1543.4361012, value=0, duration=None>
1543.5749 	EXP 	Device response: <KeyPress from None: t=1543.4361012, value=0, duration=0.12350740000022142>
1543.6786 	DATA 	Keypress: 0
1543.6915 	EXP 	Device response: <KeyPress from None: t=1543.676105, value=0, duration=None>
1543.7921 	EXP 	Device response: <KeyPress from None: t=1543.676105, value=0, duration=0.11314009999989594>
1543.8911 	DATA 	Keypress: 0
1543.8927 	EXP 	Device response: <KeyPress from None: t=1543.8884777999997, value=0, duration=None>
1543.9924 	EXP 	Device response: <KeyPress from None: t=1543.8884777999997, value=0, duration=0.09491080000054808>
1544.2584 	DATA 	Keypress: backspace
1544.2599 	EXP 	Device response: <KeyPress from None: t=1544.250414, value=backspace, duration=None>
1544.8261 	EXP 	Device response: <KeyPress from None: t=1544.250414, value=backspace, duration=0.5597819000000754>
1544.9521 	DATA 	Keypress: 9
1544.9601 	EXP 	Device response: <KeyPress from None: t=1544.9484901, value=9, duration=None>
1545.0920 	EXP 	Device response: <KeyPress from None: t=1544.9484901, value=9, duration=0.13834060000010595>
1545.1911 	DATA 	Keypress: 9
1545.1925 	EXP 	Device response: <KeyPress from None: t=1545.1849838999997, value=9, duration=None>
1545.2916 	EXP 	Device response: <KeyPress from None: t=1545.1849838999997, value=9, duration=0.09806150000042635>
1545.3803 	DATA 	Keypress: 9
1545.3912 	EXP 	Device response: <KeyPress from None: t=1545.3752796999997, value=9, duration=None>
1545.4749 	EXP 	Device response: <KeyPress from None: t=1545.3752796999997, value=9, duration=0.08903140000040821>
1546.2920 	DATA 	Mouse: Left button down, pos=(1035,272)
1546.4329 	DATA 	Mouse:  Left button up, pos=(1035,272)
1546.7292 	DATA 	Mouse: Left button down, pos=(1030,222)
1546.7423 	EXP 	New trial (rep=17, index=0): <Trial 272 (0 in rep 17) data={'delay': 0.1, 'freq': 400, 'condition': 'unexp', 'thisN': 272, 'thisTrialN': 0, 'thisRepN': 17}>
1546.7576 	EXP 	text: autoDraw = False
1546.7576 	EXP 	textbox: autoDraw = False
1546.7576 	EXP 	polygon: autoDraw = True
1546.8750 	DATA 	Mouse:  Left button up, pos=(1030,222)
1547.7586 	INFO 	Keyboard events cleared
1547.7584 	EXP 	polygon: autoDraw = False
1547.7584 	EXP 	polygon_2: autoDraw = True
1548.1242 	EXP 	Device response: <KeyPress from None: t=1548.1132843999999, value=space, duration=None>
1548.1261 	DATA 	Keypress: space
1548.1406 	EXP 	polygon: autoDraw = False
1548.1406 	EXP 	polygon_2: autoDraw = False
1548.1573 	EXP 	Device response: <KeyPress from None: t=1535.8463001999999, value=space, duration=12.306493100000012>
1548.2076 	EXP 	Sound sound_1 reached end of file
1548.2239 	EXP 	Playing sound sound_1 on speaker Speakers (Realtek(R) Audio)
1548.5267 	EXP 	Sound sound_1 stopped
1548.5449 	EXP 	text: autoDraw = True
1548.5449 	EXP 	textbox: autoDraw = True
1550.3696 	DATA 	Keypress: 3
1550.3805 	EXP 	Device response: <KeyPress from None: t=1550.3646782, value=3, duration=None>
1550.5247 	EXP 	Device response: <KeyPress from None: t=1550.3646782, value=3, duration=0.14681769999981498>
1550.6590 	DATA 	Keypress: 5
1550.6604 	EXP 	Device response: <KeyPress from None: t=1550.6580928999997, value=5, duration=None>
1550.7918 	EXP 	Device response: <KeyPress from None: t=1550.6580928999997, value=5, duration=0.13073680000036347>
1550.9584 	DATA 	Keypress: 0
1550.9598 	EXP 	Device response: <KeyPress from None: t=1550.9509684, value=0, duration=None>
1551.0924 	EXP 	Device response: <KeyPress from None: t=1550.9509684, value=0, duration=0.1391313999998829>
1551.4676 	DATA 	Mouse: Left button down, pos=(1018,232)
1551.4752 	EXP 	New trial (rep=17, index=1): <Trial 273 (1 in rep 17) data={'delay': 0.7, 'freq': 1000, 'condition': 'exp', 'thisN': 273, 'thisTrialN': 1, 'thisRepN': 17}>
1551.4908 	EXP 	text: autoDraw = False
1551.4908 	EXP 	textbox: autoDraw = False
1551.4908 	EXP 	polygon: autoDraw = True
1551.5758 	DATA 	Mouse:  Left button up, pos=(1018,232)
1552.4745 	INFO 	Keyboard events cleared
1552.4744 	EXP 	polygon_2: autoDraw = True
1552.4916 	EXP 	polygon: autoDraw = False
1552.7763 	EXP 	Device response: <KeyPress from None: t=1552.7730613999997, value=space, duration=None>
1552.7783 	DATA 	Keypress: space
1552.7929 	EXP 	polygon: autoDraw = False
1552.7929 	EXP 	polygon_2: autoDraw = False
1552.8770 	EXP 	Device response: <KeyPress from None: t=1542.0549723, value=space, duration=10.82020840000007>
1553.4596 	EXP 	Sound sound_1 reached end of file
1553.4759 	EXP 	Playing sound sound_1 on speaker Speakers (Realtek(R) Audio)
1553.7758 	EXP 	Sound sound_1 stopped
1553.7965 	EXP 	text: autoDraw = True
1553.7965 	EXP 	textbox: autoDraw = True
1555.2035 	DATA 	Keypress: 4
1555.2136 	EXP 	Device response: <KeyPress from None: t=1555.1977284, value=4, duration=None>
1555.3414 	EXP 	Device response: <KeyPress from None: t=1555.1977284, value=4, duration=0.12781749999987824>
1555.4831 	DATA 	Keypress: backspace
1555.4917 	EXP 	Device response: <KeyPress from None: t=1555.4810287999999, value=backspace, duration=None>
1555.6449 	EXP 	Device response: <KeyPress from None: t=1555.4810287999999, value=backspace, duration=0.15265740000006645>
1555.8475 	DATA 	Keypress: 9
1555.8579 	EXP 	Device response: <KeyPress from None: t=1555.8440009, value=9, duration=None>
1555.9751 	EXP 	Device response: <KeyPress from None: t=1555.8440009, value=9, duration=0.13004400000011174>
1556.0654 	DATA 	Keypress: 9
1556.0746 	EXP 	Device response: <KeyPress from None: t=1556.0622986999997, value=9, duration=None>
1556.1589 	EXP 	Device response: <KeyPress from None: t=1556.0622986999997, value=9, duration=0.0869476000003715>
1556.2462 	DATA 	Keypress: 9
1556.2585 	EXP 	Device response: <KeyPress from None: t=1556.2427883, value=9, duration=None>
1556.3261 	EXP 	Device response: <KeyPress from None: t=1556.2427883, value=9, duration=0.08045850000019072>
1557.2175 	DATA 	Mouse: Left button down, pos=(1018,232)
1557.2254 	EXP 	New trial (rep=17, index=2): <Trial 274 (2 in rep 17) data={'delay': 0.1, 'freq': 1000, 'condition': 'exp', 'thisN': 274, 'thisTrialN': 2, 'thisRepN': 17}>
1557.2414 	EXP 	text: autoDraw = False
1557.2414 	EXP 	textbox: autoDraw = False
1557.2414 	EXP 	polygon: autoDraw = True
1557.4763 	DATA 	Mouse:  Left button up, pos=(1018,232)
1557.5426 	DATA 	Mouse: Left button down, pos=(1018,232)
1557.7089 	DATA 	Mouse:  Left button up, pos=(1018,232)
1558.2245 	INFO 	Keyboard events cleared
1558.2244 	EXP 	polygon_2: autoDraw = True
1558.2414 	EXP 	polygon: autoDraw = False
1563.8600 	EXP 	Device response: <KeyPress from None: t=1563.8552092, value=space, duration=None>
1563.8626 	DATA 	Keypress: space
1563.8760 	EXP 	polygon: autoDraw = False
1563.8760 	EXP 	polygon_2: autoDraw = False
1563.9434 	EXP 	Sound sound_1 reached end of file
1563.9597 	EXP 	Playing sound sound_1 on speaker Speakers (Realtek(R) Audio)
1564.0261 	EXP 	Device response: <KeyPress from None: t=1548.1132843999999, value=space, duration=15.903146900000252>
1564.2604 	EXP 	Sound sound_1 stopped
1564.2816 	EXP 	text: autoDraw = True
1564.2816 	EXP 	textbox: autoDraw = True
1565.3189 	DATA 	Keypress: 9
1565.3307 	EXP 	Device response: <KeyPress from None: t=1565.3181823999998, value=9, duration=None>
1565.4750 	EXP 	Device response: <KeyPress from None: t=1565.3181823999998, value=9, duration=0.13979759999995167>
1565.5793 	DATA 	Keypress: 9
1565.5917 	EXP 	Device response: <KeyPress from None: t=1565.5774665, value=9, duration=None>
1565.6924 	EXP 	Device response: <KeyPress from None: t=1565.5774665, value=9, duration=0.11395740000000387>
1566.0415 	DATA 	Keypress: 9
1566.0428 	EXP 	Device response: <KeyPress from None: t=1566.0332235, value=9, duration=None>
1566.1264 	EXP 	Device response: <KeyPress from None: t=1566.0332235, value=9, duration=0.08928160000016305>
1566.4747 	DATA 	Keypress: space
1566.4765 	EXP 	Device response: <KeyPress from None: t=1566.472014, value=space, duration=None>
1566.5751 	EXP 	Device response: <KeyPress from None: t=1552.7730613999997, value=space, duration=13.797380400000407>
1567.3325 	DATA 	Mouse: Left button down, pos=(1018,232)
1567.3425 	EXP 	New trial (rep=17, index=3): <Trial 275 (3 in rep 17) data={'delay': 0.4, 'freq': 400, 'condition': 'unexp', 'thisN': 275, 'thisTrialN': 3, 'thisRepN': 17}>
1567.3573 	EXP 	text: autoDraw = False
1567.3573 	EXP 	textbox: autoDraw = False
1567.3573 	EXP 	polygon: autoDraw = True
1567.5584 	DATA 	Mouse:  Left button up, pos=(1018,232)
1568.3577 	INFO 	Keyboard events cleared
1568.3576 	EXP 	polygon: autoDraw = False
1568.3576 	EXP 	polygon_2: autoDraw = True
1568.6775 	EXP 	Device response: <KeyPress from None: t=1568.6640567, value=space, duration=None>
1568.6793 	DATA 	Keypress: space
1568.6910 	EXP 	polygon: autoDraw = False
1568.6910 	EXP 	polygon_2: autoDraw = False
1568.7933 	EXP 	Device response: <KeyPress from None: t=1563.8552092, value=space, duration=4.9255549999999175>
1569.0765 	EXP 	Sound sound_1 reached end of file
1569.0927 	EXP 	Playing sound sound_1 on speaker Speakers (Realtek(R) Audio)
1569.3886 	EXP 	Sound sound_1 stopped
1569.4094 	EXP 	text: autoDraw = True
1569.4094 	EXP 	textbox: autoDraw = True
1570.6432 	DATA 	Keypress: 3
1570.6542 	EXP 	Device response: <KeyPress from None: t=1570.6374188999998, value=3, duration=None>
1570.6971 	EXP 	Device response: <KeyPress from None: t=1570.6374188999998, value=3, duration=0.04682900000000245>
1570.9417 	DATA 	Keypress: 5
1570.9433 	EXP 	Device response: <KeyPress from None: t=1570.9379842999997, value=5, duration=None>
1571.0423 	EXP 	Device response: <KeyPress from None: t=1570.9379842999997, value=5, duration=0.09531310000022586>
1571.4626 	DATA 	Keypress: 0
1571.4746 	EXP 	Device response: <KeyPress from None: t=1571.4617128, value=0, duration=None>
1571.6265 	EXP 	Device response: <KeyPress from None: t=1571.4617128, value=0, duration=0.15593020000017077>
1571.9089 	DATA 	Mouse: Left button down, pos=(1018,232)
1571.9097 	EXP 	New trial (rep=17, index=4): <Trial 276 (4 in rep 17) data={'delay': 0.1, 'freq': 1000, 'condition': 'exp', 'thisN': 276, 'thisTrialN': 4, 'thisRepN': 17}>
1571.9244 	EXP 	text: autoDraw = False
1571.9244 	EXP 	textbox: autoDraw = False
1571.9244 	EXP 	polygon: autoDraw = True
1571.9594 	DATA 	Mouse:  Left button up, pos=(1018,232)
1572.9242 	INFO 	Keyboard events cleared
1572.9241 	EXP 	polygon: autoDraw = False
1572.9241 	EXP 	polygon_2: autoDraw = True
1573.7447 	DATA 	Keypress: space
1573.7599 	EXP 	Device response: <KeyPress from None: t=1573.7436758, value=space, duration=None>
1573.7760 	EXP 	polygon: autoDraw = False
1573.7760 	EXP 	polygon_2: autoDraw = False
1573.8582 	EXP 	Sound sound_1 reached end of file
1573.8746 	EXP 	Playing sound sound_1 on speaker Speakers (Realtek(R) Audio)
1573.8584 	EXP 	Device response: <KeyPress from None: t=1566.472014, value=space, duration=7.385370900000112>
1574.1728 	EXP 	Sound sound_1 stopped
1574.1932 	EXP 	text: autoDraw = True
1574.1932 	EXP 	textbox: autoDraw = True
1574.3545 	DATA 	Keypress: 9
1574.3559 	EXP 	Device response: <KeyPress from None: t=1574.3494486999998, value=9, duration=None>
1574.4760 	EXP 	Device response: <KeyPress from None: t=1574.3494486999998, value=9, duration=0.12280520000024353>
1574.5749 	DATA 	Keypress: 9
1574.5769 	EXP 	Device response: <KeyPress from None: t=1574.5686059999998, value=9, duration=None>
1574.6584 	EXP 	Device response: <KeyPress from None: t=1574.5686059999998, value=9, duration=0.07798680000007607>
1574.7582 	DATA 	Keypress: 9
1574.7594 	EXP 	Device response: <KeyPress from None: t=1574.7560998999998, value=9, duration=None>
1574.7918 	EXP 	Device response: <KeyPress from None: t=1574.7560998999998, value=9, duration=0.03251650000004247>
1575.2997 	DATA 	Mouse: Left button down, pos=(1018,232)
1575.3087 	EXP 	New trial (rep=17, index=5): <Trial 277 (5 in rep 17) data={'delay': 0.1, 'freq': 400, 'condition': 'unexp', 'thisN': 277, 'thisTrialN': 5, 'thisRepN': 17}>
1575.3240 	EXP 	text: autoDraw = False
1575.3240 	EXP 	textbox: autoDraw = False
1575.3240 	EXP 	polygon: autoDraw = True
1575.4086 	DATA 	Mouse:  Left button up, pos=(1018,232)
1576.2600 	EXP 	Device response: <KeyPress from None: t=1576.2459163999997, value=space, duration=None>
1576.2612 	DATA 	Keypress: space
1576.3102 	INFO 	Keyboard events cleared
1576.3100 	EXP 	polygon_2: autoDraw = True
1576.3266 	EXP 	polygon: autoDraw = False
1576.3607 	EXP 	Device response: <KeyPress from None: t=1568.6640567, value=space, duration=7.694369500000107>
1576.7267 	EXP 	Device response: <KeyPress from None: t=1576.7238616999998, value=space, duration=None>
1576.7288 	DATA 	Keypress: space
1576.7432 	EXP 	polygon: autoDraw = False
1576.7432 	EXP 	polygon_2: autoDraw = False
1576.8098 	EXP 	Sound sound_1 reached end of file
1576.8260 	EXP 	Playing sound sound_1 on speaker Speakers (Realtek(R) Audio)
1576.8763 	EXP 	Device response: <KeyPress from None: t=1573.7436758, value=space, duration=3.1297513000000663>
1577.1214 	EXP 	Sound sound_1 stopped
1577.1421 	EXP 	text: autoDraw = True
1577.1421 	EXP 	textbox: autoDraw = True
1578.7664 	DATA 	Keypress: 7
1578.7773 	EXP 	Device response: <KeyPress from None: t=1578.763453, value=7, duration=None>
1578.8417 	EXP 	Device response: <KeyPress from None: t=1578.763453, value=7, duration=0.06503230000009808>
1579.6656 	DATA 	Keypress: 0
1579.6750 	EXP 	Device response: <KeyPress from None: t=1579.6652027, value=0, duration=None>
1579.7762 	EXP 	Device response: <KeyPress from None: t=1579.6652027, value=0, duration=0.10964849999993476>
1579.8649 	DATA 	Keypress: 0
1579.8748 	EXP 	Device response: <KeyPress from None: t=1579.8642516999998, value=0, duration=None>
1579.9412 	EXP 	Device response: <KeyPress from None: t=1579.8642516999998, value=0, duration=0.06295630000033725>
1580.2633 	DATA 	Mouse: Left button down, pos=(1018,232)
1580.2754 	EXP 	New trial (rep=17, index=6): <Trial 278 (6 in rep 17) data={'delay': 0.1, 'freq': 1000, 'condition': 'exp', 'thisN': 278, 'thisTrialN': 6, 'thisRepN': 17}>
1580.2908 	EXP 	text: autoDraw = False
1580.2908 	EXP 	textbox: autoDraw = False
1580.2908 	EXP 	polygon: autoDraw = True
1580.3592 	DATA 	Mouse:  Left button up, pos=(1018,232)
1581.2909 	INFO 	Keyboard events cleared
1581.2908 	EXP 	polygon: autoDraw = False
1581.2908 	EXP 	polygon_2: autoDraw = True
1581.6250 	EXP 	Device response: <KeyPress from None: t=1581.6111809, value=space, duration=None>
1581.6268 	DATA 	Keypress: space
1581.6403 	EXP 	polygon: autoDraw = False
1581.6403 	EXP 	polygon_2: autoDraw = False
1581.7243 	EXP 	Sound sound_1 reached end of file
1581.7406 	EXP 	Playing sound sound_1 on speaker Speakers (Realtek(R) Audio)
1581.7583 	EXP 	Device response: <KeyPress from None: t=1576.2459163999997, value=space, duration=5.497422200000187>
1582.0395 	EXP 	Sound sound_1 stopped
1582.0596 	EXP 	text: autoDraw = True
1582.0596 	EXP 	textbox: autoDraw = True
1582.7314 	DATA 	Keypress: 9
1582.7441 	EXP 	Device response: <KeyPress from None: t=1582.7250863, value=9, duration=None>
1582.8417 	EXP 	Device response: <KeyPress from None: t=1582.7250863, value=9, duration=0.10576570000023366>
1582.9117 	DATA 	Keypress: 9
1582.9247 	EXP 	Device response: <KeyPress from None: t=1582.9103946999999, value=9, duration=None>
1583.0093 	EXP 	Device response: <KeyPress from None: t=1582.9103946999999, value=9, duration=0.0890457000001561>
1583.0964 	DATA 	Keypress: 9
1583.1080 	EXP 	Device response: <KeyPress from None: t=1583.0918834, value=9, duration=None>
1583.1413 	EXP 	Device response: <KeyPress from None: t=1583.0918834, value=9, duration=0.034054300000320836>
1583.4249 	DATA 	Mouse: Left button down, pos=(1008,212)
1583.4260 	EXP 	New trial (rep=17, index=7): <Trial 279 (7 in rep 17) data={'delay': 0.1, 'freq': 1000, 'condition': 'exp', 'thisN': 279, 'thisTrialN': 7, 'thisRepN': 17}>
1583.4411 	EXP 	text: autoDraw = False
1583.4411 	EXP 	textbox: autoDraw = False
1583.4411 	EXP 	polygon: autoDraw = True
1583.5091 	DATA 	Mouse:  Left button up, pos=(1008,212)
1584.3086 	EXP 	Device response: <KeyPress from None: t=1584.2991662999998, value=space, duration=None>
1584.3094 	DATA 	Keypress: space
1584.4252 	EXP 	Device response: <KeyPress from None: t=1576.7238616999998, value=space, duration=7.69344650000005>
1584.4410 	INFO 	Keyboard events cleared
1584.4409 	EXP 	polygon: autoDraw = False
1584.4409 	EXP 	polygon_2: autoDraw = True
1584.9581 	EXP 	Device response: <KeyPress from None: t=1584.9540137, value=space, duration=None>
1584.9598 	DATA 	Keypress: space
1584.9738 	EXP 	polygon: autoDraw = False
1584.9738 	EXP 	polygon_2: autoDraw = False
1585.0412 	EXP 	Sound sound_1 reached end of file
1585.0575 	EXP 	Playing sound sound_1 on speaker Speakers (Realtek(R) Audio)
1585.1580 	EXP 	Device response: <KeyPress from None: t=1581.6111809, value=space, duration=3.5318870000002107>
1585.3589 	EXP 	Sound sound_1 stopped
1585.3772 	EXP 	text: autoDraw = True
1585.3772 	EXP 	textbox: autoDraw = True
1585.6471 	DATA 	Keypress: 9
1585.6483 	EXP 	Device response: <KeyPress from None: t=1585.6428619999997, value=9, duration=None>
1585.7924 	EXP 	Device response: <KeyPress from None: t=1585.6428619999997, value=9, duration=0.14021390000027623>
1585.8830 	DATA 	Keypress: 9
1585.8921 	EXP 	Device response: <KeyPress from None: t=1585.8796856, value=9, duration=None>
1585.9759 	EXP 	Device response: <KeyPress from None: t=1585.8796856, value=9, duration=0.08702099999993607>
1586.3748 	DATA 	Keypress: 9
1586.3763 	EXP 	Device response: <KeyPress from None: t=1586.3693058999997, value=9, duration=None>
1586.4916 	EXP 	Device response: <KeyPress from None: t=1586.3693058999997, value=9, duration=0.11356430000034834>
1586.7996 	DATA 	Mouse: Left button down, pos=(1008,212)
1586.8095 	EXP 	New trial (rep=17, index=8): <Trial 280 (8 in rep 17) data={'delay': 0.7, 'freq': 1000, 'condition': 'exp', 'thisN': 280, 'thisTrialN': 8, 'thisRepN': 17}>
1586.8244 	EXP 	text: autoDraw = False
1586.8244 	EXP 	textbox: autoDraw = False
1586.8244 	EXP 	polygon: autoDraw = True
1586.9253 	DATA 	Mouse:  Left button up, pos=(1008,212)
1587.8243 	INFO 	Keyboard events cleared
1587.8242 	EXP 	polygon: autoDraw = False
1587.8242 	EXP 	polygon_2: autoDraw = True
1588.0747 	EXP 	Device response: <KeyPress from None: t=1588.0691997, value=space, duration=None>
1588.0767 	DATA 	Keypress: space
1588.0908 	EXP 	polygon: autoDraw = False
1588.0908 	EXP 	polygon_2: autoDraw = False
1588.2745 	EXP 	Device response: <KeyPress from None: t=1584.2991662999998, value=space, duration=3.9662544000003663>
1588.7577 	EXP 	Sound sound_1 reached end of file
1588.7740 	EXP 	Playing sound sound_1 on speaker Speakers (Realtek(R) Audio)
1589.0701 	EXP 	Sound sound_1 stopped
1589.0896 	EXP 	text: autoDraw = True
1589.0896 	EXP 	textbox: autoDraw = True
1589.1527 	DATA 	Keypress: 9
1589.1650 	EXP 	Device response: <KeyPress from None: t=1589.1468944999997, value=9, duration=None>
1589.3248 	EXP 	Device response: <KeyPress from None: t=1589.1468944999997, value=9, duration=0.17008050000015373>
1589.4081 	DATA 	Keypress: 9
1589.4099 	EXP 	Device response: <KeyPress from None: t=1589.405754, value=9, duration=None>
1589.5578 	EXP 	Device response: <KeyPress from None: t=1589.405754, value=9, duration=0.13709190000020044>
1589.6420 	DATA 	Keypress: 9
1589.6437 	EXP 	Device response: <KeyPress from None: t=1589.6409192, value=9, duration=None>
1589.7430 	EXP 	Device response: <KeyPress from None: t=1589.6409192, value=9, duration=0.09341159999996762>
1590.5087 	DATA 	Mouse: Right button down, pos=(1006,242)
1590.5097 	EXP 	New trial (rep=17, index=9): <Trial 281 (9 in rep 17) data={'delay': 0.4, 'freq': 1000, 'condition': 'exp', 'thisN': 281, 'thisTrialN': 9, 'thisRepN': 17}>
1590.5243 	EXP 	text: autoDraw = False
1590.5243 	EXP 	textbox: autoDraw = False
1590.5243 	EXP 	polygon: autoDraw = True
1590.5759 	DATA 	Mouse:  Right button up, pos=(1006,242)
1590.6750 	DATA 	Mouse: Right button down, pos=(1006,242)
1590.7262 	DATA 	Mouse:  Right button up, pos=(1006,242)
1591.5248 	INFO 	Keyboard events cleared
1591.5245 	EXP 	polygon: autoDraw = False
1591.5245 	EXP 	polygon_2: autoDraw = True
1592.1423 	EXP 	Device response: <KeyPress from None: t=1592.1396151, value=space, duration=None>
1592.1440 	DATA 	Keypress: space
1592.1569 	EXP 	polygon: autoDraw = False
1592.1569 	EXP 	polygon_2: autoDraw = False
1592.2743 	EXP 	Device response: <KeyPress from None: t=1584.9540137, value=space, duration=7.313953800000149>
1592.5256 	EXP 	Sound sound_1 reached end of file
1592.5419 	EXP 	Playing sound sound_1 on speaker Speakers (Realtek(R) Audio)
1592.8427 	EXP 	Sound sound_1 stopped
1592.8627 	EXP 	text: autoDraw = True
1592.8627 	EXP 	textbox: autoDraw = True
1592.9882 	DATA 	Keypress: 9
1592.9983 	EXP 	Device response: <KeyPress from None: t=1592.9824375999997, value=9, duration=None>
1593.1080 	EXP 	Device response: <KeyPress from None: t=1592.9824375999997, value=9, duration=0.11493470000016259>
1593.1964 	DATA 	Keypress: 9
1593.2086 	EXP 	Device response: <KeyPress from None: t=1593.193879, value=9, duration=None>
1593.2746 	EXP 	Device response: <KeyPress from None: t=1593.193879, value=9, duration=0.07024830000011661>
1593.3747 	DATA 	Keypress: 9
1593.3762 	EXP 	Device response: <KeyPress from None: t=1593.3720377999998, value=9, duration=None>
1593.4424 	EXP 	Device response: <KeyPress from None: t=1593.3720377999998, value=9, duration=0.06728310000028159>
1594.8585 	DATA 	Mouse: Right button down, pos=(1011,221)
1594.8597 	EXP 	New trial (rep=17, index=10): <Trial 282 (10 in rep 17) data={'delay': 0.7, 'freq': 1000, 'condition': 'exp', 'thisN': 282, 'thisTrialN': 10, 'thisRepN': 17}>
1594.8745 	EXP 	text: autoDraw = False
1594.8745 	EXP 	textbox: autoDraw = False
1594.8745 	EXP 	polygon: autoDraw = True
1594.9252 	DATA 	Mouse:  Right button up, pos=(1011,221)
1595.0250 	DATA 	Mouse: Right button down, pos=(1011,221)
1595.0923 	DATA 	Mouse:  Right button up, pos=(1011,221)
1595.7588 	EXP 	Device response: <KeyPress from None: t=1595.7428976, value=space, duration=None>
1595.7599 	DATA 	Keypress: space
1595.8753 	INFO 	Keyboard events cleared
1595.8752 	EXP 	polygon: autoDraw = False
1595.8752 	EXP 	polygon_2: autoDraw = True
1595.9245 	EXP 	Device response: <KeyPress from None: t=1588.0691997, value=space, duration=7.850180900000055>
1596.9582 	EXP 	Device response: <KeyPress from None: t=1596.9454155999997, value=space, duration=None>
1596.9599 	DATA 	Keypress: space
1596.9743 	EXP 	polygon: autoDraw = False
1596.9743 	EXP 	polygon_2: autoDraw = False
1597.1410 	EXP 	Device response: <KeyPress from None: t=1592.1396151, value=space, duration=4.998858000000041>
1597.6412 	EXP 	Sound sound_1 reached end of file
1597.6576 	EXP 	Playing sound sound_1 on speaker Speakers (Realtek(R) Audio)
1597.9598 	EXP 	Sound sound_1 stopped
1597.9796 	EXP 	text: autoDraw = True
1597.9796 	EXP 	textbox: autoDraw = True
1598.2823 	DATA 	Keypress: 9
1598.2899 	EXP 	Device response: <KeyPress from None: t=1598.2802699999997, value=9, duration=None>
1598.3748 	EXP 	Device response: <KeyPress from None: t=1598.2802699999997, value=9, duration=0.08125040000015815>
1598.4955 	DATA 	Keypress: 9
1598.5082 	EXP 	Device response: <KeyPress from None: t=1598.4946252, value=9, duration=None>
1598.6260 	EXP 	Device response: <KeyPress from None: t=1598.4946252, value=9, duration=0.1251330999999709>
1598.7082 	DATA 	Keypress: 9
1598.7099 	EXP 	Device response: <KeyPress from None: t=1598.7046169, value=9, duration=None>
1598.7758 	EXP 	Device response: <KeyPress from None: t=1598.7046169, value=9, duration=0.06891650000000027>
1599.6794 	DATA 	Mouse: Left button down, pos=(1011,221)
1599.6924 	EXP 	New trial (rep=17, index=11): <Trial 283 (11 in rep 17) data={'delay': 0.4, 'freq': 1000, 'condition': 'exp', 'thisN': 283, 'thisTrialN': 11, 'thisRepN': 17}>
1599.7082 	EXP 	text: autoDraw = False
1599.7082 	EXP 	textbox: autoDraw = False
1599.7082 	EXP 	polygon: autoDraw = True
1599.7931 	DATA 	Mouse:  Left button up, pos=(1011,221)
1599.9756 	DATA 	Mouse: Left button down, pos=(1011,221)
1600.1923 	DATA 	Mouse:  Left button up, pos=(1011,221)
1600.6914 	INFO 	Keyboard events cleared
1600.6913 	EXP 	polygon_2: autoDraw = True
1600.7084 	EXP 	polygon: autoDraw = False
1600.7091 	EXP 	Device response: <KeyPress from None: t=1600.6979993, value=space, duration=None>
1600.7106 	DATA 	Keypress: space
1600.7242 	EXP 	polygon: autoDraw = False
1600.7242 	EXP 	polygon_2: autoDraw = False
1600.8752 	EXP 	Device response: <KeyPress from None: t=1595.7428976, value=space, duration=5.118033399999717>
1601.1080 	EXP 	Sound sound_1 reached end of file
1601.1243 	EXP 	Playing sound sound_1 on speaker Speakers (Realtek(R) Audio)
1601.4222 	EXP 	Sound sound_1 stopped
1601.4433 	EXP 	text: autoDraw = True
1601.4433 	EXP 	textbox: autoDraw = True
1601.8448 	DATA 	Keypress: 9
1601.8523 	EXP 	Device response: <KeyPress from None: t=1601.8418507000001, value=9, duration=None>
1602.0245 	EXP 	Device response: <KeyPress from None: t=1601.8418507000001, value=9, duration=0.17167750000010074>
1602.0755 	DATA 	Keypress: 9
1602.0772 	EXP 	Device response: <KeyPress from None: t=1602.0735605, value=9, duration=None>
1602.2581 	EXP 	Device response: <KeyPress from None: t=1602.0735605, value=9, duration=0.16826340000000073>
1602.4754 	DATA 	Keypress: 9
1602.4770 	EXP 	Device response: <KeyPress from None: t=1602.4689869999997, value=9, duration=None>
1602.5581 	EXP 	Device response: <KeyPress from None: t=1602.4689869999997, value=9, duration=0.0790532000002031>
1603.8255 	DATA 	Mouse: Left button down, pos=(993,224)
1603.8263 	EXP 	New trial (rep=17, index=12): <Trial 284 (12 in rep 17) data={'delay': 0.7, 'freq': 400, 'condition': 'unexp', 'thisN': 284, 'thisTrialN': 12, 'thisRepN': 17}>
1603.8421 	EXP 	text: autoDraw = False
1603.8421 	EXP 	textbox: autoDraw = False
1603.8421 	EXP 	polygon: autoDraw = True
1604.0266 	DATA 	Mouse:  Left button up, pos=(993,224)
1604.0922 	DATA 	Mouse: Left button down, pos=(993,224)
1604.2421 	DATA 	Mouse:  Left button up, pos=(993,224)
1604.8412 	INFO 	Keyboard events cleared
1604.8410 	EXP 	polygon: autoDraw = False
1604.8410 	EXP 	polygon_2: autoDraw = True
1605.1608 	EXP 	Device response: <KeyPress from None: t=1605.1484639999999, value=space, duration=None>
1605.1624 	DATA 	Keypress: space
1605.1739 	EXP 	polygon: autoDraw = False
1605.1739 	EXP 	polygon_2: autoDraw = False
1605.3585 	EXP 	Device response: <KeyPress from None: t=1596.9454155999997, value=space, duration=8.410036100000184>
1605.8585 	EXP 	Sound sound_1 reached end of file
1605.8749 	EXP 	Playing sound sound_1 on speaker Speakers (Realtek(R) Audio)
1606.1695 	EXP 	Sound sound_1 stopped
1606.1881 	EXP 	text: autoDraw = True
1606.1881 	EXP 	textbox: autoDraw = True
1607.6058 	DATA 	Keypress: 5
1607.6171 	EXP 	Device response: <KeyPress from None: t=1607.6037287999998, value=5, duration=None>
1607.6924 	EXP 	Device response: <KeyPress from None: t=1607.6037287999998, value=5, duration=0.08525840000004337>
1607.7596 	DATA 	Keypress: 5
1607.7614 	EXP 	Device response: <KeyPress from None: t=1607.7584729, value=5, duration=None>
1607.8255 	EXP 	Device response: <KeyPress from None: t=1607.7584729, value=5, duration=0.06404639999993833>
1608.1916 	DATA 	Keypress: 0
1608.1933 	EXP 	Device response: <KeyPress from None: t=1608.1840367, value=0, duration=None>
1608.3089 	EXP 	Device response: <KeyPress from None: t=1608.1840367, value=0, duration=0.12305590000016764>
1608.5998 	DATA 	Mouse: Left button down, pos=(886,446)
1608.6921 	DATA 	Mouse:  Left button up, pos=(886,446)
1609.2921 	DATA 	Mouse: Left button down, pos=(927,193)
1609.2931 	EXP 	New trial (rep=17, index=13): <Trial 285 (13 in rep 17) data={'delay': 0.7, 'freq': 1000, 'condition': 'exp', 'thisN': 285, 'thisTrialN': 13, 'thisRepN': 17}>
1609.3082 	EXP 	text: autoDraw = False
1609.3082 	EXP 	textbox: autoDraw = False
1609.3082 	EXP 	polygon: autoDraw = True
1609.3927 	DATA 	Mouse:  Left button up, pos=(927,193)
1610.3078 	INFO 	Keyboard events cleared
1610.3077 	EXP 	polygon: autoDraw = False
1610.3077 	EXP 	polygon_2: autoDraw = True
1610.4257 	EXP 	Device response: <KeyPress from None: t=1610.4156610999999, value=space, duration=None>
1610.4277 	DATA 	Keypress: space
1610.4410 	EXP 	polygon: autoDraw = False
1610.4410 	EXP 	polygon_2: autoDraw = False
1610.6082 	EXP 	Device response: <KeyPress from None: t=1600.6979993, value=space, duration=9.89905710000005>
1611.1246 	EXP 	Sound sound_1 reached end of file
1611.1409 	EXP 	Playing sound sound_1 on speaker Speakers (Realtek(R) Audio)
1611.4394 	EXP 	Sound sound_1 stopped
1611.4585 	EXP 	text: autoDraw = True
1611.4585 	EXP 	textbox: autoDraw = True
1612.2002 	DATA 	Keypress: 9
1612.2103 	EXP 	Device response: <KeyPress from None: t=1612.1970081, value=9, duration=None>
1612.3089 	EXP 	Device response: <KeyPress from None: t=1612.1970081, value=9, duration=0.10473650000005819>
1612.3919 	DATA 	Keypress: 9
1612.3932 	EXP 	Device response: <KeyPress from None: t=1612.3862755999999, value=9, duration=None>
1612.5088 	EXP 	Device response: <KeyPress from None: t=1612.3862755999999, value=9, duration=0.11379210000006879>
1612.6136 	DATA 	Keypress: 9
1612.6247 	EXP 	Device response: <KeyPress from None: t=1612.6085865999999, value=9, duration=None>
1612.7248 	EXP 	Device response: <KeyPress from None: t=1612.6085865999999, value=9, duration=0.10188180000034208>
1613.5340 	DATA 	Mouse: Left button down, pos=(927,193)
1613.5421 	EXP 	New trial (rep=17, index=14): <Trial 286 (14 in rep 17) data={'delay': 0.4, 'freq': 1000, 'condition': 'exp', 'thisN': 286, 'thisTrialN': 14, 'thisRepN': 17}>
1613.5577 	EXP 	text: autoDraw = False
1613.5577 	EXP 	textbox: autoDraw = False
1613.5577 	EXP 	polygon: autoDraw = True
1613.7586 	DATA 	Mouse:  Left button up, pos=(927,193)
1614.5420 	INFO 	Keyboard events cleared
1614.5418 	EXP 	polygon_2: autoDraw = True
1614.5575 	EXP 	polygon: autoDraw = False
1615.0583 	EXP 	Device response: <KeyPress from None: t=1615.0539079999999, value=space, duration=None>
1615.0601 	DATA 	Keypress: space
1615.0746 	EXP 	polygon: autoDraw = False
1615.0746 	EXP 	polygon_2: autoDraw = False
1615.1915 	EXP 	Device response: <KeyPress from None: t=1605.1484639999999, value=space, duration=10.04205450000029>
1615.4415 	EXP 	Sound sound_1 reached end of file
1615.4579 	EXP 	Playing sound sound_1 on speaker Speakers (Realtek(R) Audio)
1615.7612 	EXP 	Sound sound_1 stopped
1615.7813 	EXP 	text: autoDraw = True
1615.7813 	EXP 	textbox: autoDraw = True
1616.5289 	DATA 	Keypress: 9
1616.5392 	EXP 	Device response: <KeyPress from None: t=1616.5269822999999, value=9, duration=None>
1616.6581 	EXP 	Device response: <KeyPress from None: t=1616.5269822999999, value=9, duration=0.12278620000017781>
1616.7288 	DATA 	Keypress: 9
1616.7415 	EXP 	Device response: <KeyPress from None: t=1616.7284009, value=9, duration=None>
1616.8253 	EXP 	Device response: <KeyPress from None: t=1616.7284009, value=9, duration=0.08284419999984038>
1616.8927 	DATA 	Keypress: 9
1616.8940 	EXP 	Device response: <KeyPress from None: t=1616.8912344999999, value=9, duration=None>
1616.9754 	EXP 	Device response: <KeyPress from None: t=1616.8912344999999, value=9, duration=0.0695973000002823>
1618.2257 	DATA 	Mouse: Left button down, pos=(932,201)
1618.2265 	EXP 	New trial (rep=17, index=15): <Trial 287 (15 in rep 17) data={'delay': 0.4, 'freq': 1000, 'condition': 'exp', 'thisN': 287, 'thisTrialN': 15, 'thisRepN': 17}>
1618.2412 	EXP 	text: autoDraw = False
1618.2412 	EXP 	textbox: autoDraw = False
1618.2412 	EXP 	polygon: autoDraw = True
1618.4425 	DATA 	Mouse:  Left button up, pos=(932,201)
1619.2260 	INFO 	Keyboard events cleared
1619.2259 	EXP 	polygon_2: autoDraw = True
1619.2429 	EXP 	polygon: autoDraw = False
1619.7415 	EXP 	Device response: <KeyPress from None: t=1619.7409819, value=space, duration=None>
1619.7431 	DATA 	Keypress: space
1619.7580 	EXP 	polygon: autoDraw = False
1619.7580 	EXP 	polygon_2: autoDraw = False
1619.8759 	EXP 	Device response: <KeyPress from None: t=1610.4156610999999, value=space, duration=9.447083399999997>
1620.1264 	EXP 	Sound sound_1 reached end of file
1620.1427 	EXP 	Playing sound sound_1 on speaker Speakers (Realtek(R) Audio)
1620.4428 	EXP 	Sound sound_1 stopped
1620.4626 	EXP 	text: autoDraw = True
1620.4626 	EXP 	textbox: autoDraw = True
1621.4592 	DATA 	Keypress: 9
1621.4700 	EXP 	Device response: <KeyPress from None: t=1621.4516542000001, value=9, duration=None>
1621.5748 	EXP 	Device response: <KeyPress from None: t=1621.4516542000001, value=9, duration=0.10781569999983276>
1621.6829 	DATA 	Keypress: 9
1621.6913 	EXP 	Device response: <KeyPress from None: t=1621.6800190999998, value=9, duration=None>
1621.7762 	EXP 	Device response: <KeyPress from None: t=1621.6800190999998, value=9, duration=0.08877980000045227>
1622.0476 	DATA 	Keypress: 9
1622.0582 	EXP 	Device response: <KeyPress from None: t=1622.04419, value=9, duration=None>
1622.1260 	EXP 	Device response: <KeyPress from None: t=1622.04419, value=9, duration=0.08006399999987934>
1623.1753 	DATA 	Mouse: Left button down, pos=(932,201)
1623.1761 	EXP 	New trial (rep=18, index=0): <Trial 288 (0 in rep 18) data={'delay': 0.7, 'freq': 1000, 'condition': 'exp', 'thisN': 288, 'thisTrialN': 0, 'thisRepN': 18}>
1623.1914 	EXP 	text: autoDraw = False
1623.1914 	EXP 	textbox: autoDraw = False
1623.1914 	EXP 	polygon: autoDraw = True
1623.4082 	DATA 	Mouse:  Left button up, pos=(932,201)
1624.1915 	INFO 	Keyboard events cleared
1624.1914 	EXP 	polygon: autoDraw = False
1624.1914 	EXP 	polygon_2: autoDraw = True
1625.1422 	EXP 	Device response: <KeyPress from None: t=1625.1326472, value=space, duration=None>
1625.1443 	DATA 	Keypress: space
1625.1593 	EXP 	polygon: autoDraw = False
1625.1593 	EXP 	polygon_2: autoDraw = False
1625.2913 	EXP 	Device response: <KeyPress from None: t=1615.0539079999999, value=space, duration=10.226383199999987>
1625.8268 	EXP 	Sound sound_1 reached end of file
1625.8430 	EXP 	Playing sound sound_1 on speaker Speakers (Realtek(R) Audio)
1626.1483 	EXP 	Sound sound_1 stopped
1626.1707 	EXP 	text: autoDraw = True
1626.1707 	EXP 	textbox: autoDraw = True
1626.8489 	DATA 	Keypress: 9
1626.8610 	EXP 	Device response: <KeyPress from None: t=1626.8424977999998, value=9, duration=None>
1626.9423 	EXP 	Device response: <KeyPress from None: t=1626.8424977999998, value=9, duration=0.09788760000003549>
1627.0632 	DATA 	Keypress: 9
1627.0752 	EXP 	Device response: <KeyPress from None: t=1627.0615069, value=9, duration=None>
1627.1592 	EXP 	Device response: <KeyPress from None: t=1627.0615069, value=9, duration=0.09513840000010987>
1627.3581 	DATA 	Keypress: 9
1627.3594 	EXP 	Device response: <KeyPress from None: t=1627.3518562, value=9, duration=None>
1627.4434 	EXP 	Device response: <KeyPress from None: t=1627.3518562, value=9, duration=0.08647519999988162>
1628.2252 	DATA 	Mouse: Left button down, pos=(932,201)
1628.2262 	EXP 	New trial (rep=18, index=1): <Trial 289 (1 in rep 18) data={'delay': 0.4, 'freq': 400, 'condition': 'unexp', 'thisN': 289, 'thisTrialN': 1, 'thisRepN': 18}>
1628.2417 	EXP 	text: autoDraw = False
1628.2417 	EXP 	textbox: autoDraw = False
1628.2417 	EXP 	polygon: autoDraw = True
1628.4593 	DATA 	Mouse:  Left button up, pos=(932,201)
1628.5260 	DATA 	Mouse: Left button down, pos=(932,201)
1628.6920 	DATA 	Mouse:  Left button up, pos=(932,201)
1629.2265 	INFO 	Keyboard events cleared
1629.2263 	EXP 	polygon_2: autoDraw = True
1629.2431 	EXP 	polygon: autoDraw = False
1629.8267 	EXP 	Device response: <KeyPress from None: t=1629.8174758, value=space, duration=None>
1629.8289 	DATA 	Keypress: space
1629.8433 	EXP 	polygon: autoDraw = False
1629.8433 	EXP 	polygon_2: autoDraw = False
1629.9271 	EXP 	Device response: <KeyPress from None: t=1619.7409819, value=space, duration=10.185516600000142>
1630.2104 	EXP 	Sound sound_1 reached end of file
1630.2266 	EXP 	Playing sound sound_1 on speaker Speakers (Realtek(R) Audio)
1630.5261 	EXP 	Sound sound_1 stopped
1630.5445 	EXP 	text: autoDraw = True
1630.5445 	EXP 	textbox: autoDraw = True
1631.4050 	DATA 	Keypress: 3
1631.4165 	EXP 	Device response: <KeyPress from None: t=1631.4001475, value=3, duration=None>
1631.5928 	EXP 	Device response: <KeyPress from None: t=1631.4001475, value=3, duration=0.19194100000015624>
1631.7793 	DATA 	Keypress: 5
1631.7917 	EXP 	Device response: <KeyPress from None: t=1631.7781178, value=5, duration=None>
1631.8469 	DATA 	Keypress: 0
1631.8584 	EXP 	Device response: <KeyPress from None: t=1631.8429538, value=0, duration=None>
1631.9419 	EXP 	Device response: <KeyPress from None: t=1631.7781178, value=5, duration=0.1548082000000477>
1632.0081 	EXP 	Device response: <KeyPress from None: t=1631.8429538, value=0, duration=0.14975909999986925>
1632.9255 	DATA 	Mouse: Left button down, pos=(932,201)
1632.9264 	EXP 	New trial (rep=18, index=2): <Trial 290 (2 in rep 18) data={'delay': 0.4, 'freq': 1000, 'condition': 'exp', 'thisN': 290, 'thisTrialN': 2, 'thisRepN': 18}>
1632.9414 	EXP 	text: autoDraw = False
1632.9414 	EXP 	textbox: autoDraw = False
1632.9414 	EXP 	polygon: autoDraw = True
1633.1256 	DATA 	Mouse:  Left button up, pos=(932,201)
1633.1925 	DATA 	Mouse: Left button down, pos=(932,201)
1633.3427 	DATA 	Mouse:  Left button up, pos=(932,201)
1633.9407 	INFO 	Keyboard events cleared
1633.9406 	EXP 	polygon: autoDraw = False
1633.9406 	EXP 	polygon_2: autoDraw = True
1634.2081 	EXP 	Device response: <KeyPress from None: t=1634.1931283, value=space, duration=None>
1634.2098 	DATA 	Keypress: space
1634.2241 	EXP 	polygon: autoDraw = False
1634.2241 	EXP 	polygon_2: autoDraw = False
1634.3087 	EXP 	Device response: <KeyPress from None: t=1625.1326472, value=space, duration=9.170819000000051>
1634.5918 	EXP 	Sound sound_1 reached end of file
1634.6081 	EXP 	Playing sound sound_1 on speaker Speakers (Realtek(R) Audio)
1634.9044 	EXP 	Sound sound_1 stopped
1634.9217 	EXP 	text: autoDraw = True
1634.9217 	EXP 	textbox: autoDraw = True
1637.1841 	DATA 	Keypress: 9
1637.1961 	EXP 	Device response: <KeyPress from None: t=1637.1795787, value=9, duration=None>
1637.3080 	EXP 	Device response: <KeyPress from None: t=1637.1795787, value=9, duration=0.1207344000000603>
1637.3963 	DATA 	Keypress: 9
1637.4082 	EXP 	Device response: <KeyPress from None: t=1637.3947269, value=9, duration=None>
1637.5247 	EXP 	Device response: <KeyPress from None: t=1637.3947269, value=9, duration=0.11789389999978539>
1638.0584 	DATA 	Keypress: 9
1638.0602 	EXP 	Device response: <KeyPress from None: t=1638.050882, value=9, duration=None>
1638.1757 	EXP 	Device response: <KeyPress from None: t=1638.050882, value=9, duration=0.11581619999981285>
1638.9752 	DATA 	Mouse: Right button down, pos=(935,199)
1638.9761 	EXP 	New trial (rep=18, index=3): <Trial 291 (3 in rep 18) data={'delay': 0.1, 'freq': 1000, 'condition': 'exp', 'thisN': 291, 'thisTrialN': 3, 'thisRepN': 18}>
1638.9907 	EXP 	text: autoDraw = False
1638.9907 	EXP 	textbox: autoDraw = False
1638.9907 	EXP 	polygon: autoDraw = True
1639.0592 	DATA 	Mouse:  Right button up, pos=(935,199)
1639.1924 	DATA 	Mouse: Right button down, pos=(935,199)
1639.2590 	DATA 	Mouse:  Right button up, pos=(935,199)
1639.9770 	INFO 	Keyboard events cleared
1639.9769 	EXP 	polygon_2: autoDraw = True
1639.9935 	EXP 	polygon: autoDraw = False
1640.4746 	EXP 	Device response: <KeyPress from None: t=1640.4645108, value=space, duration=None>
1640.4761 	DATA 	Keypress: space
1640.4910 	EXP 	polygon: autoDraw = False
1640.4910 	EXP 	polygon_2: autoDraw = False
1640.5585 	EXP 	Sound sound_1 reached end of file
1640.5748 	EXP 	Playing sound sound_1 on speaker Speakers (Realtek(R) Audio)
1640.5747 	EXP 	Device response: <KeyPress from None: t=1629.8174758, value=space, duration=10.745671799999968>
1640.8718 	EXP 	Sound sound_1 stopped
1640.8893 	EXP 	text: autoDraw = True
1640.8893 	EXP 	textbox: autoDraw = True
1644.6613 	DATA 	Keypress: 9
1644.6718 	EXP 	Device response: <KeyPress from None: t=1644.6592716, value=9, duration=None>
1644.7915 	EXP 	Device response: <KeyPress from None: t=1644.6592716, value=9, duration=0.11877689999994345>
1645.1258 	DATA 	Keypress: backspace
1645.1268 	EXP 	Device response: <KeyPress from None: t=1645.1190984999998, value=backspace, duration=None>
1645.2916 	EXP 	Device response: <KeyPress from None: t=1645.1190984999998, value=backspace, duration=0.16457679999996344>
1645.7984 	DATA 	Keypress: 7
1645.8090 	EXP 	Device response: <KeyPress from None: t=1645.7929501999997, value=7, duration=None>
1645.9265 	EXP 	Device response: <KeyPress from None: t=1645.7929501999997, value=7, duration=0.13005900000018755>
1646.2290 	DATA 	Keypress: minus
1646.2417 	EXP 	Device response: <KeyPress from None: t=1646.2266211, value=minus, duration=None>
1646.3754 	EXP 	Device response: <KeyPress from None: t=1646.2266211, value=minus, duration=0.13772750000009637>
1646.8253 	DATA 	Keypress: backspace
1646.8268 	EXP 	Device response: <KeyPress from None: t=1646.8150151999998, value=backspace, duration=None>
1647.0096 	EXP 	Device response: <KeyPress from None: t=1646.8150151999998, value=backspace, duration=0.18654620000017985>
1647.1749 	DATA 	Keypress: 0
1647.1765 	EXP 	Device response: <KeyPress from None: t=1647.1716843, value=0, duration=None>
1647.3085 	EXP 	Device response: <KeyPress from None: t=1647.1716843, value=0, duration=0.12806330000023536>
1647.4092 	DATA 	Keypress: 0
1647.4107 	EXP 	Device response: <KeyPress from None: t=1647.4061323, value=0, duration=None>
1647.4928 	EXP 	Device response: <KeyPress from None: t=1647.4061323, value=0, duration=0.08338070000002062>
1648.3997 	DATA 	Mouse: Left button down, pos=(935,199)
1648.4093 	EXP 	New trial (rep=18, index=4): <Trial 292 (4 in rep 18) data={'delay': 0.1, 'freq': 1000, 'condition': 'exp', 'thisN': 292, 'thisTrialN': 4, 'thisRepN': 18}>
1648.4248 	EXP 	text: autoDraw = False
1648.4248 	EXP 	textbox: autoDraw = False
1648.4248 	EXP 	polygon: autoDraw = True
1648.6092 	DATA 	Mouse:  Left button up, pos=(935,199)
1648.6922 	DATA 	Mouse: Left button down, pos=(935,199)
1649.0926 	DATA 	Keypress: space
1649.1082 	EXP 	Device response: <KeyPress from None: t=1649.0915623, value=space, duration=None>
1649.4247 	INFO 	Keyboard events cleared
1649.4246 	EXP 	polygon: autoDraw = False
1649.4246 	EXP 	polygon_2: autoDraw = True
1649.7581 	EXP 	Device response: <KeyPress from None: t=1634.1931283, value=space, duration=15.550568600000247>
1649.9917 	EXP 	Device response: <KeyPress from None: t=1649.9829424, value=space, duration=None>
1649.9933 	DATA 	Keypress: space
1650.0080 	EXP 	polygon: autoDraw = False
1650.0080 	EXP 	polygon_2: autoDraw = False
1650.0750 	EXP 	Sound sound_1 reached end of file
1650.0912 	EXP 	Playing sound sound_1 on speaker Speakers (Realtek(R) Audio)
1650.3866 	EXP 	Sound sound_1 stopped
1650.4067 	EXP 	text: autoDraw = True
1650.4067 	EXP 	textbox: autoDraw = True
1650.5617 	EXP 	Device response: <KeyPress from None: t=1640.4645108, value=space, duration=10.08881410000015>
1650.6998 	DATA 	Mouse:  Left button up, pos=(941,198)
1651.2304 	DATA 	Keypress: 9
1651.2415 	EXP 	Device response: <KeyPress from None: t=1651.2272275, value=9, duration=None>
1651.3587 	EXP 	Device response: <KeyPress from None: t=1651.2272275, value=9, duration=0.11689339999986714>
1651.4587 	DATA 	Keypress: 9
1651.4603 	EXP 	Device response: <KeyPress from None: t=1651.4514697999998, value=9, duration=None>
1651.5596 	EXP 	Device response: <KeyPress from None: t=1651.4514697999998, value=9, duration=0.09976560000006884>
1651.6460 	DATA 	Keypress: 9
1651.6585 	EXP 	Device response: <KeyPress from None: t=1651.6421035999997, value=9, duration=None>
1651.7758 	EXP 	Device response: <KeyPress from None: t=1651.6421035999997, value=9, duration=0.13203030000033777>
1652.6626 	DATA 	Mouse: Left button down, pos=(941,198)
1652.6757 	EXP 	New trial (rep=18, index=5): <Trial 293 (5 in rep 18) data={'delay': 0.1, 'freq': 400, 'condition': 'unexp', 'thisN': 293, 'thisTrialN': 5, 'thisRepN': 18}>
1652.6912 	EXP 	text: autoDraw = False
1652.6912 	EXP 	textbox: autoDraw = False
1652.6912 	EXP 	polygon: autoDraw = True
1652.8592 	DATA 	Mouse:  Left button up, pos=(941,198)
1652.9266 	DATA 	Mouse: Left button down, pos=(941,198)
1653.0935 	DATA 	Mouse:  Left button up, pos=(941,198)
1653.6751 	INFO 	Keyboard events cleared
1653.6750 	EXP 	polygon_2: autoDraw = True
1653.6908 	EXP 	polygon: autoDraw = False
1654.1937 	EXP 	Device response: <KeyPress from None: t=1654.18901, value=space, duration=None>
1654.1954 	DATA 	Keypress: space
1654.2098 	EXP 	polygon: autoDraw = False
1654.2098 	EXP 	polygon_2: autoDraw = False
1654.2768 	EXP 	Sound sound_1 reached end of file
1654.2930 	EXP 	Playing sound sound_1 on speaker Speakers (Realtek(R) Audio)
1654.3940 	EXP 	Device response: <KeyPress from None: t=1649.0915623, value=space, duration=5.301129999999944>
1654.5876 	EXP 	Sound sound_1 stopped
1654.6082 	EXP 	text: autoDraw = True
1654.6082 	EXP 	textbox: autoDraw = True
1656.2980 	DATA 	Keypress: 5
1656.2994 	EXP 	Device response: <KeyPress from None: t=1656.2973818, value=5, duration=None>
1656.4427 	EXP 	Device response: <KeyPress from None: t=1656.2973818, value=5, duration=0.137506000000144>
1656.5163 	DATA 	Keypress: 5
1656.5251 	EXP 	Device response: <KeyPress from None: t=1656.51555, value=5, duration=None>
1656.6323 	DATA 	Keypress: 0
1656.6418 	EXP 	Device response: <KeyPress from None: t=1656.6302201999997, value=0, duration=None>
1656.6597 	EXP 	Device response: <KeyPress from None: t=1656.51555, value=5, duration=0.1423642000000882>
1656.7754 	EXP 	Device response: <KeyPress from None: t=1656.6302201999997, value=0, duration=0.12880700000016532>
1657.6758 	DATA 	Mouse: Left button down, pos=(941,198)
1657.6769 	EXP 	New trial (rep=18, index=6): <Trial 294 (6 in rep 18) data={'delay': 0.7, 'freq': 1000, 'condition': 'exp', 'thisN': 294, 'thisTrialN': 6, 'thisRepN': 18}>
1657.6913 	EXP 	text: autoDraw = False
1657.6913 	EXP 	textbox: autoDraw = False
1657.6913 	EXP 	polygon: autoDraw = True
1657.8754 	DATA 	Mouse:  Left button up, pos=(941,198)
1657.9266 	DATA 	Mouse: Left button down, pos=(941,198)
1658.1261 	DATA 	Mouse:  Left button up, pos=(941,198)
1658.1755 	DATA 	Mouse: Left button down, pos=(941,198)
1658.3430 	DATA 	Mouse:  Left button up, pos=(941,198)
1658.4253 	EXP 	Device response: <KeyPress from None: t=1658.4194161, value=space, duration=None>
1658.4261 	DATA 	Keypress: space
1658.6753 	EXP 	Device response: <KeyPress from None: t=1649.9829424, value=space, duration=8.686327500000175>
1658.6916 	INFO 	Keyboard events cleared
1658.6914 	EXP 	polygon: autoDraw = False
1658.6914 	EXP 	polygon_2: autoDraw = True
1659.2260 	EXP 	Device response: <KeyPress from None: t=1659.2159306999997, value=space, duration=None>
1659.2282 	DATA 	Keypress: space
1659.2411 	EXP 	polygon: autoDraw = False
1659.2411 	EXP 	polygon_2: autoDraw = False
1659.3415 	EXP 	Device response: <KeyPress from None: t=1654.18901, value=space, duration=5.138511599999788>
1659.9246 	EXP 	Sound sound_1 reached end of file
1659.9410 	EXP 	Playing sound sound_1 on speaker Speakers (Realtek(R) Audio)
1660.2431 	EXP 	Sound sound_1 stopped
1660.2603 	EXP 	text: autoDraw = True
1660.2603 	EXP 	textbox: autoDraw = True
1660.6983 	DATA 	Keypress: 9
1660.7095 	EXP 	Device response: <KeyPress from None: t=1660.6963175, value=9, duration=None>
1660.8589 	EXP 	Device response: <KeyPress from None: t=1660.6963175, value=9, duration=0.15087019999975837>
1660.9289 	DATA 	Keypress: 9
1660.9416 	EXP 	Device response: <KeyPress from None: t=1660.9256483, value=9, duration=None>
1661.0252 	EXP 	Device response: <KeyPress from None: t=1660.9256483, value=9, duration=0.08604019999995671>
1661.0972 	DATA 	Keypress: 9
1661.1081 	EXP 	Device response: <KeyPress from None: t=1661.0923908, value=9, duration=None>
1661.2087 	EXP 	Device response: <KeyPress from None: t=1661.0923908, value=9, duration=0.10685079999996105>
1662.0920 	DATA 	Mouse: Left button down, pos=(941,198)
1662.0931 	EXP 	New trial (rep=18, index=7): <Trial 295 (7 in rep 18) data={'delay': 0.1, 'freq': 1000, 'condition': 'exp', 'thisN': 295, 'thisTrialN': 7, 'thisRepN': 18}>
1662.1079 	EXP 	text: autoDraw = False
1662.1079 	EXP 	textbox: autoDraw = False
1662.1079 	EXP 	polygon: autoDraw = True
1662.2922 	DATA 	Mouse:  Left button up, pos=(941,198)
1662.3426 	DATA 	Mouse: Left button down, pos=(941,198)
1662.4928 	DATA 	Mouse:  Left button up, pos=(941,198)
1662.5588 	DATA 	Mouse: Left button down, pos=(941,198)
1662.7092 	DATA 	Mouse:  Left button up, pos=(941,198)
1662.7416 	EXP 	Device response: <KeyPress from None: t=1662.7329661999997, value=space, duration=None>
1662.7424 	DATA 	Keypress: space
1662.8923 	EXP 	Device response: <KeyPress from None: t=1658.4194161, value=space, duration=4.45627879999995>
1663.1083 	INFO 	Keyboard events cleared
1663.1081 	EXP 	polygon: autoDraw = False
1663.1081 	EXP 	polygon_2: autoDraw = True
1663.3586 	EXP 	Device response: <KeyPress from None: t=1663.3580979999997, value=space, duration=None>
1663.3601 	DATA 	Keypress: space
1663.3744 	EXP 	polygon: autoDraw = False
1663.3744 	EXP 	polygon_2: autoDraw = False
1663.4425 	EXP 	Sound sound_1 reached end of file
1663.4587 	EXP 	Playing sound sound_1 on speaker Speakers (Realtek(R) Audio)
1663.5102 	EXP 	Device response: <KeyPress from None: t=1659.2159306999997, value=space, duration=4.2783452000004445>
1663.7618 	EXP 	Sound sound_1 stopped
1663.7822 	EXP 	text: autoDraw = True
1663.7822 	EXP 	textbox: autoDraw = True
1664.4564 	DATA 	Keypress: 9
1664.4665 	EXP 	Device response: <KeyPress from None: t=1664.4506117, value=9, duration=None>
1664.5922 	EXP 	Device response: <KeyPress from None: t=1664.4506117, value=9, duration=0.12572209999973438>
1664.6626 	DATA 	Keypress: 9
1664.6751 	EXP 	Device response: <KeyPress from None: t=1664.6609244, value=9, duration=None>
1664.7586 	EXP 	Device response: <KeyPress from None: t=1664.6609244, value=9, duration=0.0859578000000738>
1664.8418 	DATA 	Keypress: 9
1664.8430 	EXP 	Device response: <KeyPress from None: t=1664.8407742, value=9, duration=None>
1664.9432 	EXP 	Device response: <KeyPress from None: t=1664.8407742, value=9, duration=0.09513140000001385>
1665.9807 	DATA 	Mouse: Left button down, pos=(941,198)
1665.9922 	EXP 	New trial (rep=18, index=8): <Trial 296 (8 in rep 18) data={'delay': 0.4, 'freq': 1000, 'condition': 'exp', 'thisN': 296, 'thisTrialN': 8, 'thisRepN': 18}>
1666.0084 	EXP 	text: autoDraw = False
1666.0084 	EXP 	textbox: autoDraw = False
1666.0084 	EXP 	polygon: autoDraw = True
1666.2090 	DATA 	Mouse:  Left button up, pos=(941,198)
1666.6081 	EXP 	Device response: <KeyPress from None: t=1666.6022343, value=space, duration=None>
1666.6089 	DATA 	Keypress: space
1666.7419 	EXP 	Device response: <KeyPress from None: t=1662.7329661999997, value=space, duration=3.9977747000003774>
1666.9920 	INFO 	Keyboard events cleared
1666.9918 	EXP 	polygon_2: autoDraw = True
1667.0082 	EXP 	polygon: autoDraw = False
1667.4420 	EXP 	Device response: <KeyPress from None: t=1667.4392543999998, value=space, duration=None>
1667.4435 	DATA 	Keypress: space
1667.4584 	EXP 	polygon: autoDraw = False
1667.4584 	EXP 	polygon_2: autoDraw = False
1667.5751 	EXP 	Device response: <KeyPress from None: t=1663.3580979999997, value=space, duration=4.201037800000108>
1667.8253 	EXP 	Sound sound_1 reached end of file
1667.8415 	EXP 	Playing sound sound_1 on speaker Speakers (Realtek(R) Audio)
1668.1398 	EXP 	Sound sound_1 stopped
1668.1572 	EXP 	text: autoDraw = True
1668.1572 	EXP 	textbox: autoDraw = True
1668.7526 	DATA 	Keypress: 9
1668.7636 	EXP 	Device response: <KeyPress from None: t=1668.7474963, value=9, duration=None>
1668.9090 	EXP 	Device response: <KeyPress from None: t=1668.7474963, value=9, duration=0.15172640000002957>
1668.9583 	DATA 	Keypress: 9
1668.9598 	EXP 	Device response: <KeyPress from None: t=1668.9562597999998, value=9, duration=None>
1669.0754 	EXP 	Device response: <KeyPress from None: t=1668.9562597999998, value=9, duration=0.10945650000041951>
1669.1679 	DATA 	Keypress: 9
1669.1763 	EXP 	Device response: <KeyPress from None: t=1669.167355, value=9, duration=None>
1669.2586 	EXP 	Device response: <KeyPress from None: t=1669.167355, value=9, duration=0.08889190000002145>
1669.4416 	DATA 	Keypress: space
1669.4437 	EXP 	Device response: <KeyPress from None: t=1669.4360026, value=space, duration=None>
1669.5260 	EXP 	Device response: <KeyPress from None: t=1666.6022343, value=space, duration=2.9226868000001787>
1670.3921 	DATA 	Mouse: Right button down, pos=(949,257)
1670.3930 	EXP 	New trial (rep=18, index=9): <Trial 297 (9 in rep 18) data={'delay': 0.4, 'freq': 1000, 'condition': 'exp', 'thisN': 297, 'thisTrialN': 9, 'thisRepN': 18}>
1670.4080 	EXP 	text: autoDraw = False
1670.4080 	EXP 	textbox: autoDraw = False
1670.4080 	EXP 	polygon: autoDraw = True
1670.4591 	DATA 	Mouse:  Right button up, pos=(949,257)
1670.5921 	DATA 	Mouse: Right button down, pos=(949,257)
1670.6587 	DATA 	Mouse:  Right button up, pos=(949,257)
1671.4081 	INFO 	Keyboard events cleared
1671.4080 	EXP 	polygon: autoDraw = False
1671.4080 	EXP 	polygon_2: autoDraw = True
1671.9083 	EXP 	Device response: <KeyPress from None: t=1671.9022203, value=space, duration=None>
1671.9101 	DATA 	Keypress: space
1671.9243 	EXP 	polygon: autoDraw = False
1671.9243 	EXP 	polygon_2: autoDraw = False
1672.0415 	EXP 	Device response: <KeyPress from None: t=1667.4392543999998, value=space, duration=4.599894900000095>
1672.2916 	EXP 	Sound sound_1 reached end of file
1672.3079 	EXP 	Playing sound sound_1 on speaker Speakers (Realtek(R) Audio)
1672.6036 	EXP 	Sound sound_1 stopped
1672.6217 	EXP 	text: autoDraw = True
1672.6217 	EXP 	textbox: autoDraw = True
1673.4080 	DATA 	Keypress: 0
1673.4156 	EXP 	Device response: <KeyPress from None: t=1673.4066622999999, value=0, duration=None>
1673.5435 	EXP 	Device response: <KeyPress from None: t=1673.4066622999999, value=0, duration=0.13304160000018328>
1673.6631 	DATA 	Keypress: 0
1673.6752 	EXP 	Device response: <KeyPress from None: t=1673.6610385999998, value=0, duration=None>
1673.8087 	EXP 	Device response: <KeyPress from None: t=1673.6610385999998, value=0, duration=0.1308078000002979>
1674.0300 	DATA 	Keypress: backspace
1674.0419 	EXP 	Device response: <KeyPress from None: t=1674.0288514999997, value=backspace, duration=None>
1674.1595 	EXP 	Device response: <KeyPress from None: t=1674.0288514999997, value=backspace, duration=0.1239111000001003>
1674.2588 	DATA 	Keypress: backspace
1674.2598 	EXP 	Device response: <KeyPress from None: t=1674.2511335999998, value=backspace, duration=None>
1674.4156 	EXP 	Device response: <KeyPress from None: t=1674.2511335999998, value=backspace, duration=0.16304760000014085>
1674.5072 	DATA 	Keypress: 9
1674.5179 	EXP 	Device response: <KeyPress from None: t=1674.504481, value=9, duration=None>
1674.5925 	EXP 	Device response: <KeyPress from None: t=1674.504481, value=9, duration=0.07807539999987512>
1674.6967 	DATA 	Keypress: 9
1674.7086 	EXP 	Device response: <KeyPress from None: t=1674.6941028, value=9, duration=None>
1674.8255 	EXP 	Device response: <KeyPress from None: t=1674.6941028, value=9, duration=0.11457649999977093>
1674.9297 	DATA 	Keypress: 9
1674.9423 	EXP 	Device response: <KeyPress from None: t=1674.9262728999997, value=9, duration=None>
1674.9934 	EXP 	Device response: <KeyPress from None: t=1674.9262728999997, value=9, duration=0.058940500000176144>
1675.7929 	DATA 	Mouse: Left button down, pos=(949,232)
1675.7943 	EXP 	New trial (rep=18, index=10): <Trial 298 (10 in rep 18) data={'delay': 0.7, 'freq': 400, 'condition': 'unexp', 'thisN': 298, 'thisTrialN': 10, 'thisRepN': 18}>
1675.8082 	EXP 	text: autoDraw = False
1675.8082 	EXP 	textbox: autoDraw = False
1675.8082 	EXP 	polygon: autoDraw = True
1676.0259 	DATA 	Mouse:  Left button up, pos=(949,232)
1676.8100 	INFO 	Keyboard events cleared
1676.8098 	EXP 	polygon: autoDraw = False
1676.8098 	EXP 	polygon_2: autoDraw = True
1677.0776 	EXP 	Device response: <KeyPress from None: t=1677.0757464999997, value=space, duration=None>
1677.0794 	DATA 	Keypress: space
1677.0934 	EXP 	polygon: autoDraw = False
1677.0934 	EXP 	polygon_2: autoDraw = False
1677.1941 	EXP 	Device response: <KeyPress from None: t=1669.4360026, value=space, duration=7.752042499999902>
1677.7748 	EXP 	Sound sound_1 reached end of file
1677.7912 	EXP 	Playing sound sound_1 on speaker Speakers (Realtek(R) Audio)
1678.0924 	EXP 	Sound sound_1 stopped
1678.1118 	EXP 	text: autoDraw = True
1678.1118 	EXP 	textbox: autoDraw = True
1679.5101 	DATA 	Keypress: 5
1679.5205 	EXP 	Device response: <KeyPress from None: t=1679.5022392, value=5, duration=None>
1679.6255 	EXP 	Device response: <KeyPress from None: t=1679.5022392, value=5, duration=0.11018810000007306>
1679.7091 	DATA 	Keypress: 5
1679.7104 	EXP 	Device response: <KeyPress from None: t=1679.7060001, value=5, duration=None>
1679.8091 	EXP 	Device response: <KeyPress from None: t=1679.7060001, value=5, duration=0.10054200000024593>
1680.5927 	DATA 	Keypress: minus
1680.5942 	EXP 	Device response: <KeyPress from None: t=1680.5841191999998, value=minus, duration=None>
1680.6598 	EXP 	Device response: <KeyPress from None: t=1680.5841191999998, value=minus, duration=0.0733476000001474>
1681.2086 	DATA 	Keypress: backspace
1681.2101 	EXP 	Device response: <KeyPress from None: t=1681.2057658999997, value=backspace, duration=None>
1681.4254 	EXP 	Device response: <KeyPress from None: t=1681.2057658999997, value=backspace, duration=0.20950330000016493>
1681.5927 	DATA 	Keypress: 0
1681.5944 	EXP 	Device response: <KeyPress from None: t=1681.5907592999997, value=0, duration=None>
1681.7598 	EXP 	Device response: <KeyPress from None: t=1681.5907592999997, value=0, duration=0.16740770000035354>
1682.7124 	DATA 	Mouse: Left button down, pos=(949,232)
1682.7266 	EXP 	New trial (rep=18, index=11): <Trial 299 (11 in rep 18) data={'delay': 0.7, 'freq': 1000, 'condition': 'exp', 'thisN': 299, 'thisTrialN': 11, 'thisRepN': 18}>
1682.7415 	EXP 	text: autoDraw = False
1682.7415 	EXP 	textbox: autoDraw = False
1682.7415 	EXP 	polygon: autoDraw = True
1682.9265 	DATA 	Mouse:  Left button up, pos=(949,232)
1683.7441 	INFO 	Keyboard events cleared
1683.7439 	EXP 	polygon: autoDraw = False
1683.7439 	EXP 	polygon_2: autoDraw = True
1684.0274 	EXP 	Device response: <KeyPress from None: t=1684.0194284999998, value=space, duration=None>
1684.0300 	DATA 	Keypress: space
1684.0415 	EXP 	polygon: autoDraw = False
1684.0415 	EXP 	polygon_2: autoDraw = False
1684.1597 	EXP 	Device response: <KeyPress from None: t=1671.9022203, value=space, duration=12.246270400000071>
1684.7104 	EXP 	Sound sound_1 reached end of file
1684.7267 	EXP 	Playing sound sound_1 on speaker Speakers (Realtek(R) Audio)
1685.0269 	EXP 	Sound sound_1 stopped
1685.0481 	EXP 	text: autoDraw = True
1685.0481 	EXP 	textbox: autoDraw = True
1685.7956 	DATA 	Keypress: 9
1685.7970 	EXP 	Device response: <KeyPress from None: t=1685.7893417, value=9, duration=None>
1685.9251 	EXP 	Device response: <KeyPress from None: t=1685.7893417, value=9, duration=0.12359130000015739>
1686.0297 	DATA 	Keypress: 9
1686.0419 	EXP 	Device response: <KeyPress from None: t=1686.0283906, value=9, duration=None>
1686.1259 	EXP 	Device response: <KeyPress from None: t=1686.0283906, value=9, duration=0.09519680000005337>
1686.2257 	DATA 	Keypress: 9
1686.2275 	EXP 	Device response: <KeyPress from None: t=1686.2250678, value=9, duration=None>
1686.3438 	EXP 	Device response: <KeyPress from None: t=1686.2250678, value=9, duration=0.10858280000013565>
1687.1090 	DATA 	Mouse: Left button down, pos=(949,232)
1687.1101 	EXP 	New trial (rep=18, index=12): <Trial 300 (12 in rep 18) data={'delay': 0.1, 'freq': 400, 'condition': 'unexp', 'thisN': 300, 'thisTrialN': 12, 'thisRepN': 18}>
1687.1244 	EXP 	text: autoDraw = False
1687.1244 	EXP 	textbox: autoDraw = False
1687.1244 	EXP 	polygon: autoDraw = True
1687.3266 	DATA 	Mouse:  Left button up, pos=(949,232)
1687.3921 	DATA 	Mouse: Left button down, pos=(949,232)
1687.5425 	DATA 	Mouse:  Left button up, pos=(949,232)
1688.1250 	INFO 	Keyboard events cleared
1688.1247 	EXP 	polygon: autoDraw = False
1688.1247 	EXP 	polygon_2: autoDraw = True
1688.4086 	EXP 	Device response: <KeyPress from None: t=1688.4022934, value=space, duration=None>
1688.4103 	DATA 	Keypress: space
1688.4246 	EXP 	polygon: autoDraw = False
1688.4246 	EXP 	polygon_2: autoDraw = False
1688.4915 	EXP 	Sound sound_1 reached end of file
1688.5079 	EXP 	Playing sound sound_1 on speaker Speakers (Realtek(R) Audio)
1688.5920 	EXP 	Device response: <KeyPress from None: t=1677.0757464999997, value=space, duration=11.504424900000345>
1688.8050 	EXP 	Sound sound_1 stopped
1688.8254 	EXP 	text: autoDraw = True
1688.8254 	EXP 	textbox: autoDraw = True
1690.7174 	DATA 	Keypress: 3
1690.7283 	EXP 	Device response: <KeyPress from None: t=1690.7137643, value=3, duration=None>
1690.8431 	EXP 	Device response: <KeyPress from None: t=1690.7137643, value=3, duration=0.1208867000001419>
1690.9996 	DATA 	Keypress: 5
1691.0084 	EXP 	Device response: <KeyPress from None: t=1690.9988634000001, value=5, duration=None>
1691.1594 	EXP 	Device response: <KeyPress from None: t=1690.9988634000001, value=5, duration=0.15084749999971336>
1691.4589 	DATA 	Keypress: 0
1691.4611 	EXP 	Device response: <KeyPress from None: t=1691.4508492, value=0, duration=None>
1691.6251 	EXP 	Device response: <KeyPress from None: t=1691.4508492, value=0, duration=0.16451699999981884>
1692.5429 	DATA 	Mouse: Left button down, pos=(949,232)
1692.5438 	EXP 	New trial (rep=18, index=13): <Trial 301 (13 in rep 18) data={'delay': 0.1, 'freq': 1000, 'condition': 'exp', 'thisN': 301, 'thisTrialN': 13, 'thisRepN': 18}>
1692.5580 	EXP 	text: autoDraw = False
1692.5580 	EXP 	textbox: autoDraw = False
1692.5580 	EXP 	polygon: autoDraw = True
1692.7754 	DATA 	Mouse:  Left button up, pos=(949,232)
1693.3918 	EXP 	Device response: <KeyPress from None: t=1693.3781525999998, value=space, duration=None>
1693.3928 	DATA 	Keypress: space
1693.5584 	INFO 	Keyboard events cleared
1693.5582 	EXP 	polygon: autoDraw = False
1693.5582 	EXP 	polygon_2: autoDraw = True
1694.3585 	EXP 	Device response: <KeyPress from None: t=1694.3563985, value=space, duration=None>
1694.3603 	DATA 	Keypress: space
1694.3746 	EXP 	polygon: autoDraw = False
1694.3746 	EXP 	polygon_2: autoDraw = False
1694.4583 	EXP 	Sound sound_1 reached end of file
1694.4747 	EXP 	Playing sound sound_1 on speaker Speakers (Realtek(R) Audio)
1694.5412 	EXP 	Device response: <KeyPress from None: t=1684.0194284999998, value=space, duration=10.506646800000112>
1694.7698 	EXP 	Sound sound_1 stopped
1694.7886 	EXP 	text: autoDraw = True
1694.7886 	EXP 	textbox: autoDraw = True
1695.5133 	DATA 	Keypress: 9
1695.5209 	EXP 	Device response: <KeyPress from None: t=1695.5128249999998, value=9, duration=None>
1695.7096 	EXP 	Device response: <KeyPress from None: t=1695.5128249999998, value=9, duration=0.18865740000012465>
1695.8170 	DATA 	Keypress: 9
1695.8250 	EXP 	Device response: <KeyPress from None: t=1695.8142106999999, value=9, duration=None>
1695.9263 	EXP 	Device response: <KeyPress from None: t=1695.8142106999999, value=9, duration=0.10577560000012909>
1696.0337 	DATA 	Keypress: 9
1696.0422 	EXP 	Device response: <KeyPress from None: t=1696.032611, value=9, duration=None>
1696.1422 	EXP 	Device response: <KeyPress from None: t=1696.032611, value=9, duration=0.09683289999986755>
1698.1337 	DATA 	Mouse: Left button down, pos=(967,230)
1698.1430 	EXP 	New trial (rep=18, index=14): <Trial 302 (14 in rep 18) data={'delay': 0.7, 'freq': 1000, 'condition': 'exp', 'thisN': 302, 'thisTrialN': 14, 'thisRepN': 18}>
1698.1584 	EXP 	text: autoDraw = False
1698.1584 	EXP 	textbox: autoDraw = False
1698.1584 	EXP 	polygon: autoDraw = True
1698.3591 	DATA 	Mouse:  Left button up, pos=(967,230)
1699.1430 	EXP 	Device response: <KeyPress from None: t=1699.1327705999997, value=space, duration=None>
1699.1442 	DATA 	Keypress: space
1699.1584 	INFO 	Keyboard events cleared
1699.1583 	EXP 	polygon: autoDraw = False
1699.1583 	EXP 	polygon_2: autoDraw = True
1699.5083 	EXP 	Device response: <KeyPress from None: t=1688.4022934, value=space, duration=11.090355299999942>
1700.0420 	EXP 	Device response: <KeyPress from None: t=1700.0259674, value=space, duration=None>
1700.0436 	DATA 	Keypress: space
1700.0580 	EXP 	polygon: autoDraw = False
1700.0580 	EXP 	polygon_2: autoDraw = False
1700.1582 	EXP 	Device response: <KeyPress from None: t=1693.3781525999998, value=space, duration=6.770971700000359>
1700.7418 	EXP 	Sound sound_1 reached end of file
1700.7581 	EXP 	Playing sound sound_1 on speaker Speakers (Realtek(R) Audio)
1701.0553 	EXP 	Sound sound_1 stopped
1701.0734 	EXP 	text: autoDraw = True
1701.0734 	EXP 	textbox: autoDraw = True
1702.4432 	DATA 	Keypress: 0
1702.4511 	EXP 	Device response: <KeyPress from None: t=1702.4411412, value=0, duration=None>
1702.6100 	EXP 	Device response: <KeyPress from None: t=1702.4411412, value=0, duration=0.1648021000002018>
1702.7295 	DATA 	Keypress: 0
1702.7420 	EXP 	Device response: <KeyPress from None: t=1702.7275353999999, value=0, duration=None>
1702.8436 	EXP 	Device response: <KeyPress from None: t=1702.7275353999999, value=0, duration=0.11294460000010531>
1702.9424 	DATA 	Keypress: 0
1702.9440 	EXP 	Device response: <KeyPress from None: t=1702.9347134999998, value=0, duration=None>
1703.0419 	EXP 	Device response: <KeyPress from None: t=1702.9347134999998, value=0, duration=0.09130770000012944>
1703.2590 	DATA 	Keypress: backspace
1703.2607 	EXP 	Device response: <KeyPress from None: t=1703.2518639999998, value=backspace, duration=None>
1703.7758 	EXP 	Device response: <KeyPress from None: t=1703.2518639999998, value=backspace, duration=0.5203463000003694>
1703.9759 	DATA 	Keypress: 9
1703.9771 	EXP 	Device response: <KeyPress from None: t=1703.9751369, value=9, duration=None>
1704.1250 	EXP 	Device response: <KeyPress from None: t=1703.9751369, value=9, duration=0.13858499999980722>
1704.2138 	DATA 	Keypress: 9
1704.2252 	EXP 	Device response: <KeyPress from None: t=1704.2120931, value=9, duration=None>
1704.3255 	EXP 	Device response: <KeyPress from None: t=1704.2120931, value=9, duration=0.09989529999995739>
1704.4082 	DATA 	Keypress: 9
1704.4100 	EXP 	Device response: <KeyPress from None: t=1704.4040028999998, value=9, duration=None>
1704.5256 	EXP 	Device response: <KeyPress from None: t=1704.4040028999998, value=9, duration=0.1104288000002498>
1705.3922 	DATA 	Mouse: Left button down, pos=(949,242)
1705.3932 	EXP 	New trial (rep=18, index=15): <Trial 303 (15 in rep 18) data={'delay': 0.4, 'freq': 1000, 'condition': 'exp', 'thisN': 303, 'thisTrialN': 15, 'thisRepN': 18}>
1705.4081 	EXP 	text: autoDraw = False
1705.4081 	EXP 	textbox: autoDraw = False
1705.4081 	EXP 	polygon: autoDraw = True
1705.6099 	DATA 	Mouse:  Left button up, pos=(949,242)
1706.4086 	INFO 	Keyboard events cleared
1706.4082 	EXP 	polygon: autoDraw = False
1706.4082 	EXP 	polygon_2: autoDraw = True
1706.7105 	EXP 	Device response: <KeyPress from None: t=1706.7050427999998, value=space, duration=None>
1706.7123 	DATA 	Keypress: space
1706.7268 	EXP 	polygon: autoDraw = False
1706.7268 	EXP 	polygon_2: autoDraw = False
1706.8109 	EXP 	Device response: <KeyPress from None: t=1694.3563985, value=space, duration=12.441037599999731>
1707.0939 	EXP 	Sound sound_1 reached end of file
1707.1103 	EXP 	Playing sound sound_1 on speaker Speakers (Realtek(R) Audio)
1707.4115 	EXP 	Sound sound_1 stopped
1707.4325 	EXP 	text: autoDraw = True
1707.4325 	EXP 	textbox: autoDraw = True
1707.8765 	DATA 	Keypress: 9
1707.8782 	EXP 	Device response: <KeyPress from None: t=1707.8721643, value=9, duration=None>
1708.0097 	EXP 	Device response: <KeyPress from None: t=1707.8721643, value=9, duration=0.13583510000000842>
1708.1165 	DATA 	Keypress: 9
1708.1257 	EXP 	Device response: <KeyPress from None: t=1708.1142581999998, value=9, duration=None>
1708.2249 	EXP 	Device response: <KeyPress from None: t=1708.1142581999998, value=9, duration=0.09965100000010807>
1708.3506 	DATA 	Keypress: 9
1708.3593 	EXP 	Device response: <KeyPress from None: t=1708.3474056, value=9, duration=None>
1708.4140 	EXP 	Device response: <KeyPress from None: t=1708.3474056, value=9, duration=0.04967230000022482>
1709.2089 	DATA 	Mouse: Right button down, pos=(949,242)
1709.2098 	EXP 	New trial (rep=19, index=0): <Trial 304 (0 in rep 19) data={'delay': 0.7, 'freq': 1000, 'condition': 'exp', 'thisN': 304, 'thisTrialN': 0, 'thisRepN': 19}>
1709.2245 	EXP 	text: autoDraw = False
1709.2245 	EXP 	textbox: autoDraw = False
1709.2245 	EXP 	polygon: autoDraw = True
1709.2765 	DATA 	Mouse:  Right button up, pos=(949,242)
1710.2257 	INFO 	Keyboard events cleared
1710.2256 	EXP 	polygon: autoDraw = False
1710.2256 	EXP 	polygon_2: autoDraw = True
1710.6263 	DATA 	Keypress: space
1710.6419 	EXP 	Device response: <KeyPress from None: t=1710.6258951, value=space, duration=None>
1710.6575 	EXP 	polygon: autoDraw = False
1710.6575 	EXP 	polygon_2: autoDraw = False
1710.8081 	EXP 	Device response: <KeyPress from None: t=1699.1327705999997, value=space, duration=11.67280970000013>
1711.3250 	EXP 	Sound sound_1 reached end of file
1711.3413 	EXP 	Playing sound sound_1 on speaker Speakers (Realtek(R) Audio)
1711.6353 	EXP 	Sound sound_1 stopped
1711.6535 	EXP 	text: autoDraw = True
1711.6535 	EXP 	textbox: autoDraw = True
1712.1541 	DATA 	Keypress: 9
1712.1555 	EXP 	Device response: <KeyPress from None: t=1712.147916, value=9, duration=None>
1712.3093 	EXP 	Device response: <KeyPress from None: t=1712.147916, value=9, duration=0.15794740000012553>
1712.4262 	DATA 	Keypress: 9
1712.4274 	EXP 	Device response: <KeyPress from None: t=1712.4215660999998, value=9, duration=None>
1712.5430 	EXP 	Device response: <KeyPress from None: t=1712.4215660999998, value=9, duration=0.11964799999998377>
1712.6509 	DATA 	Keypress: 9
1712.6590 	EXP 	Device response: <KeyPress from None: t=1712.6483049999997, value=9, duration=None>
1712.7590 	EXP 	Device response: <KeyPress from None: t=1712.6483049999997, value=9, duration=0.10530960000016876>
1713.6974 	DATA 	Mouse: Left button down, pos=(951,240)
1713.7091 	EXP 	New trial (rep=19, index=1): <Trial 305 (1 in rep 19) data={'delay': 0.4, 'freq': 1000, 'condition': 'exp', 'thisN': 305, 'thisTrialN': 1, 'thisRepN': 19}>
1713.7249 	EXP 	text: autoDraw = False
1713.7249 	EXP 	textbox: autoDraw = False
1713.7249 	EXP 	polygon: autoDraw = True
1713.9259 	DATA 	Mouse:  Left button up, pos=(951,240)
1714.7081 	INFO 	Keyboard events cleared
1714.7079 	EXP 	polygon_2: autoDraw = True
1714.7262 	EXP 	polygon: autoDraw = False
1715.1112 	EXP 	Device response: <KeyPress from None: t=1715.096396, value=space, duration=None>
1715.1136 	DATA 	Keypress: space
1715.1266 	EXP 	polygon: autoDraw = False
1715.1266 	EXP 	polygon_2: autoDraw = False
1715.3602 	EXP 	Device response: <KeyPress from None: t=1700.0259674, value=space, duration=15.327807900000266>
1715.5104 	EXP 	Sound sound_1 reached end of file
1715.5267 	EXP 	Playing sound sound_1 on speaker Speakers (Realtek(R) Audio)
1715.8297 	EXP 	Sound sound_1 stopped
1715.8478 	EXP 	text: autoDraw = True
1715.8478 	EXP 	textbox: autoDraw = True
1716.3533 	DATA 	Keypress: 9
1716.3646 	EXP 	Device response: <KeyPress from None: t=1716.3456993999998, value=9, duration=None>
1716.5259 	EXP 	Device response: <KeyPress from None: t=1716.3456993999998, value=9, duration=0.17904460000011113>
1716.6754 	DATA 	Keypress: 9
1716.6770 	EXP 	Device response: <KeyPress from None: t=1716.6726562999997, value=9, duration=None>
1716.7922 	EXP 	Device response: <KeyPress from None: t=1716.6726562999997, value=9, duration=0.1089723000001186>
1716.8924 	DATA 	Keypress: 9
1716.8944 	EXP 	Device response: <KeyPress from None: t=1716.8904545999999, value=9, duration=None>
1717.0254 	EXP 	Device response: <KeyPress from None: t=1716.8904545999999, value=9, duration=0.1190803000000642>
1718.2757 	DATA 	Mouse: Left button down, pos=(962,292)
1718.4994 	DATA 	Mouse:  Left button up, pos=(962,292)
1719.2424 	DATA 	Mouse: Left button down, pos=(962,227)
1719.2433 	EXP 	New trial (rep=19, index=2): <Trial 306 (2 in rep 19) data={'delay': 0.1, 'freq': 1000, 'condition': 'exp', 'thisN': 306, 'thisTrialN': 2, 'thisRepN': 19}>
1719.2584 	EXP 	text: autoDraw = False
1719.2584 	EXP 	textbox: autoDraw = False
1719.2584 	EXP 	polygon: autoDraw = True
1719.4593 	DATA 	Mouse:  Left button up, pos=(962,227)
1720.2587 	INFO 	Keyboard events cleared
1720.2585 	EXP 	polygon: autoDraw = False
1720.2585 	EXP 	polygon_2: autoDraw = True
1720.7418 	EXP 	Device response: <KeyPress from None: t=1720.7320292999998, value=space, duration=None>
1720.7436 	DATA 	Keypress: space
1720.7577 	EXP 	polygon: autoDraw = False
1720.7577 	EXP 	polygon_2: autoDraw = False
1720.8252 	EXP 	Sound sound_1 reached end of file
1720.8416 	EXP 	Playing sound sound_1 on speaker Speakers (Realtek(R) Audio)
1720.9258 	EXP 	Device response: <KeyPress from None: t=1706.7050427999998, value=space, duration=14.21991360000004>
1721.1377 	EXP 	Sound sound_1 stopped
1721.1578 	EXP 	text: autoDraw = True
1721.1578 	EXP 	textbox: autoDraw = True
1721.7264 	DATA 	Keypress: 9
1721.7276 	EXP 	Device response: <KeyPress from None: t=1721.7231146999998, value=9, duration=None>
1721.9093 	EXP 	Device response: <KeyPress from None: t=1721.7231146999998, value=9, duration=0.18069230000003245>
1721.9839 	DATA 	Keypress: 9
1721.9921 	EXP 	Device response: <KeyPress from None: t=1721.9804501999997, value=9, duration=None>
1722.1424 	EXP 	Device response: <KeyPress from None: t=1721.9804501999997, value=9, duration=0.14963120000049912>
1722.2087 	DATA 	Keypress: 9
1722.2102 	EXP 	Device response: <KeyPress from None: t=1722.2066154999998, value=9, duration=None>
1722.3256 	EXP 	Device response: <KeyPress from None: t=1722.2066154999998, value=9, duration=0.10667950000026849>
1723.2840 	DATA 	Mouse: Left button down, pos=(962,227)
1723.2929 	EXP 	New trial (rep=19, index=3): <Trial 307 (3 in rep 19) data={'delay': 0.1, 'freq': 1000, 'condition': 'exp', 'thisN': 307, 'thisTrialN': 3, 'thisRepN': 19}>
1723.3080 	EXP 	text: autoDraw = False
1723.3080 	EXP 	textbox: autoDraw = False
1723.3080 	EXP 	polygon: autoDraw = True
1723.3432 	DATA 	Mouse:  Left button up, pos=(962,227)
1723.7759 	DATA 	Mouse: Left button down, pos=(962,227)
1724.0086 	DATA 	Mouse:  Left button up, pos=(962,227)
1724.3083 	INFO 	Keyboard events cleared
1724.3081 	EXP 	polygon: autoDraw = False
1724.3081 	EXP 	polygon_2: autoDraw = True
1724.8933 	EXP 	Device response: <KeyPress from None: t=1724.8891579, value=space, duration=None>
1724.8952 	DATA 	Keypress: space
1724.9086 	EXP 	polygon: autoDraw = False
1724.9086 	EXP 	polygon_2: autoDraw = False
1724.9917 	EXP 	Sound sound_1 reached end of file
1725.0081 	EXP 	Playing sound sound_1 on speaker Speakers (Realtek(R) Audio)
1725.2751 	EXP 	Device response: <KeyPress from None: t=1710.6258951, value=space, duration=14.632125600000222>
1725.3099 	EXP 	Sound sound_1 stopped
1725.3289 	EXP 	text: autoDraw = True
1725.3289 	EXP 	textbox: autoDraw = True
1725.6628 	DATA 	Keypress: 9
1725.6713 	EXP 	Device response: <KeyPress from None: t=1725.6623866999998, value=9, duration=None>
1725.8095 	EXP 	Device response: <KeyPress from None: t=1725.6623866999998, value=9, duration=0.1396062000000029>
1725.8764 	DATA 	Keypress: 9
1725.8777 	EXP 	Device response: <KeyPress from None: t=1725.8733973999997, value=9, duration=None>
1725.9933 	EXP 	Device response: <KeyPress from None: t=1725.8733973999997, value=9, duration=0.11856850000015129>
1726.0826 	DATA 	Keypress: 9
1726.0921 	EXP 	Device response: <KeyPress from None: t=1726.0810567999997, value=9, duration=None>
1726.1760 	EXP 	Device response: <KeyPress from None: t=1726.0810567999997, value=9, duration=0.08786790000033307>
1727.0303 	DATA 	Mouse: Left button down, pos=(969,227)
1727.0427 	EXP 	New trial (rep=19, index=4): <Trial 308 (4 in rep 19) data={'delay': 0.1, 'freq': 1000, 'condition': 'exp', 'thisN': 308, 'thisTrialN': 4, 'thisRepN': 19}>
1727.0589 	EXP 	text: autoDraw = False
1727.0589 	EXP 	textbox: autoDraw = False
1727.0589 	EXP 	polygon: autoDraw = True
1727.2431 	DATA 	Mouse:  Left button up, pos=(969,227)
1727.3427 	DATA 	Mouse: Left button down, pos=(969,227)
1727.5601 	DATA 	Mouse:  Left button up, pos=(969,227)
1727.8092 	DATA 	Mouse: Left button down, pos=(969,227)
1728.0440 	INFO 	Keyboard events cleared
1728.0438 	EXP 	polygon_2: autoDraw = True
1728.0601 	EXP 	polygon: autoDraw = False
1728.0615 	DATA 	Mouse:  Left button up, pos=(969,227)
1728.1116 	DATA 	Mouse: Left button down, pos=(969,227)
1728.3090 	DATA 	Mouse:  Left button up, pos=(969,227)
1728.3594 	DATA 	Mouse: Left button down, pos=(969,227)
1728.5930 	DATA 	Mouse:  Left button up, pos=(969,227)
1728.6256 	EXP 	Device response: <KeyPress from None: t=1728.6225610000001, value=space, duration=None>
1728.6276 	DATA 	Keypress: space
1728.6418 	EXP 	polygon: autoDraw = False
1728.6418 	EXP 	polygon_2: autoDraw = False
1728.6595 	DATA 	Mouse: Left button down, pos=(969,227)
1728.7257 	EXP 	Sound sound_1 reached end of file
1728.7421 	EXP 	Playing sound sound_1 on speaker Speakers (Realtek(R) Audio)
1728.8084 	EXP 	Device response: <KeyPress from None: t=1715.096396, value=space, duration=13.704772700000035>
1728.8095 	DATA 	Mouse:  Left button up, pos=(969,227)
1729.0378 	EXP 	Sound sound_1 reached end of file
1729.0636 	EXP 	text: autoDraw = True
1729.0636 	EXP 	textbox: autoDraw = True
1729.3859 	DATA 	Keypress: 9
1729.3935 	EXP 	Device response: <KeyPress from None: t=1729.3848990000001, value=9, duration=None>
1729.5761 	EXP 	Device response: <KeyPress from None: t=1729.3848990000001, value=9, duration=0.1811931999997114>
1729.6429 	DATA 	Keypress: 9
1729.6450 	EXP 	Device response: <KeyPress from None: t=1729.6416762, value=9, duration=None>
1729.7930 	EXP 	Device response: <KeyPress from None: t=1729.6416762, value=9, duration=0.14674539999998615>
1729.8634 	DATA 	Keypress: 9
1729.8754 	EXP 	Device response: <KeyPress from None: t=1729.8605751, value=9, duration=None>
1729.9751 	EXP 	Device response: <KeyPress from None: t=1729.8605751, value=9, duration=0.10372389999986353>
1730.8764 	DATA 	Mouse: Right button down, pos=(969,227)
1730.8775 	EXP 	New trial (rep=19, index=5): <Trial 309 (5 in rep 19) data={'delay': 0.7, 'freq': 400, 'condition': 'unexp', 'thisN': 309, 'thisTrialN': 5, 'thisRepN': 19}>
1730.8917 	EXP 	text: autoDraw = False
1730.8917 	EXP 	textbox: autoDraw = False
1730.8917 	EXP 	polygon: autoDraw = True
1730.9433 	DATA 	Mouse:  Right button up, pos=(969,227)
1731.0595 	DATA 	Mouse: Right button down, pos=(969,227)
1731.1261 	DATA 	Mouse:  Right button up, pos=(969,227)
1731.8916 	INFO 	Keyboard events cleared
1731.8915 	EXP 	polygon: autoDraw = False
1731.8915 	EXP 	polygon_2: autoDraw = True
1732.4266 	DATA 	Mouse: Left button down, pos=(969,227)
1732.5090 	EXP 	Device response: <KeyPress from None: t=1732.4934107999998, value=space, duration=None>
1732.5105 	DATA 	Keypress: space
1732.5247 	EXP 	polygon: autoDraw = False
1732.5247 	EXP 	polygon_2: autoDraw = False
1732.6418 	DATA 	Mouse:  Left button up, pos=(969,227)
1732.6755 	EXP 	Device response: <KeyPress from None: t=1720.7320292999998, value=space, duration=11.928889600000389>
1733.2089 	EXP 	Sound sound_1 reached end of file
1733.2253 	EXP 	Playing sound sound_1 on speaker Speakers (Realtek(R) Audio)
1733.5247 	EXP 	Sound sound_1 stopped
1733.5430 	EXP 	text: autoDraw = True
1733.5430 	EXP 	textbox: autoDraw = True
1734.8471 	DATA 	Keypress: 7
1734.8486 	EXP 	Device response: <KeyPress from None: t=1734.8423116999998, value=7, duration=None>
1734.9765 	EXP 	Device response: <KeyPress from None: t=1734.8423116999998, value=7, duration=0.13076280000007046>
1735.2253 	DATA 	Keypress: minus
1735.2272 	EXP 	Device response: <KeyPress from None: t=1735.2179112999997, value=minus, duration=None>
1735.3766 	EXP 	Device response: <KeyPress from None: t=1735.2179112999997, value=minus, duration=0.15085750000037024>
1735.5260 	DATA 	Keypress: minus
1735.5280 	EXP 	Device response: <KeyPress from None: t=1735.5164821999997, value=minus, duration=None>
1735.6757 	EXP 	Device response: <KeyPress from None: t=1735.5164821999997, value=minus, duration=0.14718260000029204>
1735.8631 	DATA 	Keypress: backspace
1735.8757 	EXP 	Device response: <KeyPress from None: t=1735.8591176999998, value=backspace, duration=None>
1736.3261 	EXP 	Device response: <KeyPress from None: t=1735.8591176999998, value=backspace, duration=0.463360200000011>
1736.6587 	DATA 	Keypress: 0
1736.6599 	EXP 	Device response: <KeyPress from None: t=1736.6540138999999, value=0, duration=None>
1736.8090 	EXP 	Device response: <KeyPress from None: t=1736.6540138999999, value=0, duration=0.14142140000024028>
1736.9595 	DATA 	Keypress: 0
1736.9607 	EXP 	Device response: <KeyPress from None: t=1736.9583010000001, value=0, duration=None>
1737.0755 	EXP 	Device response: <KeyPress from None: t=1736.9583010000001, value=0, duration=0.1035720999999512>
1737.9255 	DATA 	Mouse: Left button down, pos=(955,248)
1737.9265 	EXP 	New trial (rep=19, index=6): <Trial 310 (6 in rep 19) data={'delay': 0.7, 'freq': 1000, 'condition': 'exp', 'thisN': 310, 'thisTrialN': 6, 'thisRepN': 19}>
1737.9416 	EXP 	text: autoDraw = False
1737.9416 	EXP 	textbox: autoDraw = False
1737.9416 	EXP 	polygon: autoDraw = True
1738.1936 	DATA 	Mouse:  Left button up, pos=(955,248)
1738.2598 	DATA 	Mouse: Left button down, pos=(955,248)
1738.4090 	DATA 	Mouse:  Left button up, pos=(955,248)
1738.9246 	INFO 	Keyboard events cleared
1738.9245 	EXP 	polygon_2: autoDraw = True
1738.9416 	EXP 	polygon: autoDraw = False
1739.5258 	EXP 	Device response: <KeyPress from None: t=1739.5177952999998, value=space, duration=None>
1739.5275 	DATA 	Keypress: space
1739.5417 	EXP 	polygon: autoDraw = False
1739.5417 	EXP 	polygon_2: autoDraw = False
1739.7591 	EXP 	Device response: <KeyPress from None: t=1724.8891579, value=space, duration=14.86122399999988>
1740.2087 	EXP 	Sound sound_1 reached end of file
1740.2250 	EXP 	Playing sound sound_1 on speaker Speakers (Realtek(R) Audio)
1740.5226 	EXP 	Sound sound_1 stopped
1740.5409 	EXP 	text: autoDraw = True
1740.5409 	EXP 	textbox: autoDraw = True
1740.8797 	DATA 	Keypress: 9
1740.8914 	EXP 	Device response: <KeyPress from None: t=1740.8778373999999, value=9, duration=None>
1741.0443 	EXP 	Device response: <KeyPress from None: t=1740.8778373999999, value=9, duration=0.16021340000008877>
1741.2263 	DATA 	Keypress: 9
1741.2277 	EXP 	Device response: <KeyPress from None: t=1741.2188855, value=9, duration=None>
1741.4093 	EXP 	Device response: <KeyPress from None: t=1741.2188855, value=9, duration=0.1769390999999132>
1741.5632 	DATA 	Keypress: 9
1741.5752 	EXP 	Device response: <KeyPress from None: t=1741.5600082, value=9, duration=None>
1741.6586 	EXP 	Device response: <KeyPress from None: t=1741.5600082, value=9, duration=0.08615339999971638>
1742.8922 	DATA 	Mouse: Left button down, pos=(963,226)
1742.8932 	EXP 	New trial (rep=19, index=7): <Trial 311 (7 in rep 19) data={'delay': 0.4, 'freq': 1000, 'condition': 'exp', 'thisN': 311, 'thisTrialN': 7, 'thisRepN': 19}>
1742.9090 	EXP 	text: autoDraw = False
1742.9090 	EXP 	textbox: autoDraw = False
1742.9090 	EXP 	polygon: autoDraw = True
1743.1096 	DATA 	Mouse:  Left button up, pos=(963,226)
1743.8936 	INFO 	Keyboard events cleared
1743.8934 	EXP 	polygon_2: autoDraw = True
1743.8951 	DATA 	Keypress: space
1743.9098 	EXP 	polygon: autoDraw = False
1744.0754 	EXP 	Device response: <KeyPress from None: t=1728.6225610000001, value=space, duration=15.444910099999674>
1745.6431 	DATA 	Keypress: space
1745.6582 	EXP 	Device response: <KeyPress from None: t=1745.6425261, value=space, duration=None>
1745.6744 	EXP 	polygon: autoDraw = False
1745.6744 	EXP 	polygon_2: autoDraw = False
1745.8583 	EXP 	Device response: <KeyPress from None: t=1732.4934107999998, value=space, duration=13.349128300000416>
1746.0416 	EXP 	Sound sound_1 reached end of file
1746.0578 	EXP 	Playing sound sound_1 on speaker Speakers (Realtek(R) Audio)
1746.3534 	EXP 	Sound sound_1 stopped
1746.3719 	EXP 	text: autoDraw = True
1746.3719 	EXP 	textbox: autoDraw = True
1748.5863 	DATA 	Keypress: 9
1748.5936 	EXP 	Device response: <KeyPress from None: t=1748.5840036999998, value=9, duration=None>
1748.7589 	EXP 	Device response: <KeyPress from None: t=1748.5840036999998, value=9, duration=0.1645704000003434>
1748.8595 	DATA 	Keypress: 9
1748.8611 	EXP 	Device response: <KeyPress from None: t=1748.8512323999998, value=9, duration=None>
1748.9753 	EXP 	Device response: <KeyPress from None: t=1748.8512323999998, value=9, duration=0.1097266000002719>
1749.0831 	DATA 	Keypress: 9
1749.0923 	EXP 	Device response: <KeyPress from None: t=1749.080508, value=9, duration=None>
1749.2095 	EXP 	Device response: <KeyPress from None: t=1749.080508, value=9, duration=0.12178580000011152>
1750.4998 	DATA 	Mouse: Left button down, pos=(960,288)
1750.6681 	DATA 	Mouse:  Left button up, pos=(960,288)
1751.1766 	DATA 	Mouse: Left button down, pos=(950,193)
1751.1780 	EXP 	New trial (rep=19, index=8): <Trial 312 (8 in rep 19) data={'delay': 0.1, 'freq': 400, 'condition': 'unexp', 'thisN': 312, 'thisTrialN': 8, 'thisRepN': 19}>
1751.1918 	EXP 	text: autoDraw = False
1751.1918 	EXP 	textbox: autoDraw = False
1751.1918 	EXP 	polygon: autoDraw = True
1751.4098 	DATA 	Mouse:  Left button up, pos=(950,193)
1752.1941 	INFO 	Keyboard events cleared
1752.1940 	EXP 	polygon: autoDraw = False
1752.1940 	EXP 	polygon_2: autoDraw = True
1753.9296 	DATA 	Mouse: Left button down, pos=(950,193)
1754.1437 	DATA 	Mouse:  Left button up, pos=(950,193)
1762.0759 	EXP 	Device response: <KeyPress from None: t=1762.0642321, value=space, duration=None>
1762.0778 	DATA 	Keypress: space
1762.0917 	EXP 	polygon: autoDraw = False
1762.0917 	EXP 	polygon_2: autoDraw = False
1762.1751 	EXP 	Sound sound_1 reached end of file
1762.1914 	EXP 	Playing sound sound_1 on speaker Speakers (Realtek(R) Audio)
1762.2758 	EXP 	Device response: <KeyPress from None: t=1739.5177952999998, value=space, duration=22.7561850000003>
1762.4965 	EXP 	Sound sound_1 stopped
1762.5155 	EXP 	text: autoDraw = True
1762.5155 	EXP 	textbox: autoDraw = True
1764.2396 	DATA 	Keypress: 3
1764.2473 	EXP 	Device response: <KeyPress from None: t=1764.2380948999999, value=3, duration=None>
1764.3429 	EXP 	Device response: <KeyPress from None: t=1764.2380948999999, value=3, duration=0.10119110000016462>
1764.5763 	DATA 	Keypress: 5
1764.5775 	EXP 	Device response: <KeyPress from None: t=1764.5746590999997, value=5, duration=None>
1764.6939 	EXP 	Device response: <KeyPress from None: t=1764.5746590999997, value=5, duration=0.11512980000009065>
1765.1424 	DATA 	Keypress: 0
1765.1438 	EXP 	Device response: <KeyPress from None: t=1765.1417947999998, value=0, duration=None>
1765.2927 	EXP 	Device response: <KeyPress from None: t=1765.1417947999998, value=0, duration=0.14253070000006574>
1766.2178 	DATA 	Mouse: Left button down, pos=(971,214)
1766.2263 	EXP 	New trial (rep=19, index=9): <Trial 313 (9 in rep 19) data={'delay': 0.4, 'freq': 1000, 'condition': 'exp', 'thisN': 313, 'thisTrialN': 9, 'thisRepN': 19}>
1766.2413 	EXP 	text: autoDraw = False
1766.2413 	EXP 	textbox: autoDraw = False
1766.2413 	EXP 	polygon: autoDraw = True
1766.3592 	DATA 	Mouse:  Left button up, pos=(971,214)
1767.2252 	INFO 	Keyboard events cleared
1767.2250 	EXP 	polygon_2: autoDraw = True
1767.2417 	EXP 	polygon: autoDraw = False
1767.7089 	EXP 	Device response: <KeyPress from None: t=1767.6996522999998, value=space, duration=None>
1767.7108 	DATA 	Keypress: space
1767.7249 	EXP 	polygon: autoDraw = False
1767.7249 	EXP 	polygon_2: autoDraw = False
1767.8592 	EXP 	Device response: <KeyPress from None: t=1745.6425261, value=space, duration=22.215011400000208>
1768.0937 	EXP 	Sound sound_1 reached end of file
1768.1100 	EXP 	Playing sound sound_1 on speaker Speakers (Realtek(R) Audio)
1768.4063 	EXP 	Sound sound_1 stopped
1768.4263 	EXP 	text: autoDraw = True
1768.4263 	EXP 	textbox: autoDraw = True
1769.5351 	DATA 	Keypress: 9
1769.5371 	EXP 	Device response: <KeyPress from None: t=1769.5325843, value=9, duration=None>
1769.6928 	EXP 	Device response: <KeyPress from None: t=1769.5325843, value=9, duration=0.15677689999995437>
1769.7755 	DATA 	Keypress: 9
1769.7774 	EXP 	Device response: <KeyPress from None: t=1769.7725040999999, value=9, duration=None>
1769.8763 	EXP 	Device response: <KeyPress from None: t=1769.7725040999999, value=9, duration=0.09009400000024925>
1769.9597 	DATA 	Keypress: 9
1769.9612 	EXP 	Device response: <KeyPress from None: t=1769.9515432999997, value=9, duration=None>
1770.0596 	EXP 	Device response: <KeyPress from None: t=1769.9515432999997, value=9, duration=0.10467150000033598>
1770.4179 	DATA 	Mouse: Left button down, pos=(971,214)
1770.4266 	EXP 	New trial (rep=19, index=10): <Trial 314 (10 in rep 19) data={'delay': 0.1, 'freq': 400, 'condition': 'unexp', 'thisN': 314, 'thisTrialN': 10, 'thisRepN': 19}>
1770.4417 	EXP 	text: autoDraw = False
1770.4417 	EXP 	textbox: autoDraw = False
1770.4417 	EXP 	polygon: autoDraw = True
1770.5260 	DATA 	Mouse:  Left button up, pos=(971,214)
1771.3104 	EXP 	Device response: <KeyPress from None: t=1771.3016539, value=space, duration=None>
1771.3113 	DATA 	Keypress: space
1771.3945 	EXP 	Device response: <KeyPress from None: t=1762.0642321, value=space, duration=9.325047299999937>
1771.4277 	INFO 	Keyboard events cleared
1771.4275 	EXP 	polygon_2: autoDraw = True
1771.4449 	EXP 	polygon: autoDraw = False
1771.8111 	EXP 	Device response: <KeyPress from None: t=1771.8040277999999, value=space, duration=None>
1771.8128 	DATA 	Keypress: space
1771.8273 	EXP 	polygon: autoDraw = False
1771.8273 	EXP 	polygon_2: autoDraw = False
1771.9107 	EXP 	Sound sound_1 reached end of file
1771.9269 	EXP 	Playing sound sound_1 on speaker Speakers (Realtek(R) Audio)
1771.9112 	EXP 	Device response: <KeyPress from None: t=1767.6996522999998, value=space, duration=4.2076989000003095>
1772.2211 	EXP 	Sound sound_1 stopped
1772.2426 	EXP 	text: autoDraw = True
1772.2426 	EXP 	textbox: autoDraw = True
1774.0958 	DATA 	Keypress: 7
1774.0974 	EXP 	Device response: <KeyPress from None: t=1774.0911382999998, value=7, duration=None>
1774.1585 	EXP 	Device response: <KeyPress from None: t=1774.0911382999998, value=7, duration=0.05853910000007545>
1774.4259 	DATA 	Keypress: 0
1774.4273 	EXP 	Device response: <KeyPress from None: t=1774.4238731, value=0, duration=None>
1774.4932 	EXP 	Device response: <KeyPress from None: t=1774.4238731, value=0, duration=0.06106419999980517>
1774.6093 	DATA 	Keypress: 0
1774.6106 	EXP 	Device response: <KeyPress from None: t=1774.6078810999998, value=0, duration=None>
1774.7090 	EXP 	Device response: <KeyPress from None: t=1774.6078810999998, value=0, duration=0.09037620000037805>
1775.4926 	DATA 	Mouse: Left button down, pos=(971,214)
1775.4936 	EXP 	New trial (rep=19, index=11): <Trial 315 (11 in rep 19) data={'delay': 0.4, 'freq': 400, 'condition': 'unexp', 'thisN': 315, 'thisTrialN': 11, 'thisRepN': 19}>
1775.5086 	EXP 	text: autoDraw = False
1775.5086 	EXP 	textbox: autoDraw = False
1775.5086 	EXP 	polygon: autoDraw = True
1775.7097 	DATA 	Mouse:  Left button up, pos=(971,214)
1775.7758 	DATA 	Mouse: Left button down, pos=(971,214)
1775.9266 	DATA 	Mouse:  Left button up, pos=(971,214)
1776.2255 	EXP 	Device response: <KeyPress from None: t=1776.2196796999997, value=space, duration=None>
1776.2262 	DATA 	Keypress: space
1776.3586 	EXP 	Device response: <KeyPress from None: t=1771.3016539, value=space, duration=5.052570299999957>
1776.4941 	INFO 	Keyboard events cleared
1776.4939 	EXP 	polygon_2: autoDraw = True
1776.5105 	EXP 	polygon: autoDraw = False
1777.1451 	EXP 	Device response: <KeyPress from None: t=1777.1298056, value=space, duration=None>
1777.1472 	DATA 	Keypress: space
1777.1607 	EXP 	polygon: autoDraw = False
1777.1607 	EXP 	polygon_2: autoDraw = False
1777.2918 	EXP 	Device response: <KeyPress from None: t=1771.8040277999999, value=space, duration=5.48248980000028>
1777.5421 	EXP 	Sound sound_1 reached end of file
1777.5584 	EXP 	Playing sound sound_1 on speaker Speakers (Realtek(R) Audio)
1777.8562 	EXP 	Sound sound_1 stopped
1777.8749 	EXP 	text: autoDraw = True
1777.8749 	EXP 	textbox: autoDraw = True
1778.5109 	DATA 	Keypress: 7
1778.5212 	EXP 	Device response: <KeyPress from None: t=1778.5050357, value=7, duration=None>
1778.5930 	EXP 	Device response: <KeyPress from None: t=1778.5050357, value=7, duration=0.08070849999978691>
1778.7596 	DATA 	Keypress: 0
1778.7616 	EXP 	Device response: <KeyPress from None: t=1778.7515094999999, value=0, duration=None>
1778.8924 	EXP 	Device response: <KeyPress from None: t=1778.7515094999999, value=0, duration=0.12656010000011975>
1778.9634 	DATA 	Keypress: 0
1778.9760 	EXP 	Device response: <KeyPress from None: t=1778.9605816999997, value=0, duration=None>
1779.0429 	EXP 	Device response: <KeyPress from None: t=1778.9605816999997, value=0, duration=0.08124480000026324>
1779.9302 	DATA 	Mouse: Left button down, pos=(971,214)
1779.9430 	EXP 	New trial (rep=19, index=12): <Trial 316 (12 in rep 19) data={'delay': 0.1, 'freq': 1000, 'condition': 'exp', 'thisN': 316, 'thisTrialN': 12, 'thisRepN': 19}>
1779.9594 	EXP 	text: autoDraw = False
1779.9594 	EXP 	textbox: autoDraw = False
1779.9594 	EXP 	polygon: autoDraw = True
1780.1264 	DATA 	Mouse:  Left button up, pos=(971,214)
1780.2094 	DATA 	Mouse: Left button down, pos=(971,214)
1780.3599 	DATA 	Mouse:  Left button up, pos=(971,214)
1780.7780 	DATA 	Keypress: space
1780.7937 	EXP 	Device response: <KeyPress from None: t=1780.7770633999999, value=space, duration=None>
1780.9104 	EXP 	Device response: <KeyPress from None: t=1776.2196796999997, value=space, duration=4.673866500000372>
1780.9435 	INFO 	Keyboard events cleared
1780.9434 	EXP 	polygon_2: autoDraw = True
1780.9603 	EXP 	polygon: autoDraw = False
1781.2595 	EXP 	Device response: <KeyPress from None: t=1781.2514323999999, value=space, duration=None>
1781.2612 	DATA 	Keypress: space
1781.2745 	EXP 	polygon: autoDraw = False
1781.2745 	EXP 	polygon_2: autoDraw = False
1781.3439 	EXP 	Sound sound_1 reached end of file
1781.3602 	EXP 	Playing sound sound_1 on speaker Speakers (Realtek(R) Audio)
1781.3753 	EXP 	Device response: <KeyPress from None: t=1777.1298056, value=space, duration=4.23670629999981>
1781.6648 	EXP 	Sound sound_1 stopped
1781.6820 	EXP 	text: autoDraw = True
1781.6820 	EXP 	textbox: autoDraw = True
1781.9424 	DATA 	Keypress: 9
1781.9436 	EXP 	Device response: <KeyPress from None: t=1781.9365004, value=9, duration=None>
1782.0270 	EXP 	Device response: <KeyPress from None: t=1781.9365004, value=9, duration=0.08894489999977395>
1782.1433 	DATA 	Keypress: 9
1782.1450 	EXP 	Device response: <KeyPress from None: t=1782.1411844, value=9, duration=None>
1782.2255 	EXP 	Device response: <KeyPress from None: t=1782.1411844, value=9, duration=0.07152330000019447>
1782.3138 	DATA 	Keypress: 9
1782.3255 	EXP 	Device response: <KeyPress from None: t=1782.3103083, value=9, duration=None>
1782.3928 	EXP 	Device response: <KeyPress from None: t=1782.3103083, value=9, duration=0.07931609999980083>
1783.2342 	DATA 	Mouse: Left button down, pos=(971,214)
1783.2435 	EXP 	New trial (rep=19, index=13): <Trial 317 (13 in rep 19) data={'delay': 0.7, 'freq': 1000, 'condition': 'exp', 'thisN': 317, 'thisTrialN': 13, 'thisRepN': 19}>
1783.2584 	EXP 	text: autoDraw = False
1783.2584 	EXP 	textbox: autoDraw = False
1783.2584 	EXP 	polygon: autoDraw = True
1783.4430 	DATA 	Mouse:  Left button up, pos=(971,214)
1783.4932 	DATA 	Mouse: Left button down, pos=(971,214)
1783.6099 	DATA 	Mouse:  Left button up, pos=(971,214)
1783.6935 	DATA 	Mouse: Left button down, pos=(971,214)
1783.8269 	DATA 	Mouse:  Left button up, pos=(971,214)
1783.8934 	DATA 	Mouse: Left button down, pos=(971,214)
1784.0423 	DATA 	Mouse:  Left button up, pos=(971,214)
1784.2586 	INFO 	Keyboard events cleared
1784.2584 	EXP 	polygon: autoDraw = False
1784.2584 	EXP 	polygon_2: autoDraw = True
1784.3420 	EXP 	Device response: <KeyPress from None: t=1784.3330363999999, value=space, duration=None>
1784.3439 	DATA 	Keypress: space
1784.3584 	EXP 	polygon: autoDraw = False
1784.3584 	EXP 	polygon_2: autoDraw = False
1784.4757 	EXP 	Device response: <KeyPress from None: t=1780.7770633999999, value=space, duration=3.691875200000254>
1785.0254 	EXP 	Sound sound_1 reached end of file
1785.0418 	EXP 	Playing sound sound_1 on speaker Speakers (Realtek(R) Audio)
1785.3453 	EXP 	Sound sound_1 stopped
1785.3662 	EXP 	text: autoDraw = True
1785.3662 	EXP 	textbox: autoDraw = True
1785.5096 	DATA 	Keypress: 9
1785.5111 	EXP 	Device response: <KeyPress from None: t=1785.5074817, value=9, duration=None>
1785.6103 	EXP 	Device response: <KeyPress from None: t=1785.5074817, value=9, duration=0.09821490000024369>
1785.6839 	DATA 	Keypress: 9
1785.6928 	EXP 	Device response: <KeyPress from None: t=1785.6821715, value=9, duration=None>
1785.7769 	EXP 	Device response: <KeyPress from None: t=1785.6821715, value=9, duration=0.088377499999865>
1785.8592 	DATA 	Keypress: 9
1785.8607 	EXP 	Device response: <KeyPress from None: t=1785.8570870999997, value=9, duration=None>
1785.9595 	EXP 	Device response: <KeyPress from None: t=1785.8570870999997, value=9, duration=0.0885289000003695>
1786.7601 	DATA 	Mouse: Left button down, pos=(971,214)
1786.7611 	EXP 	New trial (rep=19, index=14): <Trial 318 (14 in rep 19) data={'delay': 0.4, 'freq': 1000, 'condition': 'exp', 'thisN': 318, 'thisTrialN': 14, 'thisRepN': 19}>
1786.7761 	EXP 	text: autoDraw = False
1786.7761 	EXP 	textbox: autoDraw = False
1786.7761 	EXP 	polygon: autoDraw = True
1786.9440 	DATA 	Mouse:  Left button up, pos=(971,214)
1787.0109 	DATA 	Mouse: Left button down, pos=(971,214)
1787.1601 	DATA 	Mouse:  Left button up, pos=(971,214)
1787.5251 	EXP 	Device response: <KeyPress from None: t=1787.522935, value=space, duration=None>
1787.5258 	DATA 	Keypress: space
1787.5758 	EXP 	Device response: <KeyPress from None: t=1781.2514323999999, value=space, duration=6.320363200000088>
1787.7258 	EXP 	Device response: <KeyPress from None: t=1787.7166153999997, value=space, duration=None>
1787.7266 	DATA 	Keypress: space
1787.7585 	INFO 	Keyboard events cleared
1787.7583 	EXP 	polygon_2: autoDraw = True
1787.7924 	EXP 	polygon: autoDraw = False
1787.8112 	EXP 	Device response: <KeyPress from None: t=1784.3330363999999, value=space, duration=3.463827000000151>
1787.9273 	EXP 	Device response: <KeyPress from None: t=1787.9246223999999, value=space, duration=None>
1787.9291 	DATA 	Keypress: space
1787.9437 	EXP 	polygon: autoDraw = False
1787.9437 	EXP 	polygon_2: autoDraw = False
1788.0111 	EXP 	Device response: <KeyPress from None: t=1787.522935, value=space, duration=0.4814585999998826>
1788.3105 	EXP 	Sound sound_1 reached end of file
1788.3268 	EXP 	Playing sound sound_1 on speaker Speakers (Realtek(R) Audio)
1788.6291 	EXP 	Sound sound_1 stopped
1788.6498 	EXP 	text: autoDraw = True
1788.6498 	EXP 	textbox: autoDraw = True
1788.9280 	DATA 	Keypress: 9
1788.9292 	EXP 	Device response: <KeyPress from None: t=1788.9266727999998, value=9, duration=None>
1789.0269 	EXP 	Device response: <KeyPress from None: t=1788.9266727999998, value=9, duration=0.09741810000025453>
1789.1264 	DATA 	Keypress: 9
1789.1278 	EXP 	Device response: <KeyPress from None: t=1789.1246811, value=9, duration=None>
1789.2096 	EXP 	Device response: <KeyPress from None: t=1789.1246811, value=9, duration=0.07002209999984643>
1789.3101 	DATA 	Keypress: 9
1789.3119 	EXP 	Device response: <KeyPress from None: t=1789.3053571, value=9, duration=None>
1789.3446 	EXP 	Device response: <KeyPress from None: t=1789.3053571, value=9, duration=0.0358569999999645>
1790.1769 	DATA 	Mouse: Left button down, pos=(971,214)
1790.1778 	EXP 	New trial (rep=19, index=15): <Trial 319 (15 in rep 19) data={'delay': 0.7, 'freq': 1000, 'condition': 'exp', 'thisN': 319, 'thisTrialN': 15, 'thisRepN': 19}>
1790.1924 	EXP 	text: autoDraw = False
1790.1924 	EXP 	textbox: autoDraw = False
1790.1924 	EXP 	polygon: autoDraw = True
1790.3601 	DATA 	Mouse:  Left button up, pos=(971,214)
1790.4264 	DATA 	Mouse: Left button down, pos=(971,214)
1790.5764 	DATA 	Mouse:  Left button up, pos=(971,214)
1790.7262 	EXP 	Device response: <KeyPress from None: t=1790.7108863999997, value=space, duration=None>
1790.7272 	DATA 	Keypress: space
1790.7760 	EXP 	Device response: <KeyPress from None: t=1787.7166153999997, value=space, duration=3.057431400000155>
1790.9095 	EXP 	Device response: <KeyPress from None: t=1790.9087384999998, value=space, duration=None>
1790.9104 	DATA 	Keypress: space
1790.9925 	EXP 	Device response: <KeyPress from None: t=1787.9246223999999, value=space, duration=3.0657655000001114>
1791.1264 	EXP 	Device response: <KeyPress from None: t=1791.1253339, value=space, duration=None>
1791.1272 	DATA 	Keypress: space
1791.1758 	INFO 	Keyboard events cleared
1791.1756 	EXP 	polygon_2: autoDraw = True
1791.1925 	EXP 	polygon: autoDraw = False
1791.2256 	EXP 	Device response: <KeyPress from None: t=1790.7108863999997, value=space, duration=0.5040727000001652>
1791.3593 	EXP 	Device response: <KeyPress from None: t=1791.3526447, value=space, duration=None>
1791.3611 	DATA 	Keypress: space
1791.3750 	EXP 	polygon: autoDraw = False
1791.3750 	EXP 	polygon_2: autoDraw = False
1791.4425 	EXP 	Device response: <KeyPress from None: t=1790.9087384999998, value=space, duration=0.5164957000002914>
1791.5611 	EXP 	Device response: <KeyPress from None: t=1791.5466056, value=space, duration=None>
1791.5620 	DATA 	Keypress: space
1791.6113 	EXP 	Device response: <KeyPress from None: t=1791.1253339, value=space, duration=0.4819032000001471>
1792.0441 	EXP 	Sound sound_1 reached end of file
1792.0604 	EXP 	Playing sound sound_1 on speaker Speakers (Realtek(R) Audio)
1792.3592 	EXP 	Sound sound_1 stopped
1792.3773 	EXP 	text: autoDraw = True
1792.3773 	EXP 	textbox: autoDraw = True
1792.4737 	DATA 	Keypress: 9
1792.4847 	EXP 	Device response: <KeyPress from None: t=1792.4717869, value=9, duration=None>
1792.5758 	EXP 	Device response: <KeyPress from None: t=1792.4717869, value=9, duration=0.08794989999989866>
1792.6605 	DATA 	Keypress: 9
1792.6621 	EXP 	Device response: <KeyPress from None: t=1792.6597569, value=9, duration=None>
1792.7436 	EXP 	Device response: <KeyPress from None: t=1792.6597569, value=9, duration=0.08258020000005217>
1792.8348 	DATA 	Keypress: 9
1792.8429 	EXP 	Device response: <KeyPress from None: t=1792.8309617999998, value=9, duration=None>
1792.9099 	EXP 	Device response: <KeyPress from None: t=1792.8309617999998, value=9, duration=0.07076800000015737>
1793.7096 	DATA 	Mouse: Left button down, pos=(971,214)
1793.7104 	EXP 	New trial (rep=20, index=0): <Trial 320 (0 in rep 20) data={'delay': 0.7, 'freq': 1000, 'condition': 'exp', 'thisN': 320, 'thisTrialN': 0, 'thisRepN': 20}>
1793.7258 	EXP 	text: autoDraw = False
1793.7258 	EXP 	textbox: autoDraw = False
1793.7258 	EXP 	polygon: autoDraw = True
1793.8933 	DATA 	Mouse:  Left button up, pos=(971,214)
1793.9431 	DATA 	Mouse: Left button down, pos=(971,214)
1794.0768 	DATA 	Mouse:  Left button up, pos=(971,214)
1794.1435 	DATA 	Mouse: Left button down, pos=(971,214)
1794.2929 	DATA 	Mouse:  Left button up, pos=(971,214)
1794.3758 	EXP 	Device response: <KeyPress from None: t=1794.3677791999999, value=space, duration=None>
1794.3767 	DATA 	Keypress: space
1794.4421 	EXP 	Device response: <KeyPress from None: t=1791.3526447, value=space, duration=3.087022300000285>
1794.5599 	EXP 	Device response: <KeyPress from None: t=1794.5584552, value=space, duration=None>
1794.5609 	DATA 	Keypress: space
1794.6422 	EXP 	Device response: <KeyPress from None: t=1791.5466056, value=space, duration=3.0864088999998103>
1794.7249 	INFO 	Keyboard events cleared
1794.7248 	EXP 	polygon: autoDraw = False
1794.7248 	EXP 	polygon_2: autoDraw = True
1794.7592 	EXP 	Device response: <KeyPress from None: t=1794.7434014, value=space, duration=None>
1794.7611 	DATA 	Keypress: space
1794.7753 	EXP 	polygon: autoDraw = False
1794.7753 	EXP 	polygon_2: autoDraw = False
1794.8260 	EXP 	Device response: <KeyPress from None: t=1794.3677791999999, value=space, duration=0.4467629000001807>
1794.9422 	EXP 	Device response: <KeyPress from None: t=1794.9261662, value=space, duration=None>
1794.9429 	DATA 	Keypress: space
1795.0089 	EXP 	Device response: <KeyPress from None: t=1794.5584552, value=space, duration=0.44104239999990114>
1795.4420 	EXP 	Sound sound_1 reached end of file
1795.4584 	EXP 	Playing sound sound_1 on speaker Speakers (Realtek(R) Audio)
1795.7554 	EXP 	Sound sound_1 stopped
1795.7756 	EXP 	text: autoDraw = True
1795.7756 	EXP 	textbox: autoDraw = True
1796.1104 	DATA 	Keypress: 9
1796.1117 	EXP 	Device response: <KeyPress from None: t=1796.1098951, value=9, duration=None>
1796.2088 	EXP 	Device response: <KeyPress from None: t=1796.1098951, value=9, duration=0.0887145000002647>
1796.3094 	DATA 	Keypress: 9
1796.3116 	EXP 	Device response: <KeyPress from None: t=1796.3064504, value=9, duration=None>
1796.4088 	EXP 	Device response: <KeyPress from None: t=1796.3064504, value=9, duration=0.09363140000016301>
1796.4595 	DATA 	Keypress: 9
1796.4607 	EXP 	Device response: <KeyPress from None: t=1796.4526065, value=9, duration=None>
1796.5598 	EXP 	Device response: <KeyPress from None: t=1796.4526065, value=9, duration=0.09892820000015945>
1797.3102 	DATA 	Mouse: Left button down, pos=(971,214)
1797.3113 	EXP 	New trial (rep=20, index=1): <Trial 321 (1 in rep 20) data={'delay': 0.1, 'freq': 1000, 'condition': 'exp', 'thisN': 321, 'thisTrialN': 1, 'thisRepN': 20}>
1797.3255 	EXP 	text: autoDraw = False
1797.3255 	EXP 	textbox: autoDraw = False
1797.3255 	EXP 	polygon: autoDraw = True
1797.4761 	DATA 	Mouse:  Left button up, pos=(971,214)
1797.5428 	DATA 	Mouse: Left button down, pos=(971,214)
1797.6591 	DATA 	Mouse:  Left button up, pos=(971,214)
1797.7266 	DATA 	Mouse: Left button down, pos=(971,214)
1797.8094 	DATA 	Mouse:  Left button up, pos=(971,214)
1797.8925 	DATA 	Mouse: Left button down, pos=(971,214)
1798.0597 	DATA 	Mouse:  Left button up, pos=(971,214)
1798.1263 	DATA 	Mouse: Left button down, pos=(971,214)
1798.2604 	DATA 	Mouse:  Left button up, pos=(971,214)
1798.3096 	DATA 	Mouse: Left button down, pos=(971,214)
1798.3256 	INFO 	Keyboard events cleared
1798.3253 	EXP 	polygon: autoDraw = False
1798.3253 	EXP 	polygon_2: autoDraw = True
1798.4761 	DATA 	Mouse:  Left button up, pos=(971,214)
1798.6089 	EXP 	Device response: <KeyPress from None: t=1798.5948727, value=space, duration=None>
1798.6112 	DATA 	Keypress: space
1798.6256 	EXP 	polygon: autoDraw = False
1798.6256 	EXP 	polygon_2: autoDraw = False
1798.6918 	EXP 	Sound sound_1 reached end of file
1798.7082 	EXP 	Playing sound sound_1 on speaker Speakers (Realtek(R) Audio)
1798.7090 	EXP 	Device response: <KeyPress from None: t=1794.7434014, value=space, duration=3.9609056000000464>
1798.8087 	EXP 	Device response: <KeyPress from None: t=1798.7977754999997, value=space, duration=None>
1798.8093 	DATA 	Keypress: space
1798.8929 	EXP 	Device response: <KeyPress from None: t=1794.9261662, value=space, duration=3.959739900000045>
1799.0057 	EXP 	Sound sound_1 stopped
1799.0232 	EXP 	text: autoDraw = True
1799.0232 	EXP 	textbox: autoDraw = True
1799.2866 	DATA 	Keypress: 0
1799.2973 	EXP 	Device response: <KeyPress from None: t=1799.2840728, value=0, duration=None>
1799.3757 	EXP 	Device response: <KeyPress from None: t=1799.2840728, value=0, duration=0.07881890000010117>
1799.9179 	DATA 	Keypress: backspace
1799.9257 	EXP 	Device response: <KeyPress from None: t=1799.9152556, value=backspace, duration=None>
1800.0762 	EXP 	Device response: <KeyPress from None: t=1799.9152556, value=backspace, duration=0.15714010000021972>
1800.1517 	DATA 	Keypress: 9
1800.1623 	EXP 	Device response: <KeyPress from None: t=1800.1489901, value=9, duration=None>
1800.2766 	EXP 	Device response: <KeyPress from None: t=1800.1489901, value=9, duration=0.12063670000009097>
1800.3765 	DATA 	Keypress: 9
1800.3777 	EXP 	Device response: <KeyPress from None: t=1800.3761351999997, value=9, duration=None>
1800.4274 	EXP 	Device response: <KeyPress from None: t=1800.3761351999997, value=9, duration=0.04923630000041612>
1800.5174 	DATA 	Keypress: 9
1800.5255 	EXP 	Device response: <KeyPress from None: t=1800.5165265, value=9, duration=None>
1800.5929 	EXP 	Device response: <KeyPress from None: t=1800.5165265, value=9, duration=0.0619899999998097>
1801.4644 	DATA 	Mouse: Left button down, pos=(971,214)
1801.4762 	EXP 	New trial (rep=20, index=2): <Trial 322 (2 in rep 20) data={'delay': 0.7, 'freq': 400, 'condition': 'unexp', 'thisN': 322, 'thisTrialN': 2, 'thisRepN': 20}>
1801.4927 	EXP 	text: autoDraw = False
1801.4927 	EXP 	textbox: autoDraw = False
1801.4927 	EXP 	polygon: autoDraw = True
1801.6601 	DATA 	Mouse:  Left button up, pos=(971,214)
1801.7096 	DATA 	Mouse: Left button down, pos=(971,214)
1801.7428 	EXP 	Device response: <KeyPress from None: t=1801.7367027999999, value=space, duration=None>
1801.7437 	DATA 	Keypress: space
1801.8420 	EXP 	Device response: <KeyPress from None: t=1798.5948727, value=space, duration=3.241378700000155>
1801.8775 	DATA 	Mouse:  Left button up, pos=(971,214)
1801.9590 	EXP 	Device response: <KeyPress from None: t=1801.9486195, value=space, duration=None>
1801.9602 	DATA 	Keypress: space
1802.0257 	EXP 	Device response: <KeyPress from None: t=1798.7977754999997, value=space, duration=3.2189665000001924>
1802.1605 	EXP 	Device response: <KeyPress from None: t=1802.1450372, value=space, duration=None>
1802.1615 	DATA 	Keypress: space
1802.2271 	EXP 	Device response: <KeyPress from None: t=1801.7367027999999, value=space, duration=0.4875674000001027>
1802.3450 	EXP 	Device response: <KeyPress from None: t=1802.3441735000001, value=space, duration=None>
1802.3463 	DATA 	Keypress: space
1802.4444 	EXP 	Device response: <KeyPress from None: t=1801.9486195, value=space, duration=0.4913695000001326>
1802.4774 	INFO 	Keyboard events cleared
1802.4772 	EXP 	polygon_2: autoDraw = True
1802.4937 	EXP 	polygon: autoDraw = False
1802.5779 	EXP 	Device response: <KeyPress from None: t=1802.5774765, value=space, duration=None>
1802.5802 	DATA 	Keypress: space
1802.5936 	EXP 	polygon: autoDraw = False
1802.5936 	EXP 	polygon_2: autoDraw = False
1802.6444 	EXP 	Device response: <KeyPress from None: t=1802.1450372, value=space, duration=0.4901780999999801>
1802.7778 	EXP 	Device response: <KeyPress from None: t=1802.775111, value=space, duration=None>
1802.7784 	DATA 	Keypress: space
1802.8590 	EXP 	Device response: <KeyPress from None: t=1802.3441735000001, value=space, duration=0.5133941000000277>
1803.2774 	EXP 	Sound sound_1 reached end of file
1803.2937 	EXP 	Playing sound sound_1 on speaker Speakers (Realtek(R) Audio)
1803.5953 	EXP 	Sound sound_1 stopped
1803.6156 	EXP 	text: autoDraw = True
1803.6156 	EXP 	textbox: autoDraw = True
1804.6752 	DATA 	Keypress: 5
1804.6764 	EXP 	Device response: <KeyPress from None: t=1804.6727535, value=5, duration=None>
1804.7592 	EXP 	Device response: <KeyPress from None: t=1804.6727535, value=5, duration=0.07522380000011708>
1804.8431 	DATA 	Keypress: 5
1804.8448 	EXP 	Device response: <KeyPress from None: t=1804.8385005999999, value=5, duration=None>
1804.9098 	EXP 	Device response: <KeyPress from None: t=1804.8385005999999, value=5, duration=0.06393230000014682>
1805.4801 	DATA 	Keypress: 0
1805.4919 	EXP 	Device response: <KeyPress from None: t=1805.4776775, value=0, duration=None>
1805.5423 	EXP 	Device response: <KeyPress from None: t=1805.4776775, value=0, duration=0.06182629999977962>
1806.4647 	DATA 	Mouse: Left button down, pos=(971,214)
1806.4764 	EXP 	New trial (rep=20, index=3): <Trial 323 (3 in rep 20) data={'delay': 0.4, 'freq': 1000, 'condition': 'exp', 'thisN': 323, 'thisTrialN': 3, 'thisRepN': 20}>
1806.4917 	EXP 	text: autoDraw = False
1806.4917 	EXP 	textbox: autoDraw = False
1806.4917 	EXP 	polygon: autoDraw = True
1806.6763 	DATA 	Mouse:  Left button up, pos=(971,214)
1806.7601 	DATA 	Mouse: Left button down, pos=(971,214)
1806.8767 	DATA 	Mouse:  Left button up, pos=(971,214)
1806.9443 	DATA 	Mouse: Left button down, pos=(971,214)
1807.0760 	DATA 	Mouse:  Left button up, pos=(971,214)
1807.1429 	DATA 	Mouse: Left button down, pos=(971,214)
1807.2761 	DATA 	Mouse:  Left button up, pos=(971,214)
1807.3430 	DATA 	Mouse: Left button down, pos=(971,214)
1807.4915 	INFO 	Keyboard events cleared
1807.4914 	EXP 	polygon: autoDraw = False
1807.4914 	EXP 	polygon_2: autoDraw = True
1807.4925 	DATA 	Mouse:  Left button up, pos=(971,214)
1807.5595 	DATA 	Mouse: Left button down, pos=(971,214)
1807.6606 	EXP 	Device response: <KeyPress from None: t=1807.6544172, value=space, duration=None>
1807.6624 	DATA 	Keypress: space
1807.6768 	EXP 	polygon: autoDraw = False
1807.6768 	EXP 	polygon_2: autoDraw = False
1807.7262 	DATA 	Mouse:  Left button up, pos=(971,214)
1807.7449 	EXP 	Device response: <KeyPress from None: t=1802.5774765, value=space, duration=5.148236000000111>
1807.8754 	EXP 	Device response: <KeyPress from None: t=1807.8728129, value=space, duration=None>
1807.8760 	DATA 	Keypress: space
1807.9422 	EXP 	Device response: <KeyPress from None: t=1802.775111, value=space, duration=5.1633456999999225>
1808.0586 	EXP 	Sound sound_1 reached end of file
1808.0749 	EXP 	Playing sound sound_1 on speaker Speakers (Realtek(R) Audio)
1808.3760 	EXP 	Sound sound_1 stopped
1808.3961 	EXP 	text: autoDraw = True
1808.3961 	EXP 	textbox: autoDraw = True
1808.7884 	DATA 	Keypress: 9
1808.7968 	EXP 	Device response: <KeyPress from None: t=1808.7861577999997, value=9, duration=None>
1808.8937 	EXP 	Device response: <KeyPress from None: t=1808.7861577999997, value=9, duration=0.10618860000033692>
1809.0140 	DATA 	Keypress: 9
1809.0256 	EXP 	Device response: <KeyPress from None: t=1809.0126228, value=9, duration=None>
1809.0765 	EXP 	Device response: <KeyPress from None: t=1809.0126228, value=9, duration=0.061063900000249305>
1809.2011 	DATA 	Keypress: 9
1809.2087 	EXP 	Device response: <KeyPress from None: t=1809.1989718999998, value=9, duration=None>
1809.2925 	EXP 	Device response: <KeyPress from None: t=1809.1989718999998, value=9, duration=0.08017380000012508>
1810.0928 	DATA 	Mouse: Left button down, pos=(971,214)
1810.0937 	EXP 	New trial (rep=20, index=4): <Trial 324 (4 in rep 20) data={'delay': 0.7, 'freq': 1000, 'condition': 'exp', 'thisN': 324, 'thisTrialN': 4, 'thisRepN': 20}>
1810.1092 	EXP 	text: autoDraw = False
1810.1092 	EXP 	textbox: autoDraw = False
1810.1092 	EXP 	polygon: autoDraw = True
1810.2763 	DATA 	Mouse:  Left button up, pos=(971,214)
1810.3434 	DATA 	Mouse: Left button down, pos=(971,214)
1810.4598 	DATA 	Mouse:  Left button up, pos=(971,214)
1810.5266 	DATA 	Mouse: Left button down, pos=(971,214)
1810.5760 	EXP 	Device response: <KeyPress from None: t=1810.5642100999999, value=space, duration=None>
1810.5768 	DATA 	Keypress: space
1810.6763 	EXP 	Device response: <KeyPress from None: t=1807.6544172, value=space, duration=3.0197675000000572>
1810.6776 	DATA 	Mouse:  Left button up, pos=(971,214)
1810.8087 	EXP 	Device response: <KeyPress from None: t=1810.8008814999998, value=space, duration=None>
1810.8095 	DATA 	Keypress: space
1810.8924 	EXP 	Device response: <KeyPress from None: t=1807.8728129, value=space, duration=3.003781499999718>
1811.0252 	EXP 	Device response: <KeyPress from None: t=1811.0199262, value=space, duration=None>
1811.0261 	DATA 	Keypress: space
1811.1089 	INFO 	Keyboard events cleared
1811.1088 	EXP 	polygon: autoDraw = False
1811.1088 	EXP 	polygon_2: autoDraw = True
1811.1254 	EXP 	Device response: <KeyPress from None: t=1810.5642100999999, value=space, duration=0.5539750000003778>
1811.2920 	EXP 	Device response: <KeyPress from None: t=1811.2770749000001, value=space, duration=None>
1811.2939 	DATA 	Keypress: space
1811.3086 	EXP 	polygon: autoDraw = False
1811.3086 	EXP 	polygon_2: autoDraw = False
1811.3420 	EXP 	Device response: <KeyPress from None: t=1810.8008814999998, value=space, duration=0.5368944000002784>
1811.5090 	EXP 	Device response: <KeyPress from None: t=1811.4944689, value=space, duration=None>
1811.5095 	DATA 	Keypress: space
1811.5926 	EXP 	Device response: <KeyPress from None: t=1811.0199262, value=space, duration=0.5598295000000917>
1811.9754 	EXP 	Sound sound_1 reached end of file
1811.9918 	EXP 	Playing sound sound_1 on speaker Speakers (Realtek(R) Audio)
1812.2864 	EXP 	Sound sound_1 stopped
1812.3047 	EXP 	text: autoDraw = True
1812.3047 	EXP 	textbox: autoDraw = True
1812.7522 	DATA 	Keypress: 9
1812.7598 	EXP 	Device response: <KeyPress from None: t=1812.7499908999998, value=9, duration=None>
1812.8429 	EXP 	Device response: <KeyPress from None: t=1812.7499908999998, value=9, duration=0.07699550000018007>
1812.9428 	DATA 	Keypress: 9
1812.9442 	EXP 	Device response: <KeyPress from None: t=1812.9417561, value=9, duration=None>
1813.0256 	EXP 	Device response: <KeyPress from None: t=1812.9417561, value=9, duration=0.07082580000007965>
1813.1472 	DATA 	Keypress: 9
1813.1587 	EXP 	Device response: <KeyPress from None: t=1813.1449233999997, value=9, duration=None>
1813.1933 	EXP 	Device response: <KeyPress from None: t=1813.1449233999997, value=9, duration=0.047105100000521816>
1814.0637 	DATA 	Mouse: Left button down, pos=(971,214)
1814.0765 	EXP 	New trial (rep=20, index=5): <Trial 325 (5 in rep 20) data={'delay': 0.1, 'freq': 400, 'condition': 'unexp', 'thisN': 325, 'thisTrialN': 5, 'thisRepN': 20}>
1814.0921 	EXP 	text: autoDraw = False
1814.0921 	EXP 	textbox: autoDraw = False
1814.0921 	EXP 	polygon: autoDraw = True
1814.2938 	DATA 	Mouse:  Left button up, pos=(971,214)
1814.3436 	DATA 	Mouse: Left button down, pos=(971,214)
1814.5096 	DATA 	Mouse:  Left button up, pos=(971,214)
1814.5765 	DATA 	Mouse: Left button down, pos=(971,214)
1814.7263 	DATA 	Mouse:  Left button up, pos=(971,214)
1814.7762 	DATA 	Mouse: Left button down, pos=(971,214)
1814.8586 	EXP 	Device response: <KeyPress from None: t=1814.8535444999998, value=space, duration=None>
1814.8594 	DATA 	Keypress: space
1814.9433 	EXP 	Device response: <KeyPress from None: t=1811.2770749000001, value=space, duration=3.663549900000021>
1814.9446 	DATA 	Mouse:  Left button up, pos=(971,214)
1815.0753 	INFO 	Keyboard events cleared
1815.0752 	EXP 	polygon_2: autoDraw = True
1815.0922 	EXP 	polygon: autoDraw = False
1815.0927 	EXP 	Device response: <KeyPress from None: t=1815.0919169, value=space, duration=None>
1815.0948 	DATA 	Keypress: space
1815.1086 	EXP 	polygon: autoDraw = False
1815.1086 	EXP 	polygon_2: autoDraw = False
1815.1753 	EXP 	Device response: <KeyPress from None: t=1811.4944689, value=space, duration=3.6712060000000974>
1815.1919 	EXP 	Sound sound_1 reached end of file
1815.2083 	EXP 	Playing sound sound_1 on speaker Speakers (Realtek(R) Audio)
1815.3446 	EXP 	Device response: <KeyPress from None: t=1815.3422021000001, value=space, duration=None>
1815.3454 	DATA 	Keypress: space
1815.4111 	EXP 	Device response: <KeyPress from None: t=1814.8535444999998, value=space, duration=0.5448936000003641>
1815.5129 	EXP 	Sound sound_1 stopped
1815.5330 	EXP 	text: autoDraw = True
1815.5330 	EXP 	textbox: autoDraw = True
1816.7163 	DATA 	Keypress: 6
1816.7177 	EXP 	Device response: <KeyPress from None: t=1816.7137362999997, value=6, duration=None>
1816.7937 	EXP 	Device response: <KeyPress from None: t=1816.7137362999997, value=6, duration=0.07630950000032044>
1816.8594 	DATA 	Keypress: 6
1816.8607 	EXP 	Device response: <KeyPress from None: t=1816.8578008, value=6, duration=None>
1816.9594 	EXP 	Device response: <KeyPress from None: t=1816.8578008, value=6, duration=0.0848299000000452>
1817.1174 	DATA 	Keypress: 0
1817.1252 	EXP 	Device response: <KeyPress from None: t=1817.1148817999997, value=0, duration=None>
1817.2264 	EXP 	Device response: <KeyPress from None: t=1817.1148817999997, value=0, duration=0.09589950000020053>
1818.0820 	DATA 	Mouse: Left button down, pos=(971,214)
1818.0932 	EXP 	New trial (rep=20, index=6): <Trial 326 (6 in rep 20) data={'delay': 0.4, 'freq': 1000, 'condition': 'exp', 'thisN': 326, 'thisTrialN': 6, 'thisRepN': 20}>
1818.1089 	EXP 	text: autoDraw = False
1818.1089 	EXP 	textbox: autoDraw = False
1818.1089 	EXP 	polygon: autoDraw = True
1818.2760 	DATA 	Mouse:  Left button up, pos=(971,214)
1818.5432 	DATA 	Mouse: Left button down, pos=(971,214)
1818.7594 	DATA 	Mouse:  Left button up, pos=(971,214)
1818.8267 	DATA 	Mouse: Left button down, pos=(971,214)
1818.9929 	DATA 	Mouse:  Left button up, pos=(971,214)
1819.0603 	DATA 	Mouse: Left button down, pos=(971,214)
1819.0924 	INFO 	Keyboard events cleared
1819.0922 	EXP 	polygon_2: autoDraw = True
1819.1092 	EXP 	polygon: autoDraw = False
1819.2096 	DATA 	Mouse:  Left button up, pos=(971,214)
1819.2760 	DATA 	Mouse: Left button down, pos=(971,214)
1819.4267 	DATA 	Mouse:  Left button up, pos=(971,214)
1819.4770 	DATA 	Mouse: Left button down, pos=(971,214)
1819.6766 	DATA 	Mouse:  Left button up, pos=(971,214)
1819.7429 	DATA 	Mouse: Left button down, pos=(971,214)
1819.8932 	DATA 	Mouse:  Left button up, pos=(971,214)
1819.9621 	DATA 	Mouse: Left button down, pos=(971,214)
1820.0958 	DATA 	Mouse:  Left button up, pos=(971,214)
1820.1626 	DATA 	Mouse: Left button down, pos=(971,214)
1820.2920 	EXP 	Device response: <KeyPress from None: t=1820.2838766, value=space, duration=None>
1820.2935 	DATA 	Keypress: space
1820.3103 	EXP 	polygon: autoDraw = False
1820.3103 	EXP 	polygon_2: autoDraw = False
1820.3273 	DATA 	Mouse:  Left button up, pos=(971,214)
1820.4777 	EXP 	Device response: <KeyPress from None: t=1815.0919169, value=space, duration=5.38241870000013>
1820.6781 	EXP 	Sound sound_1 reached end of file
1820.6944 	EXP 	Playing sound sound_1 on speaker Speakers (Realtek(R) Audio)
1820.9950 	EXP 	Sound sound_1 stopped
1821.0148 	EXP 	text: autoDraw = True
1821.0148 	EXP 	textbox: autoDraw = True
1821.3471 	DATA 	Keypress: 9
1821.3572 	EXP 	Device response: <KeyPress from None: t=1821.339375, value=9, duration=None>
1821.4264 	EXP 	Device response: <KeyPress from None: t=1821.339375, value=9, duration=0.08113779999996495>
1821.7970 	DATA 	Keypress: 9
1821.8091 	EXP 	Device response: <KeyPress from None: t=1821.7951846, value=9, duration=None>
1821.8927 	EXP 	Device response: <KeyPress from None: t=1821.7951846, value=9, duration=0.09455579999996644>
1822.0093 	DATA 	Keypress: 9
1822.0108 	EXP 	Device response: <KeyPress from None: t=1822.0016375999999, value=9, duration=None>
1822.0765 	EXP 	Device response: <KeyPress from None: t=1822.0016375999999, value=9, duration=0.07417560000033063>
1822.8602 	DATA 	Mouse: Left button down, pos=(971,214)
1822.8612 	EXP 	New trial (rep=20, index=7): <Trial 327 (7 in rep 20) data={'delay': 0.1, 'freq': 1000, 'condition': 'exp', 'thisN': 327, 'thisTrialN': 7, 'thisRepN': 20}>
1822.8755 	EXP 	text: autoDraw = False
1822.8755 	EXP 	textbox: autoDraw = False
1822.8755 	EXP 	polygon: autoDraw = True
1823.0601 	DATA 	Mouse:  Left button up, pos=(971,214)
1823.1268 	DATA 	Mouse: Left button down, pos=(971,214)
1823.3094 	DATA 	Mouse:  Left button up, pos=(971,214)
1823.3760 	DATA 	Mouse: Left button down, pos=(971,214)
1823.5265 	DATA 	Mouse:  Left button up, pos=(971,214)
1823.8752 	INFO 	Keyboard events cleared
1823.8751 	EXP 	polygon: autoDraw = False
1823.8751 	EXP 	polygon_2: autoDraw = True
1824.0778 	EXP 	Device response: <KeyPress from None: t=1824.0663799999998, value=space, duration=None>
1824.0796 	DATA 	Keypress: space
1824.0936 	EXP 	polygon: autoDraw = False
1824.0936 	EXP 	polygon_2: autoDraw = False
1824.1611 	EXP 	Sound sound_1 reached end of file
1824.1774 	EXP 	Playing sound sound_1 on speaker Speakers (Realtek(R) Audio)
1824.2605 	EXP 	Device response: <KeyPress from None: t=1815.3422021000001, value=space, duration=8.903091700000118>
1824.4736 	EXP 	Sound sound_1 stopped
1824.4931 	EXP 	text: autoDraw = True
1824.4931 	EXP 	textbox: autoDraw = True
1825.1042 	DATA 	Keypress: 9
1825.1151 	EXP 	Device response: <KeyPress from None: t=1825.1020721999998, value=9, duration=None>
1825.2606 	EXP 	Device response: <KeyPress from None: t=1825.1020721999998, value=9, duration=0.15694630000018606>
1825.4168 	DATA 	Keypress: 9
1825.4261 	EXP 	Device response: <KeyPress from None: t=1825.4142492, value=9, duration=None>
1825.5927 	EXP 	Device response: <KeyPress from None: t=1825.4142492, value=9, duration=0.16384119999986524>
1825.7096 	DATA 	Keypress: 9
1825.7110 	EXP 	Device response: <KeyPress from None: t=1825.7075851, value=9, duration=None>
1825.7765 	EXP 	Device response: <KeyPress from None: t=1825.7075851, value=9, duration=0.06590040000003228>
1826.5509 	DATA 	Mouse: Left button down, pos=(971,214)
1826.5603 	EXP 	New trial (rep=20, index=8): <Trial 328 (8 in rep 20) data={'delay': 0.7, 'freq': 1000, 'condition': 'exp', 'thisN': 328, 'thisTrialN': 8, 'thisRepN': 20}>
1826.5751 	EXP 	text: autoDraw = False
1826.5751 	EXP 	textbox: autoDraw = False
1826.5751 	EXP 	polygon: autoDraw = True
1826.7766 	DATA 	Mouse:  Left button up, pos=(971,214)
1826.8427 	DATA 	Mouse: Left button down, pos=(971,214)
1826.9930 	DATA 	Mouse:  Left button up, pos=(971,214)
1827.2091 	EXP 	Device response: <KeyPress from None: t=1827.1942341, value=space, duration=None>
1827.2099 	DATA 	Keypress: space
1827.3947 	EXP 	Device response: <KeyPress from None: t=1820.2838766, value=space, duration=7.109847400000149>
1827.5756 	INFO 	Keyboard events cleared
1827.5754 	EXP 	polygon: autoDraw = False
1827.5754 	EXP 	polygon_2: autoDraw = True
1827.7779 	EXP 	Device response: <KeyPress from None: t=1827.7673529999997, value=space, duration=None>
1827.7801 	DATA 	Keypress: space
1827.7940 	EXP 	polygon: autoDraw = False
1827.7940 	EXP 	polygon_2: autoDraw = False
1827.9611 	EXP 	Device response: <KeyPress from None: t=1824.0663799999998, value=space, duration=3.881223200000136>
1828.4781 	EXP 	Sound sound_1 reached end of file
1828.4944 	EXP 	Playing sound sound_1 on speaker Speakers (Realtek(R) Audio)
1828.7937 	EXP 	Sound sound_1 stopped
1828.8130 	EXP 	text: autoDraw = True
1828.8130 	EXP 	textbox: autoDraw = True
1831.0002 	DATA 	Keypress: 9
1831.0100 	EXP 	Device response: <KeyPress from None: t=1830.9976963, value=9, duration=None>
1831.1103 	EXP 	Device response: <KeyPress from None: t=1830.9976963, value=9, duration=0.10717970000007426>
1831.2089 	DATA 	Keypress: 9
1831.2102 	EXP 	Device response: <KeyPress from None: t=1831.2062763, value=9, duration=None>
1831.2929 	EXP 	Device response: <KeyPress from None: t=1831.2062763, value=9, duration=0.07659060000025875>
1831.3930 	DATA 	Keypress: 9
1831.3951 	EXP 	Device response: <KeyPress from None: t=1831.3853899, value=9, duration=None>
1831.4593 	EXP 	Device response: <KeyPress from None: t=1831.3853899, value=9, duration=0.06404699999995955>
1832.3591 	DATA 	Mouse: Left button down, pos=(971,214)
1832.3600 	EXP 	New trial (rep=20, index=9): <Trial 329 (9 in rep 20) data={'delay': 0.1, 'freq': 1000, 'condition': 'exp', 'thisN': 329, 'thisTrialN': 9, 'thisRepN': 20}>
1832.3751 	EXP 	text: autoDraw = False
1832.3751 	EXP 	textbox: autoDraw = False
1832.3751 	EXP 	polygon: autoDraw = True
1832.5597 	DATA 	Mouse:  Left button up, pos=(971,214)
1832.6261 	DATA 	Mouse: Left button down, pos=(971,214)
1832.7604 	DATA 	Mouse:  Left button up, pos=(971,214)
1832.8261 	DATA 	Mouse: Left button down, pos=(971,214)
1832.8923 	EXP 	Device response: <KeyPress from None: t=1832.8772651999998, value=space, duration=None>
1832.8932 	DATA 	Keypress: space
1832.9423 	EXP 	Device response: <KeyPress from None: t=1827.1942341, value=space, duration=5.7462693000003355>
1832.9934 	DATA 	Mouse:  Left button up, pos=(971,214)
1833.0757 	EXP 	Device response: <KeyPress from None: t=1833.0648960999997, value=space, duration=None>
1833.0768 	DATA 	Keypress: space
1833.1763 	EXP 	Device response: <KeyPress from None: t=1827.7673529999997, value=space, duration=5.399748400000249>
1833.3089 	EXP 	Device response: <KeyPress from None: t=1833.2950608, value=space, duration=None>
1833.3098 	DATA 	Keypress: space
1833.3584 	INFO 	Keyboard events cleared
1833.3583 	EXP 	polygon_2: autoDraw = True
1833.3753 	EXP 	polygon: autoDraw = False
1833.3756 	EXP 	Device response: <KeyPress from None: t=1832.8772651999998, value=space, duration=0.48774420000029295>
1833.4927 	EXP 	Device response: <KeyPress from None: t=1833.4881664999998, value=space, duration=None>
1833.4949 	DATA 	Keypress: space
1833.5086 	EXP 	polygon: autoDraw = False
1833.5086 	EXP 	polygon_2: autoDraw = False
1833.5752 	EXP 	Device response: <KeyPress from None: t=1833.0648960999997, value=space, duration=0.49657680000029814>
1833.5923 	EXP 	Sound sound_1 reached end of file
1833.6087 	EXP 	Playing sound sound_1 on speaker Speakers (Realtek(R) Audio)
1833.7097 	EXP 	Device response: <KeyPress from None: t=1833.6960562999998, value=space, duration=None>
1833.7103 	DATA 	Keypress: space
1833.7772 	EXP 	Device response: <KeyPress from None: t=1833.2950608, value=space, duration=0.4665901999998141>
1833.9119 	EXP 	Sound sound_1 stopped
1833.9319 	EXP 	text: autoDraw = True
1833.9319 	EXP 	textbox: autoDraw = True
1834.2926 	DATA 	Keypress: 9
1834.3040 	EXP 	Device response: <KeyPress from None: t=1834.2882596, value=9, duration=None>
1834.3930 	EXP 	Device response: <KeyPress from None: t=1834.2882596, value=9, duration=0.0948964999998907>
1834.4982 	DATA 	Keypress: 9
1834.5089 	EXP 	Device response: <KeyPress from None: t=1834.4958063999998, value=9, duration=None>
1834.5760 	EXP 	Device response: <KeyPress from None: t=1834.4958063999998, value=9, duration=0.07178770000029999>
1834.6808 	DATA 	Keypress: 9
1834.6921 	EXP 	Device response: <KeyPress from None: t=1834.6793481999998, value=9, duration=None>
1834.7428 	EXP 	Device response: <KeyPress from None: t=1834.6793481999998, value=9, duration=0.05380730000035783>
1835.4928 	DATA 	Mouse: Left button down, pos=(971,214)
1835.4937 	EXP 	New trial (rep=20, index=10): <Trial 330 (10 in rep 20) data={'delay': 0.4, 'freq': 1000, 'condition': 'exp', 'thisN': 330, 'thisTrialN': 10, 'thisRepN': 20}>
1835.5097 	EXP 	text: autoDraw = False
1835.5097 	EXP 	textbox: autoDraw = False
1835.5097 	EXP 	polygon: autoDraw = True
1835.6935 	DATA 	Mouse:  Left button up, pos=(971,214)
1835.7596 	DATA 	Mouse: Left button down, pos=(971,214)
1835.8437 	DATA 	Mouse:  Left button up, pos=(971,214)
1835.8937 	DATA 	Mouse: Left button down, pos=(971,214)
1836.0764 	DATA 	Mouse:  Left button up, pos=(971,214)
1836.1427 	EXP 	Device response: <KeyPress from None: t=1836.1359724999998, value=space, duration=None>
1836.1434 	DATA 	Keypress: space
1836.2089 	EXP 	Device response: <KeyPress from None: t=1833.4881664999998, value=space, duration=2.7186874000000216>
1836.5095 	INFO 	Keyboard events cleared
1836.5093 	EXP 	polygon_2: autoDraw = True
1836.5257 	EXP 	polygon: autoDraw = False
1836.7589 	EXP 	Device response: <KeyPress from None: t=1836.7475885999997, value=space, duration=None>
1836.7606 	DATA 	Keypress: space
1836.7756 	EXP 	polygon: autoDraw = False
1836.7756 	EXP 	polygon_2: autoDraw = False
1836.9090 	EXP 	Device response: <KeyPress from None: t=1833.6960562999998, value=space, duration=3.202062200000114>
1837.1420 	EXP 	Sound sound_1 reached end of file
1837.1584 	EXP 	Playing sound sound_1 on speaker Speakers (Realtek(R) Audio)
1837.4526 	EXP 	Sound sound_1 stopped
1837.4707 	EXP 	text: autoDraw = True
1837.4707 	EXP 	textbox: autoDraw = True
1837.5216 	DATA 	Keypress: 9
1837.5231 	EXP 	Device response: <KeyPress from None: t=1837.5165481999998, value=9, duration=None>
1837.6101 	EXP 	Device response: <KeyPress from None: t=1837.5165481999998, value=9, duration=0.0897122000002355>
1837.7339 	DATA 	Keypress: 9
1837.7424 	EXP 	Device response: <KeyPress from None: t=1837.7306863, value=9, duration=None>
1837.7932 	EXP 	Device response: <KeyPress from None: t=1837.7306863, value=9, duration=0.05005280000034418>
1837.8809 	DATA 	Keypress: 9
1837.8923 	EXP 	Device response: <KeyPress from None: t=1837.8762862999997, value=9, duration=None>
1838.0273 	EXP 	Device response: <KeyPress from None: t=1837.8762862999997, value=9, duration=0.1491694000002326>
1838.9773 	DATA 	Mouse: Left button down, pos=(971,214)
1838.9785 	EXP 	New trial (rep=20, index=11): <Trial 331 (11 in rep 20) data={'delay': 0.4, 'freq': 1000, 'condition': 'exp', 'thisN': 331, 'thisTrialN': 11, 'thisRepN': 20}>
1838.9918 	EXP 	text: autoDraw = False
1838.9918 	EXP 	textbox: autoDraw = False
1838.9918 	EXP 	polygon: autoDraw = True
1839.1767 	DATA 	Mouse:  Left button up, pos=(971,214)
1839.2261 	DATA 	Mouse: Left button down, pos=(971,214)
1839.3927 	EXP 	Device response: <KeyPress from None: t=1839.3899582, value=space, duration=None>
1839.3937 	DATA 	Mouse:  Left button up, pos=(971,214)
1839.3942 	DATA 	Keypress: space
1839.4923 	EXP 	Device response: <KeyPress from None: t=1836.1359724999998, value=space, duration=3.3544480000001613>
1839.6598 	EXP 	Device response: <KeyPress from None: t=1839.6468921, value=space, duration=None>
1839.6608 	DATA 	Keypress: space
1839.7591 	EXP 	Device response: <KeyPress from None: t=1836.7475885999997, value=space, duration=3.009279800000172>
1839.9111 	EXP 	Device response: <KeyPress from None: t=1839.8968784999997, value=space, duration=None>
1839.9122 	DATA 	Keypress: space
1839.9942 	INFO 	Keyboard events cleared
1839.9940 	EXP 	polygon: autoDraw = False
1839.9940 	EXP 	polygon_2: autoDraw = True
1840.1256 	EXP 	Device response: <KeyPress from None: t=1840.1234845999998, value=space, duration=None>
1840.1278 	DATA 	Keypress: space
1840.1426 	EXP 	polygon: autoDraw = False
1840.1426 	EXP 	polygon_2: autoDraw = False
1840.2087 	EXP 	Device response: <KeyPress from None: t=1839.3899582, value=space, duration=0.8167678000000933>
1840.3607 	EXP 	Device response: <KeyPress from None: t=1840.3519854, value=space, duration=None>
1840.3619 	DATA 	Keypress: space
1840.4424 	EXP 	Device response: <KeyPress from None: t=1839.6468921, value=space, duration=0.7791140000000496>
1840.5108 	EXP 	Sound sound_1 reached end of file
1840.5271 	EXP 	Playing sound sound_1 on speaker Speakers (Realtek(R) Audio)
1840.8234 	EXP 	Sound sound_1 stopped
1840.8434 	EXP 	text: autoDraw = True
1840.8434 	EXP 	textbox: autoDraw = True
1841.0747 	DATA 	Keypress: 9
1841.0821 	EXP 	Device response: <KeyPress from None: t=1841.0736779999997, value=9, duration=None>
1841.1757 	EXP 	Device response: <KeyPress from None: t=1841.0736779999997, value=9, duration=0.09393170000032569>
1841.2761 	DATA 	Keypress: 9
1841.2778 	EXP 	Device response: <KeyPress from None: t=1841.2717585, value=9, duration=None>
1841.3596 	EXP 	Device response: <KeyPress from None: t=1841.2717585, value=9, duration=0.08416439999984959>
1841.4474 	DATA 	Keypress: 9
1841.4593 	EXP 	Device response: <KeyPress from None: t=1841.4467703, value=9, duration=None>
1841.5434 	EXP 	Device response: <KeyPress from None: t=1841.4467703, value=9, duration=0.08777939999993123>
1842.3766 	DATA 	Mouse: Left button down, pos=(971,214)
1842.3779 	EXP 	New trial (rep=20, index=12): <Trial 332 (12 in rep 20) data={'delay': 0.4, 'freq': 400, 'condition': 'unexp', 'thisN': 332, 'thisTrialN': 12, 'thisRepN': 20}>
1842.3923 	EXP 	text: autoDraw = False
1842.3923 	EXP 	textbox: autoDraw = False
1842.3923 	EXP 	polygon: autoDraw = True
1842.5762 	DATA 	Mouse:  Left button up, pos=(971,214)
1842.6432 	DATA 	Mouse: Left button down, pos=(971,214)
1842.7760 	DATA 	Mouse:  Left button up, pos=(971,214)
1842.8428 	DATA 	Mouse: Left button down, pos=(971,214)
1843.0265 	DATA 	Mouse:  Left button up, pos=(971,214)
1843.0931 	DATA 	Mouse: Left button down, pos=(971,214)
1843.2601 	DATA 	Mouse:  Left button up, pos=(971,214)
1843.3264 	DATA 	Mouse: Left button down, pos=(971,214)
1843.3920 	INFO 	Keyboard events cleared
1843.3919 	EXP 	polygon: autoDraw = False
1843.3919 	EXP 	polygon_2: autoDraw = True
1843.4933 	DATA 	Mouse:  Left button up, pos=(971,214)
1843.5602 	DATA 	Mouse: Left button down, pos=(971,214)
1843.7597 	DATA 	Mouse:  Left button up, pos=(971,214)
1843.8263 	DATA 	Mouse: Left button down, pos=(971,214)
1843.9769 	DATA 	Mouse:  Left button up, pos=(971,214)
1844.0283 	DATA 	Mouse: Left button down, pos=(971,214)
1844.2095 	DATA 	Mouse:  Left button up, pos=(971,214)
1844.2771 	DATA 	Mouse: Left button down, pos=(971,214)
1844.2936 	EXP 	Device response: <KeyPress from None: t=1844.2790454, value=space, duration=None>
1844.2955 	DATA 	Keypress: space
1844.3099 	EXP 	polygon: autoDraw = False
1844.3099 	EXP 	polygon_2: autoDraw = False
1844.4111 	EXP 	Device response: <KeyPress from None: t=1839.8968784999997, value=space, duration=4.513426600000116>
1844.4446 	DATA 	Mouse:  Left button up, pos=(971,214)
1844.6775 	EXP 	Sound sound_1 reached end of file
1844.6938 	EXP 	Playing sound sound_1 on speaker Speakers (Realtek(R) Audio)
1844.9975 	EXP 	Sound sound_1 stopped
1845.0162 	EXP 	text: autoDraw = True
1845.0162 	EXP 	textbox: autoDraw = True
1846.0505 	DATA 	Keypress: 5
1846.0611 	EXP 	Device response: <KeyPress from None: t=1846.0491331999997, value=5, duration=None>
1846.1270 	EXP 	Device response: <KeyPress from None: t=1846.0491331999997, value=5, duration=0.07435580000048958>
1846.2010 	DATA 	Keypress: 5
1846.2091 	EXP 	Device response: <KeyPress from None: t=1846.1987267, value=5, duration=None>
1846.2925 	EXP 	Device response: <KeyPress from None: t=1846.1987267, value=5, duration=0.08054460000005292>
1846.7433 	DATA 	Keypress: 0
1846.7449 	EXP 	Device response: <KeyPress from None: t=1846.7358586999999, value=0, duration=None>
1846.8423 	EXP 	Device response: <KeyPress from None: t=1846.7358586999999, value=0, duration=0.09226260000025377>
1847.7096 	DATA 	Mouse: Left button down, pos=(971,214)
1847.7109 	EXP 	New trial (rep=20, index=13): <Trial 333 (13 in rep 20) data={'delay': 0.1, 'freq': 400, 'condition': 'unexp', 'thisN': 333, 'thisTrialN': 13, 'thisRepN': 20}>
1847.7255 	EXP 	text: autoDraw = False
1847.7255 	EXP 	textbox: autoDraw = False
1847.7255 	EXP 	polygon: autoDraw = True
1847.8942 	DATA 	Mouse:  Left button up, pos=(971,214)
1847.9604 	DATA 	Mouse: Left button down, pos=(971,214)
1848.1264 	DATA 	Mouse:  Left button up, pos=(971,214)
1848.1766 	DATA 	Mouse: Left button down, pos=(971,214)
1848.3259 	DATA 	Mouse:  Left button up, pos=(971,214)
1848.3934 	DATA 	Mouse: Left button down, pos=(971,214)
1848.5768 	DATA 	Mouse:  Left button up, pos=(971,214)
1848.6614 	DATA 	Mouse: Left button down, pos=(971,214)
1848.7270 	INFO 	Keyboard events cleared
1848.7268 	EXP 	polygon: autoDraw = False
1848.7268 	EXP 	polygon_2: autoDraw = True
1848.8117 	DATA 	Mouse:  Left button up, pos=(971,214)
1849.2429 	DATA 	Mouse: Left button down, pos=(971,214)
1849.3770 	EXP 	Device response: <KeyPress from None: t=1849.3755416, value=space, duration=None>
1849.3794 	DATA 	Keypress: space
1849.3934 	EXP 	polygon: autoDraw = False
1849.3934 	EXP 	polygon_2: autoDraw = False
1849.4759 	EXP 	Sound sound_1 reached end of file
1849.4922 	EXP 	Playing sound sound_1 on speaker Speakers (Realtek(R) Audio)
1849.4767 	DATA 	Mouse:  Left button up, pos=(971,214)
1849.5094 	EXP 	Device response: <KeyPress from None: t=1840.1234845999998, value=space, duration=9.380782900000327>
1849.7929 	EXP 	Sound sound_1 stopped
1849.8150 	EXP 	text: autoDraw = True
1849.8150 	EXP 	textbox: autoDraw = True
1850.9259 	DATA 	Keypress: 5
1850.9273 	EXP 	Device response: <KeyPress from None: t=1850.9240968, value=5, duration=None>
1850.9935 	EXP 	Device response: <KeyPress from None: t=1850.9240968, value=5, duration=0.06657060000009096>
1851.0774 	DATA 	Keypress: 5
1851.0786 	EXP 	Device response: <KeyPress from None: t=1851.0769273, value=5, duration=None>
1851.1594 	EXP 	Device response: <KeyPress from None: t=1851.0769273, value=5, duration=0.0673892000000933>
1851.7174 	DATA 	Keypress: 0
1851.7257 	EXP 	Device response: <KeyPress from None: t=1851.7157192, value=0, duration=None>
1851.8100 	EXP 	Device response: <KeyPress from None: t=1851.7157192, value=0, duration=0.0868111999999428>
1852.7600 	DATA 	Mouse: Left button down, pos=(971,214)
1852.7611 	EXP 	New trial (rep=20, index=14): <Trial 334 (14 in rep 20) data={'delay': 0.1, 'freq': 1000, 'condition': 'exp', 'thisN': 334, 'thisTrialN': 14, 'thisRepN': 20}>
1852.7753 	EXP 	text: autoDraw = False
1852.7753 	EXP 	textbox: autoDraw = False
1852.7753 	EXP 	polygon: autoDraw = True
1852.9937 	DATA 	Mouse:  Left button up, pos=(971,214)
1853.0428 	DATA 	Mouse: Left button down, pos=(971,214)
1853.2103 	DATA 	Mouse:  Left button up, pos=(971,214)
1853.7613 	INFO 	Keyboard events cleared
1853.7611 	EXP 	polygon_2: autoDraw = True
1853.7769 	EXP 	polygon: autoDraw = False
1853.8611 	EXP 	Device response: <KeyPress from None: t=1853.8481259, value=space, duration=None>
1853.8629 	DATA 	Keypress: space
1853.8772 	EXP 	polygon: autoDraw = False
1853.8772 	EXP 	polygon_2: autoDraw = False
1853.9443 	EXP 	Sound sound_1 reached end of file
1853.9605 	EXP 	Playing sound sound_1 on speaker Speakers (Realtek(R) Audio)
1853.9613 	EXP 	Device response: <KeyPress from None: t=1840.3519854, value=space, duration=13.597318100000052>
1854.2652 	EXP 	Sound sound_1 stopped
1854.2863 	EXP 	text: autoDraw = True
1854.2863 	EXP 	textbox: autoDraw = True
1855.4621 	DATA 	Keypress: 9
1855.4695 	EXP 	Device response: <KeyPress from None: t=1855.4604657, value=9, duration=None>
1855.5432 	EXP 	Device response: <KeyPress from None: t=1855.4604657, value=9, duration=0.07590929999980744>
1855.6261 	DATA 	Keypress: 9
1855.6277 	EXP 	Device response: <KeyPress from None: t=1855.6235112999998, value=9, duration=None>
1855.6929 	EXP 	Device response: <KeyPress from None: t=1855.6235112999998, value=9, duration=0.057885100000135026>
1855.7769 	DATA 	Keypress: 9
1855.7785 	EXP 	Device response: <KeyPress from None: t=1855.774039, value=9, duration=None>
1855.8265 	EXP 	Device response: <KeyPress from None: t=1855.774039, value=9, duration=0.04899680000028184>
1856.6148 	DATA 	Mouse: Left button down, pos=(971,214)
1856.6266 	EXP 	New trial (rep=20, index=15): <Trial 335 (15 in rep 20) data={'delay': 0.7, 'freq': 1000, 'condition': 'exp', 'thisN': 335, 'thisTrialN': 15, 'thisRepN': 20}>
1856.6425 	EXP 	text: autoDraw = False
1856.6425 	EXP 	textbox: autoDraw = False
1856.6425 	EXP 	polygon: autoDraw = True
1856.7933 	DATA 	Mouse:  Left button up, pos=(971,214)
1856.8598 	DATA 	Mouse: Left button down, pos=(971,214)
1857.0097 	DATA 	Mouse:  Left button up, pos=(971,214)
1857.0604 	DATA 	Mouse: Left button down, pos=(971,214)
1857.2102 	DATA 	Mouse:  Left button up, pos=(971,214)
1857.2759 	DATA 	Mouse: Left button down, pos=(971,214)
1857.6255 	INFO 	Keyboard events cleared
1857.6254 	EXP 	polygon_2: autoDraw = True
1857.6422 	EXP 	polygon: autoDraw = False
1857.8588 	EXP 	Device response: <KeyPress from None: t=1857.8505787999998, value=space, duration=None>
1857.8605 	DATA 	Keypress: space
1857.8751 	EXP 	polygon: autoDraw = False
1857.8751 	EXP 	polygon_2: autoDraw = False
1858.0092 	DATA 	Mouse:  Left button up, pos=(971,214)
1858.0267 	EXP 	Device response: <KeyPress from None: t=1844.2790454, value=space, duration=13.731931699999791>
1858.5423 	EXP 	Sound sound_1 reached end of file
1858.5586 	EXP 	Playing sound sound_1 on speaker Speakers (Realtek(R) Audio)
1858.8616 	EXP 	Sound sound_1 stopped
1858.8818 	EXP 	text: autoDraw = True
1858.8818 	EXP 	textbox: autoDraw = True
1858.9668 	DATA 	Keypress: 9
1858.9777 	EXP 	Device response: <KeyPress from None: t=1858.9655923999999, value=9, duration=None>
1859.0268 	EXP 	Device response: <KeyPress from None: t=1858.9655923999999, value=9, duration=0.05785980000030122>
1859.1353 	DATA 	Keypress: 9
1859.1429 	EXP 	Device response: <KeyPress from None: t=1859.1348582, value=9, duration=None>
1859.2098 	EXP 	Device response: <KeyPress from None: t=1859.1348582, value=9, duration=0.06793479999998908>
1859.3099 	DATA 	Keypress: 9
1859.3115 	EXP 	Device response: <KeyPress from None: t=1859.3032967, value=9, duration=None>
1859.3592 	EXP 	Device response: <KeyPress from None: t=1859.3032967, value=9, duration=0.04023730000028536>
1860.1844 	DATA 	Mouse: Left button down, pos=(971,214)
1860.1952 	EXP 	New trial (rep=21, index=0): <Trial 336 (0 in rep 21) data={'delay': 0.4, 'freq': 1000, 'condition': 'exp', 'thisN': 336, 'thisTrialN': 0, 'thisRepN': 21}>
1860.2086 	EXP 	text: autoDraw = False
1860.2086 	EXP 	textbox: autoDraw = False
1860.2086 	EXP 	polygon: autoDraw = True
1860.3773 	DATA 	Mouse:  Left button up, pos=(971,214)
1860.4436 	DATA 	Mouse: Left button down, pos=(971,214)
1860.5929 	DATA 	Mouse:  Left button up, pos=(971,214)
1860.6596 	DATA 	Mouse: Left button down, pos=(971,214)
1860.7260 	EXP 	Device response: <KeyPress from None: t=1860.7199160999999, value=space, duration=None>
1860.7270 	DATA 	Keypress: space
1860.8105 	DATA 	Mouse:  Left button up, pos=(971,214)
1860.8263 	EXP 	Device response: <KeyPress from None: t=1849.3755416, value=space, duration=11.443353199999933>
1860.9760 	EXP 	Device response: <KeyPress from None: t=1860.9701501999998, value=space, duration=None>
1860.9767 	DATA 	Keypress: space
1861.0423 	EXP 	Device response: <KeyPress from None: t=1853.8481259, value=space, duration=7.181747199999904>
1861.2094 	INFO 	Keyboard events cleared
1861.2093 	EXP 	polygon: autoDraw = False
1861.2093 	EXP 	polygon_2: autoDraw = True
1861.6428 	EXP 	Device response: <KeyPress from None: t=1861.6345326, value=space, duration=None>
1861.6447 	DATA 	Keypress: space
1861.6585 	EXP 	polygon: autoDraw = False
1861.6585 	EXP 	polygon_2: autoDraw = False
1861.7273 	EXP 	Device response: <KeyPress from None: t=1857.8505787999998, value=space, duration=3.8739750000000868>
1862.0260 	EXP 	Sound sound_1 reached end of file
1862.0423 	EXP 	Playing sound sound_1 on speaker Speakers (Realtek(R) Audio)
1862.3376 	EXP 	Sound sound_1 stopped
1862.3563 	EXP 	text: autoDraw = True
1862.3563 	EXP 	textbox: autoDraw = True
1862.7258 	DATA 	Keypress: 9
1862.7334 	EXP 	Device response: <KeyPress from None: t=1862.7253335999999, value=9, duration=None>
1862.8106 	EXP 	Device response: <KeyPress from None: t=1862.7253335999999, value=9, duration=0.07595420000018294>
1862.9261 	DATA 	Keypress: 9
1862.9274 	EXP 	Device response: <KeyPress from None: t=1862.9187739999998, value=9, duration=None>
1863.0107 	EXP 	Device response: <KeyPress from None: t=1862.9187739999998, value=9, duration=0.08950860000015837>
1863.1971 	DATA 	Keypress: 9
1863.2112 	EXP 	Device response: <KeyPress from None: t=1863.1941120000001, value=9, duration=None>
1863.2595 	EXP 	Device response: <KeyPress from None: t=1863.1941120000001, value=9, duration=0.05603929999972479>
1864.1809 	DATA 	Mouse: Left button down, pos=(971,214)
1864.1939 	EXP 	New trial (rep=21, index=1): <Trial 337 (1 in rep 21) data={'delay': 0.7, 'freq': 1000, 'condition': 'exp', 'thisN': 337, 'thisTrialN': 1, 'thisRepN': 21}>
1864.2090 	EXP 	text: autoDraw = False
1864.2090 	EXP 	textbox: autoDraw = False
1864.2090 	EXP 	polygon: autoDraw = True
1864.4096 	DATA 	Mouse:  Left button up, pos=(971,214)
1864.5095 	DATA 	Mouse: Left button down, pos=(971,214)
1864.7430 	DATA 	Mouse:  Left button up, pos=(971,214)
1865.2087 	INFO 	Keyboard events cleared
1865.2086 	EXP 	polygon: autoDraw = False
1865.2086 	EXP 	polygon_2: autoDraw = True
1865.6924 	EXP 	Device response: <KeyPress from None: t=1865.6808781, value=space, duration=None>
1865.6946 	DATA 	Keypress: space
1865.7091 	EXP 	polygon: autoDraw = False
1865.7091 	EXP 	polygon_2: autoDraw = False
1865.8107 	EXP 	Device response: <KeyPress from None: t=1860.7199160999999, value=space, duration=5.082652900000198>
1866.3774 	EXP 	Sound sound_1 reached end of file
1866.3937 	EXP 	Playing sound sound_1 on speaker Speakers (Realtek(R) Audio)
1866.6879 	EXP 	Sound sound_1 stopped
1866.7060 	EXP 	text: autoDraw = True
1866.7060 	EXP 	textbox: autoDraw = True
1867.1660 	DATA 	Keypress: 9
1867.1773 	EXP 	Device response: <KeyPress from None: t=1867.1599044999998, value=9, duration=None>
1867.2592 	EXP 	Device response: <KeyPress from None: t=1867.1599044999998, value=9, duration=0.08753950000038913>
1867.3436 	DATA 	Keypress: 9
1867.3449 	EXP 	Device response: <KeyPress from None: t=1867.3432328999997, value=9, duration=None>
1867.4271 	EXP 	Device response: <KeyPress from None: t=1867.3432328999997, value=9, duration=0.0824380000004794>
1867.5171 	DATA 	Keypress: 9
1867.5259 	EXP 	Device response: <KeyPress from None: t=1867.5165893999997, value=9, duration=None>
1867.5762 	EXP 	Device response: <KeyPress from None: t=1867.5165893999997, value=9, duration=0.05003650000037396>
1868.4263 	DATA 	Mouse: Left button down, pos=(971,214)
1868.4274 	EXP 	New trial (rep=21, index=2): <Trial 338 (2 in rep 21) data={'delay': 0.4, 'freq': 400, 'condition': 'unexp', 'thisN': 338, 'thisTrialN': 2, 'thisRepN': 21}>
1868.4423 	EXP 	text: autoDraw = False
1868.4423 	EXP 	textbox: autoDraw = False
1868.4423 	EXP 	polygon: autoDraw = True
1868.6269 	DATA 	Mouse:  Left button up, pos=(971,214)
1868.7097 	DATA 	Mouse: Left button down, pos=(971,214)
1868.8600 	DATA 	Mouse:  Left button up, pos=(971,214)
1869.4429 	INFO 	Keyboard events cleared
1869.4427 	EXP 	polygon: autoDraw = False
1869.4427 	EXP 	polygon_2: autoDraw = True
1869.8097 	EXP 	Device response: <KeyPress from None: t=1869.8079472999998, value=space, duration=None>
1869.8112 	DATA 	Keypress: space
1869.8255 	EXP 	polygon: autoDraw = False
1869.8255 	EXP 	polygon_2: autoDraw = False
1869.9589 	EXP 	Device response: <KeyPress from None: t=1860.9701501999998, value=space, duration=8.982327499999997>
1870.2095 	EXP 	Sound sound_1 reached end of file
1870.2257 	EXP 	Playing sound sound_1 on speaker Speakers (Realtek(R) Audio)
1870.5261 	EXP 	Sound sound_1 stopped
1870.5449 	EXP 	text: autoDraw = True
1870.5449 	EXP 	textbox: autoDraw = True
1872.0090 	DATA 	Keypress: 5
1872.0208 	EXP 	Device response: <KeyPress from None: t=1872.0032253, value=5, duration=None>
1872.0771 	EXP 	Device response: <KeyPress from None: t=1872.0032253, value=5, duration=0.06563939999989543>
1872.1602 	DATA 	Keypress: 5
1872.1616 	EXP 	Device response: <KeyPress from None: t=1872.1595610999998, value=5, duration=None>
1872.2272 	EXP 	Device response: <KeyPress from None: t=1872.1595610999998, value=5, duration=0.06110350000028575>
1872.3927 	DATA 	Keypress: 0
1872.3943 	EXP 	Device response: <KeyPress from None: t=1872.3921928999998, value=0, duration=None>
1872.4940 	EXP 	Device response: <KeyPress from None: t=1872.3921928999998, value=0, duration=0.09892600000023322>
1873.4429 	DATA 	Mouse: Left button down, pos=(971,214)
1873.4438 	EXP 	New trial (rep=21, index=3): <Trial 339 (3 in rep 21) data={'delay': 0.1, 'freq': 1000, 'condition': 'exp', 'thisN': 339, 'thisTrialN': 3, 'thisRepN': 21}>
1873.4588 	EXP 	text: autoDraw = False
1873.4588 	EXP 	textbox: autoDraw = False
1873.4588 	EXP 	polygon: autoDraw = True
1873.6598 	DATA 	Mouse:  Left button up, pos=(971,214)
1873.7429 	DATA 	Mouse: Left button down, pos=(971,214)
1873.8768 	DATA 	Mouse:  Left button up, pos=(971,214)
1874.1925 	EXP 	Device response: <KeyPress from None: t=1874.1790382999998, value=space, duration=None>
1874.1934 	DATA 	Keypress: space
1874.3275 	EXP 	Device response: <KeyPress from None: t=1861.6345326, value=space, duration=12.676453900000183>
1874.4601 	INFO 	Keyboard events cleared
1874.4599 	EXP 	polygon: autoDraw = False
1874.4599 	EXP 	polygon_2: autoDraw = True
1874.9785 	EXP 	Device response: <KeyPress from None: t=1874.9676568999998, value=space, duration=None>
1874.9808 	DATA 	Keypress: space
1874.9937 	EXP 	polygon: autoDraw = False
1874.9937 	EXP 	polygon_2: autoDraw = False
1875.0757 	EXP 	Sound sound_1 reached end of file
1875.0921 	EXP 	Playing sound sound_1 on speaker Speakers (Realtek(R) Audio)
1875.0760 	EXP 	Device response: <KeyPress from None: t=1865.6808781, value=space, duration=9.390303300000255>
1875.3907 	EXP 	Sound sound_1 stopped
1875.4085 	EXP 	text: autoDraw = True
1875.4085 	EXP 	textbox: autoDraw = True
1876.0943 	DATA 	Keypress: 9
1876.0961 	EXP 	Device response: <KeyPress from None: t=1876.0883297999999, value=9, duration=None>
1876.1936 	EXP 	Device response: <KeyPress from None: t=1876.0883297999999, value=9, duration=0.09754720000012185>
1876.3143 	DATA 	Keypress: 9
1876.3255 	EXP 	Device response: <KeyPress from None: t=1876.3105111999998, value=9, duration=None>
1876.3925 	EXP 	Device response: <KeyPress from None: t=1876.3105111999998, value=9, duration=0.06693510000025071>
1876.7433 	DATA 	Keypress: 9
1876.7447 	EXP 	Device response: <KeyPress from None: t=1876.7414469, value=9, duration=None>
1876.8102 	EXP 	Device response: <KeyPress from None: t=1876.7414469, value=9, duration=0.06719739999982721>
1877.5641 	DATA 	Mouse: Left button down, pos=(971,214)
1877.5767 	EXP 	New trial (rep=21, index=4): <Trial 340 (4 in rep 21) data={'delay': 0.1, 'freq': 1000, 'condition': 'exp', 'thisN': 340, 'thisTrialN': 4, 'thisRepN': 21}>
1877.5927 	EXP 	text: autoDraw = False
1877.5927 	EXP 	textbox: autoDraw = False
1877.5927 	EXP 	polygon: autoDraw = True
1877.7598 	DATA 	Mouse:  Left button up, pos=(971,214)
1877.8271 	DATA 	Mouse: Left button down, pos=(971,214)
1877.9762 	DATA 	Mouse:  Left button up, pos=(971,214)
1878.2759 	EXP 	Device response: <KeyPress from None: t=1878.2731719999997, value=space, duration=None>
1878.2766 	DATA 	Keypress: space
1878.3765 	EXP 	Device response: <KeyPress from None: t=1869.8079472999998, value=space, duration=8.553385800000001>
1878.5275 	EXP 	Device response: <KeyPress from None: t=1878.5166432, value=space, duration=None>
1878.5287 	DATA 	Keypress: space
1878.5775 	INFO 	Keyboard events cleared
1878.5774 	EXP 	polygon_2: autoDraw = True
1878.5942 	EXP 	polygon: autoDraw = False
1878.5947 	EXP 	Device response: <KeyPress from None: t=1874.1790382999998, value=space, duration=4.40528340000003>
1878.7623 	DATA 	Keypress: space
1878.7783 	EXP 	Device response: <KeyPress from None: t=1878.7614269, value=space, duration=None>
1878.7943 	EXP 	polygon: autoDraw = False
1878.7943 	EXP 	polygon_2: autoDraw = False
1878.7947 	EXP 	Device response: <KeyPress from None: t=1874.9676568999998, value=space, duration=3.8215921000002027>
1878.8613 	EXP 	Sound sound_1 reached end of file
1878.8775 	EXP 	Playing sound sound_1 on speaker Speakers (Realtek(R) Audio)
1878.9445 	EXP 	Device response: <KeyPress from None: t=1878.9376493999998, value=space, duration=None>
1878.9455 	DATA 	Keypress: space
1879.0284 	EXP 	Device response: <KeyPress from None: t=1878.2731719999997, value=space, duration=0.7436531000004152>
1879.1743 	EXP 	Sound sound_1 stopped
1879.1950 	EXP 	text: autoDraw = True
1879.1950 	EXP 	textbox: autoDraw = True
1879.5022 	DATA 	Keypress: 9
1879.5035 	EXP 	Device response: <KeyPress from None: t=1879.4992754999998, value=9, duration=None>
1879.6094 	EXP 	Device response: <KeyPress from None: t=1879.4992754999998, value=9, duration=0.09842149999997218>
1879.7098 	DATA 	Keypress: 9
1879.7118 	EXP 	Device response: <KeyPress from None: t=1879.7011709999997, value=9, duration=None>
1879.7602 	EXP 	Device response: <KeyPress from None: t=1879.7011709999997, value=9, duration=0.05100380000033056>
1879.8594 	DATA 	Keypress: 9
1879.8612 	EXP 	Device response: <KeyPress from None: t=1879.8581682, value=9, duration=None>
1879.9263 	EXP 	Device response: <KeyPress from None: t=1879.8581682, value=9, duration=0.05886750000001939>
1880.7601 	DATA 	Mouse: Left button down, pos=(971,214)
1880.7615 	EXP 	New trial (rep=21, index=5): <Trial 341 (5 in rep 21) data={'delay': 0.1, 'freq': 1000, 'condition': 'exp', 'thisN': 341, 'thisTrialN': 5, 'thisRepN': 21}>
1880.7757 	EXP 	text: autoDraw = False
1880.7757 	EXP 	textbox: autoDraw = False
1880.7757 	EXP 	polygon: autoDraw = True
1880.9441 	DATA 	Mouse:  Left button up, pos=(971,214)
1881.0097 	DATA 	Mouse: Left button down, pos=(971,214)
1881.1261 	DATA 	Mouse:  Left button up, pos=(971,214)
1881.1930 	DATA 	Mouse: Left button down, pos=(971,214)
1881.3437 	DATA 	Mouse:  Left button up, pos=(971,214)
1881.6592 	EXP 	Device response: <KeyPress from None: t=1881.6583775999998, value=space, duration=None>
1881.6601 	DATA 	Keypress: space
1881.7596 	EXP 	Device response: <KeyPress from None: t=1878.5166432, value=space, duration=3.240515199999777>
1881.7758 	INFO 	Keyboard events cleared
1881.7757 	EXP 	polygon: autoDraw = False
1881.7757 	EXP 	polygon_2: autoDraw = True
1882.1609 	EXP 	Device response: <KeyPress from None: t=1882.1511562, value=space, duration=None>
1882.1628 	DATA 	Keypress: space
1882.1761 	EXP 	polygon: autoDraw = False
1882.1761 	EXP 	polygon_2: autoDraw = False
1882.2612 	EXP 	Sound sound_1 reached end of file
1882.2775 	EXP 	Playing sound sound_1 on speaker Speakers (Realtek(R) Audio)
1882.2946 	EXP 	Device response: <KeyPress from None: t=1878.7614269, value=space, duration=3.523518000000081>
1882.5762 	EXP 	Sound sound_1 stopped
1882.5966 	EXP 	text: autoDraw = True
1882.5966 	EXP 	textbox: autoDraw = True
1883.0127 	DATA 	Keypress: 9
1883.0142 	EXP 	Device response: <KeyPress from None: t=1883.0100198999999, value=9, duration=None>
1883.1281 	EXP 	Device response: <KeyPress from None: t=1883.0100198999999, value=9, duration=0.11430280000024595>
1883.2264 	DATA 	Keypress: 9
1883.2276 	EXP 	Device response: <KeyPress from None: t=1883.2210873999998, value=9, duration=None>
1883.3271 	EXP 	Device response: <KeyPress from None: t=1883.2210873999998, value=9, duration=0.0990937000002532>
1883.4266 	DATA 	Keypress: 9
1883.4288 	EXP 	Device response: <KeyPress from None: t=1883.4201656, value=9, duration=None>
1883.4765 	EXP 	Device response: <KeyPress from None: t=1883.4201656, value=9, duration=0.052611499999898115>
1884.2928 	DATA 	Mouse: Left button down, pos=(971,214)
1884.2937 	EXP 	New trial (rep=21, index=6): <Trial 342 (6 in rep 21) data={'delay': 0.1, 'freq': 400, 'condition': 'unexp', 'thisN': 342, 'thisTrialN': 6, 'thisRepN': 21}>
1884.3089 	EXP 	text: autoDraw = False
1884.3089 	EXP 	textbox: autoDraw = False
1884.3089 	EXP 	polygon: autoDraw = True
1884.5106 	DATA 	Mouse:  Left button up, pos=(971,214)
1884.5765 	DATA 	Mouse: Left button down, pos=(971,214)
1884.7431 	DATA 	Mouse:  Left button up, pos=(971,214)
1885.3091 	INFO 	Keyboard events cleared
1885.3090 	EXP 	polygon: autoDraw = False
1885.3090 	EXP 	polygon_2: autoDraw = True
1885.8597 	EXP 	Device response: <KeyPress from None: t=1885.8588529999997, value=space, duration=None>
1885.8613 	DATA 	Keypress: space
1885.8754 	EXP 	polygon: autoDraw = False
1885.8754 	EXP 	polygon_2: autoDraw = False
1885.9430 	EXP 	Sound sound_1 reached end of file
1885.9592 	EXP 	Playing sound sound_1 on speaker Speakers (Realtek(R) Audio)
1885.9932 	EXP 	Device response: <KeyPress from None: t=1878.9376493999998, value=space, duration=7.045252800000185>
1886.2544 	EXP 	Sound sound_1 stopped
1886.2724 	EXP 	text: autoDraw = True
1886.2724 	EXP 	textbox: autoDraw = True
1887.9832 	DATA 	Keypress: 5
1887.9934 	EXP 	Device response: <KeyPress from None: t=1887.9824261999997, value=5, duration=None>
1888.0770 	EXP 	Device response: <KeyPress from None: t=1887.9824261999997, value=5, duration=0.08848880000016379>
1888.1597 	DATA 	Keypress: 5
1888.1614 	EXP 	Device response: <KeyPress from None: t=1888.1592593999999, value=5, duration=None>
1888.2428 	EXP 	Device response: <KeyPress from None: t=1888.1592593999999, value=5, duration=0.07372100000031878>
1888.8261 	DATA 	Keypress: 0
1888.8273 	EXP 	Device response: <KeyPress from None: t=1888.8239309, value=0, duration=None>
1888.9098 	EXP 	Device response: <KeyPress from None: t=1888.8239309, value=0, duration=0.0823224000001801>
1889.9502 	DATA 	Mouse: Left button down, pos=(971,214)
1889.9602 	EXP 	New trial (rep=21, index=7): <Trial 343 (7 in rep 21) data={'delay': 0.7, 'freq': 1000, 'condition': 'exp', 'thisN': 343, 'thisTrialN': 7, 'thisRepN': 21}>
1889.9756 	EXP 	text: autoDraw = False
1889.9756 	EXP 	textbox: autoDraw = False
1889.9756 	EXP 	polygon: autoDraw = True
1890.1761 	DATA 	Mouse:  Left button up, pos=(971,214)
1890.2440 	DATA 	Mouse: Left button down, pos=(971,214)
1890.3928 	DATA 	Mouse:  Left button up, pos=(971,214)
1890.9760 	INFO 	Keyboard events cleared
1890.9758 	EXP 	polygon: autoDraw = False
1890.9758 	EXP 	polygon_2: autoDraw = True
1891.3432 	EXP 	Device response: <KeyPress from None: t=1891.3348055000001, value=space, duration=None>
1891.3452 	DATA 	Keypress: space
1891.3586 	EXP 	polygon: autoDraw = False
1891.3586 	EXP 	polygon_2: autoDraw = False
1891.4091 	EXP 	Device response: <KeyPress from None: t=1881.6583775999998, value=space, duration=9.734641000000124>
1892.0426 	EXP 	Sound sound_1 reached end of file
1892.0589 	EXP 	Playing sound sound_1 on speaker Speakers (Realtek(R) Audio)
1892.3559 	EXP 	Sound sound_1 stopped
1892.3764 	EXP 	text: autoDraw = True
1892.3764 	EXP 	textbox: autoDraw = True
1893.0344 	DATA 	Keypress: 9
1893.0463 	EXP 	Device response: <KeyPress from None: t=1893.0288056999998, value=9, duration=None>
1893.1112 	EXP 	Device response: <KeyPress from None: t=1893.0288056999998, value=9, duration=0.07397000000003118>
1893.2139 	DATA 	Keypress: 9
1893.2262 	EXP 	Device response: <KeyPress from None: t=1893.2113304999998, value=9, duration=None>
1893.2758 	EXP 	Device response: <KeyPress from None: t=1893.2113304999998, value=9, duration=0.054028300000140916>
1893.3599 	DATA 	Keypress: 9
1893.3612 	EXP 	Device response: <KeyPress from None: t=1893.3591897000001, value=9, duration=None>
1893.4430 	EXP 	Device response: <KeyPress from None: t=1893.3591897000001, value=9, duration=0.0668646000000308>
1894.2509 	DATA 	Mouse: Left button down, pos=(971,214)
1894.2603 	EXP 	New trial (rep=21, index=8): <Trial 344 (8 in rep 21) data={'delay': 0.4, 'freq': 1000, 'condition': 'exp', 'thisN': 344, 'thisTrialN': 8, 'thisRepN': 21}>
1894.2762 	EXP 	text: autoDraw = False
1894.2762 	EXP 	textbox: autoDraw = False
1894.2762 	EXP 	polygon: autoDraw = True
1894.4435 	DATA 	Mouse:  Left button up, pos=(971,214)
1894.4930 	DATA 	Mouse: Left button down, pos=(971,214)
1894.6435 	DATA 	Mouse:  Left button up, pos=(971,214)
1894.6936 	DATA 	Mouse: Left button down, pos=(971,214)
1894.8765 	DATA 	Mouse:  Left button up, pos=(971,214)
1895.2594 	INFO 	Keyboard events cleared
1895.2592 	EXP 	polygon_2: autoDraw = True
1895.2776 	EXP 	polygon: autoDraw = False
1895.5288 	EXP 	Device response: <KeyPress from None: t=1895.5201511, value=space, duration=None>
1895.5308 	DATA 	Keypress: space
1895.5444 	EXP 	polygon: autoDraw = False
1895.5444 	EXP 	polygon_2: autoDraw = False
1895.6261 	EXP 	Device response: <KeyPress from None: t=1882.1511562, value=space, duration=13.472747299999924>
1895.9283 	EXP 	Sound sound_1 reached end of file
1895.9446 	EXP 	Playing sound sound_1 on speaker Speakers (Realtek(R) Audio)
1896.2396 	EXP 	Sound sound_1 stopped
1896.2607 	EXP 	text: autoDraw = True
1896.2607 	EXP 	textbox: autoDraw = True
1898.6763 	DATA 	Keypress: 9
1898.6837 	EXP 	Device response: <KeyPress from None: t=1898.6740611999999, value=9, duration=None>
1898.7763 	EXP 	Device response: <KeyPress from None: t=1898.6740611999999, value=9, duration=0.08794660000023669>
1898.8800 	DATA 	Keypress: 9
1898.8929 	EXP 	Device response: <KeyPress from None: t=1898.8764532999999, value=9, duration=None>
1898.9448 	EXP 	Device response: <KeyPress from None: t=1898.8764532999999, value=9, duration=0.06542550000006031>
1899.0432 	DATA 	Keypress: 9
1899.0452 	EXP 	Device response: <KeyPress from None: t=1899.0415798, value=9, duration=None>
1899.0935 	EXP 	Device response: <KeyPress from None: t=1899.0415798, value=9, duration=0.047756000000049426>
1899.9272 	DATA 	Mouse: Left button down, pos=(971,214)
1899.9284 	EXP 	New trial (rep=21, index=9): <Trial 345 (9 in rep 21) data={'delay': 0.7, 'freq': 400, 'condition': 'unexp', 'thisN': 345, 'thisTrialN': 9, 'thisRepN': 21}>
1899.9421 	EXP 	text: autoDraw = False
1899.9421 	EXP 	textbox: autoDraw = False
1899.9421 	EXP 	polygon: autoDraw = True
1900.1268 	DATA 	Mouse:  Left button up, pos=(971,214)
1900.1939 	DATA 	Mouse: Left button down, pos=(971,214)
1900.3447 	DATA 	Mouse:  Left button up, pos=(971,214)
1900.9427 	INFO 	Keyboard events cleared
1900.9424 	EXP 	polygon: autoDraw = False
1900.9424 	EXP 	polygon_2: autoDraw = True
1901.1932 	EXP 	Device response: <KeyPress from None: t=1901.1844533999997, value=space, duration=None>
1901.1952 	DATA 	Keypress: space
1901.2087 	EXP 	polygon: autoDraw = False
1901.2087 	EXP 	polygon_2: autoDraw = False
1901.2767 	EXP 	Device response: <KeyPress from None: t=1885.8588529999997, value=space, duration=15.41172870000048>
1901.8779 	EXP 	Sound sound_1 reached end of file
1901.8942 	EXP 	Playing sound sound_1 on speaker Speakers (Realtek(R) Audio)
1902.1887 	EXP 	Sound sound_1 stopped
1902.2099 	EXP 	text: autoDraw = True
1902.2099 	EXP 	textbox: autoDraw = True
1903.4918 	DATA 	Keypress: 3
1903.5022 	EXP 	Device response: <KeyPress from None: t=1903.4861668999997, value=3, duration=None>
1903.5766 	EXP 	Device response: <KeyPress from None: t=1903.4861668999997, value=3, duration=0.08198160000040389>
1903.7766 	DATA 	Keypress: 5
1903.7783 	EXP 	Device response: <KeyPress from None: t=1903.7732992, value=5, duration=None>
1903.8767 	EXP 	Device response: <KeyPress from None: t=1903.7732992, value=5, duration=0.09121449999986453>
1904.3300 	DATA 	Keypress: 0
1904.3428 	EXP 	Device response: <KeyPress from None: t=1904.326775, value=0, duration=None>
1904.4274 	EXP 	Device response: <KeyPress from None: t=1904.326775, value=0, duration=0.0982866000000513>
1905.2436 	DATA 	Mouse: Left button down, pos=(971,214)
1905.2445 	EXP 	New trial (rep=21, index=10): <Trial 346 (10 in rep 21) data={'delay': 0.1, 'freq': 1000, 'condition': 'exp', 'thisN': 346, 'thisTrialN': 10, 'thisRepN': 21}>
1905.2594 	EXP 	text: autoDraw = False
1905.2594 	EXP 	textbox: autoDraw = False
1905.2594 	EXP 	polygon: autoDraw = True
1905.4264 	DATA 	Mouse:  Left button up, pos=(971,214)
1905.4934 	DATA 	Mouse: Left button down, pos=(971,214)
1905.6099 	DATA 	Mouse:  Left button up, pos=(971,214)
1905.6772 	DATA 	Mouse: Left button down, pos=(971,214)
1905.8278 	DATA 	Mouse:  Left button up, pos=(971,214)
1906.2448 	INFO 	Keyboard events cleared
1906.2446 	EXP 	polygon_2: autoDraw = True
1906.2608 	EXP 	polygon: autoDraw = False
1906.4425 	EXP 	Device response: <KeyPress from None: t=1906.4314105999997, value=space, duration=None>
1906.4445 	DATA 	Keypress: space
1906.4594 	EXP 	polygon: autoDraw = False
1906.4594 	EXP 	polygon_2: autoDraw = False
1906.5279 	EXP 	Sound sound_1 reached end of file
1906.5442 	EXP 	Playing sound sound_1 on speaker Speakers (Realtek(R) Audio)
1906.7000 	EXP 	Device response: <KeyPress from None: t=1891.3348055000001, value=space, duration=15.227375399999914>
1906.8395 	EXP 	Sound sound_1 stopped
1906.8593 	EXP 	text: autoDraw = True
1906.8593 	EXP 	textbox: autoDraw = True
1907.2976 	DATA 	Keypress: 9
1907.2992 	EXP 	Device response: <KeyPress from None: t=1907.2931143, value=9, duration=None>
1907.4262 	EXP 	Device response: <KeyPress from None: t=1907.2931143, value=9, duration=0.12413010000011582>
1907.5263 	DATA 	Keypress: 9
1907.5276 	EXP 	Device response: <KeyPress from None: t=1907.5189603999997, value=9, duration=None>
1907.5941 	EXP 	Device response: <KeyPress from None: t=1907.5189603999997, value=9, duration=0.0741881000004696>
1907.6842 	DATA 	Keypress: 9
1907.6936 	EXP 	Device response: <KeyPress from None: t=1907.6838180999998, value=9, duration=None>
1907.7774 	EXP 	Device response: <KeyPress from None: t=1907.6838180999998, value=9, duration=0.09029760000032638>
1908.5850 	DATA 	Mouse: Left button down, pos=(971,214)
1908.5934 	EXP 	New trial (rep=21, index=11): <Trial 347 (11 in rep 21) data={'delay': 0.1, 'freq': 400, 'condition': 'unexp', 'thisN': 347, 'thisTrialN': 11, 'thisRepN': 21}>
1908.6102 	EXP 	text: autoDraw = False
1908.6102 	EXP 	textbox: autoDraw = False
1908.6102 	EXP 	polygon: autoDraw = True
1908.8104 	DATA 	Mouse:  Left button up, pos=(971,214)
1909.5263 	EXP 	Device response: <KeyPress from None: t=1909.5240031999997, value=space, duration=None>
1909.5274 	DATA 	Keypress: space
1909.5926 	INFO 	Keyboard events cleared
1909.5924 	EXP 	polygon_2: autoDraw = True
1909.6257 	EXP 	polygon: autoDraw = False
1909.6424 	EXP 	Device response: <KeyPress from None: t=1895.5201511, value=space, duration=14.110365300000126>
1909.9926 	EXP 	Device response: <KeyPress from None: t=1909.9900711, value=space, duration=None>
1909.9941 	DATA 	Keypress: space
1910.0089 	EXP 	polygon: autoDraw = False
1910.0089 	EXP 	polygon_2: autoDraw = False
1910.0758 	EXP 	Sound sound_1 reached end of file
1910.0922 	EXP 	Playing sound sound_1 on speaker Speakers (Realtek(R) Audio)
1910.1097 	EXP 	Device response: <KeyPress from None: t=1901.1844533999997, value=space, duration=8.915845600000125>
1910.3958 	EXP 	Sound sound_1 stopped
1910.4152 	EXP 	text: autoDraw = True
1910.4152 	EXP 	textbox: autoDraw = True
1911.2650 	DATA 	Keypress: 5
1911.2727 	EXP 	Device response: <KeyPress from None: t=1911.261681, value=5, duration=None>
1911.3443 	EXP 	Device response: <KeyPress from None: t=1911.261681, value=5, duration=0.06915560000027199>
1911.4267 	DATA 	Keypress: 5
1911.4285 	EXP 	Device response: <KeyPress from None: t=1911.4202253999997, value=5, duration=None>
1911.4771 	EXP 	Device response: <KeyPress from None: t=1911.4202253999997, value=5, duration=0.053802700000346704>
1911.7487 	DATA 	Keypress: 0
1911.7594 	EXP 	Device response: <KeyPress from None: t=1911.7475928999997, value=0, duration=None>
1911.8604 	EXP 	Device response: <KeyPress from None: t=1911.7475928999997, value=0, duration=0.11189960000012888>
1912.7673 	DATA 	Mouse: Left button down, pos=(971,214)
1912.7766 	EXP 	New trial (rep=21, index=12): <Trial 348 (12 in rep 21) data={'delay': 0.4, 'freq': 1000, 'condition': 'exp', 'thisN': 348, 'thisTrialN': 12, 'thisRepN': 21}>
1912.7924 	EXP 	text: autoDraw = False
1912.7924 	EXP 	textbox: autoDraw = False
1912.7924 	EXP 	polygon: autoDraw = True
1912.9768 	DATA 	Mouse:  Left button up, pos=(971,214)
1913.0430 	DATA 	Mouse: Left button down, pos=(971,214)
1913.1928 	DATA 	Mouse:  Left button up, pos=(971,214)
1913.2437 	DATA 	Mouse: Left button down, pos=(971,214)
1913.3427 	EXP 	Device response: <KeyPress from None: t=1913.3356515, value=space, duration=None>
1913.3437 	DATA 	Keypress: space
1913.4117 	DATA 	Mouse:  Left button up, pos=(971,214)
1913.4595 	EXP 	Device response: <KeyPress from None: t=1906.4314105999997, value=space, duration=7.020638700000404>
1913.6090 	EXP 	Device response: <KeyPress from None: t=1913.6062581, value=space, duration=None>
1913.6098 	DATA 	Keypress: space
1913.7102 	EXP 	Device response: <KeyPress from None: t=1909.5240031999997, value=space, duration=4.175243900000282>
1913.7761 	INFO 	Keyboard events cleared
1913.7760 	EXP 	polygon_2: autoDraw = True
1913.7928 	EXP 	polygon: autoDraw = False
1914.0759 	EXP 	Device response: <KeyPress from None: t=1914.0675766999998, value=space, duration=None>
1914.0778 	DATA 	Keypress: space
1914.0927 	EXP 	polygon: autoDraw = False
1914.0927 	EXP 	polygon_2: autoDraw = False
1914.4592 	EXP 	Sound sound_1 reached end of file
1914.4755 	EXP 	Playing sound sound_1 on speaker Speakers (Realtek(R) Audio)
1914.6927 	EXP 	Device response: <KeyPress from None: t=1909.9900711, value=space, duration=4.687804700000129>
1914.7753 	EXP 	Sound sound_1 stopped
1914.7929 	EXP 	text: autoDraw = True
1914.7929 	EXP 	textbox: autoDraw = True
1915.3353 	DATA 	Keypress: 9
1915.3368 	EXP 	Device response: <KeyPress from None: t=1915.3323323999998, value=9, duration=None>
1915.4759 	EXP 	Device response: <KeyPress from None: t=1915.3323323999998, value=9, duration=0.13398510000035913>
1915.6099 	DATA 	Keypress: 9
1915.6112 	EXP 	Device response: <KeyPress from None: t=1915.6090728999998, value=9, duration=None>
1915.7425 	EXP 	Device response: <KeyPress from None: t=1915.6090728999998, value=9, duration=0.11791340000002037>
1915.8437 	DATA 	Keypress: 9
1915.8455 	EXP 	Device response: <KeyPress from None: t=1915.8340871999999, value=9, duration=None>
1915.9620 	EXP 	Device response: <KeyPress from None: t=1915.8340871999999, value=9, duration=0.1238314000003129>
1916.9261 	DATA 	Mouse: Left button down, pos=(986,172)
1916.9271 	EXP 	New trial (rep=21, index=13): <Trial 349 (13 in rep 21) data={'delay': 0.7, 'freq': 1000, 'condition': 'exp', 'thisN': 349, 'thisTrialN': 13, 'thisRepN': 21}>
1916.9432 	EXP 	text: autoDraw = False
1916.9432 	EXP 	textbox: autoDraw = False
1916.9432 	EXP 	polygon: autoDraw = True
1917.4773 	DATA 	Mouse:  Left button up, pos=(972,350)
1917.9424 	INFO 	Keyboard events cleared
1917.9422 	EXP 	polygon: autoDraw = False
1917.9422 	EXP 	polygon_2: autoDraw = True
1918.2263 	EXP 	Device response: <KeyPress from None: t=1918.2250882999997, value=space, duration=None>
1918.2278 	DATA 	Keypress: space
1918.2425 	EXP 	polygon: autoDraw = False
1918.2425 	EXP 	polygon_2: autoDraw = False
1918.3759 	EXP 	Device response: <KeyPress from None: t=1913.3356515, value=space, duration=5.0321513000000095>
1918.9121 	EXP 	Sound sound_1 reached end of file
1918.9282 	EXP 	Playing sound sound_1 on speaker Speakers (Realtek(R) Audio)
1919.2256 	EXP 	Sound sound_1 stopped
1919.2468 	EXP 	text: autoDraw = True
1919.2468 	EXP 	textbox: autoDraw = True
1920.1365 	DATA 	Keypress: 7
1920.1490 	EXP 	Device response: <KeyPress from None: t=1920.1285353999997, value=7, duration=None>
1920.2779 	EXP 	Device response: <KeyPress from None: t=1920.1285353999997, value=7, duration=0.14824390000023868>
1920.3431 	DATA 	Keypress: 7
1920.3454 	EXP 	Device response: <KeyPress from None: t=1920.3400243, value=7, duration=None>
1920.4602 	EXP 	Device response: <KeyPress from None: t=1920.3400243, value=7, duration=0.11599249999983385>
1920.6639 	DATA 	Keypress: minus
1920.6764 	EXP 	Device response: <KeyPress from None: t=1920.6601197, value=minus, duration=None>
1920.7434 	EXP 	Device response: <KeyPress from None: t=1920.6601197, value=minus, duration=0.08227150000004713>
1921.1266 	DATA 	Keypress: backspace
1921.1281 	EXP 	Device response: <KeyPress from None: t=1921.1211291, value=backspace, duration=None>
1921.3265 	EXP 	Device response: <KeyPress from None: t=1921.1211291, value=backspace, duration=0.20179120000022976>
1921.4510 	DATA 	Keypress: backspace
1921.4596 	EXP 	Device response: <KeyPress from None: t=1921.4490711999997, value=backspace, duration=None>
1921.6782 	EXP 	Device response: <KeyPress from None: t=1921.4490711999997, value=backspace, duration=0.21962600000017574>
1921.9933 	DATA 	Keypress: 0
1921.9947 	EXP 	Device response: <KeyPress from None: t=1921.9912237999997, value=0, duration=None>
1922.1268 	EXP 	Device response: <KeyPress from None: t=1921.9912237999997, value=0, duration=0.1322776000002932>
1922.2177 	DATA 	Keypress: 0
1922.2263 	EXP 	Device response: <KeyPress from None: t=1922.217119, value=0, duration=None>
1922.3612 	EXP 	Device response: <KeyPress from None: t=1922.217119, value=0, duration=0.13489410000022417>
1923.2812 	DATA 	Mouse: Left button down, pos=(953,234)
1923.2936 	EXP 	New trial (rep=21, index=14): <Trial 350 (14 in rep 21) data={'delay': 0.7, 'freq': 1000, 'condition': 'exp', 'thisN': 350, 'thisTrialN': 14, 'thisRepN': 21}>
1923.3094 	EXP 	text: autoDraw = False
1923.3094 	EXP 	textbox: autoDraw = False
1923.3094 	EXP 	polygon: autoDraw = True
1923.4434 	DATA 	Mouse:  Left button up, pos=(953,234)
1923.5106 	DATA 	Mouse: Left button down, pos=(953,234)
1923.6265 	DATA 	Mouse:  Left button up, pos=(953,234)
1923.6772 	DATA 	Mouse: Left button down, pos=(953,234)
1923.8439 	DATA 	Mouse:  Left button up, pos=(953,234)
1923.9925 	EXP 	Device response: <KeyPress from None: t=1923.9787247999998, value=space, duration=None>
1923.9932 	DATA 	Keypress: space
1924.0927 	EXP 	Device response: <KeyPress from None: t=1913.6062581, value=space, duration=10.473276499999997>
1924.2929 	INFO 	Keyboard events cleared
1924.2928 	EXP 	polygon_2: autoDraw = True
1924.3090 	EXP 	polygon: autoDraw = False
1924.4430 	EXP 	Device response: <KeyPress from None: t=1924.4379295999997, value=space, duration=None>
1924.4445 	DATA 	Keypress: space
1924.4584 	EXP 	polygon: autoDraw = False
1924.4584 	EXP 	polygon_2: autoDraw = False
1924.5762 	EXP 	Device response: <KeyPress from None: t=1914.0675766999998, value=space, duration=10.494743900000344>
1925.1263 	EXP 	Sound sound_1 reached end of file
1925.1427 	EXP 	Playing sound sound_1 on speaker Speakers (Realtek(R) Audio)
1925.4418 	EXP 	Sound sound_1 stopped
1925.4600 	EXP 	text: autoDraw = True
1925.4600 	EXP 	textbox: autoDraw = True
1926.1525 	DATA 	Keypress: 9
1926.1634 	EXP 	Device response: <KeyPress from None: t=1926.150162, value=9, duration=None>
1926.2774 	EXP 	Device response: <KeyPress from None: t=1926.150162, value=9, duration=0.11801969999999073>
1926.3522 	DATA 	Keypress: 9
1926.3598 	EXP 	Device response: <KeyPress from None: t=1926.3516718, value=9, duration=None>
1926.4440 	EXP 	Device response: <KeyPress from None: t=1926.3516718, value=9, duration=0.08300569999994423>
1926.5306 	DATA 	Keypress: 9
1926.5432 	EXP 	Device response: <KeyPress from None: t=1926.5262463, value=9, duration=None>
1926.6097 	EXP 	Device response: <KeyPress from None: t=1926.5262463, value=9, duration=0.07393510000031256>
1927.5150 	DATA 	Mouse: Left button down, pos=(953,234)
1927.5269 	EXP 	New trial (rep=21, index=15): <Trial 351 (15 in rep 21) data={'delay': 0.4, 'freq': 1000, 'condition': 'exp', 'thisN': 351, 'thisTrialN': 15, 'thisRepN': 21}>
1927.5426 	EXP 	text: autoDraw = False
1927.5426 	EXP 	textbox: autoDraw = False
1927.5426 	EXP 	polygon: autoDraw = True
1927.6433 	DATA 	Mouse:  Left button up, pos=(953,234)
1927.7432 	DATA 	Mouse: Left button down, pos=(953,234)
1927.9599 	DATA 	Mouse:  Left button up, pos=(953,234)
1928.0105 	DATA 	Mouse: Left button down, pos=(953,234)
1928.1761 	EXP 	Device response: <KeyPress from None: t=1928.173604, value=space, duration=None>
1928.1769 	DATA 	Mouse:  Left button up, pos=(953,234)
1928.1773 	DATA 	Keypress: space
1928.2759 	EXP 	Device response: <KeyPress from None: t=1918.2250882999997, value=space, duration=10.048658000000273>
1928.3946 	EXP 	Device response: <KeyPress from None: t=1928.3872308, value=space, duration=None>
1928.3957 	DATA 	Keypress: space
1928.4781 	EXP 	Device response: <KeyPress from None: t=1923.9787247999998, value=space, duration=4.489135300000385>
1928.5282 	INFO 	Keyboard events cleared
1928.5280 	EXP 	polygon_2: autoDraw = True
1928.5447 	EXP 	polygon: autoDraw = False
1928.5947 	EXP 	Device response: <KeyPress from None: t=1928.5865353, value=space, duration=None>
1928.5964 	DATA 	Keypress: space
1928.6115 	EXP 	polygon: autoDraw = False
1928.6115 	EXP 	polygon_2: autoDraw = False
1928.6627 	EXP 	Device response: <KeyPress from None: t=1924.4379295999997, value=space, duration=4.22110830000031>
1928.7949 	EXP 	Device response: <KeyPress from None: t=1928.783848, value=space, duration=None>
1928.7956 	DATA 	Keypress: space
1928.8613 	EXP 	Device response: <KeyPress from None: t=1928.173604, value=space, duration=0.6720745999997462>
1928.9626 	DATA 	Keypress: space
1928.9783 	EXP 	Sound sound_1 reached end of file
1928.9946 	EXP 	Playing sound sound_1 on speaker Speakers (Realtek(R) Audio)
1928.9786 	EXP 	Device response: <KeyPress from None: t=1928.9613267, value=space, duration=None>
1929.0261 	EXP 	Device response: <KeyPress from None: t=1928.3872308, value=space, duration=0.6360667000000149>
1929.1437 	EXP 	Device response: <KeyPress from None: t=1929.1426834999997, value=space, duration=None>
1929.1443 	DATA 	Keypress: space
1929.2284 	EXP 	Device response: <KeyPress from None: t=1928.5865353, value=space, duration=0.62402110000005>
1929.2947 	EXP 	Sound sound_1 stopped
1929.3157 	EXP 	text: autoDraw = True
1929.3157 	EXP 	textbox: autoDraw = True
1929.7164 	DATA 	Keypress: 9
1929.7280 	EXP 	Device response: <KeyPress from None: t=1929.7127731, value=9, duration=None>
1929.8285 	EXP 	Device response: <KeyPress from None: t=1929.7127731, value=9, duration=0.1144061000001102>
1929.9151 	DATA 	Keypress: 9
1929.9264 	EXP 	Device response: <KeyPress from None: t=1929.9142845000001, value=9, duration=None>
1929.9928 	EXP 	Device response: <KeyPress from None: t=1929.9142845000001, value=9, duration=0.06799199999989014>
1930.0768 	DATA 	Keypress: 9
1930.0783 	EXP 	Device response: <KeyPress from None: t=1930.0761127, value=9, duration=None>
1930.1429 	EXP 	Device response: <KeyPress from None: t=1930.0761127, value=9, duration=0.05192379999982677>
1930.2097 	DATA 	Keypress: 9
1930.2111 	EXP 	Device response: <KeyPress from None: t=1930.2064849999997, value=9, duration=None>
1930.2598 	EXP 	Device response: <KeyPress from None: t=1930.2064849999997, value=9, duration=0.04965150000009544>
1931.3768 	DATA 	Keypress: backspace
1931.3780 	EXP 	Device response: <KeyPress from None: t=1931.3744244, value=backspace, duration=None>
1931.5099 	EXP 	Device response: <KeyPress from None: t=1931.3744244, value=backspace, duration=0.13258250000001226>
1931.6133 	DATA 	Keypress: backspace
1931.6259 	EXP 	Device response: <KeyPress from None: t=1931.6115516, value=backspace, duration=None>
1931.7097 	EXP 	Device response: <KeyPress from None: t=1931.6115516, value=backspace, duration=0.08988240000019232>
1932.5600 	DATA 	Keypress: 9
1932.5616 	EXP 	Device response: <KeyPress from None: t=1932.5584607, value=9, duration=None>
1932.7263 	EXP 	Device response: <KeyPress from None: t=1932.5584607, value=9, duration=0.1582792999998901>
1933.5649 	DATA 	Mouse: Left button down, pos=(953,234)
1933.5766 	EXP 	New trial (rep=22, index=0): <Trial 352 (0 in rep 22) data={'delay': 0.7, 'freq': 1000, 'condition': 'exp', 'thisN': 352, 'thisTrialN': 0, 'thisRepN': 22}>
1933.5926 	EXP 	text: autoDraw = False
1933.5926 	EXP 	textbox: autoDraw = False
1933.5926 	EXP 	polygon: autoDraw = True
1933.7774 	DATA 	Mouse:  Left button up, pos=(953,234)
1933.8273 	DATA 	Mouse: Left button down, pos=(953,234)
1933.9932 	DATA 	Mouse:  Left button up, pos=(953,234)
1934.0769 	EXP 	Device response: <KeyPress from None: t=1934.0744314999997, value=space, duration=None>
1934.0777 	DATA 	Keypress: space
1934.4259 	EXP 	Device response: <KeyPress from None: t=1928.783848, value=space, duration=5.635113999999817>
1934.5760 	INFO 	Keyboard events cleared
1934.5758 	EXP 	polygon_2: autoDraw = True
1934.5923 	EXP 	polygon: autoDraw = False
1934.9595 	DATA 	Keypress: space
1934.9764 	EXP 	Device response: <KeyPress from None: t=1934.9585710000001, value=space, duration=None>
1934.9923 	EXP 	polygon: autoDraw = False
1934.9923 	EXP 	polygon_2: autoDraw = False
1935.0762 	EXP 	Device response: <KeyPress from None: t=1928.9613267, value=space, duration=6.111187500000256>
1935.6613 	EXP 	Sound sound_1 reached end of file
1935.6776 	EXP 	Playing sound sound_1 on speaker Speakers (Realtek(R) Audio)
1935.9719 	EXP 	Sound sound_1 stopped
1935.9928 	EXP 	text: autoDraw = True
1935.9928 	EXP 	textbox: autoDraw = True
1936.2722 	DATA 	Keypress: 9
1936.2830 	EXP 	Device response: <KeyPress from None: t=1936.2669391, value=9, duration=None>
1936.4261 	EXP 	Device response: <KeyPress from None: t=1936.2669391, value=9, duration=0.14872630000002118>
1936.5017 	DATA 	Keypress: 9
1936.5094 	EXP 	Device response: <KeyPress from None: t=1936.5012244, value=9, duration=None>
1936.5931 	EXP 	Device response: <KeyPress from None: t=1936.5012244, value=9, duration=0.07925880000004781>
1936.6775 	DATA 	Keypress: 9
1936.6789 	EXP 	Device response: <KeyPress from None: t=1936.6764393999997, value=9, duration=None>
1936.7612 	EXP 	Device response: <KeyPress from None: t=1936.6764393999997, value=9, duration=0.08350900000016281>
1937.6769 	DATA 	Mouse: Left button down, pos=(953,234)
1937.6780 	EXP 	New trial (rep=22, index=1): <Trial 353 (1 in rep 22) data={'delay': 0.4, 'freq': 1000, 'condition': 'exp', 'thisN': 353, 'thisTrialN': 1, 'thisRepN': 22}>
1937.6920 	EXP 	text: autoDraw = False
1937.6920 	EXP 	textbox: autoDraw = False
1937.6920 	EXP 	polygon: autoDraw = True
1937.9267 	DATA 	Mouse:  Left button up, pos=(953,234)
1937.9937 	DATA 	Mouse: Left button down, pos=(953,234)
1938.1436 	DATA 	Mouse:  Left button up, pos=(953,234)
1938.6926 	INFO 	Keyboard events cleared
1938.6924 	EXP 	polygon: autoDraw = False
1938.6924 	EXP 	polygon_2: autoDraw = True
1939.0767 	EXP 	Device response: <KeyPress from None: t=1939.0739258999997, value=space, duration=None>
1939.0785 	DATA 	Keypress: space
1939.0922 	EXP 	polygon: autoDraw = False
1939.0922 	EXP 	polygon_2: autoDraw = False
1939.2102 	EXP 	Device response: <KeyPress from None: t=1929.1426834999997, value=space, duration=10.063134100000411>
1939.4759 	EXP 	Sound sound_1 reached end of file
1939.4922 	EXP 	Playing sound sound_1 on speaker Speakers (Realtek(R) Audio)
1939.7941 	EXP 	Sound sound_1 stopped
1939.8120 	EXP 	text: autoDraw = True
1939.8120 	EXP 	textbox: autoDraw = True
1940.2358 	DATA 	Keypress: 9
1940.2475 	EXP 	Device response: <KeyPress from None: t=1940.2291790999998, value=9, duration=None>
1940.3936 	EXP 	Device response: <KeyPress from None: t=1940.2291790999998, value=9, duration=0.1600828000001684>
1940.4647 	DATA 	Keypress: 9
1940.4765 	EXP 	Device response: <KeyPress from None: t=1940.4624905, value=9, duration=None>
1940.5773 	EXP 	Device response: <KeyPress from None: t=1940.4624905, value=9, duration=0.10796739999989313>
1940.6510 	DATA 	Keypress: 9
1940.6596 	EXP 	Device response: <KeyPress from None: t=1940.6477974999998, value=9, duration=None>
1940.7275 	EXP 	Device response: <KeyPress from None: t=1940.6477974999998, value=9, duration=0.073561000000268>
1941.5931 	DATA 	Mouse: Left button down, pos=(956,271)
1941.7810 	DATA 	Mouse:  Left button up, pos=(956,271)
1941.8428 	DATA 	Mouse: Left button down, pos=(956,271)
1941.9761 	DATA 	Mouse:  Left button up, pos=(956,271)
1942.0432 	DATA 	Mouse: Left button down, pos=(956,271)
1942.1766 	DATA 	Mouse:  Left button up, pos=(956,271)
1942.2439 	DATA 	Mouse: Left button down, pos=(956,271)
1942.3772 	EXP 	New trial (rep=22, index=2): <Trial 354 (2 in rep 22) data={'delay': 0.1, 'freq': 400, 'condition': 'unexp', 'thisN': 354, 'thisTrialN': 2, 'thisRepN': 22}>
1942.3930 	EXP 	text: autoDraw = False
1942.3930 	EXP 	textbox: autoDraw = False
1942.3930 	EXP 	polygon: autoDraw = True
1942.5267 	DATA 	Mouse:  Left button up, pos=(953,150)
1943.0436 	EXP 	Device response: <KeyPress from None: t=1943.0340963999997, value=space, duration=None>
1943.0447 	DATA 	Keypress: space
1943.2094 	EXP 	Device response: <KeyPress from None: t=1934.0744314999997, value=space, duration=9.11927290000051>
1943.3928 	INFO 	Keyboard events cleared
1943.3926 	EXP 	polygon: autoDraw = False
1943.3926 	EXP 	polygon_2: autoDraw = True
1943.6930 	EXP 	Device response: <KeyPress from None: t=1943.6902884, value=space, duration=None>
1943.6947 	DATA 	Keypress: space
1943.7087 	EXP 	polygon: autoDraw = False
1943.7087 	EXP 	polygon_2: autoDraw = False
1943.7926 	EXP 	Sound sound_1 reached end of file
1943.8090 	EXP 	Playing sound sound_1 on speaker Speakers (Realtek(R) Audio)
1943.8595 	EXP 	Device response: <KeyPress from None: t=1934.9585710000001, value=space, duration=8.887961799999744>
1944.1059 	EXP 	Sound sound_1 stopped
1944.1234 	EXP 	text: autoDraw = True
1944.1234 	EXP 	textbox: autoDraw = True
1946.0588 	DATA 	Keypress: 3
1946.0666 	EXP 	Device response: <KeyPress from None: t=1946.0575214, value=3, duration=None>
1946.2263 	EXP 	Device response: <KeyPress from None: t=1946.0575214, value=3, duration=0.1578847000001815>
1946.3270 	DATA 	Keypress: 5
1946.3289 	EXP 	Device response: <KeyPress from None: t=1946.3179344, value=5, duration=None>
1946.4775 	EXP 	Device response: <KeyPress from None: t=1946.3179344, value=5, duration=0.15807999999981348>
1946.4973 	DATA 	Keypress: 6
1946.5097 	EXP 	Device response: <KeyPress from None: t=1946.4943844, value=6, duration=None>
1946.5762 	EXP 	Device response: <KeyPress from None: t=1946.4943844, value=6, duration=0.06798760000003767>
1946.6802 	DATA 	Keypress: 8
1946.6931 	EXP 	Device response: <KeyPress from None: t=1946.6799264, value=8, duration=None>
1946.7098 	DATA 	Keypress: 9
1946.7115 	EXP 	Device response: <KeyPress from None: t=1946.7080757999997, value=9, duration=None>
1946.7441 	EXP 	Device response: <KeyPress from None: t=1946.6799264, value=8, duration=0.06316819999995005>
1946.8597 	EXP 	Device response: <KeyPress from None: t=1946.7080757999997, value=9, duration=0.13948910000010528>
1947.5187 	DATA 	Keypress: backspace
1947.5264 	EXP 	Device response: <KeyPress from None: t=1947.5156607, value=backspace, duration=None>
1947.6599 	EXP 	Device response: <KeyPress from None: t=1947.5156607, value=backspace, duration=0.1297516000000769>
1947.8009 	DATA 	Keypress: backspace
1947.8094 	EXP 	Device response: <KeyPress from None: t=1947.7999547, value=backspace, duration=None>
1947.8937 	EXP 	Device response: <KeyPress from None: t=1947.7999547, value=backspace, duration=0.09010780000028262>
1948.0264 	DATA 	Keypress: backspace
1948.0278 	EXP 	Device response: <KeyPress from None: t=1948.0182581999998, value=backspace, duration=None>
1948.1602 	EXP 	Device response: <KeyPress from None: t=1948.0182581999998, value=backspace, duration=0.1319474000002856>
1948.2854 	DATA 	Keypress: 0
1948.2934 	EXP 	Device response: <KeyPress from None: t=1948.2837243, value=0, duration=None>
1948.4435 	EXP 	Device response: <KeyPress from None: t=1948.2837243, value=0, duration=0.14880219999997735>
1949.7643 	DATA 	Mouse: Left button down, pos=(997,247)
1949.7771 	EXP 	New trial (rep=22, index=3): <Trial 355 (3 in rep 22) data={'delay': 0.7, 'freq': 1000, 'condition': 'exp', 'thisN': 355, 'thisTrialN': 3, 'thisRepN': 22}>
1949.7922 	EXP 	text: autoDraw = False
1949.7922 	EXP 	textbox: autoDraw = False
1949.7922 	EXP 	polygon: autoDraw = True
1949.9602 	DATA 	Mouse:  Left button up, pos=(997,247)
1950.0274 	DATA 	Mouse: Left button down, pos=(997,247)
1950.2102 	DATA 	Mouse:  Left button up, pos=(997,247)
1950.2779 	DATA 	Mouse: Left button down, pos=(997,247)
1950.4268 	DATA 	Mouse:  Left button up, pos=(997,247)
1950.6426 	EXP 	Device response: <KeyPress from None: t=1950.6358289, value=space, duration=None>
1950.6433 	DATA 	Keypress: space
1950.7763 	INFO 	Keyboard events cleared
1950.7761 	EXP 	polygon_2: autoDraw = True
1950.7926 	EXP 	polygon: autoDraw = False
1950.8591 	EXP 	Device response: <KeyPress from None: t=1939.0739258999997, value=space, duration=11.774438900000519>
1951.2121 	EXP 	Device response: <KeyPress from None: t=1951.2040753, value=space, duration=None>
1951.2143 	DATA 	Keypress: space
1951.2276 	EXP 	polygon: autoDraw = False
1951.2276 	EXP 	polygon_2: autoDraw = False
1951.3613 	EXP 	Device response: <KeyPress from None: t=1943.0340963999997, value=space, duration=8.311624800000232>
1951.5615 	EXP 	Device response: <KeyPress from None: t=1951.5466701999999, value=space, duration=None>
1951.5622 	DATA 	Keypress: space
1951.7286 	EXP 	Device response: <KeyPress from None: t=1943.6902884, value=space, duration=8.026811800000019>
1951.9096 	EXP 	Sound sound_1 reached end of file
1951.9258 	EXP 	Playing sound sound_1 on speaker Speakers (Realtek(R) Audio)
1951.9100 	EXP 	Device response: <KeyPress from None: t=1951.8939765, value=space, duration=None>
1951.9106 	DATA 	Keypress: space
1952.0427 	EXP 	Device response: <KeyPress from None: t=1950.6358289, value=space, duration=1.390594999999962>
1952.2259 	EXP 	Sound sound_1 stopped
1952.2261 	EXP 	Device response: <KeyPress from None: t=1952.2225779, value=space, duration=None>
1952.2270 	DATA 	Keypress: space
1952.2430 	EXP 	text: autoDraw = True
1952.2430 	EXP 	textbox: autoDraw = True
1952.2939 	EXP 	Device response: <KeyPress from None: t=1951.2040753, value=space, duration=1.0863673999998582>
1952.7432 	DATA 	Keypress: 9
1952.7445 	EXP 	Device response: <KeyPress from None: t=1952.735589, value=9, duration=None>
1952.8597 	EXP 	Device response: <KeyPress from None: t=1952.735589, value=9, duration=0.11695370000018102>
1952.9436 	DATA 	Keypress: 9
1952.9455 	EXP 	Device response: <KeyPress from None: t=1952.9350091000001, value=9, duration=None>
1953.0602 	EXP 	Device response: <KeyPress from None: t=1952.9350091000001, value=9, duration=0.11095600000010108>
1953.1358 	DATA 	Keypress: 9
1953.1435 	EXP 	Device response: <KeyPress from None: t=1953.1315856, value=9, duration=None>
1953.2263 	EXP 	Device response: <KeyPress from None: t=1953.1315856, value=9, duration=0.08294600000010632>
1954.1678 	DATA 	Mouse: Left button down, pos=(997,247)
1954.1773 	EXP 	New trial (rep=22, index=4): <Trial 356 (4 in rep 22) data={'delay': 0.7, 'freq': 400, 'condition': 'unexp', 'thisN': 356, 'thisTrialN': 4, 'thisRepN': 22}>
1954.1928 	EXP 	text: autoDraw = False
1954.1928 	EXP 	textbox: autoDraw = False
1954.1928 	EXP 	polygon: autoDraw = True
1954.4099 	DATA 	Mouse:  Left button up, pos=(997,247)
1954.4775 	DATA 	Mouse: Left button down, pos=(997,247)
1954.5939 	DATA 	Keypress: space
1954.6100 	EXP 	Device response: <KeyPress from None: t=1954.593519, value=space, duration=None>
1954.6435 	DATA 	Mouse:  Left button up, pos=(997,247)
1954.7600 	EXP 	Device response: <KeyPress from None: t=1951.5466701999999, value=space, duration=3.197920800000361>
1955.1778 	INFO 	Keyboard events cleared
1955.1776 	EXP 	polygon_2: autoDraw = True
1955.1945 	EXP 	polygon: autoDraw = False
1955.4799 	DATA 	Keypress: space
1955.4946 	EXP 	Device response: <KeyPress from None: t=1955.4792852, value=space, duration=None>
1955.5109 	EXP 	polygon: autoDraw = False
1955.5109 	EXP 	polygon_2: autoDraw = False
1955.5948 	EXP 	Device response: <KeyPress from None: t=1951.8939765, value=space, duration=3.693689599999857>
1956.1778 	EXP 	Sound sound_1 reached end of file
1956.1941 	EXP 	Playing sound sound_1 on speaker Speakers (Realtek(R) Audio)
1956.4914 	EXP 	Sound sound_1 stopped
1956.5121 	EXP 	text: autoDraw = True
1956.5121 	EXP 	textbox: autoDraw = True
1958.9719 	DATA 	Keypress: 6
1958.9824 	EXP 	Device response: <KeyPress from None: t=1958.9655813, value=6, duration=None>
1959.1261 	EXP 	Device response: <KeyPress from None: t=1958.9655813, value=6, duration=0.14682800000002771>
1959.2774 	DATA 	Keypress: minus
1959.2788 	EXP 	Device response: <KeyPress from None: t=1959.2744700999997, value=minus, duration=None>
1959.6771 	EXP 	Device response: <KeyPress from None: t=1959.2744700999997, value=minus, duration=0.39938930000027995>
1960.1935 	DATA 	Keypress: backspace
1960.1953 	EXP 	Device response: <KeyPress from None: t=1960.1864886999997, value=backspace, duration=None>
1960.4114 	EXP 	Device response: <KeyPress from None: t=1960.1864886999997, value=backspace, duration=0.21748960000024908>
1960.6263 	DATA 	Keypress: 0
1960.6280 	EXP 	Device response: <KeyPress from None: t=1960.6230384, value=0, duration=None>
1960.7435 	EXP 	Device response: <KeyPress from None: t=1960.6230384, value=0, duration=0.10835359999975935>
1960.8431 	DATA 	Keypress: 0
1960.8448 	EXP 	Device response: <KeyPress from None: t=1960.8401961, value=0, duration=None>
1961.0097 	EXP 	Device response: <KeyPress from None: t=1960.8401961, value=0, duration=0.15614509999988968>
1963.4478 	DATA 	Mouse: Left button down, pos=(969,234)
1963.4603 	EXP 	New trial (rep=22, index=5): <Trial 357 (5 in rep 22) data={'delay': 0.1, 'freq': 1000, 'condition': 'exp', 'thisN': 357, 'thisTrialN': 5, 'thisRepN': 22}>
1963.4755 	EXP 	text: autoDraw = False
1963.4755 	EXP 	textbox: autoDraw = False
1963.4755 	EXP 	polygon: autoDraw = True
1963.6772 	DATA 	Mouse:  Left button up, pos=(969,234)
1964.4596 	INFO 	Keyboard events cleared
1964.4594 	EXP 	polygon_2: autoDraw = True
1964.4759 	EXP 	polygon: autoDraw = False
1965.1100 	DATA 	Mouse: Left button down, pos=(969,234)
1965.3443 	DATA 	Mouse:  Left button up, pos=(969,234)
1965.5620 	EXP 	Device response: <KeyPress from None: t=1965.5556988999997, value=space, duration=None>
1965.5643 	DATA 	Keypress: space
1965.5774 	EXP 	polygon: autoDraw = False
1965.5774 	EXP 	polygon_2: autoDraw = False
1965.6281 	EXP 	Device response: <KeyPress from None: t=1952.2225779, value=space, duration=13.400240200000212>
1965.6596 	EXP 	Sound sound_1 reached end of file
1965.6757 	EXP 	Playing sound sound_1 on speaker Speakers (Realtek(R) Audio)
1965.9715 	EXP 	Sound sound_1 stopped
1965.9904 	EXP 	text: autoDraw = True
1965.9904 	EXP 	textbox: autoDraw = True
1968.9999 	DATA 	Keypress: 9
1969.0102 	EXP 	Device response: <KeyPress from None: t=1968.9954778000001, value=9, duration=None>
1969.0930 	EXP 	Device response: <KeyPress from None: t=1968.9954778000001, value=9, duration=0.0813866999998254>
1969.1771 	DATA 	Keypress: 9
1969.1783 	EXP 	Device response: <KeyPress from None: t=1969.1756654, value=9, duration=None>
1969.2943 	EXP 	Device response: <KeyPress from None: t=1969.1756654, value=9, duration=0.11700040000016543>
1969.7175 	DATA 	Keypress: 9
1969.7263 	EXP 	Device response: <KeyPress from None: t=1969.7169226, value=9, duration=None>
1969.8278 	EXP 	Device response: <KeyPress from None: t=1969.7169226, value=9, duration=0.10779229999991458>
1970.3983 	DATA 	Keypress: space
1970.4093 	EXP 	Device response: <KeyPress from None: t=1970.3953268999999, value=space, duration=None>
1970.5763 	EXP 	Device response: <KeyPress from None: t=1954.593519, value=space, duration=15.973349500000154>
1971.7763 	DATA 	Mouse: Left button down, pos=(969,234)
1971.7776 	EXP 	New trial (rep=22, index=6): <Trial 358 (6 in rep 22) data={'delay': 0.1, 'freq': 1000, 'condition': 'exp', 'thisN': 358, 'thisTrialN': 6, 'thisRepN': 22}>
1971.7922 	EXP 	text: autoDraw = False
1971.7922 	EXP 	textbox: autoDraw = False
1971.7922 	EXP 	polygon: autoDraw = True
1972.0104 	DATA 	Mouse:  Left button up, pos=(969,234)
1972.7763 	INFO 	Keyboard events cleared
1972.7762 	EXP 	polygon_2: autoDraw = True
1972.7930 	EXP 	polygon: autoDraw = False
1973.3602 	EXP 	Device response: <KeyPress from None: t=1973.3488060999998, value=space, duration=None>
1973.3617 	DATA 	Keypress: space
1973.3764 	EXP 	polygon: autoDraw = False
1973.3764 	EXP 	polygon_2: autoDraw = False
1973.4594 	EXP 	Sound sound_1 reached end of file
1973.4757 	EXP 	Playing sound sound_1 on speaker Speakers (Realtek(R) Audio)
1973.4927 	EXP 	Device response: <KeyPress from None: t=1955.4792852, value=space, duration=18.002352300000098>
1973.7739 	EXP 	Sound sound_1 stopped
1973.7904 	EXP 	text: autoDraw = True
1973.7904 	EXP 	textbox: autoDraw = True
1974.3160 	DATA 	Keypress: 9
1974.3176 	EXP 	Device response: <KeyPress from None: t=1974.3143018, value=9, duration=None>
1974.4438 	EXP 	Device response: <KeyPress from None: t=1974.3143018, value=9, duration=0.12160259999984646>
1974.5347 	DATA 	Keypress: 9
1974.5435 	EXP 	Device response: <KeyPress from None: t=1974.5325503999998, value=9, duration=None>
1974.6605 	EXP 	Device response: <KeyPress from None: t=1974.5325503999998, value=9, duration=0.11799800000028426>
1974.7636 	DATA 	Keypress: 9
1974.7764 	EXP 	Device response: <KeyPress from None: t=1974.7618660999997, value=9, duration=None>
1974.8267 	EXP 	Device response: <KeyPress from None: t=1974.7618660999997, value=9, duration=0.05508890000021438>
1975.6768 	DATA 	Mouse: Left button down, pos=(969,234)
1975.6776 	EXP 	New trial (rep=22, index=7): <Trial 359 (7 in rep 22) data={'delay': 0.1, 'freq': 1000, 'condition': 'exp', 'thisN': 359, 'thisTrialN': 7, 'thisRepN': 22}>
1975.6927 	EXP 	text: autoDraw = False
1975.6927 	EXP 	textbox: autoDraw = False
1975.6927 	EXP 	polygon: autoDraw = True
1975.9104 	DATA 	Mouse:  Left button up, pos=(969,234)
1976.2601 	EXP 	Device response: <KeyPress from None: t=1976.2558713999997, value=space, duration=None>
1976.2608 	DATA 	Keypress: space
1976.3600 	EXP 	Device response: <KeyPress from None: t=1965.5556988999997, value=space, duration=10.801954900000169>
1976.6930 	INFO 	Keyboard events cleared
1976.6929 	EXP 	polygon: autoDraw = False
1976.6929 	EXP 	polygon_2: autoDraw = True
1977.0785 	EXP 	Device response: <KeyPress from None: t=1977.0735024, value=space, duration=None>
1977.0808 	DATA 	Keypress: space
1977.0945 	EXP 	polygon: autoDraw = False
1977.0945 	EXP 	polygon_2: autoDraw = False
1977.1613 	EXP 	Device response: <KeyPress from None: t=1970.3953268999999, value=space, duration=6.761273800000367>
1977.1787 	EXP 	Sound sound_1 reached end of file
1977.1950 	EXP 	Playing sound sound_1 on speaker Speakers (Realtek(R) Audio)
1977.4913 	EXP 	Sound sound_1 stopped
1977.5121 	EXP 	text: autoDraw = True
1977.5121 	EXP 	textbox: autoDraw = True
1978.4102 	DATA 	Keypress: 9
1978.4178 	EXP 	Device response: <KeyPress from None: t=1978.4073579, value=9, duration=None>
1978.5112 	EXP 	Device response: <KeyPress from None: t=1978.4073579, value=9, duration=0.09919679999995878>
1978.5989 	DATA 	Keypress: 9
1978.6101 	EXP 	Device response: <KeyPress from None: t=1978.5939138999997, value=9, duration=None>
1978.6932 	EXP 	Device response: <KeyPress from None: t=1978.5939138999997, value=9, duration=0.08578180000006341>
1978.7810 	DATA 	Keypress: 9
1978.7931 	EXP 	Device response: <KeyPress from None: t=1978.7774875999999, value=9, duration=None>
1978.8772 	EXP 	Device response: <KeyPress from None: t=1978.7774875999999, value=9, duration=0.09621620000018538>
1979.6769 	DATA 	Mouse: Left button down, pos=(969,234)
1979.6778 	EXP 	New trial (rep=22, index=8): <Trial 360 (8 in rep 22) data={'delay': 0.1, 'freq': 1000, 'condition': 'exp', 'thisN': 360, 'thisTrialN': 8, 'thisRepN': 22}>
1979.6930 	EXP 	text: autoDraw = False
1979.6930 	EXP 	textbox: autoDraw = False
1979.6930 	EXP 	polygon: autoDraw = True
1979.8783 	DATA 	Mouse:  Left button up, pos=(969,234)
1979.9277 	DATA 	Mouse: Left button down, pos=(969,234)
1980.1105 	DATA 	Mouse:  Left button up, pos=(969,234)
1980.6118 	EXP 	Device response: <KeyPress from None: t=1980.6031454, value=space, duration=None>
1980.6131 	DATA 	Keypress: space
1980.6784 	INFO 	Keyboard events cleared
1980.6782 	EXP 	polygon_2: autoDraw = True
1980.6947 	EXP 	polygon: autoDraw = False
1980.7448 	EXP 	Device response: <KeyPress from None: t=1973.3488060999998, value=space, duration=7.382985700000177>
1981.0787 	EXP 	Device response: <KeyPress from None: t=1981.0708783999999, value=space, duration=None>
1981.0812 	DATA 	Keypress: space
1981.0945 	EXP 	polygon: autoDraw = False
1981.0945 	EXP 	polygon_2: autoDraw = False
1981.1613 	EXP 	Device response: <KeyPress from None: t=1976.2558713999997, value=space, duration=4.895957700000167>
1981.1781 	EXP 	Sound sound_1 reached end of file
1981.1944 	EXP 	Playing sound sound_1 on speaker Speakers (Realtek(R) Audio)
1981.4862 	EXP 	Sound sound_1 stopped
1981.5070 	EXP 	text: autoDraw = True
1981.5070 	EXP 	textbox: autoDraw = True
1981.6835 	DATA 	Keypress: 9
1981.6941 	EXP 	Device response: <KeyPress from None: t=1981.6766935, value=9, duration=None>
1981.8111 	EXP 	Device response: <KeyPress from None: t=1981.6766935, value=9, duration=0.13302810000016052>
1981.9101 	DATA 	Keypress: 9
1981.9117 	EXP 	Device response: <KeyPress from None: t=1981.9093626, value=9, duration=None>
1981.9931 	EXP 	Device response: <KeyPress from None: t=1981.9093626, value=9, duration=0.0790410999999267>
1982.0841 	DATA 	Keypress: 9
1982.0931 	EXP 	Device response: <KeyPress from None: t=1982.0816666, value=9, duration=None>
1982.1932 	EXP 	Device response: <KeyPress from None: t=1982.0816666, value=9, duration=0.1017999000001737>
1983.0772 	DATA 	Mouse: Left button down, pos=(969,234)
1983.0785 	EXP 	New trial (rep=22, index=9): <Trial 361 (9 in rep 22) data={'delay': 0.1, 'freq': 400, 'condition': 'unexp', 'thisN': 361, 'thisTrialN': 9, 'thisRepN': 22}>
1983.0922 	EXP 	text: autoDraw = False
1983.0922 	EXP 	textbox: autoDraw = False
1983.0922 	EXP 	polygon: autoDraw = True
1983.3116 	DATA 	Mouse:  Left button up, pos=(969,234)
1983.3776 	DATA 	Mouse: Left button down, pos=(969,234)
1983.5273 	DATA 	Mouse:  Left button up, pos=(969,234)
1983.8596 	EXP 	Device response: <KeyPress from None: t=1983.8484592, value=space, duration=None>
1983.8604 	DATA 	Keypress: space
1984.0926 	INFO 	Keyboard events cleared
1984.0924 	EXP 	polygon: autoDraw = False
1984.0924 	EXP 	polygon_2: autoDraw = True
1984.3930 	EXP 	Device response: <KeyPress from None: t=1977.0735024, value=space, duration=7.317563499999892>
1984.4934 	EXP 	Device response: <KeyPress from None: t=1984.4846887999997, value=space, duration=None>
1984.4952 	DATA 	Keypress: space
1984.5096 	EXP 	polygon: autoDraw = False
1984.5096 	EXP 	polygon_2: autoDraw = False
1984.5763 	EXP 	Sound sound_1 reached end of file
1984.5926 	EXP 	Playing sound sound_1 on speaker Speakers (Realtek(R) Audio)
1984.5932 	EXP 	Device response: <KeyPress from None: t=1980.6031454, value=space, duration=3.9834130999998933>
1984.8898 	EXP 	Sound sound_1 stopped
1984.9075 	EXP 	text: autoDraw = True
1984.9075 	EXP 	textbox: autoDraw = True
1985.5386 	DATA 	Keypress: 5
1985.5402 	EXP 	Device response: <KeyPress from None: t=1985.5369660000001, value=5, duration=None>
1985.6610 	EXP 	Device response: <KeyPress from None: t=1985.5369660000001, value=5, duration=0.1155085999999983>
1985.7299 	DATA 	Keypress: 5
1985.7436 	EXP 	Device response: <KeyPress from None: t=1985.7291243, value=5, duration=None>
1985.8265 	EXP 	Device response: <KeyPress from None: t=1985.7291243, value=5, duration=0.08500139999989642>
1986.1268 	DATA 	Keypress: 0
1986.1283 	EXP 	Device response: <KeyPress from None: t=1986.1212762, value=0, duration=None>
1986.2598 	EXP 	Device response: <KeyPress from None: t=1986.1212762, value=0, duration=0.12671060000013767>
1987.2275 	DATA 	Mouse: Left button down, pos=(969,234)
1987.2284 	EXP 	New trial (rep=22, index=10): <Trial 362 (10 in rep 22) data={'delay': 0.4, 'freq': 1000, 'condition': 'exp', 'thisN': 362, 'thisTrialN': 10, 'thisRepN': 22}>
1987.2427 	EXP 	text: autoDraw = False
1987.2427 	EXP 	textbox: autoDraw = False
1987.2427 	EXP 	polygon: autoDraw = True
1987.4434 	DATA 	Mouse:  Left button up, pos=(969,234)
1987.5101 	DATA 	Mouse: Left button down, pos=(969,234)
1987.6602 	DATA 	Mouse:  Left button up, pos=(969,234)
1987.7270 	DATA 	Mouse: Left button down, pos=(969,234)
1987.8272 	DATA 	Mouse:  Left button up, pos=(969,234)
1988.1603 	DATA 	Keypress: space
1988.1765 	EXP 	Device response: <KeyPress from None: t=1988.1598964, value=space, duration=None>
1988.2430 	INFO 	Keyboard events cleared
1988.2428 	EXP 	polygon: autoDraw = False
1988.2428 	EXP 	polygon_2: autoDraw = True
1988.3098 	EXP 	Device response: <KeyPress from None: t=1981.0708783999999, value=space, duration=7.232880200000295>
1988.4929 	EXP 	Device response: <KeyPress from None: t=1988.4906591999998, value=space, duration=None>
1988.4948 	DATA 	Keypress: space
1988.5091 	EXP 	polygon: autoDraw = False
1988.5091 	EXP 	polygon_2: autoDraw = False
1988.5598 	EXP 	Device response: <KeyPress from None: t=1983.8484592, value=space, duration=4.708833100000106>
1988.7095 	EXP 	Device response: <KeyPress from None: t=1988.6944905, value=space, duration=None>
1988.7101 	DATA 	Keypress: space
1988.7935 	EXP 	Device response: <KeyPress from None: t=1984.4846887999997, value=space, duration=4.297866800000179>
1988.8762 	EXP 	Sound sound_1 reached end of file
1988.8926 	EXP 	Playing sound sound_1 on speaker Speakers (Realtek(R) Audio)
1989.1913 	EXP 	Sound sound_1 stopped
1989.2102 	EXP 	text: autoDraw = True
1989.2102 	EXP 	textbox: autoDraw = True
1989.2628 	DATA 	Keypress: 9
1989.2643 	EXP 	Device response: <KeyPress from None: t=1989.2613548999998, value=9, duration=None>
1989.3769 	EXP 	Device response: <KeyPress from None: t=1989.2613548999998, value=9, duration=0.10744780000015908>
1989.4598 	DATA 	Keypress: 9
1989.4612 	EXP 	Device response: <KeyPress from None: t=1989.4575774, value=9, duration=None>
1989.5432 	EXP 	Device response: <KeyPress from None: t=1989.4575774, value=9, duration=0.07305820000021868>
1989.6146 	DATA 	Keypress: 9
1989.6264 	EXP 	Device response: <KeyPress from None: t=1989.6120075999997, value=9, duration=None>
1989.6776 	EXP 	Device response: <KeyPress from None: t=1989.6120075999997, value=9, duration=0.0625681000002487>
1990.5447 	DATA 	Mouse: Left button down, pos=(969,234)
1990.5462 	EXP 	New trial (rep=22, index=11): <Trial 363 (11 in rep 22) data={'delay': 0.4, 'freq': 1000, 'condition': 'exp', 'thisN': 363, 'thisTrialN': 11, 'thisRepN': 22}>
1990.5591 	EXP 	text: autoDraw = False
1990.5591 	EXP 	textbox: autoDraw = False
1990.5591 	EXP 	polygon: autoDraw = True
1990.7772 	DATA 	Mouse:  Left button up, pos=(969,234)
1990.8437 	DATA 	Mouse: Left button down, pos=(969,234)
1990.9098 	EXP 	Device response: <KeyPress from None: t=1990.8946633, value=space, duration=None>
1990.9107 	DATA 	Keypress: space
1990.9765 	EXP 	Device response: <KeyPress from None: t=1988.1598964, value=space, duration=2.813131200000157>
1990.9941 	DATA 	Mouse:  Left button up, pos=(969,234)
1991.1261 	EXP 	Device response: <KeyPress from None: t=1991.1164279999998, value=space, duration=None>
1991.1268 	DATA 	Keypress: space
1991.1934 	EXP 	Device response: <KeyPress from None: t=1988.4906591999998, value=space, duration=2.7016332000004013>
1991.3100 	EXP 	Device response: <KeyPress from None: t=1991.3078381, value=space, duration=None>
1991.3110 	DATA 	Keypress: space
1991.3926 	EXP 	Device response: <KeyPress from None: t=1988.6944905, value=space, duration=2.692307200000073>
1991.5098 	EXP 	Device response: <KeyPress from None: t=1991.5020516, value=space, duration=None>
1991.5105 	DATA 	Keypress: space
1991.5592 	INFO 	Keyboard events cleared
1991.5591 	EXP 	polygon: autoDraw = False
1991.5591 	EXP 	polygon_2: autoDraw = True
1991.5928 	EXP 	Device response: <KeyPress from None: t=1990.8946633, value=space, duration=0.6883230999998204>
1991.7104 	DATA 	Keypress: space
1991.7269 	EXP 	Device response: <KeyPress from None: t=1991.7100320999998, value=space, duration=None>
1991.7426 	EXP 	polygon: autoDraw = False
1991.7426 	EXP 	polygon_2: autoDraw = False
1991.7760 	EXP 	Device response: <KeyPress from None: t=1991.1164279999998, value=space, duration=0.6575151000002961>
1991.8929 	EXP 	Device response: <KeyPress from None: t=1991.8788562, value=space, duration=None>
1991.8936 	DATA 	Keypress: space
1991.9781 	EXP 	Device response: <KeyPress from None: t=1991.3078381, value=space, duration=0.652114799999822>
1992.1101 	EXP 	Sound sound_1 reached end of file
1992.1265 	EXP 	Playing sound sound_1 on speaker Speakers (Realtek(R) Audio)
1992.4208 	EXP 	Sound sound_1 stopped
1992.4424 	EXP 	text: autoDraw = True
1992.4424 	EXP 	textbox: autoDraw = True
1992.6474 	DATA 	Keypress: 9
1992.6549 	EXP 	Device response: <KeyPress from None: t=1992.6467739999998, value=9, duration=None>
1992.7598 	EXP 	Device response: <KeyPress from None: t=1992.6467739999998, value=9, duration=0.09890100000041002>
1992.8476 	DATA 	Keypress: 9
1992.8601 	EXP 	Device response: <KeyPress from None: t=1992.8462270999999, value=9, duration=None>
1992.9271 	EXP 	Device response: <KeyPress from None: t=1992.8462270999999, value=9, duration=0.07807710000008683>
1993.3103 	DATA 	Keypress: 9
1993.3118 	EXP 	Device response: <KeyPress from None: t=1993.3057073999998, value=9, duration=None>
1993.4099 	EXP 	Device response: <KeyPress from None: t=1993.3057073999998, value=9, duration=0.09119960000009542>
1994.2936 	DATA 	Mouse: Left button down, pos=(969,234)
1994.2945 	EXP 	New trial (rep=22, index=12): <Trial 364 (12 in rep 22) data={'delay': 0.7, 'freq': 1000, 'condition': 'exp', 'thisN': 364, 'thisTrialN': 12, 'thisRepN': 22}>
1994.3095 	EXP 	text: autoDraw = False
1994.3095 	EXP 	textbox: autoDraw = False
1994.3095 	EXP 	polygon: autoDraw = True
1994.4937 	DATA 	Mouse:  Left button up, pos=(969,234)
1994.5603 	DATA 	Mouse: Left button down, pos=(969,234)
1994.6100 	EXP 	Device response: <KeyPress from None: t=1994.6041560999997, value=space, duration=None>
1994.6109 	DATA 	Keypress: space
1994.7099 	EXP 	Device response: <KeyPress from None: t=1991.5020516, value=space, duration=3.1908460999999306>
1994.7107 	DATA 	Mouse:  Left button up, pos=(969,234)
1994.8097 	EXP 	Device response: <KeyPress from None: t=1994.8075715, value=space, duration=None>
1994.8104 	DATA 	Keypress: space
1994.9098 	EXP 	Device response: <KeyPress from None: t=1991.7100320999998, value=space, duration=3.199244500000191>
1995.0299 	EXP 	Device response: <KeyPress from None: t=1995.0281339999997, value=space, duration=None>
1995.0309 	DATA 	Keypress: space
1995.1266 	EXP 	Device response: <KeyPress from None: t=1991.8788562, value=space, duration=3.2317064000000073>
1995.2434 	EXP 	Device response: <KeyPress from None: t=1995.2332560999998, value=space, duration=None>
1995.2441 	DATA 	Keypress: space
1995.3091 	INFO 	Keyboard events cleared
1995.3089 	EXP 	polygon: autoDraw = False
1995.3089 	EXP 	polygon_2: autoDraw = True
1995.4267 	EXP 	Device response: <KeyPress from None: t=1995.4197736, value=space, duration=None>
1995.4283 	DATA 	Keypress: space
1995.4431 	EXP 	polygon: autoDraw = False
1995.4431 	EXP 	polygon_2: autoDraw = False
1995.5098 	EXP 	Device response: <KeyPress from None: t=1994.6041560999997, value=space, duration=0.8947029000001976>
1995.6106 	EXP 	Device response: <KeyPress from None: t=1995.6011273, value=space, duration=None>
1995.6115 	DATA 	Keypress: space
1995.6951 	EXP 	Device response: <KeyPress from None: t=1994.8075715, value=space, duration=0.8686782000000903>
1995.7950 	EXP 	Device response: <KeyPress from None: t=1995.7884589, value=space, duration=None>
1995.7957 	DATA 	Keypress: space
1995.8623 	EXP 	Device response: <KeyPress from None: t=1995.0281339999997, value=space, duration=0.8187119000004941>
1996.1122 	EXP 	Sound sound_1 reached end of file
1996.1285 	EXP 	Playing sound sound_1 on speaker Speakers (Realtek(R) Audio)
1996.3453 	EXP 	Device response: <KeyPress from None: t=1996.3332298, value=9, duration=None>
1996.3464 	DATA 	Keypress: 9
1996.4222 	EXP 	Sound sound_1 stopped
1996.4225 	EXP 	Device response: <KeyPress from None: t=1996.3332298, value=9, duration=0.08295009999994818>
1996.4443 	EXP 	text: autoDraw = True
1996.4443 	EXP 	textbox: autoDraw = True
1996.5160 	DATA 	Keypress: 9
1996.5266 	EXP 	Device response: <KeyPress from None: t=1996.5144981999997, value=9, duration=None>
1996.5771 	EXP 	Device response: <KeyPress from None: t=1996.5144981999997, value=9, duration=0.05746880000026522>
1996.6678 	DATA 	Keypress: 9
1996.6769 	EXP 	Device response: <KeyPress from None: t=1996.6660035999998, value=9, duration=None>
1996.7767 	EXP 	Device response: <KeyPress from None: t=1996.6660035999998, value=9, duration=0.09693550000031337>
1997.0264 	DATA 	Keypress: 9
1997.0286 	EXP 	Device response: <KeyPress from None: t=1997.0237328999997, value=9, duration=None>
1997.0937 	EXP 	Device response: <KeyPress from None: t=1997.0237328999997, value=9, duration=0.05511490000037611>
1997.9935 	DATA 	Mouse: Left button down, pos=(969,234)
1997.9946 	EXP 	New trial (rep=22, index=13): <Trial 365 (13 in rep 22) data={'delay': 0.4, 'freq': 400, 'condition': 'unexp', 'thisN': 365, 'thisTrialN': 13, 'thisRepN': 22}>
1998.0100 	EXP 	text: autoDraw = False
1998.0100 	EXP 	textbox: autoDraw = False
1998.0100 	EXP 	polygon: autoDraw = True
1998.1937 	DATA 	Mouse:  Left button up, pos=(969,234)
1998.2606 	DATA 	Mouse: Left button down, pos=(969,234)
1998.3938 	DATA 	Mouse:  Left button up, pos=(969,234)
1998.4608 	DATA 	Mouse: Left button down, pos=(969,234)
1998.6106 	DATA 	Mouse:  Left button up, pos=(969,234)
1998.8099 	EXP 	Device response: <KeyPress from None: t=1998.7949995, value=space, duration=None>
1998.8107 	DATA 	Keypress: space
1998.9430 	EXP 	Device response: <KeyPress from None: t=1995.2332560999998, value=space, duration=3.6939069999999674>
1999.0100 	INFO 	Keyboard events cleared
1999.0099 	EXP 	polygon: autoDraw = False
1999.0099 	EXP 	polygon_2: autoDraw = True
1999.0430 	EXP 	Device response: <KeyPress from None: t=1999.0357644, value=space, duration=None>
1999.0451 	DATA 	Keypress: space
1999.0595 	EXP 	polygon: autoDraw = False
1999.0595 	EXP 	polygon_2: autoDraw = False
1999.1270 	EXP 	Device response: <KeyPress from None: t=1995.4197736, value=space, duration=3.705893200000105>
1999.2431 	EXP 	Device response: <KeyPress from None: t=1999.2310859, value=space, duration=None>
1999.2436 	DATA 	Keypress: space
1999.3434 	EXP 	Device response: <KeyPress from None: t=1995.6011273, value=space, duration=3.727654400000233>
1999.4269 	EXP 	Sound sound_1 reached end of file
1999.4432 	EXP 	Playing sound sound_1 on speaker Speakers (Realtek(R) Audio)
1999.4596 	EXP 	Device response: <KeyPress from None: t=1999.4452671, value=space, duration=None>
1999.4604 	DATA 	Keypress: space
1999.5432 	EXP 	Device response: <KeyPress from None: t=1995.7884589, value=space, duration=3.743207799999823>
1999.6597 	EXP 	Device response: <KeyPress from None: t=1999.6470463, value=space, duration=None>
1999.6602 	DATA 	Keypress: space
1999.7407 	EXP 	Sound sound_1 stopped
1999.7409 	EXP 	Device response: <KeyPress from None: t=1998.7949995, value=space, duration=0.9247790999999097>
1999.7585 	EXP 	text: autoDraw = True
1999.7585 	EXP 	textbox: autoDraw = True
2000.5049 	DATA 	Keypress: 5
2000.5064 	EXP 	Device response: <KeyPress from None: t=2000.4985766999998, value=5, duration=None>
2000.5934 	EXP 	Device response: <KeyPress from None: t=2000.4985766999998, value=5, duration=0.08190480000041589>
2000.6770 	DATA 	Keypress: 5
2000.6790 	EXP 	Device response: <KeyPress from None: t=2000.6731925999998, value=5, duration=None>
2000.7619 	EXP 	Device response: <KeyPress from None: t=2000.6731925999998, value=5, duration=0.07799740000029942>
2000.8975 	DATA 	Keypress: 0
2000.9097 	EXP 	Device response: <KeyPress from None: t=2000.8963767, value=0, duration=None>
2001.0268 	EXP 	Device response: <KeyPress from None: t=2000.8963767, value=0, duration=0.11401690000013787>
2001.9144 	DATA 	Mouse: Left button down, pos=(969,234)
2001.9276 	EXP 	New trial (rep=22, index=14): <Trial 366 (14 in rep 22) data={'delay': 0.7, 'freq': 1000, 'condition': 'exp', 'thisN': 366, 'thisTrialN': 14, 'thisRepN': 22}>
2001.9425 	EXP 	text: autoDraw = False
2001.9425 	EXP 	textbox: autoDraw = False
2001.9425 	EXP 	polygon: autoDraw = True
2002.0941 	DATA 	Mouse:  Left button up, pos=(969,234)
2002.1614 	DATA 	Mouse: Left button down, pos=(969,234)
2002.2935 	DATA 	Mouse:  Left button up, pos=(969,234)
2002.3603 	DATA 	Mouse: Left button down, pos=(969,234)
2002.5100 	DATA 	Mouse:  Left button up, pos=(969,234)
2002.6259 	EXP 	Device response: <KeyPress from None: t=2002.6208968, value=space, duration=None>
2002.6268 	DATA 	Keypress: space
2002.7430 	EXP 	Device response: <KeyPress from None: t=1999.0357644, value=space, duration=3.6926525000000083>
2002.8634 	DATA 	Keypress: space
2002.8785 	EXP 	Device response: <KeyPress from None: t=2002.8624513, value=space, duration=None>
2002.9284 	INFO 	Keyboard events cleared
2002.9282 	EXP 	polygon_2: autoDraw = True
2002.9444 	EXP 	polygon: autoDraw = False
2002.9448 	EXP 	Device response: <KeyPress from None: t=1999.2310859, value=space, duration=3.7105889999999135>
2003.0789 	EXP 	Device response: <KeyPress from None: t=2003.0754385999999, value=space, duration=None>
2003.0810 	DATA 	Keypress: space
2003.0943 	EXP 	polygon: autoDraw = False
2003.0943 	EXP 	polygon_2: autoDraw = False
2003.1621 	EXP 	Device response: <KeyPress from None: t=1999.4452671, value=space, duration=3.71436290000031>
2003.2956 	EXP 	Device response: <KeyPress from None: t=2003.2889292999998, value=space, duration=None>
2003.2963 	DATA 	Keypress: space
2003.3786 	EXP 	Device response: <KeyPress from None: t=1999.6470463, value=space, duration=3.7157960999999204>
2003.4778 	EXP 	Device response: <KeyPress from None: t=2003.4730842999998, value=space, duration=None>
2003.4785 	DATA 	Keypress: space
2003.5449 	EXP 	Device response: <KeyPress from None: t=2002.6208968, value=space, duration=0.9181638000001158>
2003.6780 	EXP 	Device response: <KeyPress from None: t=2003.6648841, value=space, duration=None>
2003.6788 	DATA 	Keypress: space
2003.7451 	EXP 	Device response: <KeyPress from None: t=2002.8624513, value=space, duration=0.8737222000000884>
2003.7778 	EXP 	Sound sound_1 reached end of file
2003.7941 	EXP 	Playing sound sound_1 on speaker Speakers (Realtek(R) Audio)
2003.8456 	EXP 	Device response: <KeyPress from None: t=2003.8439860999997, value=space, duration=None>
2003.8465 	DATA 	Keypress: space
2003.9451 	EXP 	Device response: <KeyPress from None: t=2003.0754385999999, value=space, duration=0.8581588000002967>
2004.0924 	EXP 	Sound sound_1 stopped
2004.0927 	EXP 	Device response: <KeyPress from None: t=2004.0627483999997, value=space, duration=None>
2004.0938 	DATA 	Keypress: space
2004.1130 	EXP 	text: autoDraw = True
2004.1130 	EXP 	textbox: autoDraw = True
2004.1622 	EXP 	Device response: <KeyPress from None: t=2003.2889292999998, value=space, duration=0.8697035000001279>
2004.4150 	DATA 	Keypress: 9
2004.4266 	EXP 	Device response: <KeyPress from None: t=2004.4107586, value=9, duration=None>
2004.5432 	EXP 	Device response: <KeyPress from None: t=2004.4107586, value=9, duration=0.1179339999999911>
2004.6309 	DATA 	Keypress: 9
2004.6433 	EXP 	Device response: <KeyPress from None: t=2004.6272055, value=9, duration=None>
2004.7111 	EXP 	Device response: <KeyPress from None: t=2004.6272055, value=9, duration=0.07094789999985096>
2004.7985 	DATA 	Keypress: 9
2004.8102 	EXP 	Device response: <KeyPress from None: t=2004.7938874000001, value=9, duration=None>
2004.8776 	EXP 	Device response: <KeyPress from None: t=2004.7938874000001, value=9, duration=0.0771471999997857>
2005.6434 	DATA 	Mouse: Left button down, pos=(969,234)
2005.6443 	EXP 	New trial (rep=22, index=15): <Trial 367 (15 in rep 22) data={'delay': 0.4, 'freq': 1000, 'condition': 'exp', 'thisN': 367, 'thisTrialN': 15, 'thisRepN': 22}>
2005.6596 	EXP 	text: autoDraw = False
2005.6596 	EXP 	textbox: autoDraw = False
2005.6596 	EXP 	polygon: autoDraw = True
2005.8444 	DATA 	Mouse:  Left button up, pos=(969,234)
2005.8951 	DATA 	Mouse: Left button down, pos=(969,234)
2006.0442 	DATA 	Mouse:  Left button up, pos=(969,234)
2006.1110 	DATA 	Mouse: Left button down, pos=(969,234)
2006.1433 	EXP 	Device response: <KeyPress from None: t=2006.1423967, value=space, duration=None>
2006.1443 	DATA 	Keypress: space
2006.2435 	EXP 	Device response: <KeyPress from None: t=2003.4730842999998, value=space, duration=2.754006800000411>
2006.2609 	DATA 	Mouse:  Left button up, pos=(969,234)
2006.3593 	EXP 	Device response: <KeyPress from None: t=2006.3565792, value=space, duration=None>
2006.3602 	DATA 	Keypress: space
2006.4455 	EXP 	Device response: <KeyPress from None: t=2003.6648841, value=space, duration=2.7753957000001037>
2006.5784 	EXP 	Device response: <KeyPress from None: t=2006.5703046999997, value=space, duration=None>
2006.5793 	DATA 	Keypress: space
2006.6456 	INFO 	Keyboard events cleared
2006.6454 	EXP 	polygon_2: autoDraw = True
2006.6616 	EXP 	polygon: autoDraw = False
2006.6621 	EXP 	Device response: <KeyPress from None: t=2003.8439860999997, value=space, duration=2.8089537000001883>
2006.7932 	EXP 	Device response: <KeyPress from None: t=2006.7846228999997, value=space, duration=None>
2006.7950 	DATA 	Keypress: space
2006.8098 	EXP 	polygon: autoDraw = False
2006.8098 	EXP 	polygon_2: autoDraw = False
2006.8776 	EXP 	Device response: <KeyPress from None: t=2004.0627483999997, value=space, duration=2.806681500000309>
2007.0117 	EXP 	Device response: <KeyPress from None: t=2006.9967966, value=space, duration=None>
2007.0126 	DATA 	Keypress: space
2007.0786 	EXP 	Device response: <KeyPress from None: t=2006.1423967, value=space, duration=0.9214680000001181>
2007.1786 	EXP 	Sound sound_1 reached end of file
2007.1949 	EXP 	Playing sound sound_1 on speaker Speakers (Realtek(R) Audio)
2007.1956 	EXP 	Device response: <KeyPress from None: t=2007.1922440999997, value=space, duration=None>
2007.1966 	DATA 	Keypress: space
2007.2619 	EXP 	Device response: <KeyPress from None: t=2006.3565792, value=space, duration=0.8987659000000576>
2007.3950 	EXP 	Device response: <KeyPress from None: t=2007.3808288, value=space, duration=None>
2007.3960 	DATA 	Keypress: space
2007.4121 	EXP 	Device response: <KeyPress from None: t=2006.5703046999997, value=space, duration=0.8370657000001529>
2007.4955 	EXP 	Sound sound_1 stopped
2007.5177 	EXP 	text: autoDraw = True
2007.5177 	EXP 	textbox: autoDraw = True
2007.6412 	DATA 	Keypress: 9
2007.6530 	EXP 	Device response: <KeyPress from None: t=2007.6352395999997, value=9, duration=None>
2007.7614 	EXP 	Device response: <KeyPress from None: t=2007.6352395999997, value=9, duration=0.1242490000000771>
2007.8478 	DATA 	Keypress: 9
2007.8599 	EXP 	Device response: <KeyPress from None: t=2007.8446682, value=9, duration=None>
2007.9276 	EXP 	Device response: <KeyPress from None: t=2007.8446682, value=9, duration=0.08196230000032756>
2008.0135 	DATA 	Keypress: 9
2008.0270 	EXP 	Device response: <KeyPress from None: t=2008.0130135999998, value=9, duration=None>
2008.1268 	EXP 	Device response: <KeyPress from None: t=2008.0130135999998, value=9, duration=0.10088520000010703>
2008.9512 	DATA 	Mouse: Left button down, pos=(969,234)
2008.9603 	EXP 	New trial (rep=23, index=0): <Trial 368 (0 in rep 23) data={'delay': 0.1, 'freq': 1000, 'condition': 'exp', 'thisN': 368, 'thisTrialN': 0, 'thisRepN': 23}>
2008.9791 	EXP 	text: autoDraw = False
2008.9791 	EXP 	textbox: autoDraw = False
2008.9791 	EXP 	polygon: autoDraw = True
2009.1781 	DATA 	Mouse:  Left button up, pos=(969,234)
2009.2268 	DATA 	Mouse: Left button down, pos=(969,234)
2009.3768 	DATA 	Mouse:  Left button up, pos=(969,234)
2009.4278 	DATA 	Mouse: Left button down, pos=(969,234)
2009.4767 	EXP 	Device response: <KeyPress from None: t=2009.4647565999999, value=space, duration=None>
2009.4777 	DATA 	Keypress: space
2009.5765 	EXP 	Device response: <KeyPress from None: t=2006.7846228999997, value=space, duration=2.7888950000002524>
2009.5946 	DATA 	Mouse:  Left button up, pos=(969,234)
2009.6935 	EXP 	Device response: <KeyPress from None: t=2009.6809844, value=space, duration=None>
2009.6944 	DATA 	Keypress: space
2009.7767 	EXP 	Device response: <KeyPress from None: t=2006.9967966, value=space, duration=2.7679736000001185>
2009.8932 	EXP 	Device response: <KeyPress from None: t=2009.8852965, value=space, duration=None>
2009.8941 	DATA 	Keypress: space
2009.9603 	INFO 	Keyboard events cleared
2009.9601 	EXP 	polygon_2: autoDraw = True
2009.9928 	EXP 	polygon: autoDraw = False
2010.0770 	EXP 	Device response: <KeyPress from None: t=2010.0758114999999, value=space, duration=None>
2010.0785 	DATA 	Keypress: space
2010.0928 	EXP 	polygon: autoDraw = False
2010.0928 	EXP 	polygon_2: autoDraw = False
2010.1598 	EXP 	Device response: <KeyPress from None: t=2007.1922440999997, value=space, duration=2.961903500000176>
2010.1758 	EXP 	Sound sound_1 reached end of file
2010.1922 	EXP 	Playing sound sound_1 on speaker Speakers (Realtek(R) Audio)
2010.2604 	EXP 	Device response: <KeyPress from None: t=2010.2581746, value=space, duration=None>
2010.2609 	DATA 	Keypress: space
2010.3443 	EXP 	Device response: <KeyPress from None: t=2007.3808288, value=space, duration=2.9596228000001474>
2010.4950 	EXP 	Sound sound_1 stopped
2010.5141 	EXP 	text: autoDraw = True
2010.5141 	EXP 	textbox: autoDraw = True
2010.6333 	DATA 	Keypress: 9
2010.6345 	EXP 	Device response: <KeyPress from None: t=2010.6272067999998, value=9, duration=None>
2010.7114 	EXP 	Device response: <KeyPress from None: t=2010.6272067999998, value=9, duration=0.08307990000014343>
2010.8266 	DATA 	Keypress: 9
2010.8278 	EXP 	Device response: <KeyPress from None: t=2010.8195096999998, value=9, duration=None>
2010.9109 	EXP 	Device response: <KeyPress from None: t=2010.8195096999998, value=9, duration=0.08204010000019935>
2011.0161 	DATA 	Keypress: 9
2011.0264 	EXP 	Device response: <KeyPress from None: t=2011.0142293999997, value=9, duration=None>
2011.0772 	EXP 	Device response: <KeyPress from None: t=2011.0142293999997, value=9, duration=0.05890990000045804>
2011.8770 	DATA 	Mouse: Left button down, pos=(969,234)
2011.8781 	EXP 	New trial (rep=23, index=1): <Trial 369 (1 in rep 23) data={'delay': 0.4, 'freq': 1000, 'condition': 'exp', 'thisN': 369, 'thisTrialN': 1, 'thisRepN': 23}>
2011.8925 	EXP 	text: autoDraw = False
2011.8925 	EXP 	textbox: autoDraw = False
2011.8925 	EXP 	polygon: autoDraw = True
2012.0769 	DATA 	Mouse:  Left button up, pos=(969,234)
2012.1444 	DATA 	Mouse: Left button down, pos=(969,234)
2012.2774 	DATA 	Mouse:  Left button up, pos=(969,234)
2012.3461 	DATA 	Mouse: Left button down, pos=(969,234)
2012.5104 	DATA 	Mouse:  Left button up, pos=(969,234)
2012.6264 	EXP 	Device response: <KeyPress from None: t=2012.6182982999999, value=space, duration=None>
2012.6272 	DATA 	Keypress: space
2012.7264 	EXP 	Device response: <KeyPress from None: t=2009.4647565999999, value=space, duration=3.2514606000000867>
2012.8433 	EXP 	Device response: <KeyPress from None: t=2012.8336835, value=space, duration=None>
2012.8442 	DATA 	Keypress: space
2012.8933 	INFO 	Keyboard events cleared
2012.8929 	EXP 	polygon: autoDraw = False
2012.8929 	EXP 	polygon_2: autoDraw = True
2012.9263 	EXP 	Device response: <KeyPress from None: t=2009.6809844, value=space, duration=3.23324150000019>
2013.0431 	EXP 	Device response: <KeyPress from None: t=2013.0385195, value=space, duration=None>
2013.0446 	DATA 	Keypress: space
2013.0595 	EXP 	polygon: autoDraw = False
2013.0595 	EXP 	polygon_2: autoDraw = False
2013.1269 	EXP 	Device response: <KeyPress from None: t=2009.8852965, value=space, duration=3.225379799999814>
2013.2434 	EXP 	Device response: <KeyPress from None: t=2013.2366530999998, value=space, duration=None>
2013.2442 	DATA 	Keypress: space
2013.3095 	EXP 	Device response: <KeyPress from None: t=2010.0758114999999, value=space, duration=3.2265115999999807>
2013.4261 	EXP 	Sound sound_1 reached end of file
2013.4424 	EXP 	Playing sound sound_1 on speaker Speakers (Realtek(R) Audio)
2013.4263 	EXP 	Device response: <KeyPress from None: t=2013.4232926999998, value=space, duration=None>
2013.4269 	DATA 	Keypress: space
2013.5106 	EXP 	Device response: <KeyPress from None: t=2010.2581746, value=space, duration=3.2347685000000865>
2013.6276 	EXP 	Device response: <KeyPress from None: t=2013.6155564, value=space, duration=None>
2013.6285 	DATA 	Keypress: space
2013.6936 	EXP 	Device response: <KeyPress from None: t=2012.6182982999999, value=space, duration=1.062369600000352>
2013.7401 	EXP 	Sound sound_1 stopped
2013.7575 	EXP 	text: autoDraw = True
2013.7575 	EXP 	textbox: autoDraw = True
2013.9866 	DATA 	Keypress: 9
2013.9942 	EXP 	Device response: <KeyPress from None: t=2013.9862991, value=9, duration=None>
2014.1107 	EXP 	Device response: <KeyPress from None: t=2013.9862991, value=9, duration=0.11586700000009387>
2014.2105 	DATA 	Keypress: 9
2014.2127 	EXP 	Device response: <KeyPress from None: t=2014.2017363999998, value=9, duration=None>
2014.2783 	EXP 	Device response: <KeyPress from None: t=2014.2017363999998, value=9, duration=0.07523600000024544>
2014.3655 	DATA 	Keypress: 9
2014.3766 	EXP 	Device response: <KeyPress from None: t=2014.3645115999998, value=9, duration=None>
2014.4609 	EXP 	Device response: <KeyPress from None: t=2014.3645115999998, value=9, duration=0.09285560000000714>
2014.5772 	DATA 	Keypress: 9
2014.5795 	EXP 	Device response: <KeyPress from None: t=2014.5697265, value=9, duration=None>
2014.5956 	EXP 	Device response: <KeyPress from None: t=2014.5697265, value=9, duration=0.024519700000041666>
2014.9101 	DATA 	Keypress: backspace
2014.9116 	EXP 	Device response: <KeyPress from None: t=2014.9009388, value=backspace, duration=None>
2015.0606 	EXP 	Device response: <KeyPress from None: t=2014.9009388, value=backspace, duration=0.1517893999999842>
2015.5518 	DATA 	Mouse: Left button down, pos=(969,234)
2015.5609 	EXP 	New trial (rep=23, index=2): <Trial 370 (2 in rep 23) data={'delay': 0.4, 'freq': 1000, 'condition': 'exp', 'thisN': 370, 'thisTrialN': 2, 'thisRepN': 23}>
2015.5759 	EXP 	text: autoDraw = False
2015.5759 	EXP 	textbox: autoDraw = False
2015.5759 	EXP 	polygon: autoDraw = True
2015.7769 	DATA 	Mouse:  Left button up, pos=(969,234)
2015.8274 	DATA 	Mouse: Left button down, pos=(969,234)
2015.9941 	DATA 	Mouse:  Left button up, pos=(969,234)
2016.0439 	DATA 	Mouse: Left button down, pos=(969,234)
2016.0766 	EXP 	Device response: <KeyPress from None: t=2016.0741416, value=space, duration=None>
2016.0775 	DATA 	Keypress: space
2016.1593 	EXP 	Device response: <KeyPress from None: t=2012.8336835, value=space, duration=3.321921100000168>
2016.2110 	DATA 	Mouse:  Left button up, pos=(969,234)
2016.2941 	EXP 	Device response: <KeyPress from None: t=2016.2855924, value=space, duration=None>
2016.2953 	DATA 	Keypress: space
2016.3602 	EXP 	Device response: <KeyPress from None: t=2013.0385195, value=space, duration=3.3152851999999484>
2016.5759 	INFO 	Keyboard events cleared
2016.5757 	EXP 	polygon: autoDraw = False
2016.5757 	EXP 	polygon_2: autoDraw = True
2016.8437 	EXP 	Device response: <KeyPress from None: t=2016.8408924, value=space, duration=None>
2016.8454 	DATA 	Keypress: space
2016.8617 	EXP 	polygon: autoDraw = False
2016.8617 	EXP 	polygon_2: autoDraw = False
2016.9284 	EXP 	Device response: <KeyPress from None: t=2013.2366530999998, value=space, duration=3.689268300000208>
2017.0453 	EXP 	Device response: <KeyPress from None: t=2017.0400885999998, value=space, duration=None>
2017.0461 	DATA 	Keypress: space
2017.1287 	EXP 	Device response: <KeyPress from None: t=2013.4232926999998, value=space, duration=3.704861000000278>
2017.2282 	EXP 	Sound sound_1 reached end of file
2017.2445 	EXP 	Playing sound sound_1 on speaker Speakers (Realtek(R) Audio)
2017.2619 	EXP 	Device response: <KeyPress from None: t=2017.2463926, value=space, duration=None>
2017.2627 	DATA 	Keypress: space
2017.3290 	EXP 	Device response: <KeyPress from None: t=2013.6155564, value=space, duration=3.7095734999999195>
2017.5417 	EXP 	Sound sound_1 stopped
2017.5606 	EXP 	text: autoDraw = True
2017.5606 	EXP 	textbox: autoDraw = True
2018.2396 	DATA 	Keypress: 0
2018.2499 	EXP 	Device response: <KeyPress from None: t=2018.2384159999997, value=0, duration=None>
2018.3277 	EXP 	Device response: <KeyPress from None: t=2018.2384159999997, value=0, duration=0.07991690000028484>
2018.6654 	DATA 	Keypress: 9
2018.6769 	EXP 	Device response: <KeyPress from None: t=2018.6625988, value=9, duration=None>
2018.7783 	EXP 	Device response: <KeyPress from None: t=2018.6625988, value=9, duration=0.11290470000005826>
2019.1269 	DATA 	Keypress: backspace
2019.1285 	EXP 	Device response: <KeyPress from None: t=2019.121537, value=backspace, duration=None>
2019.2932 	EXP 	Device response: <KeyPress from None: t=2019.121537, value=backspace, duration=0.1634546999999884>
2019.4017 	DATA 	Keypress: backspace
2019.4101 	EXP 	Device response: <KeyPress from None: t=2019.3987225, value=backspace, duration=None>
2019.4786 	EXP 	Device response: <KeyPress from None: t=2019.3987225, value=backspace, duration=0.06291070000008858>
2019.6150 	DATA 	Keypress: 9
2019.6167 	EXP 	Device response: <KeyPress from None: t=2019.6132853, value=9, duration=None>
2019.7097 	EXP 	Device response: <KeyPress from None: t=2019.6132853, value=9, duration=0.08769670000003771>
2019.8169 	DATA 	Keypress: 9
2019.8273 	EXP 	Device response: <KeyPress from None: t=2019.816471, value=9, duration=None>
2019.8941 	EXP 	Device response: <KeyPress from None: t=2019.816471, value=9, duration=0.07636460000014722>
2020.0096 	DATA 	Keypress: 9
2020.0111 	EXP 	Device response: <KeyPress from None: t=2020.0072455, value=9, duration=None>
2020.0937 	EXP 	Device response: <KeyPress from None: t=2020.0072455, value=9, duration=0.07171979999986888>
2020.8973 	DATA 	Mouse: Left button down, pos=(969,234)
2020.9106 	EXP 	New trial (rep=23, index=3): <Trial 371 (3 in rep 23) data={'delay': 0.1, 'freq': 400, 'condition': 'unexp', 'thisN': 371, 'thisTrialN': 3, 'thisRepN': 23}>
2020.9261 	EXP 	text: autoDraw = False
2020.9261 	EXP 	textbox: autoDraw = False
2020.9261 	EXP 	polygon: autoDraw = True
2021.1100 	DATA 	Mouse:  Left button up, pos=(969,234)
2021.1775 	DATA 	Mouse: Left button down, pos=(969,234)
2021.3270 	DATA 	Mouse:  Left button up, pos=(969,234)
2021.3941 	DATA 	Mouse: Left button down, pos=(969,234)
2021.4266 	EXP 	Device response: <KeyPress from None: t=2021.4195652999997, value=space, duration=None>
2021.4277 	DATA 	Keypress: space
2021.5266 	EXP 	Device response: <KeyPress from None: t=2016.0741416, value=space, duration=5.44422249999991>
2021.5606 	DATA 	Mouse:  Left button up, pos=(969,234)
2021.6425 	EXP 	Device response: <KeyPress from None: t=2021.6338759999999, value=space, duration=None>
2021.6432 	DATA 	Keypress: space
2021.7268 	EXP 	Device response: <KeyPress from None: t=2016.2855924, value=space, duration=5.426472299999773>
2021.8432 	EXP 	Device response: <KeyPress from None: t=2021.8384849, value=space, duration=None>
2021.8440 	DATA 	Keypress: space
2021.8936 	EXP 	Device response: <KeyPress from None: t=2016.8408924, value=space, duration=5.050270800000021>
2021.9092 	INFO 	Keyboard events cleared
2021.9091 	EXP 	polygon_2: autoDraw = True
2021.9262 	EXP 	polygon: autoDraw = False
2022.0436 	EXP 	Device response: <KeyPress from None: t=2022.0348211, value=space, duration=None>
2022.0462 	DATA 	Keypress: space
2022.0596 	EXP 	polygon: autoDraw = False
2022.0596 	EXP 	polygon_2: autoDraw = False
2022.0600 	EXP 	Device response: <KeyPress from None: t=2017.0400885999998, value=space, duration=5.005949800000167>
2022.1267 	EXP 	Sound sound_1 reached end of file
2022.1430 	EXP 	Playing sound sound_1 on speaker Speakers (Realtek(R) Audio)
2022.1762 	EXP 	Device response: <KeyPress from None: t=2022.1623424999998, value=space, duration=None>
2022.1768 	DATA 	Keypress: space
2022.2103 	EXP 	Device response: <KeyPress from None: t=2017.2463926, value=space, duration=4.959383699999876>
2022.4380 	EXP 	Sound sound_1 stopped
2022.4564 	EXP 	text: autoDraw = True
2022.4564 	EXP 	textbox: autoDraw = True
2022.7990 	DATA 	Keypress: 3
2022.8101 	EXP 	Device response: <KeyPress from None: t=2022.7935987, value=3, duration=None>
2022.8442 	EXP 	Device response: <KeyPress from None: t=2022.7935987, value=3, duration=0.04929079999976693>
2023.2183 	DATA 	Keypress: backspace
2023.2267 	EXP 	Device response: <KeyPress from None: t=2023.2165941999997, value=backspace, duration=None>
2023.4338 	EXP 	Device response: <KeyPress from None: t=2023.2165941999997, value=backspace, duration=0.2075719000005165>
2023.7420 	DATA 	Keypress: 7
2023.7525 	EXP 	Device response: <KeyPress from None: t=2023.7343372, value=7, duration=None>
2023.8269 	EXP 	Device response: <KeyPress from None: t=2023.7343372, value=7, duration=0.07680360000006203>
2024.0321 	DATA 	Keypress: 0
2024.0435 	EXP 	Device response: <KeyPress from None: t=2024.0287426999998, value=0, duration=None>
2024.1269 	EXP 	Device response: <KeyPress from None: t=2024.0287426999998, value=0, duration=0.08487590000015643>
2024.2332 	DATA 	Keypress: 0
2024.2442 	EXP 	Device response: <KeyPress from None: t=2024.2290039, value=0, duration=None>
2024.3097 	EXP 	Device response: <KeyPress from None: t=2024.2290039, value=0, duration=0.0661728000001176>
2025.1602 	DATA 	Mouse: Left button down, pos=(969,234)
2025.1611 	EXP 	New trial (rep=23, index=4): <Trial 372 (4 in rep 23) data={'delay': 0.1, 'freq': 400, 'condition': 'unexp', 'thisN': 372, 'thisTrialN': 4, 'thisRepN': 23}>
2025.1768 	EXP 	text: autoDraw = False
2025.1768 	EXP 	textbox: autoDraw = False
2025.1768 	EXP 	polygon: autoDraw = True
2025.3607 	DATA 	Mouse:  Left button up, pos=(969,234)
2025.4273 	DATA 	Mouse: Left button down, pos=(969,234)
2025.4931 	EXP 	Device response: <KeyPress from None: t=2025.4868249, value=space, duration=None>
2025.4939 	DATA 	Keypress: space
2025.5775 	DATA 	Mouse:  Left button up, pos=(969,234)
2025.5937 	EXP 	Device response: <KeyPress from None: t=2021.4195652999997, value=space, duration=4.172132200000419>
2025.7435 	EXP 	Device response: <KeyPress from None: t=2025.7280615, value=space, duration=None>
2025.7444 	DATA 	Keypress: space
2025.8102 	EXP 	Device response: <KeyPress from None: t=2021.6338759999999, value=space, duration=4.174161200000185>
2025.9435 	EXP 	Device response: <KeyPress from None: t=2025.9309061, value=space, duration=None>
2025.9443 	DATA 	Keypress: space
2026.0270 	EXP 	Device response: <KeyPress from None: t=2021.8384849, value=space, duration=4.187420100000168>
2026.1598 	EXP 	Device response: <KeyPress from None: t=2026.1544095, value=space, duration=None>
2026.1607 	DATA 	Keypress: space
2026.1765 	INFO 	Keyboard events cleared
2026.1764 	EXP 	polygon: autoDraw = False
2026.1764 	EXP 	polygon_2: autoDraw = True
2026.2598 	EXP 	Device response: <KeyPress from None: t=2022.0348211, value=space, duration=4.212471800000117>
2026.3928 	EXP 	Device response: <KeyPress from None: t=2026.3897093, value=space, duration=None>
2026.3946 	DATA 	Keypress: space
2026.4096 	EXP 	polygon: autoDraw = False
2026.4096 	EXP 	polygon_2: autoDraw = False
2026.4600 	EXP 	Device response: <KeyPress from None: t=2022.1623424999998, value=space, duration=4.284183800000051>
2026.4763 	EXP 	Sound sound_1 reached end of file
2026.4927 	EXP 	Playing sound sound_1 on speaker Speakers (Realtek(R) Audio)
2026.5773 	EXP 	Device response: <KeyPress from None: t=2026.5753034, value=space, duration=None>
2026.5780 	DATA 	Keypress: space
2026.6598 	EXP 	Device response: <KeyPress from None: t=2025.4868249, value=space, duration=1.1647233999998434>
2026.7909 	EXP 	Sound sound_1 stopped
2026.8120 	EXP 	text: autoDraw = True
2026.8120 	EXP 	textbox: autoDraw = True
2027.2547 	DATA 	Keypress: 7
2027.2654 	EXP 	Device response: <KeyPress from None: t=2027.2542122999998, value=7, duration=None>
2027.3445 	EXP 	Device response: <KeyPress from None: t=2027.2542122999998, value=7, duration=0.08691780000037852>
2027.5149 	DATA 	Keypress: 0
2027.5270 	EXP 	Device response: <KeyPress from None: t=2027.5114995, value=0, duration=None>
2027.5938 	EXP 	Device response: <KeyPress from None: t=2027.5114995, value=0, duration=0.06932719999997516>
2027.6933 	DATA 	Keypress: 0
2027.6948 	EXP 	Device response: <KeyPress from None: t=2027.6887167, value=0, duration=None>
2027.7768 	EXP 	Device response: <KeyPress from None: t=2027.6887167, value=0, duration=0.08552520000023378>
2028.6606 	DATA 	Mouse: Left button down, pos=(969,234)
2028.6614 	EXP 	New trial (rep=23, index=5): <Trial 373 (5 in rep 23) data={'delay': 0.4, 'freq': 1000, 'condition': 'exp', 'thisN': 373, 'thisTrialN': 5, 'thisRepN': 23}>
2028.6763 	EXP 	text: autoDraw = False
2028.6763 	EXP 	textbox: autoDraw = False
2028.6763 	EXP 	polygon: autoDraw = True
2028.8613 	DATA 	Mouse:  Left button up, pos=(969,234)
2028.9113 	DATA 	Mouse: Left button down, pos=(969,234)
2029.0440 	DATA 	Mouse:  Left button up, pos=(969,234)
2029.4605 	EXP 	Device response: <KeyPress from None: t=2029.4585079999997, value=space, duration=None>
2029.4613 	DATA 	Keypress: space
2029.5613 	EXP 	Device response: <KeyPress from None: t=2025.7280615, value=space, duration=3.81773910000004>
2029.6621 	INFO 	Keyboard events cleared
2029.6619 	EXP 	polygon_2: autoDraw = True
2029.6788 	EXP 	polygon: autoDraw = False
2029.9782 	EXP 	Device response: <KeyPress from None: t=2029.9635647999999, value=space, duration=None>
2029.9804 	DATA 	Keypress: space
2029.9941 	EXP 	polygon: autoDraw = False
2029.9941 	EXP 	polygon_2: autoDraw = False
2030.0618 	EXP 	Device response: <KeyPress from None: t=2025.9309061, value=space, duration=4.114154299999996>
2030.3615 	EXP 	Sound sound_1 reached end of file
2030.3778 	EXP 	Playing sound sound_1 on speaker Speakers (Realtek(R) Audio)
2030.6771 	EXP 	Sound sound_1 stopped
2030.6969 	EXP 	text: autoDraw = True
2030.6969 	EXP 	textbox: autoDraw = True
2030.9042 	DATA 	Keypress: 9
2030.9157 	EXP 	Device response: <KeyPress from None: t=2030.9000695, value=9, duration=None>
2030.9771 	EXP 	Device response: <KeyPress from None: t=2030.9000695, value=9, duration=0.07407040000009601>
2031.0934 	DATA 	Keypress: 9
2031.0949 	EXP 	Device response: <KeyPress from None: t=2031.0903039999998, value=9, duration=None>
2031.1770 	EXP 	Device response: <KeyPress from None: t=2031.0903039999998, value=9, duration=0.0712313000000222>
2031.2769 	DATA 	Keypress: 9
2031.2787 	EXP 	Device response: <KeyPress from None: t=2031.2716326999998, value=9, duration=None>
2031.3600 	EXP 	Device response: <KeyPress from None: t=2031.2716326999998, value=9, duration=0.07934690000013234>
2032.1773 	DATA 	Mouse: Left button down, pos=(969,234)
2032.1788 	EXP 	New trial (rep=23, index=6): <Trial 374 (6 in rep 23) data={'delay': 0.7, 'freq': 1000, 'condition': 'exp', 'thisN': 374, 'thisTrialN': 6, 'thisRepN': 23}>
2032.1932 	EXP 	text: autoDraw = False
2032.1932 	EXP 	textbox: autoDraw = False
2032.1932 	EXP 	polygon: autoDraw = True
2032.3937 	DATA 	Mouse:  Left button up, pos=(969,234)
2032.4600 	DATA 	Mouse: Left button down, pos=(969,234)
2032.5610 	DATA 	Mouse:  Left button up, pos=(969,234)
2032.6277 	DATA 	Mouse: Left button down, pos=(969,234)
2032.7773 	DATA 	Mouse:  Left button up, pos=(969,234)
2032.8271 	EXP 	Device response: <KeyPress from None: t=2032.8255817, value=space, duration=None>
2032.8279 	DATA 	Keypress: space
2032.9262 	EXP 	Device response: <KeyPress from None: t=2026.1544095, value=space, duration=6.765902900000242>
2033.1286 	EXP 	Device response: <KeyPress from None: t=2033.1174723999998, value=space, duration=None>
2033.1295 	DATA 	Keypress: space
2033.1943 	INFO 	Keyboard events cleared
2033.1942 	EXP 	polygon: autoDraw = False
2033.1942 	EXP 	polygon_2: autoDraw = True
2033.2647 	EXP 	Device response: <KeyPress from None: t=2026.3897093, value=space, duration=6.855715199999963>
2033.3599 	EXP 	Device response: <KeyPress from None: t=2033.3567315, value=space, duration=None>
2033.3614 	DATA 	Keypress: space
2033.3775 	EXP 	polygon: autoDraw = False
2033.3775 	EXP 	polygon_2: autoDraw = False
2033.4263 	EXP 	Device response: <KeyPress from None: t=2026.5753034, value=space, duration=6.848124700000085>
2033.5624 	EXP 	Device response: <KeyPress from None: t=2033.5607507, value=space, duration=None>
2033.5633 	DATA 	Keypress: space
2033.6601 	EXP 	Device response: <KeyPress from None: t=2029.4585079999997, value=space, duration=4.187648500000364>
2033.7955 	EXP 	Device response: <KeyPress from None: t=2033.7814714, value=space, duration=None>
2033.7966 	DATA 	Keypress: space
2033.8786 	EXP 	Device response: <KeyPress from None: t=2029.9635647999999, value=space, duration=3.9018557000000555>
2034.0120 	EXP 	Device response: <KeyPress from None: t=2034.0025593, value=space, duration=None>
2034.0130 	DATA 	Keypress: space
2034.0452 	EXP 	Sound sound_1 reached end of file
2034.0614 	EXP 	Playing sound sound_1 on speaker Speakers (Realtek(R) Audio)
2034.0609 	EXP 	Device response: <KeyPress from None: t=2032.8255817, value=space, duration=1.2287382000000662>
2034.2121 	EXP 	Device response: <KeyPress from None: t=2034.1966840999999, value=space, duration=None>
2034.2130 	DATA 	Keypress: space
2034.2787 	EXP 	Device response: <KeyPress from None: t=2033.1174723999998, value=space, duration=1.1543458000002147>
2034.3528 	EXP 	Sound sound_1 stopped
2034.3714 	EXP 	text: autoDraw = True
2034.3714 	EXP 	textbox: autoDraw = True
2034.7770 	DATA 	Keypress: 9
2034.7790 	EXP 	Device response: <KeyPress from None: t=2034.7731998, value=9, duration=None>
2034.8607 	EXP 	Device response: <KeyPress from None: t=2034.7731998, value=9, duration=0.0807559999999512>
2034.9606 	DATA 	Keypress: 9
2034.9626 	EXP 	Device response: <KeyPress from None: t=2034.9549622, value=9, duration=None>
2035.0269 	EXP 	Device response: <KeyPress from None: t=2034.9549622, value=9, duration=0.0613804000000755>
2035.1156 	DATA 	Keypress: 9
2035.1263 	EXP 	Device response: <KeyPress from None: t=2035.1137705, value=9, duration=None>
2035.1945 	EXP 	Device response: <KeyPress from None: t=2035.1137705, value=9, duration=0.07769509999991442>
2036.0343 	DATA 	Mouse: Left button down, pos=(969,234)
2036.0440 	EXP 	New trial (rep=23, index=7): <Trial 375 (7 in rep 23) data={'delay': 0.4, 'freq': 400, 'condition': 'unexp', 'thisN': 375, 'thisTrialN': 7, 'thisRepN': 23}>
2036.0600 	EXP 	text: autoDraw = False
2036.0600 	EXP 	textbox: autoDraw = False
2036.0600 	EXP 	polygon: autoDraw = True
2036.1936 	DATA 	Mouse:  Left button up, pos=(969,234)
2036.2606 	DATA 	Mouse: Left button down, pos=(969,234)
2036.4603 	DATA 	Mouse:  Left button up, pos=(969,234)
2036.5268 	DATA 	Mouse: Left button down, pos=(969,234)
2036.5601 	EXP 	Device response: <KeyPress from None: t=2036.5532989999997, value=space, duration=None>
2036.5610 	DATA 	Keypress: space
2036.6603 	EXP 	Device response: <KeyPress from None: t=2033.3567315, value=space, duration=3.2984361999998555>
2036.6941 	DATA 	Mouse:  Left button up, pos=(969,234)
2036.7935 	EXP 	Device response: <KeyPress from None: t=2036.7803408999998, value=space, duration=None>
2036.7945 	DATA 	Keypress: space
2036.8933 	EXP 	Device response: <KeyPress from None: t=2033.5607507, value=space, duration=3.316551800000184>
2037.0096 	EXP 	Device response: <KeyPress from None: t=2037.0030042999997, value=space, duration=None>
2037.0104 	DATA 	Keypress: space
2037.0596 	INFO 	Keyboard events cleared
2037.0595 	EXP 	polygon: autoDraw = False
2037.0595 	EXP 	polygon_2: autoDraw = True
2037.1265 	EXP 	Device response: <KeyPress from None: t=2033.7814714, value=space, duration=3.328398400000083>
2037.2604 	EXP 	Device response: <KeyPress from None: t=2037.2523831999997, value=space, duration=None>
2037.2622 	DATA 	Keypress: space
2037.2763 	EXP 	polygon: autoDraw = False
2037.2763 	EXP 	polygon_2: autoDraw = False
2037.3429 	EXP 	Device response: <KeyPress from None: t=2034.0025593, value=space, duration=3.3258686000000353>
2037.4630 	EXP 	Device response: <KeyPress from None: t=2037.4612938, value=space, duration=None>
2037.4638 	DATA 	Keypress: space
2037.5456 	EXP 	Device response: <KeyPress from None: t=2034.1966840999999, value=space, duration=3.347823700000049>
2037.6599 	EXP 	Sound sound_1 reached end of file
2037.6763 	EXP 	Playing sound sound_1 on speaker Speakers (Realtek(R) Audio)
2037.9716 	EXP 	Sound sound_1 stopped
2037.9886 	EXP 	text: autoDraw = True
2037.9886 	EXP 	textbox: autoDraw = True
2038.2170 	DATA 	Keypress: 7
2038.2249 	EXP 	Device response: <KeyPress from None: t=2038.2167024, value=7, duration=None>
2038.3273 	EXP 	Device response: <KeyPress from None: t=2038.2167024, value=7, duration=0.1008761999997887>
2038.4939 	DATA 	Keypress: 0
2038.4956 	EXP 	Device response: <KeyPress from None: t=2038.4882346, value=0, duration=None>
2038.6265 	EXP 	Device response: <KeyPress from None: t=2038.4882346, value=0, duration=0.1264591000000337>
2038.6775 	DATA 	Keypress: 0
2038.6789 	EXP 	Device response: <KeyPress from None: t=2038.6755079, value=0, duration=None>
2038.7776 	EXP 	Device response: <KeyPress from None: t=2038.6755079, value=0, duration=0.10087990000022273>
2039.6304 	DATA 	Mouse: Left button down, pos=(969,234)
2039.6443 	EXP 	New trial (rep=23, index=8): <Trial 376 (8 in rep 23) data={'delay': 0.1, 'freq': 1000, 'condition': 'exp', 'thisN': 376, 'thisTrialN': 8, 'thisRepN': 23}>
2039.6595 	EXP 	text: autoDraw = False
2039.6595 	EXP 	textbox: autoDraw = False
2039.6595 	EXP 	polygon: autoDraw = True
2039.8278 	DATA 	Mouse:  Left button up, pos=(969,234)
2039.8774 	DATA 	Mouse: Left button down, pos=(969,234)
2040.0435 	DATA 	Mouse:  Left button up, pos=(969,234)
2040.0949 	DATA 	Mouse: Left button down, pos=(969,234)
2040.3274 	DATA 	Mouse:  Left button up, pos=(969,234)
2040.3777 	DATA 	Mouse: Left button down, pos=(969,234)
2040.5441 	DATA 	Mouse:  Left button up, pos=(969,234)
2040.6624 	INFO 	Keyboard events cleared
2040.6623 	EXP 	polygon: autoDraw = False
2040.6623 	EXP 	polygon_2: autoDraw = True
2040.8615 	DATA 	Mouse: Left button down, pos=(969,234)
2041.0434 	EXP 	Device response: <KeyPress from None: t=2041.0323258999997, value=space, duration=None>
2041.0451 	DATA 	Keypress: space
2041.0597 	EXP 	polygon: autoDraw = False
2041.0597 	EXP 	polygon_2: autoDraw = False
2041.0945 	DATA 	Mouse:  Left button up, pos=(969,234)
2041.1283 	EXP 	Sound sound_1 reached end of file
2041.1445 	EXP 	Playing sound sound_1 on speaker Speakers (Realtek(R) Audio)
2041.1957 	EXP 	Device response: <KeyPress from None: t=2036.5532989999997, value=space, duration=4.639955300000224>
2041.4400 	EXP 	Sound sound_1 stopped
2041.4601 	EXP 	text: autoDraw = True
2041.4601 	EXP 	textbox: autoDraw = True
2041.5072 	DATA 	Keypress: space
2041.5212 	EXP 	Device response: <KeyPress from None: t=2041.5029819000001, value=space, duration=None>
2041.5384 	EXP 	Device response: <KeyPress from None: t=2036.7803408999998, value=space, duration=4.752720300000078>
2042.0187 	DATA 	Keypress: 9
2042.0264 	EXP 	Device response: <KeyPress from None: t=2042.0166254, value=9, duration=None>
2042.1109 	EXP 	Device response: <KeyPress from None: t=2042.0166254, value=9, duration=0.08684770000002118>
2042.2485 	DATA 	Keypress: 9
2042.2599 	EXP 	Device response: <KeyPress from None: t=2042.2471194, value=9, duration=None>
2042.3598 	EXP 	Device response: <KeyPress from None: t=2042.2471194, value=9, duration=0.10470670000006521>
2042.6937 	DATA 	Keypress: 9
2042.6952 	EXP 	Device response: <KeyPress from None: t=2042.6930145000001, value=9, duration=None>
2042.7768 	EXP 	Device response: <KeyPress from None: t=2042.6930145000001, value=9, duration=0.08080549999988307>
2043.5601 	DATA 	Mouse: Left button down, pos=(969,234)
2043.5610 	EXP 	New trial (rep=23, index=9): <Trial 377 (9 in rep 23) data={'delay': 0.1, 'freq': 1000, 'condition': 'exp', 'thisN': 377, 'thisTrialN': 9, 'thisRepN': 23}>
2043.5760 	EXP 	text: autoDraw = False
2043.5760 	EXP 	textbox: autoDraw = False
2043.5760 	EXP 	polygon: autoDraw = True
2043.7437 	DATA 	Mouse:  Left button up, pos=(969,234)
2043.8107 	DATA 	Mouse: Left button down, pos=(969,234)
2043.9606 	DATA 	Mouse:  Left button up, pos=(969,234)
2044.0107 	DATA 	Mouse: Left button down, pos=(969,234)
2044.1611 	DATA 	Mouse:  Left button up, pos=(969,234)
2044.2273 	DATA 	Mouse: Left button down, pos=(969,234)
2044.3772 	DATA 	Mouse:  Left button up, pos=(969,234)
2044.5101 	EXP 	Device response: <KeyPress from None: t=2044.5068258000001, value=space, duration=None>
2044.5108 	DATA 	Keypress: space
2044.5769 	INFO 	Keyboard events cleared
2044.5767 	EXP 	polygon: autoDraw = False
2044.5767 	EXP 	polygon_2: autoDraw = True
2044.6430 	EXP 	Device response: <KeyPress from None: t=2037.0030042999997, value=space, duration=7.638191400000437>
2044.7438 	EXP 	Device response: <KeyPress from None: t=2044.7390639, value=space, duration=None>
2044.7456 	DATA 	Keypress: space
2044.7594 	EXP 	polygon: autoDraw = False
2044.7594 	EXP 	polygon_2: autoDraw = False
2044.8271 	EXP 	Sound sound_1 reached end of file
2044.8434 	EXP 	Playing sound sound_1 on speaker Speakers (Realtek(R) Audio)
2044.8273 	EXP 	Device response: <KeyPress from None: t=2037.2523831999997, value=space, duration=7.5632187000002205>
2044.9271 	EXP 	Device response: <KeyPress from None: t=2044.9235470999997, value=space, duration=None>
2044.9277 	DATA 	Keypress: space
2045.0435 	EXP 	Device response: <KeyPress from None: t=2037.4612938, value=space, duration=7.56658630000004>
2045.1357 	EXP 	Sound sound_1 stopped
2045.1535 	EXP 	text: autoDraw = True
2045.1535 	EXP 	textbox: autoDraw = True
2045.6010 	DATA 	Keypress: 9
2045.6024 	EXP 	Device response: <KeyPress from None: t=2045.5994126, value=9, duration=None>
2045.7100 	EXP 	Device response: <KeyPress from None: t=2045.5994126, value=9, duration=0.09766529999990325>
2045.8270 	DATA 	Keypress: 9
2045.8286 	EXP 	Device response: <KeyPress from None: t=2045.8259653999999, value=9, duration=None>
2045.8941 	EXP 	Device response: <KeyPress from None: t=2045.8259653999999, value=9, duration=0.06471590000012384>
2046.0112 	DATA 	Keypress: 9
2046.0127 	EXP 	Device response: <KeyPress from None: t=2046.0094925999997, value=9, duration=None>
2046.0945 	EXP 	Device response: <KeyPress from None: t=2046.0094925999997, value=9, duration=0.08376640000017233>
2047.5650 	DATA 	Mouse: Left button down, pos=(969,234)
2047.5774 	EXP 	New trial (rep=23, index=10): <Trial 378 (10 in rep 23) data={'delay': 0.7, 'freq': 1000, 'condition': 'exp', 'thisN': 378, 'thisTrialN': 10, 'thisRepN': 23}>
2047.5933 	EXP 	text: autoDraw = False
2047.5933 	EXP 	textbox: autoDraw = False
2047.5933 	EXP 	polygon: autoDraw = True
2047.6946 	DATA 	Mouse:  Left button up, pos=(969,234)
2047.7773 	DATA 	Mouse: Left button down, pos=(969,234)
2047.9779 	DATA 	Mouse:  Left button up, pos=(969,234)
2048.0440 	DATA 	Mouse: Left button down, pos=(969,234)
2048.1600 	EXP 	Device response: <KeyPress from None: t=2048.1520537, value=space, duration=None>
2048.1607 	DATA 	Keypress: space
2048.2114 	DATA 	Mouse:  Left button up, pos=(969,234)
2048.2768 	EXP 	Device response: <KeyPress from None: t=2041.0323258999997, value=space, duration=7.23397370000032>
2048.5765 	INFO 	Keyboard events cleared
2048.5763 	EXP 	polygon_2: autoDraw = True
2048.5929 	EXP 	polygon: autoDraw = False
2048.6764 	EXP 	Device response: <KeyPress from None: t=2048.6741932, value=space, duration=None>
2048.6784 	DATA 	Keypress: space
2048.6927 	EXP 	polygon: autoDraw = False
2048.6927 	EXP 	polygon_2: autoDraw = False
2048.7771 	EXP 	Device response: <KeyPress from None: t=2041.5029819000001, value=space, duration=7.270953500000019>
2048.9265 	EXP 	Device response: <KeyPress from None: t=2048.9178718999997, value=space, duration=None>
2048.9272 	DATA 	Keypress: space
2049.0098 	EXP 	Device response: <KeyPress from None: t=2044.5068258000001, value=space, duration=4.492263299999763>
2049.3603 	EXP 	Sound sound_1 reached end of file
2049.3766 	EXP 	Playing sound sound_1 on speaker Speakers (Realtek(R) Audio)
2049.6732 	EXP 	Sound sound_1 stopped
2049.6931 	EXP 	text: autoDraw = True
2049.6931 	EXP 	textbox: autoDraw = True
2049.7606 	DATA 	Keypress: 9
2049.7618 	EXP 	Device response: <KeyPress from None: t=2049.7595892, value=9, duration=None>
2049.8106 	EXP 	Device response: <KeyPress from None: t=2049.7595892, value=9, duration=0.0398461000000907>
2049.9604 	DATA 	Keypress: 9
2049.9618 	EXP 	Device response: <KeyPress from None: t=2049.9526447, value=9, duration=None>
2050.0608 	EXP 	Device response: <KeyPress from None: t=2049.9526447, value=9, duration=0.09903590000033091>
2050.1686 	DATA 	Keypress: 9
2050.1764 	EXP 	Device response: <KeyPress from None: t=2050.1661191, value=9, duration=None>
2050.2599 	EXP 	Device response: <KeyPress from None: t=2050.1661191, value=9, duration=0.0789590000000544>
2051.4442 	DATA 	Mouse: Left button down, pos=(969,234)
2051.4453 	EXP 	New trial (rep=23, index=11): <Trial 379 (11 in rep 23) data={'delay': 0.7, 'freq': 1000, 'condition': 'exp', 'thisN': 379, 'thisTrialN': 11, 'thisRepN': 23}>
2051.4597 	EXP 	text: autoDraw = False
2051.4597 	EXP 	textbox: autoDraw = False
2051.4597 	EXP 	polygon: autoDraw = True
2051.5444 	DATA 	Mouse:  Left button up, pos=(969,234)
2051.6779 	DATA 	Mouse: Left button down, pos=(969,234)
2051.9112 	DATA 	Mouse:  Left button up, pos=(969,234)
2051.9608 	DATA 	Mouse: Left button down, pos=(969,234)
2052.0442 	DATA 	Mouse:  Left button up, pos=(969,234)
2052.1608 	DATA 	Mouse: Left button down, pos=(969,234)
2052.2108 	DATA 	Mouse:  Left button up, pos=(969,234)
2052.2944 	DATA 	Mouse: Left button down, pos=(969,234)
2052.3768 	EXP 	Device response: <KeyPress from None: t=2052.3620296999998, value=space, duration=None>
2052.3776 	DATA 	Keypress: space
2052.4595 	INFO 	Keyboard events cleared
2052.4594 	EXP 	polygon: autoDraw = False
2052.4594 	EXP 	polygon_2: autoDraw = True
2052.5102 	DATA 	Mouse:  Left button up, pos=(969,234)
2052.5269 	EXP 	Device response: <KeyPress from None: t=2044.7390639, value=space, duration=7.778302700000154>
2052.6266 	EXP 	Device response: <KeyPress from None: t=2052.6237588999998, value=space, duration=None>
2052.6280 	DATA 	Keypress: space
2052.6425 	EXP 	polygon: autoDraw = False
2052.6425 	EXP 	polygon_2: autoDraw = False
2052.7449 	EXP 	Device response: <KeyPress from None: t=2044.9235470999997, value=space, duration=7.804956300000072>
2052.8624 	EXP 	Device response: <KeyPress from None: t=2052.8557533999997, value=space, duration=None>
2052.8631 	DATA 	Keypress: space
2053.0119 	EXP 	Device response: <KeyPress from None: t=2048.1520537, value=space, duration=4.851331899999991>
2053.3115 	EXP 	Sound sound_1 reached end of file
2053.3278 	EXP 	Playing sound sound_1 on speaker Speakers (Realtek(R) Audio)
2053.6289 	EXP 	Sound sound_1 stopped
2053.6480 	EXP 	text: autoDraw = True
2053.6480 	EXP 	textbox: autoDraw = True
2054.1192 	DATA 	Keypress: 9
2054.1298 	EXP 	Device response: <KeyPress from None: t=2054.1146435, value=9, duration=None>
2054.2283 	EXP 	Device response: <KeyPress from None: t=2054.1146435, value=9, duration=0.11003760000005514>
2054.3341 	DATA 	Keypress: 9
2054.3436 	EXP 	Device response: <KeyPress from None: t=2054.3332155, value=9, duration=None>
2054.4286 	EXP 	Device response: <KeyPress from None: t=2054.3332155, value=9, duration=0.0816797000003362>
2054.5270 	DATA 	Keypress: 9
2054.5284 	EXP 	Device response: <KeyPress from None: t=2054.5239463, value=9, duration=None>
2054.6267 	EXP 	Device response: <KeyPress from None: t=2054.5239463, value=9, duration=0.09058860000016011>
2054.8777 	DATA 	Keypress: backspace
2054.8791 	EXP 	Device response: <KeyPress from None: t=2054.871711, value=backspace, duration=None>
2055.5567 	EXP 	Device response: <KeyPress from None: t=2054.871711, value=backspace, duration=0.673381600000198>
2055.6669 	DATA 	Keypress: 9
2055.6775 	EXP 	Device response: <KeyPress from None: t=2055.6616556, value=9, duration=None>
2055.7775 	EXP 	Device response: <KeyPress from None: t=2055.6616556, value=9, duration=0.10784419999993133>
2055.8936 	DATA 	Keypress: 9
2055.8951 	EXP 	Device response: <KeyPress from None: t=2055.8859438, value=9, duration=None>
2055.9938 	EXP 	Device response: <KeyPress from None: t=2055.8859438, value=9, duration=0.09790590000022803>
2056.0680 	DATA 	Keypress: 9
2056.0769 	EXP 	Device response: <KeyPress from None: t=2056.0675637, value=9, duration=None>
2056.1602 	EXP 	Device response: <KeyPress from None: t=2056.0675637, value=9, duration=0.07992800000022271>
2056.9437 	DATA 	Mouse: Left button down, pos=(969,234)
2056.9448 	EXP 	New trial (rep=23, index=12): <Trial 380 (12 in rep 23) data={'delay': 0.1, 'freq': 1000, 'condition': 'exp', 'thisN': 380, 'thisTrialN': 12, 'thisRepN': 23}>
2056.9603 	EXP 	text: autoDraw = False
2056.9603 	EXP 	textbox: autoDraw = False
2056.9603 	EXP 	polygon: autoDraw = True
2057.1615 	DATA 	Mouse:  Left button up, pos=(969,234)
2057.2109 	DATA 	Mouse: Left button down, pos=(969,234)
2057.2931 	EXP 	Device response: <KeyPress from None: t=2057.2911013, value=space, duration=None>
2057.2938 	DATA 	Keypress: space
2057.3774 	DATA 	Mouse:  Left button up, pos=(969,234)
2057.4098 	EXP 	Device response: <KeyPress from None: t=2048.6741932, value=space, duration=8.72413999999992>
2057.5297 	EXP 	Device response: <KeyPress from None: t=2057.5246712999997, value=space, duration=None>
2057.5305 	DATA 	Keypress: space
2057.6763 	EXP 	Device response: <KeyPress from None: t=2048.9178718999997, value=space, duration=8.755459600000563>
2057.9287 	DATA 	Keypress: space
2057.9439 	EXP 	Device response: <KeyPress from None: t=2057.9277061, value=space, duration=None>
2057.9601 	INFO 	Keyboard events cleared
2057.9599 	EXP 	polygon: autoDraw = False
2057.9599 	EXP 	polygon_2: autoDraw = True
2058.0265 	EXP 	Device response: <KeyPress from None: t=2052.3620296999998, value=space, duration=5.655547800000136>
2058.1767 	EXP 	Device response: <KeyPress from None: t=2058.1631877, value=space, duration=None>
2058.1782 	DATA 	Keypress: space
2058.1935 	EXP 	polygon: autoDraw = False
2058.1935 	EXP 	polygon_2: autoDraw = False
2058.2600 	EXP 	Sound sound_1 reached end of file
2058.2762 	EXP 	Playing sound sound_1 on speaker Speakers (Realtek(R) Audio)
2058.3109 	EXP 	Device response: <KeyPress from None: t=2052.6237588999998, value=space, duration=5.686264000000051>
2058.4606 	EXP 	Device response: <KeyPress from None: t=2058.4595048, value=space, duration=None>
2058.4613 	DATA 	Keypress: space
2058.5455 	EXP 	Device response: <KeyPress from None: t=2052.8557533999997, value=space, duration=5.685620700000186>
2058.5778 	EXP 	Sound sound_1 stopped
2058.5967 	EXP 	text: autoDraw = True
2058.5967 	EXP 	textbox: autoDraw = True
2058.6968 	DATA 	Keypress: space
2058.6980 	EXP 	Device response: <KeyPress from None: t=2058.6921104, value=space, duration=None>
2058.7773 	EXP 	Device response: <KeyPress from None: t=2057.2911013, value=space, duration=1.4835108000003174>
2059.8010 	DATA 	Keypress: 9
2059.8102 	EXP 	Device response: <KeyPress from None: t=2059.7985012, value=9, duration=None>
2059.8946 	EXP 	Device response: <KeyPress from None: t=2059.7985012, value=9, duration=0.09310229999994135>
2060.0020 	DATA 	Keypress: 9
2060.0099 	EXP 	Device response: <KeyPress from None: t=2059.9989376, value=9, duration=None>
2060.0936 	EXP 	Device response: <KeyPress from None: t=2059.9989376, value=9, duration=0.08101060000001326>
2060.3986 	DATA 	Keypress: 9
2060.4102 	EXP 	Device response: <KeyPress from None: t=2060.39489, value=9, duration=None>
2060.5279 	EXP 	Device response: <KeyPress from None: t=2060.39489, value=9, duration=0.12638250000020435>
2061.3842 	DATA 	Mouse: Left button down, pos=(969,234)
2061.3950 	EXP 	New trial (rep=23, index=13): <Trial 381 (13 in rep 23) data={'delay': 0.7, 'freq': 1000, 'condition': 'exp', 'thisN': 381, 'thisTrialN': 13, 'thisRepN': 23}>
2061.4093 	EXP 	text: autoDraw = False
2061.4093 	EXP 	textbox: autoDraw = False
2061.4093 	EXP 	polygon: autoDraw = True
2061.4603 	EXP 	Device response: <KeyPress from None: t=2061.4584219, value=space, duration=None>
2061.4611 	DATA 	Keypress: space
2061.5938 	EXP 	Device response: <KeyPress from None: t=2057.5246712999997, value=space, duration=4.065084600000432>
2061.6108 	DATA 	Mouse:  Left button up, pos=(969,234)
2061.7271 	EXP 	Device response: <KeyPress from None: t=2061.7236359, value=space, duration=None>
2061.7282 	DATA 	Keypress: space
2061.8432 	EXP 	Device response: <KeyPress from None: t=2057.9277061, value=space, duration=3.898759300000279>
2062.0268 	EXP 	Device response: <KeyPress from None: t=2062.0138569, value=space, duration=None>
2062.0276 	DATA 	Keypress: space
2062.3264 	EXP 	Device response: <KeyPress from None: t=2058.1631877, value=space, duration=4.150799399999983>
2062.4097 	INFO 	Keyboard events cleared
2062.4095 	EXP 	polygon: autoDraw = False
2062.4095 	EXP 	polygon_2: autoDraw = True
2063.1264 	EXP 	Device response: <KeyPress from None: t=2063.1242862, value=space, duration=None>
2063.1282 	DATA 	Keypress: space
2063.1431 	EXP 	polygon: autoDraw = False
2063.1431 	EXP 	polygon_2: autoDraw = False
2063.2432 	EXP 	Device response: <KeyPress from None: t=2058.4595048, value=space, duration=4.7744031999997105>
2063.8095 	EXP 	Sound sound_1 reached end of file
2063.8259 	EXP 	Playing sound sound_1 on speaker Speakers (Realtek(R) Audio)
2064.1246 	EXP 	Sound sound_1 stopped
2064.1437 	EXP 	text: autoDraw = True
2064.1437 	EXP 	textbox: autoDraw = True
2064.5766 	DATA 	Keypress: i
2064.5837 	EXP 	Device response: <KeyPress from None: t=2064.5732058999997, value=i, duration=None>
2064.7112 	EXP 	Device response: <KeyPress from None: t=2064.5732058999997, value=i, duration=0.12947070000029726>
2064.8347 	DATA 	Keypress: i
2064.8437 	EXP 	Device response: <KeyPress from None: t=2064.8320399, value=i, duration=None>
2064.9271 	EXP 	Device response: <KeyPress from None: t=2064.8320399, value=i, duration=0.08213330000000951>
2065.0514 	DATA 	Keypress: i
2065.0608 	EXP 	Device response: <KeyPress from None: t=2065.0504302, value=i, duration=None>
2065.1284 	EXP 	Device response: <KeyPress from None: t=2065.0504302, value=i, duration=0.07632460000024821>
2065.5775 	DATA 	Keypress: backspace
2065.5788 	EXP 	Device response: <KeyPress from None: t=2065.5711265, value=backspace, duration=None>
2066.1750 	DATA 	Keypress: 9
2066.1860 	EXP 	Device response: <KeyPress from None: t=2066.1745929999997, value=9, duration=None>
2066.2013 	EXP 	Device response: <KeyPress from None: t=2065.5711265, value=backspace, duration=0.6148259000002554>
2066.3115 	EXP 	Device response: <KeyPress from None: t=2066.1745929999997, value=9, duration=0.13425700000027518>
2066.4103 	DATA 	Keypress: 9
2066.4117 	EXP 	Device response: <KeyPress from None: t=2066.4092384, value=9, duration=None>
2066.5445 	EXP 	Device response: <KeyPress from None: t=2066.4092384, value=9, duration=0.13255639999999858>
2066.6607 	DATA 	Keypress: 9
2066.6628 	EXP 	Device response: <KeyPress from None: t=2066.6596111, value=9, duration=None>
2066.7615 	EXP 	Device response: <KeyPress from None: t=2066.6596111, value=9, duration=0.0935064999999895>
2067.6512 	DATA 	Mouse: Left button down, pos=(969,234)
2067.6605 	EXP 	New trial (rep=23, index=14): <Trial 382 (14 in rep 23) data={'delay': 0.4, 'freq': 1000, 'condition': 'exp', 'thisN': 382, 'thisTrialN': 14, 'thisRepN': 23}>
2067.6769 	EXP 	text: autoDraw = False
2067.6769 	EXP 	textbox: autoDraw = False
2067.6769 	EXP 	polygon: autoDraw = True
2067.8778 	DATA 	Mouse:  Left button up, pos=(969,234)
2068.6598 	INFO 	Keyboard events cleared
2068.6597 	EXP 	polygon_2: autoDraw = True
2068.6764 	EXP 	polygon: autoDraw = False
2069.0118 	DATA 	Keypress: space
2069.0270 	EXP 	Device response: <KeyPress from None: t=2069.01042, value=space, duration=None>
2069.0429 	EXP 	polygon: autoDraw = False
2069.0429 	EXP 	polygon_2: autoDraw = False
2069.1431 	EXP 	Device response: <KeyPress from None: t=2058.6921104, value=space, duration=10.445033400000398>
2069.4269 	EXP 	Sound sound_1 reached end of file
2069.4432 	EXP 	Playing sound sound_1 on speaker Speakers (Realtek(R) Audio)
2069.7495 	EXP 	Sound sound_1 stopped
2069.7697 	EXP 	text: autoDraw = True
2069.7697 	EXP 	textbox: autoDraw = True
2070.0600 	DATA 	Keypress: 9
2070.0679 	EXP 	Device response: <KeyPress from None: t=2070.0593835, value=9, duration=None>
2070.2101 	EXP 	Device response: <KeyPress from None: t=2070.0593835, value=9, duration=0.13497789999985343>
2070.5432 	DATA 	Keypress: 9
2070.5450 	EXP 	Device response: <KeyPress from None: t=2070.5402827, value=9, duration=None>
2070.6770 	EXP 	Device response: <KeyPress from None: t=2070.5402827, value=9, duration=0.13398090000021057>
2071.0185 	DATA 	Keypress: 9
2071.0271 	EXP 	Device response: <KeyPress from None: t=2071.0169562, value=9, duration=None>
2071.0779 	EXP 	Device response: <KeyPress from None: t=2071.0169562, value=9, duration=0.053157299999952556>
2071.9167 	DATA 	Mouse: Left button down, pos=(969,234)
2071.9276 	EXP 	New trial (rep=23, index=15): <Trial 383 (15 in rep 23) data={'delay': 0.7, 'freq': 400, 'condition': 'unexp', 'thisN': 383, 'thisTrialN': 15, 'thisRepN': 23}>
2071.9432 	EXP 	text: autoDraw = False
2071.9432 	EXP 	textbox: autoDraw = False
2071.9432 	EXP 	polygon: autoDraw = True
2072.1444 	DATA 	Mouse:  Left button up, pos=(969,234)
2072.2121 	DATA 	Mouse: Left button down, pos=(969,234)
2072.3944 	DATA 	Mouse:  Left button up, pos=(969,234)
2072.4602 	DATA 	Mouse: Left button down, pos=(969,234)
2072.6108 	DATA 	Mouse:  Left button up, pos=(969,234)
2072.9282 	INFO 	Keyboard events cleared
2072.9281 	EXP 	polygon_2: autoDraw = True
2072.9454 	EXP 	polygon: autoDraw = False
2073.7125 	EXP 	Device response: <KeyPress from None: t=2073.7116846, value=space, duration=None>
2073.7143 	DATA 	Keypress: space
2073.7281 	EXP 	polygon: autoDraw = False
2073.7281 	EXP 	polygon_2: autoDraw = False
2073.8450 	EXP 	Device response: <KeyPress from None: t=2061.4584219, value=space, duration=12.383929700000067>
2074.4099 	EXP 	Sound sound_1 reached end of file
2074.4263 	EXP 	Playing sound sound_1 on speaker Speakers (Realtek(R) Audio)
2074.4783 	EXP 	Device response: <KeyPress from None: t=2074.4764414, value=space, duration=None>
2074.4790 	DATA 	Keypress: space
2074.6456 	EXP 	Device response: <KeyPress from None: t=2061.7236359, value=space, duration=12.919664300000136>
2074.7257 	EXP 	Sound sound_1 stopped
2074.7455 	EXP 	text: autoDraw = True
2074.7455 	EXP 	textbox: autoDraw = True
2077.2532 	DATA 	Keypress: 7
2077.2647 	EXP 	Device response: <KeyPress from None: t=2077.2484945, value=7, duration=None>
2077.3439 	EXP 	Device response: <KeyPress from None: t=2077.2484945, value=7, duration=0.07910659999981817>
2077.6474 	DATA 	Keypress: 0
2077.6603 	EXP 	Device response: <KeyPress from None: t=2077.6445229, value=0, duration=None>
2077.7770 	EXP 	Device response: <KeyPress from None: t=2077.6445229, value=0, duration=0.11785419999989699>
2077.8650 	DATA 	Keypress: 0
2077.8767 	EXP 	Device response: <KeyPress from None: t=2077.8620158999997, value=0, duration=None>
2077.9444 	EXP 	Device response: <KeyPress from None: t=2077.8620158999997, value=0, duration=0.0776495000001205>
2078.8603 	DATA 	Mouse: Left button down, pos=(969,234)
2078.8611 	EXP 	New trial (rep=24, index=0): <Trial 384 (0 in rep 24) data={'delay': 0.7, 'freq': 1000, 'condition': 'exp', 'thisN': 384, 'thisTrialN': 0, 'thisRepN': 24}>
2078.8764 	EXP 	text: autoDraw = False
2078.8764 	EXP 	textbox: autoDraw = False
2078.8764 	EXP 	polygon: autoDraw = True
2079.0781 	DATA 	Mouse:  Left button up, pos=(969,234)
2079.1616 	DATA 	Mouse: Left button down, pos=(969,234)
2079.3108 	DATA 	Mouse:  Left button up, pos=(969,234)
2079.8765 	INFO 	Keyboard events cleared
2079.8763 	EXP 	polygon: autoDraw = False
2079.8763 	EXP 	polygon_2: autoDraw = True
2080.2262 	EXP 	Device response: <KeyPress from None: t=2080.2150294, value=space, duration=None>
2080.2279 	DATA 	Keypress: space
2080.2432 	EXP 	polygon: autoDraw = False
2080.2432 	EXP 	polygon_2: autoDraw = False
2080.4095 	EXP 	Device response: <KeyPress from None: t=2062.0138569, value=space, duration=18.39325509999992>
2080.9100 	EXP 	Sound sound_1 reached end of file
2080.9264 	EXP 	Playing sound sound_1 on speaker Speakers (Realtek(R) Audio)
2081.2255 	EXP 	Sound sound_1 stopped
2081.2467 	EXP 	text: autoDraw = True
2081.2467 	EXP 	textbox: autoDraw = True
2081.7439 	DATA 	Keypress: 9
2081.7454 	EXP 	Device response: <KeyPress from None: t=2081.7430595, value=9, duration=None>
2081.8778 	EXP 	Device response: <KeyPress from None: t=2081.7430595, value=9, duration=0.13165219999984856>
2082.0440 	DATA 	Keypress: 9
2082.0466 	EXP 	Device response: <KeyPress from None: t=2082.0360548, value=9, duration=None>
2082.1768 	EXP 	Device response: <KeyPress from None: t=2082.0360548, value=9, duration=0.1246677000000318>
2082.6016 	DATA 	Keypress: 9
2082.6104 	EXP 	Device response: <KeyPress from None: t=2082.5985114, value=9, duration=None>
2082.7270 	EXP 	Device response: <KeyPress from None: t=2082.5985114, value=9, duration=0.11279239999987567>
2083.5861 	DATA 	Mouse: Right button down, pos=(969,234)
2083.5937 	EXP 	New trial (rep=24, index=1): <Trial 385 (1 in rep 24) data={'delay': 0.1, 'freq': 1000, 'condition': 'exp', 'thisN': 385, 'thisTrialN': 1, 'thisRepN': 24}>
2083.6096 	EXP 	text: autoDraw = False
2083.6096 	EXP 	textbox: autoDraw = False
2083.6096 	EXP 	polygon: autoDraw = True
2083.6605 	DATA 	Mouse:  Right button up, pos=(969,234)
2083.7942 	DATA 	Mouse: Right button down, pos=(969,234)
2083.8442 	DATA 	Mouse:  Right button up, pos=(969,234)
2084.5935 	INFO 	Keyboard events cleared
2084.5933 	EXP 	polygon_2: autoDraw = True
2084.6095 	EXP 	polygon: autoDraw = False
2085.8126 	EXP 	Device response: <KeyPress from None: t=2085.8058167, value=space, duration=None>
2085.8144 	DATA 	Keypress: space
2085.8283 	EXP 	polygon: autoDraw = False
2085.8283 	EXP 	polygon_2: autoDraw = False
2085.8960 	EXP 	Sound sound_1 reached end of file
2085.9122 	EXP 	Playing sound sound_1 on speaker Speakers (Realtek(R) Audio)
2085.9954 	EXP 	Device response: <KeyPress from None: t=2063.1242862, value=space, duration=22.856649800000127>
2086.2091 	EXP 	Sound sound_1 stopped
2086.2297 	EXP 	text: autoDraw = True
2086.2297 	EXP 	textbox: autoDraw = True
2087.2724 	DATA 	Keypress: 9
2087.2835 	EXP 	Device response: <KeyPress from None: t=2087.2699174, value=9, duration=None>
2087.3940 	EXP 	Device response: <KeyPress from None: t=2087.2699174, value=9, duration=0.1221510999999964>
2087.4812 	DATA 	Keypress: 9
2087.4936 	EXP 	Device response: <KeyPress from None: t=2087.4773234, value=9, duration=None>
2087.5939 	EXP 	Device response: <KeyPress from None: t=2087.4773234, value=9, duration=0.09989460000008421>
2087.6603 	DATA 	Keypress: 9
2087.6617 	EXP 	Device response: <KeyPress from None: t=2087.6518763, value=9, duration=None>
2087.7613 	EXP 	Device response: <KeyPress from None: t=2087.6518763, value=9, duration=0.10656250000022283>
2088.6777 	DATA 	Mouse: Left button down, pos=(969,234)
2088.6789 	EXP 	New trial (rep=24, index=2): <Trial 386 (2 in rep 24) data={'delay': 0.4, 'freq': 1000, 'condition': 'exp', 'thisN': 386, 'thisTrialN': 2, 'thisRepN': 24}>
2088.6932 	EXP 	text: autoDraw = False
2088.6932 	EXP 	textbox: autoDraw = False
2088.6932 	EXP 	polygon: autoDraw = True
2088.8617 	DATA 	Mouse:  Left button up, pos=(969,234)
2088.9445 	DATA 	Mouse: Left button down, pos=(969,234)
2089.0776 	DATA 	Mouse:  Left button up, pos=(969,234)
2089.1611 	DATA 	Mouse: Left button down, pos=(969,234)
2089.2946 	DATA 	Mouse:  Left button up, pos=(969,234)
2089.6939 	INFO 	Keyboard events cleared
2089.6938 	EXP 	polygon: autoDraw = False
2089.6938 	EXP 	polygon_2: autoDraw = True
2090.0609 	DATA 	Keypress: space
2090.0774 	EXP 	Device response: <KeyPress from None: t=2090.0605517, value=space, duration=None>
2090.0925 	EXP 	polygon: autoDraw = False
2090.0925 	EXP 	polygon_2: autoDraw = False
2090.2099 	EXP 	Device response: <KeyPress from None: t=2069.01042, value=space, duration=21.185831899999926>
2090.4623 	EXP 	Sound sound_1 reached end of file
2090.4786 	EXP 	Playing sound sound_1 on speaker Speakers (Realtek(R) Audio)
2090.7764 	EXP 	Sound sound_1 stopped
2090.7964 	EXP 	text: autoDraw = True
2090.7964 	EXP 	textbox: autoDraw = True
2091.2274 	DATA 	Keypress: 9
2091.2349 	EXP 	Device response: <KeyPress from None: t=2091.224304, value=9, duration=None>
2091.3602 	EXP 	Device response: <KeyPress from None: t=2091.224304, value=9, duration=0.12580590000027314>
2091.4771 	DATA 	Keypress: 9
2091.4787 	EXP 	Device response: <KeyPress from None: t=2091.4716789, value=9, duration=None>
2091.5444 	EXP 	Device response: <KeyPress from None: t=2091.4716789, value=9, duration=0.06927800000005391>
2091.6437 	DATA 	Keypress: 9
2091.6453 	EXP 	Device response: <KeyPress from None: t=2091.6374793, value=9, duration=None>
2091.7613 	EXP 	Device response: <KeyPress from None: t=2091.6374793, value=9, duration=0.12087380000014036>
2092.6444 	DATA 	Mouse: Left button down, pos=(969,234)
2092.6454 	EXP 	New trial (rep=24, index=3): <Trial 387 (3 in rep 24) data={'delay': 0.1, 'freq': 400, 'condition': 'unexp', 'thisN': 387, 'thisTrialN': 3, 'thisRepN': 24}>
2092.6598 	EXP 	text: autoDraw = False
2092.6598 	EXP 	textbox: autoDraw = False
2092.6598 	EXP 	polygon: autoDraw = True
2092.8780 	DATA 	Mouse:  Left button up, pos=(969,234)
2093.4435 	EXP 	Device response: <KeyPress from None: t=2093.4323463, value=space, duration=None>
2093.4445 	DATA 	Keypress: space
2093.5272 	EXP 	Device response: <KeyPress from None: t=2073.7116846, value=space, duration=19.801885100000277>
2093.6600 	INFO 	Keyboard events cleared
2093.6598 	EXP 	polygon: autoDraw = False
2093.6598 	EXP 	polygon_2: autoDraw = True
2094.3273 	EXP 	Device response: <KeyPress from None: t=2094.3227256, value=space, duration=None>
2094.3295 	DATA 	Keypress: space
2094.3432 	EXP 	polygon: autoDraw = False
2094.3432 	EXP 	polygon_2: autoDraw = False
2094.4265 	EXP 	Sound sound_1 reached end of file
2094.4428 	EXP 	Playing sound sound_1 on speaker Speakers (Realtek(R) Audio)
2094.4769 	EXP 	Device response: <KeyPress from None: t=2074.4764414, value=space, duration=19.991298699999902>
2094.7401 	EXP 	Sound sound_1 stopped
2094.7578 	EXP 	text: autoDraw = True
2094.7578 	EXP 	textbox: autoDraw = True
2096.3181 	DATA 	Keypress: 3
2096.3198 	EXP 	Device response: <KeyPress from None: t=2096.3116615999998, value=3, duration=None>
2096.4268 	EXP 	Device response: <KeyPress from None: t=2096.3116615999998, value=3, duration=0.1020202000000836>
2096.8936 	DATA 	Keypress: 5
2096.8951 	EXP 	Device response: <KeyPress from None: t=2096.8901977, value=5, duration=None>
2096.9770 	EXP 	Device response: <KeyPress from None: t=2096.8901977, value=5, duration=0.07180940000000646>
2097.3945 	DATA 	Keypress: 0
2097.3961 	EXP 	Device response: <KeyPress from None: t=2097.3930559, value=0, duration=None>
2097.4943 	EXP 	Device response: <KeyPress from None: t=2097.3930559, value=0, duration=0.09159469999997327>
2098.3772 	DATA 	Mouse: Left button down, pos=(959,213)
2098.3785 	EXP 	New trial (rep=24, index=4): <Trial 388 (4 in rep 24) data={'delay': 0.7, 'freq': 1000, 'condition': 'exp', 'thisN': 388, 'thisTrialN': 4, 'thisRepN': 24}>
2098.3931 	EXP 	text: autoDraw = False
2098.3931 	EXP 	textbox: autoDraw = False
2098.3931 	EXP 	polygon: autoDraw = True
2098.5778 	DATA 	Mouse:  Left button up, pos=(959,213)
2098.6448 	DATA 	Mouse: Left button down, pos=(959,213)
2098.7770 	DATA 	Mouse:  Left button up, pos=(959,213)
2098.8440 	DATA 	Mouse: Left button down, pos=(959,213)
2099.0107 	DATA 	Mouse:  Left button up, pos=(959,213)
2099.3930 	INFO 	Keyboard events cleared
2099.3929 	EXP 	polygon: autoDraw = False
2099.3929 	EXP 	polygon_2: autoDraw = True
2099.6104 	EXP 	Device response: <KeyPress from None: t=2099.6086081, value=space, duration=None>
2099.6124 	DATA 	Keypress: space
2099.6287 	EXP 	polygon: autoDraw = False
2099.6287 	EXP 	polygon_2: autoDraw = False
2099.7451 	EXP 	Device response: <KeyPress from None: t=2080.2150294, value=space, duration=19.514616700000374>
2100.2955 	EXP 	Sound sound_1 reached end of file
2100.3118 	EXP 	Playing sound sound_1 on speaker Speakers (Realtek(R) Audio)
2100.6076 	EXP 	Sound sound_1 stopped
2100.6290 	EXP 	text: autoDraw = True
2100.6290 	EXP 	textbox: autoDraw = True
2100.9418 	DATA 	Keypress: 9
2100.9494 	EXP 	Device response: <KeyPress from None: t=2100.9391605, value=9, duration=None>
2101.0781 	EXP 	Device response: <KeyPress from None: t=2100.9391605, value=9, duration=0.13082349999979215>
2101.1606 	DATA 	Keypress: 9
2101.1624 	EXP 	Device response: <KeyPress from None: t=2101.1535959, value=9, duration=None>
2101.2453 	EXP 	Device response: <KeyPress from None: t=2101.1535959, value=9, duration=0.0810516000002508>
2101.3268 	DATA 	Keypress: 9
2101.3281 	EXP 	Device response: <KeyPress from None: t=2101.321396, value=9, duration=None>
2101.3943 	EXP 	Device response: <KeyPress from None: t=2101.321396, value=9, duration=0.06577900000013415>
2102.2771 	DATA 	Mouse: Left button down, pos=(959,213)
2102.2785 	EXP 	New trial (rep=24, index=5): <Trial 389 (5 in rep 24) data={'delay': 0.4, 'freq': 1000, 'condition': 'exp', 'thisN': 389, 'thisTrialN': 5, 'thisRepN': 24}>
2102.2931 	EXP 	text: autoDraw = False
2102.2931 	EXP 	textbox: autoDraw = False
2102.2931 	EXP 	polygon: autoDraw = True
2102.4952 	DATA 	Mouse:  Left button up, pos=(959,213)
2102.5615 	DATA 	Mouse: Left button down, pos=(959,213)
2102.7108 	DATA 	Mouse:  Left button up, pos=(959,213)
2102.7777 	DATA 	Mouse: Left button down, pos=(959,213)
2102.8600 	EXP 	Device response: <KeyPress from None: t=2102.8464887, value=space, duration=None>
2102.8607 	DATA 	Keypress: space
2102.9465 	DATA 	Mouse:  Left button up, pos=(959,213)
2102.9938 	EXP 	Device response: <KeyPress from None: t=2085.8058167, value=space, duration=17.18675769999993>
2103.1935 	EXP 	Device response: <KeyPress from None: t=2103.1815437, value=space, duration=None>
2103.1943 	DATA 	Keypress: space
2103.2780 	INFO 	Keyboard events cleared
2103.2779 	EXP 	polygon_2: autoDraw = True
2103.2950 	EXP 	polygon: autoDraw = False
2103.3289 	EXP 	Device response: <KeyPress from None: t=2090.0605517, value=space, duration=13.262531400000285>
2103.4789 	EXP 	Device response: <KeyPress from None: t=2103.4701925, value=space, duration=None>
2103.4809 	DATA 	Keypress: space
2103.4955 	EXP 	polygon: autoDraw = False
2103.4955 	EXP 	polygon_2: autoDraw = False
2103.5622 	EXP 	Device response: <KeyPress from None: t=2093.4323463, value=space, duration=10.115372500000035>
2103.7289 	EXP 	Device response: <KeyPress from None: t=2103.7237772, value=space, duration=None>
2103.7299 	DATA 	Keypress: space
2103.7454 	EXP 	Device response: <KeyPress from None: t=2094.3227256, value=space, duration=9.41239539999981>
2103.7455 	EXP 	Device response: <KeyPress from None: t=2103.7427175, value=space, duration=None>
2103.7464 	DATA 	Keypress: space
2103.7955 	EXP 	Device response: <KeyPress from None: t=2099.6086081, value=space, duration=4.1788279000003286>
2103.8622 	EXP 	Sound sound_1 reached end of file
2103.8784 	EXP 	Playing sound sound_1 on speaker Speakers (Realtek(R) Audio)
2103.9626 	EXP 	Device response: <KeyPress from None: t=2103.9607879, value=space, duration=None>
2103.9634 	DATA 	Keypress: space
2104.0454 	EXP 	Device response: <KeyPress from None: t=2102.8464887, value=space, duration=1.1936031000001321>
2104.1808 	EXP 	Sound sound_1 stopped
2104.2030 	EXP 	text: autoDraw = True
2104.2030 	EXP 	textbox: autoDraw = True
2104.9277 	DATA 	Keypress: 9
2104.9288 	EXP 	Device response: <KeyPress from None: t=2104.9269784, value=9, duration=None>
2105.0441 	EXP 	Device response: <KeyPress from None: t=2104.9269784, value=9, duration=0.10694390000037401>
2105.1439 	DATA 	Keypress: 9
2105.1453 	EXP 	Device response: <KeyPress from None: t=2105.1433039, value=9, duration=None>
2105.2103 	EXP 	Device response: <KeyPress from None: t=2105.1433039, value=9, duration=0.05588010000030863>
2105.3150 	DATA 	Keypress: 9
2105.3270 	EXP 	Device response: <KeyPress from None: t=2105.3136873999997, value=9, duration=None>
2105.4106 	EXP 	Device response: <KeyPress from None: t=2105.3136873999997, value=9, duration=0.09259160000021893>
2106.1613 	DATA 	Mouse: Left button down, pos=(959,213)
2106.1622 	EXP 	New trial (rep=24, index=6): <Trial 390 (6 in rep 24) data={'delay': 0.4, 'freq': 1000, 'condition': 'exp', 'thisN': 390, 'thisTrialN': 6, 'thisRepN': 24}>
2106.1772 	EXP 	text: autoDraw = False
2106.1772 	EXP 	textbox: autoDraw = False
2106.1772 	EXP 	polygon: autoDraw = True
2106.3952 	DATA 	Mouse:  Left button up, pos=(959,213)
2106.4613 	DATA 	Mouse: Left button down, pos=(959,213)
2106.7111 	DATA 	Mouse:  Left button up, pos=(959,213)
2106.7623 	DATA 	Mouse: Left button down, pos=(959,213)
2106.9279 	DATA 	Mouse:  Left button up, pos=(959,213)
2107.1616 	INFO 	Keyboard events cleared
2107.1615 	EXP 	polygon_2: autoDraw = True
2107.1777 	EXP 	polygon: autoDraw = False
2107.2628 	EXP 	Device response: <KeyPress from None: t=2107.2614537, value=space, duration=None>
2107.2650 	DATA 	Keypress: space
2107.2782 	EXP 	polygon: autoDraw = False
2107.2782 	EXP 	polygon_2: autoDraw = False
2107.3787 	EXP 	Device response: <KeyPress from None: t=2103.1815437, value=space, duration=4.193675699999972>
2107.5608 	EXP 	Device response: <KeyPress from None: t=2107.5487527, value=space, duration=None>
2107.5618 	DATA 	Keypress: space
2107.6622 	EXP 	Sound sound_1 reached end of file
2107.6785 	EXP 	Playing sound sound_1 on speaker Speakers (Realtek(R) Audio)
2107.6624 	EXP 	Device response: <KeyPress from None: t=2103.4701925, value=space, duration=4.1901753000003055>
2107.9788 	EXP 	Sound sound_1 stopped
2107.9962 	EXP 	text: autoDraw = True
2107.9962 	EXP 	textbox: autoDraw = True
2108.1398 	DATA 	Keypress: 9
2108.1498 	EXP 	Device response: <KeyPress from None: t=2108.1322433, value=9, duration=None>
2108.2780 	EXP 	Device response: <KeyPress from None: t=2108.1322433, value=9, duration=0.14323119999983192>
2108.3603 	DATA 	Keypress: 9
2108.3620 	EXP 	Device response: <KeyPress from None: t=2108.3526514, value=9, duration=None>
2108.4772 	EXP 	Device response: <KeyPress from None: t=2108.3526514, value=9, duration=0.11504819999993288>
2108.5479 	DATA 	Keypress: 9
2108.5603 	EXP 	Device response: <KeyPress from None: t=2108.5441622, value=9, duration=None>
2108.6614 	EXP 	Device response: <KeyPress from None: t=2108.5441622, value=9, duration=0.10505109999996876>
2109.6279 	DATA 	Mouse: Left button down, pos=(959,213)
2109.6290 	EXP 	New trial (rep=24, index=7): <Trial 391 (7 in rep 24) data={'delay': 0.1, 'freq': 1000, 'condition': 'exp', 'thisN': 391, 'thisTrialN': 7, 'thisRepN': 24}>
2109.6440 	EXP 	text: autoDraw = False
2109.6440 	EXP 	textbox: autoDraw = False
2109.6440 	EXP 	polygon: autoDraw = True
2109.8613 	DATA 	Mouse:  Left button up, pos=(959,213)
2110.6434 	INFO 	Keyboard events cleared
2110.6432 	EXP 	polygon: autoDraw = False
2110.6432 	EXP 	polygon_2: autoDraw = True
2111.4600 	EXP 	Device response: <KeyPress from None: t=2111.4524185, value=space, duration=None>
2111.4622 	DATA 	Keypress: space
2111.4764 	EXP 	polygon: autoDraw = False
2111.4764 	EXP 	polygon_2: autoDraw = False
2111.5435 	EXP 	Sound sound_1 reached end of file
2111.5599 	EXP 	Playing sound sound_1 on speaker Speakers (Realtek(R) Audio)
2111.5937 	EXP 	Device response: <KeyPress from None: t=2103.7237772, value=space, duration=7.8618443000001434>
2111.8641 	EXP 	Sound sound_1 stopped
2111.8812 	EXP 	text: autoDraw = True
2111.8812 	EXP 	textbox: autoDraw = True
2112.0704 	DATA 	Keypress: 9
2112.0863 	EXP 	Device response: <KeyPress from None: t=2112.0637613, value=9, duration=None>
2112.1947 	EXP 	Device response: <KeyPress from None: t=2112.0637613, value=9, duration=0.128190600000039>
2112.2936 	DATA 	Keypress: 9
2112.2955 	EXP 	Device response: <KeyPress from None: t=2112.2873738999997, value=9, duration=None>
2112.3937 	EXP 	Device response: <KeyPress from None: t=2112.2873738999997, value=9, duration=0.09844230000010157>
2112.5104 	DATA 	Keypress: 9
2112.5120 	EXP 	Device response: <KeyPress from None: t=2112.5057752, value=9, duration=None>
2112.5955 	EXP 	Device response: <KeyPress from None: t=2112.5057752, value=9, duration=0.08656170000006114>
2113.6151 	DATA 	Mouse: Left button down, pos=(933,198)
2113.6276 	EXP 	New trial (rep=24, index=8): <Trial 392 (8 in rep 24) data={'delay': 0.7, 'freq': 400, 'condition': 'unexp', 'thisN': 392, 'thisTrialN': 8, 'thisRepN': 24}>
2113.6429 	EXP 	text: autoDraw = False
2113.6429 	EXP 	textbox: autoDraw = False
2113.6429 	EXP 	polygon: autoDraw = True
2113.8449 	DATA 	Mouse:  Left button up, pos=(933,198)
2114.6268 	INFO 	Keyboard events cleared
2114.6267 	EXP 	polygon_2: autoDraw = True
2114.6438 	EXP 	polygon: autoDraw = False
2114.8961 	EXP 	Device response: <KeyPress from None: t=2114.8808824, value=space, duration=None>
2114.8985 	DATA 	Keypress: space
2114.9115 	EXP 	polygon: autoDraw = False
2114.9115 	EXP 	polygon_2: autoDraw = False
2115.0456 	EXP 	Device response: <KeyPress from None: t=2103.7427175, value=space, duration=11.300317500000006>
2115.5955 	EXP 	Sound sound_1 reached end of file
2115.6118 	EXP 	Playing sound sound_1 on speaker Speakers (Realtek(R) Audio)
2115.9070 	EXP 	Sound sound_1 stopped
2115.9262 	EXP 	text: autoDraw = True
2115.9262 	EXP 	textbox: autoDraw = True
2115.9914 	DATA 	Keypress: 9
2116.0039 	EXP 	Device response: <KeyPress from None: t=2115.9865884, value=9, duration=None>
2116.1102 	EXP 	Device response: <KeyPress from None: t=2115.9865884, value=9, duration=0.11381600000015624>
2116.5440 	DATA 	Keypress: backspace
2116.5456 	EXP 	Device response: <KeyPress from None: t=2116.5360186, value=backspace, duration=None>
2116.6943 	EXP 	Device response: <KeyPress from None: t=2116.5360186, value=backspace, duration=0.14784490000022288>
2117.5153 	DATA 	Keypress: 3
2117.5256 	EXP 	Device response: <KeyPress from None: t=2117.5063999999998, value=3, duration=None>
2117.5939 	EXP 	Device response: <KeyPress from None: t=2117.5063999999998, value=3, duration=0.08460680000018783>
2117.8112 	DATA 	Keypress: 5
2117.8129 	EXP 	Device response: <KeyPress from None: t=2117.8016896999998, value=5, duration=None>
2117.8773 	EXP 	Device response: <KeyPress from None: t=2117.8016896999998, value=5, duration=0.06539140000006682>
2118.0841 	DATA 	Keypress: 9
2118.0934 	EXP 	Device response: <KeyPress from None: t=2118.0837425, value=9, duration=None>
2118.2103 	EXP 	Device response: <KeyPress from None: t=2118.0837425, value=9, duration=0.11481620000006387>
2119.2977 	DATA 	Keypress: backspace
2119.3102 	EXP 	Device response: <KeyPress from None: t=2119.2962311, value=backspace, duration=None>
2119.4770 	EXP 	Device response: <KeyPress from None: t=2119.2962311, value=backspace, duration=0.16574739999998656>
2119.6938 	DATA 	Keypress: 0
2119.6953 	EXP 	Device response: <KeyPress from None: t=2119.6850908, value=0, duration=None>
2119.7449 	EXP 	Device response: <KeyPress from None: t=2119.6850908, value=0, duration=0.05850699999984954>
2120.5811 	DATA 	Mouse: Left button down, pos=(933,198)
2120.5946 	EXP 	New trial (rep=24, index=9): <Trial 393 (9 in rep 24) data={'delay': 0.1, 'freq': 1000, 'condition': 'exp', 'thisN': 393, 'thisTrialN': 9, 'thisRepN': 24}>
2120.6102 	EXP 	text: autoDraw = False
2120.6102 	EXP 	textbox: autoDraw = False
2120.6102 	EXP 	polygon: autoDraw = True
2120.8116 	DATA 	Mouse:  Left button up, pos=(933,198)
2120.8774 	DATA 	Mouse: Left button down, pos=(933,198)
2121.1108 	DATA 	Mouse:  Left button up, pos=(933,198)
2121.1772 	DATA 	Mouse: Left button down, pos=(933,198)
2121.3277 	DATA 	Mouse:  Left button up, pos=(933,198)
2121.5933 	INFO 	Keyboard events cleared
2121.5931 	EXP 	polygon_2: autoDraw = True
2121.6099 	EXP 	polygon: autoDraw = False
2121.9768 	EXP 	Device response: <KeyPress from None: t=2121.9746323, value=space, duration=None>
2121.9783 	DATA 	Keypress: space
2121.9937 	EXP 	polygon: autoDraw = False
2121.9937 	EXP 	polygon_2: autoDraw = False
2122.0603 	EXP 	Sound sound_1 reached end of file
2122.0767 	EXP 	Playing sound sound_1 on speaker Speakers (Realtek(R) Audio)
2122.0606 	EXP 	Device response: <KeyPress from None: t=2103.9607879, value=space, duration=18.088505800000007>
2122.3795 	EXP 	Sound sound_1 stopped
2122.3972 	EXP 	text: autoDraw = True
2122.3972 	EXP 	textbox: autoDraw = True
2123.3995 	DATA 	Keypress: 9
2123.4010 	EXP 	Device response: <KeyPress from None: t=2123.3975382999997, value=9, duration=None>
2123.4944 	EXP 	Device response: <KeyPress from None: t=2123.3975382999997, value=9, duration=0.09026160000041727>
2123.6014 	DATA 	Keypress: 9
2123.6105 	EXP 	Device response: <KeyPress from None: t=2123.5987802, value=9, duration=None>
2123.6784 	EXP 	Device response: <KeyPress from None: t=2123.5987802, value=9, duration=0.07734500000026401>
2123.7844 	DATA 	Keypress: 9
2123.7937 	EXP 	Device response: <KeyPress from None: t=2123.7822889, value=9, duration=None>
2123.8619 	EXP 	Device response: <KeyPress from None: t=2123.7822889, value=9, duration=0.07192150000003039>
2124.7938 	DATA 	Mouse: Left button down, pos=(933,198)
2124.7947 	EXP 	New trial (rep=24, index=10): <Trial 394 (10 in rep 24) data={'delay': 0.7, 'freq': 1000, 'condition': 'exp', 'thisN': 394, 'thisTrialN': 10, 'thisRepN': 24}>
2124.8100 	EXP 	text: autoDraw = False
2124.8100 	EXP 	textbox: autoDraw = False
2124.8100 	EXP 	polygon: autoDraw = True
2125.0273 	DATA 	Mouse:  Left button up, pos=(933,198)
2125.8103 	INFO 	Keyboard events cleared
2125.8102 	EXP 	polygon: autoDraw = False
2125.8102 	EXP 	polygon_2: autoDraw = True
2126.1788 	EXP 	Device response: <KeyPress from None: t=2126.1675196, value=space, duration=None>
2126.1808 	DATA 	Keypress: space
2126.1952 	EXP 	polygon: autoDraw = False
2126.1952 	EXP 	polygon_2: autoDraw = False
2126.2625 	EXP 	Device response: <KeyPress from None: t=2107.2614537, value=space, duration=18.997969500000295>
2126.8624 	EXP 	Sound sound_1 reached end of file
2126.8787 	EXP 	Playing sound sound_1 on speaker Speakers (Realtek(R) Audio)
2127.1792 	EXP 	Sound sound_1 stopped
2127.2003 	EXP 	text: autoDraw = True
2127.2003 	EXP 	textbox: autoDraw = True
2127.8714 	DATA 	Keypress: 9
2127.8797 	EXP 	Device response: <KeyPress from None: t=2127.8704769, value=9, duration=None>
2127.9940 	EXP 	Device response: <KeyPress from None: t=2127.8704769, value=9, duration=0.11279949999982364>
2128.0809 	DATA 	Keypress: 9
2128.0940 	EXP 	Device response: <KeyPress from None: t=2128.0788748, value=9, duration=None>
2128.1775 	EXP 	Device response: <KeyPress from None: t=2128.0788748, value=9, duration=0.09477419999996073>
2128.2940 	DATA 	Keypress: 9
2128.2961 	EXP 	Device response: <KeyPress from None: t=2128.2934281, value=9, duration=None>
2128.3942 	EXP 	Device response: <KeyPress from None: t=2128.2934281, value=9, duration=0.08378740000000562>
2129.3446 	DATA 	Mouse: Left button down, pos=(933,198)
2129.3457 	EXP 	New trial (rep=24, index=11): <Trial 395 (11 in rep 24) data={'delay': 0.1, 'freq': 400, 'condition': 'unexp', 'thisN': 395, 'thisTrialN': 11, 'thisRepN': 24}>
2129.3600 	EXP 	text: autoDraw = False
2129.3600 	EXP 	textbox: autoDraw = False
2129.3600 	EXP 	polygon: autoDraw = True
2129.5785 	DATA 	Mouse:  Left button up, pos=(933,198)
2129.6279 	DATA 	Mouse: Left button down, pos=(933,198)
2129.7270 	EXP 	Device response: <KeyPress from None: t=2129.7240064, value=space, duration=None>
2129.7278 	DATA 	Keypress: space
2129.7945 	DATA 	Mouse:  Left button up, pos=(933,198)
2129.8607 	EXP 	Device response: <KeyPress from None: t=2107.5487527, value=space, duration=22.30232260000014>
2130.3465 	INFO 	Keyboard events cleared
2130.3462 	EXP 	polygon_2: autoDraw = True
2130.3617 	EXP 	polygon: autoDraw = False
2130.5791 	EXP 	Device response: <KeyPress from None: t=2130.5762124, value=space, duration=None>
2130.5815 	DATA 	Keypress: space
2130.5957 	EXP 	polygon: autoDraw = False
2130.5957 	EXP 	polygon_2: autoDraw = False
2130.6622 	EXP 	Device response: <KeyPress from None: t=2111.4524185, value=space, duration=19.200532599999974>
2130.6790 	EXP 	Sound sound_1 reached end of file
2130.6952 	EXP 	Playing sound sound_1 on speaker Speakers (Realtek(R) Audio)
2130.9998 	EXP 	Sound sound_1 stopped
2131.0197 	EXP 	text: autoDraw = True
2131.0197 	EXP 	textbox: autoDraw = True
2131.9214 	DATA 	Keypress: 5
2131.9290 	EXP 	Device response: <KeyPress from None: t=2131.9190165, value=5, duration=None>
2131.9940 	EXP 	Device response: <KeyPress from None: t=2131.9190165, value=5, duration=0.07156039999983932>
2132.5446 	DATA 	Keypress: 0
2132.5458 	EXP 	Device response: <KeyPress from None: t=2132.5364056999997, value=0, duration=None>
2132.6271 	EXP 	Device response: <KeyPress from None: t=2132.5364056999997, value=0, duration=0.08003460000020368>
2132.6940 	DATA 	Keypress: 0
2132.6956 	EXP 	Device response: <KeyPress from None: t=2132.6907259, value=0, duration=None>
2132.7604 	EXP 	Device response: <KeyPress from None: t=2132.6907259, value=0, duration=0.06034060000013142>
2133.5193 	DATA 	Mouse: Left button down, pos=(933,198)
2133.5276 	EXP 	New trial (rep=24, index=12): <Trial 396 (12 in rep 24) data={'delay': 0.4, 'freq': 1000, 'condition': 'exp', 'thisN': 396, 'thisTrialN': 12, 'thisRepN': 24}>
2133.5434 	EXP 	text: autoDraw = False
2133.5434 	EXP 	textbox: autoDraw = False
2133.5434 	EXP 	polygon: autoDraw = True
2133.7942 	DATA 	Mouse:  Left button up, pos=(933,198)
2133.8449 	DATA 	Mouse: Left button down, pos=(933,198)
2133.9269 	EXP 	Device response: <KeyPress from None: t=2133.919084, value=space, duration=None>
2133.9281 	DATA 	Keypress: space
2134.0113 	DATA 	Mouse:  Left button up, pos=(933,198)
2134.0438 	EXP 	Device response: <KeyPress from None: t=2114.8808824, value=space, duration=19.154909800000155>
2134.5269 	INFO 	Keyboard events cleared
2134.5268 	EXP 	polygon_2: autoDraw = True
2134.5436 	EXP 	polygon: autoDraw = False
2134.9440 	EXP 	Device response: <KeyPress from None: t=2134.9401061, value=space, duration=None>
2134.9455 	DATA 	Keypress: space
2134.9596 	EXP 	polygon: autoDraw = False
2134.9596 	EXP 	polygon_2: autoDraw = False
2135.0770 	EXP 	Device response: <KeyPress from None: t=2121.9746323, value=space, duration=13.087465199999883>
2135.3276 	EXP 	Sound sound_1 reached end of file
2135.3439 	EXP 	Playing sound sound_1 on speaker Speakers (Realtek(R) Audio)
2135.6393 	EXP 	Sound sound_1 stopped
2135.6584 	EXP 	text: autoDraw = True
2135.6584 	EXP 	textbox: autoDraw = True
2136.8021 	DATA 	Keypress: 9
2136.8122 	EXP 	Device response: <KeyPress from None: t=2136.7974305, value=9, duration=None>
2136.9445 	EXP 	Device response: <KeyPress from None: t=2136.7974305, value=9, duration=0.14146650000031968>
2137.0439 	DATA 	Keypress: 9
2137.0460 	EXP 	Device response: <KeyPress from None: t=2137.0410776999997, value=9, duration=None>
2137.1449 	EXP 	Device response: <KeyPress from None: t=2137.0410776999997, value=9, duration=0.10278970000047138>
2137.7774 	DATA 	Keypress: 0
2137.7790 	EXP 	Device response: <KeyPress from None: t=2137.7668705, value=0, duration=None>
2137.9107 	EXP 	Device response: <KeyPress from None: t=2137.7668705, value=0, duration=0.14220669999997426>
2138.4358 	DATA 	Keypress: backspace
2138.4436 	EXP 	Device response: <KeyPress from None: t=2138.4341354, value=backspace, duration=None>
2138.5612 	EXP 	Device response: <KeyPress from None: t=2138.4341354, value=backspace, duration=0.12614780000023984>
2139.1107 	DATA 	Keypress: 9
2139.1124 	EXP 	Device response: <KeyPress from None: t=2139.109883, value=9, duration=None>
2139.1787 	EXP 	Device response: <KeyPress from None: t=2139.109883, value=9, duration=0.06477060000008805>
2139.9824 	DATA 	Mouse: Left button down, pos=(933,198)
2139.9944 	EXP 	New trial (rep=24, index=13): <Trial 397 (13 in rep 24) data={'delay': 0.4, 'freq': 400, 'condition': 'unexp', 'thisN': 397, 'thisTrialN': 13, 'thisRepN': 24}>
2140.0100 	EXP 	text: autoDraw = False
2140.0100 	EXP 	textbox: autoDraw = False
2140.0100 	EXP 	polygon: autoDraw = True
2140.1942 	DATA 	Mouse:  Left button up, pos=(933,198)
2140.2448 	DATA 	Mouse: Left button down, pos=(933,198)
2140.4444 	DATA 	Mouse:  Left button up, pos=(933,198)
2140.4945 	DATA 	Mouse: Left button down, pos=(933,198)
2140.6617 	DATA 	Mouse:  Left button up, pos=(933,198)
2140.9439 	EXP 	Device response: <KeyPress from None: t=2140.9358411999997, value=space, duration=None>
2140.9446 	DATA 	Keypress: space
2140.9955 	INFO 	Keyboard events cleared
2140.9953 	EXP 	polygon_2: autoDraw = True
2141.0101 	EXP 	polygon: autoDraw = False
2141.0288 	EXP 	Device response: <KeyPress from None: t=2126.1675196, value=space, duration=14.846362099999737>
2141.4128 	EXP 	Device response: <KeyPress from None: t=2141.4109763, value=space, duration=None>
2141.4149 	DATA 	Keypress: space
2141.4288 	EXP 	polygon: autoDraw = False
2141.4288 	EXP 	polygon_2: autoDraw = False
2141.5123 	EXP 	Device response: <KeyPress from None: t=2129.7240064, value=space, duration=11.776968700000111>
2141.8124 	EXP 	Sound sound_1 reached end of file
2141.8286 	EXP 	Playing sound sound_1 on speaker Speakers (Realtek(R) Audio)
2142.1260 	EXP 	Sound sound_1 stopped
2142.1477 	EXP 	text: autoDraw = True
2142.1477 	EXP 	textbox: autoDraw = True
2143.1902 	DATA 	Keypress: 5
2143.2010 	EXP 	Device response: <KeyPress from None: t=2143.1837077, value=5, duration=None>
2143.2773 	EXP 	Device response: <KeyPress from None: t=2143.1837077, value=5, duration=0.07914450000009765>
2143.6278 	DATA 	Keypress: 0
2143.6294 	EXP 	Device response: <KeyPress from None: t=2143.6249583, value=0, duration=None>
2143.7271 	EXP 	Device response: <KeyPress from None: t=2143.6249583, value=0, duration=0.08849210000028052>
2143.8107 	DATA 	Keypress: 0
2143.8120 	EXP 	Device response: <KeyPress from None: t=2143.810357, value=0, duration=None>
2143.8942 	EXP 	Device response: <KeyPress from None: t=2143.810357, value=0, duration=0.07276620000004641>
2144.8605 	DATA 	Mouse: Left button down, pos=(933,198)
2144.8615 	EXP 	New trial (rep=24, index=14): <Trial 398 (14 in rep 24) data={'delay': 0.7, 'freq': 1000, 'condition': 'exp', 'thisN': 398, 'thisTrialN': 14, 'thisRepN': 24}>
2144.8767 	EXP 	text: autoDraw = False
2144.8767 	EXP 	textbox: autoDraw = False
2144.8767 	EXP 	polygon: autoDraw = True
2145.0943 	DATA 	Mouse:  Left button up, pos=(933,198)
2145.1777 	DATA 	Mouse: Left button down, pos=(933,198)
2145.3275 	DATA 	Mouse:  Left button up, pos=(933,198)
2145.3941 	DATA 	Mouse: Left button down, pos=(933,198)
2145.5276 	EXP 	Device response: <KeyPress from None: t=2145.5257902, value=space, duration=None>
2145.5283 	DATA 	Keypress: space
2145.5448 	DATA 	Mouse:  Left button up, pos=(933,198)
2145.8598 	INFO 	Keyboard events cleared
2145.8597 	EXP 	polygon_2: autoDraw = True
2145.8768 	EXP 	polygon: autoDraw = False
2145.9610 	EXP 	Device response: <KeyPress from None: t=2130.5762124, value=space, duration=15.371614700000123>
2146.8937 	EXP 	Device response: <KeyPress from None: t=2146.884538, value=space, duration=None>
2146.8955 	DATA 	Keypress: space
2146.9097 	EXP 	polygon: autoDraw = False
2146.9097 	EXP 	polygon_2: autoDraw = False
2147.1272 	EXP 	Device response: <KeyPress from None: t=2133.919084, value=space, duration=13.192294600000082>
2147.1947 	DATA 	Keypress: space
2147.2106 	EXP 	Device response: <KeyPress from None: t=2147.1940637, value=space, duration=None>
2147.5766 	EXP 	Sound sound_1 reached end of file
2147.5930 	EXP 	Playing sound sound_1 on speaker Speakers (Realtek(R) Audio)
2147.8938 	EXP 	Sound sound_1 stopped
2147.9123 	EXP 	text: autoDraw = True
2147.9123 	EXP 	textbox: autoDraw = True
2147.9137 	EXP 	Device response: <KeyPress from None: t=2134.9401061, value=space, duration=12.969490000000064>
2148.0775 	DATA 	Keypress: space
2148.0787 	EXP 	Device response: <KeyPress from None: t=2148.07659, value=space, duration=None>
2148.1785 	EXP 	Device response: <KeyPress from None: t=2140.9358411999997, value=space, duration=7.230685400000425>
2148.9947 	DATA 	Keypress: 9
2148.9961 	EXP 	Device response: <KeyPress from None: t=2148.9905303, value=9, duration=None>
2149.1279 	EXP 	Device response: <KeyPress from None: t=2148.9905303, value=9, duration=0.12791919999983747>
2149.2648 	DATA 	Keypress: 9
2149.2771 	EXP 	Device response: <KeyPress from None: t=2149.2613589, value=9, duration=None>
2149.3613 	EXP 	Device response: <KeyPress from None: t=2149.2613589, value=9, duration=0.09002620000012485>
2149.4771 	DATA 	Keypress: 9
2149.4787 	EXP 	Device response: <KeyPress from None: t=2149.4707601, value=9, duration=None>
2149.5937 	EXP 	Device response: <KeyPress from None: t=2149.4707601, value=9, duration=0.10996459999989838>
2150.4279 	DATA 	Mouse: Left button down, pos=(936,217)
2150.4289 	EXP 	New trial (rep=24, index=15): <Trial 399 (15 in rep 24) data={'delay': 0.1, 'freq': 1000, 'condition': 'exp', 'thisN': 399, 'thisTrialN': 15, 'thisRepN': 24}>
2150.4437 	EXP 	text: autoDraw = False
2150.4437 	EXP 	textbox: autoDraw = False
2150.4437 	EXP 	polygon: autoDraw = True
2150.7115 	DATA 	Mouse:  Left button up, pos=(936,217)
2150.7778 	DATA 	Mouse: Left button down, pos=(936,217)
2150.9611 	DATA 	Mouse:  Left button up, pos=(936,217)
2151.0283 	DATA 	Mouse: Left button down, pos=(936,217)
2151.3284 	DATA 	Mouse:  Left button up, pos=(936,217)
2151.3946 	DATA 	Mouse: Left button down, pos=(936,217)
2151.4436 	INFO 	Keyboard events cleared
2151.4434 	EXP 	polygon: autoDraw = False
2151.4434 	EXP 	polygon_2: autoDraw = True
2151.6107 	DATA 	Mouse:  Left button up, pos=(936,217)
2151.6615 	DATA 	Mouse: Left button down, pos=(936,217)
2151.8283 	DATA 	Mouse:  Left button up, pos=(936,217)
2152.2105 	DATA 	Mouse: Left button down, pos=(936,217)
2155.2271 	EXP 	Device response: <KeyPress from None: t=2155.2175623999997, value=space, duration=None>
2155.2291 	DATA 	Keypress: space
2155.2431 	EXP 	polygon: autoDraw = False
2155.2431 	EXP 	polygon_2: autoDraw = False
2155.3107 	EXP 	Sound sound_1 reached end of file
2155.3269 	EXP 	Playing sound sound_1 on speaker Speakers (Realtek(R) Audio)
2155.3938 	EXP 	Device response: <KeyPress from None: t=2141.4109763, value=space, duration=13.976506899999663>
2155.4276 	DATA 	Mouse:  Left button up, pos=(946,227)
2155.6299 	EXP 	Sound sound_1 stopped
2155.6481 	EXP 	text: autoDraw = True
2155.6481 	EXP 	textbox: autoDraw = True
2156.4741 	DATA 	Keypress: 0
2156.4855 	EXP 	Device response: <KeyPress from None: t=2156.4731220999997, value=0, duration=None>
2156.6111 	EXP 	Device response: <KeyPress from None: t=2156.4731220999997, value=0, duration=0.13510380000036548>
2156.7105 	DATA 	Keypress: 0
2156.7119 	EXP 	Device response: <KeyPress from None: t=2156.7076930999997, value=0, duration=None>
2156.8125 	EXP 	Device response: <KeyPress from None: t=2156.7076930999997, value=0, duration=0.09564260000036029>
2156.8988 	DATA 	Keypress: 0
2156.9105 	EXP 	Device response: <KeyPress from None: t=2156.8961424999998, value=0, duration=None>
2157.0105 	EXP 	Device response: <KeyPress from None: t=2156.8961424999998, value=0, duration=0.10580310000034387>
2157.1988 	DATA 	Keypress: backspace
2157.2108 	EXP 	Device response: <KeyPress from None: t=2157.1953131, value=backspace, duration=None>
2157.8604 	EXP 	Device response: <KeyPress from None: t=2157.1953131, value=backspace, duration=0.6492598000000953>
2157.8939 	DATA 	Keypress: 9
2157.8951 	EXP 	Device response: <KeyPress from None: t=2157.8888941, value=9, duration=None>
2158.0270 	EXP 	Device response: <KeyPress from None: t=2157.8888941, value=9, duration=0.12220810000019355>
2158.1112 	DATA 	Keypress: 9
2158.1124 	EXP 	Device response: <KeyPress from None: t=2158.1084102, value=9, duration=None>
2158.2437 	EXP 	Device response: <KeyPress from None: t=2158.1084102, value=9, duration=0.12222089999988839>
2158.3276 	DATA 	Keypress: 9
2158.3289 	EXP 	Device response: <KeyPress from None: t=2158.3210395, value=9, duration=None>
2158.4275 	EXP 	Device response: <KeyPress from None: t=2158.3210395, value=9, duration=0.09141809999994166>
2159.1842 	DATA 	Mouse: Left button down, pos=(954,240)
2159.2104 	EXP 	text: autoDraw = False
2159.2104 	EXP 	textbox: autoDraw = False
2159.2106 	EXP 	intentional binding: status = STOPPED
2159.5460 	INFO 	saved data to 'C:\\Users\\DELL\\Desktop\\psychopie_final\\intentional binding\\data\\192227_intentional binding_2025-11-04_22h01.40.694.csv'
2159.5596 	INFO 	saved data to C:\Users\DELL\Desktop\psychopie_final\intentional binding\data\192227_intentional binding_2025-11-04_22h01.40.694.psydat
2159.5605 	DATA 	Mouse:  Left button up, pos=(954,240)
2159.5608 	DATA 	Mouse: Left button down, pos=(954,240)
2160.8949 	WARNING 	Stopping key buffers but this could be dangerous ifother keyboards rely on the same.
2160.9276 	WARNING 	Stopping key buffers but this could be dangerous ifother keyboards rely on the same.
