13.4811 	INFO 	Loaded monitor calibration from ['2025_08_11 19:48']
13.5129 	WARNING 	User requested fullscreen with size [1024  768], but screen is actually [1920, 1080]. Using actual size
14.0146 	INFO 	Using renderer 'AMD Radeon(TM) Graphics' for graphics
14.0147 	INFO 	OpenGL version supported by driver is 4..
14.0911 	EXP 	Created window1 = Window(allowGUI=False, allowStencil=False, autoLog=True, backendConf=UNKNOWN, backgroundFit=<method-wrapper '__getattribute__' of attributeSetter object at 0x000002010960FB50>, backgroundImage=<method-wrapper '__getattribute__' of attributeSetter object at 0x000002010960FAF0>, bitsMode=UNKNOWN, blendMode='avg', bpc=(8, 8, 8), color=array([0, 0, 0]), colorSpace='rgb', depthBits=8, fullscr=True, gamma=None, gammaErrorPolicy='raise', infoMsg=UNKNOWN, lms=UNKNOWN, monitor=<psychopy.monitors.calibTools.Monitor object at 0x00000201096DD3F0>, multiSample=False, name='window1', numSamples=2, pos=[np.float64(0.0), np.float64(0.0)], screen=0, size=array([1920, 1080]), stencilBits=0, stereo=False, title='PsychoPy', units='height', useFBO=True, useRetina=False, viewOri=0.0, viewPos=None, viewScale=None, waitBlanking=True, winType='pyglet')
14.0912 	EXP 	window1: backgroundImage = ''
14.0913 	EXP 	window1: backgroundFit = 'none'
14.9805 	EXP 	window1: Attempting to measure frame rate of screen (0) ...
14.9806 	EXP 	window1: recordFrameIntervals = False
15.2690 	EXP 	window1: recordFrameIntervals = True
15.4532 	EXP 	Screen (0) actual frame rate measured at 59.99Hz
15.4533 	EXP 	window1: recordFrameIntervals = False
15.5984 	INFO 	keyboard.Keyboard is using ptb backend.
15.5987 	INFO 	keyboard.Keyboard is using ptb backend.
15.5987 	EXP 	untitled: status = STARTED
15.6051 	EXP 	Created fixation = ShapeStim(__class__=<class 'psychopy.visual.shape.ShapeStim'>, anchor=('center', 'center'), autoDraw=False, autoLog=True, closeShape=True, color=method-wrapper(...), colorSpace='rgb', contrast=None, depth=0.0, draggable=False, fillColor=array([1, 1, 1]), fillColorSpace='rgb', fillRGB=array([1, 1, 1]), interpolate=True, lineColor=array([1., 1., 1.]), lineColorSpace='rgb', lineRGB=array([1, 1, 1]), lineWidth=1.0, name='fixation', opacity=1, ori=0.0, pos=array([0., 0.]), size=array([10., 10.]), units='pix', vertices=ndarray(...), win=Window(...), windingRule=None)
15.6076 	EXP 	Created line1 = Rect(__class__=<class 'psychopy.visual.rect.Rect'>, anchor=('center', 'center'), autoDraw=False, autoLog=True, closeShape=True, color=method-wrapper(...), colorSpace='rgb', contrast=None, depth=-1.0, draggable=False, fillColor=array([1, 1, 1]), fillColorSpace='rgb', fillRGB=array([1, 1, 1]), interpolate=True, lineColor=array([1., 1., 1.]), lineColorSpace='rgb', lineRGB=array([1, 1, 1]), lineWidth=1.0, name='line1', opacity=1, ori=90.0, pos=array([-150.,    0.]), size=array([100.,  10.]), units='pix', vertices=ndarray(...), win=Window(...))
15.6099 	EXP 	Created line_2 = Rect(__class__=<class 'psychopy.visual.rect.Rect'>, anchor=('center', 'center'), autoDraw=False, autoLog=True, closeShape=True, color=method-wrapper(...), colorSpace='rgb', contrast=None, depth=-2.0, draggable=False, fillColor=array([1, 1, 1]), fillColorSpace='rgb', fillRGB=array([1, 1, 1]), interpolate=True, lineColor=array([1., 1., 1.]), lineColorSpace='rgb', lineRGB=array([1, 1, 1]), lineWidth=1.0, name='line_2', opacity=1, ori=90.0, pos=array([-50.,   0.]), size=array([100.,  10.]), units='pix', vertices=ndarray(...), win=Window(...))
15.6122 	EXP 	Created line_3 = Rect(__class__=<class 'psychopy.visual.rect.Rect'>, anchor=('center', 'center'), autoDraw=False, autoLog=True, closeShape=True, color=method-wrapper(...), colorSpace='rgb', contrast=None, depth=-3.0, draggable=False, fillColor=array([1, 1, 1]), fillColorSpace='rgb', fillRGB=array([1, 1, 1]), interpolate=True, lineColor=array([1., 1., 1.]), lineColorSpace='rgb', lineRGB=array([1, 1, 1]), lineWidth=1.0, name='line_3', opacity=1, ori=90.0, pos=array([50.,  0.]), size=array([100.,  10.]), units='pix', vertices=ndarray(...), win=Window(...))
15.6150 	EXP 	Created line4 = Rect(__class__=<class 'psychopy.visual.rect.Rect'>, anchor=('center', 'center'), autoDraw=False, autoLog=True, closeShape=True, color=method-wrapper(...), colorSpace='rgb', contrast=None, depth=-4.0, draggable=False, fillColor=array([1, 1, 1]), fillColorSpace='rgb', fillRGB=array([1, 1, 1]), interpolate=True, lineColor=array([1., 1., 1.]), lineColorSpace='rgb', lineRGB=array([1, 1, 1]), lineWidth=1.0, name='line4', opacity=1, ori=90.0, pos=array([150.,   0.]), size=array([100.,  10.]), units='pix', vertices=ndarray(...), win=Window(...))
15.6179 	EXP 	Created probe = ShapeStim(__class__=<class 'psychopy.visual.shape.ShapeStim'>, anchor=('center', 'center'), autoDraw=False, autoLog=True, closeShape=True, color=method-wrapper(...), colorSpace='rgb', contrast=None, depth=-5.0, draggable=False, fillColor=array([1, 1, 1]), fillColorSpace='rgb', fillRGB=array([1, 1, 1]), interpolate=True, lineColor=array([1., 1., 1.]), lineColorSpace='rgb', lineRGB=array([1, 1, 1]), lineWidth=1.0, name='probe', opacity=1, ori=0.0, pos=array([0., 0.]), size=array([10., 10.]), units='pix', vertices=ndarray(...), win=Window(...), windingRule=None)
15.6211 	EXP 	Created fixation = ShapeStim(__class__=<class 'psychopy.visual.shape.ShapeStim'>, anchor=('center', 'center'), autoDraw=False, autoLog=True, closeShape=True, color=method-wrapper(...), colorSpace='rgb', contrast=None, depth=0.0, draggable=False, fillColor=array([1, 1, 1]), fillColorSpace='rgb', fillRGB=array([1, 1, 1]), interpolate=True, lineColor=array([1., 1., 1.]), lineColorSpace='rgb', lineRGB=array([1, 1, 1]), lineWidth=1.0, name='fixation', opacity=1, ori=0.0, pos=array([0., 0.]), size=array([10., 10.]), units='pix', vertices=ndarray(...), win=Window(...), windingRule=None)
15.6235 	EXP 	Created line1 = Rect(__class__=<class 'psychopy.visual.rect.Rect'>, anchor=('center', 'center'), autoDraw=False, autoLog=True, closeShape=True, color=method-wrapper(...), colorSpace='rgb', contrast=None, depth=-1.0, draggable=False, fillColor=array([1, 1, 1]), fillColorSpace='rgb', fillRGB=array([1, 1, 1]), interpolate=True, lineColor=array([1., 1., 1.]), lineColorSpace='rgb', lineRGB=array([1, 1, 1]), lineWidth=1.0, name='line1', opacity=1, ori=90.0, pos=array([-150.,    0.]), size=array([100.,  10.]), units='pix', vertices=ndarray(...), win=Window(...))
15.6259 	EXP 	Created line_2 = Rect(__class__=<class 'psychopy.visual.rect.Rect'>, anchor=('center', 'center'), autoDraw=False, autoLog=True, closeShape=True, color=method-wrapper(...), colorSpace='rgb', contrast=None, depth=-2.0, draggable=False, fillColor=array([1, 1, 1]), fillColorSpace='rgb', fillRGB=array([1, 1, 1]), interpolate=True, lineColor=array([1., 1., 1.]), lineColorSpace='rgb', lineRGB=array([1, 1, 1]), lineWidth=1.0, name='line_2', opacity=1, ori=90.0, pos=array([-50.,   0.]), size=array([100.,  10.]), units='pix', vertices=ndarray(...), win=Window(...))
15.6282 	EXP 	Created line_3 = Rect(__class__=<class 'psychopy.visual.rect.Rect'>, anchor=('center', 'center'), autoDraw=False, autoLog=True, closeShape=True, color=method-wrapper(...), colorSpace='rgb', contrast=None, depth=-3.0, draggable=False, fillColor=array([1, 1, 1]), fillColorSpace='rgb', fillRGB=array([1, 1, 1]), interpolate=True, lineColor=array([1., 1., 1.]), lineColorSpace='rgb', lineRGB=array([1, 1, 1]), lineWidth=1.0, name='line_3', opacity=1, ori=90.0, pos=array([50.,  0.]), size=array([100.,  10.]), units='pix', vertices=ndarray(...), win=Window(...))
15.6308 	EXP 	Created line4 = Rect(__class__=<class 'psychopy.visual.rect.Rect'>, anchor=('center', 'center'), autoDraw=False, autoLog=True, closeShape=True, color=method-wrapper(...), colorSpace='rgb', contrast=None, depth=-4.0, draggable=False, fillColor=array([1, 1, 1]), fillColorSpace='rgb', fillRGB=array([1, 1, 1]), interpolate=True, lineColor=array([1., 1., 1.]), lineColorSpace='rgb', lineRGB=array([1, 1, 1]), lineWidth=1.0, name='line4', opacity=1, ori=90.0, pos=array([150.,   0.]), size=array([100.,  10.]), units='pix', vertices=ndarray(...), win=Window(...))
15.6338 	EXP 	Created probe = ShapeStim(__class__=<class 'psychopy.visual.shape.ShapeStim'>, anchor=('center', 'center'), autoDraw=False, autoLog=True, closeShape=True, color=method-wrapper(...), colorSpace='rgb', contrast=None, depth=-5.0, draggable=False, fillColor=array([1, 1, 1]), fillColorSpace='rgb', fillRGB=array([1, 1, 1]), interpolate=True, lineColor=array([1., 1., 1.]), lineColorSpace='rgb', lineRGB=array([1, 1, 1]), lineWidth=1.0, name='probe', opacity=1, ori=0.0, pos=array([0., 0.]), size=array([10., 10.]), units='pix', vertices=ndarray(...), win=Window(...), windingRule=None)
0.0157 	EXP 	Imported conditions.csv as conditions, 4 conditions, 2 params
0.0181 	EXP 	New trial (rep=0, index=0): <Trial 0 (0 in rep 0) data={'pos': np.int64(-50), 'corr_resp': 'x', 'thisN': 0, 'thisTrialN': 0, 'thisRepN': 0}>
0.0274 	EXP 	fixation: autoDraw = True
1.0017 	EXP 	line1: autoDraw = True
1.0017 	EXP 	line_2: autoDraw = True
1.0017 	EXP 	line_3: autoDraw = True
1.0017 	EXP 	line4: autoDraw = True
1.0355 	EXP 	fixation: autoDraw = False
2.0023 	INFO 	Keyboard events cleared
2.0021 	EXP 	probe: autoDraw = True
2.6449 	EXP 	Device response: <KeyPress from None: t=2.563709000000017, value=x, duration=None>
2.6454 	EXP 	New trial (rep=0, index=1): <Trial 1 (1 in rep 0) data={'pos': np.int64(150), 'corr_resp': 'v', 'thisN': 1, 'thisTrialN': 1, 'thisRepN': 0}>
2.6470 	DATA 	Keypress: x
2.6547 	EXP 	fixation: autoDraw = False
2.6547 	EXP 	line1: autoDraw = False
2.6547 	EXP 	line_2: autoDraw = False
2.6547 	EXP 	line_3: autoDraw = False
2.6547 	EXP 	line4: autoDraw = False
2.6547 	EXP 	probe: autoDraw = False
2.6547 	EXP 	fixation: autoDraw = True
2.7375 	EXP 	Device response: <KeyPress from None: t=2.563709000000017, value=x, duration=0.16860900000028778>
3.6538 	EXP 	fixation: autoDraw = False
3.6538 	EXP 	line1: autoDraw = True
3.6538 	EXP 	line_2: autoDraw = True
3.6538 	EXP 	line_3: autoDraw = True
3.6538 	EXP 	line4: autoDraw = True
4.6539 	INFO 	Keyboard events cleared
4.6537 	EXP 	probe: autoDraw = True
5.0383 	EXP 	Device response: <KeyPress from None: t=5.023919400000068, value=v, duration=None>
5.0388 	EXP 	New trial (rep=0, index=2): <Trial 2 (2 in rep 0) data={'pos': np.int64(50), 'corr_resp': 'c', 'thisN': 2, 'thisTrialN': 2, 'thisRepN': 0}>
5.0401 	DATA 	Keypress: v
5.0539 	EXP 	fixation: autoDraw = False
5.0539 	EXP 	line1: autoDraw = False
5.0539 	EXP 	line_2: autoDraw = False
5.0539 	EXP 	line_3: autoDraw = False
5.0539 	EXP 	line4: autoDraw = False
5.0539 	EXP 	probe: autoDraw = False
5.0539 	EXP 	fixation: autoDraw = True
5.2205 	EXP 	Device response: <KeyPress from None: t=5.023919400000068, value=v, duration=0.18349040000020977>
6.0537 	EXP 	fixation: autoDraw = False
6.0537 	EXP 	line1: autoDraw = True
6.0537 	EXP 	line_2: autoDraw = True
6.0537 	EXP 	line_3: autoDraw = True
6.0537 	EXP 	line4: autoDraw = True
7.0538 	INFO 	Keyboard events cleared
7.0536 	EXP 	probe: autoDraw = True
9.3542 	EXP 	Device response: <KeyPress from None: t=9.345194900000024, value=c, duration=None>
9.3547 	EXP 	New trial (rep=0, index=3): <Trial 3 (3 in rep 0) data={'pos': np.int64(-150), 'corr_resp': 'z', 'thisN': 3, 'thisTrialN': 3, 'thisRepN': 0}>
9.3562 	DATA 	Keypress: c
9.3702 	EXP 	fixation: autoDraw = False
9.3702 	EXP 	line1: autoDraw = False
9.3702 	EXP 	line_2: autoDraw = False
9.3702 	EXP 	line_3: autoDraw = False
9.3702 	EXP 	line4: autoDraw = False
9.3702 	EXP 	probe: autoDraw = False
9.3702 	EXP 	fixation: autoDraw = True
9.5041 	EXP 	Device response: <KeyPress from None: t=9.345194900000024, value=c, duration=0.1455815000003895>
10.3541 	EXP 	line1: autoDraw = True
10.3541 	EXP 	line_2: autoDraw = True
10.3541 	EXP 	line_3: autoDraw = True
10.3541 	EXP 	line4: autoDraw = True
10.3699 	EXP 	fixation: autoDraw = False
11.3536 	INFO 	Keyboard events cleared
11.3534 	EXP 	probe: autoDraw = True
11.6376 	EXP 	Device response: <KeyPress from None: t=11.631071200000406, value=z, duration=None>
11.6380 	EXP 	New trial (rep=1, index=0): <Trial 4 (0 in rep 1) data={'pos': np.int64(-50), 'corr_resp': 'x', 'thisN': 4, 'thisTrialN': 0, 'thisRepN': 1}>
11.6394 	DATA 	Keypress: z
11.6534 	EXP 	fixation: autoDraw = False
11.6534 	EXP 	line1: autoDraw = False
11.6534 	EXP 	line_2: autoDraw = False
11.6534 	EXP 	line_3: autoDraw = False
11.6534 	EXP 	line4: autoDraw = False
11.6534 	EXP 	probe: autoDraw = False
11.6534 	EXP 	fixation: autoDraw = True
11.8212 	EXP 	Device response: <KeyPress from None: t=11.631071200000406, value=z, duration=0.1890291999998226>
12.6370 	EXP 	line1: autoDraw = True
12.6370 	EXP 	line_2: autoDraw = True
12.6370 	EXP 	line_3: autoDraw = True
12.6370 	EXP 	line4: autoDraw = True
12.6538 	EXP 	fixation: autoDraw = False
13.6539 	INFO 	Keyboard events cleared
13.6537 	EXP 	probe: autoDraw = True
14.5875 	EXP 	Device response: <KeyPress from None: t=14.582775900000343, value=x, duration=None>
14.5880 	EXP 	New trial (rep=1, index=1): <Trial 5 (1 in rep 1) data={'pos': np.int64(150), 'corr_resp': 'v', 'thisN': 5, 'thisTrialN': 1, 'thisRepN': 1}>
14.5895 	DATA 	Keypress: x
14.6043 	EXP 	fixation: autoDraw = False
14.6043 	EXP 	line1: autoDraw = False
14.6043 	EXP 	line_2: autoDraw = False
14.6043 	EXP 	line_3: autoDraw = False
14.6043 	EXP 	line4: autoDraw = False
14.6043 	EXP 	probe: autoDraw = False
14.6043 	EXP 	fixation: autoDraw = True
14.7378 	EXP 	Device response: <KeyPress from None: t=14.582775900000343, value=x, duration=0.149645099999816>
15.5870 	EXP 	line1: autoDraw = True
15.5870 	EXP 	line_2: autoDraw = True
15.5870 	EXP 	line_3: autoDraw = True
15.5870 	EXP 	line4: autoDraw = True
15.6043 	EXP 	fixation: autoDraw = False
16.5871 	INFO 	Keyboard events cleared
16.5869 	EXP 	probe: autoDraw = True
17.6709 	EXP 	Device response: <KeyPress from None: t=17.668322100000296, value=v, duration=None>
17.6713 	EXP 	New trial (rep=1, index=2): <Trial 6 (2 in rep 1) data={'pos': np.int64(50), 'corr_resp': 'c', 'thisN': 6, 'thisTrialN': 2, 'thisRepN': 1}>
17.6728 	DATA 	Keypress: v
17.6871 	EXP 	fixation: autoDraw = False
17.6871 	EXP 	line1: autoDraw = False
17.6871 	EXP 	line_2: autoDraw = False
17.6871 	EXP 	line_3: autoDraw = False
17.6871 	EXP 	line4: autoDraw = False
17.6871 	EXP 	probe: autoDraw = False
17.6871 	EXP 	fixation: autoDraw = True
17.8209 	EXP 	Device response: <KeyPress from None: t=17.668322100000296, value=v, duration=0.13876170000003185>
18.6704 	EXP 	line1: autoDraw = True
18.6704 	EXP 	line_2: autoDraw = True
18.6704 	EXP 	line_3: autoDraw = True
18.6704 	EXP 	line4: autoDraw = True
18.6870 	EXP 	fixation: autoDraw = False
19.6709 	INFO 	Keyboard events cleared
19.6707 	EXP 	probe: autoDraw = True
21.2541 	EXP 	Device response: <KeyPress from None: t=21.23962610000035, value=c, duration=None>
21.2545 	EXP 	New trial (rep=1, index=3): <Trial 7 (3 in rep 1) data={'pos': np.int64(-150), 'corr_resp': 'z', 'thisN': 7, 'thisTrialN': 3, 'thisRepN': 1}>
21.2559 	DATA 	Keypress: c
21.2705 	EXP 	fixation: autoDraw = False
21.2705 	EXP 	line1: autoDraw = False
21.2705 	EXP 	line_2: autoDraw = False
21.2705 	EXP 	line_3: autoDraw = False
21.2705 	EXP 	line4: autoDraw = False
21.2705 	EXP 	probe: autoDraw = False
21.2705 	EXP 	fixation: autoDraw = True
21.4539 	EXP 	Device response: <KeyPress from None: t=21.23962610000035, value=c, duration=0.20461199999999735>
22.2539 	EXP 	line1: autoDraw = True
22.2539 	EXP 	line_2: autoDraw = True
22.2539 	EXP 	line_3: autoDraw = True
22.2539 	EXP 	line4: autoDraw = True
22.2701 	EXP 	fixation: autoDraw = False
23.2544 	INFO 	Keyboard events cleared
23.2542 	EXP 	probe: autoDraw = True
23.6712 	EXP 	Device response: <KeyPress from None: t=23.665480600000137, value=z, duration=None>
23.6716 	EXP 	New trial (rep=2, index=0): <Trial 8 (0 in rep 2) data={'pos': np.int64(-50), 'corr_resp': 'x', 'thisN': 8, 'thisTrialN': 0, 'thisRepN': 2}>
23.6729 	DATA 	Keypress: z
23.6863 	EXP 	fixation: autoDraw = False
23.6863 	EXP 	line1: autoDraw = False
23.6863 	EXP 	line_2: autoDraw = False
23.6863 	EXP 	line_3: autoDraw = False
23.6863 	EXP 	line4: autoDraw = False
23.6863 	EXP 	probe: autoDraw = False
23.6863 	EXP 	fixation: autoDraw = True
23.9879 	EXP 	Device response: <KeyPress from None: t=23.665480600000137, value=z, duration=0.31699609999986933>
24.6706 	EXP 	line1: autoDraw = True
24.6706 	EXP 	line_2: autoDraw = True
24.6706 	EXP 	line_3: autoDraw = True
24.6706 	EXP 	line4: autoDraw = True
24.6871 	EXP 	fixation: autoDraw = False
25.6873 	INFO 	Keyboard events cleared
25.6871 	EXP 	probe: autoDraw = True
26.2540 	EXP 	Device response: <KeyPress from None: t=26.251225700000305, value=x, duration=None>
26.2544 	EXP 	New trial (rep=2, index=1): <Trial 9 (1 in rep 2) data={'pos': np.int64(150), 'corr_resp': 'v', 'thisN': 9, 'thisTrialN': 1, 'thisRepN': 2}>
26.2558 	DATA 	Keypress: x
26.2706 	EXP 	fixation: autoDraw = False
26.2706 	EXP 	line1: autoDraw = False
26.2706 	EXP 	line_2: autoDraw = False
26.2706 	EXP 	line_3: autoDraw = False
26.2706 	EXP 	line4: autoDraw = False
26.2706 	EXP 	probe: autoDraw = False
26.2706 	EXP 	fixation: autoDraw = True
26.3874 	EXP 	Device response: <KeyPress from None: t=26.251225700000305, value=x, duration=0.13354079999999158>
27.2542 	EXP 	line1: autoDraw = True
27.2542 	EXP 	line_2: autoDraw = True
27.2542 	EXP 	line_3: autoDraw = True
27.2542 	EXP 	line4: autoDraw = True
27.2704 	EXP 	fixation: autoDraw = False
28.2539 	INFO 	Keyboard events cleared
28.2537 	EXP 	probe: autoDraw = True
28.8042 	EXP 	Device response: <KeyPress from None: t=28.790190200000325, value=v, duration=None>
28.8046 	EXP 	New trial (rep=2, index=2): <Trial 10 (2 in rep 2) data={'pos': np.int64(50), 'corr_resp': 'c', 'thisN': 10, 'thisTrialN': 2, 'thisRepN': 2}>
28.8061 	DATA 	Keypress: v
28.8196 	EXP 	fixation: autoDraw = False
28.8196 	EXP 	line1: autoDraw = False
28.8196 	EXP 	line_2: autoDraw = False
28.8196 	EXP 	line_3: autoDraw = False
28.8196 	EXP 	line4: autoDraw = False
28.8196 	EXP 	probe: autoDraw = False
28.8196 	EXP 	fixation: autoDraw = True
28.9878 	EXP 	Device response: <KeyPress from None: t=28.790190200000325, value=v, duration=0.19706719999976485>
29.8036 	EXP 	line1: autoDraw = True
29.8036 	EXP 	line_2: autoDraw = True
29.8036 	EXP 	line_3: autoDraw = True
29.8036 	EXP 	line4: autoDraw = True
29.8206 	EXP 	fixation: autoDraw = False
30.8039 	INFO 	Keyboard events cleared
30.8037 	EXP 	probe: autoDraw = True
31.9041 	EXP 	Device response: <KeyPress from None: t=31.89859850000039, value=c, duration=None>
31.9046 	EXP 	New trial (rep=2, index=3): <Trial 11 (3 in rep 2) data={'pos': np.int64(-150), 'corr_resp': 'z', 'thisN': 11, 'thisTrialN': 3, 'thisRepN': 2}>
31.9059 	DATA 	Keypress: c
31.9207 	EXP 	fixation: autoDraw = False
31.9207 	EXP 	line1: autoDraw = False
31.9207 	EXP 	line_2: autoDraw = False
31.9207 	EXP 	line_3: autoDraw = False
31.9207 	EXP 	line4: autoDraw = False
31.9207 	EXP 	probe: autoDraw = False
31.9207 	EXP 	fixation: autoDraw = True
32.0052 	EXP 	Device response: <KeyPress from None: t=31.89859850000039, value=c, duration=0.10466949999999997>
32.9037 	EXP 	line1: autoDraw = True
32.9037 	EXP 	line_2: autoDraw = True
32.9037 	EXP 	line_3: autoDraw = True
32.9037 	EXP 	line4: autoDraw = True
32.9206 	EXP 	fixation: autoDraw = False
33.9039 	INFO 	Keyboard events cleared
33.9037 	EXP 	probe: autoDraw = True
34.2373 	EXP 	Device response: <KeyPress from None: t=34.22998590000043, value=z, duration=None>
34.2377 	EXP 	New trial (rep=3, index=0): <Trial 12 (0 in rep 3) data={'pos': np.int64(-50), 'corr_resp': 'x', 'thisN': 12, 'thisTrialN': 0, 'thisRepN': 3}>
34.2392 	DATA 	Keypress: z
34.2536 	EXP 	fixation: autoDraw = False
34.2536 	EXP 	line1: autoDraw = False
34.2536 	EXP 	line_2: autoDraw = False
34.2536 	EXP 	line_3: autoDraw = False
34.2536 	EXP 	line4: autoDraw = False
34.2536 	EXP 	probe: autoDraw = False
34.2536 	EXP 	fixation: autoDraw = True
34.4543 	EXP 	Device response: <KeyPress from None: t=34.22998590000043, value=z, duration=0.2107263999996576>
35.2371 	EXP 	line1: autoDraw = True
35.2371 	EXP 	line_2: autoDraw = True
35.2371 	EXP 	line_3: autoDraw = True
35.2371 	EXP 	line4: autoDraw = True
35.2539 	EXP 	fixation: autoDraw = False
36.2372 	INFO 	Keyboard events cleared
36.2370 	EXP 	probe: autoDraw = True
36.9874 	EXP 	Device response: <KeyPress from None: t=36.97996630000034, value=x, duration=None>
36.9878 	EXP 	New trial (rep=3, index=1): <Trial 13 (1 in rep 3) data={'pos': np.int64(150), 'corr_resp': 'v', 'thisN': 13, 'thisTrialN': 1, 'thisRepN': 3}>
36.9890 	DATA 	Keypress: x
37.0038 	EXP 	fixation: autoDraw = False
37.0038 	EXP 	line1: autoDraw = False
37.0038 	EXP 	line_2: autoDraw = False
37.0038 	EXP 	line_3: autoDraw = False
37.0038 	EXP 	line4: autoDraw = False
37.0038 	EXP 	probe: autoDraw = False
37.0038 	EXP 	fixation: autoDraw = True
37.1373 	EXP 	Device response: <KeyPress from None: t=36.97996630000034, value=x, duration=0.14980209999976069>
37.9874 	EXP 	line1: autoDraw = True
37.9874 	EXP 	line_2: autoDraw = True
37.9874 	EXP 	line_3: autoDraw = True
37.9874 	EXP 	line4: autoDraw = True
38.0037 	EXP 	fixation: autoDraw = False
39.0039 	INFO 	Keyboard events cleared
39.0038 	EXP 	probe: autoDraw = True
39.7546 	EXP 	Device response: <KeyPress from None: t=39.75408890000017, value=v, duration=None>
39.7551 	EXP 	New trial (rep=3, index=2): <Trial 14 (2 in rep 3) data={'pos': np.int64(50), 'corr_resp': 'c', 'thisN': 14, 'thisTrialN': 2, 'thisRepN': 3}>
39.7564 	DATA 	Keypress: v
39.7712 	EXP 	fixation: autoDraw = False
39.7712 	EXP 	line1: autoDraw = False
39.7712 	EXP 	line_2: autoDraw = False
39.7712 	EXP 	line_3: autoDraw = False
39.7712 	EXP 	line4: autoDraw = False
39.7712 	EXP 	probe: autoDraw = False
39.7712 	EXP 	fixation: autoDraw = True
39.9545 	EXP 	Device response: <KeyPress from None: t=39.75408890000017, value=v, duration=0.19808409999996002>
40.7706 	EXP 	fixation: autoDraw = False
40.7706 	EXP 	line1: autoDraw = True
40.7706 	EXP 	line_2: autoDraw = True
40.7706 	EXP 	line_3: autoDraw = True
40.7706 	EXP 	line4: autoDraw = True
41.7706 	INFO 	Keyboard events cleared
41.7704 	EXP 	probe: autoDraw = True
42.3710 	EXP 	Device response: <KeyPress from None: t=42.357264000000214, value=c, duration=None>
42.3714 	EXP 	New trial (rep=3, index=3): <Trial 15 (3 in rep 3) data={'pos': np.int64(-150), 'corr_resp': 'z', 'thisN': 15, 'thisTrialN': 3, 'thisRepN': 3}>
42.3727 	DATA 	Keypress: c
42.3868 	EXP 	fixation: autoDraw = False
42.3868 	EXP 	line1: autoDraw = False
42.3868 	EXP 	line_2: autoDraw = False
42.3868 	EXP 	line_3: autoDraw = False
42.3868 	EXP 	line4: autoDraw = False
42.3868 	EXP 	probe: autoDraw = False
42.3868 	EXP 	fixation: autoDraw = True
42.6211 	EXP 	Device response: <KeyPress from None: t=42.357264000000214, value=c, duration=0.25899170000002414>
43.3705 	EXP 	line1: autoDraw = True
43.3705 	EXP 	line_2: autoDraw = True
43.3705 	EXP 	line_3: autoDraw = True
43.3705 	EXP 	line4: autoDraw = True
43.3879 	EXP 	fixation: autoDraw = False
44.3706 	INFO 	Keyboard events cleared
44.3704 	EXP 	probe: autoDraw = True
44.6730 	DATA 	Keypress: z
44.6874 	EXP 	Device response: <KeyPress from None: t=44.671673100000135, value=z, duration=None>
44.6877 	EXP 	New trial (rep=4, index=0): <Trial 16 (0 in rep 4) data={'pos': np.int64(-50), 'corr_resp': 'x', 'thisN': 16, 'thisTrialN': 0, 'thisRepN': 4}>
44.7035 	EXP 	fixation: autoDraw = False
44.7035 	EXP 	line1: autoDraw = False
44.7035 	EXP 	line_2: autoDraw = False
44.7035 	EXP 	line_3: autoDraw = False
44.7035 	EXP 	line4: autoDraw = False
44.7035 	EXP 	probe: autoDraw = False
44.7035 	EXP 	fixation: autoDraw = True
44.9043 	EXP 	Device response: <KeyPress from None: t=44.671673100000135, value=z, duration=0.22972630000003846>
45.6876 	EXP 	line1: autoDraw = True
45.6876 	EXP 	line_2: autoDraw = True
45.6876 	EXP 	line_3: autoDraw = True
45.6876 	EXP 	line4: autoDraw = True
45.7036 	EXP 	fixation: autoDraw = False
46.6881 	INFO 	Keyboard events cleared
46.6879 	EXP 	probe: autoDraw = True
47.1045 	EXP 	Device response: <KeyPress from None: t=47.10376790000009, value=x, duration=None>
47.1049 	EXP 	New trial (rep=4, index=1): <Trial 17 (1 in rep 4) data={'pos': np.int64(150), 'corr_resp': 'v', 'thisN': 17, 'thisTrialN': 1, 'thisRepN': 4}>
47.1062 	DATA 	Keypress: x
47.1202 	EXP 	fixation: autoDraw = False
47.1202 	EXP 	line1: autoDraw = False
47.1202 	EXP 	line_2: autoDraw = False
47.1202 	EXP 	line_3: autoDraw = False
47.1202 	EXP 	line4: autoDraw = False
47.1202 	EXP 	probe: autoDraw = False
47.1202 	EXP 	fixation: autoDraw = True
47.2546 	EXP 	Device response: <KeyPress from None: t=47.10376790000009, value=x, duration=0.14795450000019628>
48.1205 	EXP 	fixation: autoDraw = False
48.1205 	EXP 	line1: autoDraw = True
48.1205 	EXP 	line_2: autoDraw = True
48.1205 	EXP 	line_3: autoDraw = True
48.1205 	EXP 	line4: autoDraw = True
49.1042 	INFO 	Keyboard events cleared
49.1040 	EXP 	probe: autoDraw = True
49.4874 	EXP 	Device response: <KeyPress from None: t=49.48355430000038, value=v, duration=None>
49.4878 	EXP 	New trial (rep=4, index=2): <Trial 18 (2 in rep 4) data={'pos': np.int64(50), 'corr_resp': 'c', 'thisN': 18, 'thisTrialN': 2, 'thisRepN': 4}>
49.4892 	DATA 	Keypress: v
49.5034 	EXP 	fixation: autoDraw = False
49.5034 	EXP 	line1: autoDraw = False
49.5034 	EXP 	line_2: autoDraw = False
49.5034 	EXP 	line_3: autoDraw = False
49.5034 	EXP 	line4: autoDraw = False
49.5034 	EXP 	probe: autoDraw = False
49.5034 	EXP 	fixation: autoDraw = True
49.6709 	EXP 	Device response: <KeyPress from None: t=49.48355430000038, value=v, duration=0.18131229999971765>
50.4871 	EXP 	line1: autoDraw = True
50.4871 	EXP 	line_2: autoDraw = True
50.4871 	EXP 	line_3: autoDraw = True
50.4871 	EXP 	line4: autoDraw = True
50.5038 	EXP 	fixation: autoDraw = False
51.4873 	INFO 	Keyboard events cleared
51.4871 	EXP 	probe: autoDraw = True
52.0213 	EXP 	Device response: <KeyPress from None: t=52.01650070000005, value=c, duration=None>
52.0218 	EXP 	New trial (rep=4, index=3): <Trial 19 (3 in rep 4) data={'pos': np.int64(-150), 'corr_resp': 'z', 'thisN': 19, 'thisTrialN': 3, 'thisRepN': 4}>
52.0233 	DATA 	Keypress: c
52.0375 	EXP 	fixation: autoDraw = False
52.0375 	EXP 	line1: autoDraw = False
52.0375 	EXP 	line_2: autoDraw = False
52.0375 	EXP 	line_3: autoDraw = False
52.0375 	EXP 	line4: autoDraw = False
52.0375 	EXP 	probe: autoDraw = False
52.0375 	EXP 	fixation: autoDraw = True
52.2550 	EXP 	Device response: <KeyPress from None: t=52.01650070000005, value=c, duration=0.22714640000003783>
53.0371 	EXP 	fixation: autoDraw = False
53.0371 	EXP 	line1: autoDraw = True
53.0371 	EXP 	line_2: autoDraw = True
53.0371 	EXP 	line_3: autoDraw = True
53.0371 	EXP 	line4: autoDraw = True
54.0372 	INFO 	Keyboard events cleared
54.0371 	EXP 	probe: autoDraw = True
54.3387 	EXP 	Device response: <KeyPress from None: t=54.33566470000005, value=z, duration=None>
54.3391 	EXP 	New trial (rep=5, index=0): <Trial 20 (0 in rep 5) data={'pos': np.int64(-50), 'corr_resp': 'x', 'thisN': 20, 'thisTrialN': 0, 'thisRepN': 5}>
54.3404 	DATA 	Keypress: z
54.3536 	EXP 	fixation: autoDraw = False
54.3536 	EXP 	line1: autoDraw = False
54.3536 	EXP 	line_2: autoDraw = False
54.3536 	EXP 	line_3: autoDraw = False
54.3536 	EXP 	line4: autoDraw = False
54.3536 	EXP 	probe: autoDraw = False
54.3536 	EXP 	fixation: autoDraw = True
54.5385 	EXP 	Device response: <KeyPress from None: t=54.33566470000005, value=z, duration=0.18719080000028043>
55.3539 	EXP 	fixation: autoDraw = False
55.3539 	EXP 	line1: autoDraw = True
55.3539 	EXP 	line_2: autoDraw = True
55.3539 	EXP 	line_3: autoDraw = True
55.3539 	EXP 	line4: autoDraw = True
56.3541 	INFO 	Keyboard events cleared
56.3539 	EXP 	probe: autoDraw = True
57.7728 	DATA 	Keypress: x
57.7870 	EXP 	Device response: <KeyPress from None: t=57.77129650000006, value=x, duration=None>
57.7874 	EXP 	New trial (rep=5, index=1): <Trial 21 (1 in rep 5) data={'pos': np.int64(150), 'corr_resp': 'v', 'thisN': 21, 'thisTrialN': 1, 'thisRepN': 5}>
57.8031 	EXP 	fixation: autoDraw = False
57.8031 	EXP 	line1: autoDraw = False
57.8031 	EXP 	line_2: autoDraw = False
57.8031 	EXP 	line_3: autoDraw = False
57.8031 	EXP 	line4: autoDraw = False
57.8031 	EXP 	probe: autoDraw = False
57.8031 	EXP 	fixation: autoDraw = True
57.9209 	EXP 	Device response: <KeyPress from None: t=57.77129650000006, value=x, duration=0.13809190000029048>
58.7871 	EXP 	line1: autoDraw = True
58.7871 	EXP 	line_2: autoDraw = True
58.7871 	EXP 	line_3: autoDraw = True
58.7871 	EXP 	line4: autoDraw = True
58.8032 	EXP 	fixation: autoDraw = False
59.7873 	INFO 	Keyboard events cleared
59.7871 	EXP 	probe: autoDraw = True
61.9878 	EXP 	Device response: <KeyPress from None: t=61.9753652000004, value=v, duration=None>
61.9879 	EXP 	Device response: <KeyPress from None: t=61.98506270000007, value=c, duration=None>
61.9883 	EXP 	New trial (rep=5, index=2): <Trial 22 (2 in rep 5) data={'pos': np.int64(50), 'corr_resp': 'c', 'thisN': 22, 'thisTrialN': 2, 'thisRepN': 5}>
61.9898 	DATA 	Keypress: v
61.9902 	DATA 	Keypress: c
62.0037 	EXP 	fixation: autoDraw = False
62.0037 	EXP 	line1: autoDraw = False
62.0037 	EXP 	line_2: autoDraw = False
62.0037 	EXP 	line_3: autoDraw = False
62.0037 	EXP 	line4: autoDraw = False
62.0037 	EXP 	probe: autoDraw = False
62.0037 	EXP 	fixation: autoDraw = True
62.1208 	EXP 	Device response: <KeyPress from None: t=61.98506270000007, value=c, duration=0.12851339999997435>
62.1375 	EXP 	Device response: <KeyPress from None: t=61.9753652000004, value=v, duration=0.15939479999997275>
63.0045 	EXP 	fixation: autoDraw = False
63.0045 	EXP 	line1: autoDraw = True
63.0045 	EXP 	line_2: autoDraw = True
63.0045 	EXP 	line_3: autoDraw = True
63.0045 	EXP 	line4: autoDraw = True
64.0043 	INFO 	Keyboard events cleared
64.0041 	EXP 	probe: autoDraw = True
65.1214 	EXP 	Device response: <KeyPress from None: t=65.1074407000001, value=c, duration=None>
65.1218 	EXP 	New trial (rep=5, index=3): <Trial 23 (3 in rep 5) data={'pos': np.int64(-150), 'corr_resp': 'z', 'thisN': 23, 'thisTrialN': 3, 'thisRepN': 5}>
65.1231 	DATA 	Keypress: c
65.1367 	EXP 	fixation: autoDraw = False
65.1367 	EXP 	line1: autoDraw = False
65.1367 	EXP 	line_2: autoDraw = False
65.1367 	EXP 	line_3: autoDraw = False
65.1367 	EXP 	line4: autoDraw = False
65.1367 	EXP 	probe: autoDraw = False
65.1367 	EXP 	fixation: autoDraw = True
65.3206 	EXP 	Device response: <KeyPress from None: t=65.1074407000001, value=c, duration=0.20457949999990888>
66.1373 	EXP 	fixation: autoDraw = False
66.1373 	EXP 	line1: autoDraw = True
66.1373 	EXP 	line_2: autoDraw = True
66.1373 	EXP 	line_3: autoDraw = True
66.1373 	EXP 	line4: autoDraw = True
67.1202 	INFO 	Keyboard events cleared
67.1200 	EXP 	probe: autoDraw = True
67.5055 	DATA 	Keypress: z
67.5206 	EXP 	Device response: <KeyPress from None: t=67.50363780000043, value=z, duration=None>
67.5206 	EXP 	Device response: <KeyPress from None: t=67.51235810000026, value=x, duration=None>
67.5210 	EXP 	New trial (rep=6, index=0): <Trial 24 (0 in rep 6) data={'pos': np.int64(-50), 'corr_resp': 'x', 'thisN': 24, 'thisTrialN': 0, 'thisRepN': 6}>
67.5224 	DATA 	Keypress: x
67.5368 	EXP 	fixation: autoDraw = False
67.5368 	EXP 	line1: autoDraw = False
67.5368 	EXP 	line_2: autoDraw = False
67.5368 	EXP 	line_3: autoDraw = False
67.5368 	EXP 	line4: autoDraw = False
67.5368 	EXP 	probe: autoDraw = False
67.5368 	EXP 	fixation: autoDraw = True
67.6378 	EXP 	Device response: <KeyPress from None: t=67.51235810000026, value=x, duration=0.11966350000011516>
67.6870 	EXP 	Device response: <KeyPress from None: t=67.50363780000043, value=z, duration=0.16929629999958706>
68.5205 	EXP 	line1: autoDraw = True
68.5205 	EXP 	line_2: autoDraw = True
68.5205 	EXP 	line_3: autoDraw = True
68.5205 	EXP 	line4: autoDraw = True
68.5366 	EXP 	fixation: autoDraw = False
69.5205 	INFO 	Keyboard events cleared
69.5203 	EXP 	probe: autoDraw = True
69.9706 	EXP 	Device response: <KeyPress from None: t=69.9580148, value=x, duration=None>
69.9712 	EXP 	New trial (rep=6, index=1): <Trial 25 (1 in rep 6) data={'pos': np.int64(150), 'corr_resp': 'v', 'thisN': 25, 'thisTrialN': 1, 'thisRepN': 6}>
69.9728 	DATA 	Keypress: x
69.9874 	EXP 	fixation: autoDraw = False
69.9874 	EXP 	line1: autoDraw = False
69.9874 	EXP 	line_2: autoDraw = False
69.9874 	EXP 	line_3: autoDraw = False
69.9874 	EXP 	line4: autoDraw = False
69.9874 	EXP 	probe: autoDraw = False
69.9874 	EXP 	fixation: autoDraw = True
70.1548 	EXP 	Device response: <KeyPress from None: t=69.9580148, value=x, duration=0.18656470000041736>
70.9705 	EXP 	line1: autoDraw = True
70.9705 	EXP 	line_2: autoDraw = True
70.9705 	EXP 	line_3: autoDraw = True
70.9705 	EXP 	line4: autoDraw = True
70.9871 	EXP 	fixation: autoDraw = False
71.9713 	INFO 	Keyboard events cleared
71.9711 	EXP 	probe: autoDraw = True
73.4876 	EXP 	Device response: <KeyPress from None: t=73.48477170000024, value=v, duration=None>
73.4880 	EXP 	New trial (rep=6, index=2): <Trial 26 (2 in rep 6) data={'pos': np.int64(50), 'corr_resp': 'c', 'thisN': 26, 'thisTrialN': 2, 'thisRepN': 6}>
73.4893 	DATA 	Keypress: v
73.5034 	EXP 	fixation: autoDraw = False
73.5034 	EXP 	line1: autoDraw = False
73.5034 	EXP 	line_2: autoDraw = False
73.5034 	EXP 	line_3: autoDraw = False
73.5034 	EXP 	line4: autoDraw = False
73.5034 	EXP 	probe: autoDraw = False
73.5034 	EXP 	fixation: autoDraw = True
73.6718 	EXP 	Device response: <KeyPress from None: t=73.48477170000024, value=v, duration=0.17604369999980918>
74.4873 	EXP 	line1: autoDraw = True
74.4873 	EXP 	line_2: autoDraw = True
74.4873 	EXP 	line_3: autoDraw = True
74.4873 	EXP 	line4: autoDraw = True
74.5042 	EXP 	fixation: autoDraw = False
75.5042 	INFO 	Keyboard events cleared
75.5041 	EXP 	probe: autoDraw = True
76.3038 	EXP 	Device response: <KeyPress from None: t=76.30010980000043, value=c, duration=None>
76.3042 	EXP 	New trial (rep=6, index=3): <Trial 27 (3 in rep 6) data={'pos': np.int64(-150), 'corr_resp': 'z', 'thisN': 27, 'thisTrialN': 3, 'thisRepN': 6}>
76.3057 	DATA 	Keypress: c
76.3199 	EXP 	fixation: autoDraw = False
76.3199 	EXP 	line1: autoDraw = False
76.3199 	EXP 	line_2: autoDraw = False
76.3199 	EXP 	line_3: autoDraw = False
76.3199 	EXP 	line4: autoDraw = False
76.3199 	EXP 	probe: autoDraw = False
76.3199 	EXP 	fixation: autoDraw = True
76.4871 	EXP 	Device response: <KeyPress from None: t=76.30010980000043, value=c, duration=0.1720031999998355>
77.3039 	EXP 	line1: autoDraw = True
77.3039 	EXP 	line_2: autoDraw = True
77.3039 	EXP 	line_3: autoDraw = True
77.3039 	EXP 	line4: autoDraw = True
77.3200 	EXP 	fixation: autoDraw = False
78.3042 	INFO 	Keyboard events cleared
78.3040 	EXP 	probe: autoDraw = True
78.6873 	EXP 	Device response: <KeyPress from None: t=78.68424530000038, value=z, duration=None>
78.6877 	EXP 	New trial (rep=7, index=0): <Trial 28 (0 in rep 7) data={'pos': np.int64(-50), 'corr_resp': 'x', 'thisN': 28, 'thisTrialN': 0, 'thisRepN': 7}>
78.6894 	DATA 	Keypress: z
78.7034 	EXP 	fixation: autoDraw = False
78.7034 	EXP 	line1: autoDraw = False
78.7034 	EXP 	line_2: autoDraw = False
78.7034 	EXP 	line_3: autoDraw = False
78.7034 	EXP 	line4: autoDraw = False
78.7034 	EXP 	probe: autoDraw = False
78.7034 	EXP 	fixation: autoDraw = True
78.8711 	EXP 	Device response: <KeyPress from None: t=78.68424530000038, value=z, duration=0.18049149999978908>
79.6872 	EXP 	line1: autoDraw = True
79.6872 	EXP 	line_2: autoDraw = True
79.6872 	EXP 	line_3: autoDraw = True
79.6872 	EXP 	line4: autoDraw = True
79.7036 	EXP 	fixation: autoDraw = False
80.6873 	INFO 	Keyboard events cleared
80.6871 	EXP 	probe: autoDraw = True
81.1705 	EXP 	Device response: <KeyPress from None: t=81.15947340000002, value=x, duration=None>
81.1710 	EXP 	New trial (rep=7, index=1): <Trial 29 (1 in rep 7) data={'pos': np.int64(150), 'corr_resp': 'v', 'thisN': 29, 'thisTrialN': 1, 'thisRepN': 7}>
81.1727 	DATA 	Keypress: x
81.1868 	EXP 	fixation: autoDraw = False
81.1868 	EXP 	line1: autoDraw = False
81.1868 	EXP 	line_2: autoDraw = False
81.1868 	EXP 	line_3: autoDraw = False
81.1868 	EXP 	line4: autoDraw = False
81.1868 	EXP 	probe: autoDraw = False
81.1868 	EXP 	fixation: autoDraw = True
81.3542 	EXP 	Device response: <KeyPress from None: t=81.15947340000002, value=x, duration=0.18459730000040508>
82.1711 	EXP 	line1: autoDraw = True
82.1711 	EXP 	line_2: autoDraw = True
82.1711 	EXP 	line_3: autoDraw = True
82.1711 	EXP 	line4: autoDraw = True
82.1872 	EXP 	fixation: autoDraw = False
83.1711 	INFO 	Keyboard events cleared
83.1709 	EXP 	probe: autoDraw = True
83.5043 	EXP 	Device response: <KeyPress from None: t=83.50158220000003, value=v, duration=None>
83.5047 	EXP 	New trial (rep=7, index=2): <Trial 30 (2 in rep 7) data={'pos': np.int64(50), 'corr_resp': 'c', 'thisN': 30, 'thisTrialN': 2, 'thisRepN': 7}>
83.5062 	DATA 	Keypress: v
83.5202 	EXP 	fixation: autoDraw = False
83.5202 	EXP 	line1: autoDraw = False
83.5202 	EXP 	line_2: autoDraw = False
83.5202 	EXP 	line_3: autoDraw = False
83.5202 	EXP 	line4: autoDraw = False
83.5202 	EXP 	probe: autoDraw = False
83.5202 	EXP 	fixation: autoDraw = True
83.7220 	EXP 	Device response: <KeyPress from None: t=83.50158220000003, value=v, duration=0.21362520000002405>
84.5215 	EXP 	fixation: autoDraw = False
84.5215 	EXP 	line1: autoDraw = True
84.5215 	EXP 	line_2: autoDraw = True
84.5215 	EXP 	line_3: autoDraw = True
84.5215 	EXP 	line4: autoDraw = True
85.5047 	INFO 	Keyboard events cleared
85.5045 	EXP 	probe: autoDraw = True
85.8544 	EXP 	Device response: <KeyPress from None: t=85.8420016, value=x, duration=None>
85.8547 	EXP 	New trial (rep=7, index=3): <Trial 31 (3 in rep 7) data={'pos': np.int64(-150), 'corr_resp': 'z', 'thisN': 31, 'thisTrialN': 3, 'thisRepN': 7}>
85.8564 	DATA 	Keypress: x
85.8705 	EXP 	fixation: autoDraw = False
85.8705 	EXP 	line1: autoDraw = False
85.8705 	EXP 	line_2: autoDraw = False
85.8705 	EXP 	line_3: autoDraw = False
85.8705 	EXP 	line4: autoDraw = False
85.8705 	EXP 	probe: autoDraw = False
85.8705 	EXP 	fixation: autoDraw = True
86.0206 	EXP 	Device response: <KeyPress from None: t=85.8420016, value=x, duration=0.16668150000032256>
86.8542 	EXP 	line1: autoDraw = True
86.8542 	EXP 	line_2: autoDraw = True
86.8542 	EXP 	line_3: autoDraw = True
86.8542 	EXP 	line4: autoDraw = True
86.8714 	EXP 	fixation: autoDraw = False
87.8542 	INFO 	Keyboard events cleared
87.8540 	EXP 	probe: autoDraw = True
88.1877 	EXP 	Device response: <KeyPress from None: t=88.18599310000036, value=z, duration=None>
88.1881 	EXP 	New trial (rep=8, index=0): <Trial 32 (0 in rep 8) data={'pos': np.int64(-50), 'corr_resp': 'x', 'thisN': 32, 'thisTrialN': 0, 'thisRepN': 8}>
88.1894 	DATA 	Keypress: z
88.2032 	EXP 	fixation: autoDraw = False
88.2032 	EXP 	line1: autoDraw = False
88.2032 	EXP 	line_2: autoDraw = False
88.2032 	EXP 	line_3: autoDraw = False
88.2032 	EXP 	line4: autoDraw = False
88.2032 	EXP 	probe: autoDraw = False
88.2032 	EXP 	fixation: autoDraw = True
88.2376 	EXP 	Device response: <KeyPress from None: t=88.22674240000015, value=x, duration=None>
88.2386 	DATA 	Keypress: x
88.3209 	EXP 	Device response: <KeyPress from None: t=88.22674240000015, value=x, duration=0.08683620000010706>
88.3874 	EXP 	Device response: <KeyPress from None: t=88.18599310000036, value=z, duration=0.1914278999997805>
89.1868 	EXP 	line1: autoDraw = True
89.1868 	EXP 	line_2: autoDraw = True
89.1868 	EXP 	line_3: autoDraw = True
89.1868 	EXP 	line4: autoDraw = True
89.2037 	EXP 	fixation: autoDraw = False
90.2036 	INFO 	Keyboard events cleared
90.2034 	EXP 	probe: autoDraw = True
90.6711 	EXP 	Device response: <KeyPress from None: t=90.66807280000012, value=x, duration=None>
90.6714 	EXP 	New trial (rep=8, index=1): <Trial 33 (1 in rep 8) data={'pos': np.int64(150), 'corr_resp': 'v', 'thisN': 33, 'thisTrialN': 1, 'thisRepN': 8}>
90.6728 	DATA 	Keypress: x
90.6868 	EXP 	fixation: autoDraw = False
90.6868 	EXP 	line1: autoDraw = False
90.6868 	EXP 	line_2: autoDraw = False
90.6868 	EXP 	line_3: autoDraw = False
90.6868 	EXP 	line4: autoDraw = False
90.6868 	EXP 	probe: autoDraw = False
90.6868 	EXP 	fixation: autoDraw = True
90.9219 	EXP 	Device response: <KeyPress from None: t=90.66807280000012, value=x, duration=0.2487359000001561>
91.6704 	EXP 	line1: autoDraw = True
91.6704 	EXP 	line_2: autoDraw = True
91.6704 	EXP 	line_3: autoDraw = True
91.6704 	EXP 	line4: autoDraw = True
91.6870 	EXP 	fixation: autoDraw = False
92.6704 	INFO 	Keyboard events cleared
92.6702 	EXP 	probe: autoDraw = True
93.0878 	EXP 	Device response: <KeyPress from None: t=93.07562720000033, value=v, duration=None>
93.0882 	EXP 	New trial (rep=8, index=2): <Trial 34 (2 in rep 8) data={'pos': np.int64(50), 'corr_resp': 'c', 'thisN': 34, 'thisTrialN': 2, 'thisRepN': 8}>
93.0896 	DATA 	Keypress: v
93.1035 	EXP 	fixation: autoDraw = False
93.1035 	EXP 	line1: autoDraw = False
93.1035 	EXP 	line_2: autoDraw = False
93.1035 	EXP 	line_3: autoDraw = False
93.1035 	EXP 	line4: autoDraw = False
93.1035 	EXP 	probe: autoDraw = False
93.1035 	EXP 	fixation: autoDraw = True
93.3053 	EXP 	Device response: <KeyPress from None: t=93.07562720000033, value=v, duration=0.21332350000011502>
94.1050 	EXP 	fixation: autoDraw = False
94.1050 	EXP 	line1: autoDraw = True
94.1050 	EXP 	line_2: autoDraw = True
94.1050 	EXP 	line_3: autoDraw = True
94.1050 	EXP 	line4: autoDraw = True
95.0881 	INFO 	Keyboard events cleared
95.0879 	EXP 	probe: autoDraw = True
95.5383 	EXP 	Device response: <KeyPress from None: t=95.52794800000038, value=c, duration=None>
95.5387 	EXP 	New trial (rep=8, index=3): <Trial 35 (3 in rep 8) data={'pos': np.int64(-150), 'corr_resp': 'z', 'thisN': 35, 'thisTrialN': 3, 'thisRepN': 8}>
95.5400 	DATA 	Keypress: c
95.5535 	EXP 	fixation: autoDraw = False
95.5535 	EXP 	line1: autoDraw = False
95.5535 	EXP 	line_2: autoDraw = False
95.5535 	EXP 	line_3: autoDraw = False
95.5535 	EXP 	line4: autoDraw = False
95.5535 	EXP 	probe: autoDraw = False
95.5535 	EXP 	fixation: autoDraw = True
95.7539 	EXP 	Device response: <KeyPress from None: t=95.52794800000038, value=c, duration=0.20991770000000542>
96.5539 	EXP 	fixation: autoDraw = False
96.5539 	EXP 	line1: autoDraw = True
96.5539 	EXP 	line_2: autoDraw = True
96.5539 	EXP 	line_3: autoDraw = True
96.5539 	EXP 	line4: autoDraw = True
97.5540 	INFO 	Keyboard events cleared
97.5538 	EXP 	probe: autoDraw = True
97.9554 	EXP 	Device response: <KeyPress from None: t=97.95236900000009, value=z, duration=None>
97.9557 	EXP 	New trial (rep=9, index=0): <Trial 36 (0 in rep 9) data={'pos': np.int64(-50), 'corr_resp': 'x', 'thisN': 36, 'thisTrialN': 0, 'thisRepN': 9}>
97.9571 	DATA 	Keypress: z
97.9700 	EXP 	fixation: autoDraw = False
97.9700 	EXP 	line1: autoDraw = False
97.9700 	EXP 	line_2: autoDraw = False
97.9700 	EXP 	line_3: autoDraw = False
97.9700 	EXP 	line4: autoDraw = False
97.9700 	EXP 	probe: autoDraw = False
97.9700 	EXP 	fixation: autoDraw = True
98.1712 	EXP 	Device response: <KeyPress from None: t=97.95236900000009, value=z, duration=0.2160785000000942>
98.9710 	EXP 	fixation: autoDraw = False
98.9710 	EXP 	line1: autoDraw = True
98.9710 	EXP 	line_2: autoDraw = True
98.9710 	EXP 	line_3: autoDraw = True
98.9710 	EXP 	line4: autoDraw = True
99.9716 	INFO 	Keyboard events cleared
99.9714 	EXP 	probe: autoDraw = True
100.3712 	EXP 	Device response: <KeyPress from None: t=100.35618650000015, value=x, duration=None>
100.3717 	EXP 	New trial (rep=9, index=1): <Trial 37 (1 in rep 9) data={'pos': np.int64(150), 'corr_resp': 'v', 'thisN': 37, 'thisTrialN': 1, 'thisRepN': 9}>
100.3730 	DATA 	Keypress: x
100.3870 	EXP 	fixation: autoDraw = False
100.3870 	EXP 	line1: autoDraw = False
100.3870 	EXP 	line_2: autoDraw = False
100.3870 	EXP 	line_3: autoDraw = False
100.3870 	EXP 	line4: autoDraw = False
100.3870 	EXP 	probe: autoDraw = False
100.3870 	EXP 	fixation: autoDraw = True
100.5383 	EXP 	Device response: <KeyPress from None: t=100.35618650000015, value=x, duration=0.16755820000025778>
101.3711 	EXP 	line1: autoDraw = True
101.3711 	EXP 	line_2: autoDraw = True
101.3711 	EXP 	line_3: autoDraw = True
101.3711 	EXP 	line4: autoDraw = True
101.3872 	EXP 	fixation: autoDraw = False
102.3716 	INFO 	Keyboard events cleared
102.3714 	EXP 	probe: autoDraw = True
102.7040 	EXP 	Device response: <KeyPress from None: t=102.69230490000018, value=v, duration=None>
102.7046 	EXP 	New trial (rep=9, index=2): <Trial 38 (2 in rep 9) data={'pos': np.int64(50), 'corr_resp': 'c', 'thisN': 38, 'thisTrialN': 2, 'thisRepN': 9}>
102.7059 	DATA 	Keypress: v
102.7208 	EXP 	fixation: autoDraw = False
102.7208 	EXP 	line1: autoDraw = False
102.7208 	EXP 	line_2: autoDraw = False
102.7208 	EXP 	line_3: autoDraw = False
102.7208 	EXP 	line4: autoDraw = False
102.7208 	EXP 	probe: autoDraw = False
102.7208 	EXP 	fixation: autoDraw = True
102.9044 	EXP 	Device response: <KeyPress from None: t=102.69230490000018, value=v, duration=0.20605470000009518>
103.7039 	EXP 	line1: autoDraw = True
103.7039 	EXP 	line_2: autoDraw = True
103.7039 	EXP 	line_3: autoDraw = True
103.7039 	EXP 	line4: autoDraw = True
103.7201 	EXP 	fixation: autoDraw = False
104.7040 	INFO 	Keyboard events cleared
104.7039 	EXP 	probe: autoDraw = True
105.2381 	EXP 	Device response: <KeyPress from None: t=105.23323520000031, value=c, duration=None>
105.2384 	EXP 	New trial (rep=9, index=3): <Trial 39 (3 in rep 9) data={'pos': np.int64(-150), 'corr_resp': 'z', 'thisN': 39, 'thisTrialN': 3, 'thisRepN': 9}>
105.2398 	DATA 	Keypress: c
105.2537 	EXP 	fixation: autoDraw = False
105.2537 	EXP 	line1: autoDraw = False
105.2537 	EXP 	line_2: autoDraw = False
105.2537 	EXP 	line_3: autoDraw = False
105.2537 	EXP 	line4: autoDraw = False
105.2537 	EXP 	probe: autoDraw = False
105.2537 	EXP 	fixation: autoDraw = True
105.4372 	EXP 	Device response: <KeyPress from None: t=105.23323520000031, value=c, duration=0.19181440000011207>
106.2368 	EXP 	line1: autoDraw = True
106.2368 	EXP 	line_2: autoDraw = True
106.2368 	EXP 	line_3: autoDraw = True
106.2368 	EXP 	line4: autoDraw = True
106.2542 	EXP 	fixation: autoDraw = False
107.2553 	INFO 	Keyboard events cleared
107.2551 	EXP 	probe: autoDraw = True
108.3041 	EXP 	Device response: <KeyPress from None: t=108.29614830000037, value=z, duration=None>
108.3045 	EXP 	New trial (rep=10, index=0): <Trial 40 (0 in rep 10) data={'pos': np.int64(-50), 'corr_resp': 'x', 'thisN': 40, 'thisTrialN': 0, 'thisRepN': 10}>
108.3060 	DATA 	Keypress: z
108.3202 	EXP 	fixation: autoDraw = False
108.3202 	EXP 	line1: autoDraw = False
108.3202 	EXP 	line_2: autoDraw = False
108.3202 	EXP 	line_3: autoDraw = False
108.3202 	EXP 	line4: autoDraw = False
108.3202 	EXP 	probe: autoDraw = False
108.3202 	EXP 	fixation: autoDraw = True
108.5055 	EXP 	Device response: <KeyPress from None: t=108.29614830000037, value=z, duration=0.203961100000015>
109.3043 	EXP 	line1: autoDraw = True
109.3043 	EXP 	line_2: autoDraw = True
109.3043 	EXP 	line_3: autoDraw = True
109.3043 	EXP 	line4: autoDraw = True
109.3206 	EXP 	fixation: autoDraw = False
110.3043 	INFO 	Keyboard events cleared
110.3041 	EXP 	probe: autoDraw = True
111.4213 	EXP 	Device response: <KeyPress from None: t=111.41511850000006, value=x, duration=None>
111.4218 	EXP 	New trial (rep=10, index=1): <Trial 41 (1 in rep 10) data={'pos': np.int64(150), 'corr_resp': 'v', 'thisN': 41, 'thisTrialN': 1, 'thisRepN': 10}>
111.4234 	DATA 	Keypress: x
111.4366 	EXP 	fixation: autoDraw = False
111.4366 	EXP 	line1: autoDraw = False
111.4366 	EXP 	line_2: autoDraw = False
111.4366 	EXP 	line_3: autoDraw = False
111.4366 	EXP 	line4: autoDraw = False
111.4366 	EXP 	probe: autoDraw = False
111.4366 	EXP 	fixation: autoDraw = True
111.5710 	EXP 	Device response: <KeyPress from None: t=111.41511850000006, value=x, duration=0.14686270000038348>
112.4207 	EXP 	line1: autoDraw = True
112.4207 	EXP 	line_2: autoDraw = True
112.4207 	EXP 	line_3: autoDraw = True
112.4207 	EXP 	line4: autoDraw = True
112.4371 	EXP 	fixation: autoDraw = False
113.4205 	INFO 	Keyboard events cleared
113.4204 	EXP 	probe: autoDraw = True
113.9222 	EXP 	Device response: <KeyPress from None: t=113.91531460000033, value=v, duration=None>
113.9226 	EXP 	New trial (rep=10, index=2): <Trial 42 (2 in rep 10) data={'pos': np.int64(50), 'corr_resp': 'c', 'thisN': 42, 'thisTrialN': 2, 'thisRepN': 10}>
113.9242 	DATA 	Keypress: v
113.9367 	EXP 	fixation: autoDraw = False
113.9367 	EXP 	line1: autoDraw = False
113.9367 	EXP 	line_2: autoDraw = False
113.9367 	EXP 	line_3: autoDraw = False
113.9367 	EXP 	line4: autoDraw = False
113.9367 	EXP 	probe: autoDraw = False
113.9367 	EXP 	fixation: autoDraw = True
114.0888 	EXP 	Device response: <KeyPress from None: t=113.91531460000033, value=v, duration=0.16652979999980744>
114.9368 	EXP 	fixation: autoDraw = False
114.9368 	EXP 	line1: autoDraw = True
114.9368 	EXP 	line_2: autoDraw = True
114.9368 	EXP 	line_3: autoDraw = True
114.9368 	EXP 	line4: autoDraw = True
115.9372 	INFO 	Keyboard events cleared
115.9370 	EXP 	probe: autoDraw = True
116.5885 	EXP 	Device response: <KeyPress from None: t=116.5872145000003, value=c, duration=None>
116.5889 	EXP 	New trial (rep=10, index=3): <Trial 43 (3 in rep 10) data={'pos': np.int64(-150), 'corr_resp': 'z', 'thisN': 43, 'thisTrialN': 3, 'thisRepN': 10}>
116.5903 	DATA 	Keypress: c
116.6048 	EXP 	fixation: autoDraw = False
116.6048 	EXP 	line1: autoDraw = False
116.6048 	EXP 	line_2: autoDraw = False
116.6048 	EXP 	line_3: autoDraw = False
116.6048 	EXP 	line4: autoDraw = False
116.6048 	EXP 	probe: autoDraw = False
116.6048 	EXP 	fixation: autoDraw = True
116.8212 	EXP 	Device response: <KeyPress from None: t=116.5872145000003, value=c, duration=0.21715089999997872>
117.5874 	EXP 	line1: autoDraw = True
117.5874 	EXP 	line_2: autoDraw = True
117.5874 	EXP 	line_3: autoDraw = True
117.5874 	EXP 	line4: autoDraw = True
117.6047 	EXP 	fixation: autoDraw = False
118.5889 	INFO 	Keyboard events cleared
118.5887 	EXP 	probe: autoDraw = True
118.9708 	EXP 	Device response: <KeyPress from None: t=118.95715830000017, value=z, duration=None>
118.9712 	EXP 	New trial (rep=11, index=0): <Trial 44 (0 in rep 11) data={'pos': np.int64(-50), 'corr_resp': 'x', 'thisN': 44, 'thisTrialN': 0, 'thisRepN': 11}>
118.9726 	DATA 	Keypress: z
118.9867 	EXP 	fixation: autoDraw = False
118.9867 	EXP 	line1: autoDraw = False
118.9867 	EXP 	line_2: autoDraw = False
118.9867 	EXP 	line_3: autoDraw = False
118.9867 	EXP 	line4: autoDraw = False
118.9867 	EXP 	probe: autoDraw = False
118.9867 	EXP 	fixation: autoDraw = True
119.1712 	EXP 	Device response: <KeyPress from None: t=118.95715830000017, value=z, duration=0.21172030000025188>
119.9702 	EXP 	line1: autoDraw = True
119.9702 	EXP 	line_2: autoDraw = True
119.9702 	EXP 	line_3: autoDraw = True
119.9702 	EXP 	line4: autoDraw = True
119.9871 	EXP 	fixation: autoDraw = False
120.9710 	INFO 	Keyboard events cleared
120.9709 	EXP 	probe: autoDraw = True
121.5553 	EXP 	Device response: <KeyPress from None: t=121.54999050000015, value=x, duration=None>
121.5557 	EXP 	New trial (rep=11, index=1): <Trial 45 (1 in rep 11) data={'pos': np.int64(150), 'corr_resp': 'v', 'thisN': 45, 'thisTrialN': 1, 'thisRepN': 11}>
121.5571 	DATA 	Keypress: x
121.5703 	EXP 	fixation: autoDraw = False
121.5703 	EXP 	line1: autoDraw = False
121.5703 	EXP 	line_2: autoDraw = False
121.5703 	EXP 	line_3: autoDraw = False
121.5703 	EXP 	line4: autoDraw = False
121.5703 	EXP 	probe: autoDraw = False
121.5703 	EXP 	fixation: autoDraw = True
121.7043 	EXP 	Device response: <KeyPress from None: t=121.54999050000015, value=x, duration=0.14617290000023786>
122.5714 	EXP 	fixation: autoDraw = False
122.5714 	EXP 	line1: autoDraw = True
122.5714 	EXP 	line_2: autoDraw = True
122.5714 	EXP 	line_3: autoDraw = True
122.5714 	EXP 	line4: autoDraw = True
123.5718 	INFO 	Keyboard events cleared
123.5716 	EXP 	probe: autoDraw = True
124.2545 	EXP 	Device response: <KeyPress from None: t=124.24165630000016, value=v, duration=None>
124.2549 	EXP 	New trial (rep=11, index=2): <Trial 46 (2 in rep 11) data={'pos': np.int64(50), 'corr_resp': 'c', 'thisN': 46, 'thisTrialN': 2, 'thisRepN': 11}>
124.2565 	DATA 	Keypress: v
124.2701 	EXP 	fixation: autoDraw = False
124.2701 	EXP 	line1: autoDraw = False
124.2701 	EXP 	line_2: autoDraw = False
124.2701 	EXP 	line_3: autoDraw = False
124.2701 	EXP 	line4: autoDraw = False
124.2701 	EXP 	probe: autoDraw = False
124.2701 	EXP 	fixation: autoDraw = True
124.4713 	EXP 	Device response: <KeyPress from None: t=124.24165630000016, value=v, duration=0.21795180000026448>
125.2547 	EXP 	line1: autoDraw = True
125.2547 	EXP 	line_2: autoDraw = True
125.2547 	EXP 	line_3: autoDraw = True
125.2547 	EXP 	line4: autoDraw = True
125.2708 	EXP 	fixation: autoDraw = False
126.2544 	INFO 	Keyboard events cleared
126.2542 	EXP 	probe: autoDraw = True
127.1054 	EXP 	Device response: <KeyPress from None: t=127.09501480000017, value=c, duration=None>
127.1058 	EXP 	New trial (rep=11, index=3): <Trial 47 (3 in rep 11) data={'pos': np.int64(-150), 'corr_resp': 'z', 'thisN': 47, 'thisTrialN': 3, 'thisRepN': 11}>
127.1071 	DATA 	Keypress: c
127.1206 	EXP 	fixation: autoDraw = False
127.1206 	EXP 	line1: autoDraw = False
127.1206 	EXP 	line_2: autoDraw = False
127.1206 	EXP 	line_3: autoDraw = False
127.1206 	EXP 	line4: autoDraw = False
127.1206 	EXP 	probe: autoDraw = False
127.1206 	EXP 	fixation: autoDraw = True
127.2872 	EXP 	Device response: <KeyPress from None: t=127.09501480000017, value=c, duration=0.18681580000020404>
128.1203 	EXP 	fixation: autoDraw = False
128.1203 	EXP 	line1: autoDraw = True
128.1203 	EXP 	line_2: autoDraw = True
128.1203 	EXP 	line_3: autoDraw = True
128.1203 	EXP 	line4: autoDraw = True
129.1203 	INFO 	Keyboard events cleared
129.1202 	EXP 	probe: autoDraw = True
130.3053 	EXP 	Device response: <KeyPress from None: t=130.29392080000025, value=z, duration=None>
130.3057 	EXP 	New trial (rep=12, index=0): <Trial 48 (0 in rep 12) data={'pos': np.int64(-50), 'corr_resp': 'x', 'thisN': 48, 'thisTrialN': 0, 'thisRepN': 12}>
130.3070 	DATA 	Keypress: z
130.3210 	EXP 	fixation: autoDraw = False
130.3210 	EXP 	line1: autoDraw = False
130.3210 	EXP 	line_2: autoDraw = False
130.3210 	EXP 	line_3: autoDraw = False
130.3210 	EXP 	line4: autoDraw = False
130.3210 	EXP 	probe: autoDraw = False
130.3210 	EXP 	fixation: autoDraw = True
130.4549 	EXP 	Device response: <KeyPress from None: t=130.29392080000025, value=z, duration=0.15087899999980436>
131.3203 	EXP 	fixation: autoDraw = False
131.3203 	EXP 	line1: autoDraw = True
131.3203 	EXP 	line_2: autoDraw = True
131.3203 	EXP 	line_3: autoDraw = True
131.3203 	EXP 	line4: autoDraw = True
132.3207 	INFO 	Keyboard events cleared
132.3206 	EXP 	probe: autoDraw = True
133.1047 	EXP 	Device response: <KeyPress from None: t=133.0916387000002, value=x, duration=None>
133.1051 	EXP 	New trial (rep=12, index=1): <Trial 49 (1 in rep 12) data={'pos': np.int64(150), 'corr_resp': 'v', 'thisN': 49, 'thisTrialN': 1, 'thisRepN': 12}>
133.1069 	DATA 	Keypress: x
133.1202 	EXP 	fixation: autoDraw = False
133.1202 	EXP 	line1: autoDraw = False
133.1202 	EXP 	line_2: autoDraw = False
133.1202 	EXP 	line_3: autoDraw = False
133.1202 	EXP 	line4: autoDraw = False
133.1202 	EXP 	probe: autoDraw = False
133.1202 	EXP 	fixation: autoDraw = True
133.2712 	EXP 	Device response: <KeyPress from None: t=133.0916387000002, value=x, duration=0.17549159999998665>
134.1040 	EXP 	line1: autoDraw = True
134.1040 	EXP 	line_2: autoDraw = True
134.1040 	EXP 	line_3: autoDraw = True
134.1040 	EXP 	line4: autoDraw = True
134.1213 	EXP 	fixation: autoDraw = False
135.1070 	INFO 	Keyboard events cleared
135.1068 	EXP 	probe: autoDraw = True
136.0212 	EXP 	Device response: <KeyPress from None: t=136.0115141000001, value=v, duration=None>
136.0215 	EXP 	New trial (rep=12, index=2): <Trial 50 (2 in rep 12) data={'pos': np.int64(50), 'corr_resp': 'c', 'thisN': 50, 'thisTrialN': 2, 'thisRepN': 12}>
136.0232 	DATA 	Keypress: v
136.0371 	EXP 	fixation: autoDraw = False
136.0371 	EXP 	line1: autoDraw = False
136.0371 	EXP 	line_2: autoDraw = False
136.0371 	EXP 	line_3: autoDraw = False
136.0371 	EXP 	line4: autoDraw = False
136.0371 	EXP 	probe: autoDraw = False
136.0371 	EXP 	fixation: autoDraw = True
136.1543 	EXP 	Device response: <KeyPress from None: t=136.0115141000001, value=v, duration=0.12778449999996155>
137.0211 	EXP 	line1: autoDraw = True
137.0211 	EXP 	line_2: autoDraw = True
137.0211 	EXP 	line_3: autoDraw = True
137.0211 	EXP 	line4: autoDraw = True
137.0378 	EXP 	fixation: autoDraw = False
138.0375 	INFO 	Keyboard events cleared
138.0374 	EXP 	probe: autoDraw = True
138.8243 	DATA 	Keypress: c
138.8380 	EXP 	Device response: <KeyPress from None: t=138.82368650000035, value=c, duration=None>
138.8384 	EXP 	New trial (rep=12, index=3): <Trial 51 (3 in rep 12) data={'pos': np.int64(-150), 'corr_resp': 'z', 'thisN': 51, 'thisTrialN': 3, 'thisRepN': 12}>
138.8537 	EXP 	fixation: autoDraw = False
138.8537 	EXP 	line1: autoDraw = False
138.8537 	EXP 	line_2: autoDraw = False
138.8537 	EXP 	line_3: autoDraw = False
138.8537 	EXP 	line4: autoDraw = False
138.8537 	EXP 	probe: autoDraw = False
138.8537 	EXP 	fixation: autoDraw = True
138.9719 	EXP 	Device response: <KeyPress from None: t=138.82368650000035, value=c, duration=0.13725739999972575>
139.8541 	EXP 	fixation: autoDraw = False
139.8541 	EXP 	line1: autoDraw = True
139.8541 	EXP 	line_2: autoDraw = True
139.8541 	EXP 	line_3: autoDraw = True
139.8541 	EXP 	line4: autoDraw = True
140.8376 	INFO 	Keyboard events cleared
140.8374 	EXP 	probe: autoDraw = True
141.7387 	EXP 	Device response: <KeyPress from None: t=141.72675230000004, value=z, duration=None>
141.7391 	EXP 	New trial (rep=13, index=0): <Trial 52 (0 in rep 13) data={'pos': np.int64(-50), 'corr_resp': 'x', 'thisN': 52, 'thisTrialN': 0, 'thisRepN': 13}>
141.7404 	DATA 	Keypress: z
141.7537 	EXP 	fixation: autoDraw = False
141.7537 	EXP 	line1: autoDraw = False
141.7537 	EXP 	line_2: autoDraw = False
141.7537 	EXP 	line_3: autoDraw = False
141.7537 	EXP 	line4: autoDraw = False
141.7537 	EXP 	probe: autoDraw = False
141.7537 	EXP 	fixation: autoDraw = True
141.9373 	EXP 	Device response: <KeyPress from None: t=141.72675230000004, value=z, duration=0.2027371000003768>
142.7544 	EXP 	fixation: autoDraw = False
142.7544 	EXP 	line1: autoDraw = True
142.7544 	EXP 	line_2: autoDraw = True
142.7544 	EXP 	line_3: autoDraw = True
142.7544 	EXP 	line4: autoDraw = True
143.7543 	INFO 	Keyboard events cleared
143.7541 	EXP 	probe: autoDraw = True
144.4874 	EXP 	Device response: <KeyPress from None: t=144.48491150000018, value=x, duration=None>
144.4877 	EXP 	New trial (rep=13, index=1): <Trial 53 (1 in rep 13) data={'pos': np.int64(150), 'corr_resp': 'v', 'thisN': 53, 'thisTrialN': 1, 'thisRepN': 13}>
144.4893 	DATA 	Keypress: x
144.5034 	EXP 	fixation: autoDraw = False
144.5034 	EXP 	line1: autoDraw = False
144.5034 	EXP 	line_2: autoDraw = False
144.5034 	EXP 	line_3: autoDraw = False
144.5034 	EXP 	line4: autoDraw = False
144.5034 	EXP 	probe: autoDraw = False
144.5034 	EXP 	fixation: autoDraw = True
144.6547 	EXP 	Device response: <KeyPress from None: t=144.48491150000018, value=x, duration=0.16209310000022015>
145.4882 	EXP 	line1: autoDraw = True
145.4882 	EXP 	line_2: autoDraw = True
145.4882 	EXP 	line_3: autoDraw = True
145.4882 	EXP 	line4: autoDraw = True
145.5040 	EXP 	fixation: autoDraw = False
146.4872 	INFO 	Keyboard events cleared
146.4870 	EXP 	probe: autoDraw = True
147.1710 	EXP 	Device response: <KeyPress from None: t=147.16785260000006, value=v, duration=None>
147.1714 	EXP 	New trial (rep=13, index=2): <Trial 54 (2 in rep 13) data={'pos': np.int64(50), 'corr_resp': 'c', 'thisN': 54, 'thisTrialN': 2, 'thisRepN': 13}>
147.1733 	DATA 	Keypress: v
147.1870 	EXP 	fixation: autoDraw = False
147.1870 	EXP 	line1: autoDraw = False
147.1870 	EXP 	line_2: autoDraw = False
147.1870 	EXP 	line_3: autoDraw = False
147.1870 	EXP 	line4: autoDraw = False
147.1870 	EXP 	probe: autoDraw = False
147.1870 	EXP 	fixation: autoDraw = True
147.3047 	EXP 	Device response: <KeyPress from None: t=147.16785260000006, value=v, duration=0.1310393000003387>
148.1711 	EXP 	line1: autoDraw = True
148.1711 	EXP 	line_2: autoDraw = True
148.1711 	EXP 	line_3: autoDraw = True
148.1711 	EXP 	line4: autoDraw = True
148.1877 	EXP 	fixation: autoDraw = False
149.1709 	INFO 	Keyboard events cleared
149.1708 	EXP 	probe: autoDraw = True
149.9046 	EXP 	Device response: <KeyPress from None: t=149.89633870000034, value=c, duration=None>
149.9050 	EXP 	New trial (rep=13, index=3): <Trial 55 (3 in rep 13) data={'pos': np.int64(-150), 'corr_resp': 'z', 'thisN': 55, 'thisTrialN': 3, 'thisRepN': 13}>
149.9063 	DATA 	Keypress: c
149.9206 	EXP 	fixation: autoDraw = False
149.9206 	EXP 	line1: autoDraw = False
149.9206 	EXP 	line_2: autoDraw = False
149.9206 	EXP 	line_3: autoDraw = False
149.9206 	EXP 	line4: autoDraw = False
149.9206 	EXP 	probe: autoDraw = False
149.9206 	EXP 	fixation: autoDraw = True
150.0377 	EXP 	Device response: <KeyPress from None: t=149.89633870000034, value=c, duration=0.12723959999993895>
150.9042 	EXP 	line1: autoDraw = True
150.9042 	EXP 	line_2: autoDraw = True
150.9042 	EXP 	line_3: autoDraw = True
150.9042 	EXP 	line4: autoDraw = True
150.9207 	EXP 	fixation: autoDraw = False
151.9042 	INFO 	Keyboard events cleared
151.9040 	EXP 	probe: autoDraw = True
152.4063 	DATA 	Keypress: z
152.4209 	EXP 	Device response: <KeyPress from None: t=152.4050373, value=z, duration=None>
152.4214 	EXP 	New trial (rep=14, index=0): <Trial 56 (0 in rep 14) data={'pos': np.int64(-50), 'corr_resp': 'x', 'thisN': 56, 'thisTrialN': 0, 'thisRepN': 14}>
152.4371 	EXP 	fixation: autoDraw = False
152.4371 	EXP 	line1: autoDraw = False
152.4371 	EXP 	line_2: autoDraw = False
152.4371 	EXP 	line_3: autoDraw = False
152.4371 	EXP 	line4: autoDraw = False
152.4371 	EXP 	probe: autoDraw = False
152.4371 	EXP 	fixation: autoDraw = True
152.5723 	EXP 	Device response: <KeyPress from None: t=152.4050373, value=z, duration=0.16522100000020146>
153.4216 	EXP 	line1: autoDraw = True
153.4216 	EXP 	line_2: autoDraw = True
153.4216 	EXP 	line_3: autoDraw = True
153.4216 	EXP 	line4: autoDraw = True
153.4381 	EXP 	fixation: autoDraw = False
154.4213 	INFO 	Keyboard events cleared
154.4211 	EXP 	probe: autoDraw = True
155.0214 	EXP 	Device response: <KeyPress from None: t=155.0184473000004, value=x, duration=None>
155.0218 	EXP 	New trial (rep=14, index=1): <Trial 57 (1 in rep 14) data={'pos': np.int64(150), 'corr_resp': 'v', 'thisN': 57, 'thisTrialN': 1, 'thisRepN': 14}>
155.0234 	DATA 	Keypress: x
155.0375 	EXP 	fixation: autoDraw = False
155.0375 	EXP 	line1: autoDraw = False
155.0375 	EXP 	line_2: autoDraw = False
155.0375 	EXP 	line_3: autoDraw = False
155.0375 	EXP 	line4: autoDraw = False
155.0375 	EXP 	probe: autoDraw = False
155.0375 	EXP 	fixation: autoDraw = True
155.1876 	EXP 	Device response: <KeyPress from None: t=155.0184473000004, value=x, duration=0.16375299999981507>
156.0208 	EXP 	line1: autoDraw = True
156.0208 	EXP 	line_2: autoDraw = True
156.0208 	EXP 	line_3: autoDraw = True
156.0208 	EXP 	line4: autoDraw = True
156.0373 	EXP 	fixation: autoDraw = False
157.0214 	INFO 	Keyboard events cleared
157.0212 	EXP 	probe: autoDraw = True
157.3377 	EXP 	Device response: <KeyPress from None: t=157.3303449, value=v, duration=None>
157.3381 	EXP 	New trial (rep=14, index=2): <Trial 58 (2 in rep 14) data={'pos': np.int64(50), 'corr_resp': 'c', 'thisN': 58, 'thisTrialN': 2, 'thisRepN': 14}>
157.3396 	DATA 	Keypress: v
157.3542 	EXP 	fixation: autoDraw = False
157.3542 	EXP 	line1: autoDraw = False
157.3542 	EXP 	line_2: autoDraw = False
157.3542 	EXP 	line_3: autoDraw = False
157.3542 	EXP 	line4: autoDraw = False
157.3542 	EXP 	probe: autoDraw = False
157.3542 	EXP 	fixation: autoDraw = True
157.5046 	EXP 	Device response: <KeyPress from None: t=157.3303449, value=v, duration=0.16428350000023784>
158.3378 	EXP 	line1: autoDraw = True
158.3378 	EXP 	line_2: autoDraw = True
158.3378 	EXP 	line_3: autoDraw = True
158.3378 	EXP 	line4: autoDraw = True
158.3541 	EXP 	fixation: autoDraw = False
159.3382 	INFO 	Keyboard events cleared
159.3380 	EXP 	probe: autoDraw = True
159.7233 	DATA 	Keypress: c
159.7376 	EXP 	Device response: <KeyPress from None: t=159.72259930000018, value=c, duration=None>
159.7379 	EXP 	New trial (rep=14, index=3): <Trial 59 (3 in rep 14) data={'pos': np.int64(-150), 'corr_resp': 'z', 'thisN': 59, 'thisTrialN': 3, 'thisRepN': 14}>
159.7536 	EXP 	fixation: autoDraw = False
159.7536 	EXP 	line1: autoDraw = False
159.7536 	EXP 	line_2: autoDraw = False
159.7536 	EXP 	line_3: autoDraw = False
159.7536 	EXP 	line4: autoDraw = False
159.7536 	EXP 	probe: autoDraw = False
159.7536 	EXP 	fixation: autoDraw = True
159.9710 	EXP 	Device response: <KeyPress from None: t=159.72259930000018, value=c, duration=0.23261390000016036>
160.7378 	EXP 	line1: autoDraw = True
160.7378 	EXP 	line_2: autoDraw = True
160.7378 	EXP 	line_3: autoDraw = True
160.7378 	EXP 	line4: autoDraw = True
160.7537 	EXP 	fixation: autoDraw = False
161.7377 	INFO 	Keyboard events cleared
161.7376 	EXP 	probe: autoDraw = True
163.8044 	EXP 	Device response: <KeyPress from None: t=163.80164430000013, value=z, duration=None>
163.8048 	EXP 	New trial (rep=15, index=0): <Trial 60 (0 in rep 15) data={'pos': np.int64(-50), 'corr_resp': 'x', 'thisN': 60, 'thisTrialN': 0, 'thisRepN': 15}>
163.8061 	DATA 	Keypress: z
163.8215 	EXP 	fixation: autoDraw = False
163.8215 	EXP 	line1: autoDraw = False
163.8215 	EXP 	line_2: autoDraw = False
163.8215 	EXP 	line_3: autoDraw = False
163.8215 	EXP 	line4: autoDraw = False
163.8215 	EXP 	probe: autoDraw = False
163.8215 	EXP 	fixation: autoDraw = True
163.9709 	EXP 	Device response: <KeyPress from None: t=163.80164430000013, value=z, duration=0.16335170000002108>
164.8049 	EXP 	line1: autoDraw = True
164.8049 	EXP 	line_2: autoDraw = True
164.8049 	EXP 	line_3: autoDraw = True
164.8049 	EXP 	line4: autoDraw = True
164.8211 	EXP 	fixation: autoDraw = False
165.8045 	INFO 	Keyboard events cleared
165.8043 	EXP 	probe: autoDraw = True
166.6881 	EXP 	Device response: <KeyPress from None: t=166.68142080000007, value=x, duration=None>
166.6885 	EXP 	New trial (rep=15, index=1): <Trial 61 (1 in rep 15) data={'pos': np.int64(150), 'corr_resp': 'v', 'thisN': 61, 'thisTrialN': 1, 'thisRepN': 15}>
166.6898 	DATA 	Keypress: x
166.7042 	EXP 	fixation: autoDraw = False
166.7042 	EXP 	line1: autoDraw = False
166.7042 	EXP 	line_2: autoDraw = False
166.7042 	EXP 	line_3: autoDraw = False
166.7042 	EXP 	line4: autoDraw = False
166.7042 	EXP 	probe: autoDraw = False
166.7042 	EXP 	fixation: autoDraw = True
166.8050 	EXP 	Device response: <KeyPress from None: t=166.68142080000007, value=x, duration=0.10916750000023967>
167.6877 	EXP 	line1: autoDraw = True
167.6877 	EXP 	line_2: autoDraw = True
167.6877 	EXP 	line_3: autoDraw = True
167.6877 	EXP 	line4: autoDraw = True
167.7041 	EXP 	fixation: autoDraw = False
168.6871 	INFO 	Keyboard events cleared
168.6869 	EXP 	probe: autoDraw = True
169.1057 	EXP 	Device response: <KeyPress from None: t=169.09158760000037, value=v, duration=None>
169.1061 	EXP 	New trial (rep=15, index=2): <Trial 62 (2 in rep 15) data={'pos': np.int64(50), 'corr_resp': 'c', 'thisN': 62, 'thisTrialN': 2, 'thisRepN': 15}>
169.1075 	DATA 	Keypress: v
169.1203 	EXP 	fixation: autoDraw = False
169.1203 	EXP 	line1: autoDraw = False
169.1203 	EXP 	line_2: autoDraw = False
169.1203 	EXP 	line_3: autoDraw = False
169.1203 	EXP 	line4: autoDraw = False
169.1203 	EXP 	probe: autoDraw = False
169.1203 	EXP 	fixation: autoDraw = True
169.2878 	EXP 	Device response: <KeyPress from None: t=169.09158760000037, value=v, duration=0.18066789999966204>
170.1215 	EXP 	fixation: autoDraw = False
170.1215 	EXP 	line1: autoDraw = True
170.1215 	EXP 	line_2: autoDraw = True
170.1215 	EXP 	line_3: autoDraw = True
170.1215 	EXP 	line4: autoDraw = True
171.1213 	INFO 	Keyboard events cleared
171.1212 	EXP 	probe: autoDraw = True
171.9714 	EXP 	Device response: <KeyPress from None: t=171.95802700000013, value=c, duration=None>
171.9719 	EXP 	New trial (rep=15, index=3): <Trial 63 (3 in rep 15) data={'pos': np.int64(-150), 'corr_resp': 'z', 'thisN': 63, 'thisTrialN': 3, 'thisRepN': 15}>
171.9732 	DATA 	Keypress: c
171.9878 	EXP 	fixation: autoDraw = False
171.9878 	EXP 	line1: autoDraw = False
171.9878 	EXP 	line_2: autoDraw = False
171.9878 	EXP 	line_3: autoDraw = False
171.9878 	EXP 	line4: autoDraw = False
171.9878 	EXP 	probe: autoDraw = False
171.9878 	EXP 	fixation: autoDraw = True
172.1380 	EXP 	Device response: <KeyPress from None: t=171.95802700000013, value=c, duration=0.16657179999992877>
172.9715 	EXP 	line1: autoDraw = True
172.9715 	EXP 	line_2: autoDraw = True
172.9715 	EXP 	line_3: autoDraw = True
172.9715 	EXP 	line4: autoDraw = True
172.9874 	EXP 	fixation: autoDraw = False
173.9708 	INFO 	Keyboard events cleared
173.9706 	EXP 	probe: autoDraw = True
174.5376 	EXP 	Device response: <KeyPress from None: t=174.52427520000037, value=z, duration=None>
174.5379 	EXP 	New trial (rep=16, index=0): <Trial 64 (0 in rep 16) data={'pos': np.int64(-50), 'corr_resp': 'x', 'thisN': 64, 'thisTrialN': 0, 'thisRepN': 16}>
174.5397 	DATA 	Keypress: z
174.5537 	EXP 	fixation: autoDraw = False
174.5537 	EXP 	line1: autoDraw = False
174.5537 	EXP 	line_2: autoDraw = False
174.5537 	EXP 	line_3: autoDraw = False
174.5537 	EXP 	line4: autoDraw = False
174.5537 	EXP 	probe: autoDraw = False
174.5537 	EXP 	fixation: autoDraw = True
174.6876 	EXP 	Device response: <KeyPress from None: t=174.52427520000037, value=z, duration=0.157438700000057>
175.5385 	EXP 	line1: autoDraw = True
175.5385 	EXP 	line_2: autoDraw = True
175.5385 	EXP 	line_3: autoDraw = True
175.5385 	EXP 	line4: autoDraw = True
175.5547 	EXP 	fixation: autoDraw = False
176.5377 	INFO 	Keyboard events cleared
176.5375 	EXP 	probe: autoDraw = True
177.1714 	EXP 	Device response: <KeyPress from None: t=177.16281040000013, value=x, duration=None>
177.1718 	EXP 	New trial (rep=16, index=1): <Trial 65 (1 in rep 16) data={'pos': np.int64(150), 'corr_resp': 'v', 'thisN': 65, 'thisTrialN': 1, 'thisRepN': 16}>
177.1733 	DATA 	Keypress: x
177.1869 	EXP 	fixation: autoDraw = False
177.1869 	EXP 	line1: autoDraw = False
177.1869 	EXP 	line_2: autoDraw = False
177.1869 	EXP 	line_3: autoDraw = False
177.1869 	EXP 	line4: autoDraw = False
177.1869 	EXP 	probe: autoDraw = False
177.1869 	EXP 	fixation: autoDraw = True
177.3212 	EXP 	Device response: <KeyPress from None: t=177.16281040000013, value=x, duration=0.15674119999994218>
178.1707 	EXP 	line1: autoDraw = True
178.1707 	EXP 	line_2: autoDraw = True
178.1707 	EXP 	line_3: autoDraw = True
178.1707 	EXP 	line4: autoDraw = True
178.1874 	EXP 	fixation: autoDraw = False
179.1715 	INFO 	Keyboard events cleared
179.1713 	EXP 	probe: autoDraw = True
179.8402 	DATA 	Keypress: v
179.8549 	EXP 	Device response: <KeyPress from None: t=179.8391912000002, value=v, duration=None>
179.8552 	EXP 	New trial (rep=16, index=2): <Trial 66 (2 in rep 16) data={'pos': np.int64(50), 'corr_resp': 'c', 'thisN': 66, 'thisTrialN': 2, 'thisRepN': 16}>
179.8703 	EXP 	fixation: autoDraw = False
179.8703 	EXP 	line1: autoDraw = False
179.8703 	EXP 	line_2: autoDraw = False
179.8703 	EXP 	line_3: autoDraw = False
179.8703 	EXP 	line4: autoDraw = False
179.8703 	EXP 	probe: autoDraw = False
179.8703 	EXP 	fixation: autoDraw = True
179.9875 	EXP 	Device response: <KeyPress from None: t=179.8391912000002, value=v, duration=0.1349463999999898>
180.8546 	EXP 	line1: autoDraw = True
180.8546 	EXP 	line_2: autoDraw = True
180.8546 	EXP 	line_3: autoDraw = True
180.8546 	EXP 	line4: autoDraw = True
180.8711 	EXP 	fixation: autoDraw = False
181.8705 	INFO 	Keyboard events cleared
181.8703 	EXP 	probe: autoDraw = True
183.5880 	EXP 	Device response: <KeyPress from None: t=183.57719220000035, value=c, duration=None>
183.5885 	EXP 	New trial (rep=16, index=3): <Trial 67 (3 in rep 16) data={'pos': np.int64(-150), 'corr_resp': 'z', 'thisN': 67, 'thisTrialN': 3, 'thisRepN': 16}>
183.5900 	DATA 	Keypress: c
183.6037 	EXP 	fixation: autoDraw = False
183.6037 	EXP 	line1: autoDraw = False
183.6037 	EXP 	line_2: autoDraw = False
183.6037 	EXP 	line_3: autoDraw = False
183.6037 	EXP 	line4: autoDraw = False
183.6037 	EXP 	probe: autoDraw = False
183.6037 	EXP 	fixation: autoDraw = True
183.7220 	EXP 	Device response: <KeyPress from None: t=183.57719220000035, value=c, duration=0.13928989999976693>
184.6041 	EXP 	fixation: autoDraw = False
184.6041 	EXP 	line1: autoDraw = True
184.6041 	EXP 	line_2: autoDraw = True
184.6041 	EXP 	line_3: autoDraw = True
184.6041 	EXP 	line4: autoDraw = True
185.5888 	INFO 	Keyboard events cleared
185.5886 	EXP 	probe: autoDraw = True
186.2089 	EXP 	Device response: <KeyPress from None: t=186.19542460000002, value=z, duration=None>
186.2094 	EXP 	New trial (rep=17, index=0): <Trial 68 (0 in rep 17) data={'pos': np.int64(-50), 'corr_resp': 'x', 'thisN': 68, 'thisTrialN': 0, 'thisRepN': 17}>
186.2113 	DATA 	Keypress: z
186.2204 	EXP 	fixation: autoDraw = False
186.2204 	EXP 	line1: autoDraw = False
186.2204 	EXP 	line_2: autoDraw = False
186.2204 	EXP 	line_3: autoDraw = False
186.2204 	EXP 	line4: autoDraw = False
186.2204 	EXP 	probe: autoDraw = False
186.2204 	EXP 	fixation: autoDraw = True
186.3877 	EXP 	Device response: <KeyPress from None: t=186.19542460000002, value=z, duration=0.17816410000023097>
187.2212 	EXP 	fixation: autoDraw = False
187.2212 	EXP 	line1: autoDraw = True
187.2212 	EXP 	line_2: autoDraw = True
187.2212 	EXP 	line_3: autoDraw = True
187.2212 	EXP 	line4: autoDraw = True
188.2211 	INFO 	Keyboard events cleared
188.2209 	EXP 	probe: autoDraw = True
190.2376 	EXP 	Device response: <KeyPress from None: t=190.2285724000003, value=x, duration=None>
190.2379 	EXP 	New trial (rep=17, index=1): <Trial 69 (1 in rep 17) data={'pos': np.int64(150), 'corr_resp': 'v', 'thisN': 69, 'thisTrialN': 1, 'thisRepN': 17}>
190.2394 	DATA 	Keypress: x
190.2546 	EXP 	fixation: autoDraw = False
190.2546 	EXP 	line1: autoDraw = False
190.2546 	EXP 	line_2: autoDraw = False
190.2546 	EXP 	line_3: autoDraw = False
190.2546 	EXP 	line4: autoDraw = False
190.2546 	EXP 	probe: autoDraw = False
190.2546 	EXP 	fixation: autoDraw = True
190.3879 	EXP 	Device response: <KeyPress from None: t=190.2285724000003, value=x, duration=0.14623759999994945>
191.2377 	EXP 	line1: autoDraw = True
191.2377 	EXP 	line_2: autoDraw = True
191.2377 	EXP 	line_3: autoDraw = True
191.2377 	EXP 	line4: autoDraw = True
191.2544 	EXP 	fixation: autoDraw = False
192.2378 	INFO 	Keyboard events cleared
192.2376 	EXP 	probe: autoDraw = True
193.2877 	EXP 	Device response: <KeyPress from None: t=193.27893170000016, value=v, duration=None>
193.2880 	EXP 	New trial (rep=17, index=2): <Trial 70 (2 in rep 17) data={'pos': np.int64(50), 'corr_resp': 'c', 'thisN': 70, 'thisTrialN': 2, 'thisRepN': 17}>
193.2897 	DATA 	Keypress: v
193.3038 	EXP 	fixation: autoDraw = False
193.3038 	EXP 	line1: autoDraw = False
193.3038 	EXP 	line_2: autoDraw = False
193.3038 	EXP 	line_3: autoDraw = False
193.3038 	EXP 	line4: autoDraw = False
193.3038 	EXP 	probe: autoDraw = False
193.3038 	EXP 	fixation: autoDraw = True
193.4043 	EXP 	Device response: <KeyPress from None: t=193.27893170000016, value=v, duration=0.11692230000016934>
194.1890 	DATA 	Mouse: Left button down, pos=(615,670)
194.2870 	EXP 	line1: autoDraw = True
194.2870 	EXP 	line_2: autoDraw = True
194.2870 	EXP 	line_3: autoDraw = True
194.2870 	EXP 	line4: autoDraw = True
194.3050 	EXP 	fixation: autoDraw = False
195.2873 	INFO 	Keyboard events cleared
195.2871 	EXP 	probe: autoDraw = True
196.0762 	DATA 	Keypress: c
196.0880 	EXP 	Device response: <KeyPress from None: t=196.0746137000001, value=c, duration=None>
196.0884 	EXP 	New trial (rep=17, index=3): <Trial 71 (3 in rep 17) data={'pos': np.int64(-150), 'corr_resp': 'z', 'thisN': 71, 'thisTrialN': 3, 'thisRepN': 17}>
196.1039 	EXP 	fixation: autoDraw = False
196.1039 	EXP 	line1: autoDraw = False
196.1039 	EXP 	line_2: autoDraw = False
196.1039 	EXP 	line_3: autoDraw = False
196.1039 	EXP 	line4: autoDraw = False
196.1039 	EXP 	probe: autoDraw = False
196.1039 	EXP 	fixation: autoDraw = True
196.2886 	EXP 	Device response: <KeyPress from None: t=196.0746137000001, value=c, duration=0.2054573000000346>
197.1049 	EXP 	fixation: autoDraw = False
197.1049 	EXP 	line1: autoDraw = True
197.1049 	EXP 	line_2: autoDraw = True
197.1049 	EXP 	line_3: autoDraw = True
197.1049 	EXP 	line4: autoDraw = True
198.0877 	INFO 	Keyboard events cleared
198.0876 	EXP 	probe: autoDraw = True
198.5879 	EXP 	Device response: <KeyPress from None: t=198.57521250000036, value=z, duration=None>
198.5883 	EXP 	New trial (rep=18, index=0): <Trial 72 (0 in rep 18) data={'pos': np.int64(-50), 'corr_resp': 'x', 'thisN': 72, 'thisTrialN': 0, 'thisRepN': 18}>
198.5900 	DATA 	Keypress: z
198.6043 	EXP 	fixation: autoDraw = False
198.6043 	EXP 	line1: autoDraw = False
198.6043 	EXP 	line_2: autoDraw = False
198.6043 	EXP 	line_3: autoDraw = False
198.6043 	EXP 	line4: autoDraw = False
198.6043 	EXP 	probe: autoDraw = False
198.6043 	EXP 	fixation: autoDraw = True
198.7380 	EXP 	Device response: <KeyPress from None: t=198.57521250000036, value=z, duration=0.15099979999968127>
199.5880 	EXP 	line1: autoDraw = True
199.5880 	EXP 	line_2: autoDraw = True
199.5880 	EXP 	line_3: autoDraw = True
199.5880 	EXP 	line4: autoDraw = True
199.6054 	EXP 	fixation: autoDraw = False
200.5876 	INFO 	Keyboard events cleared
200.5875 	EXP 	probe: autoDraw = True
201.4215 	EXP 	Device response: <KeyPress from None: t=201.41032240000004, value=x, duration=None>
201.4220 	EXP 	New trial (rep=18, index=1): <Trial 73 (1 in rep 18) data={'pos': np.int64(150), 'corr_resp': 'v', 'thisN': 73, 'thisTrialN': 1, 'thisRepN': 18}>
201.4245 	DATA 	Keypress: x
201.4370 	EXP 	fixation: autoDraw = False
201.4370 	EXP 	line1: autoDraw = False
201.4370 	EXP 	line_2: autoDraw = False
201.4370 	EXP 	line_3: autoDraw = False
201.4370 	EXP 	line4: autoDraw = False
201.4370 	EXP 	probe: autoDraw = False
201.4370 	EXP 	fixation: autoDraw = True
201.5208 	EXP 	Device response: <KeyPress from None: t=201.41032240000004, value=x, duration=0.09423180000021603>
202.4217 	EXP 	line1: autoDraw = True
202.4217 	EXP 	line_2: autoDraw = True
202.4217 	EXP 	line_3: autoDraw = True
202.4217 	EXP 	line4: autoDraw = True
202.4381 	EXP 	fixation: autoDraw = False
203.4380 	INFO 	Keyboard events cleared
203.4379 	EXP 	probe: autoDraw = True
203.9228 	DATA 	Mouse:  Left button up, pos=(615,670)
204.2221 	EXP 	Device response: <KeyPress from None: t=204.22158780000018, value=v, duration=None>
204.2225 	EXP 	New trial (rep=18, index=2): <Trial 74 (2 in rep 18) data={'pos': np.int64(50), 'corr_resp': 'c', 'thisN': 74, 'thisTrialN': 2, 'thisRepN': 18}>
204.2238 	DATA 	Keypress: v
204.2371 	EXP 	fixation: autoDraw = False
204.2371 	EXP 	line1: autoDraw = False
204.2371 	EXP 	line_2: autoDraw = False
204.2371 	EXP 	line_3: autoDraw = False
204.2371 	EXP 	line4: autoDraw = False
204.2371 	EXP 	probe: autoDraw = False
204.2371 	EXP 	fixation: autoDraw = True
204.3548 	EXP 	Device response: <KeyPress from None: t=204.22158780000018, value=v, duration=0.11708989999988262>
205.2209 	EXP 	line1: autoDraw = True
205.2209 	EXP 	line_2: autoDraw = True
205.2209 	EXP 	line_3: autoDraw = True
205.2209 	EXP 	line4: autoDraw = True
205.2372 	EXP 	fixation: autoDraw = False
206.2373 	INFO 	Keyboard events cleared
206.2372 	EXP 	probe: autoDraw = True
207.2884 	EXP 	Device response: <KeyPress from None: t=207.28549340000018, value=c, duration=None>
207.2890 	EXP 	New trial (rep=18, index=3): <Trial 75 (3 in rep 18) data={'pos': np.int64(-150), 'corr_resp': 'z', 'thisN': 75, 'thisTrialN': 3, 'thisRepN': 18}>
207.2903 	DATA 	Keypress: c
207.3038 	EXP 	fixation: autoDraw = False
207.3038 	EXP 	line1: autoDraw = False
207.3038 	EXP 	line_2: autoDraw = False
207.3038 	EXP 	line_3: autoDraw = False
207.3038 	EXP 	line4: autoDraw = False
207.3038 	EXP 	probe: autoDraw = False
207.3038 	EXP 	fixation: autoDraw = True
207.5063 	EXP 	Device response: <KeyPress from None: t=207.28549340000018, value=c, duration=0.2025496999999632>
208.2877 	EXP 	line1: autoDraw = True
208.2877 	EXP 	line_2: autoDraw = True
208.2877 	EXP 	line_3: autoDraw = True
208.2877 	EXP 	line4: autoDraw = True
208.3043 	EXP 	fixation: autoDraw = False
209.2882 	INFO 	Keyboard events cleared
209.2880 	EXP 	probe: autoDraw = True
209.8712 	EXP 	Device response: <KeyPress from None: t=209.86111580000033, value=z, duration=None>
209.8715 	EXP 	New trial (rep=19, index=0): <Trial 76 (0 in rep 19) data={'pos': np.int64(-50), 'corr_resp': 'x', 'thisN': 76, 'thisTrialN': 0, 'thisRepN': 19}>
209.8728 	DATA 	Keypress: z
209.8872 	EXP 	fixation: autoDraw = False
209.8872 	EXP 	line1: autoDraw = False
209.8872 	EXP 	line_2: autoDraw = False
209.8872 	EXP 	line_3: autoDraw = False
209.8872 	EXP 	line4: autoDraw = False
209.8872 	EXP 	probe: autoDraw = False
209.8872 	EXP 	fixation: autoDraw = True
210.0553 	EXP 	Device response: <KeyPress from None: t=209.86111580000033, value=z, duration=0.1876678999997239>
210.8712 	EXP 	line1: autoDraw = True
210.8712 	EXP 	line_2: autoDraw = True
210.8712 	EXP 	line_3: autoDraw = True
210.8712 	EXP 	line4: autoDraw = True
210.8884 	EXP 	fixation: autoDraw = False
211.8712 	INFO 	Keyboard events cleared
211.8711 	EXP 	probe: autoDraw = True
212.6053 	EXP 	Device response: <KeyPress from None: t=212.59455380000009, value=x, duration=None>
212.6057 	EXP 	New trial (rep=19, index=1): <Trial 77 (1 in rep 19) data={'pos': np.int64(150), 'corr_resp': 'v', 'thisN': 77, 'thisTrialN': 1, 'thisRepN': 19}>
212.6070 	DATA 	Keypress: x
212.6206 	EXP 	fixation: autoDraw = False
212.6206 	EXP 	line1: autoDraw = False
212.6206 	EXP 	line_2: autoDraw = False
212.6206 	EXP 	line_3: autoDraw = False
212.6206 	EXP 	line4: autoDraw = False
212.6206 	EXP 	probe: autoDraw = False
212.6206 	EXP 	fixation: autoDraw = True
212.7546 	EXP 	Device response: <KeyPress from None: t=212.59455380000009, value=x, duration=0.15871599999991304>
213.6212 	EXP 	fixation: autoDraw = False
213.6212 	EXP 	line1: autoDraw = True
213.6212 	EXP 	line_2: autoDraw = True
213.6212 	EXP 	line_3: autoDraw = True
213.6212 	EXP 	line4: autoDraw = True
214.6219 	INFO 	Keyboard events cleared
214.6217 	EXP 	probe: autoDraw = True
215.4401 	DATA 	Keypress: v
215.4544 	EXP 	Device response: <KeyPress from None: t=215.43822660000023, value=v, duration=None>
215.4549 	EXP 	New trial (rep=19, index=2): <Trial 78 (2 in rep 19) data={'pos': np.int64(50), 'corr_resp': 'c', 'thisN': 78, 'thisTrialN': 2, 'thisRepN': 19}>
215.4719 	EXP 	fixation: autoDraw = False
215.4719 	EXP 	line1: autoDraw = False
215.4719 	EXP 	line_2: autoDraw = False
215.4719 	EXP 	line_3: autoDraw = False
215.4719 	EXP 	line4: autoDraw = False
215.4719 	EXP 	probe: autoDraw = False
215.4719 	EXP 	fixation: autoDraw = True
215.6048 	EXP 	Device response: <KeyPress from None: t=215.43822660000023, value=v, duration=0.16383589999986725>
216.4551 	EXP 	line1: autoDraw = True
216.4551 	EXP 	line_2: autoDraw = True
216.4551 	EXP 	line_3: autoDraw = True
216.4551 	EXP 	line4: autoDraw = True
216.4710 	EXP 	fixation: autoDraw = False
217.3898 	DATA 	Mouse: Left button down, pos=(615,670)
217.4547 	INFO 	Keyboard events cleared
217.4545 	EXP 	probe: autoDraw = True
218.8054 	EXP 	Device response: <KeyPress from None: t=218.80061030000024, value=c, duration=None>
218.8059 	EXP 	New trial (rep=19, index=3): <Trial 79 (3 in rep 19) data={'pos': np.int64(-150), 'corr_resp': 'z', 'thisN': 79, 'thisTrialN': 3, 'thisRepN': 19}>
218.8077 	DATA 	Keypress: c
218.8208 	EXP 	fixation: autoDraw = False
218.8208 	EXP 	line1: autoDraw = False
218.8208 	EXP 	line_2: autoDraw = False
218.8208 	EXP 	line_3: autoDraw = False
218.8208 	EXP 	line4: autoDraw = False
218.8208 	EXP 	probe: autoDraw = False
218.8208 	EXP 	fixation: autoDraw = True
218.9550 	EXP 	Device response: <KeyPress from None: t=218.80061030000024, value=c, duration=0.14404319999994186>
219.8208 	EXP 	fixation: autoDraw = False
219.8208 	EXP 	line1: autoDraw = True
219.8208 	EXP 	line_2: autoDraw = True
219.8208 	EXP 	line_3: autoDraw = True
219.8208 	EXP 	line4: autoDraw = True
220.8039 	INFO 	Keyboard events cleared
220.8038 	EXP 	probe: autoDraw = True
221.3382 	EXP 	Device response: <KeyPress from None: t=221.32378700000027, value=z, duration=None>
221.3386 	EXP 	New trial (rep=20, index=0): <Trial 80 (0 in rep 20) data={'pos': np.int64(-50), 'corr_resp': 'x', 'thisN': 80, 'thisTrialN': 0, 'thisRepN': 20}>
221.3399 	DATA 	Keypress: z
221.3538 	EXP 	fixation: autoDraw = False
221.3538 	EXP 	line1: autoDraw = False
221.3538 	EXP 	line_2: autoDraw = False
221.3538 	EXP 	line_3: autoDraw = False
221.3538 	EXP 	line4: autoDraw = False
221.3538 	EXP 	probe: autoDraw = False
221.3538 	EXP 	fixation: autoDraw = True
221.5054 	EXP 	Device response: <KeyPress from None: t=221.32378700000027, value=z, duration=0.16996590000007927>
222.3377 	EXP 	line1: autoDraw = True
222.3377 	EXP 	line_2: autoDraw = True
222.3377 	EXP 	line_3: autoDraw = True
222.3377 	EXP 	line4: autoDraw = True
222.3543 	EXP 	fixation: autoDraw = False
223.3379 	INFO 	Keyboard events cleared
223.3377 	EXP 	probe: autoDraw = True
224.0562 	DATA 	Keypress: x
224.0716 	EXP 	Device response: <KeyPress from None: t=224.05498320000015, value=x, duration=None>
224.0719 	EXP 	New trial (rep=20, index=1): <Trial 81 (1 in rep 20) data={'pos': np.int64(150), 'corr_resp': 'v', 'thisN': 81, 'thisTrialN': 1, 'thisRepN': 20}>
224.0872 	EXP 	fixation: autoDraw = False
224.0872 	EXP 	line1: autoDraw = False
224.0872 	EXP 	line_2: autoDraw = False
224.0872 	EXP 	line_3: autoDraw = False
224.0872 	EXP 	line4: autoDraw = False
224.0872 	EXP 	probe: autoDraw = False
224.0872 	EXP 	fixation: autoDraw = True
224.2378 	EXP 	Device response: <KeyPress from None: t=224.05498320000015, value=x, duration=0.16765850000001592>
225.0711 	EXP 	line1: autoDraw = True
225.0711 	EXP 	line_2: autoDraw = True
225.0711 	EXP 	line_3: autoDraw = True
225.0711 	EXP 	line4: autoDraw = True
225.0882 	EXP 	fixation: autoDraw = False
226.0880 	INFO 	Keyboard events cleared
226.0878 	EXP 	probe: autoDraw = True
226.8896 	DATA 	Mouse:  Left button up, pos=(615,670)
227.0550 	EXP 	Device response: <KeyPress from None: t=227.04110330000003, value=v, duration=None>
227.0554 	EXP 	New trial (rep=20, index=2): <Trial 82 (2 in rep 20) data={'pos': np.int64(50), 'corr_resp': 'c', 'thisN': 82, 'thisTrialN': 2, 'thisRepN': 20}>
227.0568 	DATA 	Keypress: v
227.0707 	EXP 	fixation: autoDraw = False
227.0707 	EXP 	line1: autoDraw = False
227.0707 	EXP 	line_2: autoDraw = False
227.0707 	EXP 	line_3: autoDraw = False
227.0707 	EXP 	line4: autoDraw = False
227.0707 	EXP 	probe: autoDraw = False
227.0707 	EXP 	fixation: autoDraw = True
227.2214 	EXP 	Device response: <KeyPress from None: t=227.04110330000003, value=v, duration=0.17542460000004212>
228.0544 	EXP 	line1: autoDraw = True
228.0544 	EXP 	line_2: autoDraw = True
228.0544 	EXP 	line_3: autoDraw = True
228.0544 	EXP 	line4: autoDraw = True
228.0711 	EXP 	fixation: autoDraw = False
229.0719 	INFO 	Keyboard events cleared
229.0717 	EXP 	probe: autoDraw = True
229.7383 	EXP 	Device response: <KeyPress from None: t=229.72364530000004, value=c, duration=None>
229.7388 	EXP 	New trial (rep=20, index=3): <Trial 83 (3 in rep 20) data={'pos': np.int64(-150), 'corr_resp': 'z', 'thisN': 83, 'thisTrialN': 3, 'thisRepN': 20}>
229.7404 	DATA 	Keypress: c
229.7544 	EXP 	fixation: autoDraw = False
229.7544 	EXP 	line1: autoDraw = False
229.7544 	EXP 	line_2: autoDraw = False
229.7544 	EXP 	line_3: autoDraw = False
229.7544 	EXP 	line4: autoDraw = False
229.7544 	EXP 	probe: autoDraw = False
229.7544 	EXP 	fixation: autoDraw = True
229.8545 	EXP 	Device response: <KeyPress from None: t=229.72364530000004, value=c, duration=0.1255486000000019>
230.7385 	EXP 	line1: autoDraw = True
230.7385 	EXP 	line_2: autoDraw = True
230.7385 	EXP 	line_3: autoDraw = True
230.7385 	EXP 	line4: autoDraw = True
230.7553 	EXP 	fixation: autoDraw = False
231.7551 	INFO 	Keyboard events cleared
231.7549 	EXP 	probe: autoDraw = True
232.6387 	EXP 	Device response: <KeyPress from None: t=232.6245530000001, value=z, duration=None>
232.6391 	EXP 	New trial (rep=21, index=0): <Trial 84 (0 in rep 21) data={'pos': np.int64(-50), 'corr_resp': 'x', 'thisN': 84, 'thisTrialN': 0, 'thisRepN': 21}>
232.6404 	DATA 	Keypress: z
232.6542 	EXP 	fixation: autoDraw = False
232.6542 	EXP 	line1: autoDraw = False
232.6542 	EXP 	line_2: autoDraw = False
232.6542 	EXP 	line_3: autoDraw = False
232.6542 	EXP 	line4: autoDraw = False
232.6542 	EXP 	probe: autoDraw = False
232.6542 	EXP 	fixation: autoDraw = True
232.8052 	EXP 	Device response: <KeyPress from None: t=232.6245530000001, value=z, duration=0.16562340000018594>
233.6372 	EXP 	line1: autoDraw = True
233.6372 	EXP 	line_2: autoDraw = True
233.6372 	EXP 	line_3: autoDraw = True
233.6372 	EXP 	line4: autoDraw = True
233.6544 	EXP 	fixation: autoDraw = False
234.6546 	INFO 	Keyboard events cleared
234.6544 	EXP 	probe: autoDraw = True
235.2057 	EXP 	Device response: <KeyPress from None: t=235.20249580000018, value=x, duration=None>
235.2060 	EXP 	New trial (rep=21, index=1): <Trial 85 (1 in rep 21) data={'pos': np.int64(150), 'corr_resp': 'v', 'thisN': 85, 'thisTrialN': 1, 'thisRepN': 21}>
235.2074 	DATA 	Keypress: x
235.2211 	EXP 	fixation: autoDraw = False
235.2211 	EXP 	line1: autoDraw = False
235.2211 	EXP 	line_2: autoDraw = False
235.2211 	EXP 	line_3: autoDraw = False
235.2211 	EXP 	line4: autoDraw = False
235.2211 	EXP 	probe: autoDraw = False
235.2211 	EXP 	fixation: autoDraw = True
235.3548 	EXP 	Device response: <KeyPress from None: t=235.20249580000018, value=x, duration=0.14162870000018302>
236.2039 	EXP 	line1: autoDraw = True
236.2039 	EXP 	line_2: autoDraw = True
236.2039 	EXP 	line_3: autoDraw = True
236.2039 	EXP 	line4: autoDraw = True
236.2216 	EXP 	fixation: autoDraw = False
237.2213 	INFO 	Keyboard events cleared
237.2211 	EXP 	probe: autoDraw = True
237.9880 	EXP 	Device response: <KeyPress from None: t=237.9853462000001, value=v, duration=None>
237.9884 	EXP 	New trial (rep=21, index=2): <Trial 86 (2 in rep 21) data={'pos': np.int64(50), 'corr_resp': 'c', 'thisN': 86, 'thisTrialN': 2, 'thisRepN': 21}>
237.9899 	DATA 	Keypress: v
238.0041 	EXP 	fixation: autoDraw = False
238.0041 	EXP 	line1: autoDraw = False
238.0041 	EXP 	line_2: autoDraw = False
238.0041 	EXP 	line_3: autoDraw = False
238.0041 	EXP 	line4: autoDraw = False
238.0041 	EXP 	probe: autoDraw = False
238.0041 	EXP 	fixation: autoDraw = True
238.1546 	EXP 	Device response: <KeyPress from None: t=237.9853462000001, value=v, duration=0.15907480000032592>
238.9874 	EXP 	line1: autoDraw = True
238.9874 	EXP 	line_2: autoDraw = True
238.9874 	EXP 	line_3: autoDraw = True
238.9874 	EXP 	line4: autoDraw = True
239.0054 	EXP 	fixation: autoDraw = False
239.9884 	INFO 	Keyboard events cleared
239.9882 	EXP 	probe: autoDraw = True
240.6717 	EXP 	Device response: <KeyPress from None: t=240.6586798000003, value=c, duration=None>
240.6720 	EXP 	New trial (rep=21, index=3): <Trial 87 (3 in rep 21) data={'pos': np.int64(-150), 'corr_resp': 'z', 'thisN': 87, 'thisTrialN': 3, 'thisRepN': 21}>
240.6733 	DATA 	Keypress: c
240.6874 	EXP 	fixation: autoDraw = False
240.6874 	EXP 	line1: autoDraw = False
240.6874 	EXP 	line_2: autoDraw = False
240.6874 	EXP 	line_3: autoDraw = False
240.6874 	EXP 	line4: autoDraw = False
240.6874 	EXP 	probe: autoDraw = False
240.6874 	EXP 	fixation: autoDraw = True
240.8053 	EXP 	Device response: <KeyPress from None: t=240.6586798000003, value=c, duration=0.1415197999999691>
241.6714 	EXP 	line1: autoDraw = True
241.6714 	EXP 	line_2: autoDraw = True
241.6714 	EXP 	line_3: autoDraw = True
241.6714 	EXP 	line4: autoDraw = True
241.6881 	EXP 	fixation: autoDraw = False
242.6883 	INFO 	Keyboard events cleared
242.6882 	EXP 	probe: autoDraw = True
243.2574 	DATA 	Keypress: z
243.2711 	EXP 	Device response: <KeyPress from None: t=243.25618020000002, value=z, duration=None>
243.2715 	EXP 	New trial (rep=22, index=0): <Trial 88 (0 in rep 22) data={'pos': np.int64(-50), 'corr_resp': 'x', 'thisN': 88, 'thisTrialN': 0, 'thisRepN': 22}>
243.2872 	EXP 	fixation: autoDraw = False
243.2872 	EXP 	line1: autoDraw = False
243.2872 	EXP 	line_2: autoDraw = False
243.2872 	EXP 	line_3: autoDraw = False
243.2872 	EXP 	line4: autoDraw = False
243.2872 	EXP 	probe: autoDraw = False
243.2872 	EXP 	fixation: autoDraw = True
243.4214 	EXP 	Device response: <KeyPress from None: t=243.25618020000002, value=z, duration=0.16323780000038823>
244.2710 	EXP 	line1: autoDraw = True
244.2710 	EXP 	line_2: autoDraw = True
244.2710 	EXP 	line_3: autoDraw = True
244.2710 	EXP 	line4: autoDraw = True
244.2876 	EXP 	fixation: autoDraw = False
245.2716 	INFO 	Keyboard events cleared
245.2714 	EXP 	probe: autoDraw = True
245.8050 	EXP 	Device response: <KeyPress from None: t=245.79727500000035, value=x, duration=None>
245.8054 	EXP 	New trial (rep=22, index=1): <Trial 89 (1 in rep 22) data={'pos': np.int64(150), 'corr_resp': 'v', 'thisN': 89, 'thisTrialN': 1, 'thisRepN': 22}>
245.8071 	DATA 	Keypress: x
245.8213 	EXP 	fixation: autoDraw = False
245.8213 	EXP 	line1: autoDraw = False
245.8213 	EXP 	line_2: autoDraw = False
245.8213 	EXP 	line_3: autoDraw = False
245.8213 	EXP 	line4: autoDraw = False
245.8213 	EXP 	probe: autoDraw = False
245.8213 	EXP 	fixation: autoDraw = True
245.9879 	EXP 	Device response: <KeyPress from None: t=245.79727500000035, value=x, duration=0.17729549999967276>
246.8055 	EXP 	line1: autoDraw = True
246.8055 	EXP 	line_2: autoDraw = True
246.8055 	EXP 	line_3: autoDraw = True
246.8055 	EXP 	line4: autoDraw = True
246.8211 	EXP 	fixation: autoDraw = False
247.8055 	INFO 	Keyboard events cleared
247.8053 	EXP 	probe: autoDraw = True
248.6887 	EXP 	Device response: <KeyPress from None: t=248.68580490000022, value=v, duration=None>
248.6891 	EXP 	New trial (rep=22, index=2): <Trial 90 (2 in rep 22) data={'pos': np.int64(50), 'corr_resp': 'c', 'thisN': 90, 'thisTrialN': 2, 'thisRepN': 22}>
248.6905 	DATA 	Keypress: v
248.7040 	EXP 	fixation: autoDraw = False
248.7040 	EXP 	line1: autoDraw = False
248.7040 	EXP 	line_2: autoDraw = False
248.7040 	EXP 	line_3: autoDraw = False
248.7040 	EXP 	line4: autoDraw = False
248.7040 	EXP 	probe: autoDraw = False
248.7040 	EXP 	fixation: autoDraw = True
248.8050 	EXP 	Device response: <KeyPress from None: t=248.68580490000022, value=v, duration=0.11196079999990616>
249.6879 	EXP 	line1: autoDraw = True
249.6879 	EXP 	line_2: autoDraw = True
249.6879 	EXP 	line_3: autoDraw = True
249.6879 	EXP 	line4: autoDraw = True
249.7046 	EXP 	fixation: autoDraw = False
250.6876 	INFO 	Keyboard events cleared
250.6874 	EXP 	probe: autoDraw = True
250.9916 	DATA 	Mouse: Left button down, pos=(610,676)
251.1047 	EXP 	Device response: <KeyPress from None: t=251.09400870000036, value=c, duration=None>
251.1051 	EXP 	New trial (rep=22, index=3): <Trial 91 (3 in rep 22) data={'pos': np.int64(-150), 'corr_resp': 'z', 'thisN': 91, 'thisTrialN': 3, 'thisRepN': 22}>
251.1064 	DATA 	Keypress: c
251.1212 	EXP 	fixation: autoDraw = False
251.1212 	EXP 	line1: autoDraw = False
251.1212 	EXP 	line_2: autoDraw = False
251.1212 	EXP 	line_3: autoDraw = False
251.1212 	EXP 	line4: autoDraw = False
251.1212 	EXP 	probe: autoDraw = False
251.1212 	EXP 	fixation: autoDraw = True
251.3396 	EXP 	Device response: <KeyPress from None: t=251.09400870000036, value=c, duration=0.23538979999966614>
252.1046 	EXP 	line1: autoDraw = True
252.1046 	EXP 	line_2: autoDraw = True
252.1046 	EXP 	line_3: autoDraw = True
252.1046 	EXP 	line4: autoDraw = True
252.1213 	EXP 	fixation: autoDraw = False
253.1048 	INFO 	Keyboard events cleared
253.1046 	EXP 	probe: autoDraw = True
253.7543 	EXP 	Device response: <KeyPress from None: t=253.74437080000007, value=z, duration=None>
253.7547 	EXP 	New trial (rep=23, index=0): <Trial 92 (0 in rep 23) data={'pos': np.int64(-50), 'corr_resp': 'x', 'thisN': 92, 'thisTrialN': 0, 'thisRepN': 23}>
253.7563 	DATA 	Keypress: z
253.7709 	EXP 	fixation: autoDraw = False
253.7709 	EXP 	line1: autoDraw = False
253.7709 	EXP 	line_2: autoDraw = False
253.7709 	EXP 	line_3: autoDraw = False
253.7709 	EXP 	line4: autoDraw = False
253.7709 	EXP 	probe: autoDraw = False
253.7709 	EXP 	fixation: autoDraw = True
253.9878 	EXP 	Device response: <KeyPress from None: t=253.74437080000007, value=z, duration=0.2281158000000687>
254.7551 	EXP 	line1: autoDraw = True
254.7551 	EXP 	line_2: autoDraw = True
254.7551 	EXP 	line_3: autoDraw = True
254.7551 	EXP 	line4: autoDraw = True
254.7717 	EXP 	fixation: autoDraw = False
255.7549 	INFO 	Keyboard events cleared
255.7548 	EXP 	probe: autoDraw = True
256.3714 	EXP 	Device response: <KeyPress from None: t=256.3619767, value=x, duration=None>
256.3720 	EXP 	New trial (rep=23, index=1): <Trial 93 (1 in rep 23) data={'pos': np.int64(150), 'corr_resp': 'v', 'thisN': 93, 'thisTrialN': 1, 'thisRepN': 23}>
256.3735 	DATA 	Keypress: x
256.3880 	EXP 	fixation: autoDraw = False
256.3880 	EXP 	line1: autoDraw = False
256.3880 	EXP 	line_2: autoDraw = False
256.3880 	EXP 	line_3: autoDraw = False
256.3880 	EXP 	line4: autoDraw = False
256.3880 	EXP 	probe: autoDraw = False
256.3880 	EXP 	fixation: autoDraw = True
256.5388 	EXP 	Device response: <KeyPress from None: t=256.3619767, value=x, duration=0.16118880000021818>
257.3712 	EXP 	line1: autoDraw = True
257.3712 	EXP 	line_2: autoDraw = True
257.3712 	EXP 	line_3: autoDraw = True
257.3712 	EXP 	line4: autoDraw = True
257.3875 	EXP 	fixation: autoDraw = False
258.3719 	INFO 	Keyboard events cleared
258.3718 	EXP 	probe: autoDraw = True
258.8566 	DATA 	Mouse:  Left button up, pos=(610,676)
259.1069 	DATA 	Mouse: Left button down, pos=(610,676)
259.1393 	EXP 	Device response: <KeyPress from None: t=259.13697170000023, value=v, duration=None>
259.1397 	EXP 	New trial (rep=23, index=2): <Trial 94 (2 in rep 23) data={'pos': np.int64(50), 'corr_resp': 'c', 'thisN': 94, 'thisTrialN': 2, 'thisRepN': 23}>
259.1410 	DATA 	Keypress: v
259.1549 	EXP 	fixation: autoDraw = False
259.1549 	EXP 	line1: autoDraw = False
259.1549 	EXP 	line_2: autoDraw = False
259.1549 	EXP 	line_3: autoDraw = False
259.1549 	EXP 	line4: autoDraw = False
259.1549 	EXP 	probe: autoDraw = False
259.1549 	EXP 	fixation: autoDraw = True
259.3055 	EXP 	Device response: <KeyPress from None: t=259.13697170000023, value=v, duration=0.1517598000000362>
260.1546 	EXP 	fixation: autoDraw = False
260.1546 	EXP 	line1: autoDraw = True
260.1546 	EXP 	line_2: autoDraw = True
260.1546 	EXP 	line_3: autoDraw = True
260.1546 	EXP 	line4: autoDraw = True
261.1549 	INFO 	Keyboard events cleared
261.1547 	EXP 	probe: autoDraw = True
261.9581 	DATA 	Keypress: c
261.9713 	EXP 	Device response: <KeyPress from None: t=261.9567887000003, value=c, duration=None>
261.9716 	EXP 	New trial (rep=23, index=3): <Trial 95 (3 in rep 23) data={'pos': np.int64(-150), 'corr_resp': 'z', 'thisN': 95, 'thisTrialN': 3, 'thisRepN': 23}>
261.9881 	EXP 	fixation: autoDraw = False
261.9881 	EXP 	line1: autoDraw = False
261.9881 	EXP 	line_2: autoDraw = False
261.9881 	EXP 	line_3: autoDraw = False
261.9881 	EXP 	line4: autoDraw = False
261.9881 	EXP 	probe: autoDraw = False
261.9881 	EXP 	fixation: autoDraw = True
262.1219 	EXP 	Device response: <KeyPress from None: t=261.9567887000003, value=c, duration=0.1592516999999134>
262.9712 	EXP 	line1: autoDraw = True
262.9712 	EXP 	line_2: autoDraw = True
262.9712 	EXP 	line_3: autoDraw = True
262.9712 	EXP 	line4: autoDraw = True
262.9882 	EXP 	fixation: autoDraw = False
263.9713 	INFO 	Keyboard events cleared
263.9712 	EXP 	probe: autoDraw = True
264.2548 	EXP 	Device response: <KeyPress from None: t=264.2474752000003, value=z, duration=None>
264.2552 	EXP 	New trial (rep=24, index=0): <Trial 96 (0 in rep 24) data={'pos': np.int64(-50), 'corr_resp': 'x', 'thisN': 96, 'thisTrialN': 0, 'thisRepN': 24}>
264.2564 	DATA 	Keypress: z
264.2707 	EXP 	fixation: autoDraw = False
264.2707 	EXP 	line1: autoDraw = False
264.2707 	EXP 	line_2: autoDraw = False
264.2707 	EXP 	line_3: autoDraw = False
264.2707 	EXP 	line4: autoDraw = False
264.2707 	EXP 	probe: autoDraw = False
264.2707 	EXP 	fixation: autoDraw = True
264.4381 	EXP 	Device response: <KeyPress from None: t=264.2474752000003, value=z, duration=0.17631829999982074>
265.2548 	EXP 	line1: autoDraw = True
265.2548 	EXP 	line_2: autoDraw = True
265.2548 	EXP 	line_3: autoDraw = True
265.2548 	EXP 	line4: autoDraw = True
265.2716 	EXP 	fixation: autoDraw = False
265.8725 	DATA 	Mouse:  Left button up, pos=(610,676)
266.2549 	INFO 	Keyboard events cleared
266.2547 	EXP 	probe: autoDraw = True
268.0387 	EXP 	Device response: <KeyPress from None: t=268.0321277000003, value=x, duration=None>
268.0391 	EXP 	New trial (rep=24, index=1): <Trial 97 (1 in rep 24) data={'pos': np.int64(150), 'corr_resp': 'v', 'thisN': 97, 'thisTrialN': 1, 'thisRepN': 24}>
268.0406 	DATA 	Keypress: x
268.0544 	EXP 	fixation: autoDraw = False
268.0544 	EXP 	line1: autoDraw = False
268.0544 	EXP 	line_2: autoDraw = False
268.0544 	EXP 	line_3: autoDraw = False
268.0544 	EXP 	line4: autoDraw = False
268.0544 	EXP 	probe: autoDraw = False
268.0544 	EXP 	fixation: autoDraw = True
268.1215 	EXP 	Device response: <KeyPress from None: t=268.0321277000003, value=x, duration=0.0770036999997501>
269.0548 	EXP 	fixation: autoDraw = False
269.0548 	EXP 	line1: autoDraw = True
269.0548 	EXP 	line_2: autoDraw = True
269.0548 	EXP 	line_3: autoDraw = True
269.0548 	EXP 	line4: autoDraw = True
270.0546 	INFO 	Keyboard events cleared
270.0545 	EXP 	probe: autoDraw = True
271.6715 	EXP 	Device response: <KeyPress from None: t=271.6617037000001, value=v, duration=None>
271.6719 	EXP 	New trial (rep=24, index=2): <Trial 98 (2 in rep 24) data={'pos': np.int64(50), 'corr_resp': 'c', 'thisN': 98, 'thisTrialN': 2, 'thisRepN': 24}>
271.6732 	DATA 	Keypress: v
271.6876 	EXP 	fixation: autoDraw = False
271.6876 	EXP 	line1: autoDraw = False
271.6876 	EXP 	line_2: autoDraw = False
271.6876 	EXP 	line_3: autoDraw = False
271.6876 	EXP 	line4: autoDraw = False
271.6876 	EXP 	probe: autoDraw = False
271.6876 	EXP 	fixation: autoDraw = True
271.7549 	EXP 	Device response: <KeyPress from None: t=271.6617037000001, value=v, duration=0.09049310000000332>
272.6713 	EXP 	line1: autoDraw = True
272.6713 	EXP 	line_2: autoDraw = True
272.6713 	EXP 	line_3: autoDraw = True
272.6713 	EXP 	line4: autoDraw = True
272.6890 	EXP 	fixation: autoDraw = False
273.6716 	INFO 	Keyboard events cleared
273.6715 	EXP 	probe: autoDraw = True
274.5053 	EXP 	Device response: <KeyPress from None: t=274.4918517000001, value=c, duration=None>
274.5057 	EXP 	New trial (rep=24, index=3): <Trial 99 (3 in rep 24) data={'pos': np.int64(-150), 'corr_resp': 'z', 'thisN': 99, 'thisTrialN': 3, 'thisRepN': 24}>
274.5070 	DATA 	Keypress: c
274.5215 	EXP 	fixation: autoDraw = False
274.5215 	EXP 	line1: autoDraw = False
274.5215 	EXP 	line_2: autoDraw = False
274.5215 	EXP 	line_3: autoDraw = False
274.5215 	EXP 	line4: autoDraw = False
274.5215 	EXP 	probe: autoDraw = False
274.5215 	EXP 	fixation: autoDraw = True
274.5557 	EXP 	Device response: <KeyPress from None: t=274.4918517000001, value=c, duration=0.06128440000020419>
275.5045 	EXP 	line1: autoDraw = True
275.5045 	EXP 	line_2: autoDraw = True
275.5045 	EXP 	line_3: autoDraw = True
275.5045 	EXP 	line4: autoDraw = True
275.5214 	EXP 	fixation: autoDraw = False
276.5048 	INFO 	Keyboard events cleared
276.5047 	EXP 	probe: autoDraw = True
281.1715 	EXP 	Device response: <KeyPress from None: t=281.16138200000023, value=z, duration=None>
281.1719 	EXP 	New trial (rep=25, index=0): <Trial 100 (0 in rep 25) data={'pos': np.int64(-50), 'corr_resp': 'x', 'thisN': 100, 'thisTrialN': 0, 'thisRepN': 25}>
281.1734 	DATA 	Keypress: z
281.1885 	EXP 	fixation: autoDraw = False
281.1885 	EXP 	line1: autoDraw = False
281.1885 	EXP 	line_2: autoDraw = False
281.1885 	EXP 	line_3: autoDraw = False
281.1885 	EXP 	line4: autoDraw = False
281.1885 	EXP 	probe: autoDraw = False
281.1885 	EXP 	fixation: autoDraw = True
281.3718 	EXP 	Device response: <KeyPress from None: t=281.16138200000023, value=z, duration=0.20141729999977542>
282.1714 	EXP 	line1: autoDraw = True
282.1714 	EXP 	line_2: autoDraw = True
282.1714 	EXP 	line_3: autoDraw = True
282.1714 	EXP 	line4: autoDraw = True
282.1880 	EXP 	fixation: autoDraw = False
283.1717 	INFO 	Keyboard events cleared
283.1716 	EXP 	probe: autoDraw = True
285.0882 	EXP 	Device response: <KeyPress from None: t=285.0850422000003, value=x, duration=None>
285.0885 	EXP 	New trial (rep=25, index=1): <Trial 101 (1 in rep 25) data={'pos': np.int64(150), 'corr_resp': 'v', 'thisN': 101, 'thisTrialN': 1, 'thisRepN': 25}>
285.0899 	DATA 	Keypress: x
285.1047 	EXP 	fixation: autoDraw = False
285.1047 	EXP 	line1: autoDraw = False
285.1047 	EXP 	line_2: autoDraw = False
285.1047 	EXP 	line_3: autoDraw = False
285.1047 	EXP 	line4: autoDraw = False
285.1047 	EXP 	probe: autoDraw = False
285.1047 	EXP 	fixation: autoDraw = True
285.2384 	EXP 	Device response: <KeyPress from None: t=285.0850422000003, value=x, duration=0.13961049999988973>
286.0883 	EXP 	line1: autoDraw = True
286.0883 	EXP 	line_2: autoDraw = True
286.0883 	EXP 	line_3: autoDraw = True
286.0883 	EXP 	line4: autoDraw = True
286.1048 	EXP 	fixation: autoDraw = False
287.0891 	INFO 	Keyboard events cleared
287.0889 	EXP 	probe: autoDraw = True
288.8386 	EXP 	Device response: <KeyPress from None: t=288.8323253000003, value=v, duration=None>
288.8390 	EXP 	New trial (rep=25, index=2): <Trial 102 (2 in rep 25) data={'pos': np.int64(50), 'corr_resp': 'c', 'thisN': 102, 'thisTrialN': 2, 'thisRepN': 25}>
288.8403 	DATA 	Keypress: v
288.8549 	EXP 	fixation: autoDraw = False
288.8549 	EXP 	line1: autoDraw = False
288.8549 	EXP 	line_2: autoDraw = False
288.8549 	EXP 	line_3: autoDraw = False
288.8549 	EXP 	line4: autoDraw = False
288.8549 	EXP 	probe: autoDraw = False
288.8549 	EXP 	fixation: autoDraw = True
289.0059 	EXP 	Device response: <KeyPress from None: t=288.8323253000003, value=v, duration=0.1622588000000178>
289.8375 	EXP 	line1: autoDraw = True
289.8375 	EXP 	line_2: autoDraw = True
289.8375 	EXP 	line_3: autoDraw = True
289.8375 	EXP 	line4: autoDraw = True
289.8541 	EXP 	fixation: autoDraw = False
290.8384 	INFO 	Keyboard events cleared
290.8382 	EXP 	probe: autoDraw = True
291.7245 	DATA 	Keypress: c
291.7379 	EXP 	Device response: <KeyPress from None: t=291.7236984000001, value=c, duration=None>
291.7382 	EXP 	New trial (rep=25, index=3): <Trial 103 (3 in rep 25) data={'pos': np.int64(-150), 'corr_resp': 'z', 'thisN': 103, 'thisTrialN': 3, 'thisRepN': 25}>
291.7541 	EXP 	fixation: autoDraw = False
291.7541 	EXP 	line1: autoDraw = False
291.7541 	EXP 	line_2: autoDraw = False
291.7541 	EXP 	line_3: autoDraw = False
291.7541 	EXP 	line4: autoDraw = False
291.7541 	EXP 	probe: autoDraw = False
291.7541 	EXP 	fixation: autoDraw = True
291.8382 	EXP 	Device response: <KeyPress from None: t=291.7236984000001, value=c, duration=0.11125810000021374>
292.7384 	EXP 	line1: autoDraw = True
292.7384 	EXP 	line_2: autoDraw = True
292.7384 	EXP 	line_3: autoDraw = True
292.7384 	EXP 	line4: autoDraw = True
292.7547 	EXP 	fixation: autoDraw = False
293.7375 	INFO 	Keyboard events cleared
293.7373 	EXP 	probe: autoDraw = True
294.3721 	EXP 	Device response: <KeyPress from None: t=294.35904450000044, value=z, duration=None>
294.3726 	EXP 	New trial (rep=26, index=0): <Trial 104 (0 in rep 26) data={'pos': np.int64(-50), 'corr_resp': 'x', 'thisN': 104, 'thisTrialN': 0, 'thisRepN': 26}>
294.3741 	DATA 	Keypress: z
294.3881 	EXP 	fixation: autoDraw = False
294.3881 	EXP 	line1: autoDraw = False
294.3881 	EXP 	line_2: autoDraw = False
294.3881 	EXP 	line_3: autoDraw = False
294.3881 	EXP 	line4: autoDraw = False
294.3881 	EXP 	probe: autoDraw = False
294.3881 	EXP 	fixation: autoDraw = True
294.5385 	EXP 	Device response: <KeyPress from None: t=294.35904450000044, value=z, duration=0.1766749999997046>
295.3881 	EXP 	fixation: autoDraw = False
295.3881 	EXP 	line1: autoDraw = True
295.3881 	EXP 	line_2: autoDraw = True
295.3881 	EXP 	line_3: autoDraw = True
295.3881 	EXP 	line4: autoDraw = True
296.3888 	INFO 	Keyboard events cleared
296.3887 	EXP 	probe: autoDraw = True
296.7048 	EXP 	Device response: <KeyPress from None: t=296.7022030000003, value=x, duration=None>
296.7052 	EXP 	New trial (rep=26, index=1): <Trial 105 (1 in rep 26) data={'pos': np.int64(150), 'corr_resp': 'v', 'thisN': 105, 'thisTrialN': 1, 'thisRepN': 26}>
296.7065 	DATA 	Keypress: x
296.7209 	EXP 	fixation: autoDraw = False
296.7209 	EXP 	line1: autoDraw = False
296.7209 	EXP 	line_2: autoDraw = False
296.7209 	EXP 	line_3: autoDraw = False
296.7209 	EXP 	line4: autoDraw = False
296.7209 	EXP 	probe: autoDraw = False
296.7209 	EXP 	fixation: autoDraw = True
296.9381 	EXP 	Device response: <KeyPress from None: t=296.7022030000003, value=x, duration=0.22005940000008195>
297.7046 	EXP 	line1: autoDraw = True
297.7046 	EXP 	line_2: autoDraw = True
297.7046 	EXP 	line_3: autoDraw = True
297.7046 	EXP 	line4: autoDraw = True
297.7208 	EXP 	fixation: autoDraw = False
298.7047 	INFO 	Keyboard events cleared
298.7045 	EXP 	probe: autoDraw = True
299.0553 	EXP 	Device response: <KeyPress from None: t=299.05225940000037, value=v, duration=None>
299.0557 	EXP 	New trial (rep=26, index=2): <Trial 106 (2 in rep 26) data={'pos': np.int64(50), 'corr_resp': 'c', 'thisN': 106, 'thisTrialN': 2, 'thisRepN': 26}>
299.0570 	DATA 	Keypress: v
299.0716 	EXP 	fixation: autoDraw = False
299.0716 	EXP 	line1: autoDraw = False
299.0716 	EXP 	line_2: autoDraw = False
299.0716 	EXP 	line_3: autoDraw = False
299.0716 	EXP 	line4: autoDraw = False
299.0716 	EXP 	probe: autoDraw = False
299.0716 	EXP 	fixation: autoDraw = True
299.2713 	EXP 	Device response: <KeyPress from None: t=299.05225940000037, value=v, duration=0.20494499999995242>
300.0711 	EXP 	fixation: autoDraw = False
300.0711 	EXP 	line1: autoDraw = True
300.0711 	EXP 	line_2: autoDraw = True
300.0711 	EXP 	line_3: autoDraw = True
300.0711 	EXP 	line4: autoDraw = True
301.0554 	INFO 	Keyboard events cleared
301.0551 	EXP 	probe: autoDraw = True
301.4390 	EXP 	Device response: <KeyPress from None: t=301.43370030000005, value=c, duration=None>
301.4394 	EXP 	New trial (rep=26, index=3): <Trial 107 (3 in rep 26) data={'pos': np.int64(-150), 'corr_resp': 'z', 'thisN': 107, 'thisTrialN': 3, 'thisRepN': 26}>
301.4410 	DATA 	Keypress: c
301.4542 	EXP 	fixation: autoDraw = False
301.4542 	EXP 	line1: autoDraw = False
301.4542 	EXP 	line_2: autoDraw = False
301.4542 	EXP 	line_3: autoDraw = False
301.4542 	EXP 	line4: autoDraw = False
301.4542 	EXP 	probe: autoDraw = False
301.4542 	EXP 	fixation: autoDraw = True
301.6381 	EXP 	Device response: <KeyPress from None: t=301.43370030000005, value=c, duration=0.1970510999999533>
302.4546 	EXP 	fixation: autoDraw = False
302.4546 	EXP 	line1: autoDraw = True
302.4546 	EXP 	line_2: autoDraw = True
302.4546 	EXP 	line_3: autoDraw = True
302.4546 	EXP 	line4: autoDraw = True
303.4547 	INFO 	Keyboard events cleared
303.4545 	EXP 	probe: autoDraw = True
303.7553 	EXP 	Device response: <KeyPress from None: t=303.7491527000002, value=z, duration=None>
303.7557 	EXP 	New trial (rep=27, index=0): <Trial 108 (0 in rep 27) data={'pos': np.int64(-50), 'corr_resp': 'x', 'thisN': 108, 'thisTrialN': 0, 'thisRepN': 27}>
303.7570 	DATA 	Keypress: z
303.7710 	EXP 	fixation: autoDraw = False
303.7710 	EXP 	line1: autoDraw = False
303.7710 	EXP 	line_2: autoDraw = False
303.7710 	EXP 	line_3: autoDraw = False
303.7710 	EXP 	line4: autoDraw = False
303.7710 	EXP 	probe: autoDraw = False
303.7710 	EXP 	fixation: autoDraw = True
303.9056 	EXP 	Device response: <KeyPress from None: t=303.7491527000002, value=z, duration=0.1535623999998279>
304.7541 	EXP 	line1: autoDraw = True
304.7541 	EXP 	line_2: autoDraw = True
304.7541 	EXP 	line_3: autoDraw = True
304.7541 	EXP 	line4: autoDraw = True
304.7712 	EXP 	fixation: autoDraw = False
305.7551 	INFO 	Keyboard events cleared
305.7550 	EXP 	probe: autoDraw = True
306.7383 	EXP 	Device response: <KeyPress from None: t=306.72330980000015, value=x, duration=None>
306.7387 	EXP 	New trial (rep=27, index=1): <Trial 109 (1 in rep 27) data={'pos': np.int64(150), 'corr_resp': 'v', 'thisN': 109, 'thisTrialN': 1, 'thisRepN': 27}>
306.7400 	DATA 	Keypress: x
306.7545 	EXP 	fixation: autoDraw = False
306.7545 	EXP 	line1: autoDraw = False
306.7545 	EXP 	line_2: autoDraw = False
306.7545 	EXP 	line_3: autoDraw = False
306.7545 	EXP 	line4: autoDraw = False
306.7545 	EXP 	probe: autoDraw = False
306.7545 	EXP 	fixation: autoDraw = True
306.8553 	EXP 	Device response: <KeyPress from None: t=306.72330980000015, value=x, duration=0.12086840000029042>
307.7384 	EXP 	line1: autoDraw = True
307.7384 	EXP 	line_2: autoDraw = True
307.7384 	EXP 	line_3: autoDraw = True
307.7384 	EXP 	line4: autoDraw = True
307.7544 	EXP 	fixation: autoDraw = False
308.7385 	INFO 	Keyboard events cleared
308.7384 	EXP 	probe: autoDraw = True
309.9413 	DATA 	Keypress: v
309.9550 	EXP 	Device response: <KeyPress from None: t=309.9391265000004, value=v, duration=None>
309.9554 	EXP 	New trial (rep=27, index=2): <Trial 110 (2 in rep 27) data={'pos': np.int64(50), 'corr_resp': 'c', 'thisN': 110, 'thisTrialN': 2, 'thisRepN': 27}>
309.9720 	EXP 	fixation: autoDraw = False
309.9720 	EXP 	line1: autoDraw = False
309.9720 	EXP 	line_2: autoDraw = False
309.9720 	EXP 	line_3: autoDraw = False
309.9720 	EXP 	line4: autoDraw = False
309.9720 	EXP 	probe: autoDraw = False
309.9720 	EXP 	fixation: autoDraw = True
310.1226 	EXP 	Device response: <KeyPress from None: t=309.9391265000004, value=v, duration=0.16811319999987973>
310.9714 	EXP 	fixation: autoDraw = False
310.9714 	EXP 	line1: autoDraw = True
310.9714 	EXP 	line_2: autoDraw = True
310.9714 	EXP 	line_3: autoDraw = True
310.9714 	EXP 	line4: autoDraw = True
311.9554 	INFO 	Keyboard events cleared
311.9552 	EXP 	probe: autoDraw = True
312.9045 	EXP 	Device response: <KeyPress from None: t=312.8956607, value=c, duration=None>
312.9048 	EXP 	New trial (rep=27, index=3): <Trial 111 (3 in rep 27) data={'pos': np.int64(-150), 'corr_resp': 'z', 'thisN': 111, 'thisTrialN': 3, 'thisRepN': 27}>
312.9064 	DATA 	Keypress: c
312.9211 	EXP 	fixation: autoDraw = False
312.9211 	EXP 	line1: autoDraw = False
312.9211 	EXP 	line_2: autoDraw = False
312.9211 	EXP 	line_3: autoDraw = False
312.9211 	EXP 	line4: autoDraw = False
312.9211 	EXP 	probe: autoDraw = False
312.9211 	EXP 	fixation: autoDraw = True
313.0555 	EXP 	Device response: <KeyPress from None: t=312.8956607, value=c, duration=0.1570808000001307>
313.9047 	EXP 	line1: autoDraw = True
313.9047 	EXP 	line_2: autoDraw = True
313.9047 	EXP 	line_3: autoDraw = True
313.9047 	EXP 	line4: autoDraw = True
313.9219 	EXP 	fixation: autoDraw = False
314.9047 	INFO 	Keyboard events cleared
314.9046 	EXP 	probe: autoDraw = True
315.3226 	EXP 	Device response: <KeyPress from None: t=315.31689600000027, value=z, duration=None>
315.3232 	EXP 	New trial (rep=28, index=0): <Trial 112 (0 in rep 28) data={'pos': np.int64(-50), 'corr_resp': 'x', 'thisN': 112, 'thisTrialN': 0, 'thisRepN': 28}>
315.3247 	DATA 	Keypress: z
315.3375 	EXP 	fixation: autoDraw = False
315.3375 	EXP 	line1: autoDraw = False
315.3375 	EXP 	line_2: autoDraw = False
315.3375 	EXP 	line_3: autoDraw = False
315.3375 	EXP 	line4: autoDraw = False
315.3375 	EXP 	probe: autoDraw = False
315.3375 	EXP 	fixation: autoDraw = True
315.4718 	EXP 	Device response: <KeyPress from None: t=315.31689600000027, value=z, duration=0.14325700000017605>
316.3385 	EXP 	fixation: autoDraw = False
316.3385 	EXP 	line1: autoDraw = True
316.3385 	EXP 	line_2: autoDraw = True
316.3385 	EXP 	line_3: autoDraw = True
316.3385 	EXP 	line4: autoDraw = True
317.3378 	INFO 	Keyboard events cleared
317.3377 	EXP 	probe: autoDraw = True
317.8082 	DATA 	Keypress: x
317.8219 	EXP 	Device response: <KeyPress from None: t=317.8065008000003, value=x, duration=None>
317.8223 	EXP 	New trial (rep=28, index=1): <Trial 113 (1 in rep 28) data={'pos': np.int64(150), 'corr_resp': 'v', 'thisN': 113, 'thisTrialN': 1, 'thisRepN': 28}>
317.8373 	EXP 	fixation: autoDraw = False
317.8373 	EXP 	line1: autoDraw = False
317.8373 	EXP 	line_2: autoDraw = False
317.8373 	EXP 	line_3: autoDraw = False
317.8373 	EXP 	line4: autoDraw = False
317.8373 	EXP 	probe: autoDraw = False
317.8373 	EXP 	fixation: autoDraw = True
317.9890 	EXP 	Device response: <KeyPress from None: t=317.8065008000003, value=x, duration=0.17319580000003043>
318.8217 	EXP 	line1: autoDraw = True
318.8217 	EXP 	line_2: autoDraw = True
318.8217 	EXP 	line_3: autoDraw = True
318.8217 	EXP 	line4: autoDraw = True
318.8379 	EXP 	fixation: autoDraw = False
319.8218 	INFO 	Keyboard events cleared
319.8215 	EXP 	probe: autoDraw = True
320.1886 	EXP 	Device response: <KeyPress from None: t=320.18616470000006, value=v, duration=None>
320.1890 	EXP 	New trial (rep=28, index=2): <Trial 114 (2 in rep 28) data={'pos': np.int64(50), 'corr_resp': 'c', 'thisN': 114, 'thisTrialN': 2, 'thisRepN': 28}>
320.1904 	DATA 	Keypress: v
320.2041 	EXP 	fixation: autoDraw = False
320.2041 	EXP 	line1: autoDraw = False
320.2041 	EXP 	line_2: autoDraw = False
320.2041 	EXP 	line_3: autoDraw = False
320.2041 	EXP 	line4: autoDraw = False
320.2041 	EXP 	probe: autoDraw = False
320.2041 	EXP 	fixation: autoDraw = True
320.3887 	EXP 	Device response: <KeyPress from None: t=320.18616470000006, value=v, duration=0.19979260000036447>
321.1883 	EXP 	line1: autoDraw = True
321.1883 	EXP 	line_2: autoDraw = True
321.1883 	EXP 	line_3: autoDraw = True
321.1883 	EXP 	line4: autoDraw = True
321.2054 	EXP 	fixation: autoDraw = False
322.1891 	INFO 	Keyboard events cleared
322.1889 	EXP 	probe: autoDraw = True
322.6050 	EXP 	Device response: <KeyPress from None: t=322.5906808000004, value=c, duration=None>
322.6055 	EXP 	New trial (rep=28, index=3): <Trial 115 (3 in rep 28) data={'pos': np.int64(-150), 'corr_resp': 'z', 'thisN': 115, 'thisTrialN': 3, 'thisRepN': 28}>
322.6071 	DATA 	Keypress: c
322.6220 	EXP 	fixation: autoDraw = False
322.6220 	EXP 	line1: autoDraw = False
322.6220 	EXP 	line_2: autoDraw = False
322.6220 	EXP 	line_3: autoDraw = False
322.6220 	EXP 	line4: autoDraw = False
322.6220 	EXP 	probe: autoDraw = False
322.6220 	EXP 	fixation: autoDraw = True
322.7726 	EXP 	Device response: <KeyPress from None: t=322.5906808000004, value=c, duration=0.1800269999998818>
323.6048 	EXP 	line1: autoDraw = True
323.6048 	EXP 	line_2: autoDraw = True
323.6048 	EXP 	line_3: autoDraw = True
323.6048 	EXP 	line4: autoDraw = True
323.6222 	EXP 	fixation: autoDraw = False
324.6058 	INFO 	Keyboard events cleared
324.6056 	EXP 	probe: autoDraw = True
325.3904 	DATA 	Keypress: z
325.4051 	EXP 	Device response: <KeyPress from None: t=325.38825880000013, value=z, duration=None>
325.4054 	EXP 	New trial (rep=29, index=0): <Trial 116 (0 in rep 29) data={'pos': np.int64(-50), 'corr_resp': 'x', 'thisN': 116, 'thisTrialN': 0, 'thisRepN': 29}>
325.4211 	EXP 	fixation: autoDraw = False
325.4211 	EXP 	line1: autoDraw = False
325.4211 	EXP 	line_2: autoDraw = False
325.4211 	EXP 	line_3: autoDraw = False
325.4211 	EXP 	line4: autoDraw = False
325.4211 	EXP 	probe: autoDraw = False
325.4211 	EXP 	fixation: autoDraw = True
325.6057 	EXP 	Device response: <KeyPress from None: t=325.38825880000013, value=z, duration=0.20469839999987016>
326.4051 	EXP 	line1: autoDraw = True
326.4051 	EXP 	line_2: autoDraw = True
326.4051 	EXP 	line_3: autoDraw = True
326.4051 	EXP 	line4: autoDraw = True
326.4211 	EXP 	fixation: autoDraw = False
327.4047 	INFO 	Keyboard events cleared
327.4045 	EXP 	probe: autoDraw = True
327.8220 	EXP 	Device response: <KeyPress from None: t=327.8157236000002, value=c, duration=None>
327.8224 	EXP 	New trial (rep=29, index=1): <Trial 117 (1 in rep 29) data={'pos': np.int64(150), 'corr_resp': 'v', 'thisN': 117, 'thisTrialN': 1, 'thisRepN': 29}>
327.8240 	DATA 	Keypress: c
327.8376 	EXP 	fixation: autoDraw = False
327.8376 	EXP 	line1: autoDraw = False
327.8376 	EXP 	line_2: autoDraw = False
327.8376 	EXP 	line_3: autoDraw = False
327.8376 	EXP 	line4: autoDraw = False
327.8376 	EXP 	probe: autoDraw = False
327.8376 	EXP 	fixation: autoDraw = True
328.0548 	EXP 	Device response: <KeyPress from None: t=327.8157236000002, value=c, duration=0.22792740000022604>
328.8217 	EXP 	line1: autoDraw = True
328.8217 	EXP 	line_2: autoDraw = True
328.8217 	EXP 	line_3: autoDraw = True
328.8217 	EXP 	line4: autoDraw = True
328.8387 	EXP 	fixation: autoDraw = False
329.8223 	INFO 	Keyboard events cleared
329.8221 	EXP 	probe: autoDraw = True
330.1395 	EXP 	Device response: <KeyPress from None: t=330.1322682, value=v, duration=None>
330.1399 	EXP 	New trial (rep=29, index=2): <Trial 118 (2 in rep 29) data={'pos': np.int64(50), 'corr_resp': 'c', 'thisN': 118, 'thisTrialN': 2, 'thisRepN': 29}>
330.1414 	DATA 	Keypress: v
330.1544 	EXP 	fixation: autoDraw = False
330.1544 	EXP 	line1: autoDraw = False
330.1544 	EXP 	line_2: autoDraw = False
330.1544 	EXP 	line_3: autoDraw = False
330.1544 	EXP 	line4: autoDraw = False
330.1544 	EXP 	probe: autoDraw = False
330.1544 	EXP 	fixation: autoDraw = True
330.3221 	EXP 	Device response: <KeyPress from None: t=330.1322682, value=v, duration=0.18050350000021353>
331.1548 	EXP 	fixation: autoDraw = False
331.1548 	EXP 	line1: autoDraw = True
331.1548 	EXP 	line_2: autoDraw = True
331.1548 	EXP 	line_3: autoDraw = True
331.1548 	EXP 	line4: autoDraw = True
332.1554 	INFO 	Keyboard events cleared
332.1552 	EXP 	probe: autoDraw = True
332.2725 	EXP 	Device response: <KeyPress from None: t=332.2672937000002, value=z, duration=None>
332.2729 	EXP 	New trial (rep=29, index=3): <Trial 119 (3 in rep 29) data={'pos': np.int64(-150), 'corr_resp': 'z', 'thisN': 119, 'thisTrialN': 3, 'thisRepN': 29}>
332.2744 	DATA 	Keypress: z
332.2877 	EXP 	fixation: autoDraw = False
332.2877 	EXP 	line1: autoDraw = False
332.2877 	EXP 	line_2: autoDraw = False
332.2877 	EXP 	line_3: autoDraw = False
332.2877 	EXP 	line4: autoDraw = False
332.2877 	EXP 	probe: autoDraw = False
332.2877 	EXP 	fixation: autoDraw = True
332.4720 	EXP 	Device response: <KeyPress from None: t=332.2672937000002, value=z, duration=0.19997330000023794>
333.2716 	EXP 	line1: autoDraw = True
333.2716 	EXP 	line_2: autoDraw = True
333.2716 	EXP 	line_3: autoDraw = True
333.2716 	EXP 	line4: autoDraw = True
333.2885 	EXP 	fixation: autoDraw = False
334.2890 	INFO 	Keyboard events cleared
334.2888 	EXP 	probe: autoDraw = True
334.6390 	EXP 	Device response: <KeyPress from None: t=334.6332973000003, value=z, duration=None>
334.6394 	EXP 	New trial (rep=30, index=0): <Trial 120 (0 in rep 30) data={'pos': np.int64(-50), 'corr_resp': 'x', 'thisN': 120, 'thisTrialN': 0, 'thisRepN': 30}>
334.6407 	DATA 	Keypress: z
334.6543 	EXP 	fixation: autoDraw = False
334.6543 	EXP 	line1: autoDraw = False
334.6543 	EXP 	line_2: autoDraw = False
334.6543 	EXP 	line_3: autoDraw = False
334.6543 	EXP 	line4: autoDraw = False
334.6543 	EXP 	probe: autoDraw = False
334.6543 	EXP 	fixation: autoDraw = True
334.8223 	EXP 	Device response: <KeyPress from None: t=334.6332973000003, value=z, duration=0.18627799999967465>
335.6543 	EXP 	fixation: autoDraw = False
335.6543 	EXP 	line1: autoDraw = True
335.6543 	EXP 	line_2: autoDraw = True
335.6543 	EXP 	line_3: autoDraw = True
335.6543 	EXP 	line4: autoDraw = True
336.6545 	INFO 	Keyboard events cleared
336.6544 	EXP 	probe: autoDraw = True
337.2385 	EXP 	Device response: <KeyPress from None: t=337.2259958000004, value=x, duration=None>
337.2390 	EXP 	New trial (rep=30, index=1): <Trial 121 (1 in rep 30) data={'pos': np.int64(150), 'corr_resp': 'v', 'thisN': 121, 'thisTrialN': 1, 'thisRepN': 30}>
337.2407 	DATA 	Keypress: x
337.2543 	EXP 	fixation: autoDraw = False
337.2543 	EXP 	line1: autoDraw = False
337.2543 	EXP 	line_2: autoDraw = False
337.2543 	EXP 	line_3: autoDraw = False
337.2543 	EXP 	line4: autoDraw = False
337.2543 	EXP 	probe: autoDraw = False
337.2543 	EXP 	fixation: autoDraw = True
337.6714 	EXP 	Device response: <KeyPress from None: t=337.2259958000004, value=x, duration=0.43167259999972885>
338.2550 	EXP 	fixation: autoDraw = False
338.2550 	EXP 	line1: autoDraw = True
338.2550 	EXP 	line_2: autoDraw = True
338.2550 	EXP 	line_3: autoDraw = True
338.2550 	EXP 	line4: autoDraw = True
339.2386 	INFO 	Keyboard events cleared
339.2384 	EXP 	probe: autoDraw = True
339.6063 	DATA 	Keypress: v
339.6216 	EXP 	Device response: <KeyPress from None: t=339.60467480000034, value=v, duration=None>
339.6220 	EXP 	New trial (rep=30, index=2): <Trial 122 (2 in rep 30) data={'pos': np.int64(50), 'corr_resp': 'c', 'thisN': 122, 'thisTrialN': 2, 'thisRepN': 30}>
339.6378 	EXP 	fixation: autoDraw = False
339.6378 	EXP 	line1: autoDraw = False
339.6378 	EXP 	line_2: autoDraw = False
339.6378 	EXP 	line_3: autoDraw = False
339.6378 	EXP 	line4: autoDraw = False
339.6378 	EXP 	probe: autoDraw = False
339.6378 	EXP 	fixation: autoDraw = True
339.8216 	EXP 	Device response: <KeyPress from None: t=339.60467480000034, value=v, duration=0.21058009999978822>
340.6214 	EXP 	line1: autoDraw = True
340.6214 	EXP 	line_2: autoDraw = True
340.6214 	EXP 	line_3: autoDraw = True
340.6214 	EXP 	line4: autoDraw = True
340.6383 	EXP 	fixation: autoDraw = False
341.6215 	INFO 	Keyboard events cleared
341.6214 	EXP 	probe: autoDraw = True
342.1899 	EXP 	Device response: <KeyPress from None: t=342.1872794000001, value=c, duration=None>
342.1903 	EXP 	New trial (rep=30, index=3): <Trial 123 (3 in rep 30) data={'pos': np.int64(-150), 'corr_resp': 'z', 'thisN': 123, 'thisTrialN': 3, 'thisRepN': 30}>
342.1916 	DATA 	Keypress: c
342.2046 	EXP 	fixation: autoDraw = False
342.2046 	EXP 	line1: autoDraw = False
342.2046 	EXP 	line_2: autoDraw = False
342.2046 	EXP 	line_3: autoDraw = False
342.2046 	EXP 	line4: autoDraw = False
342.2046 	EXP 	probe: autoDraw = False
342.2046 	EXP 	fixation: autoDraw = True
342.4219 	EXP 	Device response: <KeyPress from None: t=342.1872794000001, value=c, duration=0.22989410000036514>
343.2048 	EXP 	fixation: autoDraw = False
343.2048 	EXP 	line1: autoDraw = True
343.2048 	EXP 	line_2: autoDraw = True
343.2048 	EXP 	line_3: autoDraw = True
343.2048 	EXP 	line4: autoDraw = True
344.2052 	INFO 	Keyboard events cleared
344.2051 	EXP 	probe: autoDraw = True
344.7233 	DATA 	Keypress: z
344.7383 	EXP 	Device response: <KeyPress from None: t=344.7227589000004, value=z, duration=None>
344.7387 	EXP 	New trial (rep=31, index=0): <Trial 124 (0 in rep 31) data={'pos': np.int64(-50), 'corr_resp': 'x', 'thisN': 124, 'thisTrialN': 0, 'thisRepN': 31}>
344.7543 	EXP 	fixation: autoDraw = False
344.7543 	EXP 	line1: autoDraw = False
344.7543 	EXP 	line_2: autoDraw = False
344.7543 	EXP 	line_3: autoDraw = False
344.7543 	EXP 	line4: autoDraw = False
344.7543 	EXP 	probe: autoDraw = False
344.7543 	EXP 	fixation: autoDraw = True
344.8886 	EXP 	Device response: <KeyPress from None: t=344.7227589000004, value=z, duration=0.16396140000006199>
345.7383 	EXP 	line1: autoDraw = True
345.7383 	EXP 	line_2: autoDraw = True
345.7383 	EXP 	line_3: autoDraw = True
345.7383 	EXP 	line4: autoDraw = True
345.7546 	EXP 	fixation: autoDraw = False
346.7389 	INFO 	Keyboard events cleared
346.7388 	EXP 	probe: autoDraw = True
347.2050 	EXP 	Device response: <KeyPress from None: t=347.1927225000004, value=x, duration=None>
347.2054 	EXP 	New trial (rep=31, index=1): <Trial 125 (1 in rep 31) data={'pos': np.int64(150), 'corr_resp': 'v', 'thisN': 125, 'thisTrialN': 1, 'thisRepN': 31}>
347.2067 	DATA 	Keypress: x
347.2212 	EXP 	fixation: autoDraw = False
347.2212 	EXP 	line1: autoDraw = False
347.2212 	EXP 	line_2: autoDraw = False
347.2212 	EXP 	line_3: autoDraw = False
347.2212 	EXP 	line4: autoDraw = False
347.2212 	EXP 	probe: autoDraw = False
347.2212 	EXP 	fixation: autoDraw = True
347.3887 	EXP 	Device response: <KeyPress from None: t=347.1927225000004, value=x, duration=0.1954369999998562>
348.2044 	EXP 	line1: autoDraw = True
348.2044 	EXP 	line_2: autoDraw = True
348.2044 	EXP 	line_3: autoDraw = True
348.2044 	EXP 	line4: autoDraw = True
348.2227 	EXP 	fixation: autoDraw = False
349.2056 	INFO 	Keyboard events cleared
349.2054 	EXP 	probe: autoDraw = True
349.6051 	EXP 	Device response: <KeyPress from None: t=349.6038104000004, value=v, duration=None>
349.6055 	EXP 	New trial (rep=31, index=2): <Trial 126 (2 in rep 31) data={'pos': np.int64(50), 'corr_resp': 'c', 'thisN': 126, 'thisTrialN': 2, 'thisRepN': 31}>
349.6072 	DATA 	Keypress: v
349.6212 	EXP 	fixation: autoDraw = False
349.6212 	EXP 	line1: autoDraw = False
349.6212 	EXP 	line_2: autoDraw = False
349.6212 	EXP 	line_3: autoDraw = False
349.6212 	EXP 	line4: autoDraw = False
349.6212 	EXP 	probe: autoDraw = False
349.6212 	EXP 	fixation: autoDraw = True
349.8217 	EXP 	Device response: <KeyPress from None: t=349.6038104000004, value=v, duration=0.2038775999999416>
350.6045 	EXP 	line1: autoDraw = True
350.6045 	EXP 	line_2: autoDraw = True
350.6045 	EXP 	line_3: autoDraw = True
350.6045 	EXP 	line4: autoDraw = True
350.6210 	EXP 	fixation: autoDraw = False
351.6056 	INFO 	Keyboard events cleared
351.6054 	EXP 	probe: autoDraw = True
354.5053 	EXP 	Device response: <KeyPress from None: t=354.49841700000025, value=c, duration=None>
354.5057 	EXP 	New trial (rep=31, index=3): <Trial 127 (3 in rep 31) data={'pos': np.int64(-150), 'corr_resp': 'z', 'thisN': 127, 'thisTrialN': 3, 'thisRepN': 31}>
354.5079 	DATA 	Keypress: c
354.5211 	EXP 	fixation: autoDraw = False
354.5211 	EXP 	line1: autoDraw = False
354.5211 	EXP 	line_2: autoDraw = False
354.5211 	EXP 	line_3: autoDraw = False
354.5211 	EXP 	line4: autoDraw = False
354.5211 	EXP 	probe: autoDraw = False
354.5211 	EXP 	fixation: autoDraw = True
354.6720 	EXP 	Device response: <KeyPress from None: t=354.49841700000025, value=c, duration=0.17102740000018457>
355.5053 	EXP 	line1: autoDraw = True
355.5053 	EXP 	line_2: autoDraw = True
355.5053 	EXP 	line_3: autoDraw = True
355.5053 	EXP 	line4: autoDraw = True
355.5223 	EXP 	fixation: autoDraw = False
356.5218 	INFO 	Keyboard events cleared
356.5216 	EXP 	probe: autoDraw = True
357.2722 	EXP 	Device response: <KeyPress from None: t=357.26306300000033, value=z, duration=None>
357.2726 	EXP 	New trial (rep=32, index=0): <Trial 128 (0 in rep 32) data={'pos': np.int64(-50), 'corr_resp': 'x', 'thisN': 128, 'thisTrialN': 0, 'thisRepN': 32}>
357.2738 	DATA 	Keypress: z
357.2885 	EXP 	fixation: autoDraw = False
357.2885 	EXP 	line1: autoDraw = False
357.2885 	EXP 	line_2: autoDraw = False
357.2885 	EXP 	line_3: autoDraw = False
357.2885 	EXP 	line4: autoDraw = False
357.2885 	EXP 	probe: autoDraw = False
357.2885 	EXP 	fixation: autoDraw = True
357.4549 	EXP 	Device response: <KeyPress from None: t=357.26306300000033, value=z, duration=0.18789719999995214>
358.2719 	EXP 	line1: autoDraw = True
358.2719 	EXP 	line_2: autoDraw = True
358.2719 	EXP 	line_3: autoDraw = True
358.2719 	EXP 	line4: autoDraw = True
358.2886 	EXP 	fixation: autoDraw = False
359.2717 	INFO 	Keyboard events cleared
359.2715 	EXP 	probe: autoDraw = True
359.9562 	EXP 	Device response: <KeyPress from None: t=359.9453102000002, value=x, duration=None>
359.9566 	EXP 	New trial (rep=32, index=1): <Trial 129 (1 in rep 32) data={'pos': np.int64(150), 'corr_resp': 'v', 'thisN': 129, 'thisTrialN': 1, 'thisRepN': 32}>
359.9581 	DATA 	Keypress: x
359.9712 	EXP 	fixation: autoDraw = False
359.9712 	EXP 	line1: autoDraw = False
359.9712 	EXP 	line_2: autoDraw = False
359.9712 	EXP 	line_3: autoDraw = False
359.9712 	EXP 	line4: autoDraw = False
359.9712 	EXP 	probe: autoDraw = False
359.9712 	EXP 	fixation: autoDraw = True
360.1221 	EXP 	Device response: <KeyPress from None: t=359.9453102000002, value=x, duration=0.16593980000016018>
360.9720 	EXP 	fixation: autoDraw = False
360.9720 	EXP 	line1: autoDraw = True
360.9720 	EXP 	line_2: autoDraw = True
360.9720 	EXP 	line_3: autoDraw = True
360.9720 	EXP 	line4: autoDraw = True
361.9713 	INFO 	Keyboard events cleared
361.9712 	EXP 	probe: autoDraw = True
363.1886 	EXP 	Device response: <KeyPress from None: t=363.17412860000013, value=v, duration=None>
363.1889 	EXP 	New trial (rep=32, index=2): <Trial 130 (2 in rep 32) data={'pos': np.int64(50), 'corr_resp': 'c', 'thisN': 130, 'thisTrialN': 2, 'thisRepN': 32}>
363.1906 	DATA 	Keypress: v
363.2048 	EXP 	fixation: autoDraw = False
363.2048 	EXP 	line1: autoDraw = False
363.2048 	EXP 	line_2: autoDraw = False
363.2048 	EXP 	line_3: autoDraw = False
363.2048 	EXP 	line4: autoDraw = False
363.2048 	EXP 	probe: autoDraw = False
363.2048 	EXP 	fixation: autoDraw = True
363.4385 	EXP 	Device response: <KeyPress from None: t=363.17412860000013, value=v, duration=0.25704570000016247>
364.1889 	EXP 	line1: autoDraw = True
364.1889 	EXP 	line_2: autoDraw = True
364.1889 	EXP 	line_3: autoDraw = True
364.1889 	EXP 	line4: autoDraw = True
364.2048 	EXP 	fixation: autoDraw = False
365.1889 	INFO 	Keyboard events cleared
365.1887 	EXP 	probe: autoDraw = True
369.0727 	EXP 	Device response: <KeyPress from None: t=369.0699361000002, value=c, duration=None>
369.0731 	EXP 	New trial (rep=32, index=3): <Trial 131 (3 in rep 32) data={'pos': np.int64(-150), 'corr_resp': 'z', 'thisN': 131, 'thisTrialN': 3, 'thisRepN': 32}>
369.0743 	DATA 	Keypress: c
369.0886 	EXP 	fixation: autoDraw = False
369.0886 	EXP 	line1: autoDraw = False
369.0886 	EXP 	line_2: autoDraw = False
369.0886 	EXP 	line_3: autoDraw = False
369.0886 	EXP 	line4: autoDraw = False
369.0886 	EXP 	probe: autoDraw = False
369.0886 	EXP 	fixation: autoDraw = True
369.2732 	EXP 	Device response: <KeyPress from None: t=369.0699361000002, value=c, duration=0.18939640000007785>
370.0893 	EXP 	fixation: autoDraw = False
370.0893 	EXP 	line1: autoDraw = True
370.0893 	EXP 	line_2: autoDraw = True
370.0893 	EXP 	line_3: autoDraw = True
370.0893 	EXP 	line4: autoDraw = True
371.0885 	INFO 	Keyboard events cleared
371.0883 	EXP 	probe: autoDraw = True
372.4885 	EXP 	Device response: <KeyPress from None: t=372.4752298000003, value=z, duration=None>
372.4890 	EXP 	New trial (rep=33, index=0): <Trial 132 (0 in rep 33) data={'pos': np.int64(-50), 'corr_resp': 'x', 'thisN': 132, 'thisTrialN': 0, 'thisRepN': 33}>
372.4904 	DATA 	Keypress: z
372.5047 	EXP 	fixation: autoDraw = False
372.5047 	EXP 	line1: autoDraw = False
372.5047 	EXP 	line_2: autoDraw = False
372.5047 	EXP 	line_3: autoDraw = False
372.5047 	EXP 	line4: autoDraw = False
372.5047 	EXP 	probe: autoDraw = False
372.5047 	EXP 	fixation: autoDraw = True
372.6555 	EXP 	Device response: <KeyPress from None: t=372.4752298000003, value=z, duration=0.17106599999988248>
373.4880 	EXP 	line1: autoDraw = True
373.4880 	EXP 	line_2: autoDraw = True
373.4880 	EXP 	line_3: autoDraw = True
373.4880 	EXP 	line4: autoDraw = True
373.5050 	EXP 	fixation: autoDraw = False
374.4893 	INFO 	Keyboard events cleared
374.4891 	EXP 	probe: autoDraw = True
375.1553 	EXP 	Device response: <KeyPress from None: t=375.15265100000033, value=x, duration=None>
375.1557 	EXP 	New trial (rep=33, index=1): <Trial 133 (1 in rep 33) data={'pos': np.int64(150), 'corr_resp': 'v', 'thisN': 133, 'thisTrialN': 1, 'thisRepN': 33}>
375.1571 	DATA 	Keypress: x
375.1713 	EXP 	fixation: autoDraw = False
375.1713 	EXP 	line1: autoDraw = False
375.1713 	EXP 	line_2: autoDraw = False
375.1713 	EXP 	line_3: autoDraw = False
375.1713 	EXP 	line4: autoDraw = False
375.1713 	EXP 	probe: autoDraw = False
375.1713 	EXP 	fixation: autoDraw = True
375.3389 	EXP 	Device response: <KeyPress from None: t=375.15265100000033, value=x, duration=0.18147989999988567>
376.1549 	EXP 	line1: autoDraw = True
376.1549 	EXP 	line_2: autoDraw = True
376.1549 	EXP 	line_3: autoDraw = True
376.1549 	EXP 	line4: autoDraw = True
376.1726 	EXP 	fixation: autoDraw = False
377.1562 	INFO 	Keyboard events cleared
377.1560 	EXP 	probe: autoDraw = True
377.9553 	EXP 	Device response: <KeyPress from None: t=377.95233880000023, value=v, duration=None>
377.9556 	EXP 	New trial (rep=33, index=2): <Trial 134 (2 in rep 33) data={'pos': np.int64(50), 'corr_resp': 'c', 'thisN': 134, 'thisTrialN': 2, 'thisRepN': 33}>
377.9572 	DATA 	Keypress: v
377.9711 	EXP 	fixation: autoDraw = False
377.9711 	EXP 	line1: autoDraw = False
377.9711 	EXP 	line_2: autoDraw = False
377.9711 	EXP 	line_3: autoDraw = False
377.9711 	EXP 	line4: autoDraw = False
377.9711 	EXP 	probe: autoDraw = False
377.9711 	EXP 	fixation: autoDraw = True
378.0887 	EXP 	Device response: <KeyPress from None: t=377.95233880000023, value=v, duration=0.11971439999979339>
378.9726 	EXP 	fixation: autoDraw = False
378.9726 	EXP 	line1: autoDraw = True
378.9726 	EXP 	line_2: autoDraw = True
378.9726 	EXP 	line_3: autoDraw = True
378.9726 	EXP 	line4: autoDraw = True
379.9720 	INFO 	Keyboard events cleared
379.9718 	EXP 	probe: autoDraw = True
380.3898 	EXP 	Device response: <KeyPress from None: t=380.37993190000043, value=c, duration=None>
380.3903 	EXP 	New trial (rep=33, index=3): <Trial 135 (3 in rep 33) data={'pos': np.int64(-150), 'corr_resp': 'z', 'thisN': 135, 'thisTrialN': 3, 'thisRepN': 33}>
380.3918 	DATA 	Keypress: c
380.4047 	EXP 	fixation: autoDraw = False
380.4047 	EXP 	line1: autoDraw = False
380.4047 	EXP 	line_2: autoDraw = False
380.4047 	EXP 	line_3: autoDraw = False
380.4047 	EXP 	line4: autoDraw = False
380.4047 	EXP 	probe: autoDraw = False
380.4047 	EXP 	fixation: autoDraw = True
380.5890 	EXP 	Device response: <KeyPress from None: t=380.37993190000043, value=c, duration=0.1992686999997204>
381.4052 	EXP 	fixation: autoDraw = False
381.4052 	EXP 	line1: autoDraw = True
381.4052 	EXP 	line_2: autoDraw = True
381.4052 	EXP 	line_3: autoDraw = True
381.4052 	EXP 	line4: autoDraw = True
382.4051 	INFO 	Keyboard events cleared
382.4049 	EXP 	probe: autoDraw = True
383.1572 	DATA 	Keypress: z
383.1720 	EXP 	Device response: <KeyPress from None: t=383.1560178000004, value=z, duration=None>
383.1724 	EXP 	New trial (rep=34, index=0): <Trial 136 (0 in rep 34) data={'pos': np.int64(-50), 'corr_resp': 'x', 'thisN': 136, 'thisTrialN': 0, 'thisRepN': 34}>
383.1884 	EXP 	fixation: autoDraw = False
383.1884 	EXP 	line1: autoDraw = False
383.1884 	EXP 	line_2: autoDraw = False
383.1884 	EXP 	line_3: autoDraw = False
383.1884 	EXP 	line4: autoDraw = False
383.1884 	EXP 	probe: autoDraw = False
383.1884 	EXP 	fixation: autoDraw = True
383.3058 	EXP 	Device response: <KeyPress from None: t=383.1560178000004, value=z, duration=0.14854029999969498>
384.1885 	EXP 	fixation: autoDraw = False
384.1885 	EXP 	line1: autoDraw = True
384.1885 	EXP 	line_2: autoDraw = True
384.1885 	EXP 	line_3: autoDraw = True
384.1885 	EXP 	line4: autoDraw = True
385.1712 	INFO 	Keyboard events cleared
385.1710 	EXP 	probe: autoDraw = True
385.7566 	EXP 	Device response: <KeyPress from None: t=385.7551633000003, value=x, duration=None>
385.7570 	EXP 	New trial (rep=34, index=1): <Trial 137 (1 in rep 34) data={'pos': np.int64(150), 'corr_resp': 'v', 'thisN': 137, 'thisTrialN': 1, 'thisRepN': 34}>
385.7583 	DATA 	Keypress: x
385.7715 	EXP 	fixation: autoDraw = False
385.7715 	EXP 	line1: autoDraw = False
385.7715 	EXP 	line_2: autoDraw = False
385.7715 	EXP 	line_3: autoDraw = False
385.7715 	EXP 	line4: autoDraw = False
385.7715 	EXP 	probe: autoDraw = False
385.7715 	EXP 	fixation: autoDraw = True
385.9388 	EXP 	Device response: <KeyPress from None: t=385.7551633000003, value=x, duration=0.1786136999999144>
386.7716 	EXP 	fixation: autoDraw = False
386.7716 	EXP 	line1: autoDraw = True
386.7716 	EXP 	line_2: autoDraw = True
386.7716 	EXP 	line_3: autoDraw = True
386.7716 	EXP 	line4: autoDraw = True
387.7723 	INFO 	Keyboard events cleared
387.7721 	EXP 	probe: autoDraw = True
388.7386 	EXP 	Device response: <KeyPress from None: t=388.728611, value=v, duration=None>
388.7390 	EXP 	New trial (rep=34, index=2): <Trial 138 (2 in rep 34) data={'pos': np.int64(50), 'corr_resp': 'c', 'thisN': 138, 'thisTrialN': 2, 'thisRepN': 34}>
388.7405 	DATA 	Keypress: v
388.7546 	EXP 	fixation: autoDraw = False
388.7546 	EXP 	line1: autoDraw = False
388.7546 	EXP 	line_2: autoDraw = False
388.7546 	EXP 	line_3: autoDraw = False
388.7546 	EXP 	line4: autoDraw = False
388.7546 	EXP 	probe: autoDraw = False
388.7546 	EXP 	fixation: autoDraw = True
388.8887 	EXP 	Device response: <KeyPress from None: t=388.728611, value=v, duration=0.14408710000043357>
389.7383 	EXP 	line1: autoDraw = True
389.7383 	EXP 	line_2: autoDraw = True
389.7383 	EXP 	line_3: autoDraw = True
389.7383 	EXP 	line4: autoDraw = True
389.7556 	EXP 	fixation: autoDraw = False
390.7547 	INFO 	Keyboard events cleared
390.7546 	EXP 	probe: autoDraw = True
391.2385 	EXP 	Device response: <KeyPress from None: t=391.23136790000035, value=c, duration=None>
391.2389 	EXP 	New trial (rep=34, index=3): <Trial 139 (3 in rep 34) data={'pos': np.int64(-150), 'corr_resp': 'z', 'thisN': 139, 'thisTrialN': 3, 'thisRepN': 34}>
391.2404 	DATA 	Keypress: c
391.2551 	EXP 	fixation: autoDraw = False
391.2551 	EXP 	line1: autoDraw = False
391.2551 	EXP 	line_2: autoDraw = False
391.2551 	EXP 	line_3: autoDraw = False
391.2551 	EXP 	line4: autoDraw = False
391.2551 	EXP 	probe: autoDraw = False
391.2551 	EXP 	fixation: autoDraw = True
391.4392 	EXP 	Device response: <KeyPress from None: t=391.23136790000035, value=c, duration=0.20498029999998835>
392.2379 	EXP 	line1: autoDraw = True
392.2379 	EXP 	line_2: autoDraw = True
392.2379 	EXP 	line_3: autoDraw = True
392.2379 	EXP 	line4: autoDraw = True
392.2553 	EXP 	fixation: autoDraw = False
393.2380 	INFO 	Keyboard events cleared
393.2379 	EXP 	probe: autoDraw = True
393.9721 	EXP 	Device response: <KeyPress from None: t=393.9630288000003, value=z, duration=None>
393.9725 	EXP 	New trial (rep=35, index=0): <Trial 140 (0 in rep 35) data={'pos': np.int64(-50), 'corr_resp': 'x', 'thisN': 140, 'thisTrialN': 0, 'thisRepN': 35}>
393.9737 	DATA 	Keypress: z
393.9891 	EXP 	fixation: autoDraw = False
393.9891 	EXP 	line1: autoDraw = False
393.9891 	EXP 	line_2: autoDraw = False
393.9891 	EXP 	line_3: autoDraw = False
393.9891 	EXP 	line4: autoDraw = False
393.9891 	EXP 	probe: autoDraw = False
393.9891 	EXP 	fixation: autoDraw = True
394.1059 	EXP 	Device response: <KeyPress from None: t=393.9630288000003, value=z, duration=0.13743979999981093>
394.9721 	EXP 	line1: autoDraw = True
394.9721 	EXP 	line_2: autoDraw = True
394.9721 	EXP 	line_3: autoDraw = True
394.9721 	EXP 	line4: autoDraw = True
394.9889 	EXP 	fixation: autoDraw = False
395.9719 	INFO 	Keyboard events cleared
395.9717 	EXP 	probe: autoDraw = True
396.4724 	EXP 	Device response: <KeyPress from None: t=396.46027140000024, value=x, duration=None>
396.4728 	EXP 	New trial (rep=35, index=1): <Trial 141 (1 in rep 35) data={'pos': np.int64(150), 'corr_resp': 'v', 'thisN': 141, 'thisTrialN': 1, 'thisRepN': 35}>
396.4740 	DATA 	Keypress: x
396.4878 	EXP 	fixation: autoDraw = False
396.4878 	EXP 	line1: autoDraw = False
396.4878 	EXP 	line_2: autoDraw = False
396.4878 	EXP 	line_3: autoDraw = False
396.4878 	EXP 	line4: autoDraw = False
396.4878 	EXP 	probe: autoDraw = False
396.4878 	EXP 	fixation: autoDraw = True
396.6725 	EXP 	Device response: <KeyPress from None: t=396.46027140000024, value=x, duration=0.21112270000003264>
397.4884 	EXP 	fixation: autoDraw = False
397.4884 	EXP 	line1: autoDraw = True
397.4884 	EXP 	line_2: autoDraw = True
397.4884 	EXP 	line_3: autoDraw = True
397.4884 	EXP 	line4: autoDraw = True
398.4723 	INFO 	Keyboard events cleared
398.4721 	EXP 	probe: autoDraw = True
401.1884 	EXP 	Device response: <KeyPress from None: t=401.17641470000035, value=v, duration=None>
401.1889 	EXP 	New trial (rep=35, index=2): <Trial 142 (2 in rep 35) data={'pos': np.int64(50), 'corr_resp': 'c', 'thisN': 142, 'thisTrialN': 2, 'thisRepN': 35}>
401.1904 	DATA 	Keypress: v
401.2051 	EXP 	fixation: autoDraw = False
401.2051 	EXP 	line1: autoDraw = False
401.2051 	EXP 	line_2: autoDraw = False
401.2051 	EXP 	line_3: autoDraw = False
401.2051 	EXP 	line4: autoDraw = False
401.2051 	EXP 	probe: autoDraw = False
401.2051 	EXP 	fixation: autoDraw = True
401.3724 	EXP 	Device response: <KeyPress from None: t=401.17641470000035, value=v, duration=0.1789014999999381>
402.1883 	EXP 	line1: autoDraw = True
402.1883 	EXP 	line_2: autoDraw = True
402.1883 	EXP 	line_3: autoDraw = True
402.1883 	EXP 	line4: autoDraw = True
402.2056 	EXP 	fixation: autoDraw = False
403.1889 	INFO 	Keyboard events cleared
403.1887 	EXP 	probe: autoDraw = True
403.4889 	EXP 	Device response: <KeyPress from None: t=403.48627880000004, value=c, duration=None>
403.4892 	EXP 	New trial (rep=35, index=3): <Trial 143 (3 in rep 35) data={'pos': np.int64(-150), 'corr_resp': 'z', 'thisN': 143, 'thisTrialN': 3, 'thisRepN': 35}>
403.4906 	DATA 	Keypress: c
403.5054 	EXP 	fixation: autoDraw = False
403.5054 	EXP 	line1: autoDraw = False
403.5054 	EXP 	line_2: autoDraw = False
403.5054 	EXP 	line_3: autoDraw = False
403.5054 	EXP 	line4: autoDraw = False
403.5054 	EXP 	probe: autoDraw = False
403.5054 	EXP 	fixation: autoDraw = True
403.6891 	EXP 	Device response: <KeyPress from None: t=403.48627880000004, value=c, duration=0.18861010000000533>
404.4889 	EXP 	line1: autoDraw = True
404.4889 	EXP 	line_2: autoDraw = True
404.4889 	EXP 	line_3: autoDraw = True
404.4889 	EXP 	line4: autoDraw = True
404.5058 	EXP 	fixation: autoDraw = False
405.4887 	INFO 	Keyboard events cleared
405.4885 	EXP 	probe: autoDraw = True
406.0895 	EXP 	Device response: <KeyPress from None: t=406.07921970000007, value=z, duration=None>
406.0899 	EXP 	New trial (rep=36, index=0): <Trial 144 (0 in rep 36) data={'pos': np.int64(-50), 'corr_resp': 'x', 'thisN': 144, 'thisTrialN': 0, 'thisRepN': 36}>
406.0912 	DATA 	Keypress: z
406.1048 	EXP 	fixation: autoDraw = False
406.1048 	EXP 	line1: autoDraw = False
406.1048 	EXP 	line_2: autoDraw = False
406.1048 	EXP 	line_3: autoDraw = False
406.1048 	EXP 	line4: autoDraw = False
406.1048 	EXP 	probe: autoDraw = False
406.1048 	EXP 	fixation: autoDraw = True
406.2556 	EXP 	Device response: <KeyPress from None: t=406.07921970000007, value=z, duration=0.1722844000000805>
407.1050 	EXP 	fixation: autoDraw = False
407.1050 	EXP 	line1: autoDraw = True
407.1050 	EXP 	line_2: autoDraw = True
407.1050 	EXP 	line_3: autoDraw = True
407.1050 	EXP 	line4: autoDraw = True
408.1055 	INFO 	Keyboard events cleared
408.1053 	EXP 	probe: autoDraw = True
409.0222 	EXP 	Device response: <KeyPress from None: t=409.01418920000015, value=x, duration=None>
409.0226 	EXP 	New trial (rep=36, index=1): <Trial 145 (1 in rep 36) data={'pos': np.int64(150), 'corr_resp': 'v', 'thisN': 145, 'thisTrialN': 1, 'thisRepN': 36}>
409.0240 	DATA 	Keypress: x
409.0381 	EXP 	fixation: autoDraw = False
409.0381 	EXP 	line1: autoDraw = False
409.0381 	EXP 	line_2: autoDraw = False
409.0381 	EXP 	line_3: autoDraw = False
409.0381 	EXP 	line4: autoDraw = False
409.0381 	EXP 	probe: autoDraw = False
409.0381 	EXP 	fixation: autoDraw = True
409.2226 	EXP 	Device response: <KeyPress from None: t=409.01418920000015, value=x, duration=0.19925460000013118>
410.0219 	EXP 	line1: autoDraw = True
410.0219 	EXP 	line_2: autoDraw = True
410.0219 	EXP 	line_3: autoDraw = True
410.0219 	EXP 	line4: autoDraw = True
410.0384 	EXP 	fixation: autoDraw = False
411.0223 	INFO 	Keyboard events cleared
411.0221 	EXP 	probe: autoDraw = True
411.7725 	EXP 	Device response: <KeyPress from None: t=411.77162220000037, value=v, duration=None>
411.7729 	EXP 	New trial (rep=36, index=2): <Trial 146 (2 in rep 36) data={'pos': np.int64(50), 'corr_resp': 'c', 'thisN': 146, 'thisTrialN': 2, 'thisRepN': 36}>
411.7742 	DATA 	Keypress: v
411.7883 	EXP 	fixation: autoDraw = False
411.7883 	EXP 	line1: autoDraw = False
411.7883 	EXP 	line_2: autoDraw = False
411.7883 	EXP 	line_3: autoDraw = False
411.7883 	EXP 	line4: autoDraw = False
411.7883 	EXP 	probe: autoDraw = False
411.7883 	EXP 	fixation: autoDraw = True
411.9226 	EXP 	Device response: <KeyPress from None: t=411.77162220000037, value=v, duration=0.14826859999993758>
412.7893 	EXP 	fixation: autoDraw = False
412.7893 	EXP 	line1: autoDraw = True
412.7893 	EXP 	line_2: autoDraw = True
412.7893 	EXP 	line_3: autoDraw = True
412.7893 	EXP 	line4: autoDraw = True
413.7719 	INFO 	Keyboard events cleared
413.7718 	EXP 	probe: autoDraw = True
414.9227 	EXP 	Device response: <KeyPress from None: t=414.9137735000004, value=c, duration=None>
414.9232 	EXP 	New trial (rep=36, index=3): <Trial 147 (3 in rep 36) data={'pos': np.int64(-150), 'corr_resp': 'z', 'thisN': 147, 'thisTrialN': 3, 'thisRepN': 36}>
414.9247 	DATA 	Keypress: c
414.9385 	EXP 	fixation: autoDraw = False
414.9385 	EXP 	line1: autoDraw = False
414.9385 	EXP 	line_2: autoDraw = False
414.9385 	EXP 	line_3: autoDraw = False
414.9385 	EXP 	line4: autoDraw = False
414.9385 	EXP 	probe: autoDraw = False
414.9385 	EXP 	fixation: autoDraw = True
415.0889 	EXP 	Device response: <KeyPress from None: t=414.9137735000004, value=c, duration=0.16377279999960592>
415.9394 	EXP 	fixation: autoDraw = False
415.9394 	EXP 	line1: autoDraw = True
415.9394 	EXP 	line_2: autoDraw = True
415.9394 	EXP 	line_3: autoDraw = True
415.9394 	EXP 	line4: autoDraw = True
416.9386 	INFO 	Keyboard events cleared
416.9385 	EXP 	probe: autoDraw = True
417.3104 	DATA 	Mouse: Left button down, pos=(523,639)
417.6564 	EXP 	Device response: <KeyPress from None: t=417.65252280000004, value=z, duration=None>
417.6568 	EXP 	New trial (rep=37, index=0): <Trial 148 (0 in rep 37) data={'pos': np.int64(-50), 'corr_resp': 'x', 'thisN': 148, 'thisTrialN': 0, 'thisRepN': 37}>
417.6581 	DATA 	Keypress: z
417.6716 	EXP 	fixation: autoDraw = False
417.6716 	EXP 	line1: autoDraw = False
417.6716 	EXP 	line_2: autoDraw = False
417.6716 	EXP 	line_3: autoDraw = False
417.6716 	EXP 	line4: autoDraw = False
417.6716 	EXP 	probe: autoDraw = False
417.6716 	EXP 	fixation: autoDraw = True
417.8054 	EXP 	Device response: <KeyPress from None: t=417.65252280000004, value=z, duration=0.14984340000000884>
418.6719 	EXP 	fixation: autoDraw = False
418.6719 	EXP 	line1: autoDraw = True
418.6719 	EXP 	line_2: autoDraw = True
418.6719 	EXP 	line_3: autoDraw = True
418.6719 	EXP 	line4: autoDraw = True
419.6726 	INFO 	Keyboard events cleared
419.6724 	EXP 	probe: autoDraw = True
420.0072 	DATA 	Mouse:  Left button up, pos=(523,639)
420.3061 	EXP 	Device response: <KeyPress from None: t=420.3012367000001, value=x, duration=None>
420.3065 	EXP 	New trial (rep=37, index=1): <Trial 149 (1 in rep 37) data={'pos': np.int64(150), 'corr_resp': 'v', 'thisN': 149, 'thisTrialN': 1, 'thisRepN': 37}>
420.3078 	DATA 	Keypress: x
420.3213 	EXP 	fixation: autoDraw = False
420.3213 	EXP 	line1: autoDraw = False
420.3213 	EXP 	line_2: autoDraw = False
420.3213 	EXP 	line_3: autoDraw = False
420.3213 	EXP 	line4: autoDraw = False
420.3213 	EXP 	probe: autoDraw = False
420.3213 	EXP 	fixation: autoDraw = True
420.4892 	EXP 	Device response: <KeyPress from None: t=420.3012367000001, value=x, duration=0.1813030000002982>
421.3219 	EXP 	fixation: autoDraw = False
421.3219 	EXP 	line1: autoDraw = True
421.3219 	EXP 	line_2: autoDraw = True
421.3219 	EXP 	line_3: autoDraw = True
421.3219 	EXP 	line4: autoDraw = True
422.3230 	INFO 	Keyboard events cleared
422.3228 	EXP 	probe: autoDraw = True
422.6897 	EXP 	Device response: <KeyPress from None: t=422.6890744000002, value=v, duration=None>
422.6900 	EXP 	New trial (rep=37, index=2): <Trial 150 (2 in rep 37) data={'pos': np.int64(50), 'corr_resp': 'c', 'thisN': 150, 'thisTrialN': 2, 'thisRepN': 37}>
422.6913 	DATA 	Keypress: v
422.7047 	EXP 	fixation: autoDraw = False
422.7047 	EXP 	line1: autoDraw = False
422.7047 	EXP 	line_2: autoDraw = False
422.7047 	EXP 	line_3: autoDraw = False
422.7047 	EXP 	line4: autoDraw = False
422.7047 	EXP 	probe: autoDraw = False
422.7047 	EXP 	fixation: autoDraw = True
422.8899 	EXP 	Device response: <KeyPress from None: t=422.6890744000002, value=v, duration=0.1951411999998527>
423.7054 	EXP 	fixation: autoDraw = False
423.7054 	EXP 	line1: autoDraw = True
423.7054 	EXP 	line_2: autoDraw = True
423.7054 	EXP 	line_3: autoDraw = True
423.7054 	EXP 	line4: autoDraw = True
424.7054 	INFO 	Keyboard events cleared
424.7052 	EXP 	probe: autoDraw = True
425.5576 	DATA 	Mouse: Left button down, pos=(523,639)
425.7905 	DATA 	Mouse:  Left button up, pos=(523,639)
425.8895 	EXP 	Device response: <KeyPress from None: t=425.8889860000004, value=c, duration=None>
425.8899 	EXP 	New trial (rep=37, index=3): <Trial 151 (3 in rep 37) data={'pos': np.int64(-150), 'corr_resp': 'z', 'thisN': 151, 'thisTrialN': 3, 'thisRepN': 37}>
425.8913 	DATA 	Keypress: c
425.9059 	EXP 	fixation: autoDraw = False
425.9059 	EXP 	line1: autoDraw = False
425.9059 	EXP 	line_2: autoDraw = False
425.9059 	EXP 	line_3: autoDraw = False
425.9059 	EXP 	line4: autoDraw = False
425.9059 	EXP 	probe: autoDraw = False
425.9059 	EXP 	fixation: autoDraw = True
426.1057 	EXP 	Device response: <KeyPress from None: t=425.8889860000004, value=c, duration=0.21394729999974516>
426.9049 	EXP 	fixation: autoDraw = False
426.9049 	EXP 	line1: autoDraw = True
426.9049 	EXP 	line_2: autoDraw = True
426.9049 	EXP 	line_3: autoDraw = True
426.9049 	EXP 	line4: autoDraw = True
427.8884 	INFO 	Keyboard events cleared
427.8882 	EXP 	probe: autoDraw = True
428.5074 	DATA 	Mouse: Left button down, pos=(523,639)
428.5559 	EXP 	Device response: <KeyPress from None: t=428.5529011000003, value=z, duration=None>
428.5563 	EXP 	New trial (rep=38, index=0): <Trial 152 (0 in rep 38) data={'pos': np.int64(-50), 'corr_resp': 'x', 'thisN': 152, 'thisTrialN': 0, 'thisRepN': 38}>
428.5576 	DATA 	Keypress: z
428.5716 	EXP 	fixation: autoDraw = False
428.5716 	EXP 	line1: autoDraw = False
428.5716 	EXP 	line_2: autoDraw = False
428.5716 	EXP 	line_3: autoDraw = False
428.5716 	EXP 	line4: autoDraw = False
428.5716 	EXP 	probe: autoDraw = False
428.5716 	EXP 	fixation: autoDraw = True
428.5891 	DATA 	Mouse:  Left button up, pos=(523,639)
428.7386 	EXP 	Device response: <KeyPress from None: t=428.5529011000003, value=z, duration=0.16954859999987093>
429.5720 	EXP 	fixation: autoDraw = False
429.5720 	EXP 	line1: autoDraw = True
429.5720 	EXP 	line_2: autoDraw = True
429.5720 	EXP 	line_3: autoDraw = True
429.5720 	EXP 	line4: autoDraw = True
430.5723 	INFO 	Keyboard events cleared
430.5721 	EXP 	probe: autoDraw = True
430.8220 	EXP 	Device response: <KeyPress from None: t=430.8192718, value=x, duration=None>
430.8223 	EXP 	New trial (rep=38, index=1): <Trial 153 (1 in rep 38) data={'pos': np.int64(150), 'corr_resp': 'v', 'thisN': 153, 'thisTrialN': 1, 'thisRepN': 38}>
430.8237 	DATA 	Keypress: x
430.8387 	EXP 	fixation: autoDraw = False
430.8387 	EXP 	line1: autoDraw = False
430.8387 	EXP 	line_2: autoDraw = False
430.8387 	EXP 	line_3: autoDraw = False
430.8387 	EXP 	line4: autoDraw = False
430.8387 	EXP 	probe: autoDraw = False
430.8387 	EXP 	fixation: autoDraw = True
431.0226 	EXP 	Device response: <KeyPress from None: t=430.8192718, value=x, duration=0.19738100000040504>
431.8224 	EXP 	line1: autoDraw = True
431.8224 	EXP 	line_2: autoDraw = True
431.8224 	EXP 	line_3: autoDraw = True
431.8224 	EXP 	line4: autoDraw = True
431.8384 	EXP 	fixation: autoDraw = False
432.8235 	INFO 	Keyboard events cleared
432.8233 	EXP 	probe: autoDraw = True
433.8720 	EXP 	Device response: <KeyPress from None: t=433.86773150000045, value=v, duration=None>
433.8724 	EXP 	New trial (rep=38, index=2): <Trial 154 (2 in rep 38) data={'pos': np.int64(50), 'corr_resp': 'c', 'thisN': 154, 'thisTrialN': 2, 'thisRepN': 38}>
433.8737 	DATA 	Keypress: v
433.8882 	EXP 	fixation: autoDraw = False
433.8882 	EXP 	line1: autoDraw = False
433.8882 	EXP 	line_2: autoDraw = False
433.8882 	EXP 	line_3: autoDraw = False
433.8882 	EXP 	line4: autoDraw = False
433.8882 	EXP 	probe: autoDraw = False
433.8882 	EXP 	fixation: autoDraw = True
434.0554 	EXP 	Device response: <KeyPress from None: t=433.86773150000045, value=v, duration=0.18439459999990504>
434.8720 	EXP 	line1: autoDraw = True
434.8720 	EXP 	line_2: autoDraw = True
434.8720 	EXP 	line_3: autoDraw = True
434.8720 	EXP 	line4: autoDraw = True
434.8885 	EXP 	fixation: autoDraw = False
435.8725 	INFO 	Keyboard events cleared
435.8723 	EXP 	probe: autoDraw = True
436.8077 	DATA 	Keypress: c
436.8224 	EXP 	Device response: <KeyPress from None: t=436.8056008000003, value=c, duration=None>
436.8228 	EXP 	New trial (rep=38, index=3): <Trial 155 (3 in rep 38) data={'pos': np.int64(-150), 'corr_resp': 'z', 'thisN': 155, 'thisTrialN': 3, 'thisRepN': 38}>
436.8380 	EXP 	fixation: autoDraw = False
436.8380 	EXP 	line1: autoDraw = False
436.8380 	EXP 	line_2: autoDraw = False
436.8380 	EXP 	line_3: autoDraw = False
436.8380 	EXP 	line4: autoDraw = False
436.8380 	EXP 	probe: autoDraw = False
436.8380 	EXP 	fixation: autoDraw = True
436.9720 	EXP 	Device response: <KeyPress from None: t=436.8056008000003, value=c, duration=0.16009029999986524>
437.8221 	EXP 	line1: autoDraw = True
437.8221 	EXP 	line_2: autoDraw = True
437.8221 	EXP 	line_3: autoDraw = True
437.8221 	EXP 	line4: autoDraw = True
437.8386 	EXP 	fixation: autoDraw = False
438.8218 	INFO 	Keyboard events cleared
438.8216 	EXP 	probe: autoDraw = True
439.8555 	EXP 	Device response: <KeyPress from None: t=439.84073860000035, value=z, duration=None>
439.8559 	EXP 	New trial (rep=39, index=0): <Trial 156 (0 in rep 39) data={'pos': np.int64(-50), 'corr_resp': 'x', 'thisN': 156, 'thisTrialN': 0, 'thisRepN': 39}>
439.8576 	DATA 	Keypress: z
439.8712 	EXP 	fixation: autoDraw = False
439.8712 	EXP 	line1: autoDraw = False
439.8712 	EXP 	line_2: autoDraw = False
439.8712 	EXP 	line_3: autoDraw = False
439.8712 	EXP 	line4: autoDraw = False
439.8712 	EXP 	probe: autoDraw = False
439.8712 	EXP 	fixation: autoDraw = True
439.9725 	EXP 	Device response: <KeyPress from None: t=439.84073860000035, value=z, duration=0.13109170000006998>
440.8552 	EXP 	line1: autoDraw = True
440.8552 	EXP 	line_2: autoDraw = True
440.8552 	EXP 	line_3: autoDraw = True
440.8552 	EXP 	line4: autoDraw = True
440.8716 	EXP 	fixation: autoDraw = False
441.8554 	INFO 	Keyboard events cleared
441.8552 	EXP 	probe: autoDraw = True
443.5896 	EXP 	Device response: <KeyPress from None: t=443.5829539000001, value=x, duration=None>
443.5900 	EXP 	New trial (rep=39, index=1): <Trial 157 (1 in rep 39) data={'pos': np.int64(150), 'corr_resp': 'v', 'thisN': 157, 'thisTrialN': 1, 'thisRepN': 39}>
443.5913 	DATA 	Keypress: x
443.6047 	EXP 	fixation: autoDraw = False
443.6047 	EXP 	line1: autoDraw = False
443.6047 	EXP 	line_2: autoDraw = False
443.6047 	EXP 	line_3: autoDraw = False
443.6047 	EXP 	line4: autoDraw = False
443.6047 	EXP 	probe: autoDraw = False
443.6047 	EXP 	fixation: autoDraw = True
443.7052 	EXP 	Device response: <KeyPress from None: t=443.5829539000001, value=x, duration=0.1082525000001624>
444.5887 	EXP 	line1: autoDraw = True
444.5887 	EXP 	line_2: autoDraw = True
444.5887 	EXP 	line_3: autoDraw = True
444.5887 	EXP 	line4: autoDraw = True
444.6050 	EXP 	fixation: autoDraw = False
444.7065 	DATA 	Mouse: Left button down, pos=(523,639)
444.9407 	DATA 	Mouse:  Left button up, pos=(523,639)
445.5889 	INFO 	Keyboard events cleared
445.5887 	EXP 	probe: autoDraw = True
446.9227 	EXP 	Device response: <KeyPress from None: t=446.9127317000002, value=v, duration=None>
446.9231 	EXP 	New trial (rep=39, index=2): <Trial 158 (2 in rep 39) data={'pos': np.int64(50), 'corr_resp': 'c', 'thisN': 158, 'thisTrialN': 2, 'thisRepN': 39}>
446.9244 	DATA 	Keypress: v
446.9387 	EXP 	fixation: autoDraw = False
446.9387 	EXP 	line1: autoDraw = False
446.9387 	EXP 	line_2: autoDraw = False
446.9387 	EXP 	line_3: autoDraw = False
446.9387 	EXP 	line4: autoDraw = False
446.9387 	EXP 	probe: autoDraw = False
446.9387 	EXP 	fixation: autoDraw = True
447.0888 	EXP 	Device response: <KeyPress from None: t=446.9127317000002, value=v, duration=0.1709645000000819>
447.9220 	EXP 	line1: autoDraw = True
447.9220 	EXP 	line_2: autoDraw = True
447.9220 	EXP 	line_3: autoDraw = True
447.9220 	EXP 	line4: autoDraw = True
447.9383 	EXP 	fixation: autoDraw = False
448.9392 	INFO 	Keyboard events cleared
448.9390 	EXP 	probe: autoDraw = True
450.1886 	EXP 	Device response: <KeyPress from None: t=450.17441990000043, value=c, duration=None>
450.1890 	EXP 	New trial (rep=39, index=3): <Trial 159 (3 in rep 39) data={'pos': np.int64(-150), 'corr_resp': 'z', 'thisN': 159, 'thisTrialN': 3, 'thisRepN': 39}>
450.1904 	DATA 	Keypress: c
450.2049 	EXP 	fixation: autoDraw = False
450.2049 	EXP 	line1: autoDraw = False
450.2049 	EXP 	line_2: autoDraw = False
450.2049 	EXP 	line_3: autoDraw = False
450.2049 	EXP 	line4: autoDraw = False
450.2049 	EXP 	probe: autoDraw = False
450.2049 	EXP 	fixation: autoDraw = True
450.3390 	EXP 	Device response: <KeyPress from None: t=450.17441990000043, value=c, duration=0.1506678999999167>
451.1887 	EXP 	line1: autoDraw = True
451.1887 	EXP 	line_2: autoDraw = True
451.1887 	EXP 	line_3: autoDraw = True
451.1887 	EXP 	line4: autoDraw = True
451.2047 	EXP 	fixation: autoDraw = False
452.1895 	INFO 	Keyboard events cleared
452.1893 	EXP 	probe: autoDraw = True
454.5386 	EXP 	Device response: <KeyPress from None: t=454.5354932, value=z, duration=None>
454.5389 	EXP 	New trial (rep=40, index=0): <Trial 160 (0 in rep 40) data={'pos': np.int64(-50), 'corr_resp': 'x', 'thisN': 160, 'thisTrialN': 0, 'thisRepN': 40}>
454.5403 	DATA 	Keypress: z
454.5551 	EXP 	fixation: autoDraw = False
454.5551 	EXP 	line1: autoDraw = False
454.5551 	EXP 	line_2: autoDraw = False
454.5551 	EXP 	line_3: autoDraw = False
454.5551 	EXP 	line4: autoDraw = False
454.5551 	EXP 	probe: autoDraw = False
454.5551 	EXP 	fixation: autoDraw = True
454.7053 	EXP 	Device response: <KeyPress from None: t=454.5354932, value=z, duration=0.15463180000006105>
455.5385 	EXP 	line1: autoDraw = True
455.5385 	EXP 	line_2: autoDraw = True
455.5385 	EXP 	line_3: autoDraw = True
455.5385 	EXP 	line4: autoDraw = True
455.5565 	EXP 	fixation: autoDraw = False
456.5388 	INFO 	Keyboard events cleared
456.5386 	EXP 	probe: autoDraw = True
457.9576 	DATA 	Keypress: x
457.9719 	EXP 	Device response: <KeyPress from None: t=457.9556114000002, value=x, duration=None>
457.9723 	EXP 	New trial (rep=40, index=1): <Trial 161 (1 in rep 40) data={'pos': np.int64(150), 'corr_resp': 'v', 'thisN': 161, 'thisTrialN': 1, 'thisRepN': 40}>
457.9887 	EXP 	fixation: autoDraw = False
457.9887 	EXP 	line1: autoDraw = False
457.9887 	EXP 	line_2: autoDraw = False
457.9887 	EXP 	line_3: autoDraw = False
457.9887 	EXP 	line4: autoDraw = False
457.9887 	EXP 	probe: autoDraw = False
457.9887 	EXP 	fixation: autoDraw = True
458.1720 	EXP 	Device response: <KeyPress from None: t=457.9556114000002, value=x, duration=0.20120670000005703>
458.9720 	EXP 	line1: autoDraw = True
458.9720 	EXP 	line_2: autoDraw = True
458.9720 	EXP 	line_3: autoDraw = True
458.9720 	EXP 	line4: autoDraw = True
458.9896 	EXP 	fixation: autoDraw = False
459.9727 	INFO 	Keyboard events cleared
459.9725 	EXP 	probe: autoDraw = True
461.4367 	EXP 	Device response: <KeyPress from None: t=461.4260927, value=v, duration=None>
461.4371 	EXP 	New trial (rep=40, index=2): <Trial 162 (2 in rep 40) data={'pos': np.int64(50), 'corr_resp': 'c', 'thisN': 162, 'thisTrialN': 2, 'thisRepN': 40}>
461.4383 	DATA 	Keypress: v
461.4530 	EXP 	fixation: autoDraw = False
461.4530 	EXP 	line1: autoDraw = False
461.4530 	EXP 	line_2: autoDraw = False
461.4530 	EXP 	line_3: autoDraw = False
461.4530 	EXP 	line4: autoDraw = False
461.4530 	EXP 	probe: autoDraw = False
461.4530 	EXP 	fixation: autoDraw = True
461.6034 	EXP 	Device response: <KeyPress from None: t=461.4260927, value=v, duration=0.16487400000005437>
462.4382 	EXP 	line1: autoDraw = True
462.4382 	EXP 	line_2: autoDraw = True
462.4382 	EXP 	line_3: autoDraw = True
462.4382 	EXP 	line4: autoDraw = True
462.4548 	EXP 	fixation: autoDraw = False
463.4391 	INFO 	Keyboard events cleared
463.4389 	EXP 	probe: autoDraw = True
464.3225 	EXP 	Device response: <KeyPress from None: t=464.32131690000006, value=c, duration=None>
464.3229 	EXP 	New trial (rep=40, index=3): <Trial 163 (3 in rep 40) data={'pos': np.int64(-150), 'corr_resp': 'z', 'thisN': 163, 'thisTrialN': 3, 'thisRepN': 40}>
464.3241 	DATA 	Keypress: c
464.3387 	EXP 	fixation: autoDraw = False
464.3387 	EXP 	line1: autoDraw = False
464.3387 	EXP 	line_2: autoDraw = False
464.3387 	EXP 	line_3: autoDraw = False
464.3387 	EXP 	line4: autoDraw = False
464.3387 	EXP 	probe: autoDraw = False
464.3387 	EXP 	fixation: autoDraw = True
464.4899 	EXP 	Device response: <KeyPress from None: t=464.32131690000006, value=c, duration=0.15857380000034027>
465.3220 	EXP 	line1: autoDraw = True
465.3220 	EXP 	line_2: autoDraw = True
465.3220 	EXP 	line_3: autoDraw = True
465.3220 	EXP 	line4: autoDraw = True
465.3387 	EXP 	fixation: autoDraw = False
466.3225 	INFO 	Keyboard events cleared
466.3223 	EXP 	probe: autoDraw = True
466.6560 	EXP 	Device response: <KeyPress from None: t=466.6532035, value=z, duration=None>
466.6565 	EXP 	New trial (rep=41, index=0): <Trial 164 (0 in rep 41) data={'pos': np.int64(-50), 'corr_resp': 'x', 'thisN': 164, 'thisTrialN': 0, 'thisRepN': 41}>
466.6578 	DATA 	Keypress: z
466.6719 	EXP 	fixation: autoDraw = False
466.6719 	EXP 	line1: autoDraw = False
466.6719 	EXP 	line_2: autoDraw = False
466.6719 	EXP 	line_3: autoDraw = False
466.6719 	EXP 	line4: autoDraw = False
466.6719 	EXP 	probe: autoDraw = False
466.6719 	EXP 	fixation: autoDraw = True
466.8230 	EXP 	Device response: <KeyPress from None: t=466.6532035, value=z, duration=0.1671241000003647>
467.6562 	EXP 	line1: autoDraw = True
467.6562 	EXP 	line_2: autoDraw = True
467.6562 	EXP 	line_3: autoDraw = True
467.6562 	EXP 	line4: autoDraw = True
467.6718 	EXP 	fixation: autoDraw = False
468.6566 	INFO 	Keyboard events cleared
468.6564 	EXP 	probe: autoDraw = True
469.2054 	EXP 	Device response: <KeyPress from None: t=469.1917631000001, value=x, duration=None>
469.2058 	EXP 	New trial (rep=41, index=1): <Trial 165 (1 in rep 41) data={'pos': np.int64(150), 'corr_resp': 'v', 'thisN': 165, 'thisTrialN': 1, 'thisRepN': 41}>
469.2070 	DATA 	Keypress: x
469.2222 	EXP 	fixation: autoDraw = False
469.2222 	EXP 	line1: autoDraw = False
469.2222 	EXP 	line_2: autoDraw = False
469.2222 	EXP 	line_3: autoDraw = False
469.2222 	EXP 	line4: autoDraw = False
469.2222 	EXP 	probe: autoDraw = False
469.2222 	EXP 	fixation: autoDraw = True
469.3887 	EXP 	Device response: <KeyPress from None: t=469.1917631000001, value=x, duration=0.18190670000012688>
470.2048 	EXP 	line1: autoDraw = True
470.2048 	EXP 	line_2: autoDraw = True
470.2048 	EXP 	line_3: autoDraw = True
470.2048 	EXP 	line4: autoDraw = True
470.2220 	EXP 	fixation: autoDraw = False
471.2060 	INFO 	Keyboard events cleared
471.2058 	EXP 	probe: autoDraw = True
471.6727 	EXP 	Device response: <KeyPress from None: t=471.6699037000003, value=v, duration=None>
471.6731 	EXP 	New trial (rep=41, index=2): <Trial 166 (2 in rep 41) data={'pos': np.int64(50), 'corr_resp': 'c', 'thisN': 166, 'thisTrialN': 2, 'thisRepN': 41}>
471.6744 	DATA 	Keypress: v
471.6883 	EXP 	fixation: autoDraw = False
471.6883 	EXP 	line1: autoDraw = False
471.6883 	EXP 	line_2: autoDraw = False
471.6883 	EXP 	line_3: autoDraw = False
471.6883 	EXP 	line4: autoDraw = False
471.6883 	EXP 	probe: autoDraw = False
471.6883 	EXP 	fixation: autoDraw = True
471.8898 	EXP 	Device response: <KeyPress from None: t=471.6699037000003, value=v, duration=0.21823799999992843>
472.6719 	EXP 	line1: autoDraw = True
472.6719 	EXP 	line_2: autoDraw = True
472.6719 	EXP 	line_3: autoDraw = True
472.6719 	EXP 	line4: autoDraw = True
472.6883 	EXP 	fixation: autoDraw = False
473.6723 	INFO 	Keyboard events cleared
473.6721 	EXP 	probe: autoDraw = True
474.0894 	EXP 	Device response: <KeyPress from None: t=474.07508970000026, value=c, duration=None>
474.0897 	EXP 	New trial (rep=41, index=3): <Trial 167 (3 in rep 41) data={'pos': np.int64(-150), 'corr_resp': 'z', 'thisN': 167, 'thisTrialN': 3, 'thisRepN': 41}>
474.0910 	DATA 	Keypress: c
474.1047 	EXP 	fixation: autoDraw = False
474.1047 	EXP 	line1: autoDraw = False
474.1047 	EXP 	line_2: autoDraw = False
474.1047 	EXP 	line_3: autoDraw = False
474.1047 	EXP 	line4: autoDraw = False
474.1047 	EXP 	probe: autoDraw = False
474.1047 	EXP 	fixation: autoDraw = True
474.3058 	EXP 	Device response: <KeyPress from None: t=474.07508970000026, value=c, duration=0.2165658999997504>
475.0889 	EXP 	line1: autoDraw = True
475.0889 	EXP 	line_2: autoDraw = True
475.0889 	EXP 	line_3: autoDraw = True
475.0889 	EXP 	line4: autoDraw = True
475.1073 	EXP 	fixation: autoDraw = False
476.0898 	INFO 	Keyboard events cleared
476.0896 	EXP 	probe: autoDraw = True
476.7226 	EXP 	Device response: <KeyPress from None: t=476.71310010000025, value=z, duration=None>
476.7229 	EXP 	New trial (rep=42, index=0): <Trial 168 (0 in rep 42) data={'pos': np.int64(-50), 'corr_resp': 'x', 'thisN': 168, 'thisTrialN': 0, 'thisRepN': 42}>
476.7242 	DATA 	Keypress: z
476.7382 	EXP 	fixation: autoDraw = False
476.7382 	EXP 	line1: autoDraw = False
476.7382 	EXP 	line_2: autoDraw = False
476.7382 	EXP 	line_3: autoDraw = False
476.7382 	EXP 	line4: autoDraw = False
476.7382 	EXP 	probe: autoDraw = False
476.7382 	EXP 	fixation: autoDraw = True
476.9053 	EXP 	Device response: <KeyPress from None: t=476.71310010000025, value=z, duration=0.17839439999988826>
477.7216 	EXP 	line1: autoDraw = True
477.7216 	EXP 	line_2: autoDraw = True
477.7216 	EXP 	line_3: autoDraw = True
477.7216 	EXP 	line4: autoDraw = True
477.7397 	EXP 	fixation: autoDraw = False
478.7223 	INFO 	Keyboard events cleared
478.7221 	EXP 	probe: autoDraw = True
479.2560 	EXP 	Device response: <KeyPress from None: t=479.2475390000004, value=x, duration=None>
479.2564 	EXP 	New trial (rep=42, index=1): <Trial 169 (1 in rep 42) data={'pos': np.int64(150), 'corr_resp': 'v', 'thisN': 169, 'thisTrialN': 1, 'thisRepN': 42}>
479.2579 	DATA 	Keypress: x
479.2717 	EXP 	fixation: autoDraw = False
479.2717 	EXP 	line1: autoDraw = False
479.2717 	EXP 	line_2: autoDraw = False
479.2717 	EXP 	line_3: autoDraw = False
479.2717 	EXP 	line4: autoDraw = False
479.2717 	EXP 	probe: autoDraw = False
479.2717 	EXP 	fixation: autoDraw = True
479.4720 	EXP 	Device response: <KeyPress from None: t=479.2475390000004, value=x, duration=0.20864910000000236>
480.2559 	EXP 	line1: autoDraw = True
480.2559 	EXP 	line_2: autoDraw = True
480.2559 	EXP 	line_3: autoDraw = True
480.2559 	EXP 	line4: autoDraw = True
480.2722 	EXP 	fixation: autoDraw = False
481.2565 	INFO 	Keyboard events cleared
481.2563 	EXP 	probe: autoDraw = True
481.6228 	EXP 	Device response: <KeyPress from None: t=481.62024840000004, value=v, duration=None>
481.6231 	EXP 	New trial (rep=42, index=2): <Trial 170 (2 in rep 42) data={'pos': np.int64(50), 'corr_resp': 'c', 'thisN': 170, 'thisTrialN': 2, 'thisRepN': 42}>
481.6244 	DATA 	Keypress: v
481.6386 	EXP 	fixation: autoDraw = False
481.6386 	EXP 	line1: autoDraw = False
481.6386 	EXP 	line_2: autoDraw = False
481.6386 	EXP 	line_3: autoDraw = False
481.6386 	EXP 	line4: autoDraw = False
481.6386 	EXP 	probe: autoDraw = False
481.6386 	EXP 	fixation: autoDraw = True
481.8224 	EXP 	Device response: <KeyPress from None: t=481.62024840000004, value=v, duration=0.19877660000020114>
482.6218 	EXP 	line1: autoDraw = True
482.6218 	EXP 	line_2: autoDraw = True
482.6218 	EXP 	line_3: autoDraw = True
482.6218 	EXP 	line4: autoDraw = True
482.6383 	EXP 	fixation: autoDraw = False
483.6224 	INFO 	Keyboard events cleared
483.6222 	EXP 	probe: autoDraw = True
484.7561 	EXP 	Device response: <KeyPress from None: t=484.75529700000016, value=c, duration=None>
484.7565 	EXP 	New trial (rep=42, index=3): <Trial 171 (3 in rep 42) data={'pos': np.int64(-150), 'corr_resp': 'z', 'thisN': 171, 'thisTrialN': 3, 'thisRepN': 42}>
484.7577 	DATA 	Keypress: c
484.7714 	EXP 	fixation: autoDraw = False
484.7714 	EXP 	line1: autoDraw = False
484.7714 	EXP 	line_2: autoDraw = False
484.7714 	EXP 	line_3: autoDraw = False
484.7714 	EXP 	line4: autoDraw = False
484.7714 	EXP 	probe: autoDraw = False
484.7714 	EXP 	fixation: autoDraw = True
484.9727 	EXP 	Device response: <KeyPress from None: t=484.75529700000016, value=c, duration=0.20695819999991727>
485.7721 	EXP 	fixation: autoDraw = False
485.7721 	EXP 	line1: autoDraw = True
485.7721 	EXP 	line_2: autoDraw = True
485.7721 	EXP 	line_3: autoDraw = True
485.7721 	EXP 	line4: autoDraw = True
486.7559 	INFO 	Keyboard events cleared
486.7557 	EXP 	probe: autoDraw = True
487.4893 	EXP 	Device response: <KeyPress from None: t=487.48335700000007, value=z, duration=None>
487.4897 	EXP 	New trial (rep=43, index=0): <Trial 172 (0 in rep 43) data={'pos': np.int64(-50), 'corr_resp': 'x', 'thisN': 172, 'thisTrialN': 0, 'thisRepN': 43}>
487.4911 	DATA 	Keypress: z
487.5054 	EXP 	fixation: autoDraw = False
487.5054 	EXP 	line1: autoDraw = False
487.5054 	EXP 	line_2: autoDraw = False
487.5054 	EXP 	line_3: autoDraw = False
487.5054 	EXP 	line4: autoDraw = False
487.5054 	EXP 	probe: autoDraw = False
487.5054 	EXP 	fixation: autoDraw = True
487.6727 	EXP 	Device response: <KeyPress from None: t=487.48335700000007, value=z, duration=0.18452109999998356>
488.4896 	EXP 	line1: autoDraw = True
488.4896 	EXP 	line_2: autoDraw = True
488.4896 	EXP 	line_3: autoDraw = True
488.4896 	EXP 	line4: autoDraw = True
488.5060 	EXP 	fixation: autoDraw = False
489.4887 	INFO 	Keyboard events cleared
489.4885 	EXP 	probe: autoDraw = True
489.8560 	EXP 	Device response: <KeyPress from None: t=489.8414901000001, value=x, duration=None>
489.8564 	EXP 	New trial (rep=43, index=1): <Trial 173 (1 in rep 43) data={'pos': np.int64(150), 'corr_resp': 'v', 'thisN': 173, 'thisTrialN': 1, 'thisRepN': 43}>
489.8579 	DATA 	Keypress: x
489.8721 	EXP 	fixation: autoDraw = False
489.8721 	EXP 	line1: autoDraw = False
489.8721 	EXP 	line_2: autoDraw = False
489.8721 	EXP 	line_3: autoDraw = False
489.8721 	EXP 	line4: autoDraw = False
489.8721 	EXP 	probe: autoDraw = False
489.8721 	EXP 	fixation: autoDraw = True
490.0726 	EXP 	Device response: <KeyPress from None: t=489.8414901000001, value=x, duration=0.22867249999990236>
490.8563 	EXP 	line1: autoDraw = True
490.8563 	EXP 	line_2: autoDraw = True
490.8563 	EXP 	line_3: autoDraw = True
490.8563 	EXP 	line4: autoDraw = True
490.8722 	EXP 	fixation: autoDraw = False
491.8551 	INFO 	Keyboard events cleared
491.8549 	EXP 	probe: autoDraw = True
492.6390 	EXP 	Device response: <KeyPress from None: t=492.6360262000003, value=v, duration=None>
492.6393 	EXP 	New trial (rep=43, index=2): <Trial 174 (2 in rep 43) data={'pos': np.int64(50), 'corr_resp': 'c', 'thisN': 174, 'thisTrialN': 2, 'thisRepN': 43}>
492.6408 	DATA 	Keypress: v
492.6550 	EXP 	fixation: autoDraw = False
492.6550 	EXP 	line1: autoDraw = False
492.6550 	EXP 	line_2: autoDraw = False
492.6550 	EXP 	line_3: autoDraw = False
492.6550 	EXP 	line4: autoDraw = False
492.6550 	EXP 	probe: autoDraw = False
492.6550 	EXP 	fixation: autoDraw = True
492.8063 	EXP 	Device response: <KeyPress from None: t=492.6360262000003, value=v, duration=0.16975479999973686>
493.6392 	EXP 	line1: autoDraw = True
493.6392 	EXP 	line_2: autoDraw = True
493.6392 	EXP 	line_3: autoDraw = True
493.6392 	EXP 	line4: autoDraw = True
493.6562 	EXP 	fixation: autoDraw = False
494.6398 	INFO 	Keyboard events cleared
494.6396 	EXP 	probe: autoDraw = True
495.4054 	EXP 	Device response: <KeyPress from None: t=495.39520630000015, value=c, duration=None>
495.4059 	EXP 	New trial (rep=43, index=3): <Trial 175 (3 in rep 43) data={'pos': np.int64(-150), 'corr_resp': 'z', 'thisN': 175, 'thisTrialN': 3, 'thisRepN': 43}>
495.4077 	DATA 	Keypress: c
495.4216 	EXP 	fixation: autoDraw = False
495.4216 	EXP 	line1: autoDraw = False
495.4216 	EXP 	line_2: autoDraw = False
495.4216 	EXP 	line_3: autoDraw = False
495.4216 	EXP 	line4: autoDraw = False
495.4216 	EXP 	probe: autoDraw = False
495.4216 	EXP 	fixation: autoDraw = True
495.5900 	EXP 	Device response: <KeyPress from None: t=495.39520630000015, value=c, duration=0.18578560000014477>
496.4050 	EXP 	line1: autoDraw = True
496.4050 	EXP 	line_2: autoDraw = True
496.4050 	EXP 	line_3: autoDraw = True
496.4050 	EXP 	line4: autoDraw = True
496.4222 	EXP 	fixation: autoDraw = False
497.4055 	INFO 	Keyboard events cleared
497.4053 	EXP 	probe: autoDraw = True
498.2236 	DATA 	Keypress: z
498.2389 	EXP 	Device response: <KeyPress from None: t=498.2229223000004, value=z, duration=None>
498.2394 	EXP 	New trial (rep=44, index=0): <Trial 176 (0 in rep 44) data={'pos': np.int64(-50), 'corr_resp': 'x', 'thisN': 176, 'thisTrialN': 0, 'thisRepN': 44}>
498.2555 	EXP 	fixation: autoDraw = False
498.2555 	EXP 	line1: autoDraw = False
498.2555 	EXP 	line_2: autoDraw = False
498.2555 	EXP 	line_3: autoDraw = False
498.2555 	EXP 	line4: autoDraw = False
498.2555 	EXP 	probe: autoDraw = False
498.2555 	EXP 	fixation: autoDraw = True
498.4387 	EXP 	Device response: <KeyPress from None: t=498.2229223000004, value=z, duration=0.19983509999974558>
499.2397 	EXP 	line1: autoDraw = True
499.2397 	EXP 	line_2: autoDraw = True
499.2397 	EXP 	line_3: autoDraw = True
499.2397 	EXP 	line4: autoDraw = True
499.2555 	EXP 	fixation: autoDraw = False
500.2389 	INFO 	Keyboard events cleared
500.2388 	EXP 	probe: autoDraw = True
500.7737 	EXP 	Device response: <KeyPress from None: t=500.7649988000003, value=x, duration=None>
500.7740 	EXP 	New trial (rep=44, index=1): <Trial 177 (1 in rep 44) data={'pos': np.int64(150), 'corr_resp': 'v', 'thisN': 177, 'thisTrialN': 1, 'thisRepN': 44}>
500.7753 	DATA 	Keypress: x
500.7888 	EXP 	fixation: autoDraw = False
500.7888 	EXP 	line1: autoDraw = False
500.7888 	EXP 	line_2: autoDraw = False
500.7888 	EXP 	line_3: autoDraw = False
500.7888 	EXP 	line4: autoDraw = False
500.7888 	EXP 	probe: autoDraw = False
500.7888 	EXP 	fixation: autoDraw = True
501.0226 	EXP 	Device response: <KeyPress from None: t=500.7649988000003, value=x, duration=0.25361149999980626>
501.7885 	EXP 	fixation: autoDraw = False
501.7885 	EXP 	line1: autoDraw = True
501.7885 	EXP 	line_2: autoDraw = True
501.7885 	EXP 	line_3: autoDraw = True
501.7885 	EXP 	line4: autoDraw = True
502.7890 	INFO 	Keyboard events cleared
502.7888 	EXP 	probe: autoDraw = True
503.8893 	EXP 	Device response: <KeyPress from None: t=503.87995260000025, value=v, duration=None>
503.8896 	EXP 	New trial (rep=44, index=2): <Trial 178 (2 in rep 44) data={'pos': np.int64(50), 'corr_resp': 'c', 'thisN': 178, 'thisTrialN': 2, 'thisRepN': 44}>
503.8912 	DATA 	Keypress: v
503.9048 	EXP 	fixation: autoDraw = False
503.9048 	EXP 	line1: autoDraw = False
503.9048 	EXP 	line_2: autoDraw = False
503.9048 	EXP 	line_3: autoDraw = False
503.9048 	EXP 	line4: autoDraw = False
503.9048 	EXP 	probe: autoDraw = False
503.9048 	EXP 	fixation: autoDraw = True
504.0727 	EXP 	Device response: <KeyPress from None: t=503.87995260000025, value=v, duration=0.17643739999994068>
504.8885 	EXP 	line1: autoDraw = True
504.8885 	EXP 	line_2: autoDraw = True
504.8885 	EXP 	line_3: autoDraw = True
504.8885 	EXP 	line4: autoDraw = True
504.9057 	EXP 	fixation: autoDraw = False
505.9063 	INFO 	Keyboard events cleared
505.9061 	EXP 	probe: autoDraw = True
506.3733 	EXP 	Device response: <KeyPress from None: t=506.37193620000016, value=c, duration=None>
506.3737 	EXP 	New trial (rep=44, index=3): <Trial 179 (3 in rep 44) data={'pos': np.int64(-150), 'corr_resp': 'z', 'thisN': 179, 'thisTrialN': 3, 'thisRepN': 44}>
506.3752 	DATA 	Keypress: c
506.3886 	EXP 	fixation: autoDraw = False
506.3886 	EXP 	line1: autoDraw = False
506.3886 	EXP 	line_2: autoDraw = False
506.3886 	EXP 	line_3: autoDraw = False
506.3886 	EXP 	line4: autoDraw = False
506.3886 	EXP 	probe: autoDraw = False
506.3886 	EXP 	fixation: autoDraw = True
506.5558 	EXP 	Device response: <KeyPress from None: t=506.37193620000016, value=c, duration=0.17783680000002278>
507.3898 	EXP 	fixation: autoDraw = False
507.3898 	EXP 	line1: autoDraw = True
507.3898 	EXP 	line_2: autoDraw = True
507.3898 	EXP 	line_3: autoDraw = True
507.3898 	EXP 	line4: autoDraw = True
508.3898 	INFO 	Keyboard events cleared
508.3897 	EXP 	probe: autoDraw = True
509.5398 	EXP 	Device response: <KeyPress from None: t=509.5298565000003, value=z, duration=None>
509.5401 	EXP 	New trial (rep=45, index=0): <Trial 180 (0 in rep 45) data={'pos': np.int64(-50), 'corr_resp': 'x', 'thisN': 180, 'thisTrialN': 0, 'thisRepN': 45}>
509.5418 	DATA 	Keypress: z
509.5551 	EXP 	fixation: autoDraw = False
509.5551 	EXP 	line1: autoDraw = False
509.5551 	EXP 	line_2: autoDraw = False
509.5551 	EXP 	line_3: autoDraw = False
509.5551 	EXP 	line4: autoDraw = False
509.5551 	EXP 	probe: autoDraw = False
509.5551 	EXP 	fixation: autoDraw = True
509.7222 	EXP 	Device response: <KeyPress from None: t=509.5298565000003, value=z, duration=0.17636799999991126>
510.5552 	EXP 	fixation: autoDraw = False
510.5552 	EXP 	line1: autoDraw = True
510.5552 	EXP 	line_2: autoDraw = True
510.5552 	EXP 	line_3: autoDraw = True
510.5552 	EXP 	line4: autoDraw = True
511.5386 	INFO 	Keyboard events cleared
511.5384 	EXP 	probe: autoDraw = True
511.9721 	EXP 	Device response: <KeyPress from None: t=511.96945970000024, value=x, duration=None>
511.9724 	EXP 	New trial (rep=45, index=1): <Trial 181 (1 in rep 45) data={'pos': np.int64(150), 'corr_resp': 'v', 'thisN': 181, 'thisTrialN': 1, 'thisRepN': 45}>
511.9741 	DATA 	Keypress: x
511.9892 	EXP 	fixation: autoDraw = False
511.9892 	EXP 	line1: autoDraw = False
511.9892 	EXP 	line_2: autoDraw = False
511.9892 	EXP 	line_3: autoDraw = False
511.9892 	EXP 	line4: autoDraw = False
511.9892 	EXP 	probe: autoDraw = False
511.9892 	EXP 	fixation: autoDraw = True
512.2568 	EXP 	Device response: <KeyPress from None: t=511.96945970000024, value=x, duration=0.277717500000108>
512.9727 	EXP 	line1: autoDraw = True
512.9727 	EXP 	line_2: autoDraw = True
512.9727 	EXP 	line_3: autoDraw = True
512.9727 	EXP 	line4: autoDraw = True
512.9894 	EXP 	fixation: autoDraw = False
513.9718 	INFO 	Keyboard events cleared
513.9716 	EXP 	probe: autoDraw = True
514.7890 	EXP 	Device response: <KeyPress from None: t=514.7803844, value=v, duration=None>
514.7895 	EXP 	New trial (rep=45, index=2): <Trial 182 (2 in rep 45) data={'pos': np.int64(50), 'corr_resp': 'c', 'thisN': 182, 'thisTrialN': 2, 'thisRepN': 45}>
514.7910 	DATA 	Keypress: v
514.8050 	EXP 	fixation: autoDraw = False
514.8050 	EXP 	line1: autoDraw = False
514.8050 	EXP 	line_2: autoDraw = False
514.8050 	EXP 	line_3: autoDraw = False
514.8050 	EXP 	line4: autoDraw = False
514.8050 	EXP 	probe: autoDraw = False
514.8050 	EXP 	fixation: autoDraw = True
515.0059 	EXP 	Device response: <KeyPress from None: t=514.7803844, value=v, duration=0.21383840000044074>
515.8055 	EXP 	fixation: autoDraw = False
515.8055 	EXP 	line1: autoDraw = True
515.8055 	EXP 	line_2: autoDraw = True
515.8055 	EXP 	line_3: autoDraw = True
515.8055 	EXP 	line4: autoDraw = True
516.7885 	INFO 	Keyboard events cleared
516.7883 	EXP 	probe: autoDraw = True
517.3395 	EXP 	Device response: <KeyPress from None: t=517.3368633, value=c, duration=None>
517.3399 	EXP 	New trial (rep=45, index=3): <Trial 183 (3 in rep 45) data={'pos': np.int64(-150), 'corr_resp': 'z', 'thisN': 183, 'thisTrialN': 3, 'thisRepN': 45}>
517.3412 	DATA 	Keypress: c
517.3553 	EXP 	fixation: autoDraw = False
517.3553 	EXP 	line1: autoDraw = False
517.3553 	EXP 	line_2: autoDraw = False
517.3553 	EXP 	line_3: autoDraw = False
517.3553 	EXP 	line4: autoDraw = False
517.3553 	EXP 	probe: autoDraw = False
517.3553 	EXP 	fixation: autoDraw = True
517.5565 	EXP 	Device response: <KeyPress from None: t=517.3368633, value=c, duration=0.21340040000040972>
518.3397 	EXP 	line1: autoDraw = True
518.3397 	EXP 	line_2: autoDraw = True
518.3397 	EXP 	line_3: autoDraw = True
518.3397 	EXP 	line4: autoDraw = True
518.3561 	EXP 	fixation: autoDraw = False
519.3395 	INFO 	Keyboard events cleared
519.3393 	EXP 	probe: autoDraw = True
519.8893 	EXP 	Device response: <KeyPress from None: t=519.8869215000004, value=z, duration=None>
519.8897 	EXP 	New trial (rep=46, index=0): <Trial 184 (0 in rep 46) data={'pos': np.int64(-50), 'corr_resp': 'x', 'thisN': 184, 'thisTrialN': 0, 'thisRepN': 46}>
519.8913 	DATA 	Keypress: z
519.9051 	EXP 	fixation: autoDraw = False
519.9051 	EXP 	line1: autoDraw = False
519.9051 	EXP 	line_2: autoDraw = False
519.9051 	EXP 	line_3: autoDraw = False
519.9051 	EXP 	line4: autoDraw = False
519.9051 	EXP 	probe: autoDraw = False
519.9051 	EXP 	fixation: autoDraw = True
520.0728 	EXP 	Device response: <KeyPress from None: t=519.8869215000004, value=z, duration=0.18230899999980466>
520.8884 	EXP 	line1: autoDraw = True
520.8884 	EXP 	line_2: autoDraw = True
520.8884 	EXP 	line_3: autoDraw = True
520.8884 	EXP 	line4: autoDraw = True
520.9057 	EXP 	fixation: autoDraw = False
521.8889 	INFO 	Keyboard events cleared
521.8887 	EXP 	probe: autoDraw = True
522.4228 	EXP 	Device response: <KeyPress from None: t=522.4173526000004, value=x, duration=None>
522.4231 	EXP 	New trial (rep=46, index=1): <Trial 185 (1 in rep 46) data={'pos': np.int64(150), 'corr_resp': 'v', 'thisN': 185, 'thisTrialN': 1, 'thisRepN': 46}>
522.4246 	DATA 	Keypress: x
522.4384 	EXP 	fixation: autoDraw = False
522.4384 	EXP 	line1: autoDraw = False
522.4384 	EXP 	line_2: autoDraw = False
522.4384 	EXP 	line_3: autoDraw = False
522.4384 	EXP 	line4: autoDraw = False
522.4384 	EXP 	probe: autoDraw = False
522.4384 	EXP 	fixation: autoDraw = True
522.6391 	EXP 	Device response: <KeyPress from None: t=522.4173526000004, value=x, duration=0.2084932999996454>
523.4226 	EXP 	line1: autoDraw = True
523.4226 	EXP 	line_2: autoDraw = True
523.4226 	EXP 	line_3: autoDraw = True
523.4226 	EXP 	line4: autoDraw = True
523.4385 	EXP 	fixation: autoDraw = False
524.4225 	INFO 	Keyboard events cleared
524.4224 	EXP 	probe: autoDraw = True
526.5407 	DATA 	Keypress: v
526.5563 	EXP 	Device response: <KeyPress from None: t=526.5399642000002, value=v, duration=None>
526.5566 	EXP 	New trial (rep=46, index=2): <Trial 186 (2 in rep 46) data={'pos': np.int64(50), 'corr_resp': 'c', 'thisN': 186, 'thisTrialN': 2, 'thisRepN': 46}>
526.5717 	EXP 	fixation: autoDraw = False
526.5717 	EXP 	line1: autoDraw = False
526.5717 	EXP 	line_2: autoDraw = False
526.5717 	EXP 	line_3: autoDraw = False
526.5717 	EXP 	line4: autoDraw = False
526.5717 	EXP 	probe: autoDraw = False
526.5717 	EXP 	fixation: autoDraw = True
526.7222 	EXP 	Device response: <KeyPress from None: t=526.5399642000002, value=v, duration=0.17511079999985668>
527.5558 	EXP 	line1: autoDraw = True
527.5558 	EXP 	line_2: autoDraw = True
527.5558 	EXP 	line_3: autoDraw = True
527.5558 	EXP 	line4: autoDraw = True
527.5731 	EXP 	fixation: autoDraw = False
528.5719 	INFO 	Keyboard events cleared
528.5717 	EXP 	probe: autoDraw = True
528.8559 	EXP 	Device response: <KeyPress from None: t=528.8518445000004, value=c, duration=None>
528.8563 	EXP 	New trial (rep=46, index=3): <Trial 187 (3 in rep 46) data={'pos': np.int64(-150), 'corr_resp': 'z', 'thisN': 187, 'thisTrialN': 3, 'thisRepN': 46}>
528.8580 	DATA 	Keypress: c
528.8721 	EXP 	fixation: autoDraw = False
528.8721 	EXP 	line1: autoDraw = False
528.8721 	EXP 	line_2: autoDraw = False
528.8721 	EXP 	line_3: autoDraw = False
528.8721 	EXP 	line4: autoDraw = False
528.8721 	EXP 	probe: autoDraw = False
528.8721 	EXP 	fixation: autoDraw = True
529.0396 	EXP 	Device response: <KeyPress from None: t=528.8518445000004, value=c, duration=0.17286909999984346>
529.8551 	EXP 	line1: autoDraw = True
529.8551 	EXP 	line_2: autoDraw = True
529.8551 	EXP 	line_3: autoDraw = True
529.8551 	EXP 	line4: autoDraw = True
529.8720 	EXP 	fixation: autoDraw = False
530.8723 	INFO 	Keyboard events cleared
530.8721 	EXP 	probe: autoDraw = True
531.7075 	DATA 	Keypress: z
531.7224 	EXP 	Device response: <KeyPress from None: t=531.7063308000002, value=z, duration=None>
531.7228 	EXP 	New trial (rep=47, index=0): <Trial 188 (0 in rep 47) data={'pos': np.int64(-50), 'corr_resp': 'x', 'thisN': 188, 'thisTrialN': 0, 'thisRepN': 47}>
531.7385 	EXP 	fixation: autoDraw = False
531.7385 	EXP 	line1: autoDraw = False
531.7385 	EXP 	line_2: autoDraw = False
531.7385 	EXP 	line_3: autoDraw = False
531.7385 	EXP 	line4: autoDraw = False
531.7385 	EXP 	probe: autoDraw = False
531.7385 	EXP 	fixation: autoDraw = True
531.9062 	EXP 	Device response: <KeyPress from None: t=531.7063308000002, value=z, duration=0.1933880000001409>
532.7218 	EXP 	line1: autoDraw = True
532.7218 	EXP 	line_2: autoDraw = True
532.7218 	EXP 	line_3: autoDraw = True
532.7218 	EXP 	line4: autoDraw = True
532.7391 	EXP 	fixation: autoDraw = False
533.7219 	INFO 	Keyboard events cleared
533.7217 	EXP 	probe: autoDraw = True
534.1733 	EXP 	Device response: <KeyPress from None: t=534.1664349000002, value=x, duration=None>
534.1737 	EXP 	New trial (rep=47, index=1): <Trial 189 (1 in rep 47) data={'pos': np.int64(150), 'corr_resp': 'v', 'thisN': 189, 'thisTrialN': 1, 'thisRepN': 47}>
534.1751 	DATA 	Keypress: x
534.1886 	EXP 	fixation: autoDraw = False
534.1886 	EXP 	line1: autoDraw = False
534.1886 	EXP 	line_2: autoDraw = False
534.1886 	EXP 	line_3: autoDraw = False
534.1886 	EXP 	line4: autoDraw = False
534.1886 	EXP 	probe: autoDraw = False
534.1886 	EXP 	fixation: autoDraw = True
534.4224 	EXP 	Device response: <KeyPress from None: t=534.1664349000002, value=x, duration=0.2400103999998464>
535.1728 	EXP 	line1: autoDraw = True
535.1728 	EXP 	line_2: autoDraw = True
535.1728 	EXP 	line_3: autoDraw = True
535.1728 	EXP 	line4: autoDraw = True
535.1888 	EXP 	fixation: autoDraw = False
536.1726 	INFO 	Keyboard events cleared
536.1725 	EXP 	probe: autoDraw = True
537.3567 	EXP 	Device response: <KeyPress from None: t=537.3539722, value=v, duration=None>
537.3571 	EXP 	New trial (rep=47, index=2): <Trial 190 (2 in rep 47) data={'pos': np.int64(50), 'corr_resp': 'c', 'thisN': 190, 'thisTrialN': 2, 'thisRepN': 47}>
537.3586 	DATA 	Keypress: v
537.3720 	EXP 	fixation: autoDraw = False
537.3720 	EXP 	line1: autoDraw = False
537.3720 	EXP 	line_2: autoDraw = False
537.3720 	EXP 	line_3: autoDraw = False
537.3720 	EXP 	line4: autoDraw = False
537.3720 	EXP 	probe: autoDraw = False
537.3720 	EXP 	fixation: autoDraw = True
537.5563 	EXP 	Device response: <KeyPress from None: t=537.3539722, value=v, duration=0.1909910000003947>
538.3556 	EXP 	line1: autoDraw = True
538.3556 	EXP 	line_2: autoDraw = True
538.3556 	EXP 	line_3: autoDraw = True
538.3556 	EXP 	line4: autoDraw = True
538.3723 	EXP 	fixation: autoDraw = False
538.8560 	EXP 	Device response: <KeyPress from None: t=538.8445806000004, value=b, duration=None>
538.8574 	DATA 	Keypress: b
539.0227 	EXP 	Device response: <KeyPress from None: t=538.8445806000004, value=b, duration=0.16636179999977685>
539.3750 	INFO 	Keyboard events cleared
539.3748 	EXP 	probe: autoDraw = True
539.7222 	EXP 	Device response: <KeyPress from None: t=539.7125455, value=b, duration=None>
539.7225 	EXP 	New trial (rep=47, index=3): <Trial 191 (3 in rep 47) data={'pos': np.int64(-150), 'corr_resp': 'z', 'thisN': 191, 'thisTrialN': 3, 'thisRepN': 47}>
539.7241 	DATA 	Keypress: b
539.7384 	EXP 	fixation: autoDraw = False
539.7384 	EXP 	line1: autoDraw = False
539.7384 	EXP 	line_2: autoDraw = False
539.7384 	EXP 	line_3: autoDraw = False
539.7384 	EXP 	line4: autoDraw = False
539.7384 	EXP 	probe: autoDraw = False
539.7384 	EXP 	fixation: autoDraw = True
539.8904 	EXP 	Device response: <KeyPress from None: t=539.7125455, value=b, duration=0.16477500000019063>
540.7223 	EXP 	line1: autoDraw = True
540.7223 	EXP 	line_2: autoDraw = True
540.7223 	EXP 	line_3: autoDraw = True
540.7223 	EXP 	line4: autoDraw = True
540.7394 	EXP 	fixation: autoDraw = False
541.7231 	INFO 	Keyboard events cleared
541.7229 	EXP 	probe: autoDraw = True
542.5064 	EXP 	Device response: <KeyPress from None: t=542.4981035000001, value=z, duration=None>
542.5068 	EXP 	New trial (rep=48, index=0): <Trial 192 (0 in rep 48) data={'pos': np.int64(-50), 'corr_resp': 'x', 'thisN': 192, 'thisTrialN': 0, 'thisRepN': 48}>
542.5081 	DATA 	Keypress: z
542.5224 	EXP 	fixation: autoDraw = False
542.5224 	EXP 	line1: autoDraw = False
542.5224 	EXP 	line_2: autoDraw = False
542.5224 	EXP 	line_3: autoDraw = False
542.5224 	EXP 	line4: autoDraw = False
542.5224 	EXP 	probe: autoDraw = False
542.5224 	EXP 	fixation: autoDraw = True
542.6562 	EXP 	Device response: <KeyPress from None: t=542.4981035000001, value=z, duration=0.1576007000003301>
543.5222 	EXP 	fixation: autoDraw = False
543.5222 	EXP 	line1: autoDraw = True
543.5222 	EXP 	line_2: autoDraw = True
543.5222 	EXP 	line_3: autoDraw = True
543.5222 	EXP 	line4: autoDraw = True
544.5064 	INFO 	Keyboard events cleared
544.5063 	EXP 	probe: autoDraw = True
544.9898 	EXP 	Device response: <KeyPress from None: t=544.9849626, value=x, duration=None>
544.9902 	EXP 	New trial (rep=48, index=1): <Trial 193 (1 in rep 48) data={'pos': np.int64(150), 'corr_resp': 'v', 'thisN': 193, 'thisTrialN': 1, 'thisRepN': 48}>
544.9916 	DATA 	Keypress: x
545.0052 	EXP 	fixation: autoDraw = False
545.0052 	EXP 	line1: autoDraw = False
545.0052 	EXP 	line_2: autoDraw = False
545.0052 	EXP 	line_3: autoDraw = False
545.0052 	EXP 	line4: autoDraw = False
545.0052 	EXP 	probe: autoDraw = False
545.0052 	EXP 	fixation: autoDraw = True
545.1892 	EXP 	Device response: <KeyPress from None: t=544.9849626, value=x, duration=0.19963730000017677>
545.9890 	EXP 	line1: autoDraw = True
545.9890 	EXP 	line_2: autoDraw = True
545.9890 	EXP 	line_3: autoDraw = True
545.9890 	EXP 	line4: autoDraw = True
546.0058 	EXP 	fixation: autoDraw = False
547.0058 	INFO 	Keyboard events cleared
547.0056 	EXP 	probe: autoDraw = True
548.0389 	EXP 	Device response: <KeyPress from None: t=548.0257255000001, value=v, duration=None>
548.0393 	EXP 	New trial (rep=48, index=2): <Trial 194 (2 in rep 48) data={'pos': np.int64(50), 'corr_resp': 'c', 'thisN': 194, 'thisTrialN': 2, 'thisRepN': 48}>
548.0409 	DATA 	Keypress: v
548.0553 	EXP 	fixation: autoDraw = False
548.0553 	EXP 	line1: autoDraw = False
548.0553 	EXP 	line_2: autoDraw = False
548.0553 	EXP 	line_3: autoDraw = False
548.0553 	EXP 	line4: autoDraw = False
548.0553 	EXP 	probe: autoDraw = False
548.0553 	EXP 	fixation: autoDraw = True
548.2062 	EXP 	Device response: <KeyPress from None: t=548.0257255000001, value=v, duration=0.17267459999993662>
549.0390 	EXP 	line1: autoDraw = True
549.0390 	EXP 	line_2: autoDraw = True
549.0390 	EXP 	line_3: autoDraw = True
549.0390 	EXP 	line4: autoDraw = True
549.0557 	EXP 	fixation: autoDraw = False
550.0394 	INFO 	Keyboard events cleared
550.0392 	EXP 	probe: autoDraw = True
550.5059 	EXP 	Device response: <KeyPress from None: t=550.4984554000002, value=c, duration=None>
550.5062 	EXP 	New trial (rep=48, index=3): <Trial 195 (3 in rep 48) data={'pos': np.int64(-150), 'corr_resp': 'z', 'thisN': 195, 'thisTrialN': 3, 'thisRepN': 48}>
550.5075 	DATA 	Keypress: c
550.5218 	EXP 	fixation: autoDraw = False
550.5218 	EXP 	line1: autoDraw = False
550.5218 	EXP 	line_2: autoDraw = False
550.5218 	EXP 	line_3: autoDraw = False
550.5218 	EXP 	line4: autoDraw = False
550.5218 	EXP 	probe: autoDraw = False
550.5218 	EXP 	fixation: autoDraw = True
550.7069 	EXP 	Device response: <KeyPress from None: t=550.4984554000002, value=c, duration=0.19653939999989234>
551.5218 	EXP 	fixation: autoDraw = False
551.5218 	EXP 	line1: autoDraw = True
551.5218 	EXP 	line_2: autoDraw = True
551.5218 	EXP 	line_3: autoDraw = True
551.5218 	EXP 	line4: autoDraw = True
552.5053 	INFO 	Keyboard events cleared
552.5051 	EXP 	probe: autoDraw = True
553.7230 	EXP 	Device response: <KeyPress from None: t=553.7104280000003, value=z, duration=None>
553.7234 	EXP 	New trial (rep=49, index=0): <Trial 196 (0 in rep 49) data={'pos': np.int64(-50), 'corr_resp': 'x', 'thisN': 196, 'thisTrialN': 0, 'thisRepN': 49}>
553.7246 	DATA 	Keypress: z
553.7385 	EXP 	fixation: autoDraw = False
553.7385 	EXP 	line1: autoDraw = False
553.7385 	EXP 	line_2: autoDraw = False
553.7385 	EXP 	line_3: autoDraw = False
553.7385 	EXP 	line4: autoDraw = False
553.7385 	EXP 	probe: autoDraw = False
553.7385 	EXP 	fixation: autoDraw = True
553.9065 	EXP 	Device response: <KeyPress from None: t=553.7104280000003, value=z, duration=0.19526399999995192>
554.7223 	EXP 	line1: autoDraw = True
554.7223 	EXP 	line_2: autoDraw = True
554.7223 	EXP 	line_3: autoDraw = True
554.7223 	EXP 	line4: autoDraw = True
554.7393 	EXP 	fixation: autoDraw = False
555.7388 	INFO 	Keyboard events cleared
555.7387 	EXP 	probe: autoDraw = True
556.0727 	EXP 	Device response: <KeyPress from None: t=556.0675891000001, value=x, duration=None>
556.0730 	EXP 	New trial (rep=49, index=1): <Trial 197 (1 in rep 49) data={'pos': np.int64(150), 'corr_resp': 'v', 'thisN': 197, 'thisTrialN': 1, 'thisRepN': 49}>
556.0745 	DATA 	Keypress: x
556.0892 	EXP 	fixation: autoDraw = False
556.0892 	EXP 	line1: autoDraw = False
556.0892 	EXP 	line_2: autoDraw = False
556.0892 	EXP 	line_3: autoDraw = False
556.0892 	EXP 	line4: autoDraw = False
556.0892 	EXP 	probe: autoDraw = False
556.0892 	EXP 	fixation: autoDraw = True
556.3074 	EXP 	Device response: <KeyPress from None: t=556.0675891000001, value=x, duration=0.23739960000011706>
557.0875 	EXP 	line1: autoDraw = True
557.0875 	EXP 	line_2: autoDraw = True
557.0875 	EXP 	line_3: autoDraw = True
557.0875 	EXP 	line4: autoDraw = True
557.1039 	EXP 	fixation: autoDraw = False
558.0726 	INFO 	Keyboard events cleared
558.0725 	EXP 	probe: autoDraw = True
558.8538 	EXP 	Device response: <KeyPress from None: t=558.8510821000004, value=c, duration=None>
558.8541 	EXP 	New trial (rep=49, index=2): <Trial 198 (2 in rep 49) data={'pos': np.int64(50), 'corr_resp': 'c', 'thisN': 198, 'thisTrialN': 2, 'thisRepN': 49}>
558.8551 	DATA 	Keypress: c
558.8701 	EXP 	fixation: autoDraw = False
558.8701 	EXP 	line1: autoDraw = False
558.8701 	EXP 	line_2: autoDraw = False
558.8701 	EXP 	line_3: autoDraw = False
558.8701 	EXP 	line4: autoDraw = False
558.8701 	EXP 	probe: autoDraw = False
558.8701 	EXP 	fixation: autoDraw = True
559.0731 	EXP 	Device response: <KeyPress from None: t=558.8510821000004, value=c, duration=0.21425719999979265>
559.8559 	EXP 	line1: autoDraw = True
559.8559 	EXP 	line_2: autoDraw = True
559.8559 	EXP 	line_3: autoDraw = True
559.8559 	EXP 	line4: autoDraw = True
559.8732 	EXP 	fixation: autoDraw = False
560.8561 	INFO 	Keyboard events cleared
560.8559 	EXP 	probe: autoDraw = True
561.3561 	EXP 	Device response: <KeyPress from None: t=561.3530854, value=x, duration=None>
561.3566 	EXP 	New trial (rep=49, index=3): <Trial 199 (3 in rep 49) data={'pos': np.int64(-150), 'corr_resp': 'z', 'thisN': 199, 'thisTrialN': 3, 'thisRepN': 49}>
561.3580 	DATA 	Keypress: x
561.3717 	EXP 	fixation: autoDraw = False
561.3717 	EXP 	line1: autoDraw = False
561.3717 	EXP 	line_2: autoDraw = False
561.3717 	EXP 	line_3: autoDraw = False
561.3717 	EXP 	line4: autoDraw = False
561.3717 	EXP 	probe: autoDraw = False
561.3717 	EXP 	fixation: autoDraw = True
561.5890 	EXP 	Device response: <KeyPress from None: t=561.3530854, value=x, duration=0.22530700000015713>
562.3721 	EXP 	fixation: autoDraw = False
562.3721 	EXP 	line1: autoDraw = True
562.3721 	EXP 	line_2: autoDraw = True
562.3721 	EXP 	line_3: autoDraw = True
562.3721 	EXP 	line4: autoDraw = True
563.3556 	INFO 	Keyboard events cleared
563.3554 	EXP 	probe: autoDraw = True
564.5224 	EXP 	Device response: <KeyPress from None: t=564.5110800000002, value=z, duration=None>
564.5280 	EXP 	Imported conditions.csv as conditions, 4 conditions, 2 params
564.5304 	EXP 	New trial (rep=0, index=0): <Trial 0 (0 in rep 0) data={'pos': np.int64(-150), 'corr_resp': 'z', 'thisN': 0, 'thisTrialN': 0, 'thisRepN': 0}>
564.5319 	DATA 	Keypress: z
564.5394 	EXP 	fixation: autoDraw = False
564.5394 	EXP 	line1: autoDraw = False
564.5394 	EXP 	line_2: autoDraw = False
564.5394 	EXP 	line_3: autoDraw = False
564.5394 	EXP 	line4: autoDraw = False
564.5394 	EXP 	probe: autoDraw = False
564.5394 	EXP 	fixation: autoDraw = True
564.7058 	EXP 	Device response: <KeyPress from None: t=564.5110800000002, value=z, duration=0.17823630000020785>
565.5227 	EXP 	line1: autoDraw = True
565.5227 	EXP 	line_2: autoDraw = True
565.5227 	EXP 	line_3: autoDraw = True
565.5227 	EXP 	line4: autoDraw = True
565.5386 	EXP 	fixation: autoDraw = False
566.5237 	INFO 	Keyboard events cleared
566.5233 	EXP 	probe: autoDraw = True
567.1060 	EXP 	Device response: <KeyPress from None: t=567.1014039000002, value=z, duration=None>
567.1064 	EXP 	New trial (rep=0, index=1): <Trial 1 (1 in rep 0) data={'pos': np.int64(-50), 'corr_resp': 'x', 'thisN': 1, 'thisTrialN': 1, 'thisRepN': 0}>
567.1079 	DATA 	Keypress: z
567.1219 	EXP 	fixation: autoDraw = False
567.1219 	EXP 	line1: autoDraw = False
567.1219 	EXP 	line_2: autoDraw = False
567.1219 	EXP 	line_3: autoDraw = False
567.1219 	EXP 	line4: autoDraw = False
567.1219 	EXP 	probe: autoDraw = False
567.1219 	EXP 	fixation: autoDraw = True
567.2734 	EXP 	Device response: <KeyPress from None: t=567.1014039000002, value=z, duration=0.1692427000002681>
568.1054 	EXP 	line1: autoDraw = True
568.1054 	EXP 	line_2: autoDraw = True
568.1054 	EXP 	line_3: autoDraw = True
568.1054 	EXP 	line4: autoDraw = True
568.1222 	EXP 	fixation: autoDraw = False
569.1056 	INFO 	Keyboard events cleared
569.1054 	EXP 	probe: autoDraw = True
569.5082 	DATA 	Keypress: x
569.5234 	EXP 	Device response: <KeyPress from None: t=569.5072957000002, value=x, duration=None>
569.5238 	EXP 	New trial (rep=0, index=2): <Trial 2 (2 in rep 0) data={'pos': np.int64(50), 'corr_resp': 'c', 'thisN': 2, 'thisTrialN': 2, 'thisRepN': 0}>
569.5386 	EXP 	fixation: autoDraw = False
569.5386 	EXP 	line1: autoDraw = False
569.5386 	EXP 	line_2: autoDraw = False
569.5386 	EXP 	line_3: autoDraw = False
569.5386 	EXP 	line4: autoDraw = False
569.5386 	EXP 	probe: autoDraw = False
569.5386 	EXP 	fixation: autoDraw = True
569.7225 	EXP 	Device response: <KeyPress from None: t=569.5072957000002, value=x, duration=0.19931540000015957>
570.5224 	EXP 	line1: autoDraw = True
570.5224 	EXP 	line_2: autoDraw = True
570.5224 	EXP 	line_3: autoDraw = True
570.5224 	EXP 	line4: autoDraw = True
570.5395 	EXP 	fixation: autoDraw = False
571.5398 	INFO 	Keyboard events cleared
571.5395 	EXP 	probe: autoDraw = True
572.7226 	EXP 	Device response: <KeyPress from None: t=572.7110527000004, value=c, duration=None>
572.7232 	EXP 	New trial (rep=0, index=3): <Trial 3 (3 in rep 0) data={'pos': np.int64(150), 'corr_resp': 'v', 'thisN': 3, 'thisTrialN': 3, 'thisRepN': 0}>
572.7248 	DATA 	Keypress: c
572.7395 	EXP 	fixation: autoDraw = False
572.7395 	EXP 	line1: autoDraw = False
572.7395 	EXP 	line_2: autoDraw = False
572.7395 	EXP 	line_3: autoDraw = False
572.7395 	EXP 	line4: autoDraw = False
572.7395 	EXP 	probe: autoDraw = False
572.7395 	EXP 	fixation: autoDraw = True
572.8905 	EXP 	Device response: <KeyPress from None: t=572.7110527000004, value=c, duration=0.17376899999999296>
573.7227 	EXP 	line1: autoDraw = True
573.7227 	EXP 	line_2: autoDraw = True
573.7227 	EXP 	line_3: autoDraw = True
573.7227 	EXP 	line4: autoDraw = True
573.7397 	EXP 	fixation: autoDraw = False
574.7224 	INFO 	Keyboard events cleared
574.7222 	EXP 	probe: autoDraw = True
575.5894 	EXP 	Device response: <KeyPress from None: t=575.5797661000001, value=v, duration=None>
575.5899 	EXP 	New trial (rep=1, index=0): <Trial 4 (0 in rep 1) data={'pos': np.int64(-50), 'corr_resp': 'x', 'thisN': 4, 'thisTrialN': 0, 'thisRepN': 1}>
575.5914 	DATA 	Keypress: v
575.6057 	EXP 	fixation: autoDraw = False
575.6057 	EXP 	line1: autoDraw = False
575.6057 	EXP 	line_2: autoDraw = False
575.6057 	EXP 	line_3: autoDraw = False
575.6057 	EXP 	line4: autoDraw = False
575.6057 	EXP 	probe: autoDraw = False
575.6057 	EXP 	fixation: autoDraw = True
575.7898 	EXP 	Device response: <KeyPress from None: t=575.5797661000001, value=v, duration=0.206814900000154>
576.5890 	EXP 	line1: autoDraw = True
576.5890 	EXP 	line_2: autoDraw = True
576.5890 	EXP 	line_3: autoDraw = True
576.5890 	EXP 	line4: autoDraw = True
576.6057 	EXP 	fixation: autoDraw = False
577.5893 	INFO 	Keyboard events cleared
577.5891 	EXP 	probe: autoDraw = True
578.1232 	EXP 	Device response: <KeyPress from None: t=578.1215193000003, value=x, duration=None>
578.1235 	EXP 	New trial (rep=1, index=1): <Trial 5 (1 in rep 1) data={'pos': np.int64(50), 'corr_resp': 'c', 'thisN': 5, 'thisTrialN': 1, 'thisRepN': 1}>
578.1249 	DATA 	Keypress: x
578.1394 	EXP 	fixation: autoDraw = False
578.1394 	EXP 	line1: autoDraw = False
578.1394 	EXP 	line_2: autoDraw = False
578.1394 	EXP 	line_3: autoDraw = False
578.1394 	EXP 	line4: autoDraw = False
578.1394 	EXP 	probe: autoDraw = False
578.1394 	EXP 	fixation: autoDraw = True
578.3394 	EXP 	Device response: <KeyPress from None: t=578.1215193000003, value=x, duration=0.20401910000009593>
579.1222 	EXP 	line1: autoDraw = True
579.1222 	EXP 	line_2: autoDraw = True
579.1222 	EXP 	line_3: autoDraw = True
579.1222 	EXP 	line4: autoDraw = True
579.1391 	EXP 	fixation: autoDraw = False
580.1394 	INFO 	Keyboard events cleared
580.1393 	EXP 	probe: autoDraw = True
580.8893 	EXP 	Device response: <KeyPress from None: t=580.8872430000001, value=c, duration=None>
580.8896 	EXP 	New trial (rep=1, index=2): <Trial 6 (2 in rep 1) data={'pos': np.int64(-150), 'corr_resp': 'z', 'thisN': 6, 'thisTrialN': 2, 'thisRepN': 1}>
580.8906 	DATA 	Keypress: c
580.9053 	EXP 	fixation: autoDraw = False
580.9053 	EXP 	line1: autoDraw = False
580.9053 	EXP 	line_2: autoDraw = False
580.9053 	EXP 	line_3: autoDraw = False
580.9053 	EXP 	line4: autoDraw = False
580.9053 	EXP 	probe: autoDraw = False
580.9053 	EXP 	fixation: autoDraw = True
581.1569 	EXP 	Device response: <KeyPress from None: t=580.8872430000001, value=c, duration=0.2612973000000238>
581.8886 	EXP 	line1: autoDraw = True
581.8886 	EXP 	line_2: autoDraw = True
581.8886 	EXP 	line_3: autoDraw = True
581.8886 	EXP 	line4: autoDraw = True
581.9061 	EXP 	fixation: autoDraw = False
582.8892 	INFO 	Keyboard events cleared
582.8890 	EXP 	probe: autoDraw = True
583.4919 	DATA 	Keypress: z
583.5059 	EXP 	Device response: <KeyPress from None: t=583.4908872000001, value=z, duration=None>
583.5063 	EXP 	New trial (rep=1, index=3): <Trial 7 (3 in rep 1) data={'pos': np.int64(150), 'corr_resp': 'v', 'thisN': 7, 'thisTrialN': 3, 'thisRepN': 1}>
583.5231 	EXP 	fixation: autoDraw = False
583.5231 	EXP 	line1: autoDraw = False
583.5231 	EXP 	line_2: autoDraw = False
583.5231 	EXP 	line_3: autoDraw = False
583.5231 	EXP 	line4: autoDraw = False
583.5231 	EXP 	probe: autoDraw = False
583.5231 	EXP 	fixation: autoDraw = True
583.6891 	EXP 	Device response: <KeyPress from None: t=583.4908872000001, value=z, duration=0.18784120000009352>
584.5052 	EXP 	line1: autoDraw = True
584.5052 	EXP 	line_2: autoDraw = True
584.5052 	EXP 	line_3: autoDraw = True
584.5052 	EXP 	line4: autoDraw = True
584.5394 	EXP 	fixation: autoDraw = False
585.5065 	INFO 	Keyboard events cleared
585.5063 	EXP 	probe: autoDraw = True
586.6391 	EXP 	Device response: <KeyPress from None: t=586.6261289000004, value=v, duration=None>
586.6395 	EXP 	New trial (rep=2, index=0): <Trial 8 (0 in rep 2) data={'pos': np.int64(-150), 'corr_resp': 'z', 'thisN': 8, 'thisTrialN': 0, 'thisRepN': 2}>
586.6408 	DATA 	Keypress: v
586.6555 	EXP 	fixation: autoDraw = False
586.6555 	EXP 	line1: autoDraw = False
586.6555 	EXP 	line_2: autoDraw = False
586.6555 	EXP 	line_3: autoDraw = False
586.6555 	EXP 	line4: autoDraw = False
586.6555 	EXP 	probe: autoDraw = False
586.6555 	EXP 	fixation: autoDraw = True
586.8233 	EXP 	Device response: <KeyPress from None: t=586.6261289000004, value=v, duration=0.19405030000007173>
587.6387 	EXP 	line1: autoDraw = True
587.6387 	EXP 	line_2: autoDraw = True
587.6387 	EXP 	line_3: autoDraw = True
587.6387 	EXP 	line4: autoDraw = True
587.6555 	EXP 	fixation: autoDraw = False
588.6397 	INFO 	Keyboard events cleared
588.6395 	EXP 	probe: autoDraw = True
589.4226 	EXP 	Device response: <KeyPress from None: t=589.4122476000002, value=z, duration=None>
589.4230 	EXP 	New trial (rep=2, index=1): <Trial 9 (1 in rep 2) data={'pos': np.int64(-50), 'corr_resp': 'x', 'thisN': 9, 'thisTrialN': 1, 'thisRepN': 2}>
589.4244 	DATA 	Keypress: z
589.4387 	EXP 	fixation: autoDraw = False
589.4387 	EXP 	line1: autoDraw = False
589.4387 	EXP 	line_2: autoDraw = False
589.4387 	EXP 	line_3: autoDraw = False
589.4387 	EXP 	line4: autoDraw = False
589.4387 	EXP 	probe: autoDraw = False
589.4387 	EXP 	fixation: autoDraw = True
589.5897 	EXP 	Device response: <KeyPress from None: t=589.4122476000002, value=z, duration=0.17255359999990105>
590.4221 	EXP 	line1: autoDraw = True
590.4221 	EXP 	line_2: autoDraw = True
590.4221 	EXP 	line_3: autoDraw = True
590.4221 	EXP 	line4: autoDraw = True
590.4394 	EXP 	fixation: autoDraw = False
591.4229 	INFO 	Keyboard events cleared
591.4227 	EXP 	probe: autoDraw = True
592.3566 	EXP 	Device response: <KeyPress from None: t=592.3545337, value=x, duration=None>
592.3570 	EXP 	New trial (rep=2, index=2): <Trial 10 (2 in rep 2) data={'pos': np.int64(50), 'corr_resp': 'c', 'thisN': 10, 'thisTrialN': 2, 'thisRepN': 2}>
592.3583 	DATA 	Keypress: x
592.3723 	EXP 	fixation: autoDraw = False
592.3723 	EXP 	line1: autoDraw = False
592.3723 	EXP 	line_2: autoDraw = False
592.3723 	EXP 	line_3: autoDraw = False
592.3723 	EXP 	line4: autoDraw = False
592.3723 	EXP 	probe: autoDraw = False
592.3723 	EXP 	fixation: autoDraw = True
592.5070 	EXP 	Device response: <KeyPress from None: t=592.3545337, value=x, duration=0.14576190000025235>
593.3564 	EXP 	line1: autoDraw = True
593.3564 	EXP 	line_2: autoDraw = True
593.3564 	EXP 	line_3: autoDraw = True
593.3564 	EXP 	line4: autoDraw = True
593.3730 	EXP 	fixation: autoDraw = False
594.3556 	INFO 	Keyboard events cleared
594.3555 	EXP 	probe: autoDraw = True
594.8925 	DATA 	Keypress: c
594.9063 	EXP 	Device response: <KeyPress from None: t=594.8921435000002, value=c, duration=None>
594.9068 	EXP 	New trial (rep=2, index=3): <Trial 11 (3 in rep 2) data={'pos': np.int64(150), 'corr_resp': 'v', 'thisN': 11, 'thisTrialN': 3, 'thisRepN': 2}>
594.9239 	EXP 	fixation: autoDraw = False
594.9239 	EXP 	line1: autoDraw = False
594.9239 	EXP 	line_2: autoDraw = False
594.9239 	EXP 	line_3: autoDraw = False
594.9239 	EXP 	line4: autoDraw = False
594.9239 	EXP 	probe: autoDraw = False
594.9239 	EXP 	fixation: autoDraw = True
595.1393 	EXP 	Device response: <KeyPress from None: t=594.8921435000002, value=c, duration=0.23996990000023288>
595.9068 	EXP 	line1: autoDraw = True
595.9068 	EXP 	line_2: autoDraw = True
595.9068 	EXP 	line_3: autoDraw = True
595.9068 	EXP 	line4: autoDraw = True
595.9226 	EXP 	fixation: autoDraw = False
596.9060 	INFO 	Keyboard events cleared
596.9058 	EXP 	probe: autoDraw = True
597.7565 	EXP 	Device response: <KeyPress from None: t=597.7559232000003, value=v, duration=None>
597.7569 	EXP 	New trial (rep=3, index=0): <Trial 12 (0 in rep 3) data={'pos': np.int64(50), 'corr_resp': 'c', 'thisN': 12, 'thisTrialN': 0, 'thisRepN': 3}>
597.7581 	DATA 	Keypress: v
597.7719 	EXP 	fixation: autoDraw = False
597.7719 	EXP 	line1: autoDraw = False
597.7719 	EXP 	line_2: autoDraw = False
597.7719 	EXP 	line_3: autoDraw = False
597.7719 	EXP 	line4: autoDraw = False
597.7719 	EXP 	probe: autoDraw = False
597.7719 	EXP 	fixation: autoDraw = True
598.0058 	EXP 	Device response: <KeyPress from None: t=597.7559232000003, value=v, duration=0.24198169999999664>
598.7558 	EXP 	line1: autoDraw = True
598.7558 	EXP 	line_2: autoDraw = True
598.7558 	EXP 	line_3: autoDraw = True
598.7558 	EXP 	line4: autoDraw = True
598.7725 	EXP 	fixation: autoDraw = False
599.7727 	INFO 	Keyboard events cleared
599.7725 	EXP 	probe: autoDraw = True
600.2900 	EXP 	Device response: <KeyPress from None: t=600.2832802000003, value=c, duration=None>
600.2904 	EXP 	New trial (rep=3, index=1): <Trial 13 (1 in rep 3) data={'pos': np.int64(150), 'corr_resp': 'v', 'thisN': 13, 'thisTrialN': 1, 'thisRepN': 3}>
600.2920 	DATA 	Keypress: c
600.3063 	EXP 	fixation: autoDraw = False
600.3063 	EXP 	line1: autoDraw = False
600.3063 	EXP 	line_2: autoDraw = False
600.3063 	EXP 	line_3: autoDraw = False
600.3063 	EXP 	line4: autoDraw = False
600.3063 	EXP 	probe: autoDraw = False
600.3063 	EXP 	fixation: autoDraw = True
600.4898 	EXP 	Device response: <KeyPress from None: t=600.2832802000003, value=c, duration=0.2000542000000678>
601.3060 	EXP 	fixation: autoDraw = False
601.3060 	EXP 	line1: autoDraw = True
601.3060 	EXP 	line_2: autoDraw = True
601.3060 	EXP 	line_3: autoDraw = True
601.3060 	EXP 	line4: autoDraw = True
602.2891 	INFO 	Keyboard events cleared
602.2890 	EXP 	probe: autoDraw = True
602.9396 	EXP 	Device response: <KeyPress from None: t=602.9353336000004, value=v, duration=None>
602.9400 	EXP 	New trial (rep=3, index=2): <Trial 14 (2 in rep 3) data={'pos': np.int64(-50), 'corr_resp': 'x', 'thisN': 14, 'thisTrialN': 2, 'thisRepN': 3}>
602.9416 	DATA 	Keypress: v
602.9554 	EXP 	fixation: autoDraw = False
602.9554 	EXP 	line1: autoDraw = False
602.9554 	EXP 	line_2: autoDraw = False
602.9554 	EXP 	line_3: autoDraw = False
602.9554 	EXP 	line4: autoDraw = False
602.9554 	EXP 	probe: autoDraw = False
602.9554 	EXP 	fixation: autoDraw = True
603.1563 	EXP 	Device response: <KeyPress from None: t=602.9353336000004, value=v, duration=0.21952269999974305>
603.9563 	EXP 	fixation: autoDraw = False
603.9563 	EXP 	line1: autoDraw = True
603.9563 	EXP 	line_2: autoDraw = True
603.9563 	EXP 	line_3: autoDraw = True
603.9563 	EXP 	line4: autoDraw = True
604.9397 	INFO 	Keyboard events cleared
604.9395 	EXP 	probe: autoDraw = True
605.5400 	EXP 	Device response: <KeyPress from None: t=605.5344131000002, value=x, duration=None>
605.5405 	EXP 	New trial (rep=3, index=3): <Trial 15 (3 in rep 3) data={'pos': np.int64(-150), 'corr_resp': 'z', 'thisN': 15, 'thisTrialN': 3, 'thisRepN': 3}>
605.5420 	DATA 	Keypress: x
605.5564 	EXP 	fixation: autoDraw = False
605.5564 	EXP 	line1: autoDraw = False
605.5564 	EXP 	line_2: autoDraw = False
605.5564 	EXP 	line_3: autoDraw = False
605.5564 	EXP 	line4: autoDraw = False
605.5564 	EXP 	probe: autoDraw = False
605.5564 	EXP 	fixation: autoDraw = True
605.7404 	EXP 	Device response: <KeyPress from None: t=605.5344131000002, value=x, duration=0.20062349999989237>
606.5404 	EXP 	line1: autoDraw = True
606.5404 	EXP 	line_2: autoDraw = True
606.5404 	EXP 	line_3: autoDraw = True
606.5404 	EXP 	line4: autoDraw = True
606.5562 	EXP 	fixation: autoDraw = False
607.5394 	INFO 	Keyboard events cleared
607.5392 	EXP 	probe: autoDraw = True
608.4730 	EXP 	Device response: <KeyPress from None: t=608.4699677000003, value=z, duration=None>
608.4734 	EXP 	New trial (rep=4, index=0): <Trial 16 (0 in rep 4) data={'pos': np.int64(-150), 'corr_resp': 'z', 'thisN': 16, 'thisTrialN': 0, 'thisRepN': 4}>
608.4749 	DATA 	Keypress: z
608.4887 	EXP 	fixation: autoDraw = False
608.4887 	EXP 	line1: autoDraw = False
608.4887 	EXP 	line_2: autoDraw = False
608.4887 	EXP 	line_3: autoDraw = False
608.4887 	EXP 	line4: autoDraw = False
608.4887 	EXP 	probe: autoDraw = False
608.4887 	EXP 	fixation: autoDraw = True
608.6228 	EXP 	Device response: <KeyPress from None: t=608.4699677000003, value=z, duration=0.1368532999999843>
609.4731 	EXP 	line1: autoDraw = True
609.4731 	EXP 	line_2: autoDraw = True
609.4731 	EXP 	line_3: autoDraw = True
609.4731 	EXP 	line4: autoDraw = True
609.4894 	EXP 	fixation: autoDraw = False
610.4722 	INFO 	Keyboard events cleared
610.4720 	EXP 	probe: autoDraw = True
610.9726 	EXP 	Device response: <KeyPress from None: t=610.9582777, value=z, duration=None>
610.9730 	EXP 	New trial (rep=4, index=1): <Trial 17 (1 in rep 4) data={'pos': np.int64(-50), 'corr_resp': 'x', 'thisN': 17, 'thisTrialN': 1, 'thisRepN': 4}>
610.9743 	DATA 	Keypress: z
610.9896 	EXP 	fixation: autoDraw = False
610.9896 	EXP 	line1: autoDraw = False
610.9896 	EXP 	line_2: autoDraw = False
610.9896 	EXP 	line_3: autoDraw = False
610.9896 	EXP 	line4: autoDraw = False
610.9896 	EXP 	probe: autoDraw = False
610.9896 	EXP 	fixation: autoDraw = True
611.1396 	EXP 	Device response: <KeyPress from None: t=610.9582777, value=z, duration=0.17743000000018583>
611.9730 	EXP 	line1: autoDraw = True
611.9730 	EXP 	line_2: autoDraw = True
611.9730 	EXP 	line_3: autoDraw = True
611.9730 	EXP 	line4: autoDraw = True
611.9899 	EXP 	fixation: autoDraw = False
612.9729 	INFO 	Keyboard events cleared
612.9728 	EXP 	probe: autoDraw = True
613.8726 	EXP 	Device response: <KeyPress from None: t=613.8636305, value=x, duration=None>
613.8730 	EXP 	New trial (rep=4, index=2): <Trial 18 (2 in rep 4) data={'pos': np.int64(150), 'corr_resp': 'v', 'thisN': 18, 'thisTrialN': 2, 'thisRepN': 4}>
613.8746 	DATA 	Keypress: x
613.8889 	EXP 	fixation: autoDraw = False
613.8889 	EXP 	line1: autoDraw = False
613.8889 	EXP 	line_2: autoDraw = False
613.8889 	EXP 	line_3: autoDraw = False
613.8889 	EXP 	line4: autoDraw = False
613.8889 	EXP 	probe: autoDraw = False
613.8889 	EXP 	fixation: autoDraw = True
614.0398 	EXP 	Device response: <KeyPress from None: t=613.8636305, value=x, duration=0.15903890000026877>
614.8731 	EXP 	line1: autoDraw = True
614.8731 	EXP 	line_2: autoDraw = True
614.8731 	EXP 	line_3: autoDraw = True
614.8731 	EXP 	line4: autoDraw = True
614.8892 	EXP 	fixation: autoDraw = False
615.8728 	INFO 	Keyboard events cleared
615.8726 	EXP 	probe: autoDraw = True
617.1395 	EXP 	Device response: <KeyPress from None: t=617.1306323000003, value=v, duration=None>
617.1399 	EXP 	New trial (rep=4, index=3): <Trial 19 (3 in rep 4) data={'pos': np.int64(50), 'corr_resp': 'c', 'thisN': 19, 'thisTrialN': 3, 'thisRepN': 4}>
617.1411 	DATA 	Keypress: v
617.1558 	EXP 	fixation: autoDraw = False
617.1558 	EXP 	line1: autoDraw = False
617.1558 	EXP 	line_2: autoDraw = False
617.1558 	EXP 	line_3: autoDraw = False
617.1558 	EXP 	line4: autoDraw = False
617.1558 	EXP 	probe: autoDraw = False
617.1558 	EXP 	fixation: autoDraw = True
617.2236 	EXP 	Device response: <KeyPress from None: t=617.1306323000003, value=v, duration=0.09181300000000192>
618.1393 	EXP 	line1: autoDraw = True
618.1393 	EXP 	line_2: autoDraw = True
618.1393 	EXP 	line_3: autoDraw = True
618.1393 	EXP 	line4: autoDraw = True
618.1554 	EXP 	fixation: autoDraw = False
619.1395 	INFO 	Keyboard events cleared
619.1393 	EXP 	probe: autoDraw = True
620.3566 	EXP 	Device response: <KeyPress from None: t=620.3419356000004, value=c, duration=None>
620.3571 	EXP 	New trial (rep=5, index=0): <Trial 20 (0 in rep 5) data={'pos': np.int64(-50), 'corr_resp': 'x', 'thisN': 20, 'thisTrialN': 0, 'thisRepN': 5}>
620.3585 	DATA 	Keypress: c
620.3721 	EXP 	fixation: autoDraw = False
620.3721 	EXP 	line1: autoDraw = False
620.3721 	EXP 	line_2: autoDraw = False
620.3721 	EXP 	line_3: autoDraw = False
620.3721 	EXP 	line4: autoDraw = False
620.3721 	EXP 	probe: autoDraw = False
620.3721 	EXP 	fixation: autoDraw = True
620.5226 	EXP 	Device response: <KeyPress from None: t=620.3419356000004, value=c, duration=0.1639242999999624>
621.3723 	EXP 	fixation: autoDraw = False
621.3723 	EXP 	line1: autoDraw = True
621.3723 	EXP 	line_2: autoDraw = True
621.3723 	EXP 	line_3: autoDraw = True
621.3723 	EXP 	line4: autoDraw = True
622.3733 	INFO 	Keyboard events cleared
622.3731 	EXP 	probe: autoDraw = True
622.8733 	EXP 	Device response: <KeyPress from None: t=622.8707279, value=x, duration=None>
622.8737 	EXP 	New trial (rep=5, index=1): <Trial 21 (1 in rep 5) data={'pos': np.int64(-150), 'corr_resp': 'z', 'thisN': 21, 'thisTrialN': 1, 'thisRepN': 5}>
622.8751 	DATA 	Keypress: x
622.8890 	EXP 	fixation: autoDraw = False
622.8890 	EXP 	line1: autoDraw = False
622.8890 	EXP 	line_2: autoDraw = False
622.8890 	EXP 	line_3: autoDraw = False
622.8890 	EXP 	line4: autoDraw = False
622.8890 	EXP 	probe: autoDraw = False
622.8890 	EXP 	fixation: autoDraw = True
623.0401 	EXP 	Device response: <KeyPress from None: t=622.8707279, value=x, duration=0.15985100000034436>
623.8891 	EXP 	fixation: autoDraw = False
623.8891 	EXP 	line1: autoDraw = True
623.8891 	EXP 	line_2: autoDraw = True
623.8891 	EXP 	line_3: autoDraw = True
623.8891 	EXP 	line4: autoDraw = True
624.8725 	INFO 	Keyboard events cleared
624.8723 	EXP 	probe: autoDraw = True
625.3895 	EXP 	Device response: <KeyPress from None: t=625.3788017000002, value=z, duration=None>
625.3899 	EXP 	New trial (rep=5, index=2): <Trial 22 (2 in rep 5) data={'pos': np.int64(150), 'corr_resp': 'v', 'thisN': 22, 'thisTrialN': 2, 'thisRepN': 5}>
625.3911 	DATA 	Keypress: z
625.4056 	EXP 	fixation: autoDraw = False
625.4056 	EXP 	line1: autoDraw = False
625.4056 	EXP 	line_2: autoDraw = False
625.4056 	EXP 	line_3: autoDraw = False
625.4056 	EXP 	line4: autoDraw = False
625.4056 	EXP 	probe: autoDraw = False
625.4056 	EXP 	fixation: autoDraw = True
625.5570 	EXP 	Device response: <KeyPress from None: t=625.3788017000002, value=z, duration=0.16277679999984684>
626.3893 	EXP 	line1: autoDraw = True
626.3893 	EXP 	line_2: autoDraw = True
626.3893 	EXP 	line_3: autoDraw = True
626.3893 	EXP 	line4: autoDraw = True
626.4062 	EXP 	fixation: autoDraw = False
627.3899 	INFO 	Keyboard events cleared
627.3897 	EXP 	probe: autoDraw = True
628.8561 	EXP 	Device response: <KeyPress from None: t=628.8438243, value=v, duration=None>
628.8565 	EXP 	New trial (rep=5, index=3): <Trial 23 (3 in rep 5) data={'pos': np.int64(50), 'corr_resp': 'c', 'thisN': 23, 'thisTrialN': 3, 'thisRepN': 5}>
628.8582 	DATA 	Keypress: v
628.8720 	EXP 	fixation: autoDraw = False
628.8720 	EXP 	line1: autoDraw = False
628.8720 	EXP 	line_2: autoDraw = False
628.8720 	EXP 	line_3: autoDraw = False
628.8720 	EXP 	line4: autoDraw = False
628.8720 	EXP 	probe: autoDraw = False
628.8720 	EXP 	fixation: autoDraw = True
629.0077 	EXP 	Device response: <KeyPress from None: t=628.8438243, value=v, duration=0.1511276999999609>
629.8568 	EXP 	line1: autoDraw = True
629.8568 	EXP 	line_2: autoDraw = True
629.8568 	EXP 	line_3: autoDraw = True
629.8568 	EXP 	line4: autoDraw = True
629.8724 	EXP 	fixation: autoDraw = False
630.8558 	INFO 	Keyboard events cleared
630.8557 	EXP 	probe: autoDraw = True
631.5234 	EXP 	Device response: <KeyPress from None: t=631.5136288000003, value=c, duration=None>
631.5238 	EXP 	New trial (rep=6, index=0): <Trial 24 (0 in rep 6) data={'pos': np.int64(150), 'corr_resp': 'v', 'thisN': 24, 'thisTrialN': 0, 'thisRepN': 6}>
631.5253 	DATA 	Keypress: c
631.5386 	EXP 	fixation: autoDraw = False
631.5386 	EXP 	line1: autoDraw = False
631.5386 	EXP 	line_2: autoDraw = False
631.5386 	EXP 	line_3: autoDraw = False
631.5386 	EXP 	line4: autoDraw = False
631.5386 	EXP 	probe: autoDraw = False
631.5386 	EXP 	fixation: autoDraw = True
631.8232 	EXP 	Device response: <KeyPress from None: t=631.5136288000003, value=c, duration=0.30552689999967697>
632.5229 	EXP 	line1: autoDraw = True
632.5229 	EXP 	line_2: autoDraw = True
632.5229 	EXP 	line_3: autoDraw = True
632.5229 	EXP 	line4: autoDraw = True
632.5393 	EXP 	fixation: autoDraw = False
633.5392 	INFO 	Keyboard events cleared
633.5390 	EXP 	probe: autoDraw = True
634.5090 	DATA 	Keypress: x
634.5231 	EXP 	Device response: <KeyPress from None: t=634.5067504000003, value=x, duration=None>
634.5235 	EXP 	New trial (rep=6, index=1): <Trial 25 (1 in rep 6) data={'pos': np.int64(-150), 'corr_resp': 'z', 'thisN': 25, 'thisTrialN': 1, 'thisRepN': 6}>
634.5396 	EXP 	fixation: autoDraw = False
634.5396 	EXP 	line1: autoDraw = False
634.5396 	EXP 	line_2: autoDraw = False
634.5396 	EXP 	line_3: autoDraw = False
634.5396 	EXP 	line4: autoDraw = False
634.5396 	EXP 	probe: autoDraw = False
634.5396 	EXP 	fixation: autoDraw = True
634.7239 	EXP 	Device response: <KeyPress from None: t=634.5067504000003, value=x, duration=0.2034100999999282>
635.5397 	EXP 	fixation: autoDraw = False
635.5397 	EXP 	line1: autoDraw = True
635.5397 	EXP 	line_2: autoDraw = True
635.5397 	EXP 	line_3: autoDraw = True
635.5397 	EXP 	line4: autoDraw = True
636.5242 	INFO 	Keyboard events cleared
636.5240 	EXP 	probe: autoDraw = True
636.9238 	EXP 	Device response: <KeyPress from None: t=636.9147437000001, value=z, duration=None>
636.9242 	EXP 	New trial (rep=6, index=2): <Trial 26 (2 in rep 6) data={'pos': np.int64(50), 'corr_resp': 'c', 'thisN': 26, 'thisTrialN': 2, 'thisRepN': 6}>
636.9255 	DATA 	Keypress: z
636.9389 	EXP 	fixation: autoDraw = False
636.9389 	EXP 	line1: autoDraw = False
636.9389 	EXP 	line_2: autoDraw = False
636.9389 	EXP 	line_3: autoDraw = False
636.9389 	EXP 	line4: autoDraw = False
636.9389 	EXP 	probe: autoDraw = False
636.9389 	EXP 	fixation: autoDraw = True
637.0901 	EXP 	Device response: <KeyPress from None: t=636.9147437000001, value=z, duration=0.17248090000020966>
637.9398 	EXP 	fixation: autoDraw = False
637.9398 	EXP 	line1: autoDraw = True
637.9398 	EXP 	line_2: autoDraw = True
637.9398 	EXP 	line_3: autoDraw = True
637.9398 	EXP 	line4: autoDraw = True
638.9394 	INFO 	Keyboard events cleared
638.9392 	EXP 	probe: autoDraw = True
640.7075 	EXP 	Device response: <KeyPress from None: t=640.7017249, value=c, duration=None>
640.7079 	EXP 	New trial (rep=6, index=3): <Trial 27 (3 in rep 6) data={'pos': np.int64(-50), 'corr_resp': 'x', 'thisN': 27, 'thisTrialN': 3, 'thisRepN': 6}>
640.7092 	DATA 	Keypress: c
640.7224 	EXP 	fixation: autoDraw = False
640.7224 	EXP 	line1: autoDraw = False
640.7224 	EXP 	line_2: autoDraw = False
640.7224 	EXP 	line_3: autoDraw = False
640.7224 	EXP 	line4: autoDraw = False
640.7224 	EXP 	probe: autoDraw = False
640.7224 	EXP 	fixation: autoDraw = True
640.9069 	EXP 	Device response: <KeyPress from None: t=640.7017249, value=c, duration=0.19937530000015613>
641.7079 	EXP 	line1: autoDraw = True
641.7079 	EXP 	line_2: autoDraw = True
641.7079 	EXP 	line_3: autoDraw = True
641.7079 	EXP 	line4: autoDraw = True
641.7238 	EXP 	fixation: autoDraw = False
642.7225 	INFO 	Keyboard events cleared
642.7224 	EXP 	probe: autoDraw = True
643.7572 	EXP 	Device response: <KeyPress from None: t=643.7553491000003, value=x, duration=None>
643.7576 	EXP 	New trial (rep=7, index=0): <Trial 28 (0 in rep 7) data={'pos': np.int64(-50), 'corr_resp': 'x', 'thisN': 28, 'thisTrialN': 0, 'thisRepN': 7}>
643.7591 	DATA 	Keypress: x
643.7730 	EXP 	fixation: autoDraw = False
643.7730 	EXP 	line1: autoDraw = False
643.7730 	EXP 	line_2: autoDraw = False
643.7730 	EXP 	line_3: autoDraw = False
643.7730 	EXP 	line4: autoDraw = False
643.7730 	EXP 	probe: autoDraw = False
643.7730 	EXP 	fixation: autoDraw = True
643.9228 	EXP 	Device response: <KeyPress from None: t=643.7553491000003, value=x, duration=0.1666534999999385>
644.7722 	EXP 	fixation: autoDraw = False
644.7722 	EXP 	line1: autoDraw = True
644.7722 	EXP 	line_2: autoDraw = True
644.7722 	EXP 	line_3: autoDraw = True
644.7722 	EXP 	line4: autoDraw = True
645.7558 	INFO 	Keyboard events cleared
645.7556 	EXP 	probe: autoDraw = True
646.3901 	EXP 	Device response: <KeyPress from None: t=646.3895645000002, value=x, duration=None>
646.3905 	EXP 	New trial (rep=7, index=1): <Trial 29 (1 in rep 7) data={'pos': np.int64(150), 'corr_resp': 'v', 'thisN': 29, 'thisTrialN': 1, 'thisRepN': 7}>
646.3919 	DATA 	Keypress: x
646.4062 	EXP 	fixation: autoDraw = False
646.4062 	EXP 	line1: autoDraw = False
646.4062 	EXP 	line_2: autoDraw = False
646.4062 	EXP 	line_3: autoDraw = False
646.4062 	EXP 	line4: autoDraw = False
646.4062 	EXP 	probe: autoDraw = False
646.4062 	EXP 	fixation: autoDraw = True
646.5738 	EXP 	Device response: <KeyPress from None: t=646.3895645000002, value=x, duration=0.17747079999980997>
647.3891 	EXP 	line1: autoDraw = True
647.3891 	EXP 	line_2: autoDraw = True
647.3891 	EXP 	line_3: autoDraw = True
647.3891 	EXP 	line4: autoDraw = True
647.4058 	EXP 	fixation: autoDraw = False
648.4061 	INFO 	Keyboard events cleared
648.4059 	EXP 	probe: autoDraw = True
649.3600 	DATA 	Keypress: v
649.3731 	EXP 	Device response: <KeyPress from None: t=649.3586174000002, value=v, duration=None>
649.3735 	EXP 	New trial (rep=7, index=2): <Trial 30 (2 in rep 7) data={'pos': np.int64(50), 'corr_resp': 'c', 'thisN': 30, 'thisTrialN': 2, 'thisRepN': 7}>
649.3890 	EXP 	fixation: autoDraw = False
649.3890 	EXP 	line1: autoDraw = False
649.3890 	EXP 	line_2: autoDraw = False
649.3890 	EXP 	line_3: autoDraw = False
649.3890 	EXP 	line4: autoDraw = False
649.3890 	EXP 	probe: autoDraw = False
649.3890 	EXP 	fixation: autoDraw = True
649.5397 	EXP 	Device response: <KeyPress from None: t=649.3586174000002, value=v, duration=0.1802298000002338>
650.3733 	EXP 	line1: autoDraw = True
650.3733 	EXP 	line_2: autoDraw = True
650.3733 	EXP 	line_3: autoDraw = True
650.3733 	EXP 	line4: autoDraw = True
650.3895 	EXP 	fixation: autoDraw = False
651.3738 	INFO 	Keyboard events cleared
651.3736 	EXP 	probe: autoDraw = True
651.8727 	EXP 	Device response: <KeyPress from None: t=651.8640301, value=c, duration=None>
651.8732 	EXP 	New trial (rep=7, index=3): <Trial 31 (3 in rep 7) data={'pos': np.int64(-150), 'corr_resp': 'z', 'thisN': 31, 'thisTrialN': 3, 'thisRepN': 7}>
651.8749 	DATA 	Keypress: c
651.8889 	EXP 	fixation: autoDraw = False
651.8889 	EXP 	line1: autoDraw = False
651.8889 	EXP 	line_2: autoDraw = False
651.8889 	EXP 	line_3: autoDraw = False
651.8889 	EXP 	line4: autoDraw = False
651.8889 	EXP 	probe: autoDraw = False
651.8889 	EXP 	fixation: autoDraw = True
652.2903 	EXP 	Device response: <KeyPress from None: t=651.8640301, value=c, duration=0.42305420000002414>
652.8724 	EXP 	line1: autoDraw = True
652.8724 	EXP 	line_2: autoDraw = True
652.8724 	EXP 	line_3: autoDraw = True
652.8724 	EXP 	line4: autoDraw = True
652.8894 	EXP 	fixation: autoDraw = False
653.8727 	INFO 	Keyboard events cleared
653.8725 	EXP 	probe: autoDraw = True
654.8396 	EXP 	Device response: <KeyPress from None: t=654.8264312000001, value=x, duration=None>
654.8400 	EXP 	New trial (rep=8, index=0): <Trial 32 (0 in rep 8) data={'pos': np.int64(150), 'corr_resp': 'v', 'thisN': 32, 'thisTrialN': 0, 'thisRepN': 8}>
654.8414 	DATA 	Keypress: x
654.8561 	EXP 	fixation: autoDraw = False
654.8561 	EXP 	line1: autoDraw = False
654.8561 	EXP 	line_2: autoDraw = False
654.8561 	EXP 	line_3: autoDraw = False
654.8561 	EXP 	line4: autoDraw = False
654.8561 	EXP 	probe: autoDraw = False
654.8561 	EXP 	fixation: autoDraw = True
654.9894 	EXP 	Device response: <KeyPress from None: t=654.8264312000001, value=x, duration=0.1585797000002458>
655.8397 	EXP 	line1: autoDraw = True
655.8397 	EXP 	line_2: autoDraw = True
655.8397 	EXP 	line_3: autoDraw = True
655.8397 	EXP 	line4: autoDraw = True
655.8564 	EXP 	fixation: autoDraw = False
656.8402 	INFO 	Keyboard events cleared
656.8400 	EXP 	probe: autoDraw = True
657.8565 	EXP 	Device response: <KeyPress from None: t=657.8436245000003, value=c, duration=None>
657.8569 	EXP 	New trial (rep=8, index=1): <Trial 33 (1 in rep 8) data={'pos': np.int64(-150), 'corr_resp': 'z', 'thisN': 33, 'thisTrialN': 1, 'thisRepN': 8}>
657.8582 	DATA 	Keypress: c
657.8731 	EXP 	fixation: autoDraw = False
657.8731 	EXP 	line1: autoDraw = False
657.8731 	EXP 	line_2: autoDraw = False
657.8731 	EXP 	line_3: autoDraw = False
657.8731 	EXP 	line4: autoDraw = False
657.8731 	EXP 	probe: autoDraw = False
657.8731 	EXP 	fixation: autoDraw = True
658.1229 	EXP 	Device response: <KeyPress from None: t=657.8436245000003, value=c, duration=0.27659570000014355>
658.8563 	EXP 	line1: autoDraw = True
658.8563 	EXP 	line_2: autoDraw = True
658.8563 	EXP 	line_3: autoDraw = True
658.8563 	EXP 	line4: autoDraw = True
658.8731 	EXP 	fixation: autoDraw = False
659.8558 	INFO 	Keyboard events cleared
659.8556 	EXP 	probe: autoDraw = True
661.1568 	EXP 	Device response: <KeyPress from None: t=661.1539804000004, value=z, duration=None>
661.1572 	EXP 	New trial (rep=8, index=2): <Trial 34 (2 in rep 8) data={'pos': np.int64(50), 'corr_resp': 'c', 'thisN': 34, 'thisTrialN': 2, 'thisRepN': 8}>
661.1587 	DATA 	Keypress: z
661.1723 	EXP 	fixation: autoDraw = False
661.1723 	EXP 	line1: autoDraw = False
661.1723 	EXP 	line_2: autoDraw = False
661.1723 	EXP 	line_3: autoDraw = False
661.1723 	EXP 	line4: autoDraw = False
661.1723 	EXP 	probe: autoDraw = False
661.1723 	EXP 	fixation: autoDraw = True
661.3571 	EXP 	Device response: <KeyPress from None: t=661.1539804000004, value=z, duration=0.19219159999965996>
662.1563 	EXP 	line1: autoDraw = True
662.1563 	EXP 	line_2: autoDraw = True
662.1563 	EXP 	line_3: autoDraw = True
662.1563 	EXP 	line4: autoDraw = True
662.1729 	EXP 	fixation: autoDraw = False
663.1575 	INFO 	Keyboard events cleared
663.1573 	EXP 	probe: autoDraw = True
664.4735 	EXP 	Device response: <KeyPress from None: t=664.4645758000001, value=c, duration=None>
664.4738 	EXP 	New trial (rep=8, index=3): <Trial 35 (3 in rep 8) data={'pos': np.int64(-50), 'corr_resp': 'x', 'thisN': 35, 'thisTrialN': 3, 'thisRepN': 8}>
664.4754 	DATA 	Keypress: c
664.4898 	EXP 	fixation: autoDraw = False
664.4898 	EXP 	line1: autoDraw = False
664.4898 	EXP 	line_2: autoDraw = False
664.4898 	EXP 	line_3: autoDraw = False
664.4898 	EXP 	line4: autoDraw = False
664.4898 	EXP 	probe: autoDraw = False
664.4898 	EXP 	fixation: autoDraw = True
664.6561 	EXP 	Device response: <KeyPress from None: t=664.4645758000001, value=c, duration=0.1790857999999389>
665.4723 	EXP 	line1: autoDraw = True
665.4723 	EXP 	line_2: autoDraw = True
665.4723 	EXP 	line_3: autoDraw = True
665.4723 	EXP 	line4: autoDraw = True
665.4906 	EXP 	fixation: autoDraw = False
666.4904 	INFO 	Keyboard events cleared
666.4902 	EXP 	probe: autoDraw = True
666.9903 	EXP 	Device response: <KeyPress from None: t=666.9801127000001, value=x, duration=None>
666.9906 	EXP 	New trial (rep=9, index=0): <Trial 36 (0 in rep 9) data={'pos': np.int64(50), 'corr_resp': 'c', 'thisN': 36, 'thisTrialN': 0, 'thisRepN': 9}>
666.9919 	DATA 	Keypress: x
667.0057 	EXP 	fixation: autoDraw = False
667.0057 	EXP 	line1: autoDraw = False
667.0057 	EXP 	line_2: autoDraw = False
667.0057 	EXP 	line_3: autoDraw = False
667.0057 	EXP 	line4: autoDraw = False
667.0057 	EXP 	probe: autoDraw = False
667.0057 	EXP 	fixation: autoDraw = True
667.2073 	EXP 	Device response: <KeyPress from None: t=666.9801127000001, value=x, duration=0.2163407000002735>
668.0064 	EXP 	fixation: autoDraw = False
668.0064 	EXP 	line1: autoDraw = True
668.0064 	EXP 	line_2: autoDraw = True
668.0064 	EXP 	line_3: autoDraw = True
668.0064 	EXP 	line4: autoDraw = True
669.0065 	INFO 	Keyboard events cleared
669.0063 	EXP 	probe: autoDraw = True
669.5759 	DATA 	Keypress: c
669.5897 	EXP 	Device response: <KeyPress from None: t=669.5737094000001, value=c, duration=None>
669.5901 	EXP 	New trial (rep=9, index=1): <Trial 37 (1 in rep 9) data={'pos': np.int64(-150), 'corr_resp': 'z', 'thisN': 37, 'thisTrialN': 1, 'thisRepN': 9}>
669.6062 	EXP 	fixation: autoDraw = False
669.6062 	EXP 	line1: autoDraw = False
669.6062 	EXP 	line_2: autoDraw = False
669.6062 	EXP 	line_3: autoDraw = False
669.6062 	EXP 	line4: autoDraw = False
669.6062 	EXP 	probe: autoDraw = False
669.6062 	EXP 	fixation: autoDraw = True
669.8066 	EXP 	Device response: <KeyPress from None: t=669.5737094000001, value=c, duration=0.21713390000013533>
670.5890 	EXP 	line1: autoDraw = True
670.5890 	EXP 	line_2: autoDraw = True
670.5890 	EXP 	line_3: autoDraw = True
670.5890 	EXP 	line4: autoDraw = True
670.6056 	EXP 	fixation: autoDraw = False
671.5896 	INFO 	Keyboard events cleared
671.5894 	EXP 	probe: autoDraw = True
672.2921 	DATA 	Keypress: z
672.3070 	EXP 	Device response: <KeyPress from None: t=672.2908992000002, value=z, duration=None>
672.3074 	EXP 	New trial (rep=9, index=2): <Trial 38 (2 in rep 9) data={'pos': np.int64(-50), 'corr_resp': 'x', 'thisN': 38, 'thisTrialN': 2, 'thisRepN': 9}>
672.3227 	EXP 	fixation: autoDraw = False
672.3227 	EXP 	line1: autoDraw = False
672.3227 	EXP 	line_2: autoDraw = False
672.3227 	EXP 	line_3: autoDraw = False
672.3227 	EXP 	line4: autoDraw = False
672.3227 	EXP 	probe: autoDraw = False
672.3227 	EXP 	fixation: autoDraw = True
672.4566 	EXP 	Device response: <KeyPress from None: t=672.2908992000002, value=z, duration=0.1552639999999883>
673.3228 	EXP 	fixation: autoDraw = False
673.3228 	EXP 	line1: autoDraw = True
673.3228 	EXP 	line_2: autoDraw = True
673.3228 	EXP 	line_3: autoDraw = True
673.3228 	EXP 	line4: autoDraw = True
674.3229 	INFO 	Keyboard events cleared
674.3227 	EXP 	probe: autoDraw = True
676.2903 	EXP 	Device response: <KeyPress from None: t=676.2802247000004, value=z, duration=None>
676.2908 	EXP 	New trial (rep=9, index=3): <Trial 39 (3 in rep 9) data={'pos': np.int64(150), 'corr_resp': 'v', 'thisN': 39, 'thisTrialN': 3, 'thisRepN': 9}>
676.2921 	DATA 	Keypress: z
676.3065 	EXP 	fixation: autoDraw = False
676.3065 	EXP 	line1: autoDraw = False
676.3065 	EXP 	line_2: autoDraw = False
676.3065 	EXP 	line_3: autoDraw = False
676.3065 	EXP 	line4: autoDraw = False
676.3065 	EXP 	probe: autoDraw = False
676.3065 	EXP 	fixation: autoDraw = True
676.4061 	EXP 	Device response: <KeyPress from None: t=676.2802247000004, value=z, duration=0.10992939999960072>
677.2895 	EXP 	line1: autoDraw = True
677.2895 	EXP 	line_2: autoDraw = True
677.2895 	EXP 	line_3: autoDraw = True
677.2895 	EXP 	line4: autoDraw = True
677.3061 	EXP 	fixation: autoDraw = False
678.3066 	INFO 	Keyboard events cleared
678.3064 	EXP 	probe: autoDraw = True
679.2421 	DATA 	Keypress: c
679.2567 	EXP 	Device response: <KeyPress from None: t=679.2410103000002, value=c, duration=None>
679.2570 	EXP 	New trial (rep=10, index=0): <Trial 40 (0 in rep 10) data={'pos': np.int64(-150), 'corr_resp': 'z', 'thisN': 40, 'thisTrialN': 0, 'thisRepN': 10}>
679.2722 	EXP 	fixation: autoDraw = False
679.2722 	EXP 	line1: autoDraw = False
679.2722 	EXP 	line_2: autoDraw = False
679.2722 	EXP 	line_3: autoDraw = False
679.2722 	EXP 	line4: autoDraw = False
679.2722 	EXP 	probe: autoDraw = False
679.2722 	EXP 	fixation: autoDraw = True
679.4573 	EXP 	Device response: <KeyPress from None: t=679.2410103000002, value=c, duration=0.21038720000024114>
680.2565 	EXP 	line1: autoDraw = True
680.2565 	EXP 	line_2: autoDraw = True
680.2565 	EXP 	line_3: autoDraw = True
680.2565 	EXP 	line4: autoDraw = True
680.2728 	EXP 	fixation: autoDraw = False
681.2728 	INFO 	Keyboard events cleared
681.2727 	EXP 	probe: autoDraw = True
682.5736 	EXP 	Device response: <KeyPress from None: t=682.5636830000003, value=z, duration=None>
682.5741 	EXP 	New trial (rep=10, index=1): <Trial 41 (1 in rep 10) data={'pos': np.int64(-50), 'corr_resp': 'x', 'thisN': 41, 'thisTrialN': 1, 'thisRepN': 10}>
682.5756 	DATA 	Keypress: z
682.5893 	EXP 	fixation: autoDraw = False
682.5893 	EXP 	line1: autoDraw = False
682.5893 	EXP 	line_2: autoDraw = False
682.5893 	EXP 	line_3: autoDraw = False
682.5893 	EXP 	line4: autoDraw = False
682.5893 	EXP 	probe: autoDraw = False
682.5893 	EXP 	fixation: autoDraw = True
682.7230 	EXP 	Device response: <KeyPress from None: t=682.5636830000003, value=z, duration=0.15400189999991198>
683.5730 	EXP 	line1: autoDraw = True
683.5730 	EXP 	line_2: autoDraw = True
683.5730 	EXP 	line_3: autoDraw = True
683.5730 	EXP 	line4: autoDraw = True
683.5897 	EXP 	fixation: autoDraw = False
684.5730 	INFO 	Keyboard events cleared
684.5728 	EXP 	probe: autoDraw = True
685.3563 	EXP 	Device response: <KeyPress from None: t=685.3440073000002, value=x, duration=None>
685.3567 	EXP 	New trial (rep=10, index=2): <Trial 42 (2 in rep 10) data={'pos': np.int64(150), 'corr_resp': 'v', 'thisN': 42, 'thisTrialN': 2, 'thisRepN': 10}>
685.3584 	DATA 	Keypress: x
685.3726 	EXP 	fixation: autoDraw = False
685.3726 	EXP 	line1: autoDraw = False
685.3726 	EXP 	line_2: autoDraw = False
685.3726 	EXP 	line_3: autoDraw = False
685.3726 	EXP 	line4: autoDraw = False
685.3726 	EXP 	probe: autoDraw = False
685.3726 	EXP 	fixation: autoDraw = True
685.5403 	EXP 	Device response: <KeyPress from None: t=685.3440073000002, value=x, duration=0.19061229999988427>
686.3561 	EXP 	line1: autoDraw = True
686.3561 	EXP 	line_2: autoDraw = True
686.3561 	EXP 	line_3: autoDraw = True
686.3561 	EXP 	line4: autoDraw = True
686.3728 	EXP 	fixation: autoDraw = False
687.3570 	INFO 	Keyboard events cleared
687.3568 	EXP 	probe: autoDraw = True
689.0403 	EXP 	Device response: <KeyPress from None: t=689.0342031, value=v, duration=None>
689.0407 	EXP 	New trial (rep=10, index=3): <Trial 43 (3 in rep 10) data={'pos': np.int64(50), 'corr_resp': 'c', 'thisN': 43, 'thisTrialN': 3, 'thisRepN': 10}>
689.0420 	DATA 	Keypress: v
689.0559 	EXP 	fixation: autoDraw = False
689.0559 	EXP 	line1: autoDraw = False
689.0559 	EXP 	line_2: autoDraw = False
689.0559 	EXP 	line_3: autoDraw = False
689.0559 	EXP 	line4: autoDraw = False
689.0559 	EXP 	probe: autoDraw = False
689.0559 	EXP 	fixation: autoDraw = True
689.2231 	EXP 	Device response: <KeyPress from None: t=689.0342031, value=v, duration=0.1825220000000627>
690.0570 	EXP 	fixation: autoDraw = False
690.0570 	EXP 	line1: autoDraw = True
690.0570 	EXP 	line_2: autoDraw = True
690.0570 	EXP 	line_3: autoDraw = True
690.0570 	EXP 	line4: autoDraw = True
691.0396 	INFO 	Keyboard events cleared
691.0394 	EXP 	probe: autoDraw = True
691.4082 	DATA 	Keypress: c
691.4228 	EXP 	Device response: <KeyPress from None: t=691.4067993000003, value=c, duration=None>
691.4232 	EXP 	New trial (rep=11, index=0): <Trial 44 (0 in rep 11) data={'pos': np.int64(-150), 'corr_resp': 'z', 'thisN': 44, 'thisTrialN': 0, 'thisRepN': 11}>
691.4396 	EXP 	fixation: autoDraw = False
691.4396 	EXP 	line1: autoDraw = False
691.4396 	EXP 	line_2: autoDraw = False
691.4396 	EXP 	line_3: autoDraw = False
691.4396 	EXP 	line4: autoDraw = False
691.4396 	EXP 	probe: autoDraw = False
691.4396 	EXP 	fixation: autoDraw = True
691.8062 	EXP 	Device response: <KeyPress from None: t=691.4067993000003, value=c, duration=0.38573029999997743>
692.4224 	EXP 	line1: autoDraw = True
692.4224 	EXP 	line_2: autoDraw = True
692.4224 	EXP 	line_3: autoDraw = True
692.4224 	EXP 	line4: autoDraw = True
692.4396 	EXP 	fixation: autoDraw = False
693.4233 	INFO 	Keyboard events cleared
693.4231 	EXP 	probe: autoDraw = True
700.3235 	EXP 	Device response: <KeyPress from None: t=700.3101243000001, value=z, duration=None>
700.3239 	EXP 	New trial (rep=11, index=1): <Trial 45 (1 in rep 11) data={'pos': np.int64(50), 'corr_resp': 'c', 'thisN': 45, 'thisTrialN': 1, 'thisRepN': 11}>
700.3255 	DATA 	Keypress: z
700.3389 	EXP 	fixation: autoDraw = False
700.3389 	EXP 	line1: autoDraw = False
700.3389 	EXP 	line_2: autoDraw = False
700.3389 	EXP 	line_3: autoDraw = False
700.3389 	EXP 	line4: autoDraw = False
700.3389 	EXP 	probe: autoDraw = False
700.3389 	EXP 	fixation: autoDraw = True
700.4909 	EXP 	Device response: <KeyPress from None: t=700.3101243000001, value=z, duration=0.17335940000020855>
701.3239 	EXP 	line1: autoDraw = True
701.3239 	EXP 	line_2: autoDraw = True
701.3239 	EXP 	line_3: autoDraw = True
701.3239 	EXP 	line4: autoDraw = True
701.3404 	EXP 	fixation: autoDraw = False
702.3231 	INFO 	Keyboard events cleared
702.3230 	EXP 	probe: autoDraw = True
703.2232 	EXP 	Device response: <KeyPress from None: t=703.2106635, value=c, duration=None>
703.2236 	EXP 	New trial (rep=11, index=2): <Trial 46 (2 in rep 11) data={'pos': np.int64(150), 'corr_resp': 'v', 'thisN': 46, 'thisTrialN': 2, 'thisRepN': 11}>
703.2253 	DATA 	Keypress: c
703.2392 	EXP 	fixation: autoDraw = False
703.2392 	EXP 	line1: autoDraw = False
703.2392 	EXP 	line_2: autoDraw = False
703.2392 	EXP 	line_3: autoDraw = False
703.2392 	EXP 	line4: autoDraw = False
703.2392 	EXP 	probe: autoDraw = False
703.2392 	EXP 	fixation: autoDraw = True
703.3731 	EXP 	Device response: <KeyPress from None: t=703.2106635, value=c, duration=0.1487608000002183>
704.2235 	EXP 	line1: autoDraw = True
704.2235 	EXP 	line_2: autoDraw = True
704.2235 	EXP 	line_3: autoDraw = True
704.2235 	EXP 	line4: autoDraw = True
704.2400 	EXP 	fixation: autoDraw = False
705.2231 	INFO 	Keyboard events cleared
705.2230 	EXP 	probe: autoDraw = True
705.7738 	EXP 	Device response: <KeyPress from None: t=705.7640184000002, value=v, duration=None>
705.7742 	EXP 	New trial (rep=11, index=3): <Trial 47 (3 in rep 11) data={'pos': np.int64(-50), 'corr_resp': 'x', 'thisN': 47, 'thisTrialN': 3, 'thisRepN': 11}>
705.7757 	DATA 	Keypress: v
705.7896 	EXP 	fixation: autoDraw = False
705.7896 	EXP 	line1: autoDraw = False
705.7896 	EXP 	line_2: autoDraw = False
705.7896 	EXP 	line_3: autoDraw = False
705.7896 	EXP 	line4: autoDraw = False
705.7896 	EXP 	probe: autoDraw = False
705.7896 	EXP 	fixation: autoDraw = True
705.9565 	EXP 	Device response: <KeyPress from None: t=705.7640184000002, value=v, duration=0.19071990000020378>
706.7730 	EXP 	line1: autoDraw = True
706.7730 	EXP 	line_2: autoDraw = True
706.7730 	EXP 	line_3: autoDraw = True
706.7730 	EXP 	line4: autoDraw = True
706.7895 	EXP 	fixation: autoDraw = False
707.7901 	INFO 	Keyboard events cleared
707.7900 	EXP 	probe: autoDraw = True
708.0733 	EXP 	Device response: <KeyPress from None: t=708.0704136000004, value=x, duration=None>
708.0737 	EXP 	New trial (rep=12, index=0): <Trial 48 (0 in rep 12) data={'pos': np.int64(150), 'corr_resp': 'v', 'thisN': 48, 'thisTrialN': 0, 'thisRepN': 12}>
708.0751 	DATA 	Keypress: x
708.0891 	EXP 	fixation: autoDraw = False
708.0891 	EXP 	line1: autoDraw = False
708.0891 	EXP 	line_2: autoDraw = False
708.0891 	EXP 	line_3: autoDraw = False
708.0891 	EXP 	line4: autoDraw = False
708.0891 	EXP 	probe: autoDraw = False
708.0891 	EXP 	fixation: autoDraw = True
708.3067 	EXP 	Device response: <KeyPress from None: t=708.0704136000004, value=x, duration=0.23113650000004782>
709.0734 	EXP 	line1: autoDraw = True
709.0734 	EXP 	line_2: autoDraw = True
709.0734 	EXP 	line_3: autoDraw = True
709.0734 	EXP 	line4: autoDraw = True
709.0898 	EXP 	fixation: autoDraw = False
710.0731 	INFO 	Keyboard events cleared
710.0729 	EXP 	probe: autoDraw = True
711.6256 	DATA 	Keypress: v
711.6398 	EXP 	Device response: <KeyPress from None: t=711.6233844000003, value=v, duration=None>
711.6402 	EXP 	New trial (rep=12, index=1): <Trial 49 (1 in rep 12) data={'pos': np.int64(-50), 'corr_resp': 'x', 'thisN': 49, 'thisTrialN': 1, 'thisRepN': 12}>
711.6570 	EXP 	fixation: autoDraw = False
711.6570 	EXP 	line1: autoDraw = False
711.6570 	EXP 	line_2: autoDraw = False
711.6570 	EXP 	line_3: autoDraw = False
711.6570 	EXP 	line4: autoDraw = False
711.6570 	EXP 	probe: autoDraw = False
711.6570 	EXP 	fixation: autoDraw = True
711.8232 	EXP 	Device response: <KeyPress from None: t=711.6233844000003, value=v, duration=0.18937580000010712>
712.6395 	EXP 	line1: autoDraw = True
712.6395 	EXP 	line_2: autoDraw = True
712.6395 	EXP 	line_3: autoDraw = True
712.6395 	EXP 	line4: autoDraw = True
712.6561 	EXP 	fixation: autoDraw = False
713.6398 	INFO 	Keyboard events cleared
713.6396 	EXP 	probe: autoDraw = True
714.3741 	EXP 	Device response: <KeyPress from None: t=714.3679220000004, value=x, duration=None>
714.3746 	EXP 	New trial (rep=12, index=2): <Trial 50 (2 in rep 12) data={'pos': np.int64(50), 'corr_resp': 'c', 'thisN': 50, 'thisTrialN': 2, 'thisRepN': 12}>
714.3758 	DATA 	Keypress: x
714.3895 	EXP 	fixation: autoDraw = False
714.3895 	EXP 	line1: autoDraw = False
714.3895 	EXP 	line_2: autoDraw = False
714.3895 	EXP 	line_3: autoDraw = False
714.3895 	EXP 	line4: autoDraw = False
714.3895 	EXP 	probe: autoDraw = False
714.3895 	EXP 	fixation: autoDraw = True
714.5573 	EXP 	Device response: <KeyPress from None: t=714.3679220000004, value=x, duration=0.1812408000000687>
715.3901 	EXP 	fixation: autoDraw = False
715.3901 	EXP 	line1: autoDraw = True
715.3901 	EXP 	line_2: autoDraw = True
715.3901 	EXP 	line_3: autoDraw = True
715.3901 	EXP 	line4: autoDraw = True
716.3900 	INFO 	Keyboard events cleared
716.3898 	EXP 	probe: autoDraw = True
716.9397 	EXP 	Device response: <KeyPress from None: t=716.9270424000001, value=c, duration=None>
716.9401 	EXP 	New trial (rep=12, index=3): <Trial 51 (3 in rep 12) data={'pos': np.int64(-150), 'corr_resp': 'z', 'thisN': 51, 'thisTrialN': 3, 'thisRepN': 12}>
716.9415 	DATA 	Keypress: c
716.9558 	EXP 	fixation: autoDraw = False
716.9558 	EXP 	line1: autoDraw = False
716.9558 	EXP 	line_2: autoDraw = False
716.9558 	EXP 	line_3: autoDraw = False
716.9558 	EXP 	line4: autoDraw = False
716.9558 	EXP 	probe: autoDraw = False
716.9558 	EXP 	fixation: autoDraw = True
717.1567 	EXP 	Device response: <KeyPress from None: t=716.9270424000001, value=c, duration=0.2146373999999014>
717.9401 	EXP 	line1: autoDraw = True
717.9401 	EXP 	line_2: autoDraw = True
717.9401 	EXP 	line_3: autoDraw = True
717.9401 	EXP 	line4: autoDraw = True
717.9572 	EXP 	fixation: autoDraw = False
718.9393 	INFO 	Keyboard events cleared
718.9392 	EXP 	probe: autoDraw = True
720.0237 	EXP 	Device response: <KeyPress from None: t=720.0170471000001, value=z, duration=None>
720.0241 	EXP 	New trial (rep=13, index=0): <Trial 52 (0 in rep 13) data={'pos': np.int64(50), 'corr_resp': 'c', 'thisN': 52, 'thisTrialN': 0, 'thisRepN': 13}>
720.0254 	DATA 	Keypress: z
720.0391 	EXP 	fixation: autoDraw = False
720.0391 	EXP 	line1: autoDraw = False
720.0391 	EXP 	line_2: autoDraw = False
720.0391 	EXP 	line_3: autoDraw = False
720.0391 	EXP 	line4: autoDraw = False
720.0391 	EXP 	probe: autoDraw = False
720.0391 	EXP 	fixation: autoDraw = True
720.1912 	EXP 	Device response: <KeyPress from None: t=720.0170471000001, value=z, duration=0.17160530000001017>
721.0230 	EXP 	line1: autoDraw = True
721.0230 	EXP 	line_2: autoDraw = True
721.0230 	EXP 	line_3: autoDraw = True
721.0230 	EXP 	line4: autoDraw = True
721.0398 	EXP 	fixation: autoDraw = False
722.0231 	INFO 	Keyboard events cleared
722.0230 	EXP 	probe: autoDraw = True
723.1244 	EXP 	Device response: <KeyPress from None: t=723.1203390000001, value=c, duration=None>
723.1249 	EXP 	New trial (rep=13, index=1): <Trial 53 (1 in rep 13) data={'pos': np.int64(-150), 'corr_resp': 'z', 'thisN': 53, 'thisTrialN': 1, 'thisRepN': 13}>
723.1263 	DATA 	Keypress: c
723.1396 	EXP 	fixation: autoDraw = False
723.1396 	EXP 	line1: autoDraw = False
723.1396 	EXP 	line_2: autoDraw = False
723.1396 	EXP 	line_3: autoDraw = False
723.1396 	EXP 	line4: autoDraw = False
723.1396 	EXP 	probe: autoDraw = False
723.1396 	EXP 	fixation: autoDraw = True
723.3234 	EXP 	Device response: <KeyPress from None: t=723.1203390000001, value=c, duration=0.1926883999999518>
724.1404 	EXP 	fixation: autoDraw = False
724.1404 	EXP 	line1: autoDraw = True
724.1404 	EXP 	line_2: autoDraw = True
724.1404 	EXP 	line_3: autoDraw = True
724.1404 	EXP 	line4: autoDraw = True
725.1404 	INFO 	Keyboard events cleared
725.1402 	EXP 	probe: autoDraw = True
726.0896 	EXP 	Device response: <KeyPress from None: t=726.0755071000003, value=z, duration=None>
726.0900 	EXP 	New trial (rep=13, index=2): <Trial 54 (2 in rep 13) data={'pos': np.int64(-50), 'corr_resp': 'x', 'thisN': 54, 'thisTrialN': 2, 'thisRepN': 13}>
726.0915 	DATA 	Keypress: z
726.1058 	EXP 	fixation: autoDraw = False
726.1058 	EXP 	line1: autoDraw = False
726.1058 	EXP 	line_2: autoDraw = False
726.1058 	EXP 	line_3: autoDraw = False
726.1058 	EXP 	line4: autoDraw = False
726.1058 	EXP 	probe: autoDraw = False
726.1058 	EXP 	fixation: autoDraw = True
726.2902 	EXP 	Device response: <KeyPress from None: t=726.0755071000003, value=z, duration=0.20593409999992218>
727.0892 	EXP 	line1: autoDraw = True
727.0892 	EXP 	line_2: autoDraw = True
727.0892 	EXP 	line_3: autoDraw = True
727.0892 	EXP 	line4: autoDraw = True
727.1063 	EXP 	fixation: autoDraw = False
728.0898 	INFO 	Keyboard events cleared
728.0896 	EXP 	probe: autoDraw = True
728.8897 	EXP 	Device response: <KeyPress from None: t=728.8802384, value=x, duration=None>
728.8901 	EXP 	New trial (rep=13, index=3): <Trial 55 (3 in rep 13) data={'pos': np.int64(150), 'corr_resp': 'v', 'thisN': 55, 'thisTrialN': 3, 'thisRepN': 13}>
728.8915 	DATA 	Keypress: x
728.9061 	EXP 	fixation: autoDraw = False
728.9061 	EXP 	line1: autoDraw = False
728.9061 	EXP 	line_2: autoDraw = False
728.9061 	EXP 	line_3: autoDraw = False
728.9061 	EXP 	line4: autoDraw = False
728.9061 	EXP 	probe: autoDraw = False
728.9061 	EXP 	fixation: autoDraw = True
729.0573 	EXP 	Device response: <KeyPress from None: t=728.8802384, value=x, duration=0.16794230000004973>
729.8896 	EXP 	line1: autoDraw = True
729.8896 	EXP 	line_2: autoDraw = True
729.8896 	EXP 	line_3: autoDraw = True
729.8896 	EXP 	line4: autoDraw = True
729.9066 	EXP 	fixation: autoDraw = False
730.8899 	INFO 	Keyboard events cleared
730.8897 	EXP 	probe: autoDraw = True
732.3068 	EXP 	Device response: <KeyPress from None: t=732.3041010000002, value=v, duration=None>
732.3071 	EXP 	New trial (rep=14, index=0): <Trial 56 (0 in rep 14) data={'pos': np.int64(150), 'corr_resp': 'v', 'thisN': 56, 'thisTrialN': 0, 'thisRepN': 14}>
732.3084 	DATA 	Keypress: v
732.3240 	EXP 	fixation: autoDraw = False
732.3240 	EXP 	line1: autoDraw = False
732.3240 	EXP 	line_2: autoDraw = False
732.3240 	EXP 	line_3: autoDraw = False
732.3240 	EXP 	line4: autoDraw = False
732.3240 	EXP 	probe: autoDraw = False
732.3240 	EXP 	fixation: autoDraw = True
732.4399 	EXP 	Device response: <KeyPress from None: t=732.3041010000002, value=v, duration=0.1342995999998493>
733.3071 	EXP 	line1: autoDraw = True
733.3071 	EXP 	line_2: autoDraw = True
733.3071 	EXP 	line_3: autoDraw = True
733.3071 	EXP 	line4: autoDraw = True
733.3242 	EXP 	fixation: autoDraw = False
734.3067 	INFO 	Keyboard events cleared
734.3065 	EXP 	probe: autoDraw = True
734.8565 	EXP 	Device response: <KeyPress from None: t=734.8559902000002, value=v, duration=None>
734.8570 	EXP 	New trial (rep=14, index=1): <Trial 57 (1 in rep 14) data={'pos': np.int64(50), 'corr_resp': 'c', 'thisN': 57, 'thisTrialN': 1, 'thisRepN': 14}>
734.8583 	DATA 	Keypress: v
734.8731 	EXP 	fixation: autoDraw = False
734.8731 	EXP 	line1: autoDraw = False
734.8731 	EXP 	line_2: autoDraw = False
734.8731 	EXP 	line_3: autoDraw = False
734.8731 	EXP 	line4: autoDraw = False
734.8731 	EXP 	probe: autoDraw = False
734.8731 	EXP 	fixation: autoDraw = True
735.0569 	EXP 	Device response: <KeyPress from None: t=734.8559902000002, value=v, duration=0.19226819999994404>
735.8571 	EXP 	line1: autoDraw = True
735.8571 	EXP 	line_2: autoDraw = True
735.8571 	EXP 	line_3: autoDraw = True
735.8571 	EXP 	line4: autoDraw = True
735.8729 	EXP 	fixation: autoDraw = False
736.8577 	INFO 	Keyboard events cleared
736.8575 	EXP 	probe: autoDraw = True
737.3898 	EXP 	Device response: <KeyPress from None: t=737.3801894000003, value=c, duration=None>
737.3902 	EXP 	New trial (rep=14, index=2): <Trial 58 (2 in rep 14) data={'pos': np.int64(-150), 'corr_resp': 'z', 'thisN': 58, 'thisTrialN': 2, 'thisRepN': 14}>
737.3917 	DATA 	Keypress: c
737.4059 	EXP 	fixation: autoDraw = False
737.4059 	EXP 	line1: autoDraw = False
737.4059 	EXP 	line_2: autoDraw = False
737.4059 	EXP 	line_3: autoDraw = False
737.4059 	EXP 	line4: autoDraw = False
737.4059 	EXP 	probe: autoDraw = False
737.4059 	EXP 	fixation: autoDraw = True
737.5911 	EXP 	Device response: <KeyPress from None: t=737.3801894000003, value=c, duration=0.20719640000015715>
738.3899 	EXP 	line1: autoDraw = True
738.3899 	EXP 	line_2: autoDraw = True
738.3899 	EXP 	line_3: autoDraw = True
738.3899 	EXP 	line4: autoDraw = True
738.4058 	EXP 	fixation: autoDraw = False
739.3906 	INFO 	Keyboard events cleared
739.3904 	EXP 	probe: autoDraw = True
741.0573 	EXP 	Device response: <KeyPress from None: t=741.0512519000004, value=z, duration=None>
741.0577 	EXP 	New trial (rep=14, index=3): <Trial 59 (3 in rep 14) data={'pos': np.int64(-50), 'corr_resp': 'x', 'thisN': 59, 'thisTrialN': 3, 'thisRepN': 14}>
741.0591 	DATA 	Keypress: z
741.0726 	EXP 	fixation: autoDraw = False
741.0726 	EXP 	line1: autoDraw = False
741.0726 	EXP 	line_2: autoDraw = False
741.0726 	EXP 	line_3: autoDraw = False
741.0726 	EXP 	line4: autoDraw = False
741.0726 	EXP 	probe: autoDraw = False
741.0726 	EXP 	fixation: autoDraw = True
741.2241 	EXP 	Device response: <KeyPress from None: t=741.0512519000004, value=z, duration=0.15781160000005912>
742.0565 	EXP 	line1: autoDraw = True
742.0565 	EXP 	line_2: autoDraw = True
742.0565 	EXP 	line_3: autoDraw = True
742.0565 	EXP 	line4: autoDraw = True
742.0733 	EXP 	fixation: autoDraw = False
743.0735 	INFO 	Keyboard events cleared
743.0733 	EXP 	probe: autoDraw = True
743.8570 	EXP 	Device response: <KeyPress from None: t=743.8454939000003, value=x, duration=None>
743.8574 	EXP 	New trial (rep=15, index=0): <Trial 60 (0 in rep 15) data={'pos': np.int64(-50), 'corr_resp': 'x', 'thisN': 60, 'thisTrialN': 0, 'thisRepN': 15}>
743.8587 	DATA 	Keypress: x
743.8726 	EXP 	fixation: autoDraw = False
743.8726 	EXP 	line1: autoDraw = False
743.8726 	EXP 	line_2: autoDraw = False
743.8726 	EXP 	line_3: autoDraw = False
743.8726 	EXP 	line4: autoDraw = False
743.8726 	EXP 	probe: autoDraw = False
743.8726 	EXP 	fixation: autoDraw = True
744.0077 	EXP 	Device response: <KeyPress from None: t=743.8454939000003, value=x, duration=0.160339600000043>
744.8559 	EXP 	line1: autoDraw = True
744.8559 	EXP 	line_2: autoDraw = True
744.8559 	EXP 	line_3: autoDraw = True
744.8559 	EXP 	line4: autoDraw = True
744.8738 	EXP 	fixation: autoDraw = False
745.8736 	INFO 	Keyboard events cleared
745.8735 	EXP 	probe: autoDraw = True
746.8901 	EXP 	Device response: <KeyPress from None: t=746.8871613000001, value=x, duration=None>
746.8905 	EXP 	New trial (rep=15, index=1): <Trial 61 (1 in rep 15) data={'pos': np.int64(150), 'corr_resp': 'v', 'thisN': 61, 'thisTrialN': 1, 'thisRepN': 15}>
746.8924 	DATA 	Keypress: x
746.9058 	EXP 	fixation: autoDraw = False
746.9058 	EXP 	line1: autoDraw = False
746.9058 	EXP 	line_2: autoDraw = False
746.9058 	EXP 	line_3: autoDraw = False
746.9058 	EXP 	line4: autoDraw = False
746.9058 	EXP 	probe: autoDraw = False
746.9058 	EXP 	fixation: autoDraw = True
747.1234 	EXP 	Device response: <KeyPress from None: t=746.8871613000001, value=x, duration=0.22795100000030288>
747.8902 	EXP 	line1: autoDraw = True
747.8902 	EXP 	line_2: autoDraw = True
747.8902 	EXP 	line_3: autoDraw = True
747.8902 	EXP 	line4: autoDraw = True
747.9059 	EXP 	fixation: autoDraw = False
748.9069 	INFO 	Keyboard events cleared
748.9068 	EXP 	probe: autoDraw = True
750.0079 	EXP 	Device response: <KeyPress from None: t=750.0039816000003, value=v, duration=None>
750.0083 	EXP 	New trial (rep=15, index=2): <Trial 62 (2 in rep 15) data={'pos': np.int64(-150), 'corr_resp': 'z', 'thisN': 62, 'thisTrialN': 2, 'thisRepN': 15}>
750.0097 	DATA 	Keypress: v
750.0226 	EXP 	fixation: autoDraw = False
750.0226 	EXP 	line1: autoDraw = False
750.0226 	EXP 	line_2: autoDraw = False
750.0226 	EXP 	line_3: autoDraw = False
750.0226 	EXP 	line4: autoDraw = False
750.0226 	EXP 	probe: autoDraw = False
750.0226 	EXP 	fixation: autoDraw = True
750.2417 	EXP 	Device response: <KeyPress from None: t=750.0039816000003, value=v, duration=0.227747399999771>
751.0230 	EXP 	fixation: autoDraw = False
751.0230 	EXP 	line1: autoDraw = True
751.0230 	EXP 	line_2: autoDraw = True
751.0230 	EXP 	line_3: autoDraw = True
751.0230 	EXP 	line4: autoDraw = True
752.0240 	INFO 	Keyboard events cleared
752.0238 	EXP 	probe: autoDraw = True
753.0589 	DATA 	Keypress: z
753.0735 	EXP 	Device response: <KeyPress from None: t=753.0580878000001, value=z, duration=None>
753.0739 	EXP 	New trial (rep=15, index=3): <Trial 63 (3 in rep 15) data={'pos': np.int64(50), 'corr_resp': 'c', 'thisN': 63, 'thisTrialN': 3, 'thisRepN': 15}>
753.0896 	EXP 	fixation: autoDraw = False
753.0896 	EXP 	line1: autoDraw = False
753.0896 	EXP 	line_2: autoDraw = False
753.0896 	EXP 	line_3: autoDraw = False
753.0896 	EXP 	line4: autoDraw = False
753.0896 	EXP 	probe: autoDraw = False
753.0896 	EXP 	fixation: autoDraw = True
753.2069 	EXP 	Device response: <KeyPress from None: t=753.0580878000001, value=z, duration=0.1438882000002195>
754.0901 	EXP 	fixation: autoDraw = False
754.0901 	EXP 	line1: autoDraw = True
754.0901 	EXP 	line_2: autoDraw = True
754.0901 	EXP 	line_3: autoDraw = True
754.0901 	EXP 	line4: autoDraw = True
755.0906 	INFO 	Keyboard events cleared
755.0904 	EXP 	probe: autoDraw = True
759.6399 	EXP 	Device response: <KeyPress from None: t=759.6253493000004, value=c, duration=None>
759.6403 	EXP 	New trial (rep=16, index=0): <Trial 64 (0 in rep 16) data={'pos': np.int64(150), 'corr_resp': 'v', 'thisN': 64, 'thisTrialN': 0, 'thisRepN': 16}>
759.6416 	DATA 	Keypress: c
759.6563 	EXP 	fixation: autoDraw = False
759.6563 	EXP 	line1: autoDraw = False
759.6563 	EXP 	line_2: autoDraw = False
759.6563 	EXP 	line_3: autoDraw = False
759.6563 	EXP 	line4: autoDraw = False
759.6563 	EXP 	probe: autoDraw = False
759.6563 	EXP 	fixation: autoDraw = True
759.8401 	EXP 	Device response: <KeyPress from None: t=759.6253493000004, value=c, duration=0.209230199999638>
760.6406 	EXP 	line1: autoDraw = True
760.6406 	EXP 	line_2: autoDraw = True
760.6406 	EXP 	line_3: autoDraw = True
760.6406 	EXP 	line4: autoDraw = True
760.6564 	EXP 	fixation: autoDraw = False
761.6403 	INFO 	Keyboard events cleared
761.6401 	EXP 	probe: autoDraw = True
762.4733 	EXP 	Device response: <KeyPress from None: t=762.4693002000004, value=v, duration=None>
762.4737 	EXP 	New trial (rep=16, index=1): <Trial 65 (1 in rep 16) data={'pos': np.int64(-150), 'corr_resp': 'z', 'thisN': 65, 'thisTrialN': 1, 'thisRepN': 16}>
762.4752 	DATA 	Keypress: v
762.4893 	EXP 	fixation: autoDraw = False
762.4893 	EXP 	line1: autoDraw = False
762.4893 	EXP 	line_2: autoDraw = False
762.4893 	EXP 	line_3: autoDraw = False
762.4893 	EXP 	line4: autoDraw = False
762.4893 	EXP 	probe: autoDraw = False
762.4893 	EXP 	fixation: autoDraw = True
762.6236 	EXP 	Device response: <KeyPress from None: t=762.4693002000004, value=v, duration=0.1400272999999288>
763.4732 	EXP 	line1: autoDraw = True
763.4732 	EXP 	line_2: autoDraw = True
763.4732 	EXP 	line_3: autoDraw = True
763.4732 	EXP 	line4: autoDraw = True
763.4905 	EXP 	fixation: autoDraw = False
764.4742 	INFO 	Keyboard events cleared
764.4740 	EXP 	probe: autoDraw = True
768.9242 	EXP 	Device response: <KeyPress from None: t=768.9174952000003, value=z, duration=None>
768.9247 	EXP 	New trial (rep=16, index=2): <Trial 66 (2 in rep 16) data={'pos': np.int64(-50), 'corr_resp': 'x', 'thisN': 66, 'thisTrialN': 2, 'thisRepN': 16}>
768.9262 	DATA 	Keypress: z
768.9394 	EXP 	fixation: autoDraw = False
768.9394 	EXP 	line1: autoDraw = False
768.9394 	EXP 	line_2: autoDraw = False
768.9394 	EXP 	line_3: autoDraw = False
768.9394 	EXP 	line4: autoDraw = False
768.9394 	EXP 	probe: autoDraw = False
768.9394 	EXP 	fixation: autoDraw = True
769.0570 	EXP 	Device response: <KeyPress from None: t=768.9174952000003, value=z, duration=0.1333569999997053>
769.9409 	EXP 	fixation: autoDraw = False
769.9409 	EXP 	line1: autoDraw = True
769.9409 	EXP 	line_2: autoDraw = True
769.9409 	EXP 	line_3: autoDraw = True
769.9409 	EXP 	line4: autoDraw = True
770.9397 	INFO 	Keyboard events cleared
770.9396 	EXP 	probe: autoDraw = True
771.4238 	EXP 	Device response: <KeyPress from None: t=771.4127744000002, value=x, duration=None>
771.4242 	EXP 	New trial (rep=16, index=3): <Trial 67 (3 in rep 16) data={'pos': np.int64(50), 'corr_resp': 'c', 'thisN': 67, 'thisTrialN': 3, 'thisRepN': 16}>
771.4255 	DATA 	Keypress: x
771.4398 	EXP 	fixation: autoDraw = False
771.4398 	EXP 	line1: autoDraw = False
771.4398 	EXP 	line_2: autoDraw = False
771.4398 	EXP 	line_3: autoDraw = False
771.4398 	EXP 	line4: autoDraw = False
771.4398 	EXP 	probe: autoDraw = False
771.4398 	EXP 	fixation: autoDraw = True
771.6067 	EXP 	Device response: <KeyPress from None: t=771.4127744000002, value=x, duration=0.18668040000011388>
772.4400 	EXP 	fixation: autoDraw = False
772.4400 	EXP 	line1: autoDraw = True
772.4400 	EXP 	line_2: autoDraw = True
772.4400 	EXP 	line_3: autoDraw = True
772.4400 	EXP 	line4: autoDraw = True
773.4233 	INFO 	Keyboard events cleared
773.4232 	EXP 	probe: autoDraw = True
773.8900 	EXP 	Device response: <KeyPress from None: t=773.8827269000003, value=c, duration=None>
773.8904 	EXP 	New trial (rep=17, index=0): <Trial 68 (0 in rep 17) data={'pos': np.int64(-150), 'corr_resp': 'z', 'thisN': 68, 'thisTrialN': 0, 'thisRepN': 17}>
773.8917 	DATA 	Keypress: c
773.9060 	EXP 	fixation: autoDraw = False
773.9060 	EXP 	line1: autoDraw = False
773.9060 	EXP 	line_2: autoDraw = False
773.9060 	EXP 	line_3: autoDraw = False
773.9060 	EXP 	line4: autoDraw = False
773.9060 	EXP 	probe: autoDraw = False
773.9060 	EXP 	fixation: autoDraw = True
774.1237 	EXP 	Device response: <KeyPress from None: t=773.8827269000003, value=c, duration=0.23825630000010278>
774.8902 	EXP 	line1: autoDraw = True
774.8902 	EXP 	line_2: autoDraw = True
774.8902 	EXP 	line_3: autoDraw = True
774.8902 	EXP 	line4: autoDraw = True
774.9068 	EXP 	fixation: autoDraw = False
775.8896 	INFO 	Keyboard events cleared
775.8895 	EXP 	probe: autoDraw = True
778.6067 	EXP 	Device response: <KeyPress from None: t=778.5924566000003, value=z, duration=None>
778.6071 	EXP 	New trial (rep=17, index=1): <Trial 69 (1 in rep 17) data={'pos': np.int64(50), 'corr_resp': 'c', 'thisN': 69, 'thisTrialN': 1, 'thisRepN': 17}>
778.6083 	DATA 	Keypress: z
778.6233 	EXP 	fixation: autoDraw = False
778.6233 	EXP 	line1: autoDraw = False
778.6233 	EXP 	line_2: autoDraw = False
778.6233 	EXP 	line_3: autoDraw = False
778.6233 	EXP 	line4: autoDraw = False
778.6233 	EXP 	probe: autoDraw = False
778.6233 	EXP 	fixation: autoDraw = True
778.7236 	EXP 	Device response: <KeyPress from None: t=778.5924566000003, value=z, duration=0.12227349999966464>
779.6067 	EXP 	line1: autoDraw = True
779.6067 	EXP 	line_2: autoDraw = True
779.6067 	EXP 	line_3: autoDraw = True
779.6067 	EXP 	line4: autoDraw = True
779.6237 	EXP 	fixation: autoDraw = False
780.6070 	INFO 	Keyboard events cleared
780.6068 	EXP 	probe: autoDraw = True
781.5570 	EXP 	Device response: <KeyPress from None: t=781.5455198000004, value=x, duration=None>
781.5575 	EXP 	New trial (rep=17, index=2): <Trial 70 (2 in rep 17) data={'pos': np.int64(-50), 'corr_resp': 'x', 'thisN': 70, 'thisTrialN': 2, 'thisRepN': 17}>
781.5590 	DATA 	Keypress: x
781.5732 	EXP 	fixation: autoDraw = False
781.5732 	EXP 	line1: autoDraw = False
781.5732 	EXP 	line_2: autoDraw = False
781.5732 	EXP 	line_3: autoDraw = False
781.5732 	EXP 	line4: autoDraw = False
781.5732 	EXP 	probe: autoDraw = False
781.5732 	EXP 	fixation: autoDraw = True
781.7902 	EXP 	Device response: <KeyPress from None: t=781.5455198000004, value=x, duration=0.2320810999999594>
782.5569 	EXP 	line1: autoDraw = True
782.5569 	EXP 	line_2: autoDraw = True
782.5569 	EXP 	line_3: autoDraw = True
782.5569 	EXP 	line4: autoDraw = True
782.5744 	EXP 	fixation: autoDraw = False
783.5567 	INFO 	Keyboard events cleared
783.5565 	EXP 	probe: autoDraw = True
785.1903 	EXP 	Device response: <KeyPress from None: t=785.1799791000003, value=x, duration=None>
785.1908 	EXP 	New trial (rep=17, index=3): <Trial 71 (3 in rep 17) data={'pos': np.int64(150), 'corr_resp': 'v', 'thisN': 71, 'thisTrialN': 3, 'thisRepN': 17}>
785.1923 	DATA 	Keypress: x
785.2061 	EXP 	fixation: autoDraw = False
785.2061 	EXP 	line1: autoDraw = False
785.2061 	EXP 	line_2: autoDraw = False
785.2061 	EXP 	line_3: autoDraw = False
785.2061 	EXP 	line4: autoDraw = False
785.2061 	EXP 	probe: autoDraw = False
785.2061 	EXP 	fixation: autoDraw = True
785.3911 	EXP 	Device response: <KeyPress from None: t=785.1799791000003, value=x, duration=0.2079871999999341>
786.1905 	EXP 	line1: autoDraw = True
786.1905 	EXP 	line_2: autoDraw = True
786.1905 	EXP 	line_3: autoDraw = True
786.1905 	EXP 	line4: autoDraw = True
786.2065 	EXP 	fixation: autoDraw = False
787.1903 	INFO 	Keyboard events cleared
787.1901 	EXP 	probe: autoDraw = True
788.8582 	DATA 	Keypress: v
788.8733 	EXP 	Device response: <KeyPress from None: t=788.8562822000004, value=v, duration=None>
788.8740 	EXP 	New trial (rep=18, index=0): <Trial 72 (0 in rep 18) data={'pos': np.int64(50), 'corr_resp': 'c', 'thisN': 72, 'thisTrialN': 0, 'thisRepN': 18}>
788.8899 	EXP 	fixation: autoDraw = False
788.8899 	EXP 	line1: autoDraw = False
788.8899 	EXP 	line_2: autoDraw = False
788.8899 	EXP 	line_3: autoDraw = False
788.8899 	EXP 	line4: autoDraw = False
788.8899 	EXP 	probe: autoDraw = False
788.8899 	EXP 	fixation: autoDraw = True
789.0406 	EXP 	Device response: <KeyPress from None: t=788.8562822000004, value=v, duration=0.17383799999970506>
789.8895 	EXP 	fixation: autoDraw = False
789.8895 	EXP 	line1: autoDraw = True
789.8895 	EXP 	line_2: autoDraw = True
789.8895 	EXP 	line_3: autoDraw = True
789.8895 	EXP 	line4: autoDraw = True
790.8734 	INFO 	Keyboard events cleared
790.8732 	EXP 	probe: autoDraw = True
791.6921 	DATA 	Keypress: c
791.7066 	EXP 	Device response: <KeyPress from None: t=791.6897727, value=c, duration=None>
791.7071 	EXP 	New trial (rep=18, index=1): <Trial 73 (1 in rep 18) data={'pos': np.int64(150), 'corr_resp': 'v', 'thisN': 73, 'thisTrialN': 1, 'thisRepN': 18}>
791.7234 	EXP 	fixation: autoDraw = False
791.7234 	EXP 	line1: autoDraw = False
791.7234 	EXP 	line_2: autoDraw = False
791.7234 	EXP 	line_3: autoDraw = False
791.7234 	EXP 	line4: autoDraw = False
791.7234 	EXP 	probe: autoDraw = False
791.7234 	EXP 	fixation: autoDraw = True
791.8572 	EXP 	Device response: <KeyPress from None: t=791.6897727, value=c, duration=0.16096749999996973>
792.7072 	EXP 	line1: autoDraw = True
792.7072 	EXP 	line_2: autoDraw = True
792.7072 	EXP 	line_3: autoDraw = True
792.7072 	EXP 	line4: autoDraw = True
792.7233 	EXP 	fixation: autoDraw = False
793.7072 	INFO 	Keyboard events cleared
793.7071 	EXP 	probe: autoDraw = True
794.2909 	EXP 	Device response: <KeyPress from None: t=794.2760266, value=v, duration=None>
794.2913 	EXP 	New trial (rep=18, index=2): <Trial 74 (2 in rep 18) data={'pos': np.int64(-150), 'corr_resp': 'z', 'thisN': 74, 'thisTrialN': 2, 'thisRepN': 18}>
794.2926 	DATA 	Keypress: v
794.3068 	EXP 	fixation: autoDraw = False
794.3068 	EXP 	line1: autoDraw = False
794.3068 	EXP 	line_2: autoDraw = False
794.3068 	EXP 	line_3: autoDraw = False
794.3068 	EXP 	line4: autoDraw = False
794.3068 	EXP 	probe: autoDraw = False
794.3068 	EXP 	fixation: autoDraw = True
794.5068 	EXP 	Device response: <KeyPress from None: t=794.2760266, value=v, duration=0.22293390000004365>
795.3061 	EXP 	fixation: autoDraw = False
795.3061 	EXP 	line1: autoDraw = True
795.3061 	EXP 	line_2: autoDraw = True
795.3061 	EXP 	line_3: autoDraw = True
795.3061 	EXP 	line4: autoDraw = True
796.3063 	INFO 	Keyboard events cleared
796.3061 	EXP 	probe: autoDraw = True
797.0415 	DATA 	Mouse: Left button down, pos=(579,693)
797.1077 	EXP 	Device response: <KeyPress from None: t=797.1015004000001, value=z, duration=None>
797.1080 	EXP 	New trial (rep=18, index=3): <Trial 75 (3 in rep 18) data={'pos': np.int64(-50), 'corr_resp': 'x', 'thisN': 75, 'thisTrialN': 3, 'thisRepN': 18}>
797.1094 	DATA 	Keypress: z
797.1230 	EXP 	fixation: autoDraw = False
797.1230 	EXP 	line1: autoDraw = False
797.1230 	EXP 	line_2: autoDraw = False
797.1230 	EXP 	line_3: autoDraw = False
797.1230 	EXP 	line4: autoDraw = False
797.1230 	EXP 	probe: autoDraw = False
797.1230 	EXP 	fixation: autoDraw = True
797.2905 	EXP 	Device response: <KeyPress from None: t=797.1015004000001, value=z, duration=0.17400940000015908>
797.5575 	DATA 	Mouse:  Left button up, pos=(579,693)
798.1232 	EXP 	fixation: autoDraw = False
798.1232 	EXP 	line1: autoDraw = True
798.1232 	EXP 	line_2: autoDraw = True
798.1232 	EXP 	line_3: autoDraw = True
798.1232 	EXP 	line4: autoDraw = True
799.1066 	INFO 	Keyboard events cleared
799.1064 	EXP 	probe: autoDraw = True
802.5240 	EXP 	Device response: <KeyPress from None: t=802.5167965, value=x, duration=None>
802.5245 	EXP 	New trial (rep=19, index=0): <Trial 76 (0 in rep 19) data={'pos': np.int64(50), 'corr_resp': 'c', 'thisN': 76, 'thisTrialN': 0, 'thisRepN': 19}>
802.5257 	DATA 	Keypress: x
802.5395 	EXP 	fixation: autoDraw = False
802.5395 	EXP 	line1: autoDraw = False
802.5395 	EXP 	line_2: autoDraw = False
802.5395 	EXP 	line_3: autoDraw = False
802.5395 	EXP 	line4: autoDraw = False
802.5395 	EXP 	probe: autoDraw = False
802.5395 	EXP 	fixation: autoDraw = True
802.7068 	EXP 	Device response: <KeyPress from None: t=802.5167965, value=x, duration=0.1741845999999896>
803.5233 	EXP 	line1: autoDraw = True
803.5233 	EXP 	line_2: autoDraw = True
803.5233 	EXP 	line_3: autoDraw = True
803.5233 	EXP 	line4: autoDraw = True
803.5395 	EXP 	fixation: autoDraw = False
804.5242 	INFO 	Keyboard events cleared
804.5240 	EXP 	probe: autoDraw = True
806.9240 	EXP 	Device response: <KeyPress from None: t=806.9192333000001, value=c, duration=None>
806.9244 	EXP 	New trial (rep=19, index=1): <Trial 77 (1 in rep 19) data={'pos': np.int64(-50), 'corr_resp': 'x', 'thisN': 77, 'thisTrialN': 1, 'thisRepN': 19}>
806.9258 	DATA 	Keypress: c
806.9395 	EXP 	fixation: autoDraw = False
806.9395 	EXP 	line1: autoDraw = False
806.9395 	EXP 	line_2: autoDraw = False
806.9395 	EXP 	line_3: autoDraw = False
806.9395 	EXP 	line4: autoDraw = False
806.9395 	EXP 	probe: autoDraw = False
806.9395 	EXP 	fixation: autoDraw = True
807.1234 	EXP 	Device response: <KeyPress from None: t=806.9192333000001, value=c, duration=0.1881017000000611>
807.9393 	EXP 	fixation: autoDraw = False
807.9393 	EXP 	line1: autoDraw = True
807.9393 	EXP 	line_2: autoDraw = True
807.9393 	EXP 	line_3: autoDraw = True
807.9393 	EXP 	line4: autoDraw = True
808.9246 	INFO 	Keyboard events cleared
808.9244 	EXP 	probe: autoDraw = True
809.9403 	EXP 	Device response: <KeyPress from None: t=809.9351658, value=x, duration=None>
809.9408 	EXP 	New trial (rep=19, index=2): <Trial 78 (2 in rep 19) data={'pos': np.int64(-150), 'corr_resp': 'z', 'thisN': 78, 'thisTrialN': 2, 'thisRepN': 19}>
809.9422 	DATA 	Keypress: x
809.9564 	EXP 	fixation: autoDraw = False
809.9564 	EXP 	line1: autoDraw = False
809.9564 	EXP 	line_2: autoDraw = False
809.9564 	EXP 	line_3: autoDraw = False
809.9564 	EXP 	line4: autoDraw = False
809.9564 	EXP 	probe: autoDraw = False
809.9564 	EXP 	fixation: autoDraw = True
810.0906 	EXP 	Device response: <KeyPress from None: t=809.9351658, value=x, duration=0.15335750000031112>
810.9398 	EXP 	line1: autoDraw = True
810.9398 	EXP 	line_2: autoDraw = True
810.9398 	EXP 	line_3: autoDraw = True
810.9398 	EXP 	line4: autoDraw = True
810.9567 	EXP 	fixation: autoDraw = False
811.9577 	INFO 	Keyboard events cleared
811.9575 	EXP 	probe: autoDraw = True
814.0744 	EXP 	Device response: <KeyPress from None: t=814.0604449000002, value=z, duration=None>
814.0748 	EXP 	New trial (rep=19, index=3): <Trial 79 (3 in rep 19) data={'pos': np.int64(150), 'corr_resp': 'v', 'thisN': 79, 'thisTrialN': 3, 'thisRepN': 19}>
814.0763 	DATA 	Keypress: z
814.0895 	EXP 	fixation: autoDraw = False
814.0895 	EXP 	line1: autoDraw = False
814.0895 	EXP 	line_2: autoDraw = False
814.0895 	EXP 	line_3: autoDraw = False
814.0895 	EXP 	line4: autoDraw = False
814.0895 	EXP 	probe: autoDraw = False
814.0895 	EXP 	fixation: autoDraw = True
814.2240 	EXP 	Device response: <KeyPress from None: t=814.0604449000002, value=z, duration=0.15500920000022234>
815.0743 	EXP 	line1: autoDraw = True
815.0743 	EXP 	line_2: autoDraw = True
815.0743 	EXP 	line_3: autoDraw = True
815.0743 	EXP 	line4: autoDraw = True
815.0900 	EXP 	fixation: autoDraw = False
816.0904 	INFO 	Keyboard events cleared
816.0902 	EXP 	probe: autoDraw = True
817.9907 	EXP 	Device response: <KeyPress from None: t=817.9901982000001, value=v, duration=None>
817.9911 	EXP 	New trial (rep=20, index=0): <Trial 80 (0 in rep 20) data={'pos': np.int64(150), 'corr_resp': 'v', 'thisN': 80, 'thisTrialN': 0, 'thisRepN': 20}>
817.9923 	DATA 	Keypress: v
818.0067 	EXP 	fixation: autoDraw = False
818.0067 	EXP 	line1: autoDraw = False
818.0067 	EXP 	line_2: autoDraw = False
818.0067 	EXP 	line_3: autoDraw = False
818.0067 	EXP 	line4: autoDraw = False
818.0067 	EXP 	probe: autoDraw = False
818.0067 	EXP 	fixation: autoDraw = True
818.1408 	EXP 	Device response: <KeyPress from None: t=817.9901982000001, value=v, duration=0.1492326000002322>
818.7072 	EXP 	Device response: <KeyPress from None: t=818.6951427000004, value=v, duration=None>
818.7081 	DATA 	Keypress: v
818.8915 	EXP 	Device response: <KeyPress from None: t=818.6951427000004, value=v, duration=0.19405920000008337>
818.9907 	EXP 	line1: autoDraw = True
818.9907 	EXP 	line_2: autoDraw = True
818.9907 	EXP 	line_3: autoDraw = True
818.9907 	EXP 	line4: autoDraw = True
819.0064 	EXP 	fixation: autoDraw = False
820.0070 	INFO 	Keyboard events cleared
820.0068 	EXP 	probe: autoDraw = True
820.5756 	DATA 	Keypress: v
820.5905 	EXP 	Device response: <KeyPress from None: t=820.5736151000001, value=v, duration=None>
820.5909 	EXP 	New trial (rep=20, index=1): <Trial 81 (1 in rep 20) data={'pos': np.int64(-50), 'corr_resp': 'x', 'thisN': 81, 'thisTrialN': 1, 'thisRepN': 20}>
820.6071 	EXP 	fixation: autoDraw = False
820.6071 	EXP 	line1: autoDraw = False
820.6071 	EXP 	line_2: autoDraw = False
820.6071 	EXP 	line_3: autoDraw = False
820.6071 	EXP 	line4: autoDraw = False
820.6071 	EXP 	probe: autoDraw = False
820.6071 	EXP 	fixation: autoDraw = True
820.7904 	EXP 	Device response: <KeyPress from None: t=820.5736151000001, value=v, duration=0.20228580000002694>
821.5898 	EXP 	line1: autoDraw = True
821.5898 	EXP 	line_2: autoDraw = True
821.5898 	EXP 	line_3: autoDraw = True
821.5898 	EXP 	line4: autoDraw = True
821.6068 	EXP 	fixation: autoDraw = False
822.5910 	INFO 	Keyboard events cleared
822.5907 	EXP 	probe: autoDraw = True
823.5250 	DATA 	Keypress: x
823.5405 	EXP 	Device response: <KeyPress from None: t=823.5244509000004, value=x, duration=None>
823.5409 	EXP 	New trial (rep=20, index=2): <Trial 82 (2 in rep 20) data={'pos': np.int64(-150), 'corr_resp': 'z', 'thisN': 82, 'thisTrialN': 2, 'thisRepN': 20}>
823.5562 	EXP 	fixation: autoDraw = False
823.5562 	EXP 	line1: autoDraw = False
823.5562 	EXP 	line_2: autoDraw = False
823.5562 	EXP 	line_3: autoDraw = False
823.5562 	EXP 	line4: autoDraw = False
823.5562 	EXP 	probe: autoDraw = False
823.5562 	EXP 	fixation: autoDraw = True
823.6735 	EXP 	Device response: <KeyPress from None: t=823.5244509000004, value=x, duration=0.13369149999971341>
824.5407 	EXP 	line1: autoDraw = True
824.5407 	EXP 	line_2: autoDraw = True
824.5407 	EXP 	line_3: autoDraw = True
824.5407 	EXP 	line4: autoDraw = True
824.5568 	EXP 	fixation: autoDraw = False
825.5411 	INFO 	Keyboard events cleared
825.5409 	EXP 	probe: autoDraw = True
827.7054 	EXP 	Device response: <KeyPress from None: t=827.6914733000003, value=z, duration=None>
827.7058 	EXP 	New trial (rep=20, index=3): <Trial 83 (3 in rep 20) data={'pos': np.int64(50), 'corr_resp': 'c', 'thisN': 83, 'thisTrialN': 3, 'thisRepN': 20}>
827.7072 	DATA 	Keypress: z
827.7217 	EXP 	fixation: autoDraw = False
827.7217 	EXP 	line1: autoDraw = False
827.7217 	EXP 	line_2: autoDraw = False
827.7217 	EXP 	line_3: autoDraw = False
827.7217 	EXP 	line4: autoDraw = False
827.7217 	EXP 	probe: autoDraw = False
827.7217 	EXP 	fixation: autoDraw = True
827.8554 	EXP 	Device response: <KeyPress from None: t=827.6914733000003, value=z, duration=0.16167219999988447>
828.7055 	EXP 	line1: autoDraw = True
828.7055 	EXP 	line_2: autoDraw = True
828.7055 	EXP 	line_3: autoDraw = True
828.7055 	EXP 	line4: autoDraw = True
828.7216 	EXP 	fixation: autoDraw = False
829.7212 	INFO 	Keyboard events cleared
829.7211 	EXP 	probe: autoDraw = True
831.3221 	EXP 	Device response: <KeyPress from None: t=831.3198009000002, value=c, duration=None>
831.3225 	EXP 	New trial (rep=21, index=0): <Trial 84 (0 in rep 21) data={'pos': np.int64(150), 'corr_resp': 'v', 'thisN': 84, 'thisTrialN': 0, 'thisRepN': 21}>
831.3241 	DATA 	Keypress: c
831.3386 	EXP 	fixation: autoDraw = False
831.3386 	EXP 	line1: autoDraw = False
831.3386 	EXP 	line_2: autoDraw = False
831.3386 	EXP 	line_3: autoDraw = False
831.3386 	EXP 	line4: autoDraw = False
831.3386 	EXP 	probe: autoDraw = False
831.3386 	EXP 	fixation: autoDraw = True
831.5054 	EXP 	Device response: <KeyPress from None: t=831.3198009000002, value=c, duration=0.1718986999999288>
832.3244 	EXP 	line1: autoDraw = True
832.3244 	EXP 	line_2: autoDraw = True
832.3244 	EXP 	line_3: autoDraw = True
832.3244 	EXP 	line4: autoDraw = True
832.3406 	EXP 	fixation: autoDraw = False
833.3381 	INFO 	Keyboard events cleared
833.3380 	EXP 	probe: autoDraw = True
834.9073 	DATA 	Keypress: v
834.9217 	EXP 	Device response: <KeyPress from None: t=834.9054629000002, value=v, duration=None>
834.9220 	EXP 	New trial (rep=21, index=1): <Trial 85 (1 in rep 21) data={'pos': np.int64(-150), 'corr_resp': 'z', 'thisN': 85, 'thisTrialN': 1, 'thisRepN': 21}>
834.9378 	EXP 	fixation: autoDraw = False
834.9378 	EXP 	line1: autoDraw = False
834.9378 	EXP 	line_2: autoDraw = False
834.9378 	EXP 	line_3: autoDraw = False
834.9378 	EXP 	line4: autoDraw = False
834.9378 	EXP 	probe: autoDraw = False
834.9378 	EXP 	fixation: autoDraw = True
835.1048 	EXP 	Device response: <KeyPress from None: t=834.9054629000002, value=v, duration=0.1888091999999233>
835.9232 	EXP 	line1: autoDraw = True
835.9232 	EXP 	line_2: autoDraw = True
835.9232 	EXP 	line_3: autoDraw = True
835.9232 	EXP 	line4: autoDraw = True
835.9401 	EXP 	fixation: autoDraw = False
836.9213 	INFO 	Keyboard events cleared
836.9212 	EXP 	probe: autoDraw = True
837.8399 	EXP 	Device response: <KeyPress from None: t=837.8367789000004, value=z, duration=None>
837.8403 	EXP 	New trial (rep=21, index=2): <Trial 86 (2 in rep 21) data={'pos': np.int64(50), 'corr_resp': 'c', 'thisN': 86, 'thisTrialN': 2, 'thisRepN': 21}>
837.8415 	DATA 	Keypress: z
837.8547 	EXP 	fixation: autoDraw = False
837.8547 	EXP 	line1: autoDraw = False
837.8547 	EXP 	line_2: autoDraw = False
837.8547 	EXP 	line_3: autoDraw = False
837.8547 	EXP 	line4: autoDraw = False
837.8547 	EXP 	probe: autoDraw = False
837.8547 	EXP 	fixation: autoDraw = True
837.9883 	EXP 	Device response: <KeyPress from None: t=837.8367789000004, value=z, duration=0.14382609999984197>
838.8401 	EXP 	line1: autoDraw = True
838.8401 	EXP 	line_2: autoDraw = True
838.8401 	EXP 	line_3: autoDraw = True
838.8401 	EXP 	line4: autoDraw = True
838.8565 	EXP 	fixation: autoDraw = False
839.8398 	INFO 	Keyboard events cleared
839.8396 	EXP 	probe: autoDraw = True
841.6569 	EXP 	Device response: <KeyPress from None: t=841.6522300000001, value=c, duration=None>
841.6574 	EXP 	New trial (rep=21, index=3): <Trial 87 (3 in rep 21) data={'pos': np.int64(-50), 'corr_resp': 'x', 'thisN': 87, 'thisTrialN': 3, 'thisRepN': 21}>
841.6588 	DATA 	Keypress: c
841.6730 	EXP 	fixation: autoDraw = False
841.6730 	EXP 	line1: autoDraw = False
841.6730 	EXP 	line_2: autoDraw = False
841.6730 	EXP 	line_3: autoDraw = False
841.6730 	EXP 	line4: autoDraw = False
841.6730 	EXP 	probe: autoDraw = False
841.6730 	EXP 	fixation: autoDraw = True
841.9070 	EXP 	Device response: <KeyPress from None: t=841.6522300000001, value=c, duration=0.2398086000002877>
842.6580 	EXP 	line1: autoDraw = True
842.6580 	EXP 	line_2: autoDraw = True
842.6580 	EXP 	line_3: autoDraw = True
842.6580 	EXP 	line4: autoDraw = True
842.6731 	EXP 	fixation: autoDraw = False
843.6570 	INFO 	Keyboard events cleared
843.6569 	EXP 	probe: autoDraw = True
845.9908 	EXP 	Device response: <KeyPress from None: t=845.9858452000003, value=x, duration=None>
845.9913 	EXP 	New trial (rep=22, index=0): <Trial 88 (0 in rep 22) data={'pos': np.int64(150), 'corr_resp': 'v', 'thisN': 88, 'thisTrialN': 0, 'thisRepN': 22}>
845.9927 	DATA 	Keypress: x
846.0064 	EXP 	fixation: autoDraw = False
846.0064 	EXP 	line1: autoDraw = False
846.0064 	EXP 	line_2: autoDraw = False
846.0064 	EXP 	line_3: autoDraw = False
846.0064 	EXP 	line4: autoDraw = False
846.0064 	EXP 	probe: autoDraw = False
846.0064 	EXP 	fixation: autoDraw = True
846.1747 	EXP 	Device response: <KeyPress from None: t=845.9858452000003, value=x, duration=0.17929860000003828>
846.9900 	EXP 	line1: autoDraw = True
846.9900 	EXP 	line_2: autoDraw = True
846.9900 	EXP 	line_3: autoDraw = True
846.9900 	EXP 	line4: autoDraw = True
847.0074 	EXP 	fixation: autoDraw = False
848.0072 	INFO 	Keyboard events cleared
848.0071 	EXP 	probe: autoDraw = True
849.6240 	EXP 	Device response: <KeyPress from None: t=849.6210510000001, value=v, duration=None>
849.6244 	EXP 	New trial (rep=22, index=1): <Trial 89 (1 in rep 22) data={'pos': np.int64(-50), 'corr_resp': 'x', 'thisN': 89, 'thisTrialN': 1, 'thisRepN': 22}>
849.6259 	DATA 	Keypress: v
849.6397 	EXP 	fixation: autoDraw = False
849.6397 	EXP 	line1: autoDraw = False
849.6397 	EXP 	line_2: autoDraw = False
849.6397 	EXP 	line_3: autoDraw = False
849.6397 	EXP 	line4: autoDraw = False
849.6397 	EXP 	probe: autoDraw = False
849.6397 	EXP 	fixation: autoDraw = True
850.4902 	EXP 	Device response: <KeyPress from None: t=849.6210510000001, value=v, duration=0.8668550000002142>
850.6236 	EXP 	line1: autoDraw = True
850.6236 	EXP 	line_2: autoDraw = True
850.6236 	EXP 	line_3: autoDraw = True
850.6236 	EXP 	line4: autoDraw = True
850.6405 	EXP 	fixation: autoDraw = False
851.6239 	INFO 	Keyboard events cleared
851.6238 	EXP 	probe: autoDraw = True
852.9749 	EXP 	Device response: <KeyPress from None: t=852.9687160000003, value=x, duration=None>
852.9754 	EXP 	New trial (rep=22, index=2): <Trial 90 (2 in rep 22) data={'pos': np.int64(50), 'corr_resp': 'c', 'thisN': 90, 'thisTrialN': 2, 'thisRepN': 22}>
852.9769 	DATA 	Keypress: x
852.9898 	EXP 	fixation: autoDraw = False
852.9898 	EXP 	line1: autoDraw = False
852.9898 	EXP 	line_2: autoDraw = False
852.9898 	EXP 	line_3: autoDraw = False
852.9898 	EXP 	line4: autoDraw = False
852.9898 	EXP 	probe: autoDraw = False
852.9898 	EXP 	fixation: autoDraw = True
853.1914 	EXP 	Device response: <KeyPress from None: t=852.9687160000003, value=x, duration=0.21866240000008474>
853.9739 	EXP 	line1: autoDraw = True
853.9739 	EXP 	line_2: autoDraw = True
853.9739 	EXP 	line_3: autoDraw = True
853.9739 	EXP 	line4: autoDraw = True
853.9897 	EXP 	fixation: autoDraw = False
854.9912 	INFO 	Keyboard events cleared
854.9910 	EXP 	probe: autoDraw = True
860.9244 	EXP 	Device response: <KeyPress from None: t=860.9235520000002, value=c, duration=None>
860.9248 	EXP 	New trial (rep=22, index=3): <Trial 91 (3 in rep 22) data={'pos': np.int64(-150), 'corr_resp': 'z', 'thisN': 91, 'thisTrialN': 3, 'thisRepN': 22}>
860.9261 	DATA 	Keypress: c
860.9404 	EXP 	fixation: autoDraw = False
860.9404 	EXP 	line1: autoDraw = False
860.9404 	EXP 	line_2: autoDraw = False
860.9404 	EXP 	line_3: autoDraw = False
860.9404 	EXP 	line4: autoDraw = False
860.9404 	EXP 	probe: autoDraw = False
860.9404 	EXP 	fixation: autoDraw = True
861.1236 	EXP 	Device response: <KeyPress from None: t=860.9235520000002, value=c, duration=0.18593700000019453>
861.9236 	EXP 	line1: autoDraw = True
861.9236 	EXP 	line_2: autoDraw = True
861.9236 	EXP 	line_3: autoDraw = True
861.9236 	EXP 	line4: autoDraw = True
861.9397 	EXP 	fixation: autoDraw = False
862.9399 	INFO 	Keyboard events cleared
862.9397 	EXP 	probe: autoDraw = True
863.6915 	EXP 	Device response: <KeyPress from None: t=863.6908147000004, value=z, duration=None>
863.6929 	DATA 	Keypress: z
863.7073 	EXP 	New trial (rep=23, index=0): <Trial 92 (0 in rep 23) data={'pos': np.int64(150), 'corr_resp': 'v', 'thisN': 92, 'thisTrialN': 0, 'thisRepN': 23}>
863.7237 	EXP 	fixation: autoDraw = False
863.7237 	EXP 	line1: autoDraw = False
863.7237 	EXP 	line_2: autoDraw = False
863.7237 	EXP 	line_3: autoDraw = False
863.7237 	EXP 	line4: autoDraw = False
863.7237 	EXP 	probe: autoDraw = False
863.7237 	EXP 	fixation: autoDraw = True
863.8903 	EXP 	Device response: <KeyPress from None: t=863.6908147000004, value=z, duration=0.18847279999999955>
864.7065 	EXP 	line1: autoDraw = True
864.7065 	EXP 	line_2: autoDraw = True
864.7065 	EXP 	line_3: autoDraw = True
864.7065 	EXP 	line4: autoDraw = True
864.7239 	EXP 	fixation: autoDraw = False
865.7073 	INFO 	Keyboard events cleared
865.7071 	EXP 	probe: autoDraw = True
866.8569 	EXP 	Device response: <KeyPress from None: t=866.8433998, value=v, duration=None>
866.8573 	EXP 	New trial (rep=23, index=1): <Trial 93 (1 in rep 23) data={'pos': np.int64(-50), 'corr_resp': 'x', 'thisN': 93, 'thisTrialN': 1, 'thisRepN': 23}>
866.8587 	DATA 	Keypress: v
866.8734 	EXP 	fixation: autoDraw = False
866.8734 	EXP 	line1: autoDraw = False
866.8734 	EXP 	line_2: autoDraw = False
866.8734 	EXP 	line_3: autoDraw = False
866.8734 	EXP 	line4: autoDraw = False
866.8734 	EXP 	probe: autoDraw = False
866.8734 	EXP 	fixation: autoDraw = True
866.9910 	EXP 	Device response: <KeyPress from None: t=866.8433998, value=v, duration=0.13981220000005123>
867.8568 	EXP 	line1: autoDraw = True
867.8568 	EXP 	line_2: autoDraw = True
867.8568 	EXP 	line_3: autoDraw = True
867.8568 	EXP 	line4: autoDraw = True
867.8732 	EXP 	fixation: autoDraw = False
868.8583 	INFO 	Keyboard events cleared
868.8582 	EXP 	probe: autoDraw = True
869.5100 	DATA 	Keypress: x
869.5246 	EXP 	Device response: <KeyPress from None: t=869.5082703000003, value=x, duration=None>
869.5250 	EXP 	New trial (rep=23, index=2): <Trial 94 (2 in rep 23) data={'pos': np.int64(50), 'corr_resp': 'c', 'thisN': 94, 'thisTrialN': 2, 'thisRepN': 23}>
869.5398 	EXP 	fixation: autoDraw = False
869.5398 	EXP 	line1: autoDraw = False
869.5398 	EXP 	line_2: autoDraw = False
869.5398 	EXP 	line_3: autoDraw = False
869.5398 	EXP 	line4: autoDraw = False
869.5398 	EXP 	probe: autoDraw = False
869.5398 	EXP 	fixation: autoDraw = True
869.6575 	EXP 	Device response: <KeyPress from None: t=869.5082703000003, value=x, duration=0.1459908000001633>
870.5234 	EXP 	line1: autoDraw = True
870.5234 	EXP 	line_2: autoDraw = True
870.5234 	EXP 	line_3: autoDraw = True
870.5234 	EXP 	line4: autoDraw = True
870.5404 	EXP 	fixation: autoDraw = False
871.5405 	INFO 	Keyboard events cleared
871.5404 	EXP 	probe: autoDraw = True
872.2579 	EXP 	Device response: <KeyPress from None: t=872.2529891000004, value=c, duration=None>
872.2582 	EXP 	New trial (rep=23, index=3): <Trial 95 (3 in rep 23) data={'pos': np.int64(-150), 'corr_resp': 'z', 'thisN': 95, 'thisTrialN': 3, 'thisRepN': 23}>
872.2597 	DATA 	Keypress: c
872.2731 	EXP 	fixation: autoDraw = False
872.2731 	EXP 	line1: autoDraw = False
872.2731 	EXP 	line_2: autoDraw = False
872.2731 	EXP 	line_3: autoDraw = False
872.2731 	EXP 	line4: autoDraw = False
872.2731 	EXP 	probe: autoDraw = False
872.2731 	EXP 	fixation: autoDraw = True
872.4568 	EXP 	Device response: <KeyPress from None: t=872.2529891000004, value=c, duration=0.1882471999997506>
873.2575 	EXP 	line1: autoDraw = True
873.2575 	EXP 	line_2: autoDraw = True
873.2575 	EXP 	line_3: autoDraw = True
873.2575 	EXP 	line4: autoDraw = True
873.2737 	EXP 	fixation: autoDraw = False
874.2743 	INFO 	Keyboard events cleared
874.2741 	EXP 	probe: autoDraw = True
874.9093 	DATA 	Mouse: Right button down, pos=(579,693)
874.9254 	DATA 	Keypress: z
874.9403 	EXP 	Device response: <KeyPress from None: t=874.9242387000004, value=z, duration=None>
874.9409 	EXP 	New trial (rep=24, index=0): <Trial 96 (0 in rep 24) data={'pos': np.int64(-150), 'corr_resp': 'z', 'thisN': 96, 'thisTrialN': 0, 'thisRepN': 24}>
874.9565 	EXP 	fixation: autoDraw = False
874.9565 	EXP 	line1: autoDraw = False
874.9565 	EXP 	line_2: autoDraw = False
874.9565 	EXP 	line_3: autoDraw = False
874.9565 	EXP 	line4: autoDraw = False
874.9565 	EXP 	probe: autoDraw = False
874.9565 	EXP 	fixation: autoDraw = True
874.9749 	DATA 	Mouse:  Right button up, pos=(579,693)
875.1405 	EXP 	Device response: <KeyPress from None: t=874.9242387000004, value=z, duration=0.2042013999998744>
875.9412 	EXP 	line1: autoDraw = True
875.9412 	EXP 	line_2: autoDraw = True
875.9412 	EXP 	line_3: autoDraw = True
875.9412 	EXP 	line4: autoDraw = True
875.9565 	EXP 	fixation: autoDraw = False
876.9407 	INFO 	Keyboard events cleared
876.9406 	EXP 	probe: autoDraw = True
877.3408 	EXP 	Device response: <KeyPress from None: t=877.3374026000001, value=z, duration=None>
877.3413 	EXP 	New trial (rep=24, index=1): <Trial 97 (1 in rep 24) data={'pos': np.int64(50), 'corr_resp': 'c', 'thisN': 97, 'thisTrialN': 1, 'thisRepN': 24}>
877.3429 	DATA 	Keypress: z
877.3568 	EXP 	fixation: autoDraw = False
877.3568 	EXP 	line1: autoDraw = False
877.3568 	EXP 	line_2: autoDraw = False
877.3568 	EXP 	line_3: autoDraw = False
877.3568 	EXP 	line4: autoDraw = False
877.3568 	EXP 	probe: autoDraw = False
877.3568 	EXP 	fixation: autoDraw = True
877.5246 	EXP 	Device response: <KeyPress from None: t=877.3374026000001, value=z, duration=0.17251050000004398>
878.3400 	EXP 	line1: autoDraw = True
878.3400 	EXP 	line_2: autoDraw = True
878.3400 	EXP 	line_3: autoDraw = True
878.3400 	EXP 	line4: autoDraw = True
878.3564 	EXP 	fixation: autoDraw = False
879.3573 	INFO 	Keyboard events cleared
879.3571 	EXP 	probe: autoDraw = True
880.5417 	EXP 	Device response: <KeyPress from None: t=880.5282870000001, value=c, duration=None>
880.5421 	EXP 	New trial (rep=24, index=2): <Trial 98 (2 in rep 24) data={'pos': np.int64(-50), 'corr_resp': 'x', 'thisN': 98, 'thisTrialN': 2, 'thisRepN': 24}>
880.5433 	DATA 	Keypress: c
880.5564 	EXP 	fixation: autoDraw = False
880.5564 	EXP 	line1: autoDraw = False
880.5564 	EXP 	line_2: autoDraw = False
880.5564 	EXP 	line_3: autoDraw = False
880.5564 	EXP 	line4: autoDraw = False
880.5564 	EXP 	probe: autoDraw = False
880.5564 	EXP 	fixation: autoDraw = True
880.6902 	EXP 	Device response: <KeyPress from None: t=880.5282870000001, value=c, duration=0.1530190000003131>
881.5578 	EXP 	fixation: autoDraw = False
881.5578 	EXP 	line1: autoDraw = True
881.5578 	EXP 	line_2: autoDraw = True
881.5578 	EXP 	line_3: autoDraw = True
881.5578 	EXP 	line4: autoDraw = True
882.5576 	INFO 	Keyboard events cleared
882.5574 	EXP 	probe: autoDraw = True
883.2236 	EXP 	Device response: <KeyPress from None: t=883.2130627000001, value=x, duration=None>
883.2240 	EXP 	New trial (rep=24, index=3): <Trial 99 (3 in rep 24) data={'pos': np.int64(150), 'corr_resp': 'v', 'thisN': 99, 'thisTrialN': 3, 'thisRepN': 24}>
883.2258 	DATA 	Keypress: x
883.2398 	EXP 	fixation: autoDraw = False
883.2398 	EXP 	line1: autoDraw = False
883.2398 	EXP 	line_2: autoDraw = False
883.2398 	EXP 	line_3: autoDraw = False
883.2398 	EXP 	line4: autoDraw = False
883.2398 	EXP 	probe: autoDraw = False
883.2398 	EXP 	fixation: autoDraw = True
883.3751 	EXP 	Device response: <KeyPress from None: t=883.2130627000001, value=x, duration=0.15615950000028533>
884.2239 	EXP 	line1: autoDraw = True
884.2239 	EXP 	line_2: autoDraw = True
884.2239 	EXP 	line_3: autoDraw = True
884.2239 	EXP 	line4: autoDraw = True
884.2399 	EXP 	fixation: autoDraw = False
885.2243 	INFO 	Keyboard events cleared
885.2242 	EXP 	probe: autoDraw = True
886.1922 	DATA 	Keypress: v
886.2073 	EXP 	Device response: <KeyPress from None: t=886.1909712000001, value=v, duration=None>
886.2076 	EXP 	New trial (rep=25, index=0): <Trial 100 (0 in rep 25) data={'pos': np.int64(-150), 'corr_resp': 'z', 'thisN': 100, 'thisTrialN': 0, 'thisRepN': 25}>
886.2231 	EXP 	fixation: autoDraw = False
886.2231 	EXP 	line1: autoDraw = False
886.2231 	EXP 	line_2: autoDraw = False
886.2231 	EXP 	line_3: autoDraw = False
886.2231 	EXP 	line4: autoDraw = False
886.2231 	EXP 	probe: autoDraw = False
886.2231 	EXP 	fixation: autoDraw = True
886.4070 	EXP 	Device response: <KeyPress from None: t=886.1909712000001, value=v, duration=0.20044589999997697>
887.2066 	EXP 	line1: autoDraw = True
887.2066 	EXP 	line_2: autoDraw = True
887.2066 	EXP 	line_3: autoDraw = True
887.2066 	EXP 	line4: autoDraw = True
887.2237 	EXP 	fixation: autoDraw = False
888.2080 	INFO 	Keyboard events cleared
888.2078 	EXP 	probe: autoDraw = True
888.8932 	DATA 	Mouse: Left button down, pos=(579,693)
888.9250 	EXP 	Device response: <KeyPress from None: t=888.9227642000001, value=z, duration=None>
888.9255 	EXP 	New trial (rep=25, index=1): <Trial 101 (1 in rep 25) data={'pos': np.int64(50), 'corr_resp': 'c', 'thisN': 101, 'thisTrialN': 1, 'thisRepN': 25}>
888.9268 	DATA 	Keypress: z
888.9398 	EXP 	fixation: autoDraw = False
888.9398 	EXP 	line1: autoDraw = False
888.9398 	EXP 	line_2: autoDraw = False
888.9398 	EXP 	line_3: autoDraw = False
888.9398 	EXP 	line4: autoDraw = False
888.9398 	EXP 	probe: autoDraw = False
888.9398 	EXP 	fixation: autoDraw = True
889.0913 	EXP 	Device response: <KeyPress from None: t=888.9227642000001, value=z, duration=0.16338610000002518>
889.9413 	EXP 	fixation: autoDraw = False
889.9413 	EXP 	line1: autoDraw = True
889.9413 	EXP 	line_2: autoDraw = True
889.9413 	EXP 	line_3: autoDraw = True
889.9413 	EXP 	line4: autoDraw = True
890.9399 	INFO 	Keyboard events cleared
890.9397 	EXP 	probe: autoDraw = True
891.0917 	DATA 	Mouse:  Left button up, pos=(579,693)
891.5410 	EXP 	Device response: <KeyPress from None: t=891.5376018000002, value=c, duration=None>
891.5413 	EXP 	New trial (rep=25, index=2): <Trial 102 (2 in rep 25) data={'pos': np.int64(150), 'corr_resp': 'v', 'thisN': 102, 'thisTrialN': 2, 'thisRepN': 25}>
891.5426 	DATA 	Keypress: c
891.5565 	EXP 	fixation: autoDraw = False
891.5565 	EXP 	line1: autoDraw = False
891.5565 	EXP 	line_2: autoDraw = False
891.5565 	EXP 	line_3: autoDraw = False
891.5565 	EXP 	line4: autoDraw = False
891.5565 	EXP 	probe: autoDraw = False
891.5565 	EXP 	fixation: autoDraw = True
891.7753 	EXP 	Device response: <KeyPress from None: t=891.5376018000002, value=c, duration=0.23230340000009164>
892.5405 	EXP 	line1: autoDraw = True
892.5405 	EXP 	line_2: autoDraw = True
892.5405 	EXP 	line_3: autoDraw = True
892.5405 	EXP 	line4: autoDraw = True
892.5565 	EXP 	fixation: autoDraw = False
893.5573 	INFO 	Keyboard events cleared
893.5571 	EXP 	probe: autoDraw = True
894.6056 	EXP 	Device response: <KeyPress from None: t=894.6022684000004, value=v, duration=None>
894.6059 	EXP 	New trial (rep=25, index=3): <Trial 103 (3 in rep 25) data={'pos': np.int64(-50), 'corr_resp': 'x', 'thisN': 103, 'thisTrialN': 3, 'thisRepN': 25}>
894.6072 	DATA 	Keypress: v
894.6215 	EXP 	fixation: autoDraw = False
894.6215 	EXP 	line1: autoDraw = False
894.6215 	EXP 	line_2: autoDraw = False
894.6215 	EXP 	line_3: autoDraw = False
894.6215 	EXP 	line4: autoDraw = False
894.6215 	EXP 	probe: autoDraw = False
894.6215 	EXP 	fixation: autoDraw = True
894.7583 	EXP 	Device response: <KeyPress from None: t=894.6022684000004, value=v, duration=0.1411892999999509>
895.6064 	EXP 	line1: autoDraw = True
895.6064 	EXP 	line_2: autoDraw = True
895.6064 	EXP 	line_3: autoDraw = True
895.6064 	EXP 	line4: autoDraw = True
895.6239 	EXP 	fixation: autoDraw = False
896.6055 	INFO 	Keyboard events cleared
896.6053 	EXP 	probe: autoDraw = True
897.4884 	EXP 	Device response: <KeyPress from None: t=897.4783654000003, value=x, duration=None>
897.4888 	EXP 	New trial (rep=26, index=0): <Trial 104 (0 in rep 26) data={'pos': np.int64(150), 'corr_resp': 'v', 'thisN': 104, 'thisTrialN': 0, 'thisRepN': 26}>
897.4901 	DATA 	Keypress: x
897.5046 	EXP 	fixation: autoDraw = False
897.5046 	EXP 	line1: autoDraw = False
897.5046 	EXP 	line_2: autoDraw = False
897.5046 	EXP 	line_3: autoDraw = False
897.5046 	EXP 	line4: autoDraw = False
897.5046 	EXP 	probe: autoDraw = False
897.5046 	EXP 	fixation: autoDraw = True
897.5886 	EXP 	Device response: <KeyPress from None: t=897.4783654000003, value=x, duration=0.10779349999984333>
898.4880 	EXP 	line1: autoDraw = True
898.4880 	EXP 	line_2: autoDraw = True
898.4880 	EXP 	line_3: autoDraw = True
898.4880 	EXP 	line4: autoDraw = True
898.5048 	EXP 	fixation: autoDraw = False
899.4886 	INFO 	Keyboard events cleared
899.4885 	EXP 	probe: autoDraw = True
900.7753 	EXP 	Device response: <KeyPress from None: t=900.7696587, value=v, duration=None>
900.7758 	EXP 	New trial (rep=26, index=1): <Trial 105 (1 in rep 26) data={'pos': np.int64(-150), 'corr_resp': 'z', 'thisN': 105, 'thisTrialN': 1, 'thisRepN': 26}>
900.7771 	DATA 	Keypress: v
900.7912 	EXP 	fixation: autoDraw = False
900.7912 	EXP 	line1: autoDraw = False
900.7912 	EXP 	line_2: autoDraw = False
900.7912 	EXP 	line_3: autoDraw = False
900.7912 	EXP 	line4: autoDraw = False
900.7912 	EXP 	probe: autoDraw = False
900.7912 	EXP 	fixation: autoDraw = True
900.9243 	EXP 	Device response: <KeyPress from None: t=900.7696587, value=v, duration=0.14349630000015168>
901.7905 	EXP 	fixation: autoDraw = False
901.7905 	EXP 	line1: autoDraw = True
901.7905 	EXP 	line_2: autoDraw = True
901.7905 	EXP 	line_3: autoDraw = True
901.7905 	EXP 	line4: autoDraw = True
902.7900 	INFO 	Keyboard events cleared
902.7899 	EXP 	probe: autoDraw = True
903.4758 	DATA 	Mouse: Right button down, pos=(579,693)
903.5413 	EXP 	Device response: <KeyPress from None: t=903.5308663000001, value=z, duration=None>
903.5417 	EXP 	New trial (rep=26, index=2): <Trial 106 (2 in rep 26) data={'pos': np.int64(-50), 'corr_resp': 'x', 'thisN': 106, 'thisTrialN': 2, 'thisRepN': 26}>
903.5431 	DATA 	Keypress: z
903.5567 	EXP 	fixation: autoDraw = False
903.5567 	EXP 	line1: autoDraw = False
903.5567 	EXP 	line_2: autoDraw = False
903.5567 	EXP 	line_3: autoDraw = False
903.5567 	EXP 	line4: autoDraw = False
903.5567 	EXP 	probe: autoDraw = False
903.5567 	EXP 	fixation: autoDraw = True
903.5747 	DATA 	Mouse:  Right button up, pos=(579,693)
903.6902 	EXP 	Device response: <KeyPress from None: t=903.5308663000001, value=z, duration=0.14361760000019785>
904.5400 	EXP 	line1: autoDraw = True
904.5400 	EXP 	line_2: autoDraw = True
904.5400 	EXP 	line_3: autoDraw = True
904.5400 	EXP 	line4: autoDraw = True
904.5568 	EXP 	fixation: autoDraw = False
905.5405 	INFO 	Keyboard events cleared
905.5403 	EXP 	probe: autoDraw = True
906.6246 	EXP 	Device response: <KeyPress from None: t=906.6199294000003, value=x, duration=None>
906.6249 	EXP 	New trial (rep=26, index=3): <Trial 107 (3 in rep 26) data={'pos': np.int64(50), 'corr_resp': 'c', 'thisN': 107, 'thisTrialN': 3, 'thisRepN': 26}>
906.6261 	DATA 	Keypress: x
906.6406 	EXP 	fixation: autoDraw = False
906.6406 	EXP 	line1: autoDraw = False
906.6406 	EXP 	line_2: autoDraw = False
906.6406 	EXP 	line_3: autoDraw = False
906.6406 	EXP 	line4: autoDraw = False
906.6406 	EXP 	probe: autoDraw = False
906.6406 	EXP 	fixation: autoDraw = True
906.7252 	EXP 	Device response: <KeyPress from None: t=906.6199294000003, value=x, duration=0.10114479999992909>
907.6243 	EXP 	line1: autoDraw = True
907.6243 	EXP 	line_2: autoDraw = True
907.6243 	EXP 	line_3: autoDraw = True
907.6243 	EXP 	line4: autoDraw = True
907.6404 	EXP 	fixation: autoDraw = False
908.6408 	INFO 	Keyboard events cleared
908.6406 	EXP 	probe: autoDraw = True
909.5576 	EXP 	Device response: <KeyPress from None: t=909.5449015000004, value=c, duration=None>
909.5580 	EXP 	New trial (rep=27, index=0): <Trial 108 (0 in rep 27) data={'pos': np.int64(50), 'corr_resp': 'c', 'thisN': 108, 'thisTrialN': 0, 'thisRepN': 27}>
909.5592 	DATA 	Keypress: c
909.5737 	EXP 	fixation: autoDraw = False
909.5737 	EXP 	line1: autoDraw = False
909.5737 	EXP 	line_2: autoDraw = False
909.5737 	EXP 	line_3: autoDraw = False
909.5737 	EXP 	line4: autoDraw = False
909.5737 	EXP 	probe: autoDraw = False
909.5737 	EXP 	fixation: autoDraw = True
909.6909 	EXP 	Device response: <KeyPress from None: t=909.5449015000004, value=c, duration=0.13173149999965972>
910.5571 	EXP 	line1: autoDraw = True
910.5571 	EXP 	line_2: autoDraw = True
910.5571 	EXP 	line_3: autoDraw = True
910.5571 	EXP 	line4: autoDraw = True
910.5739 	EXP 	fixation: autoDraw = False
911.5571 	INFO 	Keyboard events cleared
911.5569 	EXP 	probe: autoDraw = True
913.5408 	EXP 	Device response: <KeyPress from None: t=913.5332784000002, value=c, duration=None>
913.5413 	EXP 	New trial (rep=27, index=1): <Trial 109 (1 in rep 27) data={'pos': np.int64(150), 'corr_resp': 'v', 'thisN': 109, 'thisTrialN': 1, 'thisRepN': 27}>
913.5432 	DATA 	Keypress: c
913.5567 	EXP 	fixation: autoDraw = False
913.5567 	EXP 	line1: autoDraw = False
913.5567 	EXP 	line_2: autoDraw = False
913.5567 	EXP 	line_3: autoDraw = False
913.5567 	EXP 	line4: autoDraw = False
913.5567 	EXP 	probe: autoDraw = False
913.5567 	EXP 	fixation: autoDraw = True
913.6906 	EXP 	Device response: <KeyPress from None: t=913.5332784000002, value=c, duration=0.1553657999997995>
914.5423 	EXP 	line1: autoDraw = True
914.5423 	EXP 	line_2: autoDraw = True
914.5423 	EXP 	line_3: autoDraw = True
914.5423 	EXP 	line4: autoDraw = True
914.5570 	EXP 	fixation: autoDraw = False
915.5407 	INFO 	Keyboard events cleared
915.5405 	EXP 	probe: autoDraw = True
916.1585 	EXP 	Device response: <KeyPress from None: t=916.1521085000004, value=v, duration=None>
916.1589 	EXP 	New trial (rep=27, index=2): <Trial 110 (2 in rep 27) data={'pos': np.int64(-50), 'corr_resp': 'x', 'thisN': 110, 'thisTrialN': 2, 'thisRepN': 27}>
916.1603 	DATA 	Keypress: v
916.1732 	EXP 	fixation: autoDraw = False
916.1732 	EXP 	line1: autoDraw = False
916.1732 	EXP 	line_2: autoDraw = False
916.1732 	EXP 	line_3: autoDraw = False
916.1732 	EXP 	line4: autoDraw = False
916.1732 	EXP 	probe: autoDraw = False
916.1732 	EXP 	fixation: autoDraw = True
916.3738 	EXP 	Device response: <KeyPress from None: t=916.1521085000004, value=v, duration=0.20615499999985332>
917.1743 	EXP 	fixation: autoDraw = False
917.1743 	EXP 	line1: autoDraw = True
917.1743 	EXP 	line_2: autoDraw = True
917.1743 	EXP 	line_3: autoDraw = True
917.1743 	EXP 	line4: autoDraw = True
918.1748 	INFO 	Keyboard events cleared
918.1746 	EXP 	probe: autoDraw = True
918.7410 	EXP 	Device response: <KeyPress from None: t=918.7317064000003, value=x, duration=None>
918.7415 	EXP 	New trial (rep=27, index=3): <Trial 111 (3 in rep 27) data={'pos': np.int64(-150), 'corr_resp': 'z', 'thisN': 111, 'thisTrialN': 3, 'thisRepN': 27}>
918.7427 	DATA 	Keypress: x
918.7575 	EXP 	fixation: autoDraw = False
918.7575 	EXP 	line1: autoDraw = False
918.7575 	EXP 	line_2: autoDraw = False
918.7575 	EXP 	line_3: autoDraw = False
918.7575 	EXP 	line4: autoDraw = False
918.7575 	EXP 	probe: autoDraw = False
918.7575 	EXP 	fixation: autoDraw = True
918.9572 	EXP 	Device response: <KeyPress from None: t=918.7317064000003, value=x, duration=0.21040379999976722>
919.7570 	EXP 	fixation: autoDraw = False
919.7570 	EXP 	line1: autoDraw = True
919.7570 	EXP 	line_2: autoDraw = True
919.7570 	EXP 	line_3: autoDraw = True
919.7570 	EXP 	line4: autoDraw = True
920.7573 	INFO 	Keyboard events cleared
920.7572 	EXP 	probe: autoDraw = True
921.6925 	DATA 	Keypress: z
921.7070 	EXP 	Device response: <KeyPress from None: t=921.6915056000003, value=z, duration=None>
921.7074 	EXP 	New trial (rep=28, index=0): <Trial 112 (0 in rep 28) data={'pos': np.int64(-50), 'corr_resp': 'x', 'thisN': 112, 'thisTrialN': 0, 'thisRepN': 28}>
921.7233 	EXP 	fixation: autoDraw = False
921.7233 	EXP 	line1: autoDraw = False
921.7233 	EXP 	line_2: autoDraw = False
921.7233 	EXP 	line_3: autoDraw = False
921.7233 	EXP 	line4: autoDraw = False
921.7233 	EXP 	probe: autoDraw = False
921.7233 	EXP 	fixation: autoDraw = True
921.8916 	EXP 	Device response: <KeyPress from None: t=921.6915056000003, value=z, duration=0.19460650000019086>
922.7079 	EXP 	line1: autoDraw = True
922.7079 	EXP 	line_2: autoDraw = True
922.7079 	EXP 	line_3: autoDraw = True
922.7079 	EXP 	line4: autoDraw = True
922.7248 	EXP 	fixation: autoDraw = False
923.7077 	INFO 	Keyboard events cleared
923.7075 	EXP 	probe: autoDraw = True
924.3080 	EXP 	Device response: <KeyPress from None: t=924.2958935000001, value=x, duration=None>
924.3085 	EXP 	New trial (rep=28, index=1): <Trial 113 (1 in rep 28) data={'pos': np.int64(150), 'corr_resp': 'v', 'thisN': 113, 'thisTrialN': 1, 'thisRepN': 28}>
924.3097 	DATA 	Keypress: x
924.3236 	EXP 	fixation: autoDraw = False
924.3236 	EXP 	line1: autoDraw = False
924.3236 	EXP 	line_2: autoDraw = False
924.3236 	EXP 	line_3: autoDraw = False
924.3236 	EXP 	line4: autoDraw = False
924.3236 	EXP 	probe: autoDraw = False
924.3236 	EXP 	fixation: autoDraw = True
924.5410 	EXP 	Device response: <KeyPress from None: t=924.2958935000001, value=x, duration=0.2357425999998668>
925.3241 	EXP 	fixation: autoDraw = False
925.3241 	EXP 	line1: autoDraw = True
925.3241 	EXP 	line_2: autoDraw = True
925.3241 	EXP 	line_3: autoDraw = True
925.3241 	EXP 	line4: autoDraw = True
926.3234 	INFO 	Keyboard events cleared
926.3233 	EXP 	probe: autoDraw = True
927.6745 	EXP 	Device response: <KeyPress from None: t=927.6651848000001, value=v, duration=None>
927.6749 	EXP 	New trial (rep=28, index=2): <Trial 114 (2 in rep 28) data={'pos': np.int64(50), 'corr_resp': 'c', 'thisN': 114, 'thisTrialN': 2, 'thisRepN': 28}>
927.6762 	DATA 	Keypress: v
927.6904 	EXP 	fixation: autoDraw = False
927.6904 	EXP 	line1: autoDraw = False
927.6904 	EXP 	line_2: autoDraw = False
927.6904 	EXP 	line_3: autoDraw = False
927.6904 	EXP 	line4: autoDraw = False
927.6904 	EXP 	probe: autoDraw = False
927.6904 	EXP 	fixation: autoDraw = True
927.8912 	EXP 	Device response: <KeyPress from None: t=927.6651848000001, value=v, duration=0.21909140000025218>
928.6906 	EXP 	fixation: autoDraw = False
928.6906 	EXP 	line1: autoDraw = True
928.6906 	EXP 	line_2: autoDraw = True
928.6906 	EXP 	line_3: autoDraw = True
928.6906 	EXP 	line4: autoDraw = True
929.6743 	INFO 	Keyboard events cleared
929.6741 	EXP 	probe: autoDraw = True
930.0743 	EXP 	Device response: <KeyPress from None: t=930.0649222000002, value=c, duration=None>
930.0747 	EXP 	New trial (rep=28, index=3): <Trial 115 (3 in rep 28) data={'pos': np.int64(-150), 'corr_resp': 'z', 'thisN': 115, 'thisTrialN': 3, 'thisRepN': 28}>
930.0760 	DATA 	Keypress: c
930.0899 	EXP 	fixation: autoDraw = False
930.0899 	EXP 	line1: autoDraw = False
930.0899 	EXP 	line_2: autoDraw = False
930.0899 	EXP 	line_3: autoDraw = False
930.0899 	EXP 	line4: autoDraw = False
930.0899 	EXP 	probe: autoDraw = False
930.0899 	EXP 	fixation: autoDraw = True
930.3075 	EXP 	Device response: <KeyPress from None: t=930.0649222000002, value=c, duration=0.23223000000007232>
931.0737 	EXP 	line1: autoDraw = True
931.0737 	EXP 	line_2: autoDraw = True
931.0737 	EXP 	line_3: autoDraw = True
931.0737 	EXP 	line4: autoDraw = True
931.0905 	EXP 	fixation: autoDraw = False
932.0743 	INFO 	Keyboard events cleared
932.0741 	EXP 	probe: autoDraw = True
933.6079 	EXP 	Device response: <KeyPress from None: t=933.6070805000004, value=z, duration=None>
933.6083 	EXP 	New trial (rep=29, index=0): <Trial 116 (0 in rep 29) data={'pos': np.int64(150), 'corr_resp': 'v', 'thisN': 116, 'thisTrialN': 0, 'thisRepN': 29}>
933.6100 	DATA 	Keypress: z
933.6242 	EXP 	fixation: autoDraw = False
933.6242 	EXP 	line1: autoDraw = False
933.6242 	EXP 	line_2: autoDraw = False
933.6242 	EXP 	line_3: autoDraw = False
933.6242 	EXP 	line4: autoDraw = False
933.6242 	EXP 	probe: autoDraw = False
933.6242 	EXP 	fixation: autoDraw = True
933.7244 	EXP 	Device response: <KeyPress from None: t=933.6070805000004, value=z, duration=0.1167870999997831>
934.6234 	EXP 	fixation: autoDraw = False
934.6234 	EXP 	line1: autoDraw = True
934.6234 	EXP 	line_2: autoDraw = True
934.6234 	EXP 	line_3: autoDraw = True
934.6234 	EXP 	line4: autoDraw = True
935.6245 	INFO 	Keyboard events cleared
935.6243 	EXP 	probe: autoDraw = True
939.6083 	EXP 	Device response: <KeyPress from None: t=939.6067238, value=v, duration=None>
939.6087 	EXP 	New trial (rep=29, index=1): <Trial 117 (1 in rep 29) data={'pos': np.int64(50), 'corr_resp': 'c', 'thisN': 117, 'thisTrialN': 1, 'thisRepN': 29}>
939.6102 	DATA 	Keypress: v
939.6233 	EXP 	fixation: autoDraw = False
939.6233 	EXP 	line1: autoDraw = False
939.6233 	EXP 	line_2: autoDraw = False
939.6233 	EXP 	line_3: autoDraw = False
939.6233 	EXP 	line4: autoDraw = False
939.6233 	EXP 	probe: autoDraw = False
939.6233 	EXP 	fixation: autoDraw = True
939.8247 	EXP 	Device response: <KeyPress from None: t=939.6067238, value=v, duration=0.21738070000037624>
940.6239 	EXP 	fixation: autoDraw = False
940.6239 	EXP 	line1: autoDraw = True
940.6239 	EXP 	line_2: autoDraw = True
940.6239 	EXP 	line_3: autoDraw = True
940.6239 	EXP 	line4: autoDraw = True
941.6240 	INFO 	Keyboard events cleared
941.6238 	EXP 	probe: autoDraw = True
942.9912 	EXP 	Device response: <KeyPress from None: t=942.9867235000002, value=c, duration=None>
942.9917 	EXP 	New trial (rep=29, index=2): <Trial 118 (2 in rep 29) data={'pos': np.int64(-50), 'corr_resp': 'x', 'thisN': 118, 'thisTrialN': 2, 'thisRepN': 29}>
942.9931 	DATA 	Keypress: c
943.0073 	EXP 	fixation: autoDraw = False
943.0073 	EXP 	line1: autoDraw = False
943.0073 	EXP 	line_2: autoDraw = False
943.0073 	EXP 	line_3: autoDraw = False
943.0073 	EXP 	line4: autoDraw = False
943.0073 	EXP 	probe: autoDraw = False
943.0073 	EXP 	fixation: autoDraw = True
943.2084 	EXP 	Device response: <KeyPress from None: t=942.9867235000002, value=c, duration=0.21331820000023072>
943.9906 	EXP 	line1: autoDraw = True
943.9906 	EXP 	line_2: autoDraw = True
943.9906 	EXP 	line_3: autoDraw = True
943.9906 	EXP 	line4: autoDraw = True
944.0079 	EXP 	fixation: autoDraw = False
945.0069 	INFO 	Keyboard events cleared
945.0067 	EXP 	probe: autoDraw = True
945.9259 	DATA 	Keypress: x
945.9406 	EXP 	Device response: <KeyPress from None: t=945.9247372000004, value=x, duration=None>
945.9410 	EXP 	New trial (rep=29, index=3): <Trial 119 (3 in rep 29) data={'pos': np.int64(-150), 'corr_resp': 'z', 'thisN': 119, 'thisTrialN': 3, 'thisRepN': 29}>
945.9568 	EXP 	fixation: autoDraw = False
945.9568 	EXP 	line1: autoDraw = False
945.9568 	EXP 	line_2: autoDraw = False
945.9568 	EXP 	line_3: autoDraw = False
945.9568 	EXP 	line4: autoDraw = False
945.9568 	EXP 	probe: autoDraw = False
945.9568 	EXP 	fixation: autoDraw = True
946.1238 	EXP 	Device response: <KeyPress from None: t=945.9247372000004, value=x, duration=0.18395699999973658>
946.9417 	EXP 	line1: autoDraw = True
946.9417 	EXP 	line_2: autoDraw = True
946.9417 	EXP 	line_3: autoDraw = True
946.9417 	EXP 	line4: autoDraw = True
946.9572 	EXP 	fixation: autoDraw = False
947.9401 	INFO 	Keyboard events cleared
947.9400 	EXP 	probe: autoDraw = True
948.5413 	EXP 	Device response: <KeyPress from None: t=948.5354189000004, value=x, duration=None>
948.5417 	EXP 	New trial (rep=30, index=0): <Trial 120 (0 in rep 30) data={'pos': np.int64(-50), 'corr_resp': 'x', 'thisN': 120, 'thisTrialN': 0, 'thisRepN': 30}>
948.5432 	DATA 	Keypress: x
948.5577 	EXP 	fixation: autoDraw = False
948.5577 	EXP 	line1: autoDraw = False
948.5577 	EXP 	line_2: autoDraw = False
948.5577 	EXP 	line_3: autoDraw = False
948.5577 	EXP 	line4: autoDraw = False
948.5577 	EXP 	probe: autoDraw = False
948.5577 	EXP 	fixation: autoDraw = True
948.7576 	EXP 	Device response: <KeyPress from None: t=948.5354189000004, value=x, duration=0.20718239999996513>
949.5571 	EXP 	fixation: autoDraw = False
949.5571 	EXP 	line1: autoDraw = True
949.5571 	EXP 	line_2: autoDraw = True
949.5571 	EXP 	line_3: autoDraw = True
949.5571 	EXP 	line4: autoDraw = True
950.5576 	INFO 	Keyboard events cleared
950.5575 	EXP 	probe: autoDraw = True
951.1420 	EXP 	Device response: <KeyPress from None: t=951.1391038000002, value=x, duration=None>
951.1424 	EXP 	New trial (rep=30, index=1): <Trial 121 (1 in rep 30) data={'pos': np.int64(-150), 'corr_resp': 'z', 'thisN': 121, 'thisTrialN': 1, 'thisRepN': 30}>
951.1437 	DATA 	Keypress: x
951.1567 	EXP 	fixation: autoDraw = False
951.1567 	EXP 	line1: autoDraw = False
951.1567 	EXP 	line_2: autoDraw = False
951.1567 	EXP 	line_3: autoDraw = False
951.1567 	EXP 	line4: autoDraw = False
951.1567 	EXP 	probe: autoDraw = False
951.1567 	EXP 	fixation: autoDraw = True
951.3573 	EXP 	Device response: <KeyPress from None: t=951.1391038000002, value=x, duration=0.207282700000178>
952.1573 	EXP 	fixation: autoDraw = False
952.1573 	EXP 	line1: autoDraw = True
952.1573 	EXP 	line_2: autoDraw = True
952.1573 	EXP 	line_3: autoDraw = True
952.1573 	EXP 	line4: autoDraw = True
953.1583 	INFO 	Keyboard events cleared
953.1581 	EXP 	probe: autoDraw = True
953.7577 	EXP 	Device response: <KeyPress from None: t=953.7440092000002, value=z, duration=None>
953.7580 	EXP 	New trial (rep=30, index=2): <Trial 122 (2 in rep 30) data={'pos': np.int64(50), 'corr_resp': 'c', 'thisN': 122, 'thisTrialN': 2, 'thisRepN': 30}>
953.7593 	DATA 	Keypress: z
953.7735 	EXP 	fixation: autoDraw = False
953.7735 	EXP 	line1: autoDraw = False
953.7735 	EXP 	line_2: autoDraw = False
953.7735 	EXP 	line_3: autoDraw = False
953.7735 	EXP 	line4: autoDraw = False
953.7735 	EXP 	probe: autoDraw = False
953.7735 	EXP 	fixation: autoDraw = True
953.9577 	EXP 	Device response: <KeyPress from None: t=953.7440092000002, value=z, duration=0.20221070000025065>
954.7736 	EXP 	fixation: autoDraw = False
954.7736 	EXP 	line1: autoDraw = True
954.7736 	EXP 	line_2: autoDraw = True
954.7736 	EXP 	line_3: autoDraw = True
954.7736 	EXP 	line4: autoDraw = True
955.7743 	INFO 	Keyboard events cleared
955.7741 	EXP 	probe: autoDraw = True
958.2076 	EXP 	Device response: <KeyPress from None: t=958.2042115000004, value=c, duration=None>
958.2081 	EXP 	New trial (rep=30, index=3): <Trial 123 (3 in rep 30) data={'pos': np.int64(150), 'corr_resp': 'v', 'thisN': 123, 'thisTrialN': 3, 'thisRepN': 30}>
958.2098 	DATA 	Keypress: c
958.2234 	EXP 	fixation: autoDraw = False
958.2234 	EXP 	line1: autoDraw = False
958.2234 	EXP 	line_2: autoDraw = False
958.2234 	EXP 	line_3: autoDraw = False
958.2234 	EXP 	line4: autoDraw = False
958.2234 	EXP 	probe: autoDraw = False
958.2234 	EXP 	fixation: autoDraw = True
958.4411 	EXP 	Device response: <KeyPress from None: t=958.2042115000004, value=c, duration=0.22517459999971834>
959.2239 	EXP 	fixation: autoDraw = False
959.2239 	EXP 	line1: autoDraw = True
959.2239 	EXP 	line_2: autoDraw = True
959.2239 	EXP 	line_3: autoDraw = True
959.2239 	EXP 	line4: autoDraw = True
960.2073 	INFO 	Keyboard events cleared
960.2072 	EXP 	probe: autoDraw = True
960.9748 	EXP 	Device response: <KeyPress from None: t=960.9716321000001, value=c, duration=None>
960.9752 	EXP 	New trial (rep=31, index=0): <Trial 124 (0 in rep 31) data={'pos': np.int64(50), 'corr_resp': 'c', 'thisN': 124, 'thisTrialN': 0, 'thisRepN': 31}>
960.9767 	DATA 	Keypress: c
960.9903 	EXP 	fixation: autoDraw = False
960.9903 	EXP 	line1: autoDraw = False
960.9903 	EXP 	line_2: autoDraw = False
960.9903 	EXP 	line_3: autoDraw = False
960.9903 	EXP 	line4: autoDraw = False
960.9903 	EXP 	probe: autoDraw = False
960.9903 	EXP 	fixation: autoDraw = True
961.2254 	EXP 	Device response: <KeyPress from None: t=960.9716321000001, value=c, duration=0.25014820000023974>
961.7578 	EXP 	Device response: <KeyPress from None: t=961.7503211000003, value=space, duration=None>
961.7589 	DATA 	Keypress: space
961.8912 	EXP 	Device response: <KeyPress from None: t=961.7503211000003, value=space, duration=0.12431960000003528>
961.9740 	EXP 	line1: autoDraw = True
961.9740 	EXP 	line_2: autoDraw = True
961.9740 	EXP 	line_3: autoDraw = True
961.9740 	EXP 	line4: autoDraw = True
961.9911 	EXP 	fixation: autoDraw = False
962.9904 	INFO 	Keyboard events cleared
962.9902 	EXP 	probe: autoDraw = True
964.1577 	EXP 	Device response: <KeyPress from None: t=964.1548951000004, value=c, duration=None>
964.1581 	EXP 	New trial (rep=31, index=1): <Trial 125 (1 in rep 31) data={'pos': np.int64(-50), 'corr_resp': 'x', 'thisN': 125, 'thisTrialN': 1, 'thisRepN': 31}>
964.1594 	DATA 	Keypress: c
964.1735 	EXP 	fixation: autoDraw = False
964.1735 	EXP 	line1: autoDraw = False
964.1735 	EXP 	line_2: autoDraw = False
964.1735 	EXP 	line_3: autoDraw = False
964.1735 	EXP 	line4: autoDraw = False
964.1735 	EXP 	probe: autoDraw = False
964.1735 	EXP 	fixation: autoDraw = True
964.3910 	EXP 	Device response: <KeyPress from None: t=964.1548951000004, value=c, duration=0.2201783999998952>
965.1574 	EXP 	line1: autoDraw = True
965.1574 	EXP 	line_2: autoDraw = True
965.1574 	EXP 	line_3: autoDraw = True
965.1574 	EXP 	line4: autoDraw = True
965.1739 	EXP 	fixation: autoDraw = False
966.1574 	INFO 	Keyboard events cleared
966.1572 	EXP 	probe: autoDraw = True
967.8576 	EXP 	Device response: <KeyPress from None: t=967.8508555000003, value=x, duration=None>
967.8581 	EXP 	New trial (rep=31, index=2): <Trial 126 (2 in rep 31) data={'pos': np.int64(-150), 'corr_resp': 'z', 'thisN': 126, 'thisTrialN': 2, 'thisRepN': 31}>
967.8598 	DATA 	Keypress: x
967.8736 	EXP 	fixation: autoDraw = False
967.8736 	EXP 	line1: autoDraw = False
967.8736 	EXP 	line_2: autoDraw = False
967.8736 	EXP 	line_3: autoDraw = False
967.8736 	EXP 	line4: autoDraw = False
967.8736 	EXP 	probe: autoDraw = False
967.8736 	EXP 	fixation: autoDraw = True
968.0081 	EXP 	Device response: <KeyPress from None: t=967.8508555000003, value=x, duration=0.14046959999996034>
968.8739 	EXP 	fixation: autoDraw = False
968.8739 	EXP 	line1: autoDraw = True
968.8739 	EXP 	line_2: autoDraw = True
968.8739 	EXP 	line_3: autoDraw = True
968.8739 	EXP 	line4: autoDraw = True
969.8569 	INFO 	Keyboard events cleared
969.8568 	EXP 	probe: autoDraw = True
970.5413 	EXP 	Device response: <KeyPress from None: t=970.5338411000002, value=z, duration=None>
970.5418 	EXP 	New trial (rep=31, index=3): <Trial 127 (3 in rep 31) data={'pos': np.int64(150), 'corr_resp': 'v', 'thisN': 127, 'thisTrialN': 3, 'thisRepN': 31}>
970.5438 	DATA 	Keypress: z
970.5569 	EXP 	fixation: autoDraw = False
970.5569 	EXP 	line1: autoDraw = False
970.5569 	EXP 	line_2: autoDraw = False
970.5569 	EXP 	line_3: autoDraw = False
970.5569 	EXP 	line4: autoDraw = False
970.5569 	EXP 	probe: autoDraw = False
970.5569 	EXP 	fixation: autoDraw = True
970.6914 	EXP 	Device response: <KeyPress from None: t=970.5338411000002, value=z, duration=0.14607070000010935>
971.5407 	EXP 	line1: autoDraw = True
971.5407 	EXP 	line_2: autoDraw = True
971.5407 	EXP 	line_3: autoDraw = True
971.5407 	EXP 	line4: autoDraw = True
971.5578 	EXP 	fixation: autoDraw = False
972.5576 	INFO 	Keyboard events cleared
972.5574 	EXP 	probe: autoDraw = True
973.0406 	EXP 	Device response: <KeyPress from None: t=973.0305574000004, value=v, duration=None>
973.0410 	EXP 	New trial (rep=32, index=0): <Trial 128 (0 in rep 32) data={'pos': np.int64(150), 'corr_resp': 'v', 'thisN': 128, 'thisTrialN': 0, 'thisRepN': 32}>
973.0424 	DATA 	Keypress: v
973.0572 	EXP 	fixation: autoDraw = False
973.0572 	EXP 	line1: autoDraw = False
973.0572 	EXP 	line_2: autoDraw = False
973.0572 	EXP 	line_3: autoDraw = False
973.0572 	EXP 	line4: autoDraw = False
973.0572 	EXP 	probe: autoDraw = False
973.0572 	EXP 	fixation: autoDraw = True
973.2914 	EXP 	Device response: <KeyPress from None: t=973.0305574000004, value=v, duration=0.25918319999982486>
974.0409 	EXP 	line1: autoDraw = True
974.0409 	EXP 	line_2: autoDraw = True
974.0409 	EXP 	line_3: autoDraw = True
974.0409 	EXP 	line4: autoDraw = True
974.0571 	EXP 	fixation: autoDraw = False
975.0418 	INFO 	Keyboard events cleared
975.0416 	EXP 	probe: autoDraw = True
975.5418 	EXP 	Device response: <KeyPress from None: t=975.5305611000003, value=c, duration=None>
975.5422 	EXP 	New trial (rep=32, index=1): <Trial 129 (1 in rep 32) data={'pos': np.int64(50), 'corr_resp': 'c', 'thisN': 129, 'thisTrialN': 1, 'thisRepN': 32}>
975.5435 	DATA 	Keypress: c
975.5569 	EXP 	fixation: autoDraw = False
975.5569 	EXP 	line1: autoDraw = False
975.5569 	EXP 	line_2: autoDraw = False
975.5569 	EXP 	line_3: autoDraw = False
975.5569 	EXP 	line4: autoDraw = False
975.5569 	EXP 	probe: autoDraw = False
975.5569 	EXP 	fixation: autoDraw = True
975.6741 	EXP 	Device response: <KeyPress from None: t=975.5305611000003, value=c, duration=0.13136709999980667>
975.7082 	EXP 	Device response: <KeyPress from None: t=975.7018059000002, value=v, duration=None>
975.7092 	DATA 	Keypress: v
975.9744 	EXP 	Device response: <KeyPress from None: t=975.7018059000002, value=v, duration=0.2603617999998278>
976.5579 	EXP 	fixation: autoDraw = False
976.5579 	EXP 	line1: autoDraw = True
976.5579 	EXP 	line_2: autoDraw = True
976.5579 	EXP 	line_3: autoDraw = True
976.5579 	EXP 	line4: autoDraw = True
977.5581 	INFO 	Keyboard events cleared
977.5579 	EXP 	probe: autoDraw = True
979.8410 	EXP 	Device response: <KeyPress from None: t=979.8335827000001, value=c, duration=None>
979.8414 	EXP 	New trial (rep=32, index=2): <Trial 130 (2 in rep 32) data={'pos': np.int64(-150), 'corr_resp': 'z', 'thisN': 130, 'thisTrialN': 2, 'thisRepN': 32}>
979.8430 	DATA 	Keypress: c
979.8568 	EXP 	fixation: autoDraw = False
979.8568 	EXP 	line1: autoDraw = False
979.8568 	EXP 	line_2: autoDraw = False
979.8568 	EXP 	line_3: autoDraw = False
979.8568 	EXP 	line4: autoDraw = False
979.8568 	EXP 	probe: autoDraw = False
979.8568 	EXP 	fixation: autoDraw = True
980.1419 	EXP 	Device response: <KeyPress from None: t=979.8335827000001, value=c, duration=0.3076285000001917>
980.8407 	EXP 	line1: autoDraw = True
980.8407 	EXP 	line_2: autoDraw = True
980.8407 	EXP 	line_3: autoDraw = True
980.8407 	EXP 	line4: autoDraw = True
980.8574 	EXP 	fixation: autoDraw = False
981.8406 	INFO 	Keyboard events cleared
981.8404 	EXP 	probe: autoDraw = True
983.0083 	EXP 	Device response: <KeyPress from None: t=983.0024622000001, value=z, duration=None>
983.0087 	EXP 	New trial (rep=32, index=3): <Trial 131 (3 in rep 32) data={'pos': np.int64(-50), 'corr_resp': 'x', 'thisN': 131, 'thisTrialN': 3, 'thisRepN': 32}>
983.0102 	DATA 	Keypress: z
983.0234 	EXP 	fixation: autoDraw = False
983.0234 	EXP 	line1: autoDraw = False
983.0234 	EXP 	line_2: autoDraw = False
983.0234 	EXP 	line_3: autoDraw = False
983.0234 	EXP 	line4: autoDraw = False
983.0234 	EXP 	probe: autoDraw = False
983.0234 	EXP 	fixation: autoDraw = True
983.2075 	EXP 	Device response: <KeyPress from None: t=983.0024622000001, value=z, duration=0.19686570000021675>
984.0082 	EXP 	line1: autoDraw = True
984.0082 	EXP 	line_2: autoDraw = True
984.0082 	EXP 	line_3: autoDraw = True
984.0082 	EXP 	line4: autoDraw = True
984.0241 	EXP 	fixation: autoDraw = False
985.0076 	INFO 	Keyboard events cleared
985.0075 	EXP 	probe: autoDraw = True
985.7108 	DATA 	Keypress: x
985.7239 	EXP 	Device response: <KeyPress from None: t=985.7093610000002, value=x, duration=None>
985.7243 	EXP 	New trial (rep=33, index=0): <Trial 132 (0 in rep 33) data={'pos': np.int64(150), 'corr_resp': 'v', 'thisN': 132, 'thisTrialN': 0, 'thisRepN': 33}>
985.7404 	EXP 	fixation: autoDraw = False
985.7404 	EXP 	line1: autoDraw = False
985.7404 	EXP 	line_2: autoDraw = False
985.7404 	EXP 	line_3: autoDraw = False
985.7404 	EXP 	line4: autoDraw = False
985.7404 	EXP 	probe: autoDraw = False
985.7404 	EXP 	fixation: autoDraw = True
985.9090 	EXP 	Device response: <KeyPress from None: t=985.7093610000002, value=x, duration=0.1974052999999003>
986.7240 	EXP 	line1: autoDraw = True
986.7240 	EXP 	line_2: autoDraw = True
986.7240 	EXP 	line_3: autoDraw = True
986.7240 	EXP 	line4: autoDraw = True
986.7411 	EXP 	fixation: autoDraw = False
987.7238 	INFO 	Keyboard events cleared
987.7237 	EXP 	probe: autoDraw = True
988.7576 	EXP 	Device response: <KeyPress from None: t=988.7542857000003, value=v, duration=None>
988.7581 	EXP 	New trial (rep=33, index=1): <Trial 133 (1 in rep 33) data={'pos': np.int64(50), 'corr_resp': 'c', 'thisN': 133, 'thisTrialN': 1, 'thisRepN': 33}>
988.7599 	DATA 	Keypress: v
988.7737 	EXP 	fixation: autoDraw = False
988.7737 	EXP 	line1: autoDraw = False
988.7737 	EXP 	line_2: autoDraw = False
988.7737 	EXP 	line_3: autoDraw = False
988.7737 	EXP 	line4: autoDraw = False
988.7737 	EXP 	probe: autoDraw = False
988.7737 	EXP 	fixation: autoDraw = True
988.9575 	EXP 	Device response: <KeyPress from None: t=988.7542857000003, value=v, duration=0.1889947999998185>
989.7573 	EXP 	line1: autoDraw = True
989.7573 	EXP 	line_2: autoDraw = True
989.7573 	EXP 	line_3: autoDraw = True
989.7573 	EXP 	line4: autoDraw = True
989.7742 	EXP 	fixation: autoDraw = False
990.7575 	INFO 	Keyboard events cleared
990.7573 	EXP 	probe: autoDraw = True
991.0578 	EXP 	Device response: <KeyPress from None: t=991.0493013, value=x, duration=None>
991.0581 	EXP 	New trial (rep=33, index=2): <Trial 134 (2 in rep 33) data={'pos': np.int64(-150), 'corr_resp': 'z', 'thisN': 134, 'thisTrialN': 2, 'thisRepN': 33}>
991.0595 	DATA 	Keypress: x
991.0750 	EXP 	fixation: autoDraw = False
991.0750 	EXP 	line1: autoDraw = False
991.0750 	EXP 	line_2: autoDraw = False
991.0750 	EXP 	line_3: autoDraw = False
991.0750 	EXP 	line4: autoDraw = False
991.0750 	EXP 	probe: autoDraw = False
991.0750 	EXP 	fixation: autoDraw = True
991.2075 	EXP 	Device response: <KeyPress from None: t=991.0493013, value=x, duration=0.14793280000003506>
992.0748 	EXP 	fixation: autoDraw = False
992.0748 	EXP 	line1: autoDraw = True
992.0748 	EXP 	line_2: autoDraw = True
992.0748 	EXP 	line_3: autoDraw = True
992.0748 	EXP 	line4: autoDraw = True
993.0580 	INFO 	Keyboard events cleared
993.0578 	EXP 	probe: autoDraw = True
994.2244 	EXP 	Device response: <KeyPress from None: t=994.2150348, value=z, duration=None>
994.2247 	EXP 	New trial (rep=33, index=3): <Trial 135 (3 in rep 33) data={'pos': np.int64(-50), 'corr_resp': 'x', 'thisN': 135, 'thisTrialN': 3, 'thisRepN': 33}>
994.2263 	DATA 	Keypress: z
994.2401 	EXP 	fixation: autoDraw = False
994.2401 	EXP 	line1: autoDraw = False
994.2401 	EXP 	line_2: autoDraw = False
994.2401 	EXP 	line_3: autoDraw = False
994.2401 	EXP 	line4: autoDraw = False
994.2401 	EXP 	probe: autoDraw = False
994.2401 	EXP 	fixation: autoDraw = True
994.4242 	EXP 	Device response: <KeyPress from None: t=994.2150348, value=z, duration=0.20372990000032587>
995.2249 	EXP 	line1: autoDraw = True
995.2249 	EXP 	line_2: autoDraw = True
995.2249 	EXP 	line_3: autoDraw = True
995.2249 	EXP 	line4: autoDraw = True
995.2415 	EXP 	fixation: autoDraw = False
996.2413 	INFO 	Keyboard events cleared
996.2411 	EXP 	probe: autoDraw = True
996.6932 	DATA 	Keypress: x
996.7078 	EXP 	Device response: <KeyPress from None: t=996.6919882000002, value=x, duration=None>
996.7083 	EXP 	New trial (rep=34, index=0): <Trial 136 (0 in rep 34) data={'pos': np.int64(50), 'corr_resp': 'c', 'thisN': 136, 'thisTrialN': 0, 'thisRepN': 34}>
996.7235 	EXP 	fixation: autoDraw = False
996.7235 	EXP 	line1: autoDraw = False
996.7235 	EXP 	line_2: autoDraw = False
996.7235 	EXP 	line_3: autoDraw = False
996.7235 	EXP 	line4: autoDraw = False
996.7235 	EXP 	probe: autoDraw = False
996.7235 	EXP 	fixation: autoDraw = True
996.9573 	EXP 	Device response: <KeyPress from None: t=996.6919882000002, value=x, duration=0.2542772000001605>
997.7077 	EXP 	line1: autoDraw = True
997.7077 	EXP 	line_2: autoDraw = True
997.7077 	EXP 	line_3: autoDraw = True
997.7077 	EXP 	line4: autoDraw = True
997.7241 	EXP 	fixation: autoDraw = False
998.7071 	INFO 	Keyboard events cleared
998.7070 	EXP 	probe: autoDraw = True
1000.6754 	EXP 	Device response: <KeyPress from None: t=1000.6738260000002, value=x, duration=None>
1000.6758 	EXP 	New trial (rep=34, index=1): <Trial 137 (1 in rep 34) data={'pos': np.int64(-50), 'corr_resp': 'x', 'thisN': 137, 'thisTrialN': 1, 'thisRepN': 34}>
1000.6773 	DATA 	Keypress: x
1000.6890 	EXP 	fixation: autoDraw = False
1000.6890 	EXP 	line1: autoDraw = False
1000.6890 	EXP 	line_2: autoDraw = False
1000.6890 	EXP 	line_3: autoDraw = False
1000.6890 	EXP 	line4: autoDraw = False
1000.6890 	EXP 	probe: autoDraw = False
1000.6890 	EXP 	fixation: autoDraw = True
1000.8742 	EXP 	Device response: <KeyPress from None: t=1000.6738260000002, value=x, duration=0.1850574999998571>
1001.6909 	EXP 	fixation: autoDraw = False
1001.6909 	EXP 	line1: autoDraw = True
1001.6909 	EXP 	line_2: autoDraw = True
1001.6909 	EXP 	line_3: autoDraw = True
1001.6909 	EXP 	line4: autoDraw = True
1002.6910 	INFO 	Keyboard events cleared
1002.6909 	EXP 	probe: autoDraw = True
1004.7080 	EXP 	Device response: <KeyPress from None: t=1004.6938476, value=x, duration=None>
1004.7083 	EXP 	New trial (rep=34, index=2): <Trial 138 (2 in rep 34) data={'pos': np.int64(150), 'corr_resp': 'v', 'thisN': 138, 'thisTrialN': 2, 'thisRepN': 34}>
1004.7098 	DATA 	Keypress: x
1004.7240 	EXP 	fixation: autoDraw = False
1004.7240 	EXP 	line1: autoDraw = False
1004.7240 	EXP 	line_2: autoDraw = False
1004.7240 	EXP 	line_3: autoDraw = False
1004.7240 	EXP 	line4: autoDraw = False
1004.7240 	EXP 	probe: autoDraw = False
1004.7240 	EXP 	fixation: autoDraw = True
1004.8914 	EXP 	Device response: <KeyPress from None: t=1004.6938476, value=x, duration=0.19707370000014635>
1005.7079 	EXP 	line1: autoDraw = True
1005.7079 	EXP 	line_2: autoDraw = True
1005.7079 	EXP 	line_3: autoDraw = True
1005.7079 	EXP 	line4: autoDraw = True
1005.7245 	EXP 	fixation: autoDraw = False
1006.7076 	INFO 	Keyboard events cleared
1006.7075 	EXP 	probe: autoDraw = True
1007.6415 	EXP 	Device response: <KeyPress from None: t=1007.6286869, value=b, duration=None>
1007.6419 	EXP 	New trial (rep=34, index=3): <Trial 139 (3 in rep 34) data={'pos': np.int64(-150), 'corr_resp': 'z', 'thisN': 139, 'thisTrialN': 3, 'thisRepN': 34}>
1007.6433 	DATA 	Keypress: b
1007.6574 	EXP 	fixation: autoDraw = False
1007.6574 	EXP 	line1: autoDraw = False
1007.6574 	EXP 	line_2: autoDraw = False
1007.6574 	EXP 	line_3: autoDraw = False
1007.6574 	EXP 	line4: autoDraw = False
1007.6574 	EXP 	probe: autoDraw = False
1007.6574 	EXP 	fixation: autoDraw = True
1007.7246 	EXP 	Device response: <KeyPress from None: t=1007.6286869, value=b, duration=0.08096840000007433>
1008.6410 	EXP 	line1: autoDraw = True
1008.6410 	EXP 	line_2: autoDraw = True
1008.6410 	EXP 	line_3: autoDraw = True
1008.6410 	EXP 	line4: autoDraw = True
1008.6579 	EXP 	fixation: autoDraw = False
1009.6406 	INFO 	Keyboard events cleared
1009.6404 	EXP 	probe: autoDraw = True
1010.4909 	EXP 	Device response: <KeyPress from None: t=1010.4779818000002, value=z, duration=None>
1010.4915 	EXP 	New trial (rep=35, index=0): <Trial 140 (0 in rep 35) data={'pos': np.int64(-50), 'corr_resp': 'x', 'thisN': 140, 'thisTrialN': 0, 'thisRepN': 35}>
1010.4933 	DATA 	Keypress: z
1010.5071 	EXP 	fixation: autoDraw = False
1010.5071 	EXP 	line1: autoDraw = False
1010.5071 	EXP 	line_2: autoDraw = False
1010.5071 	EXP 	line_3: autoDraw = False
1010.5071 	EXP 	line4: autoDraw = False
1010.5071 	EXP 	probe: autoDraw = False
1010.5071 	EXP 	fixation: autoDraw = True
1010.6074 	EXP 	Device response: <KeyPress from None: t=1010.4779818000002, value=z, duration=0.11684530000002269>
1011.4916 	EXP 	line1: autoDraw = True
1011.4916 	EXP 	line_2: autoDraw = True
1011.4916 	EXP 	line_3: autoDraw = True
1011.4916 	EXP 	line4: autoDraw = True
1011.5087 	EXP 	fixation: autoDraw = False
1012.5078 	INFO 	Keyboard events cleared
1012.5077 	EXP 	probe: autoDraw = True
1013.1093 	DATA 	Keypress: x
1013.1244 	EXP 	Device response: <KeyPress from None: t=1013.1072943000004, value=x, duration=None>
1013.1248 	EXP 	New trial (rep=35, index=1): <Trial 141 (1 in rep 35) data={'pos': np.int64(-150), 'corr_resp': 'z', 'thisN': 141, 'thisTrialN': 1, 'thisRepN': 35}>
1013.1403 	EXP 	fixation: autoDraw = False
1013.1403 	EXP 	line1: autoDraw = False
1013.1403 	EXP 	line_2: autoDraw = False
1013.1403 	EXP 	line_3: autoDraw = False
1013.1403 	EXP 	line4: autoDraw = False
1013.1403 	EXP 	probe: autoDraw = False
1013.1403 	EXP 	fixation: autoDraw = True
1013.2909 	EXP 	Device response: <KeyPress from None: t=1013.1072943000004, value=x, duration=0.17047269999966375>
1014.1244 	EXP 	line1: autoDraw = True
1014.1244 	EXP 	line_2: autoDraw = True
1014.1244 	EXP 	line_3: autoDraw = True
1014.1244 	EXP 	line4: autoDraw = True
1014.1403 	EXP 	fixation: autoDraw = False
1015.1238 	INFO 	Keyboard events cleared
1015.1236 	EXP 	probe: autoDraw = True
1015.8578 	EXP 	Device response: <KeyPress from None: t=1015.8565424000003, value=z, duration=None>
1015.8582 	EXP 	New trial (rep=35, index=2): <Trial 142 (2 in rep 35) data={'pos': np.int64(150), 'corr_resp': 'v', 'thisN': 142, 'thisTrialN': 2, 'thisRepN': 35}>
1015.8594 	DATA 	Keypress: z
1015.8737 	EXP 	fixation: autoDraw = False
1015.8737 	EXP 	line1: autoDraw = False
1015.8737 	EXP 	line_2: autoDraw = False
1015.8737 	EXP 	line_3: autoDraw = False
1015.8737 	EXP 	line4: autoDraw = False
1015.8737 	EXP 	probe: autoDraw = False
1015.8737 	EXP 	fixation: autoDraw = True
1015.9417 	EXP 	Device response: <KeyPress from None: t=1015.8565424000003, value=z, duration=0.0681998999998541>
1016.8570 	EXP 	line1: autoDraw = True
1016.8570 	EXP 	line_2: autoDraw = True
1016.8570 	EXP 	line_3: autoDraw = True
1016.8570 	EXP 	line4: autoDraw = True
1016.8738 	EXP 	fixation: autoDraw = False
1017.8572 	INFO 	Keyboard events cleared
1017.8570 	EXP 	probe: autoDraw = True
1019.3745 	EXP 	Device response: <KeyPress from None: t=1019.3682763000002, value=v, duration=None>
1019.3749 	EXP 	New trial (rep=35, index=3): <Trial 143 (3 in rep 35) data={'pos': np.int64(50), 'corr_resp': 'c', 'thisN': 143, 'thisTrialN': 3, 'thisRepN': 35}>
1019.3765 	DATA 	Keypress: v
1019.3905 	EXP 	fixation: autoDraw = False
1019.3905 	EXP 	line1: autoDraw = False
1019.3905 	EXP 	line_2: autoDraw = False
1019.3905 	EXP 	line_3: autoDraw = False
1019.3905 	EXP 	line4: autoDraw = False
1019.3905 	EXP 	probe: autoDraw = False
1019.3905 	EXP 	fixation: autoDraw = True
1019.5087 	EXP 	Device response: <KeyPress from None: t=1019.3682763000002, value=v, duration=0.13842280000017126>
1020.3744 	EXP 	line1: autoDraw = True
1020.3744 	EXP 	line_2: autoDraw = True
1020.3744 	EXP 	line_3: autoDraw = True
1020.3744 	EXP 	line4: autoDraw = True
1020.3911 	EXP 	fixation: autoDraw = False
1021.3743 	INFO 	Keyboard events cleared
1021.3741 	EXP 	probe: autoDraw = True
1023.3746 	EXP 	Device response: <KeyPress from None: t=1023.3662572000003, value=c, duration=None>
1023.3749 	EXP 	New trial (rep=36, index=0): <Trial 144 (0 in rep 36) data={'pos': np.int64(-50), 'corr_resp': 'x', 'thisN': 144, 'thisTrialN': 0, 'thisRepN': 36}>
1023.3762 	DATA 	Keypress: c
1023.3906 	EXP 	fixation: autoDraw = False
1023.3906 	EXP 	line1: autoDraw = False
1023.3906 	EXP 	line_2: autoDraw = False
1023.3906 	EXP 	line_3: autoDraw = False
1023.3906 	EXP 	line4: autoDraw = False
1023.3906 	EXP 	probe: autoDraw = False
1023.3906 	EXP 	fixation: autoDraw = True
1023.5414 	EXP 	Device response: <KeyPress from None: t=1023.3662572000003, value=c, duration=0.15940610000006927>
1024.3743 	EXP 	line1: autoDraw = True
1024.3743 	EXP 	line_2: autoDraw = True
1024.3743 	EXP 	line_3: autoDraw = True
1024.3743 	EXP 	line4: autoDraw = True
1024.3917 	EXP 	fixation: autoDraw = False
1025.3745 	INFO 	Keyboard events cleared
1025.3743 	EXP 	probe: autoDraw = True
1026.4427 	DATA 	Keypress: x
1026.4582 	EXP 	Device response: <KeyPress from None: t=1026.4411593000004, value=x, duration=None>
1026.4586 	EXP 	New trial (rep=36, index=1): <Trial 145 (1 in rep 36) data={'pos': np.int64(50), 'corr_resp': 'c', 'thisN': 145, 'thisTrialN': 1, 'thisRepN': 36}>
1026.4745 	EXP 	fixation: autoDraw = False
1026.4745 	EXP 	line1: autoDraw = False
1026.4745 	EXP 	line_2: autoDraw = False
1026.4745 	EXP 	line_3: autoDraw = False
1026.4745 	EXP 	line4: autoDraw = False
1026.4745 	EXP 	probe: autoDraw = False
1026.4745 	EXP 	fixation: autoDraw = True
1026.5915 	EXP 	Device response: <KeyPress from None: t=1026.4411593000004, value=x, duration=0.14764269999977842>
1027.4574 	EXP 	line1: autoDraw = True
1027.4574 	EXP 	line_2: autoDraw = True
1027.4574 	EXP 	line_3: autoDraw = True
1027.4574 	EXP 	line4: autoDraw = True
1027.4743 	EXP 	fixation: autoDraw = False
1028.4578 	INFO 	Keyboard events cleared
1028.4576 	EXP 	probe: autoDraw = True
1029.3246 	EXP 	Device response: <KeyPress from None: t=1029.3131631, value=c, duration=None>
1029.3250 	EXP 	New trial (rep=36, index=2): <Trial 146 (2 in rep 36) data={'pos': np.int64(150), 'corr_resp': 'v', 'thisN': 146, 'thisTrialN': 2, 'thisRepN': 36}>
1029.3264 	DATA 	Keypress: c
1029.3408 	EXP 	fixation: autoDraw = False
1029.3408 	EXP 	line1: autoDraw = False
1029.3408 	EXP 	line_2: autoDraw = False
1029.3408 	EXP 	line_3: autoDraw = False
1029.3408 	EXP 	line4: autoDraw = False
1029.3408 	EXP 	probe: autoDraw = False
1029.3408 	EXP 	fixation: autoDraw = True
1029.4580 	EXP 	Device response: <KeyPress from None: t=1029.3131631, value=c, duration=0.14221489999999903>
1030.3242 	EXP 	line1: autoDraw = True
1030.3242 	EXP 	line_2: autoDraw = True
1030.3242 	EXP 	line_3: autoDraw = True
1030.3242 	EXP 	line4: autoDraw = True
1030.3415 	EXP 	fixation: autoDraw = False
1031.3243 	INFO 	Keyboard events cleared
1031.3242 	EXP 	probe: autoDraw = True
1032.0245 	EXP 	Device response: <KeyPress from None: t=1032.0203101000002, value=v, duration=None>
1032.0250 	EXP 	New trial (rep=36, index=3): <Trial 147 (3 in rep 36) data={'pos': np.int64(-150), 'corr_resp': 'z', 'thisN': 147, 'thisTrialN': 3, 'thisRepN': 36}>
1032.0270 	DATA 	Keypress: v
1032.0403 	EXP 	fixation: autoDraw = False
1032.0403 	EXP 	line1: autoDraw = False
1032.0403 	EXP 	line_2: autoDraw = False
1032.0403 	EXP 	line_3: autoDraw = False
1032.0403 	EXP 	line4: autoDraw = False
1032.0403 	EXP 	probe: autoDraw = False
1032.0403 	EXP 	fixation: autoDraw = True
1032.1081 	EXP 	Device response: <KeyPress from None: t=1032.0203101000002, value=v, duration=0.07467069999984233>
1033.0246 	EXP 	line1: autoDraw = True
1033.0246 	EXP 	line_2: autoDraw = True
1033.0246 	EXP 	line_3: autoDraw = True
1033.0246 	EXP 	line4: autoDraw = True
1033.0410 	EXP 	fixation: autoDraw = False
1034.0245 	INFO 	Keyboard events cleared
1034.0243 	EXP 	probe: autoDraw = True
1035.0757 	EXP 	Device response: <KeyPress from None: t=1035.0730804000004, value=z, duration=None>
1035.0761 	EXP 	New trial (rep=37, index=0): <Trial 148 (0 in rep 37) data={'pos': np.int64(-50), 'corr_resp': 'x', 'thisN': 148, 'thisTrialN': 0, 'thisRepN': 37}>
1035.0774 	DATA 	Keypress: z
1035.0915 	EXP 	fixation: autoDraw = False
1035.0915 	EXP 	line1: autoDraw = False
1035.0915 	EXP 	line_2: autoDraw = False
1035.0915 	EXP 	line_3: autoDraw = False
1035.0915 	EXP 	line4: autoDraw = False
1035.0915 	EXP 	probe: autoDraw = False
1035.0915 	EXP 	fixation: autoDraw = True
1035.2580 	EXP 	Device response: <KeyPress from None: t=1035.0730804000004, value=z, duration=0.17836699999998018>
1036.0917 	EXP 	fixation: autoDraw = False
1036.0917 	EXP 	line1: autoDraw = True
1036.0917 	EXP 	line_2: autoDraw = True
1036.0917 	EXP 	line_3: autoDraw = True
1036.0917 	EXP 	line4: autoDraw = True
1037.0907 	INFO 	Keyboard events cleared
1037.0906 	EXP 	probe: autoDraw = True
1037.9932 	DATA 	Keypress: x
1038.0079 	EXP 	Device response: <KeyPress from None: t=1037.9905590000003, value=x, duration=None>
1038.0083 	EXP 	New trial (rep=37, index=1): <Trial 149 (1 in rep 37) data={'pos': np.int64(-150), 'corr_resp': 'z', 'thisN': 149, 'thisTrialN': 1, 'thisRepN': 37}>
1038.0237 	EXP 	fixation: autoDraw = False
1038.0237 	EXP 	line1: autoDraw = False
1038.0237 	EXP 	line_2: autoDraw = False
1038.0237 	EXP 	line_3: autoDraw = False
1038.0237 	EXP 	line4: autoDraw = False
1038.0237 	EXP 	probe: autoDraw = False
1038.0237 	EXP 	fixation: autoDraw = True
1038.1582 	EXP 	Device response: <KeyPress from None: t=1037.9905590000003, value=x, duration=0.1671123000000989>
1039.0086 	EXP 	line1: autoDraw = True
1039.0086 	EXP 	line_2: autoDraw = True
1039.0086 	EXP 	line_3: autoDraw = True
1039.0086 	EXP 	line4: autoDraw = True
1039.0241 	EXP 	fixation: autoDraw = False
1040.0075 	INFO 	Keyboard events cleared
1040.0073 	EXP 	probe: autoDraw = True
1040.5911 	EXP 	Device response: <KeyPress from None: t=1040.5818561, value=z, duration=None>
1040.5916 	EXP 	New trial (rep=37, index=2): <Trial 150 (2 in rep 37) data={'pos': np.int64(50), 'corr_resp': 'c', 'thisN': 150, 'thisTrialN': 2, 'thisRepN': 37}>
1040.5932 	DATA 	Keypress: z
1040.6072 	EXP 	fixation: autoDraw = False
1040.6072 	EXP 	line1: autoDraw = False
1040.6072 	EXP 	line_2: autoDraw = False
1040.6072 	EXP 	line_3: autoDraw = False
1040.6072 	EXP 	line4: autoDraw = False
1040.6072 	EXP 	probe: autoDraw = False
1040.6072 	EXP 	fixation: autoDraw = True
1040.7579 	EXP 	Device response: <KeyPress from None: t=1040.5818561, value=z, duration=0.17336160000013479>
1041.6074 	EXP 	fixation: autoDraw = False
1041.6074 	EXP 	line1: autoDraw = True
1041.6074 	EXP 	line_2: autoDraw = True
1041.6074 	EXP 	line_3: autoDraw = True
1041.6074 	EXP 	line4: autoDraw = True
1042.5910 	INFO 	Keyboard events cleared
1042.5908 	EXP 	probe: autoDraw = True
1043.3744 	EXP 	Device response: <KeyPress from None: t=1043.3710463000002, value=c, duration=None>
1043.3748 	EXP 	New trial (rep=37, index=3): <Trial 151 (3 in rep 37) data={'pos': np.int64(150), 'corr_resp': 'v', 'thisN': 151, 'thisTrialN': 3, 'thisRepN': 37}>
1043.3761 	DATA 	Keypress: c
1043.3904 	EXP 	fixation: autoDraw = False
1043.3904 	EXP 	line1: autoDraw = False
1043.3904 	EXP 	line_2: autoDraw = False
1043.3904 	EXP 	line_3: autoDraw = False
1043.3904 	EXP 	line4: autoDraw = False
1043.3904 	EXP 	probe: autoDraw = False
1043.3904 	EXP 	fixation: autoDraw = True
1043.5580 	EXP 	Device response: <KeyPress from None: t=1043.3710463000002, value=c, duration=0.1734258999999838>
1044.3749 	EXP 	line1: autoDraw = True
1044.3749 	EXP 	line_2: autoDraw = True
1044.3749 	EXP 	line_3: autoDraw = True
1044.3749 	EXP 	line4: autoDraw = True
1044.3912 	EXP 	fixation: autoDraw = False
1045.3743 	INFO 	Keyboard events cleared
1045.3741 	EXP 	probe: autoDraw = True
1045.7747 	EXP 	Device response: <KeyPress from None: t=1045.7719356000002, value=v, duration=None>
1045.7752 	EXP 	New trial (rep=38, index=0): <Trial 152 (0 in rep 38) data={'pos': np.int64(50), 'corr_resp': 'c', 'thisN': 152, 'thisTrialN': 0, 'thisRepN': 38}>
1045.7765 	DATA 	Keypress: v
1045.7911 	EXP 	fixation: autoDraw = False
1045.7911 	EXP 	line1: autoDraw = False
1045.7911 	EXP 	line_2: autoDraw = False
1045.7911 	EXP 	line_3: autoDraw = False
1045.7911 	EXP 	line4: autoDraw = False
1045.7911 	EXP 	probe: autoDraw = False
1045.7911 	EXP 	fixation: autoDraw = True
1046.0081 	EXP 	Device response: <KeyPress from None: t=1045.7719356000002, value=v, duration=0.2207972000001064>
1046.7738 	EXP 	line1: autoDraw = True
1046.7738 	EXP 	line_2: autoDraw = True
1046.7738 	EXP 	line_3: autoDraw = True
1046.7738 	EXP 	line4: autoDraw = True
1046.7909 	EXP 	fixation: autoDraw = False
1047.7913 	INFO 	Keyboard events cleared
1047.7911 	EXP 	probe: autoDraw = True
1048.7746 	EXP 	Device response: <KeyPress from None: t=1048.7615062000004, value=c, duration=None>
1048.7750 	EXP 	New trial (rep=38, index=1): <Trial 153 (1 in rep 38) data={'pos': np.int64(-150), 'corr_resp': 'z', 'thisN': 153, 'thisTrialN': 1, 'thisRepN': 38}>
1048.7764 	DATA 	Keypress: c
1048.7903 	EXP 	fixation: autoDraw = False
1048.7903 	EXP 	line1: autoDraw = False
1048.7903 	EXP 	line_2: autoDraw = False
1048.7903 	EXP 	line_3: autoDraw = False
1048.7903 	EXP 	line4: autoDraw = False
1048.7903 	EXP 	probe: autoDraw = False
1048.7903 	EXP 	fixation: autoDraw = True
1048.9248 	EXP 	Device response: <KeyPress from None: t=1048.7615062000004, value=c, duration=0.15323429999989457>
1049.7742 	EXP 	line1: autoDraw = True
1049.7742 	EXP 	line_2: autoDraw = True
1049.7742 	EXP 	line_3: autoDraw = True
1049.7742 	EXP 	line4: autoDraw = True
1049.7910 	EXP 	fixation: autoDraw = False
1050.4764 	DATA 	Mouse: Left button down, pos=(537,959)
1050.7753 	INFO 	Keyboard events cleared
1050.7751 	EXP 	probe: autoDraw = True
1051.3419 	EXP 	Device response: <KeyPress from None: t=1051.3283831000003, value=z, duration=None>
1051.3423 	EXP 	New trial (rep=38, index=2): <Trial 154 (2 in rep 38) data={'pos': np.int64(150), 'corr_resp': 'v', 'thisN': 154, 'thisTrialN': 2, 'thisRepN': 38}>
1051.3437 	DATA 	Keypress: z
1051.3573 	EXP 	fixation: autoDraw = False
1051.3573 	EXP 	line1: autoDraw = False
1051.3573 	EXP 	line_2: autoDraw = False
1051.3573 	EXP 	line_3: autoDraw = False
1051.3573 	EXP 	line4: autoDraw = False
1051.3573 	EXP 	probe: autoDraw = False
1051.3573 	EXP 	fixation: autoDraw = True
1051.5249 	EXP 	Device response: <KeyPress from None: t=1051.3283831000003, value=z, duration=0.1938332999998238>
1052.3410 	EXP 	line1: autoDraw = True
1052.3410 	EXP 	line_2: autoDraw = True
1052.3410 	EXP 	line_3: autoDraw = True
1052.3410 	EXP 	line4: autoDraw = True
1052.3581 	EXP 	fixation: autoDraw = False
1052.7766 	DATA 	Mouse:  Left button up, pos=(537,959)
1053.3410 	INFO 	Keyboard events cleared
1053.3408 	EXP 	probe: autoDraw = True
1054.2743 	EXP 	Device response: <KeyPress from None: t=1054.2621334, value=v, duration=None>
1054.2748 	EXP 	New trial (rep=38, index=3): <Trial 155 (3 in rep 38) data={'pos': np.int64(-50), 'corr_resp': 'x', 'thisN': 155, 'thisTrialN': 3, 'thisRepN': 38}>
1054.2760 	DATA 	Keypress: v
1054.2904 	EXP 	fixation: autoDraw = False
1054.2904 	EXP 	line1: autoDraw = False
1054.2904 	EXP 	line_2: autoDraw = False
1054.2904 	EXP 	line_3: autoDraw = False
1054.2904 	EXP 	line4: autoDraw = False
1054.2904 	EXP 	probe: autoDraw = False
1054.2904 	EXP 	fixation: autoDraw = True
1054.4749 	EXP 	Device response: <KeyPress from None: t=1054.2621334, value=v, duration=0.19983739999997852>
1055.2742 	EXP 	line1: autoDraw = True
1055.2742 	EXP 	line_2: autoDraw = True
1055.2742 	EXP 	line_3: autoDraw = True
1055.2742 	EXP 	line4: autoDraw = True
1055.2912 	EXP 	fixation: autoDraw = False
1056.2747 	INFO 	Keyboard events cleared
1056.2745 	EXP 	probe: autoDraw = True
1057.1082 	EXP 	Device response: <KeyPress from None: t=1057.1076846, value=x, duration=None>
1057.1086 	EXP 	New trial (rep=39, index=0): <Trial 156 (0 in rep 39) data={'pos': np.int64(-150), 'corr_resp': 'z', 'thisN': 156, 'thisTrialN': 0, 'thisRepN': 39}>
1057.1100 	DATA 	Keypress: x
1057.1240 	EXP 	fixation: autoDraw = False
1057.1240 	EXP 	line1: autoDraw = False
1057.1240 	EXP 	line_2: autoDraw = False
1057.1240 	EXP 	line_3: autoDraw = False
1057.1240 	EXP 	line4: autoDraw = False
1057.1240 	EXP 	probe: autoDraw = False
1057.1240 	EXP 	fixation: autoDraw = True
1057.2745 	EXP 	Device response: <KeyPress from None: t=1057.1076846, value=x, duration=0.16015310000011596>
1058.1075 	EXP 	line1: autoDraw = True
1058.1075 	EXP 	line_2: autoDraw = True
1058.1075 	EXP 	line_3: autoDraw = True
1058.1075 	EXP 	line4: autoDraw = True
1058.1253 	EXP 	fixation: autoDraw = False
1059.1247 	INFO 	Keyboard events cleared
1059.1245 	EXP 	probe: autoDraw = True
1059.6760 	DATA 	Mouse: Left button down, pos=(537,959)
1059.8579 	EXP 	Device response: <KeyPress from None: t=1059.8457447, value=z, duration=None>
1059.8582 	EXP 	New trial (rep=39, index=1): <Trial 157 (1 in rep 39) data={'pos': np.int64(150), 'corr_resp': 'v', 'thisN': 157, 'thisTrialN': 1, 'thisRepN': 39}>
1059.8595 	DATA 	Keypress: z
1059.8740 	EXP 	fixation: autoDraw = False
1059.8740 	EXP 	line1: autoDraw = False
1059.8740 	EXP 	line_2: autoDraw = False
1059.8740 	EXP 	line_3: autoDraw = False
1059.8740 	EXP 	line4: autoDraw = False
1059.8740 	EXP 	probe: autoDraw = False
1059.8740 	EXP 	fixation: autoDraw = True
1060.0245 	EXP 	Device response: <KeyPress from None: t=1059.8457447, value=z, duration=0.17449050000004718>
1060.8579 	EXP 	line1: autoDraw = True
1060.8579 	EXP 	line_2: autoDraw = True
1060.8579 	EXP 	line_3: autoDraw = True
1060.8579 	EXP 	line4: autoDraw = True
1060.8750 	EXP 	fixation: autoDraw = False
1061.8576 	INFO 	Keyboard events cleared
1061.8574 	EXP 	probe: autoDraw = True
1062.2265 	DATA 	Mouse:  Left button up, pos=(537,959)
1063.2256 	EXP 	Device response: <KeyPress from None: t=1063.2124694000004, value=v, duration=None>
1063.2260 	EXP 	New trial (rep=39, index=2): <Trial 158 (2 in rep 39) data={'pos': np.int64(-50), 'corr_resp': 'x', 'thisN': 158, 'thisTrialN': 2, 'thisRepN': 39}>
1063.2273 	DATA 	Keypress: v
1063.2405 	EXP 	fixation: autoDraw = False
1063.2405 	EXP 	line1: autoDraw = False
1063.2405 	EXP 	line_2: autoDraw = False
1063.2405 	EXP 	line_3: autoDraw = False
1063.2405 	EXP 	line4: autoDraw = False
1063.2405 	EXP 	probe: autoDraw = False
1063.2405 	EXP 	fixation: autoDraw = True
1063.3916 	EXP 	Device response: <KeyPress from None: t=1063.2124694000004, value=v, duration=0.16922169999998005>
1064.2414 	EXP 	fixation: autoDraw = False
1064.2414 	EXP 	line1: autoDraw = True
1064.2414 	EXP 	line_2: autoDraw = True
1064.2414 	EXP 	line_3: autoDraw = True
1064.2414 	EXP 	line4: autoDraw = True
1065.2415 	INFO 	Keyboard events cleared
1065.2413 	EXP 	probe: autoDraw = True
1066.1582 	EXP 	Device response: <KeyPress from None: t=1066.1478161, value=x, duration=None>
1066.1586 	EXP 	New trial (rep=39, index=3): <Trial 159 (3 in rep 39) data={'pos': np.int64(50), 'corr_resp': 'c', 'thisN': 159, 'thisTrialN': 3, 'thisRepN': 39}>
1066.1599 	DATA 	Keypress: x
1066.1739 	EXP 	fixation: autoDraw = False
1066.1739 	EXP 	line1: autoDraw = False
1066.1739 	EXP 	line_2: autoDraw = False
1066.1739 	EXP 	line_3: autoDraw = False
1066.1739 	EXP 	line4: autoDraw = False
1066.1739 	EXP 	probe: autoDraw = False
1066.1739 	EXP 	fixation: autoDraw = True
1066.3909 	EXP 	Device response: <KeyPress from None: t=1066.1478161, value=x, duration=0.22882150000032198>
1067.1743 	EXP 	fixation: autoDraw = False
1067.1743 	EXP 	line1: autoDraw = True
1067.1743 	EXP 	line_2: autoDraw = True
1067.1743 	EXP 	line_3: autoDraw = True
1067.1743 	EXP 	line4: autoDraw = True
1068.1592 	INFO 	Keyboard events cleared
1068.1590 	EXP 	probe: autoDraw = True
1070.1604 	DATA 	Keypress: x
1070.1745 	EXP 	Device response: <KeyPress from None: t=1070.1585677000003, value=x, duration=None>
1070.1749 	EXP 	New trial (rep=40, index=0): <Trial 160 (0 in rep 40) data={'pos': np.int64(-50), 'corr_resp': 'x', 'thisN': 160, 'thisTrialN': 0, 'thisRepN': 40}>
1070.1918 	EXP 	fixation: autoDraw = False
1070.1918 	EXP 	line1: autoDraw = False
1070.1918 	EXP 	line_2: autoDraw = False
1070.1918 	EXP 	line_3: autoDraw = False
1070.1918 	EXP 	line4: autoDraw = False
1070.1918 	EXP 	probe: autoDraw = False
1070.1918 	EXP 	fixation: autoDraw = True
1070.3586 	EXP 	Device response: <KeyPress from None: t=1070.1585677000003, value=x, duration=0.19024779999972452>
1071.1740 	EXP 	line1: autoDraw = True
1071.1740 	EXP 	line_2: autoDraw = True
1071.1740 	EXP 	line_3: autoDraw = True
1071.1740 	EXP 	line4: autoDraw = True
1071.2072 	EXP 	fixation: autoDraw = False
1072.1913 	INFO 	Keyboard events cleared
1072.1911 	EXP 	probe: autoDraw = True
1072.9078 	EXP 	Device response: <KeyPress from None: t=1072.9041787, value=x, duration=None>
1072.9082 	EXP 	New trial (rep=40, index=1): <Trial 161 (1 in rep 40) data={'pos': np.int64(-150), 'corr_resp': 'z', 'thisN': 161, 'thisTrialN': 1, 'thisRepN': 40}>
1072.9098 	DATA 	Keypress: x
1072.9240 	EXP 	fixation: autoDraw = False
1072.9240 	EXP 	line1: autoDraw = False
1072.9240 	EXP 	line_2: autoDraw = False
1072.9240 	EXP 	line_3: autoDraw = False
1072.9240 	EXP 	line4: autoDraw = False
1072.9240 	EXP 	probe: autoDraw = False
1072.9240 	EXP 	fixation: autoDraw = True
1073.1249 	EXP 	Device response: <KeyPress from None: t=1072.9041787, value=x, duration=0.21334079999996902>
1073.9073 	EXP 	line1: autoDraw = True
1073.9073 	EXP 	line_2: autoDraw = True
1073.9073 	EXP 	line_3: autoDraw = True
1073.9073 	EXP 	line4: autoDraw = True
1073.9258 	EXP 	fixation: autoDraw = False
1074.9078 	INFO 	Keyboard events cleared
1074.9076 	EXP 	probe: autoDraw = True
1075.6764 	DATA 	Mouse: Left button down, pos=(537,959)
1075.8411 	EXP 	Device response: <KeyPress from None: t=1075.8383816, value=z, duration=None>
1075.8415 	EXP 	New trial (rep=40, index=2): <Trial 162 (2 in rep 40) data={'pos': np.int64(150), 'corr_resp': 'v', 'thisN': 162, 'thisTrialN': 2, 'thisRepN': 40}>
1075.8428 	DATA 	Keypress: z
1075.8571 	EXP 	fixation: autoDraw = False
1075.8571 	EXP 	line1: autoDraw = False
1075.8571 	EXP 	line_2: autoDraw = False
1075.8571 	EXP 	line_3: autoDraw = False
1075.8571 	EXP 	line4: autoDraw = False
1075.8571 	EXP 	probe: autoDraw = False
1075.8571 	EXP 	fixation: autoDraw = True
1076.0414 	EXP 	Device response: <KeyPress from None: t=1075.8383816, value=z, duration=0.18668580000030488>
1076.8411 	EXP 	line1: autoDraw = True
1076.8411 	EXP 	line_2: autoDraw = True
1076.8411 	EXP 	line_3: autoDraw = True
1076.8411 	EXP 	line4: autoDraw = True
1076.8577 	EXP 	fixation: autoDraw = False
1077.8408 	INFO 	Keyboard events cleared
1077.8406 	EXP 	probe: autoDraw = True
1078.7435 	DATA 	Mouse:  Left button up, pos=(537,959)
1080.4583 	EXP 	Device response: <KeyPress from None: t=1080.4501042000002, value=c, duration=None>
1080.4587 	EXP 	New trial (rep=40, index=3): <Trial 163 (3 in rep 40) data={'pos': np.int64(50), 'corr_resp': 'c', 'thisN': 163, 'thisTrialN': 3, 'thisRepN': 40}>
1080.4599 	DATA 	Keypress: c
1080.4738 	EXP 	fixation: autoDraw = False
1080.4738 	EXP 	line1: autoDraw = False
1080.4738 	EXP 	line_2: autoDraw = False
1080.4738 	EXP 	line_3: autoDraw = False
1080.4738 	EXP 	line4: autoDraw = False
1080.4738 	EXP 	probe: autoDraw = False
1080.4738 	EXP 	fixation: autoDraw = True
1080.6922 	EXP 	Device response: <KeyPress from None: t=1080.4501042000002, value=c, duration=0.23047780000024432>
1081.4577 	EXP 	line1: autoDraw = True
1081.4577 	EXP 	line_2: autoDraw = True
1081.4577 	EXP 	line_3: autoDraw = True
1081.4577 	EXP 	line4: autoDraw = True
1081.4739 	EXP 	fixation: autoDraw = False
1082.4583 	INFO 	Keyboard events cleared
1082.4581 	EXP 	probe: autoDraw = True
1082.7746 	EXP 	Device response: <KeyPress from None: t=1082.7718914000002, value=x, duration=None>
1082.7750 	EXP 	New trial (rep=41, index=0): <Trial 164 (0 in rep 41) data={'pos': np.int64(150), 'corr_resp': 'v', 'thisN': 164, 'thisTrialN': 0, 'thisRepN': 41}>
1082.7766 	DATA 	Keypress: x
1082.7906 	EXP 	fixation: autoDraw = False
1082.7906 	EXP 	line1: autoDraw = False
1082.7906 	EXP 	line_2: autoDraw = False
1082.7906 	EXP 	line_3: autoDraw = False
1082.7906 	EXP 	line4: autoDraw = False
1082.7906 	EXP 	probe: autoDraw = False
1082.7906 	EXP 	fixation: autoDraw = True
1082.9751 	EXP 	Device response: <KeyPress from None: t=1082.7718914000002, value=x, duration=0.1983834000002389>
1083.7754 	EXP 	line1: autoDraw = True
1083.7754 	EXP 	line_2: autoDraw = True
1083.7754 	EXP 	line_3: autoDraw = True
1083.7754 	EXP 	line4: autoDraw = True
1083.7911 	EXP 	fixation: autoDraw = False
1084.7754 	INFO 	Keyboard events cleared
1084.7752 	EXP 	probe: autoDraw = True
1085.3745 	EXP 	Device response: <KeyPress from None: t=1085.3672021000002, value=c, duration=None>
1085.3749 	EXP 	New trial (rep=41, index=1): <Trial 165 (1 in rep 41) data={'pos': np.int64(-50), 'corr_resp': 'x', 'thisN': 165, 'thisTrialN': 1, 'thisRepN': 41}>
1085.3764 	DATA 	Keypress: c
1085.3906 	EXP 	fixation: autoDraw = False
1085.3906 	EXP 	line1: autoDraw = False
1085.3906 	EXP 	line_2: autoDraw = False
1085.3906 	EXP 	line_3: autoDraw = False
1085.3906 	EXP 	line4: autoDraw = False
1085.3906 	EXP 	probe: autoDraw = False
1085.3906 	EXP 	fixation: autoDraw = True
1085.6077 	EXP 	Device response: <KeyPress from None: t=1085.3672021000002, value=c, duration=0.2249109999997927>
1086.3749 	EXP 	line1: autoDraw = True
1086.3749 	EXP 	line_2: autoDraw = True
1086.3749 	EXP 	line_3: autoDraw = True
1086.3749 	EXP 	line4: autoDraw = True
1086.3910 	EXP 	fixation: autoDraw = False
1087.3745 	INFO 	Keyboard events cleared
1087.3743 	EXP 	probe: autoDraw = True
1090.4086 	EXP 	Device response: <KeyPress from None: t=1090.4019746000004, value=x, duration=None>
1090.4090 	EXP 	New trial (rep=41, index=2): <Trial 166 (2 in rep 41) data={'pos': np.int64(-150), 'corr_resp': 'z', 'thisN': 166, 'thisTrialN': 2, 'thisRepN': 41}>
1090.4105 	DATA 	Keypress: x
1090.4240 	EXP 	fixation: autoDraw = False
1090.4240 	EXP 	line1: autoDraw = False
1090.4240 	EXP 	line_2: autoDraw = False
1090.4240 	EXP 	line_3: autoDraw = False
1090.4240 	EXP 	line4: autoDraw = False
1090.4240 	EXP 	probe: autoDraw = False
1090.4240 	EXP 	fixation: autoDraw = True
1090.5581 	EXP 	Device response: <KeyPress from None: t=1090.4019746000004, value=x, duration=0.1412660999999389>
1091.4252 	EXP 	fixation: autoDraw = False
1091.4252 	EXP 	line1: autoDraw = True
1091.4252 	EXP 	line_2: autoDraw = True
1091.4252 	EXP 	line_3: autoDraw = True
1091.4252 	EXP 	line4: autoDraw = True
1092.4081 	INFO 	Keyboard events cleared
1092.4079 	EXP 	probe: autoDraw = True
1093.1599 	DATA 	Mouse: Left button down, pos=(537,959)
1093.2910 	EXP 	Device response: <KeyPress from None: t=1093.2829508000004, value=z, duration=None>
1093.2914 	EXP 	New trial (rep=41, index=3): <Trial 167 (3 in rep 41) data={'pos': np.int64(50), 'corr_resp': 'c', 'thisN': 167, 'thisTrialN': 3, 'thisRepN': 41}>
1093.2930 	DATA 	Keypress: z
1093.3077 	EXP 	fixation: autoDraw = False
1093.3077 	EXP 	line1: autoDraw = False
1093.3077 	EXP 	line_2: autoDraw = False
1093.3077 	EXP 	line_3: autoDraw = False
1093.3077 	EXP 	line4: autoDraw = False
1093.3077 	EXP 	probe: autoDraw = False
1093.3077 	EXP 	fixation: autoDraw = True
1093.3914 	EXP 	Device response: <KeyPress from None: t=1093.2829508000004, value=z, duration=0.10364409999965574>
1093.9929 	DATA 	Mouse:  Left button up, pos=(537,959)
1094.2918 	EXP 	line1: autoDraw = True
1094.2918 	EXP 	line_2: autoDraw = True
1094.2918 	EXP 	line_3: autoDraw = True
1094.2918 	EXP 	line4: autoDraw = True
1094.3088 	EXP 	fixation: autoDraw = False
1095.2917 	INFO 	Keyboard events cleared
1095.2915 	EXP 	probe: autoDraw = True
1096.6418 	EXP 	Device response: <KeyPress from None: t=1096.6339237000002, value=c, duration=None>
1096.6422 	EXP 	New trial (rep=42, index=0): <Trial 168 (0 in rep 42) data={'pos': np.int64(-50), 'corr_resp': 'x', 'thisN': 168, 'thisTrialN': 0, 'thisRepN': 42}>
1096.6434 	DATA 	Keypress: c
1096.6575 	EXP 	fixation: autoDraw = False
1096.6575 	EXP 	line1: autoDraw = False
1096.6575 	EXP 	line_2: autoDraw = False
1096.6575 	EXP 	line_3: autoDraw = False
1096.6575 	EXP 	line4: autoDraw = False
1096.6575 	EXP 	probe: autoDraw = False
1096.6575 	EXP 	fixation: autoDraw = True
1096.8422 	EXP 	Device response: <KeyPress from None: t=1096.6339237000002, value=c, duration=0.205663000000186>
1097.6410 	EXP 	line1: autoDraw = True
1097.6410 	EXP 	line_2: autoDraw = True
1097.6410 	EXP 	line_3: autoDraw = True
1097.6410 	EXP 	line4: autoDraw = True
1097.6576 	EXP 	fixation: autoDraw = False
1098.6420 	INFO 	Keyboard events cleared
1098.6418 	EXP 	probe: autoDraw = True
1100.5087 	EXP 	Device response: <KeyPress from None: t=1100.5068745000003, value=x, duration=None>
1100.5091 	EXP 	New trial (rep=42, index=1): <Trial 169 (1 in rep 42) data={'pos': np.int64(150), 'corr_resp': 'v', 'thisN': 169, 'thisTrialN': 1, 'thisRepN': 42}>
1100.5104 	DATA 	Keypress: x
1100.5238 	EXP 	fixation: autoDraw = False
1100.5238 	EXP 	line1: autoDraw = False
1100.5238 	EXP 	line_2: autoDraw = False
1100.5238 	EXP 	line_3: autoDraw = False
1100.5238 	EXP 	line4: autoDraw = False
1100.5238 	EXP 	probe: autoDraw = False
1100.5238 	EXP 	fixation: autoDraw = True
1100.7251 	EXP 	Device response: <KeyPress from None: t=1100.5068745000003, value=x, duration=0.21517749999975422>
1101.5251 	EXP 	fixation: autoDraw = False
1101.5251 	EXP 	line1: autoDraw = True
1101.5251 	EXP 	line_2: autoDraw = True
1101.5251 	EXP 	line_3: autoDraw = True
1101.5251 	EXP 	line4: autoDraw = True
1102.5080 	INFO 	Keyboard events cleared
1102.5079 	EXP 	probe: autoDraw = True
1104.4095 	EXP 	Device response: <KeyPress from None: t=1104.4075698000001, value=v, duration=None>
1104.4099 	EXP 	New trial (rep=42, index=2): <Trial 170 (2 in rep 42) data={'pos': np.int64(50), 'corr_resp': 'c', 'thisN': 170, 'thisTrialN': 2, 'thisRepN': 42}>
1104.4111 	DATA 	Keypress: v
1104.4240 	EXP 	fixation: autoDraw = False
1104.4240 	EXP 	line1: autoDraw = False
1104.4240 	EXP 	line_2: autoDraw = False
1104.4240 	EXP 	line_3: autoDraw = False
1104.4240 	EXP 	line4: autoDraw = False
1104.4240 	EXP 	probe: autoDraw = False
1104.4240 	EXP 	fixation: autoDraw = True
1104.5912 	EXP 	Device response: <KeyPress from None: t=1104.4075698000001, value=v, duration=0.1681751000000986>
1105.4247 	EXP 	fixation: autoDraw = False
1105.4247 	EXP 	line1: autoDraw = True
1105.4247 	EXP 	line_2: autoDraw = True
1105.4247 	EXP 	line_3: autoDraw = True
1105.4247 	EXP 	line4: autoDraw = True
1106.4244 	INFO 	Keyboard events cleared
1106.4243 	EXP 	probe: autoDraw = True
1107.5414 	EXP 	Device response: <KeyPress from None: t=1107.5259258, value=c, duration=None>
1107.5418 	EXP 	New trial (rep=42, index=3): <Trial 171 (3 in rep 42) data={'pos': np.int64(-150), 'corr_resp': 'z', 'thisN': 171, 'thisTrialN': 3, 'thisRepN': 42}>
1107.5434 	DATA 	Keypress: c
1107.5574 	EXP 	fixation: autoDraw = False
1107.5574 	EXP 	line1: autoDraw = False
1107.5574 	EXP 	line_2: autoDraw = False
1107.5574 	EXP 	line_3: autoDraw = False
1107.5574 	EXP 	line4: autoDraw = False
1107.5574 	EXP 	probe: autoDraw = False
1107.5574 	EXP 	fixation: autoDraw = True
1107.7420 	EXP 	Device response: <KeyPress from None: t=1107.5259258, value=c, duration=0.21038010000029317>
1108.5412 	EXP 	line1: autoDraw = True
1108.5412 	EXP 	line_2: autoDraw = True
1108.5412 	EXP 	line_3: autoDraw = True
1108.5412 	EXP 	line4: autoDraw = True
1108.5585 	EXP 	fixation: autoDraw = False
1109.5413 	INFO 	Keyboard events cleared
1109.5411 	EXP 	probe: autoDraw = True
1109.8915 	EXP 	Device response: <KeyPress from None: t=1109.8851911000002, value=z, duration=None>
1109.8920 	EXP 	New trial (rep=43, index=0): <Trial 172 (0 in rep 43) data={'pos': np.int64(-150), 'corr_resp': 'z', 'thisN': 172, 'thisTrialN': 0, 'thisRepN': 43}>
1109.8936 	DATA 	Keypress: z
1109.9076 	EXP 	fixation: autoDraw = False
1109.9076 	EXP 	line1: autoDraw = False
1109.9076 	EXP 	line_2: autoDraw = False
1109.9076 	EXP 	line_3: autoDraw = False
1109.9076 	EXP 	line4: autoDraw = False
1109.9076 	EXP 	probe: autoDraw = False
1109.9076 	EXP 	fixation: autoDraw = True
1110.0910 	EXP 	Device response: <KeyPress from None: t=1109.8851911000002, value=z, duration=0.1904233000000204>
1110.8916 	EXP 	line1: autoDraw = True
1110.8916 	EXP 	line_2: autoDraw = True
1110.8916 	EXP 	line_3: autoDraw = True
1110.8916 	EXP 	line4: autoDraw = True
1110.9082 	EXP 	fixation: autoDraw = False
1111.8913 	INFO 	Keyboard events cleared
1111.8911 	EXP 	probe: autoDraw = True
1112.2920 	EXP 	Device response: <KeyPress from None: t=1112.2891236, value=z, duration=None>
1112.2923 	EXP 	New trial (rep=43, index=1): <Trial 173 (1 in rep 43) data={'pos': np.int64(-50), 'corr_resp': 'x', 'thisN': 173, 'thisTrialN': 1, 'thisRepN': 43}>
1112.2936 	DATA 	Keypress: z
1112.3074 	EXP 	fixation: autoDraw = False
1112.3074 	EXP 	line1: autoDraw = False
1112.3074 	EXP 	line_2: autoDraw = False
1112.3074 	EXP 	line_3: autoDraw = False
1112.3074 	EXP 	line4: autoDraw = False
1112.3074 	EXP 	probe: autoDraw = False
1112.3074 	EXP 	fixation: autoDraw = True
1112.4585 	EXP 	Device response: <KeyPress from None: t=1112.2891236, value=z, duration=0.16134090000014112>
1113.2918 	EXP 	line1: autoDraw = True
1113.2918 	EXP 	line_2: autoDraw = True
1113.2918 	EXP 	line_3: autoDraw = True
1113.2918 	EXP 	line4: autoDraw = True
1113.3081 	EXP 	fixation: autoDraw = False
1114.2914 	INFO 	Keyboard events cleared
1114.2913 	EXP 	probe: autoDraw = True
1115.0443 	DATA 	Keypress: x
1115.0581 	EXP 	Device response: <KeyPress from None: t=1115.0436857000004, value=x, duration=None>
1115.0585 	EXP 	New trial (rep=43, index=2): <Trial 174 (2 in rep 43) data={'pos': np.int64(150), 'corr_resp': 'v', 'thisN': 174, 'thisTrialN': 2, 'thisRepN': 43}>
1115.0747 	EXP 	fixation: autoDraw = False
1115.0747 	EXP 	line1: autoDraw = False
1115.0747 	EXP 	line_2: autoDraw = False
1115.0747 	EXP 	line_3: autoDraw = False
1115.0747 	EXP 	line4: autoDraw = False
1115.0747 	EXP 	probe: autoDraw = False
1115.0747 	EXP 	fixation: autoDraw = True
1115.2583 	EXP 	Device response: <KeyPress from None: t=1115.0436857000004, value=x, duration=0.2070502999999917>
1116.0581 	EXP 	line1: autoDraw = True
1116.0581 	EXP 	line_2: autoDraw = True
1116.0581 	EXP 	line_3: autoDraw = True
1116.0581 	EXP 	line4: autoDraw = True
1116.0742 	EXP 	fixation: autoDraw = False
1117.0582 	INFO 	Keyboard events cleared
1117.0580 	EXP 	probe: autoDraw = True
1118.7917 	EXP 	Device response: <KeyPress from None: t=1118.777571, value=v, duration=None>
1118.7921 	EXP 	New trial (rep=43, index=3): <Trial 175 (3 in rep 43) data={'pos': np.int64(50), 'corr_resp': 'c', 'thisN': 175, 'thisTrialN': 3, 'thisRepN': 43}>
1118.7935 	DATA 	Keypress: v
1118.8078 	EXP 	fixation: autoDraw = False
1118.8078 	EXP 	line1: autoDraw = False
1118.8078 	EXP 	line_2: autoDraw = False
1118.8078 	EXP 	line_3: autoDraw = False
1118.8078 	EXP 	line4: autoDraw = False
1118.8078 	EXP 	probe: autoDraw = False
1118.8078 	EXP 	fixation: autoDraw = True
1118.9923 	EXP 	Device response: <KeyPress from None: t=1118.777571, value=v, duration=0.20826490000035847>
1119.7917 	EXP 	line1: autoDraw = True
1119.7917 	EXP 	line_2: autoDraw = True
1119.7917 	EXP 	line_3: autoDraw = True
1119.7917 	EXP 	line4: autoDraw = True
1119.8082 	EXP 	fixation: autoDraw = False
1120.7922 	INFO 	Keyboard events cleared
1120.7920 	EXP 	probe: autoDraw = True
1122.5098 	EXP 	Device response: <KeyPress from None: t=1122.5011962000003, value=c, duration=None>
1122.5102 	EXP 	New trial (rep=44, index=0): <Trial 176 (0 in rep 44) data={'pos': np.int64(50), 'corr_resp': 'c', 'thisN': 176, 'thisTrialN': 0, 'thisRepN': 44}>
1122.5116 	DATA 	Keypress: c
1122.5255 	EXP 	fixation: autoDraw = False
1122.5255 	EXP 	line1: autoDraw = False
1122.5255 	EXP 	line_2: autoDraw = False
1122.5255 	EXP 	line_3: autoDraw = False
1122.5255 	EXP 	line4: autoDraw = False
1122.5255 	EXP 	probe: autoDraw = False
1122.5255 	EXP 	fixation: autoDraw = True
1122.7416 	EXP 	Device response: <KeyPress from None: t=1122.5011962000003, value=c, duration=0.22409119999974791>
1123.5246 	EXP 	line1: autoDraw = True
1123.5246 	EXP 	line_2: autoDraw = True
1123.5246 	EXP 	line_3: autoDraw = True
1123.5246 	EXP 	line4: autoDraw = True
1123.5415 	EXP 	fixation: autoDraw = False
1124.5247 	INFO 	Keyboard events cleared
1124.5245 	EXP 	probe: autoDraw = True
1126.2428 	EXP 	Device response: <KeyPress from None: t=1126.2410022000004, value=z, duration=None>
1126.2431 	EXP 	New trial (rep=44, index=1): <Trial 177 (1 in rep 44) data={'pos': np.int64(-50), 'corr_resp': 'x', 'thisN': 177, 'thisTrialN': 1, 'thisRepN': 44}>
1126.2444 	DATA 	Keypress: z
1126.2577 	EXP 	fixation: autoDraw = False
1126.2577 	EXP 	line1: autoDraw = False
1126.2577 	EXP 	line_2: autoDraw = False
1126.2577 	EXP 	line_3: autoDraw = False
1126.2577 	EXP 	line4: autoDraw = False
1126.2577 	EXP 	probe: autoDraw = False
1126.2577 	EXP 	fixation: autoDraw = True
1126.4587 	EXP 	Device response: <KeyPress from None: t=1126.2410022000004, value=z, duration=0.21645639999997002>
1127.2581 	EXP 	fixation: autoDraw = False
1127.2581 	EXP 	line1: autoDraw = True
1127.2581 	EXP 	line_2: autoDraw = True
1127.2581 	EXP 	line_3: autoDraw = True
1127.2581 	EXP 	line4: autoDraw = True
1128.2577 	INFO 	Keyboard events cleared
1128.2575 	EXP 	probe: autoDraw = True
1129.1251 	EXP 	Device response: <KeyPress from None: t=1129.1225229000001, value=x, duration=None>
1129.1255 	EXP 	New trial (rep=44, index=2): <Trial 178 (2 in rep 44) data={'pos': np.int64(-150), 'corr_resp': 'z', 'thisN': 178, 'thisTrialN': 2, 'thisRepN': 44}>
1129.1269 	DATA 	Keypress: x
1129.1412 	EXP 	fixation: autoDraw = False
1129.1412 	EXP 	line1: autoDraw = False
1129.1412 	EXP 	line_2: autoDraw = False
1129.1412 	EXP 	line_3: autoDraw = False
1129.1412 	EXP 	line4: autoDraw = False
1129.1412 	EXP 	probe: autoDraw = False
1129.1412 	EXP 	fixation: autoDraw = True
1129.4249 	EXP 	Device response: <KeyPress from None: t=1129.1225229000001, value=x, duration=0.29155790000004345>
1130.1241 	EXP 	line1: autoDraw = True
1130.1241 	EXP 	line_2: autoDraw = True
1130.1241 	EXP 	line_3: autoDraw = True
1130.1241 	EXP 	line4: autoDraw = True
1130.1414 	EXP 	fixation: autoDraw = False
1131.1245 	INFO 	Keyboard events cleared
1131.1243 	EXP 	probe: autoDraw = True
1131.6756 	EXP 	Device response: <KeyPress from None: t=1131.6634016000003, value=z, duration=None>
1131.6760 	EXP 	New trial (rep=44, index=3): <Trial 179 (3 in rep 44) data={'pos': np.int64(150), 'corr_resp': 'v', 'thisN': 179, 'thisTrialN': 3, 'thisRepN': 44}>
1131.6776 	DATA 	Keypress: z
1131.6907 	EXP 	fixation: autoDraw = False
1131.6907 	EXP 	line1: autoDraw = False
1131.6907 	EXP 	line_2: autoDraw = False
1131.6907 	EXP 	line_3: autoDraw = False
1131.6907 	EXP 	line4: autoDraw = False
1131.6907 	EXP 	probe: autoDraw = False
1131.6907 	EXP 	fixation: autoDraw = True
1131.8085 	EXP 	Device response: <KeyPress from None: t=1131.6634016000003, value=z, duration=0.13738229999989926>
1132.6915 	EXP 	fixation: autoDraw = False
1132.6915 	EXP 	line1: autoDraw = True
1132.6915 	EXP 	line_2: autoDraw = True
1132.6915 	EXP 	line_3: autoDraw = True
1132.6915 	EXP 	line4: autoDraw = True
1133.6757 	INFO 	Keyboard events cleared
1133.6755 	EXP 	probe: autoDraw = True
1135.2586 	EXP 	Device response: <KeyPress from None: t=1135.2484908000001, value=x, duration=None>
1135.2590 	EXP 	New trial (rep=45, index=0): <Trial 180 (0 in rep 45) data={'pos': np.int64(150), 'corr_resp': 'v', 'thisN': 180, 'thisTrialN': 0, 'thisRepN': 45}>
1135.2604 	DATA 	Keypress: x
1135.2742 	EXP 	fixation: autoDraw = False
1135.2742 	EXP 	line1: autoDraw = False
1135.2742 	EXP 	line_2: autoDraw = False
1135.2742 	EXP 	line_3: autoDraw = False
1135.2742 	EXP 	line4: autoDraw = False
1135.2742 	EXP 	probe: autoDraw = False
1135.2742 	EXP 	fixation: autoDraw = True
1135.5080 	EXP 	Device response: <KeyPress from None: t=1135.2484908000001, value=x, duration=0.25323030000026847>
1136.2578 	EXP 	line1: autoDraw = True
1136.2578 	EXP 	line_2: autoDraw = True
1136.2578 	EXP 	line_3: autoDraw = True
1136.2578 	EXP 	line4: autoDraw = True
1136.2748 	EXP 	fixation: autoDraw = False
1137.2583 	INFO 	Keyboard events cleared
1137.2581 	EXP 	probe: autoDraw = True
1138.6418 	EXP 	Device response: <KeyPress from None: t=1138.6356395000003, value=v, duration=None>
1138.6422 	EXP 	New trial (rep=45, index=1): <Trial 181 (1 in rep 45) data={'pos': np.int64(-150), 'corr_resp': 'z', 'thisN': 181, 'thisTrialN': 1, 'thisRepN': 45}>
1138.6435 	DATA 	Keypress: v
1138.6575 	EXP 	fixation: autoDraw = False
1138.6575 	EXP 	line1: autoDraw = False
1138.6575 	EXP 	line_2: autoDraw = False
1138.6575 	EXP 	line_3: autoDraw = False
1138.6575 	EXP 	line4: autoDraw = False
1138.6575 	EXP 	probe: autoDraw = False
1138.6575 	EXP 	fixation: autoDraw = True
1138.7917 	EXP 	Device response: <KeyPress from None: t=1138.6356395000003, value=v, duration=0.14776510000001508>
1139.6581 	EXP 	fixation: autoDraw = False
1139.6581 	EXP 	line1: autoDraw = True
1139.6581 	EXP 	line_2: autoDraw = True
1139.6581 	EXP 	line_3: autoDraw = True
1139.6581 	EXP 	line4: autoDraw = True
1140.6415 	INFO 	Keyboard events cleared
1140.6414 	EXP 	probe: autoDraw = True
1147.0747 	EXP 	Device response: <KeyPress from None: t=1147.0720047000004, value=z, duration=None>
1147.0751 	EXP 	New trial (rep=45, index=2): <Trial 182 (2 in rep 45) data={'pos': np.int64(-50), 'corr_resp': 'x', 'thisN': 182, 'thisTrialN': 2, 'thisRepN': 45}>
1147.0764 	DATA 	Keypress: z
1147.0907 	EXP 	fixation: autoDraw = False
1147.0907 	EXP 	line1: autoDraw = False
1147.0907 	EXP 	line_2: autoDraw = False
1147.0907 	EXP 	line_3: autoDraw = False
1147.0907 	EXP 	line4: autoDraw = False
1147.0907 	EXP 	probe: autoDraw = False
1147.0907 	EXP 	fixation: autoDraw = True
1147.2583 	EXP 	Device response: <KeyPress from None: t=1147.0720047000004, value=z, duration=0.18234569999958694>
1148.0754 	EXP 	line1: autoDraw = True
1148.0754 	EXP 	line_2: autoDraw = True
1148.0754 	EXP 	line_3: autoDraw = True
1148.0754 	EXP 	line4: autoDraw = True
1148.0914 	EXP 	fixation: autoDraw = False
1149.0748 	INFO 	Keyboard events cleared
1149.0747 	EXP 	probe: autoDraw = True
1149.7091 	EXP 	Device response: <KeyPress from None: t=1149.6986904, value=x, duration=None>
1149.7095 	EXP 	New trial (rep=45, index=3): <Trial 183 (3 in rep 45) data={'pos': np.int64(50), 'corr_resp': 'c', 'thisN': 183, 'thisTrialN': 3, 'thisRepN': 45}>
1149.7110 	DATA 	Keypress: x
1149.7241 	EXP 	fixation: autoDraw = False
1149.7241 	EXP 	line1: autoDraw = False
1149.7241 	EXP 	line_2: autoDraw = False
1149.7241 	EXP 	line_3: autoDraw = False
1149.7241 	EXP 	line4: autoDraw = False
1149.7241 	EXP 	probe: autoDraw = False
1149.7241 	EXP 	fixation: autoDraw = True
1149.9584 	EXP 	Device response: <KeyPress from None: t=1149.6986904, value=x, duration=0.25702650000039284>
1150.7253 	EXP 	fixation: autoDraw = False
1150.7253 	EXP 	line1: autoDraw = True
1150.7253 	EXP 	line_2: autoDraw = True
1150.7253 	EXP 	line_3: autoDraw = True
1150.7253 	EXP 	line4: autoDraw = True
1151.7250 	INFO 	Keyboard events cleared
1151.7248 	EXP 	probe: autoDraw = True
1152.4245 	EXP 	Device response: <KeyPress from None: t=1152.4118166000003, value=c, duration=None>
1152.4249 	EXP 	New trial (rep=46, index=0): <Trial 184 (0 in rep 46) data={'pos': np.int64(-150), 'corr_resp': 'z', 'thisN': 184, 'thisTrialN': 0, 'thisRepN': 46}>
1152.4262 	DATA 	Keypress: c
1152.4421 	EXP 	fixation: autoDraw = False
1152.4421 	EXP 	line1: autoDraw = False
1152.4421 	EXP 	line_2: autoDraw = False
1152.4421 	EXP 	line_3: autoDraw = False
1152.4421 	EXP 	line4: autoDraw = False
1152.4421 	EXP 	probe: autoDraw = False
1152.4421 	EXP 	fixation: autoDraw = True
1152.6590 	EXP 	Device response: <KeyPress from None: t=1152.4118166000003, value=c, duration=0.23914930000000822>
1153.4246 	EXP 	line1: autoDraw = True
1153.4246 	EXP 	line_2: autoDraw = True
1153.4246 	EXP 	line_3: autoDraw = True
1153.4246 	EXP 	line4: autoDraw = True
1153.4415 	EXP 	fixation: autoDraw = False
1154.4242 	INFO 	Keyboard events cleared
1154.4240 	EXP 	probe: autoDraw = True
1156.8427 	EXP 	Device response: <KeyPress from None: t=1156.8321212, value=z, duration=None>
1156.8432 	EXP 	New trial (rep=46, index=1): <Trial 185 (1 in rep 46) data={'pos': np.int64(-50), 'corr_resp': 'x', 'thisN': 185, 'thisTrialN': 1, 'thisRepN': 46}>
1156.8448 	DATA 	Keypress: z
1156.8593 	EXP 	fixation: autoDraw = False
1156.8593 	EXP 	line1: autoDraw = False
1156.8593 	EXP 	line_2: autoDraw = False
1156.8593 	EXP 	line_3: autoDraw = False
1156.8593 	EXP 	line4: autoDraw = False
1156.8593 	EXP 	probe: autoDraw = False
1156.8593 	EXP 	fixation: autoDraw = True
1157.0402 	EXP 	Device response: <KeyPress from None: t=1156.8321212, value=z, duration=0.19445530000029976>
1157.8586 	EXP 	line1: autoDraw = True
1157.8586 	EXP 	line_2: autoDraw = True
1157.8586 	EXP 	line_3: autoDraw = True
1157.8586 	EXP 	line4: autoDraw = True
1157.8743 	EXP 	fixation: autoDraw = False
1158.8587 	INFO 	Keyboard events cleared
1158.8584 	EXP 	probe: autoDraw = True
1159.3611 	DATA 	Keypress: x
1159.3747 	EXP 	Device response: <KeyPress from None: t=1159.3604622000003, value=x, duration=None>
1159.3751 	EXP 	New trial (rep=46, index=2): <Trial 186 (2 in rep 46) data={'pos': np.int64(150), 'corr_resp': 'v', 'thisN': 186, 'thisTrialN': 2, 'thisRepN': 46}>
1159.3914 	EXP 	fixation: autoDraw = False
1159.3914 	EXP 	line1: autoDraw = False
1159.3914 	EXP 	line_2: autoDraw = False
1159.3914 	EXP 	line_3: autoDraw = False
1159.3914 	EXP 	line4: autoDraw = False
1159.3914 	EXP 	probe: autoDraw = False
1159.3914 	EXP 	fixation: autoDraw = True
1159.5914 	EXP 	Device response: <KeyPress from None: t=1159.3604622000003, value=x, duration=0.2175428999998985>
1160.3896 	EXP 	line1: autoDraw = True
1160.3896 	EXP 	line_2: autoDraw = True
1160.3896 	EXP 	line_3: autoDraw = True
1160.3896 	EXP 	line4: autoDraw = True
1160.4062 	EXP 	fixation: autoDraw = False
1161.3754 	INFO 	Keyboard events cleared
1161.3752 	EXP 	probe: autoDraw = True
1162.0582 	EXP 	Device response: <KeyPress from None: t=1162.0442701000002, value=v, duration=None>
1162.0586 	EXP 	New trial (rep=46, index=3): <Trial 187 (3 in rep 46) data={'pos': np.int64(50), 'corr_resp': 'c', 'thisN': 187, 'thisTrialN': 3, 'thisRepN': 46}>
1162.0602 	DATA 	Keypress: v
1162.0743 	EXP 	fixation: autoDraw = False
1162.0743 	EXP 	line1: autoDraw = False
1162.0743 	EXP 	line_2: autoDraw = False
1162.0743 	EXP 	line_3: autoDraw = False
1162.0743 	EXP 	line4: autoDraw = False
1162.0743 	EXP 	probe: autoDraw = False
1162.0743 	EXP 	fixation: autoDraw = True
1162.2585 	EXP 	Device response: <KeyPress from None: t=1162.0442701000002, value=v, duration=0.19743840000001>
1163.0582 	EXP 	line1: autoDraw = True
1163.0582 	EXP 	line_2: autoDraw = True
1163.0582 	EXP 	line_3: autoDraw = True
1163.0582 	EXP 	line4: autoDraw = True
1163.0746 	EXP 	fixation: autoDraw = False
1164.0584 	INFO 	Keyboard events cleared
1164.0582 	EXP 	probe: autoDraw = True
1164.5763 	EXP 	Device response: <KeyPress from None: t=1164.5705652000001, value=c, duration=None>
1164.5767 	EXP 	New trial (rep=47, index=0): <Trial 188 (0 in rep 47) data={'pos': np.int64(150), 'corr_resp': 'v', 'thisN': 188, 'thisTrialN': 0, 'thisRepN': 47}>
1164.5781 	DATA 	Keypress: c
1164.5912 	EXP 	fixation: autoDraw = False
1164.5912 	EXP 	line1: autoDraw = False
1164.5912 	EXP 	line_2: autoDraw = False
1164.5912 	EXP 	line_3: autoDraw = False
1164.5912 	EXP 	line4: autoDraw = False
1164.5912 	EXP 	probe: autoDraw = False
1164.5912 	EXP 	fixation: autoDraw = True
1164.8414 	EXP 	Device response: <KeyPress from None: t=1164.5705652000001, value=c, duration=0.25762540000005174>
1165.5914 	EXP 	fixation: autoDraw = False
1165.5914 	EXP 	line1: autoDraw = True
1165.5914 	EXP 	line_2: autoDraw = True
1165.5914 	EXP 	line_3: autoDraw = True
1165.5914 	EXP 	line4: autoDraw = True
1166.5916 	INFO 	Keyboard events cleared
1166.5914 	EXP 	probe: autoDraw = True
1167.3921 	EXP 	Device response: <KeyPress from None: t=1167.3895473000002, value=v, duration=None>
1167.3925 	EXP 	New trial (rep=47, index=1): <Trial 189 (1 in rep 47) data={'pos': np.int64(-50), 'corr_resp': 'x', 'thisN': 189, 'thisTrialN': 1, 'thisRepN': 47}>
1167.3938 	DATA 	Keypress: v
1167.4079 	EXP 	fixation: autoDraw = False
1167.4079 	EXP 	line1: autoDraw = False
1167.4079 	EXP 	line_2: autoDraw = False
1167.4079 	EXP 	line_3: autoDraw = False
1167.4079 	EXP 	line4: autoDraw = False
1167.4079 	EXP 	probe: autoDraw = False
1167.4079 	EXP 	fixation: autoDraw = True
1167.5751 	EXP 	Device response: <KeyPress from None: t=1167.3895473000002, value=v, duration=0.17463420000012775>
1168.4076 	EXP 	fixation: autoDraw = False
1168.4076 	EXP 	line1: autoDraw = True
1168.4076 	EXP 	line_2: autoDraw = True
1168.4076 	EXP 	line_3: autoDraw = True
1168.4076 	EXP 	line4: autoDraw = True
1169.3922 	INFO 	Keyboard events cleared
1169.3920 	EXP 	probe: autoDraw = True
1172.8250 	EXP 	Device response: <KeyPress from None: t=1172.8216788000004, value=z, duration=None>
1172.8255 	EXP 	New trial (rep=47, index=2): <Trial 190 (2 in rep 47) data={'pos': np.int64(-150), 'corr_resp': 'z', 'thisN': 190, 'thisTrialN': 2, 'thisRepN': 47}>
1172.8270 	DATA 	Keypress: z
1172.8411 	EXP 	fixation: autoDraw = False
1172.8411 	EXP 	line1: autoDraw = False
1172.8411 	EXP 	line_2: autoDraw = False
1172.8411 	EXP 	line_3: autoDraw = False
1172.8411 	EXP 	line4: autoDraw = False
1172.8411 	EXP 	probe: autoDraw = False
1172.8411 	EXP 	fixation: autoDraw = True
1172.9919 	EXP 	Device response: <KeyPress from None: t=1172.8216788000004, value=z, duration=0.16363549999960014>
1173.8413 	EXP 	fixation: autoDraw = False
1173.8413 	EXP 	line1: autoDraw = True
1173.8413 	EXP 	line_2: autoDraw = True
1173.8413 	EXP 	line_3: autoDraw = True
1173.8413 	EXP 	line4: autoDraw = True
1174.8249 	INFO 	Keyboard events cleared
1174.8248 	EXP 	probe: autoDraw = True
1178.7081 	EXP 	Device response: <KeyPress from None: t=1178.6972772000004, value=z, duration=None>
1178.7084 	EXP 	New trial (rep=47, index=3): <Trial 191 (3 in rep 47) data={'pos': np.int64(50), 'corr_resp': 'c', 'thisN': 191, 'thisTrialN': 3, 'thisRepN': 47}>
1178.7098 	DATA 	Keypress: z
1178.7251 	EXP 	fixation: autoDraw = False
1178.7251 	EXP 	line1: autoDraw = False
1178.7251 	EXP 	line_2: autoDraw = False
1178.7251 	EXP 	line_3: autoDraw = False
1178.7251 	EXP 	line4: autoDraw = False
1178.7251 	EXP 	probe: autoDraw = False
1178.7251 	EXP 	fixation: autoDraw = True
1178.8248 	EXP 	Device response: <KeyPress from None: t=1178.6972772000004, value=z, duration=0.11916410000003452>
1179.7082 	EXP 	line1: autoDraw = True
1179.7082 	EXP 	line_2: autoDraw = True
1179.7082 	EXP 	line_3: autoDraw = True
1179.7082 	EXP 	line4: autoDraw = True
1179.7248 	EXP 	fixation: autoDraw = False
1180.7085 	INFO 	Keyboard events cleared
1180.7084 	EXP 	probe: autoDraw = True
1181.1590 	EXP 	Device response: <KeyPress from None: t=1181.1556568, value=c, duration=None>
1181.1596 	EXP 	New trial (rep=48, index=0): <Trial 192 (0 in rep 48) data={'pos': np.int64(-50), 'corr_resp': 'x', 'thisN': 192, 'thisTrialN': 0, 'thisRepN': 48}>
1181.1610 	DATA 	Keypress: c
1181.1750 	EXP 	fixation: autoDraw = False
1181.1750 	EXP 	line1: autoDraw = False
1181.1750 	EXP 	line_2: autoDraw = False
1181.1750 	EXP 	line_3: autoDraw = False
1181.1750 	EXP 	line4: autoDraw = False
1181.1750 	EXP 	probe: autoDraw = False
1181.1750 	EXP 	fixation: autoDraw = True
1181.2759 	EXP 	Device response: <KeyPress from None: t=1181.1556568, value=c, duration=0.10425060000034136>
1182.1750 	EXP 	fixation: autoDraw = False
1182.1750 	EXP 	line1: autoDraw = True
1182.1750 	EXP 	line_2: autoDraw = True
1182.1750 	EXP 	line_3: autoDraw = True
1182.1750 	EXP 	line4: autoDraw = True
1183.1752 	INFO 	Keyboard events cleared
1183.1750 	EXP 	probe: autoDraw = True
1184.0257 	EXP 	Device response: <KeyPress from None: t=1184.0205984000004, value=x, duration=None>
1184.0261 	EXP 	New trial (rep=48, index=1): <Trial 193 (1 in rep 48) data={'pos': np.int64(50), 'corr_resp': 'c', 'thisN': 193, 'thisTrialN': 1, 'thisRepN': 48}>
1184.0273 	DATA 	Keypress: x
1184.0418 	EXP 	fixation: autoDraw = False
1184.0418 	EXP 	line1: autoDraw = False
1184.0418 	EXP 	line_2: autoDraw = False
1184.0418 	EXP 	line_3: autoDraw = False
1184.0418 	EXP 	line4: autoDraw = False
1184.0418 	EXP 	probe: autoDraw = False
1184.0418 	EXP 	fixation: autoDraw = True
1184.2089 	EXP 	Device response: <KeyPress from None: t=1184.0205984000004, value=x, duration=0.1738535999998021>
1185.0416 	EXP 	fixation: autoDraw = False
1185.0416 	EXP 	line1: autoDraw = True
1185.0416 	EXP 	line_2: autoDraw = True
1185.0416 	EXP 	line_3: autoDraw = True
1185.0416 	EXP 	line4: autoDraw = True
1186.0419 	INFO 	Keyboard events cleared
1186.0417 	EXP 	probe: autoDraw = True
1186.8761 	EXP 	Device response: <KeyPress from None: t=1186.8700871, value=c, duration=None>
1186.8764 	EXP 	New trial (rep=48, index=2): <Trial 194 (2 in rep 48) data={'pos': np.int64(150), 'corr_resp': 'v', 'thisN': 194, 'thisTrialN': 2, 'thisRepN': 48}>
1186.8778 	DATA 	Keypress: c
1186.8910 	EXP 	fixation: autoDraw = False
1186.8910 	EXP 	line1: autoDraw = False
1186.8910 	EXP 	line_2: autoDraw = False
1186.8910 	EXP 	line_3: autoDraw = False
1186.8910 	EXP 	line4: autoDraw = False
1186.8910 	EXP 	probe: autoDraw = False
1186.8910 	EXP 	fixation: autoDraw = True
1186.9758 	EXP 	Device response: <KeyPress from None: t=1186.8700871, value=c, duration=0.10327559999996083>
1187.8916 	EXP 	fixation: autoDraw = False
1187.8916 	EXP 	line1: autoDraw = True
1187.8916 	EXP 	line_2: autoDraw = True
1187.8916 	EXP 	line_3: autoDraw = True
1187.8916 	EXP 	line4: autoDraw = True
1188.8915 	INFO 	Keyboard events cleared
1188.8914 	EXP 	probe: autoDraw = True
1189.6591 	EXP 	Device response: <KeyPress from None: t=1189.6460310000002, value=v, duration=None>
1189.6596 	EXP 	New trial (rep=48, index=3): <Trial 195 (3 in rep 48) data={'pos': np.int64(-150), 'corr_resp': 'z', 'thisN': 195, 'thisTrialN': 3, 'thisRepN': 48}>
1189.6610 	DATA 	Keypress: v
1189.6748 	EXP 	fixation: autoDraw = False
1189.6748 	EXP 	line1: autoDraw = False
1189.6748 	EXP 	line_2: autoDraw = False
1189.6748 	EXP 	line_3: autoDraw = False
1189.6748 	EXP 	line4: autoDraw = False
1189.6748 	EXP 	probe: autoDraw = False
1189.6748 	EXP 	fixation: autoDraw = True
1189.7919 	EXP 	Device response: <KeyPress from None: t=1189.6460310000002, value=v, duration=0.13537570000016785>
1190.6750 	EXP 	fixation: autoDraw = False
1190.6750 	EXP 	line1: autoDraw = True
1190.6750 	EXP 	line_2: autoDraw = True
1190.6750 	EXP 	line_3: autoDraw = True
1190.6750 	EXP 	line4: autoDraw = True
1191.6584 	INFO 	Keyboard events cleared
1191.6582 	EXP 	probe: autoDraw = True
1191.9923 	EXP 	Device response: <KeyPress from None: t=1191.9915127000004, value=z, duration=None>
1191.9927 	EXP 	New trial (rep=49, index=0): <Trial 196 (0 in rep 49) data={'pos': np.int64(50), 'corr_resp': 'c', 'thisN': 196, 'thisTrialN': 0, 'thisRepN': 49}>
1191.9940 	DATA 	Keypress: z
1192.0080 	EXP 	fixation: autoDraw = False
1192.0080 	EXP 	line1: autoDraw = False
1192.0080 	EXP 	line_2: autoDraw = False
1192.0080 	EXP 	line_3: autoDraw = False
1192.0080 	EXP 	line4: autoDraw = False
1192.0080 	EXP 	probe: autoDraw = False
1192.0080 	EXP 	fixation: autoDraw = True
1192.1756 	EXP 	Device response: <KeyPress from None: t=1191.9915127000004, value=z, duration=0.17102189999968687>
1193.0085 	EXP 	fixation: autoDraw = False
1193.0085 	EXP 	line1: autoDraw = True
1193.0085 	EXP 	line_2: autoDraw = True
1193.0085 	EXP 	line_3: autoDraw = True
1193.0085 	EXP 	line4: autoDraw = True
1194.0087 	INFO 	Keyboard events cleared
1194.0085 	EXP 	probe: autoDraw = True
1194.6248 	EXP 	Device response: <KeyPress from None: t=1194.6110023, value=c, duration=None>
1194.6253 	EXP 	New trial (rep=49, index=1): <Trial 197 (1 in rep 49) data={'pos': np.int64(-50), 'corr_resp': 'x', 'thisN': 197, 'thisTrialN': 1, 'thisRepN': 49}>
1194.6266 	DATA 	Keypress: c
1194.6411 	EXP 	fixation: autoDraw = False
1194.6411 	EXP 	line1: autoDraw = False
1194.6411 	EXP 	line_2: autoDraw = False
1194.6411 	EXP 	line_3: autoDraw = False
1194.6411 	EXP 	line4: autoDraw = False
1194.6411 	EXP 	probe: autoDraw = False
1194.6411 	EXP 	fixation: autoDraw = True
1194.7252 	EXP 	Device response: <KeyPress from None: t=1194.6110023, value=c, duration=0.10653709999996863>
1195.6249 	EXP 	line1: autoDraw = True
1195.6249 	EXP 	line_2: autoDraw = True
1195.6249 	EXP 	line_3: autoDraw = True
1195.6249 	EXP 	line4: autoDraw = True
1195.6416 	EXP 	fixation: autoDraw = False
1196.6251 	INFO 	Keyboard events cleared
1196.6250 	EXP 	probe: autoDraw = True
1196.9088 	EXP 	Device response: <KeyPress from None: t=1196.8992590000003, value=z, duration=None>
1196.9091 	EXP 	New trial (rep=49, index=2): <Trial 198 (2 in rep 49) data={'pos': np.int64(150), 'corr_resp': 'v', 'thisN': 198, 'thisTrialN': 2, 'thisRepN': 49}>
1196.9104 	DATA 	Keypress: z
1196.9252 	EXP 	fixation: autoDraw = False
1196.9252 	EXP 	line1: autoDraw = False
1196.9252 	EXP 	line_2: autoDraw = False
1196.9252 	EXP 	line_3: autoDraw = False
1196.9252 	EXP 	line4: autoDraw = False
1196.9252 	EXP 	probe: autoDraw = False
1196.9252 	EXP 	fixation: autoDraw = True
1197.1920 	EXP 	Device response: <KeyPress from None: t=1196.8992590000003, value=z, duration=0.2789498000001913>
1197.9080 	EXP 	line1: autoDraw = True
1197.9080 	EXP 	line_2: autoDraw = True
1197.9080 	EXP 	line_3: autoDraw = True
1197.9080 	EXP 	line4: autoDraw = True
1197.9251 	EXP 	fixation: autoDraw = False
1198.9252 	INFO 	Keyboard events cleared
1198.9251 	EXP 	probe: autoDraw = True
1199.4089 	EXP 	Device response: <KeyPress from None: t=1199.4065588000003, value=v, duration=None>
1199.4092 	EXP 	New trial (rep=49, index=3): <Trial 199 (3 in rep 49) data={'pos': np.int64(-150), 'corr_resp': 'z', 'thisN': 199, 'thisTrialN': 3, 'thisRepN': 49}>
1199.4107 	DATA 	Keypress: v
1199.4248 	EXP 	fixation: autoDraw = False
1199.4248 	EXP 	line1: autoDraw = False
1199.4248 	EXP 	line_2: autoDraw = False
1199.4248 	EXP 	line_3: autoDraw = False
1199.4248 	EXP 	line4: autoDraw = False
1199.4248 	EXP 	probe: autoDraw = False
1199.4248 	EXP 	fixation: autoDraw = True
1199.6093 	EXP 	Device response: <KeyPress from None: t=1199.4065588000003, value=v, duration=0.19825809999974808>
1200.4080 	EXP 	line1: autoDraw = True
1200.4080 	EXP 	line_2: autoDraw = True
1200.4080 	EXP 	line_3: autoDraw = True
1200.4080 	EXP 	line4: autoDraw = True
1200.4247 	EXP 	fixation: autoDraw = False
1201.4089 	INFO 	Keyboard events cleared
1201.4087 	EXP 	probe: autoDraw = True
1201.9440 	DATA 	Keypress: z
1201.9585 	EXP 	Device response: <KeyPress from None: t=1201.9429161000003, value=z, duration=None>
1201.9751 	EXP 	fixation: autoDraw = False
1201.9751 	EXP 	line1: autoDraw = False
1201.9751 	EXP 	line_2: autoDraw = False
1201.9751 	EXP 	line_3: autoDraw = False
1201.9751 	EXP 	line4: autoDraw = False
1201.9751 	EXP 	probe: autoDraw = False
1201.9754 	EXP 	untitled: status = STOPPED
1202.1643 	INFO 	saved data to 'C:\\Users\\DELL\\Desktop\\psychopie_final\\motor sequence\\data\\par_5_mtr_seq_untitled_2025-10-01_23h22.40.371.csv'
1202.1722 	INFO 	saved data to C:\Users\DELL\Desktop\psychopie_final\motor sequence\data\par_5_mtr_seq_untitled_2025-10-01_23h22.40.371.psydat
1202.5250 	WARNING 	Stopping key buffers but this could be dangerous ifother keyboards rely on the same.
1202.5508 	WARNING 	Stopping key buffers but this could be dangerous ifother keyboards rely on the same.
