15.1446 	INFO 	Loaded monitor calibration from ['2025_08_11 19:48']
15.1666 	WARNING 	User requested fullscreen with size [1024  768], but screen is actually [1920, 1080]. Using actual size
15.6865 	INFO 	Using renderer 'AMD Radeon(TM) Graphics' for graphics
15.6865 	INFO 	OpenGL version supported by driver is 4..
15.7795 	EXP 	Created window1 = Window(allowGUI=False, allowStencil=False, autoLog=True, backendConf=UNKNOWN, backgroundFit=<method-wrapper '__getattribute__' of attributeSetter object at 0x00000197C4D4FB50>, backgroundImage=<method-wrapper '__getattribute__' of attributeSetter object at 0x00000197C4D4FAF0>, bitsMode=UNKNOWN, blendMode='avg', bpc=(8, 8, 8), color=array([0, 0, 0]), colorSpace='rgb', depthBits=8, fullscr=True, gamma=None, gammaErrorPolicy='raise', infoMsg=UNKNOWN, lms=UNKNOWN, monitor=<psychopy.monitors.calibTools.Monitor object at 0x00000197C4E1D3F0>, multiSample=False, name='window1', numSamples=2, pos=[np.float64(0.0), np.float64(0.0)], screen=0, size=array([1920, 1080]), stencilBits=0, stereo=False, title='PsychoPy', units='height', useFBO=True, useRetina=False, viewOri=0.0, viewPos=None, viewScale=None, waitBlanking=True, winType='pyglet')
15.7796 	EXP 	window1: backgroundImage = ''
15.7796 	EXP 	window1: backgroundFit = 'none'
16.6193 	EXP 	window1: Attempting to measure frame rate of screen (0) ...
16.6193 	EXP 	window1: recordFrameIntervals = False
16.8757 	EXP 	window1: recordFrameIntervals = True
17.0593 	EXP 	Screen (0) actual frame rate measured at 60.02Hz
17.0594 	EXP 	window1: recordFrameIntervals = False
17.1994 	INFO 	keyboard.Keyboard is using ptb backend.
17.1997 	INFO 	keyboard.Keyboard is using ptb backend.
17.1998 	EXP 	untitled: status = STARTED
17.2090 	EXP 	Created fixation = ShapeStim(__class__=<class 'psychopy.visual.shape.ShapeStim'>, anchor=('center', 'center'), autoDraw=False, autoLog=True, closeShape=True, color=method-wrapper(...), colorSpace='rgb', contrast=None, depth=0.0, draggable=False, fillColor=array([1, 1, 1]), fillColorSpace='rgb', fillRGB=array([1, 1, 1]), interpolate=True, lineColor=array([1., 1., 1.]), lineColorSpace='rgb', lineRGB=array([1, 1, 1]), lineWidth=1.0, name='fixation', opacity=1, ori=0.0, pos=array([0., 0.]), size=array([10., 10.]), units='pix', vertices=ndarray(...), win=Window(...), windingRule=None)
17.2112 	EXP 	Created line1 = Rect(__class__=<class 'psychopy.visual.rect.Rect'>, anchor=('center', 'center'), autoDraw=False, autoLog=True, closeShape=True, color=method-wrapper(...), colorSpace='rgb', contrast=None, depth=-1.0, draggable=False, fillColor=array([1, 1, 1]), fillColorSpace='rgb', fillRGB=array([1, 1, 1]), interpolate=True, lineColor=array([1., 1., 1.]), lineColorSpace='rgb', lineRGB=array([1, 1, 1]), lineWidth=1.0, name='line1', opacity=1, ori=90.0, pos=array([-150.,    0.]), size=array([100.,  10.]), units='pix', vertices=ndarray(...), win=Window(...))
17.2134 	EXP 	Created line_2 = Rect(__class__=<class 'psychopy.visual.rect.Rect'>, anchor=('center', 'center'), autoDraw=False, autoLog=True, closeShape=True, color=method-wrapper(...), colorSpace='rgb', contrast=None, depth=-2.0, draggable=False, fillColor=array([1, 1, 1]), fillColorSpace='rgb', fillRGB=array([1, 1, 1]), interpolate=True, lineColor=array([1., 1., 1.]), lineColorSpace='rgb', lineRGB=array([1, 1, 1]), lineWidth=1.0, name='line_2', opacity=1, ori=90.0, pos=array([-50.,   0.]), size=array([100.,  10.]), units='pix', vertices=ndarray(...), win=Window(...))
17.2155 	EXP 	Created line_3 = Rect(__class__=<class 'psychopy.visual.rect.Rect'>, anchor=('center', 'center'), autoDraw=False, autoLog=True, closeShape=True, color=method-wrapper(...), colorSpace='rgb', contrast=None, depth=-3.0, draggable=False, fillColor=array([1, 1, 1]), fillColorSpace='rgb', fillRGB=array([1, 1, 1]), interpolate=True, lineColor=array([1., 1., 1.]), lineColorSpace='rgb', lineRGB=array([1, 1, 1]), lineWidth=1.0, name='line_3', opacity=1, ori=90.0, pos=array([50.,  0.]), size=array([100.,  10.]), units='pix', vertices=ndarray(...), win=Window(...))
17.2175 	EXP 	Created line4 = Rect(__class__=<class 'psychopy.visual.rect.Rect'>, anchor=('center', 'center'), autoDraw=False, autoLog=True, closeShape=True, color=method-wrapper(...), colorSpace='rgb', contrast=None, depth=-4.0, draggable=False, fillColor=array([1, 1, 1]), fillColorSpace='rgb', fillRGB=array([1, 1, 1]), interpolate=True, lineColor=array([1., 1., 1.]), lineColorSpace='rgb', lineRGB=array([1, 1, 1]), lineWidth=1.0, name='line4', opacity=1, ori=90.0, pos=array([150.,   0.]), size=array([100.,  10.]), units='pix', vertices=ndarray(...), win=Window(...))
17.2201 	EXP 	Created probe = ShapeStim(__class__=<class 'psychopy.visual.shape.ShapeStim'>, anchor=('center', 'center'), autoDraw=False, autoLog=True, closeShape=True, color=method-wrapper(...), colorSpace='rgb', contrast=None, depth=-5.0, draggable=False, fillColor=array([1, 1, 1]), fillColorSpace='rgb', fillRGB=array([1, 1, 1]), interpolate=True, lineColor=array([1., 1., 1.]), lineColorSpace='rgb', lineRGB=array([1, 1, 1]), lineWidth=1.0, name='probe', opacity=1, ori=0.0, pos=array([0., 0.]), size=array([10., 10.]), units='pix', vertices=ndarray(...), win=Window(...), windingRule=None)
17.2229 	EXP 	Created fixation = ShapeStim(__class__=<class 'psychopy.visual.shape.ShapeStim'>, anchor=('center', 'center'), autoDraw=False, autoLog=True, closeShape=True, color=method-wrapper(...), colorSpace='rgb', contrast=None, depth=0.0, draggable=False, fillColor=array([1, 1, 1]), fillColorSpace='rgb', fillRGB=array([1, 1, 1]), interpolate=True, lineColor=array([1., 1., 1.]), lineColorSpace='rgb', lineRGB=array([1, 1, 1]), lineWidth=1.0, name='fixation', opacity=1, ori=0.0, pos=array([0., 0.]), size=array([10., 10.]), units='pix', vertices=ndarray(...), win=Window(...), windingRule=None)
17.2249 	EXP 	Created line1 = Rect(__class__=<class 'psychopy.visual.rect.Rect'>, anchor=('center', 'center'), autoDraw=False, autoLog=True, closeShape=True, color=method-wrapper(...), colorSpace='rgb', contrast=None, depth=-1.0, draggable=False, fillColor=array([1, 1, 1]), fillColorSpace='rgb', fillRGB=array([1, 1, 1]), interpolate=True, lineColor=array([1., 1., 1.]), lineColorSpace='rgb', lineRGB=array([1, 1, 1]), lineWidth=1.0, name='line1', opacity=1, ori=90.0, pos=array([-150.,    0.]), size=array([100.,  10.]), units='pix', vertices=ndarray(...), win=Window(...))
17.2269 	EXP 	Created line_2 = Rect(__class__=<class 'psychopy.visual.rect.Rect'>, anchor=('center', 'center'), autoDraw=False, autoLog=True, closeShape=True, color=method-wrapper(...), colorSpace='rgb', contrast=None, depth=-2.0, draggable=False, fillColor=array([1, 1, 1]), fillColorSpace='rgb', fillRGB=array([1, 1, 1]), interpolate=True, lineColor=array([1., 1., 1.]), lineColorSpace='rgb', lineRGB=array([1, 1, 1]), lineWidth=1.0, name='line_2', opacity=1, ori=90.0, pos=array([-50.,   0.]), size=array([100.,  10.]), units='pix', vertices=ndarray(...), win=Window(...))
17.2297 	EXP 	Created line_3 = Rect(__class__=<class 'psychopy.visual.rect.Rect'>, anchor=('center', 'center'), autoDraw=False, autoLog=True, closeShape=True, color=method-wrapper(...), colorSpace='rgb', contrast=None, depth=-3.0, draggable=False, fillColor=array([1, 1, 1]), fillColorSpace='rgb', fillRGB=array([1, 1, 1]), interpolate=True, lineColor=array([1., 1., 1.]), lineColorSpace='rgb', lineRGB=array([1, 1, 1]), lineWidth=1.0, name='line_3', opacity=1, ori=90.0, pos=array([50.,  0.]), size=array([100.,  10.]), units='pix', vertices=ndarray(...), win=Window(...))
17.2326 	EXP 	Created line4 = Rect(__class__=<class 'psychopy.visual.rect.Rect'>, anchor=('center', 'center'), autoDraw=False, autoLog=True, closeShape=True, color=method-wrapper(...), colorSpace='rgb', contrast=None, depth=-4.0, draggable=False, fillColor=array([1, 1, 1]), fillColorSpace='rgb', fillRGB=array([1, 1, 1]), interpolate=True, lineColor=array([1., 1., 1.]), lineColorSpace='rgb', lineRGB=array([1, 1, 1]), lineWidth=1.0, name='line4', opacity=1, ori=90.0, pos=array([150.,   0.]), size=array([100.,  10.]), units='pix', vertices=ndarray(...), win=Window(...))
17.2365 	EXP 	Created probe = ShapeStim(__class__=<class 'psychopy.visual.shape.ShapeStim'>, anchor=('center', 'center'), autoDraw=False, autoLog=True, closeShape=True, color=method-wrapper(...), colorSpace='rgb', contrast=None, depth=-5.0, draggable=False, fillColor=array([1, 1, 1]), fillColorSpace='rgb', fillRGB=array([1, 1, 1]), interpolate=True, lineColor=array([1., 1., 1.]), lineColorSpace='rgb', lineRGB=array([1, 1, 1]), lineWidth=1.0, name='probe', opacity=1, ori=0.0, pos=array([0., 0.]), size=array([10., 10.]), units='pix', vertices=ndarray(...), win=Window(...), windingRule=None)
0.0172 	EXP 	Imported conditions.csv as conditions, 4 conditions, 2 params
0.0195 	EXP 	New trial (rep=0, index=0): <Trial 0 (0 in rep 0) data={'pos': np.int64(-50), 'corr_resp': 'x', 'thisN': 0, 'thisTrialN': 0, 'thisRepN': 0}>
0.0301 	EXP 	fixation: autoDraw = True
1.0056 	EXP 	line1: autoDraw = True
1.0056 	EXP 	line_2: autoDraw = True
1.0056 	EXP 	line_3: autoDraw = True
1.0056 	EXP 	line4: autoDraw = True
1.0391 	EXP 	fixation: autoDraw = False
2.0056 	INFO 	Keyboard events cleared
2.0055 	EXP 	probe: autoDraw = True
2.8075 	EXP 	Device response: <KeyPress from None: t=2.7154304000000025, value=x, duration=None>
2.8081 	EXP 	New trial (rep=0, index=1): <Trial 1 (1 in rep 0) data={'pos': np.int64(150), 'corr_resp': 'v', 'thisN': 1, 'thisTrialN': 1, 'thisRepN': 0}>
2.8096 	DATA 	Keypress: x
2.8171 	EXP 	fixation: autoDraw = False
2.8171 	EXP 	line1: autoDraw = False
2.8171 	EXP 	line_2: autoDraw = False
2.8171 	EXP 	line_3: autoDraw = False
2.8171 	EXP 	line4: autoDraw = False
2.8171 	EXP 	probe: autoDraw = False
2.8171 	EXP 	fixation: autoDraw = True
2.8385 	EXP 	Device response: <KeyPress from None: t=2.7154304000000025, value=x, duration=0.11899639999998612>
3.8222 	EXP 	fixation: autoDraw = False
3.8222 	EXP 	line1: autoDraw = True
3.8222 	EXP 	line_2: autoDraw = True
3.8222 	EXP 	line_3: autoDraw = True
3.8222 	EXP 	line4: autoDraw = True
4.8224 	INFO 	Keyboard events cleared
4.8222 	EXP 	probe: autoDraw = True
6.0064 	EXP 	Device response: <KeyPress from None: t=6.003717499999993, value=v, duration=None>
6.0068 	EXP 	New trial (rep=0, index=2): <Trial 2 (2 in rep 0) data={'pos': np.int64(50), 'corr_resp': 'c', 'thisN': 2, 'thisTrialN': 2, 'thisRepN': 0}>
6.0083 	DATA 	Keypress: v
6.0224 	EXP 	fixation: autoDraw = False
6.0224 	EXP 	line1: autoDraw = False
6.0224 	EXP 	line_2: autoDraw = False
6.0224 	EXP 	line_3: autoDraw = False
6.0224 	EXP 	line4: autoDraw = False
6.0224 	EXP 	probe: autoDraw = False
6.0224 	EXP 	fixation: autoDraw = True
6.1395 	EXP 	Device response: <KeyPress from None: t=6.003717499999993, value=v, duration=0.12349159999999415>
7.0222 	EXP 	fixation: autoDraw = False
7.0222 	EXP 	line1: autoDraw = True
7.0222 	EXP 	line_2: autoDraw = True
7.0222 	EXP 	line_3: autoDraw = True
7.0222 	EXP 	line4: autoDraw = True
8.0224 	INFO 	Keyboard events cleared
8.0222 	EXP 	probe: autoDraw = True
8.9395 	EXP 	Device response: <KeyPress from None: t=8.9300317, value=c, duration=None>
8.9399 	EXP 	New trial (rep=0, index=3): <Trial 3 (3 in rep 0) data={'pos': np.int64(-150), 'corr_resp': 'z', 'thisN': 3, 'thisTrialN': 3, 'thisRepN': 0}>
8.9414 	DATA 	Keypress: c
8.9565 	EXP 	fixation: autoDraw = False
8.9565 	EXP 	line1: autoDraw = False
8.9565 	EXP 	line_2: autoDraw = False
8.9565 	EXP 	line_3: autoDraw = False
8.9565 	EXP 	line4: autoDraw = False
8.9565 	EXP 	probe: autoDraw = False
8.9565 	EXP 	fixation: autoDraw = True
9.0227 	EXP 	Device response: <KeyPress from None: t=8.9300317, value=c, duration=0.08091339999998581>
9.9389 	EXP 	line1: autoDraw = True
9.9389 	EXP 	line_2: autoDraw = True
9.9389 	EXP 	line_3: autoDraw = True
9.9389 	EXP 	line4: autoDraw = True
9.9556 	EXP 	fixation: autoDraw = False
10.9391 	INFO 	Keyboard events cleared
10.9390 	EXP 	probe: autoDraw = True
11.2231 	EXP 	Device response: <KeyPress from None: t=11.212477799999988, value=z, duration=None>
11.2234 	EXP 	New trial (rep=1, index=0): <Trial 4 (0 in rep 1) data={'pos': np.int64(-50), 'corr_resp': 'x', 'thisN': 4, 'thisTrialN': 0, 'thisRepN': 1}>
11.2247 	DATA 	Keypress: z
11.2391 	EXP 	fixation: autoDraw = False
11.2391 	EXP 	line1: autoDraw = False
11.2391 	EXP 	line_2: autoDraw = False
11.2391 	EXP 	line_3: autoDraw = False
11.2391 	EXP 	line4: autoDraw = False
11.2391 	EXP 	probe: autoDraw = False
11.2391 	EXP 	fixation: autoDraw = True
11.3729 	EXP 	Device response: <KeyPress from None: t=11.212477799999988, value=z, duration=0.15778910000000224>
12.2392 	EXP 	fixation: autoDraw = False
12.2392 	EXP 	line1: autoDraw = True
12.2392 	EXP 	line_2: autoDraw = True
12.2392 	EXP 	line_3: autoDraw = True
12.2392 	EXP 	line4: autoDraw = True
13.2224 	INFO 	Keyboard events cleared
13.2222 	EXP 	probe: autoDraw = True
13.6562 	EXP 	Device response: <KeyPress from None: t=13.655596099999997, value=x, duration=None>
13.6566 	EXP 	New trial (rep=1, index=1): <Trial 5 (1 in rep 1) data={'pos': np.int64(150), 'corr_resp': 'v', 'thisN': 5, 'thisTrialN': 1, 'thisRepN': 1}>
13.6579 	DATA 	Keypress: x
13.6722 	EXP 	fixation: autoDraw = False
13.6722 	EXP 	line1: autoDraw = False
13.6722 	EXP 	line_2: autoDraw = False
13.6722 	EXP 	line_3: autoDraw = False
13.6722 	EXP 	line4: autoDraw = False
13.6722 	EXP 	probe: autoDraw = False
13.6722 	EXP 	fixation: autoDraw = True
13.8060 	EXP 	Device response: <KeyPress from None: t=13.655596099999997, value=x, duration=0.14126479999998764>
14.6555 	EXP 	line1: autoDraw = True
14.6555 	EXP 	line_2: autoDraw = True
14.6555 	EXP 	line_3: autoDraw = True
14.6555 	EXP 	line4: autoDraw = True
14.6722 	EXP 	fixation: autoDraw = False
15.6704 	INFO 	Keyboard events cleared
15.6703 	EXP 	probe: autoDraw = True
16.3744 	DATA 	Keypress: v
16.3887 	EXP 	Device response: <KeyPress from None: t=16.372507499999983, value=v, duration=None>
16.3891 	EXP 	New trial (rep=1, index=2): <Trial 6 (2 in rep 1) data={'pos': np.int64(50), 'corr_resp': 'c', 'thisN': 6, 'thisTrialN': 2, 'thisRepN': 1}>
16.4057 	EXP 	fixation: autoDraw = False
16.4057 	EXP 	line1: autoDraw = False
16.4057 	EXP 	line_2: autoDraw = False
16.4057 	EXP 	line_3: autoDraw = False
16.4057 	EXP 	line4: autoDraw = False
16.4057 	EXP 	probe: autoDraw = False
16.4057 	EXP 	fixation: autoDraw = True
16.6394 	EXP 	Device response: <KeyPress from None: t=16.372507499999983, value=v, duration=0.25632800000002476>
17.3889 	EXP 	line1: autoDraw = True
17.3889 	EXP 	line_2: autoDraw = True
17.3889 	EXP 	line_3: autoDraw = True
17.3889 	EXP 	line4: autoDraw = True
17.4056 	EXP 	fixation: autoDraw = False
18.3890 	INFO 	Keyboard events cleared
18.3889 	EXP 	probe: autoDraw = True
18.8060 	EXP 	Device response: <KeyPress from None: t=18.792753000000005, value=v, duration=None>
18.8064 	EXP 	New trial (rep=1, index=3): <Trial 7 (3 in rep 1) data={'pos': np.int64(-150), 'corr_resp': 'z', 'thisN': 7, 'thisTrialN': 3, 'thisRepN': 1}>
18.8076 	DATA 	Keypress: v
18.8219 	EXP 	fixation: autoDraw = False
18.8219 	EXP 	line1: autoDraw = False
18.8219 	EXP 	line_2: autoDraw = False
18.8219 	EXP 	line_3: autoDraw = False
18.8219 	EXP 	line4: autoDraw = False
18.8219 	EXP 	probe: autoDraw = False
18.8219 	EXP 	fixation: autoDraw = True
19.0226 	EXP 	Device response: <KeyPress from None: t=18.792753000000005, value=v, duration=0.2143226000000027>
19.8057 	EXP 	line1: autoDraw = True
19.8057 	EXP 	line_2: autoDraw = True
19.8057 	EXP 	line_3: autoDraw = True
19.8057 	EXP 	line4: autoDraw = True
19.8222 	EXP 	fixation: autoDraw = False
20.8059 	INFO 	Keyboard events cleared
20.8058 	EXP 	probe: autoDraw = True
21.7017 	DATA 	Keypress: z
21.7098 	EXP 	Device response: <KeyPress from None: t=21.566415699999993, value=z, duration=None>
21.7101 	EXP 	New trial (rep=2, index=0): <Trial 8 (0 in rep 2) data={'pos': np.int64(-50), 'corr_resp': 'x', 'thisN': 8, 'thisTrialN': 0, 'thisRepN': 2}>
21.7213 	EXP 	fixation: autoDraw = False
21.7213 	EXP 	line1: autoDraw = False
21.7213 	EXP 	line_2: autoDraw = False
21.7213 	EXP 	line_3: autoDraw = False
21.7213 	EXP 	line4: autoDraw = False
21.7213 	EXP 	probe: autoDraw = False
21.7213 	EXP 	fixation: autoDraw = True
21.8058 	EXP 	Device response: <KeyPress from None: t=21.566415699999993, value=z, duration=0.2323919000000103>
22.7225 	EXP 	fixation: autoDraw = False
22.7225 	EXP 	line1: autoDraw = True
22.7225 	EXP 	line_2: autoDraw = True
22.7225 	EXP 	line_3: autoDraw = True
22.7225 	EXP 	line4: autoDraw = True
23.7224 	INFO 	Keyboard events cleared
23.7223 	EXP 	probe: autoDraw = True
24.1902 	EXP 	Device response: <KeyPress from None: t=24.1896414, value=x, duration=None>
24.1906 	EXP 	New trial (rep=2, index=1): <Trial 9 (1 in rep 2) data={'pos': np.int64(150), 'corr_resp': 'v', 'thisN': 9, 'thisTrialN': 1, 'thisRepN': 2}>
24.1919 	DATA 	Keypress: x
24.2057 	EXP 	fixation: autoDraw = False
24.2057 	EXP 	line1: autoDraw = False
24.2057 	EXP 	line_2: autoDraw = False
24.2057 	EXP 	line_3: autoDraw = False
24.2057 	EXP 	line4: autoDraw = False
24.2057 	EXP 	probe: autoDraw = False
24.2057 	EXP 	fixation: autoDraw = True
24.3730 	EXP 	Device response: <KeyPress from None: t=24.1896414, value=x, duration=0.17336539999999445>
25.2057 	EXP 	fixation: autoDraw = False
25.2057 	EXP 	line1: autoDraw = True
25.2057 	EXP 	line_2: autoDraw = True
25.2057 	EXP 	line_3: autoDraw = True
25.2057 	EXP 	line4: autoDraw = True
26.2058 	INFO 	Keyboard events cleared
26.2057 	EXP 	probe: autoDraw = True
26.5564 	EXP 	Device response: <KeyPress from None: t=26.54394959999999, value=v, duration=None>
26.5568 	EXP 	New trial (rep=2, index=2): <Trial 10 (2 in rep 2) data={'pos': np.int64(50), 'corr_resp': 'c', 'thisN': 10, 'thisTrialN': 2, 'thisRepN': 2}>
26.5584 	DATA 	Keypress: v
26.5728 	EXP 	fixation: autoDraw = False
26.5728 	EXP 	line1: autoDraw = False
26.5728 	EXP 	line_2: autoDraw = False
26.5728 	EXP 	line_3: autoDraw = False
26.5728 	EXP 	line4: autoDraw = False
26.5728 	EXP 	probe: autoDraw = False
26.5728 	EXP 	fixation: autoDraw = True
26.7561 	EXP 	Device response: <KeyPress from None: t=26.54394959999999, value=v, duration=0.19836910000000785>
27.5723 	EXP 	line1: autoDraw = True
27.5723 	EXP 	line_2: autoDraw = True
27.5723 	EXP 	line_3: autoDraw = True
27.5723 	EXP 	line4: autoDraw = True
27.5892 	EXP 	fixation: autoDraw = False
28.5729 	INFO 	Keyboard events cleared
28.5727 	EXP 	probe: autoDraw = True
29.1395 	EXP 	Device response: <KeyPress from None: t=29.12681599999999, value=c, duration=None>
29.1399 	EXP 	New trial (rep=2, index=3): <Trial 11 (3 in rep 2) data={'pos': np.int64(-150), 'corr_resp': 'z', 'thisN': 11, 'thisTrialN': 3, 'thisRepN': 2}>
29.1411 	DATA 	Keypress: c
29.1558 	EXP 	fixation: autoDraw = False
29.1558 	EXP 	line1: autoDraw = False
29.1558 	EXP 	line_2: autoDraw = False
29.1558 	EXP 	line_3: autoDraw = False
29.1558 	EXP 	line4: autoDraw = False
29.1558 	EXP 	probe: autoDraw = False
29.1558 	EXP 	fixation: autoDraw = True
29.3392 	EXP 	Device response: <KeyPress from None: t=29.12681599999999, value=c, duration=0.20487009999999373>
30.1388 	EXP 	line1: autoDraw = True
30.1388 	EXP 	line_2: autoDraw = True
30.1388 	EXP 	line_3: autoDraw = True
30.1388 	EXP 	line4: autoDraw = True
30.1558 	EXP 	fixation: autoDraw = False
31.1392 	INFO 	Keyboard events cleared
31.1391 	EXP 	probe: autoDraw = True
31.4729 	EXP 	Device response: <KeyPress from None: t=31.472287800000004, value=z, duration=None>
31.4732 	EXP 	New trial (rep=3, index=0): <Trial 12 (0 in rep 3) data={'pos': np.int64(-50), 'corr_resp': 'x', 'thisN': 12, 'thisTrialN': 0, 'thisRepN': 3}>
31.4745 	DATA 	Keypress: z
31.4891 	EXP 	fixation: autoDraw = False
31.4891 	EXP 	line1: autoDraw = False
31.4891 	EXP 	line_2: autoDraw = False
31.4891 	EXP 	line_3: autoDraw = False
31.4891 	EXP 	line4: autoDraw = False
31.4891 	EXP 	probe: autoDraw = False
31.4891 	EXP 	fixation: autoDraw = True
31.6899 	EXP 	Device response: <KeyPress from None: t=31.472287800000004, value=z, duration=0.2147657999999808>
32.4732 	EXP 	line1: autoDraw = True
32.4732 	EXP 	line_2: autoDraw = True
32.4732 	EXP 	line_3: autoDraw = True
32.4732 	EXP 	line4: autoDraw = True
32.4908 	EXP 	fixation: autoDraw = False
33.4727 	INFO 	Keyboard events cleared
33.4725 	EXP 	probe: autoDraw = True
33.9234 	EXP 	Device response: <KeyPress from None: t=33.91498949999999, value=x, duration=None>
33.9249 	EXP 	New trial (rep=3, index=1): <Trial 13 (1 in rep 3) data={'pos': np.int64(150), 'corr_resp': 'v', 'thisN': 13, 'thisTrialN': 1, 'thisRepN': 3}>
33.9262 	DATA 	Keypress: x
33.9393 	EXP 	fixation: autoDraw = False
33.9393 	EXP 	line1: autoDraw = False
33.9393 	EXP 	line_2: autoDraw = False
33.9393 	EXP 	line_3: autoDraw = False
33.9393 	EXP 	line4: autoDraw = False
33.9393 	EXP 	probe: autoDraw = False
33.9393 	EXP 	fixation: autoDraw = True
34.1063 	EXP 	Device response: <KeyPress from None: t=33.91498949999999, value=x, duration=0.18913689999999406>
34.9391 	EXP 	fixation: autoDraw = False
34.9391 	EXP 	line1: autoDraw = True
34.9391 	EXP 	line_2: autoDraw = True
34.9391 	EXP 	line_3: autoDraw = True
34.9391 	EXP 	line4: autoDraw = True
35.9392 	INFO 	Keyboard events cleared
35.9390 	EXP 	probe: autoDraw = True
36.2561 	EXP 	Device response: <KeyPress from None: t=36.247892500000006, value=v, duration=None>
36.2565 	EXP 	New trial (rep=3, index=2): <Trial 14 (2 in rep 3) data={'pos': np.int64(50), 'corr_resp': 'c', 'thisN': 14, 'thisTrialN': 2, 'thisRepN': 3}>
36.2579 	DATA 	Keypress: v
36.2724 	EXP 	fixation: autoDraw = False
36.2724 	EXP 	line1: autoDraw = False
36.2724 	EXP 	line_2: autoDraw = False
36.2724 	EXP 	line_3: autoDraw = False
36.2724 	EXP 	line4: autoDraw = False
36.2724 	EXP 	probe: autoDraw = False
36.2724 	EXP 	fixation: autoDraw = True
36.4893 	EXP 	Device response: <KeyPress from None: t=36.247892500000006, value=v, duration=0.23232059999998>
37.2550 	EXP 	line1: autoDraw = True
37.2550 	EXP 	line_2: autoDraw = True
37.2550 	EXP 	line_3: autoDraw = True
37.2550 	EXP 	line4: autoDraw = True
37.2731 	EXP 	fixation: autoDraw = False
38.2560 	INFO 	Keyboard events cleared
38.2559 	EXP 	probe: autoDraw = True
38.5746 	DATA 	Keypress: x
38.5896 	EXP 	Device response: <KeyPress from None: t=38.57374440000001, value=x, duration=None>
38.5900 	EXP 	New trial (rep=3, index=3): <Trial 15 (3 in rep 3) data={'pos': np.int64(-150), 'corr_resp': 'z', 'thisN': 15, 'thisTrialN': 3, 'thisRepN': 3}>
38.6056 	EXP 	fixation: autoDraw = False
38.6056 	EXP 	line1: autoDraw = False
38.6056 	EXP 	line_2: autoDraw = False
38.6056 	EXP 	line_3: autoDraw = False
38.6056 	EXP 	line4: autoDraw = False
38.6056 	EXP 	probe: autoDraw = False
38.6056 	EXP 	fixation: autoDraw = True
38.7727 	EXP 	Device response: <KeyPress from None: t=38.57374440000001, value=x, duration=0.18892139999999813>
39.5894 	EXP 	line1: autoDraw = True
39.5894 	EXP 	line_2: autoDraw = True
39.5894 	EXP 	line_3: autoDraw = True
39.5894 	EXP 	line4: autoDraw = True
39.6056 	EXP 	fixation: autoDraw = False
40.5892 	INFO 	Keyboard events cleared
40.5890 	EXP 	probe: autoDraw = True
41.0727 	EXP 	Device response: <KeyPress from None: t=41.06364429999999, value=z, duration=None>
41.0731 	EXP 	New trial (rep=4, index=0): <Trial 16 (0 in rep 4) data={'pos': np.int64(-50), 'corr_resp': 'x', 'thisN': 16, 'thisTrialN': 0, 'thisRepN': 4}>
41.0745 	DATA 	Keypress: z
41.0890 	EXP 	fixation: autoDraw = False
41.0890 	EXP 	line1: autoDraw = False
41.0890 	EXP 	line_2: autoDraw = False
41.0890 	EXP 	line_3: autoDraw = False
41.0890 	EXP 	line4: autoDraw = False
41.0890 	EXP 	probe: autoDraw = False
41.0890 	EXP 	fixation: autoDraw = True
41.2730 	EXP 	Device response: <KeyPress from None: t=41.06364429999999, value=z, duration=0.20859400000000505>
42.0734 	EXP 	line1: autoDraw = True
42.0734 	EXP 	line_2: autoDraw = True
42.0734 	EXP 	line_3: autoDraw = True
42.0734 	EXP 	line4: autoDraw = True
42.0891 	EXP 	fixation: autoDraw = False
43.0725 	INFO 	Keyboard events cleared
43.0724 	EXP 	probe: autoDraw = True
43.5394 	EXP 	Device response: <KeyPress from None: t=43.531906099999986, value=x, duration=None>
43.5397 	EXP 	New trial (rep=4, index=1): <Trial 17 (1 in rep 4) data={'pos': np.int64(150), 'corr_resp': 'v', 'thisN': 17, 'thisTrialN': 1, 'thisRepN': 4}>
43.5409 	DATA 	Keypress: x
43.5559 	EXP 	fixation: autoDraw = False
43.5559 	EXP 	line1: autoDraw = False
43.5559 	EXP 	line_2: autoDraw = False
43.5559 	EXP 	line_3: autoDraw = False
43.5559 	EXP 	line4: autoDraw = False
43.5559 	EXP 	probe: autoDraw = False
43.5559 	EXP 	fixation: autoDraw = True
43.7063 	EXP 	Device response: <KeyPress from None: t=43.531906099999986, value=x, duration=0.1666136999999992>
44.5394 	EXP 	line1: autoDraw = True
44.5394 	EXP 	line_2: autoDraw = True
44.5394 	EXP 	line_3: autoDraw = True
44.5394 	EXP 	line4: autoDraw = True
44.5561 	EXP 	fixation: autoDraw = False
45.5395 	INFO 	Keyboard events cleared
45.5394 	EXP 	probe: autoDraw = True
45.8565 	EXP 	Device response: <KeyPress from None: t=45.8500109, value=v, duration=None>
45.8570 	EXP 	New trial (rep=4, index=2): <Trial 18 (2 in rep 4) data={'pos': np.int64(50), 'corr_resp': 'c', 'thisN': 18, 'thisTrialN': 2, 'thisRepN': 4}>
45.8584 	DATA 	Keypress: v
45.8724 	EXP 	fixation: autoDraw = False
45.8724 	EXP 	line1: autoDraw = False
45.8724 	EXP 	line_2: autoDraw = False
45.8724 	EXP 	line_3: autoDraw = False
45.8724 	EXP 	line4: autoDraw = False
45.8724 	EXP 	probe: autoDraw = False
45.8724 	EXP 	fixation: autoDraw = True
46.1063 	EXP 	Device response: <KeyPress from None: t=45.8500109, value=v, duration=0.24350730000000453>
46.8557 	EXP 	line1: autoDraw = True
46.8557 	EXP 	line_2: autoDraw = True
46.8557 	EXP 	line_3: autoDraw = True
46.8557 	EXP 	line4: autoDraw = True
46.8724 	EXP 	fixation: autoDraw = False
47.8559 	INFO 	Keyboard events cleared
47.8557 	EXP 	probe: autoDraw = True
48.2893 	EXP 	Device response: <KeyPress from None: t=48.2748981, value=c, duration=None>
48.2896 	EXP 	New trial (rep=4, index=3): <Trial 19 (3 in rep 4) data={'pos': np.int64(-150), 'corr_resp': 'z', 'thisN': 19, 'thisTrialN': 3, 'thisRepN': 4}>
48.2911 	DATA 	Keypress: c
48.3058 	EXP 	fixation: autoDraw = False
48.3058 	EXP 	line1: autoDraw = False
48.3058 	EXP 	line_2: autoDraw = False
48.3058 	EXP 	line_3: autoDraw = False
48.3058 	EXP 	line4: autoDraw = False
48.3058 	EXP 	probe: autoDraw = False
48.3058 	EXP 	fixation: autoDraw = True
49.3058 	EXP 	fixation: autoDraw = False
49.3058 	EXP 	line1: autoDraw = True
49.3058 	EXP 	line_2: autoDraw = True
49.3058 	EXP 	line_3: autoDraw = True
49.3058 	EXP 	line4: autoDraw = True
50.2890 	INFO 	Keyboard events cleared
50.2889 	EXP 	probe: autoDraw = True
51.3059 	EXP 	Device response: <KeyPress from None: t=48.2748981, value=c, duration=3.0141648999999973>
52.0064 	EXP 	Device response: <KeyPress from None: t=51.99721009999999, value=x, duration=None>
52.0068 	EXP 	New trial (rep=5, index=0): <Trial 20 (0 in rep 5) data={'pos': np.int64(-50), 'corr_resp': 'x', 'thisN': 20, 'thisTrialN': 0, 'thisRepN': 5}>
52.0085 	DATA 	Keypress: x
52.0225 	EXP 	fixation: autoDraw = False
52.0225 	EXP 	line1: autoDraw = False
52.0225 	EXP 	line_2: autoDraw = False
52.0225 	EXP 	line_3: autoDraw = False
52.0225 	EXP 	line4: autoDraw = False
52.0225 	EXP 	probe: autoDraw = False
52.0225 	EXP 	fixation: autoDraw = True
52.2062 	EXP 	Device response: <KeyPress from None: t=51.99721009999999, value=x, duration=0.19938039999999546>
53.0226 	EXP 	fixation: autoDraw = False
53.0226 	EXP 	line1: autoDraw = True
53.0226 	EXP 	line_2: autoDraw = True
53.0226 	EXP 	line_3: autoDraw = True
53.0226 	EXP 	line4: autoDraw = True
54.0227 	INFO 	Keyboard events cleared
54.0225 	EXP 	probe: autoDraw = True
55.1905 	EXP 	Device response: <KeyPress from None: t=55.1884407, value=x, duration=None>
55.1909 	EXP 	New trial (rep=5, index=1): <Trial 21 (1 in rep 5) data={'pos': np.int64(150), 'corr_resp': 'v', 'thisN': 21, 'thisTrialN': 1, 'thisRepN': 5}>
55.1921 	DATA 	Keypress: x
55.2057 	EXP 	fixation: autoDraw = False
55.2057 	EXP 	line1: autoDraw = False
55.2057 	EXP 	line_2: autoDraw = False
55.2057 	EXP 	line_3: autoDraw = False
55.2057 	EXP 	line4: autoDraw = False
55.2057 	EXP 	probe: autoDraw = False
55.2057 	EXP 	fixation: autoDraw = True
55.2897 	EXP 	Device response: <KeyPress from None: t=55.1884407, value=x, duration=0.08511640000000398>
56.2058 	EXP 	fixation: autoDraw = False
56.2058 	EXP 	line1: autoDraw = True
56.2058 	EXP 	line_2: autoDraw = True
56.2058 	EXP 	line_3: autoDraw = True
56.2058 	EXP 	line4: autoDraw = True
57.2059 	INFO 	Keyboard events cleared
57.2057 	EXP 	probe: autoDraw = True
57.7074 	DATA 	Mouse: Left button down, pos=(1169,890)
57.9406 	DATA 	Mouse:  Left button up, pos=(1169,890)
58.1893 	EXP 	Device response: <KeyPress from None: t=58.18619989999999, value=v, duration=None>
58.1897 	EXP 	New trial (rep=5, index=2): <Trial 22 (2 in rep 5) data={'pos': np.int64(50), 'corr_resp': 'c', 'thisN': 22, 'thisTrialN': 2, 'thisRepN': 5}>
58.1909 	DATA 	Keypress: v
58.2060 	EXP 	fixation: autoDraw = False
58.2060 	EXP 	line1: autoDraw = False
58.2060 	EXP 	line_2: autoDraw = False
58.2060 	EXP 	line_3: autoDraw = False
58.2060 	EXP 	line4: autoDraw = False
58.2060 	EXP 	probe: autoDraw = False
58.2060 	EXP 	fixation: autoDraw = True
58.3237 	EXP 	Device response: <KeyPress from None: t=58.18619989999999, value=v, duration=0.13081450000001382>
59.1889 	EXP 	line1: autoDraw = True
59.1889 	EXP 	line_2: autoDraw = True
59.1889 	EXP 	line_3: autoDraw = True
59.1889 	EXP 	line4: autoDraw = True
59.2059 	EXP 	fixation: autoDraw = False
60.1895 	INFO 	Keyboard events cleared
60.1893 	EXP 	probe: autoDraw = True
61.1727 	EXP 	Device response: <KeyPress from None: t=61.16936079999999, value=c, duration=None>
61.1730 	EXP 	New trial (rep=5, index=3): <Trial 23 (3 in rep 5) data={'pos': np.int64(-150), 'corr_resp': 'z', 'thisN': 23, 'thisTrialN': 3, 'thisRepN': 5}>
61.1744 	DATA 	Keypress: c
61.1900 	EXP 	fixation: autoDraw = False
61.1900 	EXP 	line1: autoDraw = False
61.1900 	EXP 	line_2: autoDraw = False
61.1900 	EXP 	line_3: autoDraw = False
61.1900 	EXP 	line4: autoDraw = False
61.1900 	EXP 	probe: autoDraw = False
61.1900 	EXP 	fixation: autoDraw = True
61.3557 	EXP 	Device response: <KeyPress from None: t=61.16936079999999, value=c, duration=0.1775675000000092>
62.1725 	EXP 	line1: autoDraw = True
62.1725 	EXP 	line_2: autoDraw = True
62.1725 	EXP 	line_3: autoDraw = True
62.1725 	EXP 	line4: autoDraw = True
62.1896 	EXP 	fixation: autoDraw = False
63.1725 	INFO 	Keyboard events cleared
63.1723 	EXP 	probe: autoDraw = True
63.8408 	EXP 	Device response: <KeyPress from None: t=63.8339752, value=z, duration=None>
63.8411 	EXP 	New trial (rep=6, index=0): <Trial 24 (0 in rep 6) data={'pos': np.int64(-50), 'corr_resp': 'x', 'thisN': 24, 'thisTrialN': 0, 'thisRepN': 6}>
63.8427 	DATA 	Keypress: z
63.8564 	EXP 	fixation: autoDraw = False
63.8564 	EXP 	line1: autoDraw = False
63.8564 	EXP 	line_2: autoDraw = False
63.8564 	EXP 	line_3: autoDraw = False
63.8564 	EXP 	line4: autoDraw = False
63.8564 	EXP 	probe: autoDraw = False
63.8564 	EXP 	fixation: autoDraw = True
63.9894 	EXP 	Device response: <KeyPress from None: t=63.8339752, value=z, duration=0.1417222000000038>
64.8558 	EXP 	fixation: autoDraw = False
64.8558 	EXP 	line1: autoDraw = True
64.8558 	EXP 	line_2: autoDraw = True
64.8558 	EXP 	line_3: autoDraw = True
64.8558 	EXP 	line4: autoDraw = True
65.8561 	INFO 	Keyboard events cleared
65.8559 	EXP 	probe: autoDraw = True
66.3569 	DATA 	Mouse: Left button down, pos=(1169,890)
66.5232 	EXP 	Device response: <KeyPress from None: t=66.5205393, value=x, duration=None>
66.5237 	EXP 	New trial (rep=6, index=1): <Trial 25 (1 in rep 6) data={'pos': np.int64(150), 'corr_resp': 'v', 'thisN': 25, 'thisTrialN': 1, 'thisRepN': 6}>
66.5250 	DATA 	Keypress: x
66.5391 	EXP 	fixation: autoDraw = False
66.5391 	EXP 	line1: autoDraw = False
66.5391 	EXP 	line_2: autoDraw = False
66.5391 	EXP 	line_3: autoDraw = False
66.5391 	EXP 	line4: autoDraw = False
66.5391 	EXP 	probe: autoDraw = False
66.5391 	EXP 	fixation: autoDraw = True
66.5743 	DATA 	Mouse:  Left button up, pos=(1169,890)
66.7228 	EXP 	Device response: <KeyPress from None: t=66.5205393, value=x, duration=0.19590030000000525>
67.5225 	EXP 	line1: autoDraw = True
67.5225 	EXP 	line_2: autoDraw = True
67.5225 	EXP 	line_3: autoDraw = True
67.5225 	EXP 	line4: autoDraw = True
67.5391 	EXP 	fixation: autoDraw = False
68.5391 	INFO 	Keyboard events cleared
68.5389 	EXP 	probe: autoDraw = True
69.4234 	EXP 	Device response: <KeyPress from None: t=69.4184397, value=v, duration=None>
69.4237 	EXP 	New trial (rep=6, index=2): <Trial 26 (2 in rep 6) data={'pos': np.int64(50), 'corr_resp': 'c', 'thisN': 26, 'thisTrialN': 2, 'thisRepN': 6}>
69.4251 	DATA 	Keypress: v
69.4391 	EXP 	fixation: autoDraw = False
69.4391 	EXP 	line1: autoDraw = False
69.4391 	EXP 	line_2: autoDraw = False
69.4391 	EXP 	line_3: autoDraw = False
69.4391 	EXP 	line4: autoDraw = False
69.4391 	EXP 	probe: autoDraw = False
69.4391 	EXP 	fixation: autoDraw = True
69.5395 	EXP 	Device response: <KeyPress from None: t=69.4184397, value=v, duration=0.1095773000000122>
70.4392 	EXP 	fixation: autoDraw = False
70.4392 	EXP 	line1: autoDraw = True
70.4392 	EXP 	line_2: autoDraw = True
70.4392 	EXP 	line_3: autoDraw = True
70.4392 	EXP 	line4: autoDraw = True
71.4397 	INFO 	Keyboard events cleared
71.4395 	EXP 	probe: autoDraw = True
72.2082 	DATA 	Keypress: c
72.2233 	EXP 	Device response: <KeyPress from None: t=72.20761769999999, value=c, duration=None>
72.2237 	EXP 	New trial (rep=6, index=3): <Trial 27 (3 in rep 6) data={'pos': np.int64(-150), 'corr_resp': 'z', 'thisN': 27, 'thisTrialN': 3, 'thisRepN': 6}>
72.2391 	EXP 	fixation: autoDraw = False
72.2391 	EXP 	line1: autoDraw = False
72.2391 	EXP 	line_2: autoDraw = False
72.2391 	EXP 	line_3: autoDraw = False
72.2391 	EXP 	line4: autoDraw = False
72.2391 	EXP 	probe: autoDraw = False
72.2391 	EXP 	fixation: autoDraw = True
72.4058 	EXP 	Device response: <KeyPress from None: t=72.20761769999999, value=c, duration=0.18294860000000313>
73.2391 	EXP 	fixation: autoDraw = False
73.2391 	EXP 	line1: autoDraw = True
73.2391 	EXP 	line_2: autoDraw = True
73.2391 	EXP 	line_3: autoDraw = True
73.2391 	EXP 	line4: autoDraw = True
74.2396 	INFO 	Keyboard events cleared
74.2395 	EXP 	probe: autoDraw = True
74.9900 	EXP 	Device response: <KeyPress from None: t=74.9892304, value=z, duration=None>
74.9904 	EXP 	New trial (rep=7, index=0): <Trial 28 (0 in rep 7) data={'pos': np.int64(-50), 'corr_resp': 'x', 'thisN': 28, 'thisTrialN': 0, 'thisRepN': 7}>
74.9916 	DATA 	Keypress: z
75.0060 	EXP 	fixation: autoDraw = False
75.0060 	EXP 	line1: autoDraw = False
75.0060 	EXP 	line_2: autoDraw = False
75.0060 	EXP 	line_3: autoDraw = False
75.0060 	EXP 	line4: autoDraw = False
75.0060 	EXP 	probe: autoDraw = False
75.0060 	EXP 	fixation: autoDraw = True
75.1564 	EXP 	Device response: <KeyPress from None: t=74.9892304, value=z, duration=0.15539960000000974>
76.0060 	EXP 	fixation: autoDraw = False
76.0060 	EXP 	line1: autoDraw = True
76.0060 	EXP 	line_2: autoDraw = True
76.0060 	EXP 	line_3: autoDraw = True
76.0060 	EXP 	line4: autoDraw = True
77.0062 	INFO 	Keyboard events cleared
77.0060 	EXP 	probe: autoDraw = True
77.6246 	DATA 	Keypress: x
77.6396 	EXP 	Device response: <KeyPress from None: t=77.62343419999999, value=x, duration=None>
77.6400 	EXP 	New trial (rep=7, index=1): <Trial 29 (1 in rep 7) data={'pos': np.int64(150), 'corr_resp': 'v', 'thisN': 29, 'thisTrialN': 1, 'thisRepN': 7}>
77.6558 	EXP 	fixation: autoDraw = False
77.6558 	EXP 	line1: autoDraw = False
77.6558 	EXP 	line_2: autoDraw = False
77.6558 	EXP 	line_3: autoDraw = False
77.6558 	EXP 	line4: autoDraw = False
77.6558 	EXP 	probe: autoDraw = False
77.6558 	EXP 	fixation: autoDraw = True
77.7398 	EXP 	Device response: <KeyPress from None: t=77.62343419999999, value=x, duration=0.11245759999999905>
78.6392 	EXP 	line1: autoDraw = True
78.6392 	EXP 	line_2: autoDraw = True
78.6392 	EXP 	line_3: autoDraw = True
78.6392 	EXP 	line4: autoDraw = True
78.6559 	EXP 	fixation: autoDraw = False
79.6393 	INFO 	Keyboard events cleared
79.6391 	EXP 	probe: autoDraw = True
80.5562 	EXP 	Device response: <KeyPress from None: t=80.55220560000001, value=v, duration=None>
80.5565 	EXP 	New trial (rep=7, index=2): <Trial 30 (2 in rep 7) data={'pos': np.int64(50), 'corr_resp': 'c', 'thisN': 30, 'thisTrialN': 2, 'thisRepN': 7}>
80.5577 	DATA 	Keypress: v
80.5725 	EXP 	fixation: autoDraw = False
80.5725 	EXP 	line1: autoDraw = False
80.5725 	EXP 	line_2: autoDraw = False
80.5725 	EXP 	line_3: autoDraw = False
80.5725 	EXP 	line4: autoDraw = False
80.5725 	EXP 	probe: autoDraw = False
80.5725 	EXP 	fixation: autoDraw = True
80.7063 	EXP 	Device response: <KeyPress from None: t=80.55220560000001, value=v, duration=0.14210989999997992>
81.5560 	EXP 	line1: autoDraw = True
81.5560 	EXP 	line_2: autoDraw = True
81.5560 	EXP 	line_3: autoDraw = True
81.5560 	EXP 	line4: autoDraw = True
81.5723 	EXP 	fixation: autoDraw = False
82.5559 	INFO 	Keyboard events cleared
82.5558 	EXP 	probe: autoDraw = True
83.3749 	DATA 	Keypress: c
83.3888 	EXP 	Device response: <KeyPress from None: t=83.3734781, value=c, duration=None>
83.3891 	EXP 	New trial (rep=7, index=3): <Trial 31 (3 in rep 7) data={'pos': np.int64(-150), 'corr_resp': 'z', 'thisN': 31, 'thisTrialN': 3, 'thisRepN': 7}>
83.4056 	EXP 	fixation: autoDraw = False
83.4056 	EXP 	line1: autoDraw = False
83.4056 	EXP 	line_2: autoDraw = False
83.4056 	EXP 	line_3: autoDraw = False
83.4056 	EXP 	line4: autoDraw = False
83.4056 	EXP 	probe: autoDraw = False
83.4056 	EXP 	fixation: autoDraw = True
83.5898 	EXP 	Device response: <KeyPress from None: t=83.3734781, value=c, duration=0.21041539999998804>
84.3892 	EXP 	line1: autoDraw = True
84.3892 	EXP 	line_2: autoDraw = True
84.3892 	EXP 	line_3: autoDraw = True
84.3892 	EXP 	line4: autoDraw = True
84.4059 	EXP 	fixation: autoDraw = False
85.3895 	INFO 	Keyboard events cleared
85.3893 	EXP 	probe: autoDraw = True
85.9902 	EXP 	Device response: <KeyPress from None: t=85.97460129999999, value=z, duration=None>
85.9907 	EXP 	New trial (rep=8, index=0): <Trial 32 (0 in rep 8) data={'pos': np.int64(-50), 'corr_resp': 'x', 'thisN': 32, 'thisTrialN': 0, 'thisRepN': 8}>
85.9920 	DATA 	Keypress: z
86.0059 	EXP 	fixation: autoDraw = False
86.0059 	EXP 	line1: autoDraw = False
86.0059 	EXP 	line_2: autoDraw = False
86.0059 	EXP 	line_3: autoDraw = False
86.0059 	EXP 	line4: autoDraw = False
86.0059 	EXP 	probe: autoDraw = False
86.0059 	EXP 	fixation: autoDraw = True
86.1403 	EXP 	Device response: <KeyPress from None: t=85.97460129999999, value=z, duration=0.15840980000001537>
87.0059 	EXP 	fixation: autoDraw = False
87.0059 	EXP 	line1: autoDraw = True
87.0059 	EXP 	line_2: autoDraw = True
87.0059 	EXP 	line_3: autoDraw = True
87.0059 	EXP 	line4: autoDraw = True
88.0058 	INFO 	Keyboard events cleared
88.0057 	EXP 	probe: autoDraw = True
88.8064 	EXP 	Device response: <KeyPress from None: t=88.79347899999999, value=x, duration=None>
88.8067 	EXP 	New trial (rep=8, index=1): <Trial 33 (1 in rep 8) data={'pos': np.int64(150), 'corr_resp': 'v', 'thisN': 33, 'thisTrialN': 1, 'thisRepN': 8}>
88.8081 	DATA 	Keypress: x
88.8223 	EXP 	fixation: autoDraw = False
88.8223 	EXP 	line1: autoDraw = False
88.8223 	EXP 	line_2: autoDraw = False
88.8223 	EXP 	line_3: autoDraw = False
88.8223 	EXP 	line4: autoDraw = False
88.8223 	EXP 	probe: autoDraw = False
88.8223 	EXP 	fixation: autoDraw = True
88.9564 	EXP 	Device response: <KeyPress from None: t=88.79347899999999, value=x, duration=0.14690380000001824>
89.8056 	EXP 	line1: autoDraw = True
89.8056 	EXP 	line_2: autoDraw = True
89.8056 	EXP 	line_3: autoDraw = True
89.8056 	EXP 	line4: autoDraw = True
89.8227 	EXP 	fixation: autoDraw = False
90.8063 	INFO 	Keyboard events cleared
90.8061 	EXP 	probe: autoDraw = True
91.8401 	EXP 	Device response: <KeyPress from None: t=91.83950049999999, value=v, duration=None>
91.8405 	EXP 	New trial (rep=8, index=2): <Trial 34 (2 in rep 8) data={'pos': np.int64(50), 'corr_resp': 'c', 'thisN': 34, 'thisTrialN': 2, 'thisRepN': 8}>
91.8417 	DATA 	Keypress: v
91.8567 	EXP 	fixation: autoDraw = False
91.8567 	EXP 	line1: autoDraw = False
91.8567 	EXP 	line_2: autoDraw = False
91.8567 	EXP 	line_3: autoDraw = False
91.8567 	EXP 	line4: autoDraw = False
91.8567 	EXP 	probe: autoDraw = False
91.8567 	EXP 	fixation: autoDraw = True
91.9737 	EXP 	Device response: <KeyPress from None: t=91.83950049999999, value=v, duration=0.12685930000000667>
92.8392 	EXP 	line1: autoDraw = True
92.8392 	EXP 	line_2: autoDraw = True
92.8392 	EXP 	line_3: autoDraw = True
92.8392 	EXP 	line4: autoDraw = True
92.8559 	EXP 	fixation: autoDraw = False
93.8394 	INFO 	Keyboard events cleared
93.8392 	EXP 	probe: autoDraw = True
94.7397 	EXP 	Device response: <KeyPress from None: t=94.73711019999999, value=c, duration=None>
94.7400 	EXP 	New trial (rep=8, index=3): <Trial 35 (3 in rep 8) data={'pos': np.int64(-150), 'corr_resp': 'z', 'thisN': 35, 'thisTrialN': 3, 'thisRepN': 8}>
94.7414 	DATA 	Keypress: c
94.7560 	EXP 	fixation: autoDraw = False
94.7560 	EXP 	line1: autoDraw = False
94.7560 	EXP 	line_2: autoDraw = False
94.7560 	EXP 	line_3: autoDraw = False
94.7560 	EXP 	line4: autoDraw = False
94.7560 	EXP 	probe: autoDraw = False
94.7560 	EXP 	fixation: autoDraw = True
94.9729 	EXP 	Device response: <KeyPress from None: t=94.73711019999999, value=c, duration=0.22894750000000386>
95.7397 	EXP 	line1: autoDraw = True
95.7397 	EXP 	line_2: autoDraw = True
95.7397 	EXP 	line_3: autoDraw = True
95.7397 	EXP 	line4: autoDraw = True
95.7559 	EXP 	fixation: autoDraw = False
96.7395 	INFO 	Keyboard events cleared
96.7393 	EXP 	probe: autoDraw = True
97.5570 	EXP 	Device response: <KeyPress from None: t=97.54128270000001, value=z, duration=None>
97.5573 	EXP 	New trial (rep=9, index=0): <Trial 36 (0 in rep 9) data={'pos': np.int64(-50), 'corr_resp': 'x', 'thisN': 36, 'thisTrialN': 0, 'thisRepN': 9}>
97.5588 	DATA 	Keypress: z
97.5725 	EXP 	fixation: autoDraw = False
97.5725 	EXP 	line1: autoDraw = False
97.5725 	EXP 	line_2: autoDraw = False
97.5725 	EXP 	line_3: autoDraw = False
97.5725 	EXP 	line4: autoDraw = False
97.5725 	EXP 	probe: autoDraw = False
97.5725 	EXP 	fixation: autoDraw = True
97.6231 	EXP 	Device response: <KeyPress from None: t=97.54128270000001, value=z, duration=0.07228829999999675>
98.5560 	EXP 	line1: autoDraw = True
98.5560 	EXP 	line_2: autoDraw = True
98.5560 	EXP 	line_3: autoDraw = True
98.5560 	EXP 	line4: autoDraw = True
98.5724 	EXP 	fixation: autoDraw = False
99.5725 	INFO 	Keyboard events cleared
99.5723 	EXP 	probe: autoDraw = True
100.5065 	EXP 	Device response: <KeyPress from None: t=100.49499800000001, value=x, duration=None>
100.5069 	EXP 	New trial (rep=9, index=1): <Trial 37 (1 in rep 9) data={'pos': np.int64(150), 'corr_resp': 'v', 'thisN': 37, 'thisTrialN': 1, 'thisRepN': 9}>
100.5081 	DATA 	Keypress: x
100.5228 	EXP 	fixation: autoDraw = False
100.5228 	EXP 	line1: autoDraw = False
100.5228 	EXP 	line_2: autoDraw = False
100.5228 	EXP 	line_3: autoDraw = False
100.5228 	EXP 	line4: autoDraw = False
100.5228 	EXP 	probe: autoDraw = False
100.5228 	EXP 	fixation: autoDraw = True
100.5564 	EXP 	Device response: <KeyPress from None: t=100.49499800000001, value=x, duration=0.05137819999998783>
101.5064 	EXP 	line1: autoDraw = True
101.5064 	EXP 	line_2: autoDraw = True
101.5064 	EXP 	line_3: autoDraw = True
101.5064 	EXP 	line4: autoDraw = True
101.5227 	EXP 	fixation: autoDraw = False
102.5061 	INFO 	Keyboard events cleared
102.5059 	EXP 	probe: autoDraw = True
103.6063 	EXP 	Device response: <KeyPress from None: t=103.59884999999997, value=v, duration=None>
103.6066 	EXP 	New trial (rep=9, index=2): <Trial 38 (2 in rep 9) data={'pos': np.int64(50), 'corr_resp': 'c', 'thisN': 38, 'thisTrialN': 2, 'thisRepN': 9}>
103.6079 	DATA 	Keypress: v
103.6231 	EXP 	fixation: autoDraw = False
103.6231 	EXP 	line1: autoDraw = False
103.6231 	EXP 	line_2: autoDraw = False
103.6231 	EXP 	line_3: autoDraw = False
103.6231 	EXP 	line4: autoDraw = False
103.6231 	EXP 	probe: autoDraw = False
103.6231 	EXP 	fixation: autoDraw = True
103.6898 	EXP 	Device response: <KeyPress from None: t=103.59884999999997, value=v, duration=0.07468580000005431>
104.6057 	EXP 	line1: autoDraw = True
104.6057 	EXP 	line_2: autoDraw = True
104.6057 	EXP 	line_3: autoDraw = True
104.6057 	EXP 	line4: autoDraw = True
104.6225 	EXP 	fixation: autoDraw = False
105.6062 	INFO 	Keyboard events cleared
105.6060 	EXP 	probe: autoDraw = True
106.3222 	EXP 	Device response: <KeyPress from None: t=106.310001, value=c, duration=None>
106.3225 	EXP 	New trial (rep=9, index=3): <Trial 39 (3 in rep 9) data={'pos': np.int64(-150), 'corr_resp': 'z', 'thisN': 39, 'thisTrialN': 3, 'thisRepN': 9}>
106.3239 	DATA 	Keypress: c
106.3391 	EXP 	fixation: autoDraw = False
106.3391 	EXP 	line1: autoDraw = False
106.3391 	EXP 	line_2: autoDraw = False
106.3391 	EXP 	line_3: autoDraw = False
106.3391 	EXP 	line4: autoDraw = False
106.3391 	EXP 	probe: autoDraw = False
106.3391 	EXP 	fixation: autoDraw = True
106.4566 	EXP 	Device response: <KeyPress from None: t=106.310001, value=c, duration=0.1300188000000162>
107.3226 	EXP 	line1: autoDraw = True
107.3226 	EXP 	line_2: autoDraw = True
107.3226 	EXP 	line_3: autoDraw = True
107.3226 	EXP 	line4: autoDraw = True
107.3256 	DATA 	Keypress: lctrl
107.3392 	EXP 	fixation: autoDraw = False
107.7580 	DATA 	Keypress: lctrl
108.0410 	DATA 	Mouse: wheel shift=(0,-1), pos=(1170,893)
108.3225 	INFO 	Keyboard events cleared
108.3222 	EXP 	probe: autoDraw = True
108.9732 	EXP 	Device response: <KeyPress from None: t=108.96328060000002, value=z, duration=None>
108.9735 	EXP 	New trial (rep=10, index=0): <Trial 40 (0 in rep 10) data={'pos': np.int64(-50), 'corr_resp': 'x', 'thisN': 40, 'thisTrialN': 0, 'thisRepN': 10}>
108.9750 	DATA 	Keypress: z
108.9885 	EXP 	fixation: autoDraw = False
108.9885 	EXP 	line1: autoDraw = False
108.9885 	EXP 	line_2: autoDraw = False
108.9885 	EXP 	line_3: autoDraw = False
108.9885 	EXP 	line4: autoDraw = False
108.9885 	EXP 	probe: autoDraw = False
108.9885 	EXP 	fixation: autoDraw = True
109.1407 	EXP 	Device response: <KeyPress from None: t=108.96328060000002, value=z, duration=0.16867849999999862>
109.9732 	EXP 	line1: autoDraw = True
109.9732 	EXP 	line_2: autoDraw = True
109.9732 	EXP 	line_3: autoDraw = True
109.9732 	EXP 	line4: autoDraw = True
109.9894 	EXP 	fixation: autoDraw = False
110.9896 	INFO 	Keyboard events cleared
110.9894 	EXP 	probe: autoDraw = True
111.6066 	EXP 	Device response: <KeyPress from None: t=111.60287149999999, value=x, duration=None>
111.6070 	EXP 	New trial (rep=10, index=1): <Trial 41 (1 in rep 10) data={'pos': np.int64(150), 'corr_resp': 'v', 'thisN': 41, 'thisTrialN': 1, 'thisRepN': 10}>
111.6083 	DATA 	Keypress: x
111.6220 	EXP 	fixation: autoDraw = False
111.6220 	EXP 	line1: autoDraw = False
111.6220 	EXP 	line_2: autoDraw = False
111.6220 	EXP 	line_3: autoDraw = False
111.6220 	EXP 	line4: autoDraw = False
111.6220 	EXP 	probe: autoDraw = False
111.6220 	EXP 	fixation: autoDraw = True
111.7569 	EXP 	Device response: <KeyPress from None: t=111.60287149999999, value=x, duration=0.14301829999999427>
112.6061 	EXP 	line1: autoDraw = True
112.6061 	EXP 	line_2: autoDraw = True
112.6061 	EXP 	line_3: autoDraw = True
112.6061 	EXP 	line4: autoDraw = True
112.6221 	EXP 	fixation: autoDraw = False
113.6064 	INFO 	Keyboard events cleared
113.6063 	EXP 	probe: autoDraw = True
114.2227 	EXP 	Device response: <KeyPress from None: t=114.21924280000002, value=c, duration=None>
114.2230 	EXP 	New trial (rep=10, index=2): <Trial 42 (2 in rep 10) data={'pos': np.int64(50), 'corr_resp': 'c', 'thisN': 42, 'thisTrialN': 2, 'thisRepN': 10}>
114.2243 	DATA 	Keypress: c
114.2402 	EXP 	fixation: autoDraw = False
114.2402 	EXP 	line1: autoDraw = False
114.2402 	EXP 	line_2: autoDraw = False
114.2402 	EXP 	line_3: autoDraw = False
114.2402 	EXP 	line4: autoDraw = False
114.2402 	EXP 	probe: autoDraw = False
114.2402 	EXP 	fixation: autoDraw = True
114.4733 	EXP 	Device response: <KeyPress from None: t=114.21924280000002, value=c, duration=0.2375285999999619>
115.2233 	EXP 	line1: autoDraw = True
115.2233 	EXP 	line_2: autoDraw = True
115.2233 	EXP 	line_3: autoDraw = True
115.2233 	EXP 	line4: autoDraw = True
115.2401 	EXP 	fixation: autoDraw = False
116.2229 	INFO 	Keyboard events cleared
116.2227 	EXP 	probe: autoDraw = True
116.6390 	EXP 	Device response: <KeyPress from None: t=116.62768239999997, value=c, duration=None>
116.6395 	EXP 	New trial (rep=10, index=3): <Trial 43 (3 in rep 10) data={'pos': np.int64(-150), 'corr_resp': 'z', 'thisN': 43, 'thisTrialN': 3, 'thisRepN': 10}>
116.6408 	DATA 	Keypress: c
116.6552 	EXP 	fixation: autoDraw = False
116.6552 	EXP 	line1: autoDraw = False
116.6552 	EXP 	line_2: autoDraw = False
116.6552 	EXP 	line_3: autoDraw = False
116.6552 	EXP 	line4: autoDraw = False
116.6552 	EXP 	probe: autoDraw = False
116.6552 	EXP 	fixation: autoDraw = True
116.8557 	EXP 	Device response: <KeyPress from None: t=116.62768239999997, value=c, duration=0.21941910000003872>
117.6397 	EXP 	line1: autoDraw = True
117.6397 	EXP 	line_2: autoDraw = True
117.6397 	EXP 	line_3: autoDraw = True
117.6397 	EXP 	line4: autoDraw = True
117.6565 	EXP 	fixation: autoDraw = False
118.6394 	INFO 	Keyboard events cleared
118.6393 	EXP 	probe: autoDraw = True
119.2404 	EXP 	Device response: <KeyPress from None: t=119.23980929999999, value=z, duration=None>
119.2407 	EXP 	New trial (rep=11, index=0): <Trial 44 (0 in rep 11) data={'pos': np.int64(-50), 'corr_resp': 'x', 'thisN': 44, 'thisTrialN': 0, 'thisRepN': 11}>
119.2420 	DATA 	Keypress: z
119.2559 	EXP 	fixation: autoDraw = False
119.2559 	EXP 	line1: autoDraw = False
119.2559 	EXP 	line_2: autoDraw = False
119.2559 	EXP 	line_3: autoDraw = False
119.2559 	EXP 	line4: autoDraw = False
119.2559 	EXP 	probe: autoDraw = False
119.2559 	EXP 	fixation: autoDraw = True
119.4059 	EXP 	Device response: <KeyPress from None: t=119.23980929999999, value=z, duration=0.15933469999998806>
120.2553 	EXP 	fixation: autoDraw = False
120.2553 	EXP 	line1: autoDraw = True
120.2553 	EXP 	line_2: autoDraw = True
120.2553 	EXP 	line_3: autoDraw = True
120.2553 	EXP 	line4: autoDraw = True
121.2564 	INFO 	Keyboard events cleared
121.2562 	EXP 	probe: autoDraw = True
121.9402 	EXP 	Device response: <KeyPress from None: t=121.93873459999998, value=x, duration=None>
121.9406 	EXP 	New trial (rep=11, index=1): <Trial 45 (1 in rep 11) data={'pos': np.int64(150), 'corr_resp': 'v', 'thisN': 45, 'thisTrialN': 1, 'thisRepN': 11}>
121.9418 	DATA 	Keypress: x
121.9554 	EXP 	fixation: autoDraw = False
121.9554 	EXP 	line1: autoDraw = False
121.9554 	EXP 	line_2: autoDraw = False
121.9554 	EXP 	line_3: autoDraw = False
121.9554 	EXP 	line4: autoDraw = False
121.9554 	EXP 	probe: autoDraw = False
121.9554 	EXP 	fixation: autoDraw = True
122.1056 	EXP 	Device response: <KeyPress from None: t=121.93873459999998, value=x, duration=0.15278470000004063>
122.9557 	EXP 	fixation: autoDraw = False
122.9557 	EXP 	line1: autoDraw = True
122.9557 	EXP 	line_2: autoDraw = True
122.9557 	EXP 	line_3: autoDraw = True
122.9557 	EXP 	line4: autoDraw = True
123.9568 	INFO 	Keyboard events cleared
123.9566 	EXP 	probe: autoDraw = True
125.0084 	DATA 	Keypress: v
125.0228 	EXP 	Device response: <KeyPress from None: t=125.00710220000002, value=v, duration=None>
125.0232 	EXP 	New trial (rep=11, index=2): <Trial 46 (2 in rep 11) data={'pos': np.int64(50), 'corr_resp': 'c', 'thisN': 46, 'thisTrialN': 2, 'thisRepN': 11}>
125.0392 	EXP 	fixation: autoDraw = False
125.0392 	EXP 	line1: autoDraw = False
125.0392 	EXP 	line_2: autoDraw = False
125.0392 	EXP 	line_3: autoDraw = False
125.0392 	EXP 	line4: autoDraw = False
125.0392 	EXP 	probe: autoDraw = False
125.0392 	EXP 	fixation: autoDraw = True
125.1398 	EXP 	Device response: <KeyPress from None: t=125.00710220000002, value=v, duration=0.12077589999995553>
126.0232 	EXP 	line1: autoDraw = True
126.0232 	EXP 	line_2: autoDraw = True
126.0232 	EXP 	line_3: autoDraw = True
126.0232 	EXP 	line4: autoDraw = True
126.0399 	EXP 	fixation: autoDraw = False
127.0233 	INFO 	Keyboard events cleared
127.0231 	EXP 	probe: autoDraw = True
127.9399 	EXP 	Device response: <KeyPress from None: t=127.93364919999999, value=c, duration=None>
127.9403 	EXP 	New trial (rep=11, index=3): <Trial 47 (3 in rep 11) data={'pos': np.int64(-150), 'corr_resp': 'z', 'thisN': 47, 'thisTrialN': 3, 'thisRepN': 11}>
127.9416 	DATA 	Keypress: c
127.9554 	EXP 	fixation: autoDraw = False
127.9554 	EXP 	line1: autoDraw = False
127.9554 	EXP 	line_2: autoDraw = False
127.9554 	EXP 	line_3: autoDraw = False
127.9554 	EXP 	line4: autoDraw = False
127.9554 	EXP 	probe: autoDraw = False
127.9554 	EXP 	fixation: autoDraw = True
128.1234 	EXP 	Device response: <KeyPress from None: t=127.93364919999999, value=c, duration=0.1792644000000223>
128.9396 	EXP 	line1: autoDraw = True
128.9396 	EXP 	line_2: autoDraw = True
128.9396 	EXP 	line_3: autoDraw = True
128.9396 	EXP 	line4: autoDraw = True
128.9559 	EXP 	fixation: autoDraw = False
129.9397 	INFO 	Keyboard events cleared
129.9396 	EXP 	probe: autoDraw = True
130.8231 	EXP 	Device response: <KeyPress from None: t=130.809826, value=z, duration=None>
130.8234 	EXP 	New trial (rep=12, index=0): <Trial 48 (0 in rep 12) data={'pos': np.int64(-50), 'corr_resp': 'x', 'thisN': 48, 'thisTrialN': 0, 'thisRepN': 12}>
130.8247 	DATA 	Keypress: z
130.8388 	EXP 	fixation: autoDraw = False
130.8388 	EXP 	line1: autoDraw = False
130.8388 	EXP 	line_2: autoDraw = False
130.8388 	EXP 	line_3: autoDraw = False
130.8388 	EXP 	line4: autoDraw = False
130.8388 	EXP 	probe: autoDraw = False
130.8388 	EXP 	fixation: autoDraw = True
130.9235 	EXP 	Device response: <KeyPress from None: t=130.809826, value=z, duration=0.10245439999999917>
131.8225 	EXP 	line1: autoDraw = True
131.8225 	EXP 	line_2: autoDraw = True
131.8225 	EXP 	line_3: autoDraw = True
131.8225 	EXP 	line4: autoDraw = True
131.8397 	EXP 	fixation: autoDraw = False
132.8231 	INFO 	Keyboard events cleared
132.8229 	EXP 	probe: autoDraw = True
133.5574 	EXP 	Device response: <KeyPress from None: t=133.54580149999998, value=x, duration=None>
133.5578 	EXP 	New trial (rep=12, index=1): <Trial 49 (1 in rep 12) data={'pos': np.int64(150), 'corr_resp': 'v', 'thisN': 49, 'thisTrialN': 1, 'thisRepN': 12}>
133.5594 	DATA 	Keypress: x
133.5721 	EXP 	fixation: autoDraw = False
133.5721 	EXP 	line1: autoDraw = False
133.5721 	EXP 	line_2: autoDraw = False
133.5721 	EXP 	line_3: autoDraw = False
133.5721 	EXP 	line4: autoDraw = False
133.5721 	EXP 	probe: autoDraw = False
133.5721 	EXP 	fixation: autoDraw = True
133.6896 	EXP 	Device response: <KeyPress from None: t=133.54580149999998, value=x, duration=0.12743160000002263>
134.5733 	EXP 	fixation: autoDraw = False
134.5733 	EXP 	line1: autoDraw = True
134.5733 	EXP 	line_2: autoDraw = True
134.5733 	EXP 	line_3: autoDraw = True
134.5733 	EXP 	line4: autoDraw = True
135.5722 	INFO 	Keyboard events cleared
135.5720 	EXP 	probe: autoDraw = True
136.5067 	EXP 	Device response: <KeyPress from None: t=136.4960732, value=v, duration=None>
136.5070 	EXP 	New trial (rep=12, index=2): <Trial 50 (2 in rep 12) data={'pos': np.int64(50), 'corr_resp': 'c', 'thisN': 50, 'thisTrialN': 2, 'thisRepN': 12}>
136.5083 	DATA 	Keypress: v
136.5224 	EXP 	fixation: autoDraw = False
136.5224 	EXP 	line1: autoDraw = False
136.5224 	EXP 	line_2: autoDraw = False
136.5224 	EXP 	line_3: autoDraw = False
136.5224 	EXP 	line4: autoDraw = False
136.5224 	EXP 	probe: autoDraw = False
136.5224 	EXP 	fixation: autoDraw = True
136.6229 	EXP 	Device response: <KeyPress from None: t=136.4960732, value=v, duration=0.11683239999996431>
137.5054 	EXP 	line1: autoDraw = True
137.5054 	EXP 	line_2: autoDraw = True
137.5054 	EXP 	line_3: autoDraw = True
137.5054 	EXP 	line4: autoDraw = True
137.5231 	EXP 	fixation: autoDraw = False
138.5233 	INFO 	Keyboard events cleared
138.5231 	EXP 	probe: autoDraw = True
139.5068 	EXP 	Device response: <KeyPress from None: t=139.49373989999998, value=c, duration=None>
139.5072 	EXP 	New trial (rep=12, index=3): <Trial 51 (3 in rep 12) data={'pos': np.int64(-150), 'corr_resp': 'z', 'thisN': 51, 'thisTrialN': 3, 'thisRepN': 12}>
139.5086 	DATA 	Keypress: c
139.5223 	EXP 	fixation: autoDraw = False
139.5223 	EXP 	line1: autoDraw = False
139.5223 	EXP 	line_2: autoDraw = False
139.5223 	EXP 	line_3: autoDraw = False
139.5223 	EXP 	line4: autoDraw = False
139.5223 	EXP 	probe: autoDraw = False
139.5223 	EXP 	fixation: autoDraw = True
139.6561 	EXP 	Device response: <KeyPress from None: t=139.49373989999998, value=c, duration=0.15461450000003651>
140.5066 	EXP 	line1: autoDraw = True
140.5066 	EXP 	line_2: autoDraw = True
140.5066 	EXP 	line_3: autoDraw = True
140.5066 	EXP 	line4: autoDraw = True
140.5228 	EXP 	fixation: autoDraw = False
141.5231 	INFO 	Keyboard events cleared
141.5229 	EXP 	probe: autoDraw = True
142.0896 	EXP 	Device response: <KeyPress from None: t=142.074835, value=z, duration=None>
142.0901 	EXP 	New trial (rep=13, index=0): <Trial 52 (0 in rep 13) data={'pos': np.int64(-50), 'corr_resp': 'x', 'thisN': 52, 'thisTrialN': 0, 'thisRepN': 13}>
142.0915 	DATA 	Keypress: z
142.1056 	EXP 	fixation: autoDraw = False
142.1056 	EXP 	line1: autoDraw = False
142.1056 	EXP 	line_2: autoDraw = False
142.1056 	EXP 	line_3: autoDraw = False
142.1056 	EXP 	line4: autoDraw = False
142.1056 	EXP 	probe: autoDraw = False
142.1056 	EXP 	fixation: autoDraw = True
142.2566 	EXP 	Device response: <KeyPress from None: t=142.074835, value=z, duration=0.17382270000001654>
143.1064 	EXP 	fixation: autoDraw = False
143.1064 	EXP 	line1: autoDraw = True
143.1064 	EXP 	line_2: autoDraw = True
143.1064 	EXP 	line_3: autoDraw = True
143.1064 	EXP 	line4: autoDraw = True
144.0897 	INFO 	Keyboard events cleared
144.0895 	EXP 	probe: autoDraw = True
144.9896 	EXP 	Device response: <KeyPress from None: t=144.97649030000002, value=x, duration=None>
144.9900 	EXP 	New trial (rep=13, index=1): <Trial 53 (1 in rep 13) data={'pos': np.int64(150), 'corr_resp': 'v', 'thisN': 53, 'thisTrialN': 1, 'thisRepN': 13}>
144.9912 	DATA 	Keypress: x
145.0053 	EXP 	fixation: autoDraw = False
145.0053 	EXP 	line1: autoDraw = False
145.0053 	EXP 	line_2: autoDraw = False
145.0053 	EXP 	line_3: autoDraw = False
145.0053 	EXP 	line4: autoDraw = False
145.0053 	EXP 	probe: autoDraw = False
145.0053 	EXP 	fixation: autoDraw = True
145.0892 	EXP 	Device response: <KeyPress from None: t=144.97649030000002, value=x, duration=0.09627339999997275>
145.9900 	EXP 	line1: autoDraw = True
145.9900 	EXP 	line_2: autoDraw = True
145.9900 	EXP 	line_3: autoDraw = True
145.9900 	EXP 	line4: autoDraw = True
146.0059 	EXP 	fixation: autoDraw = False
146.9895 	INFO 	Keyboard events cleared
146.9893 	EXP 	probe: autoDraw = True
148.0229 	EXP 	Device response: <KeyPress from None: t=148.0224409, value=v, duration=None>
148.0233 	EXP 	New trial (rep=13, index=2): <Trial 54 (2 in rep 13) data={'pos': np.int64(50), 'corr_resp': 'c', 'thisN': 54, 'thisTrialN': 2, 'thisRepN': 13}>
148.0246 	DATA 	Keypress: v
148.0389 	EXP 	fixation: autoDraw = False
148.0389 	EXP 	line1: autoDraw = False
148.0389 	EXP 	line_2: autoDraw = False
148.0389 	EXP 	line_3: autoDraw = False
148.0389 	EXP 	line4: autoDraw = False
148.0389 	EXP 	probe: autoDraw = False
148.0389 	EXP 	fixation: autoDraw = True
148.2236 	EXP 	Device response: <KeyPress from None: t=148.0224409, value=v, duration=0.18591420000001335>
149.0234 	EXP 	line1: autoDraw = True
149.0234 	EXP 	line_2: autoDraw = True
149.0234 	EXP 	line_3: autoDraw = True
149.0234 	EXP 	line4: autoDraw = True
149.0397 	EXP 	fixation: autoDraw = False
150.0226 	INFO 	Keyboard events cleared
150.0225 	EXP 	probe: autoDraw = True
150.7730 	EXP 	Device response: <KeyPress from None: t=150.76447079999997, value=c, duration=None>
150.7734 	EXP 	New trial (rep=13, index=3): <Trial 55 (3 in rep 13) data={'pos': np.int64(-150), 'corr_resp': 'z', 'thisN': 55, 'thisTrialN': 3, 'thisRepN': 13}>
150.7750 	DATA 	Keypress: c
150.7888 	EXP 	fixation: autoDraw = False
150.7888 	EXP 	line1: autoDraw = False
150.7888 	EXP 	line_2: autoDraw = False
150.7888 	EXP 	line_3: autoDraw = False
150.7888 	EXP 	line4: autoDraw = False
150.7888 	EXP 	probe: autoDraw = False
150.7888 	EXP 	fixation: autoDraw = True
150.9059 	EXP 	Device response: <KeyPress from None: t=150.76447079999997, value=c, duration=0.12638700000002245>
151.7729 	EXP 	line1: autoDraw = True
151.7729 	EXP 	line_2: autoDraw = True
151.7729 	EXP 	line_3: autoDraw = True
151.7729 	EXP 	line4: autoDraw = True
151.7898 	EXP 	fixation: autoDraw = False
152.7728 	INFO 	Keyboard events cleared
152.7726 	EXP 	probe: autoDraw = True
153.6750 	DATA 	Keypress: z
153.6902 	EXP 	Device response: <KeyPress from None: t=153.67375979999997, value=z, duration=None>
153.6906 	EXP 	New trial (rep=14, index=0): <Trial 56 (0 in rep 14) data={'pos': np.int64(-50), 'corr_resp': 'x', 'thisN': 56, 'thisTrialN': 0, 'thisRepN': 14}>
153.7055 	EXP 	fixation: autoDraw = False
153.7055 	EXP 	line1: autoDraw = False
153.7055 	EXP 	line_2: autoDraw = False
153.7055 	EXP 	line_3: autoDraw = False
153.7055 	EXP 	line4: autoDraw = False
153.7055 	EXP 	probe: autoDraw = False
153.7055 	EXP 	fixation: autoDraw = True
153.8066 	EXP 	Device response: <KeyPress from None: t=153.67375979999997, value=z, duration=0.12322160000002214>
154.7060 	EXP 	fixation: autoDraw = False
154.7060 	EXP 	line1: autoDraw = True
154.7060 	EXP 	line_2: autoDraw = True
154.7060 	EXP 	line_3: autoDraw = True
154.7060 	EXP 	line4: autoDraw = True
155.6900 	INFO 	Keyboard events cleared
155.6898 	EXP 	probe: autoDraw = True
156.2061 	EXP 	Device response: <KeyPress from None: t=156.2024647, value=x, duration=None>
156.2065 	EXP 	New trial (rep=14, index=1): <Trial 57 (1 in rep 14) data={'pos': np.int64(150), 'corr_resp': 'v', 'thisN': 57, 'thisTrialN': 1, 'thisRepN': 14}>
156.2078 	DATA 	Keypress: x
156.2221 	EXP 	fixation: autoDraw = False
156.2221 	EXP 	line1: autoDraw = False
156.2221 	EXP 	line_2: autoDraw = False
156.2221 	EXP 	line_3: autoDraw = False
156.2221 	EXP 	line4: autoDraw = False
156.2221 	EXP 	probe: autoDraw = False
156.2221 	EXP 	fixation: autoDraw = True
156.3739 	EXP 	Device response: <KeyPress from None: t=156.2024647, value=x, duration=0.16022629999997662>
157.2067 	EXP 	line1: autoDraw = True
157.2067 	EXP 	line_2: autoDraw = True
157.2067 	EXP 	line_3: autoDraw = True
157.2067 	EXP 	line4: autoDraw = True
157.2220 	EXP 	fixation: autoDraw = False
158.2056 	INFO 	Keyboard events cleared
158.2054 	EXP 	probe: autoDraw = True
159.0396 	EXP 	Device response: <KeyPress from None: t=159.0369769, value=v, duration=None>
159.0400 	EXP 	New trial (rep=14, index=2): <Trial 58 (2 in rep 14) data={'pos': np.int64(50), 'corr_resp': 'c', 'thisN': 58, 'thisTrialN': 2, 'thisRepN': 14}>
159.0413 	DATA 	Keypress: v
159.0555 	EXP 	fixation: autoDraw = False
159.0555 	EXP 	line1: autoDraw = False
159.0555 	EXP 	line_2: autoDraw = False
159.0555 	EXP 	line_3: autoDraw = False
159.0555 	EXP 	line4: autoDraw = False
159.0555 	EXP 	probe: autoDraw = False
159.0555 	EXP 	fixation: autoDraw = True
159.1898 	EXP 	Device response: <KeyPress from None: t=159.0369769, value=v, duration=0.14300349999996342>
159.9740 	DATA 	Mouse: Left button down, pos=(1248,841)
160.0236 	DATA 	Mouse:  Left button up, pos=(1248,841)
160.0560 	EXP 	fixation: autoDraw = False
160.0560 	EXP 	line1: autoDraw = True
160.0560 	EXP 	line_2: autoDraw = True
160.0560 	EXP 	line_3: autoDraw = True
160.0560 	EXP 	line4: autoDraw = True
161.0394 	INFO 	Keyboard events cleared
161.0392 	EXP 	probe: autoDraw = True
161.8878 	EXP 	Device response: <KeyPress from None: t=161.8862727, value=c, duration=None>
161.8881 	EXP 	New trial (rep=14, index=3): <Trial 59 (3 in rep 14) data={'pos': np.int64(-150), 'corr_resp': 'z', 'thisN': 59, 'thisTrialN': 3, 'thisRepN': 14}>
161.8891 	DATA 	Keypress: c
161.9039 	EXP 	fixation: autoDraw = False
161.9039 	EXP 	line1: autoDraw = False
161.9039 	EXP 	line_2: autoDraw = False
161.9039 	EXP 	line_3: autoDraw = False
161.9039 	EXP 	line4: autoDraw = False
161.9039 	EXP 	probe: autoDraw = False
161.9039 	EXP 	fixation: autoDraw = True
162.0067 	EXP 	Device response: <KeyPress from None: t=161.8862727, value=c, duration=0.11187219999999343>
162.8895 	EXP 	line1: autoDraw = True
162.8895 	EXP 	line_2: autoDraw = True
162.8895 	EXP 	line_3: autoDraw = True
162.8895 	EXP 	line4: autoDraw = True
162.9061 	EXP 	fixation: autoDraw = False
163.8897 	INFO 	Keyboard events cleared
163.8895 	EXP 	probe: autoDraw = True
164.6591 	DATA 	Mouse: Right button down, pos=(1248,841)
164.7728 	EXP 	Device response: <KeyPress from None: t=164.7618415, value=z, duration=None>
164.7733 	EXP 	New trial (rep=15, index=0): <Trial 60 (0 in rep 15) data={'pos': np.int64(-50), 'corr_resp': 'x', 'thisN': 60, 'thisTrialN': 0, 'thisRepN': 15}>
164.7746 	DATA 	Mouse:  Right button up, pos=(1248,841)
164.7749 	DATA 	Keypress: z
164.7891 	EXP 	fixation: autoDraw = False
164.7891 	EXP 	line1: autoDraw = False
164.7891 	EXP 	line_2: autoDraw = False
164.7891 	EXP 	line_3: autoDraw = False
164.7891 	EXP 	line4: autoDraw = False
164.7891 	EXP 	probe: autoDraw = False
164.7891 	EXP 	fixation: autoDraw = True
164.9741 	EXP 	Device response: <KeyPress from None: t=164.7618415, value=z, duration=0.20182610000000523>
165.6744 	DATA 	Mouse: Left button down, pos=(1248,841)
165.7734 	EXP 	line1: autoDraw = True
165.7734 	EXP 	line_2: autoDraw = True
165.7734 	EXP 	line_3: autoDraw = True
165.7734 	EXP 	line4: autoDraw = True
165.7897 	EXP 	fixation: autoDraw = False
165.8253 	DATA 	Mouse:  Left button up, pos=(1248,841)
165.8934 	DATA 	Mouse: Left button down, pos=(1248,841)
166.1238 	DATA 	Mouse:  Left button up, pos=(1248,841)
166.7731 	INFO 	Keyboard events cleared
166.7729 	EXP 	probe: autoDraw = True
167.6577 	EXP 	Device response: <KeyPress from None: t=167.65042979999998, value=x, duration=None>
167.6580 	EXP 	New trial (rep=15, index=1): <Trial 61 (1 in rep 15) data={'pos': np.int64(150), 'corr_resp': 'v', 'thisN': 61, 'thisTrialN': 1, 'thisRepN': 15}>
167.6593 	DATA 	Keypress: x
167.6727 	EXP 	fixation: autoDraw = False
167.6727 	EXP 	line1: autoDraw = False
167.6727 	EXP 	line_2: autoDraw = False
167.6727 	EXP 	line_3: autoDraw = False
167.6727 	EXP 	line4: autoDraw = False
167.6727 	EXP 	probe: autoDraw = False
167.6727 	EXP 	fixation: autoDraw = True
167.7566 	EXP 	Device response: <KeyPress from None: t=167.65042979999998, value=x, duration=0.09983629999999266>
168.6728 	EXP 	fixation: autoDraw = False
168.6728 	EXP 	line1: autoDraw = True
168.6728 	EXP 	line_2: autoDraw = True
168.6728 	EXP 	line_3: autoDraw = True
168.6728 	EXP 	line4: autoDraw = True
169.6730 	INFO 	Keyboard events cleared
169.6729 	EXP 	probe: autoDraw = True
170.7596 	DATA 	Keypress: v
170.7740 	EXP 	Device response: <KeyPress from None: t=170.75728550000002, value=v, duration=None>
170.7745 	EXP 	New trial (rep=15, index=2): <Trial 62 (2 in rep 15) data={'pos': np.int64(50), 'corr_resp': 'c', 'thisN': 62, 'thisTrialN': 2, 'thisRepN': 15}>
170.7913 	EXP 	fixation: autoDraw = False
170.7913 	EXP 	line1: autoDraw = False
170.7913 	EXP 	line_2: autoDraw = False
170.7913 	EXP 	line_3: autoDraw = False
170.7913 	EXP 	line4: autoDraw = False
170.7913 	EXP 	probe: autoDraw = False
170.7913 	EXP 	fixation: autoDraw = True
171.0074 	EXP 	Device response: <KeyPress from None: t=170.75728550000002, value=v, duration=0.23765199999996867>
171.7884 	EXP 	line1: autoDraw = True
171.7884 	EXP 	line_2: autoDraw = True
171.7884 	EXP 	line_3: autoDraw = True
171.7884 	EXP 	line4: autoDraw = True
171.8042 	EXP 	fixation: autoDraw = False
172.7888 	INFO 	Keyboard events cleared
172.7886 	EXP 	probe: autoDraw = True
173.6390 	EXP 	Device response: <KeyPress from None: t=173.62899399999998, value=c, duration=None>
173.6394 	EXP 	New trial (rep=15, index=3): <Trial 63 (3 in rep 15) data={'pos': np.int64(-150), 'corr_resp': 'z', 'thisN': 63, 'thisTrialN': 3, 'thisRepN': 15}>
173.6414 	DATA 	Keypress: c
173.6547 	EXP 	fixation: autoDraw = False
173.6547 	EXP 	line1: autoDraw = False
173.6547 	EXP 	line_2: autoDraw = False
173.6547 	EXP 	line_3: autoDraw = False
173.6547 	EXP 	line4: autoDraw = False
173.6547 	EXP 	probe: autoDraw = False
173.6547 	EXP 	fixation: autoDraw = True
173.7898 	EXP 	Device response: <KeyPress from None: t=173.62899399999998, value=c, duration=0.1442771000000107>
174.6385 	EXP 	line1: autoDraw = True
174.6385 	EXP 	line_2: autoDraw = True
174.6385 	EXP 	line_3: autoDraw = True
174.6385 	EXP 	line4: autoDraw = True
174.6552 	EXP 	fixation: autoDraw = False
175.6388 	INFO 	Keyboard events cleared
175.6386 	EXP 	probe: autoDraw = True
176.1411 	DATA 	Keypress: z
176.1562 	EXP 	Device response: <KeyPress from None: t=176.1400471, value=z, duration=None>
176.1567 	EXP 	New trial (rep=16, index=0): <Trial 64 (0 in rep 16) data={'pos': np.int64(-50), 'corr_resp': 'x', 'thisN': 64, 'thisTrialN': 0, 'thisRepN': 16}>
176.1716 	EXP 	fixation: autoDraw = False
176.1716 	EXP 	line1: autoDraw = False
176.1716 	EXP 	line_2: autoDraw = False
176.1716 	EXP 	line_3: autoDraw = False
176.1716 	EXP 	line4: autoDraw = False
176.1716 	EXP 	probe: autoDraw = False
176.1716 	EXP 	fixation: autoDraw = True
176.3388 	EXP 	Device response: <KeyPress from None: t=176.1400471, value=z, duration=0.18727459999996654>
177.1709 	EXP 	fixation: autoDraw = False
177.1709 	EXP 	line1: autoDraw = True
177.1709 	EXP 	line_2: autoDraw = True
177.1709 	EXP 	line_3: autoDraw = True
177.1709 	EXP 	line4: autoDraw = True
178.1711 	INFO 	Keyboard events cleared
178.1709 	EXP 	probe: autoDraw = True
178.8549 	EXP 	Device response: <KeyPress from None: t=178.8404506, value=x, duration=None>
178.8552 	EXP 	New trial (rep=16, index=1): <Trial 65 (1 in rep 16) data={'pos': np.int64(150), 'corr_resp': 'v', 'thisN': 65, 'thisTrialN': 1, 'thisRepN': 16}>
178.8565 	DATA 	Keypress: x
178.8710 	EXP 	fixation: autoDraw = False
178.8710 	EXP 	line1: autoDraw = False
178.8710 	EXP 	line_2: autoDraw = False
178.8710 	EXP 	line_3: autoDraw = False
178.8710 	EXP 	line4: autoDraw = False
178.8710 	EXP 	probe: autoDraw = False
178.8710 	EXP 	fixation: autoDraw = True
179.0383 	EXP 	Device response: <KeyPress from None: t=178.8404506, value=x, duration=0.18680069999999205>
179.8546 	EXP 	line1: autoDraw = True
179.8546 	EXP 	line_2: autoDraw = True
179.8546 	EXP 	line_3: autoDraw = True
179.8546 	EXP 	line4: autoDraw = True
179.8709 	EXP 	fixation: autoDraw = False
180.8552 	INFO 	Keyboard events cleared
180.8551 	EXP 	probe: autoDraw = True
181.7214 	EXP 	Device response: <KeyPress from None: t=181.7137325, value=v, duration=None>
181.7217 	EXP 	New trial (rep=16, index=2): <Trial 66 (2 in rep 16) data={'pos': np.int64(50), 'corr_resp': 'c', 'thisN': 66, 'thisTrialN': 2, 'thisRepN': 16}>
181.7228 	DATA 	Keypress: v
181.7375 	EXP 	fixation: autoDraw = False
181.7375 	EXP 	line1: autoDraw = False
181.7375 	EXP 	line_2: autoDraw = False
181.7375 	EXP 	line_3: autoDraw = False
181.7375 	EXP 	line4: autoDraw = False
181.7375 	EXP 	probe: autoDraw = False
181.7375 	EXP 	fixation: autoDraw = True
181.8714 	EXP 	Device response: <KeyPress from None: t=181.7137325, value=v, duration=0.15570029999997814>
182.7212 	EXP 	line1: autoDraw = True
182.7212 	EXP 	line_2: autoDraw = True
182.7212 	EXP 	line_3: autoDraw = True
182.7212 	EXP 	line4: autoDraw = True
182.7380 	EXP 	fixation: autoDraw = False
183.7223 	INFO 	Keyboard events cleared
183.7221 	EXP 	probe: autoDraw = True
185.4553 	EXP 	Device response: <KeyPress from None: t=185.4514094, value=c, duration=None>
185.4557 	EXP 	New trial (rep=16, index=3): <Trial 67 (3 in rep 16) data={'pos': np.int64(-150), 'corr_resp': 'z', 'thisN': 67, 'thisTrialN': 3, 'thisRepN': 16}>
185.4571 	DATA 	Keypress: c
185.4714 	EXP 	fixation: autoDraw = False
185.4714 	EXP 	line1: autoDraw = False
185.4714 	EXP 	line_2: autoDraw = False
185.4714 	EXP 	line_3: autoDraw = False
185.4714 	EXP 	line4: autoDraw = False
185.4714 	EXP 	probe: autoDraw = False
185.4714 	EXP 	fixation: autoDraw = True
185.6214 	EXP 	Device response: <KeyPress from None: t=185.4514094, value=c, duration=0.1567982999999913>
186.4542 	EXP 	line1: autoDraw = True
186.4542 	EXP 	line_2: autoDraw = True
186.4542 	EXP 	line_3: autoDraw = True
186.4542 	EXP 	line4: autoDraw = True
186.4711 	EXP 	fixation: autoDraw = False
187.4558 	INFO 	Keyboard events cleared
187.4557 	EXP 	probe: autoDraw = True
188.1229 	EXP 	Device response: <KeyPress from None: t=188.10944189999998, value=z, duration=None>
188.1233 	EXP 	New trial (rep=17, index=0): <Trial 68 (0 in rep 17) data={'pos': np.int64(-50), 'corr_resp': 'x', 'thisN': 68, 'thisTrialN': 0, 'thisRepN': 17}>
188.1246 	DATA 	Keypress: z
188.1389 	EXP 	fixation: autoDraw = False
188.1389 	EXP 	line1: autoDraw = False
188.1389 	EXP 	line_2: autoDraw = False
188.1389 	EXP 	line_3: autoDraw = False
188.1389 	EXP 	line4: autoDraw = False
188.1389 	EXP 	probe: autoDraw = False
188.1389 	EXP 	fixation: autoDraw = True
188.2402 	EXP 	Device response: <KeyPress from None: t=188.10944189999998, value=z, duration=0.12442480000004252>
189.1230 	EXP 	line1: autoDraw = True
189.1230 	EXP 	line_2: autoDraw = True
189.1230 	EXP 	line_3: autoDraw = True
189.1230 	EXP 	line4: autoDraw = True
189.1397 	EXP 	fixation: autoDraw = False
190.1226 	INFO 	Keyboard events cleared
190.1225 	EXP 	probe: autoDraw = True
190.8566 	EXP 	Device response: <KeyPress from None: t=190.8502166, value=x, duration=None>
190.8570 	EXP 	New trial (rep=17, index=1): <Trial 69 (1 in rep 17) data={'pos': np.int64(150), 'corr_resp': 'v', 'thisN': 69, 'thisTrialN': 1, 'thisRepN': 17}>
190.8584 	DATA 	Keypress: x
190.8723 	EXP 	fixation: autoDraw = False
190.8723 	EXP 	line1: autoDraw = False
190.8723 	EXP 	line_2: autoDraw = False
190.8723 	EXP 	line_3: autoDraw = False
190.8723 	EXP 	line4: autoDraw = False
190.8723 	EXP 	probe: autoDraw = False
190.8723 	EXP 	fixation: autoDraw = True
191.0727 	EXP 	Device response: <KeyPress from None: t=190.8502166, value=x, duration=0.2118927999999869>
191.8568 	EXP 	line1: autoDraw = True
191.8568 	EXP 	line_2: autoDraw = True
191.8568 	EXP 	line_3: autoDraw = True
191.8568 	EXP 	line4: autoDraw = True
191.8723 	EXP 	fixation: autoDraw = False
192.8565 	INFO 	Keyboard events cleared
192.8563 	EXP 	probe: autoDraw = True
193.4733 	EXP 	Device response: <KeyPress from None: t=193.4609243, value=v, duration=None>
193.4736 	EXP 	New trial (rep=17, index=2): <Trial 70 (2 in rep 17) data={'pos': np.int64(50), 'corr_resp': 'c', 'thisN': 70, 'thisTrialN': 2, 'thisRepN': 17}>
193.4750 	DATA 	Keypress: v
193.4898 	EXP 	fixation: autoDraw = False
193.4898 	EXP 	line1: autoDraw = False
193.4898 	EXP 	line_2: autoDraw = False
193.4898 	EXP 	line_3: autoDraw = False
193.4898 	EXP 	line4: autoDraw = False
193.4898 	EXP 	probe: autoDraw = False
193.4898 	EXP 	fixation: autoDraw = True
193.6574 	EXP 	Device response: <KeyPress from None: t=193.4609243, value=v, duration=0.19538340000002563>
194.4728 	EXP 	line1: autoDraw = True
194.4728 	EXP 	line_2: autoDraw = True
194.4728 	EXP 	line_3: autoDraw = True
194.4728 	EXP 	line4: autoDraw = True
194.4894 	EXP 	fixation: autoDraw = False
195.4898 	INFO 	Keyboard events cleared
195.4896 	EXP 	probe: autoDraw = True
196.2403 	EXP 	Device response: <KeyPress from None: t=196.22612149999998, value=c, duration=None>
196.2407 	EXP 	New trial (rep=17, index=3): <Trial 71 (3 in rep 17) data={'pos': np.int64(-150), 'corr_resp': 'z', 'thisN': 71, 'thisTrialN': 3, 'thisRepN': 17}>
196.2420 	DATA 	Keypress: c
196.2561 	EXP 	fixation: autoDraw = False
196.2561 	EXP 	line1: autoDraw = False
196.2561 	EXP 	line_2: autoDraw = False
196.2561 	EXP 	line_3: autoDraw = False
196.2561 	EXP 	line4: autoDraw = False
196.2561 	EXP 	probe: autoDraw = False
196.2561 	EXP 	fixation: autoDraw = True
196.4400 	EXP 	Device response: <KeyPress from None: t=196.22612149999998, value=c, duration=0.19948940000000448>
197.2396 	EXP 	line1: autoDraw = True
197.2396 	EXP 	line_2: autoDraw = True
197.2396 	EXP 	line_3: autoDraw = True
197.2396 	EXP 	line4: autoDraw = True
197.2562 	EXP 	fixation: autoDraw = False
197.7738 	EXP 	Device response: <KeyPress from None: t=197.76739679999997, value=z, duration=None>
197.7752 	DATA 	Keypress: z
197.9401 	EXP 	Device response: <KeyPress from None: t=197.76739679999997, value=z, duration=0.16904120000003786>
198.2567 	INFO 	Keyboard events cleared
198.2565 	EXP 	probe: autoDraw = True
198.3402 	EXP 	Device response: <KeyPress from None: t=198.32595600000002, value=z, duration=None>
198.3406 	EXP 	New trial (rep=18, index=0): <Trial 72 (0 in rep 18) data={'pos': np.int64(-50), 'corr_resp': 'x', 'thisN': 72, 'thisTrialN': 0, 'thisRepN': 18}>
198.3423 	DATA 	Keypress: z
198.3562 	EXP 	fixation: autoDraw = False
198.3562 	EXP 	line1: autoDraw = False
198.3562 	EXP 	line_2: autoDraw = False
198.3562 	EXP 	line_3: autoDraw = False
198.3562 	EXP 	line4: autoDraw = False
198.3562 	EXP 	probe: autoDraw = False
198.3562 	EXP 	fixation: autoDraw = True
198.5067 	EXP 	Device response: <KeyPress from None: t=198.32595600000002, value=z, duration=0.1775686999999948>
199.3561 	EXP 	fixation: autoDraw = False
199.3561 	EXP 	line1: autoDraw = True
199.3561 	EXP 	line_2: autoDraw = True
199.3561 	EXP 	line_3: autoDraw = True
199.3561 	EXP 	line4: autoDraw = True
200.3569 	INFO 	Keyboard events cleared
200.3567 	EXP 	probe: autoDraw = True
200.9906 	EXP 	Device response: <KeyPress from None: t=200.9893227, value=x, duration=None>
200.9909 	EXP 	New trial (rep=18, index=1): <Trial 73 (1 in rep 18) data={'pos': np.int64(150), 'corr_resp': 'v', 'thisN': 73, 'thisTrialN': 1, 'thisRepN': 18}>
200.9922 	DATA 	Keypress: x
201.0062 	EXP 	fixation: autoDraw = False
201.0062 	EXP 	line1: autoDraw = False
201.0062 	EXP 	line_2: autoDraw = False
201.0062 	EXP 	line_3: autoDraw = False
201.0062 	EXP 	line4: autoDraw = False
201.0062 	EXP 	probe: autoDraw = False
201.0062 	EXP 	fixation: autoDraw = True
201.3572 	EXP 	Device response: <KeyPress from None: t=200.9893227, value=x, duration=0.36004379999997127>
202.0058 	EXP 	fixation: autoDraw = False
202.0058 	EXP 	line1: autoDraw = True
202.0058 	EXP 	line_2: autoDraw = True
202.0058 	EXP 	line_3: autoDraw = True
202.0058 	EXP 	line4: autoDraw = True
202.9907 	INFO 	Keyboard events cleared
202.9905 	EXP 	probe: autoDraw = True
203.3566 	EXP 	Device response: <KeyPress from None: t=203.349307, value=v, duration=None>
203.3570 	EXP 	New trial (rep=18, index=2): <Trial 74 (2 in rep 18) data={'pos': np.int64(50), 'corr_resp': 'c', 'thisN': 74, 'thisTrialN': 2, 'thisRepN': 18}>
203.3584 	DATA 	Keypress: v
203.3730 	EXP 	fixation: autoDraw = False
203.3730 	EXP 	line1: autoDraw = False
203.3730 	EXP 	line_2: autoDraw = False
203.3730 	EXP 	line_3: autoDraw = False
203.3730 	EXP 	line4: autoDraw = False
203.3730 	EXP 	probe: autoDraw = False
203.3730 	EXP 	fixation: autoDraw = True
203.5734 	EXP 	Device response: <KeyPress from None: t=203.349307, value=v, duration=0.22091019999999162>
204.3568 	EXP 	line1: autoDraw = True
204.3568 	EXP 	line_2: autoDraw = True
204.3568 	EXP 	line_3: autoDraw = True
204.3568 	EXP 	line4: autoDraw = True
204.3736 	EXP 	fixation: autoDraw = False
205.0236 	EXP 	Device response: <KeyPress from None: t=205.0150913, value=z, duration=None>
205.0249 	DATA 	Keypress: z
205.2406 	EXP 	Device response: <KeyPress from None: t=205.0150913, value=z, duration=0.2235797999999818>
205.3568 	INFO 	Keyboard events cleared
205.3566 	EXP 	probe: autoDraw = True
205.5245 	EXP 	Device response: <KeyPress from None: t=205.52404719999998, value=z, duration=None>
205.5249 	EXP 	New trial (rep=18, index=3): <Trial 75 (3 in rep 18) data={'pos': np.int64(-150), 'corr_resp': 'z', 'thisN': 75, 'thisTrialN': 3, 'thisRepN': 18}>
205.5261 	DATA 	Keypress: z
205.5403 	EXP 	fixation: autoDraw = False
205.5403 	EXP 	line1: autoDraw = False
205.5403 	EXP 	line_2: autoDraw = False
205.5403 	EXP 	line_3: autoDraw = False
205.5403 	EXP 	line4: autoDraw = False
205.5403 	EXP 	probe: autoDraw = False
205.5403 	EXP 	fixation: autoDraw = True
205.7074 	EXP 	Device response: <KeyPress from None: t=205.52404719999998, value=z, duration=0.17209170000000995>
206.5399 	EXP 	fixation: autoDraw = False
206.5399 	EXP 	line1: autoDraw = True
206.5399 	EXP 	line_2: autoDraw = True
206.5399 	EXP 	line_3: autoDraw = True
206.5399 	EXP 	line4: autoDraw = True
207.5403 	INFO 	Keyboard events cleared
207.5401 	EXP 	probe: autoDraw = True
207.9572 	EXP 	Device response: <KeyPress from None: t=207.9458644, value=z, duration=None>
207.9575 	EXP 	New trial (rep=19, index=0): <Trial 76 (0 in rep 19) data={'pos': np.int64(-50), 'corr_resp': 'x', 'thisN': 76, 'thisTrialN': 0, 'thisRepN': 19}>
207.9591 	DATA 	Keypress: z
207.9723 	EXP 	fixation: autoDraw = False
207.9723 	EXP 	line1: autoDraw = False
207.9723 	EXP 	line_2: autoDraw = False
207.9723 	EXP 	line_3: autoDraw = False
207.9723 	EXP 	line4: autoDraw = False
207.9723 	EXP 	probe: autoDraw = False
207.9723 	EXP 	fixation: autoDraw = True
208.1901 	EXP 	Device response: <KeyPress from None: t=207.9458644, value=z, duration=0.24198200000000725>
208.9744 	EXP 	fixation: autoDraw = False
208.9744 	EXP 	line1: autoDraw = True
208.9744 	EXP 	line_2: autoDraw = True
208.9744 	EXP 	line_3: autoDraw = True
208.9744 	EXP 	line4: autoDraw = True
209.9566 	INFO 	Keyboard events cleared
209.9564 	EXP 	probe: autoDraw = True
210.2567 	EXP 	Device response: <KeyPress from None: t=210.25298779999997, value=x, duration=None>
210.2571 	EXP 	New trial (rep=19, index=1): <Trial 77 (1 in rep 19) data={'pos': np.int64(150), 'corr_resp': 'v', 'thisN': 77, 'thisTrialN': 1, 'thisRepN': 19}>
210.2585 	DATA 	Keypress: x
210.2731 	EXP 	fixation: autoDraw = False
210.2731 	EXP 	line1: autoDraw = False
210.2731 	EXP 	line_2: autoDraw = False
210.2731 	EXP 	line_3: autoDraw = False
210.2731 	EXP 	line4: autoDraw = False
210.2731 	EXP 	probe: autoDraw = False
210.2731 	EXP 	fixation: autoDraw = True
210.4735 	EXP 	Device response: <KeyPress from None: t=210.25298779999997, value=x, duration=0.2093720000000303>
211.2561 	EXP 	line1: autoDraw = True
211.2561 	EXP 	line_2: autoDraw = True
211.2561 	EXP 	line_3: autoDraw = True
211.2561 	EXP 	line4: autoDraw = True
211.2741 	EXP 	fixation: autoDraw = False
212.2561 	INFO 	Keyboard events cleared
212.2560 	EXP 	probe: autoDraw = True
213.0259 	DATA 	Keypress: v
213.0395 	EXP 	Device response: <KeyPress from None: t=213.02502600000003, value=v, duration=None>
213.0400 	EXP 	New trial (rep=19, index=2): <Trial 78 (2 in rep 19) data={'pos': np.int64(50), 'corr_resp': 'c', 'thisN': 78, 'thisTrialN': 2, 'thisRepN': 19}>
213.0556 	EXP 	fixation: autoDraw = False
213.0556 	EXP 	line1: autoDraw = False
213.0556 	EXP 	line_2: autoDraw = False
213.0556 	EXP 	line_3: autoDraw = False
213.0556 	EXP 	line4: autoDraw = False
213.0556 	EXP 	probe: autoDraw = False
213.0556 	EXP 	fixation: autoDraw = True
213.2902 	EXP 	Device response: <KeyPress from None: t=213.02502600000003, value=v, duration=0.2598604999999452>
214.0397 	EXP 	line1: autoDraw = True
214.0397 	EXP 	line_2: autoDraw = True
214.0397 	EXP 	line_3: autoDraw = True
214.0397 	EXP 	line4: autoDraw = True
214.0563 	EXP 	fixation: autoDraw = False
215.0393 	INFO 	Keyboard events cleared
215.0392 	EXP 	probe: autoDraw = True
216.1569 	EXP 	Device response: <KeyPress from None: t=216.14632439999997, value=c, duration=None>
216.1572 	EXP 	New trial (rep=19, index=3): <Trial 79 (3 in rep 19) data={'pos': np.int64(-150), 'corr_resp': 'z', 'thisN': 79, 'thisTrialN': 3, 'thisRepN': 19}>
216.1584 	DATA 	Keypress: c
216.1723 	EXP 	fixation: autoDraw = False
216.1723 	EXP 	line1: autoDraw = False
216.1723 	EXP 	line_2: autoDraw = False
216.1723 	EXP 	line_3: autoDraw = False
216.1723 	EXP 	line4: autoDraw = False
216.1723 	EXP 	probe: autoDraw = False
216.1723 	EXP 	fixation: autoDraw = True
216.3063 	EXP 	Device response: <KeyPress from None: t=216.14632439999997, value=c, duration=0.15199870000003557>
217.1556 	EXP 	line1: autoDraw = True
217.1556 	EXP 	line_2: autoDraw = True
217.1556 	EXP 	line_3: autoDraw = True
217.1556 	EXP 	line4: autoDraw = True
217.1733 	EXP 	fixation: autoDraw = False
218.1572 	INFO 	Keyboard events cleared
218.1570 	EXP 	probe: autoDraw = True
218.5731 	EXP 	Device response: <KeyPress from None: t=218.5674894, value=z, duration=None>
218.5735 	EXP 	New trial (rep=20, index=0): <Trial 80 (0 in rep 20) data={'pos': np.int64(-50), 'corr_resp': 'x', 'thisN': 80, 'thisTrialN': 0, 'thisRepN': 20}>
218.5749 	DATA 	Keypress: z
218.5892 	EXP 	fixation: autoDraw = False
218.5892 	EXP 	line1: autoDraw = False
218.5892 	EXP 	line_2: autoDraw = False
218.5892 	EXP 	line_3: autoDraw = False
218.5892 	EXP 	line4: autoDraw = False
218.5892 	EXP 	probe: autoDraw = False
218.5892 	EXP 	fixation: autoDraw = True
218.7400 	EXP 	Device response: <KeyPress from None: t=218.5674894, value=z, duration=0.16224899999997433>
219.5733 	EXP 	line1: autoDraw = True
219.5733 	EXP 	line_2: autoDraw = True
219.5733 	EXP 	line_3: autoDraw = True
219.5733 	EXP 	line4: autoDraw = True
219.5893 	EXP 	fixation: autoDraw = False
220.5732 	INFO 	Keyboard events cleared
220.5731 	EXP 	probe: autoDraw = True
221.4402 	EXP 	Device response: <KeyPress from None: t=221.42720609999998, value=x, duration=None>
221.4405 	EXP 	New trial (rep=20, index=1): <Trial 81 (1 in rep 20) data={'pos': np.int64(150), 'corr_resp': 'v', 'thisN': 81, 'thisTrialN': 1, 'thisRepN': 20}>
221.4418 	DATA 	Keypress: x
221.4556 	EXP 	fixation: autoDraw = False
221.4556 	EXP 	line1: autoDraw = False
221.4556 	EXP 	line_2: autoDraw = False
221.4556 	EXP 	line_3: autoDraw = False
221.4556 	EXP 	line4: autoDraw = False
221.4556 	EXP 	probe: autoDraw = False
221.4556 	EXP 	fixation: autoDraw = True
221.5897 	EXP 	Device response: <KeyPress from None: t=221.42720609999998, value=x, duration=0.1557321000000229>
222.4568 	EXP 	fixation: autoDraw = False
222.4568 	EXP 	line1: autoDraw = True
222.4568 	EXP 	line_2: autoDraw = True
222.4568 	EXP 	line_3: autoDraw = True
222.4568 	EXP 	line4: autoDraw = True
223.4401 	INFO 	Keyboard events cleared
223.4399 	EXP 	probe: autoDraw = True
223.9402 	EXP 	Device response: <KeyPress from None: t=223.9355888, value=v, duration=None>
223.9406 	EXP 	New trial (rep=20, index=2): <Trial 82 (2 in rep 20) data={'pos': np.int64(50), 'corr_resp': 'c', 'thisN': 82, 'thisTrialN': 2, 'thisRepN': 20}>
223.9420 	DATA 	Keypress: v
223.9557 	EXP 	fixation: autoDraw = False
223.9557 	EXP 	line1: autoDraw = False
223.9557 	EXP 	line_2: autoDraw = False
223.9557 	EXP 	line_3: autoDraw = False
223.9557 	EXP 	line4: autoDraw = False
223.9557 	EXP 	probe: autoDraw = False
223.9557 	EXP 	fixation: autoDraw = True
224.1576 	EXP 	Device response: <KeyPress from None: t=223.9355888, value=v, duration=0.22106800000000248>
224.9399 	EXP 	line1: autoDraw = True
224.9399 	EXP 	line_2: autoDraw = True
224.9399 	EXP 	line_3: autoDraw = True
224.9399 	EXP 	line4: autoDraw = True
224.9567 	EXP 	fixation: autoDraw = False
225.9403 	INFO 	Keyboard events cleared
225.9402 	EXP 	probe: autoDraw = True
227.0739 	EXP 	Device response: <KeyPress from None: t=227.06382059999999, value=c, duration=None>
227.0744 	EXP 	New trial (rep=20, index=3): <Trial 83 (3 in rep 20) data={'pos': np.int64(-150), 'corr_resp': 'z', 'thisN': 83, 'thisTrialN': 3, 'thisRepN': 20}>
227.0761 	DATA 	Keypress: c
227.0890 	EXP 	fixation: autoDraw = False
227.0890 	EXP 	line1: autoDraw = False
227.0890 	EXP 	line_2: autoDraw = False
227.0890 	EXP 	line_3: autoDraw = False
227.0890 	EXP 	line4: autoDraw = False
227.0890 	EXP 	probe: autoDraw = False
227.0890 	EXP 	fixation: autoDraw = True
227.2246 	EXP 	Device response: <KeyPress from None: t=227.06382059999999, value=c, duration=0.14638960000002044>
228.0732 	EXP 	line1: autoDraw = True
228.0732 	EXP 	line_2: autoDraw = True
228.0732 	EXP 	line_3: autoDraw = True
228.0732 	EXP 	line4: autoDraw = True
228.0896 	EXP 	fixation: autoDraw = False
229.0895 	INFO 	Keyboard events cleared
229.0893 	EXP 	probe: autoDraw = True
229.6589 	DATA 	Keypress: z
229.6738 	EXP 	Device response: <KeyPress from None: t=229.6570881, value=z, duration=None>
229.6741 	EXP 	New trial (rep=21, index=0): <Trial 84 (0 in rep 21) data={'pos': np.int64(-50), 'corr_resp': 'x', 'thisN': 84, 'thisTrialN': 0, 'thisRepN': 21}>
229.6891 	EXP 	fixation: autoDraw = False
229.6891 	EXP 	line1: autoDraw = False
229.6891 	EXP 	line_2: autoDraw = False
229.6891 	EXP 	line_3: autoDraw = False
229.6891 	EXP 	line4: autoDraw = False
229.6891 	EXP 	probe: autoDraw = False
229.6891 	EXP 	fixation: autoDraw = True
229.8236 	EXP 	Device response: <KeyPress from None: t=229.6570881, value=z, duration=0.16060569999996233>
230.6895 	EXP 	fixation: autoDraw = False
230.6895 	EXP 	line1: autoDraw = True
230.6895 	EXP 	line_2: autoDraw = True
230.6895 	EXP 	line_3: autoDraw = True
230.6895 	EXP 	line4: autoDraw = True
231.6736 	INFO 	Keyboard events cleared
231.6734 	EXP 	probe: autoDraw = True
232.5438 	DATA 	Keypress: x
232.5562 	EXP 	Device response: <KeyPress from None: t=232.5421245, value=x, duration=None>
232.5566 	EXP 	New trial (rep=21, index=1): <Trial 85 (1 in rep 21) data={'pos': np.int64(150), 'corr_resp': 'v', 'thisN': 85, 'thisTrialN': 1, 'thisRepN': 21}>
232.5733 	EXP 	fixation: autoDraw = False
232.5733 	EXP 	line1: autoDraw = False
232.5733 	EXP 	line_2: autoDraw = False
232.5733 	EXP 	line_3: autoDraw = False
232.5733 	EXP 	line4: autoDraw = False
232.5733 	EXP 	probe: autoDraw = False
232.5733 	EXP 	fixation: autoDraw = True
232.7237 	EXP 	Device response: <KeyPress from None: t=232.5421245, value=x, duration=0.1741268999999761>
233.5559 	EXP 	line1: autoDraw = True
233.5559 	EXP 	line_2: autoDraw = True
233.5559 	EXP 	line_3: autoDraw = True
233.5559 	EXP 	line4: autoDraw = True
233.5731 	EXP 	fixation: autoDraw = False
234.5571 	INFO 	Keyboard events cleared
234.5570 	EXP 	probe: autoDraw = True
236.0735 	EXP 	Device response: <KeyPress from None: t=236.07059650000002, value=v, duration=None>
236.0738 	EXP 	New trial (rep=21, index=2): <Trial 86 (2 in rep 21) data={'pos': np.int64(50), 'corr_resp': 'c', 'thisN': 86, 'thisTrialN': 2, 'thisRepN': 21}>
236.0752 	DATA 	Keypress: v
236.0891 	EXP 	fixation: autoDraw = False
236.0891 	EXP 	line1: autoDraw = False
236.0891 	EXP 	line_2: autoDraw = False
236.0891 	EXP 	line_3: autoDraw = False
236.0891 	EXP 	line4: autoDraw = False
236.0891 	EXP 	probe: autoDraw = False
236.0891 	EXP 	fixation: autoDraw = True
236.2074 	EXP 	Device response: <KeyPress from None: t=236.07059650000002, value=v, duration=0.13110100000000102>
237.0906 	EXP 	fixation: autoDraw = False
237.0906 	EXP 	line1: autoDraw = True
237.0906 	EXP 	line_2: autoDraw = True
237.0906 	EXP 	line_3: autoDraw = True
237.0906 	EXP 	line4: autoDraw = True
238.0738 	INFO 	Keyboard events cleared
238.0737 	EXP 	probe: autoDraw = True
238.8894 	EXP 	Device response: <KeyPress from None: t=238.87524179999997, value=c, duration=None>
238.8897 	EXP 	New trial (rep=21, index=3): <Trial 87 (3 in rep 21) data={'pos': np.int64(-150), 'corr_resp': 'z', 'thisN': 87, 'thisTrialN': 3, 'thisRepN': 21}>
238.8912 	DATA 	Keypress: c
238.9057 	EXP 	fixation: autoDraw = False
238.9057 	EXP 	line1: autoDraw = False
238.9057 	EXP 	line_2: autoDraw = False
238.9057 	EXP 	line_3: autoDraw = False
238.9057 	EXP 	line4: autoDraw = False
238.9057 	EXP 	probe: autoDraw = False
238.9057 	EXP 	fixation: autoDraw = True
239.0402 	EXP 	Device response: <KeyPress from None: t=238.87524179999997, value=c, duration=0.16211120000002666>
239.8899 	EXP 	line1: autoDraw = True
239.8899 	EXP 	line_2: autoDraw = True
239.8899 	EXP 	line_3: autoDraw = True
239.8899 	EXP 	line4: autoDraw = True
239.9056 	EXP 	fixation: autoDraw = False
239.9588 	DATA 	Mouse: Left button down, pos=(1245,847)
240.2915 	DATA 	Mouse:  Left button up, pos=(1245,847)
240.3417 	DATA 	Mouse: Left button down, pos=(1245,847)
240.4085 	DATA 	Mouse:  Left button up, pos=(1245,847)
240.4744 	DATA 	Mouse: Left button down, pos=(1245,847)
240.5576 	DATA 	Mouse:  Left button up, pos=(1245,847)
240.8908 	INFO 	Keyboard events cleared
240.8907 	EXP 	probe: autoDraw = True
241.1915 	DATA 	Mouse: Left button down, pos=(1245,847)
241.4089 	DATA 	Mouse:  Left button up, pos=(1245,847)
241.5075 	EXP 	Device response: <KeyPress from None: t=241.4932268, value=z, duration=None>
241.5080 	EXP 	New trial (rep=22, index=0): <Trial 88 (0 in rep 22) data={'pos': np.int64(-50), 'corr_resp': 'x', 'thisN': 88, 'thisTrialN': 0, 'thisRepN': 22}>
241.5096 	DATA 	Keypress: z
241.5238 	EXP 	fixation: autoDraw = False
241.5238 	EXP 	line1: autoDraw = False
241.5238 	EXP 	line_2: autoDraw = False
241.5238 	EXP 	line_3: autoDraw = False
241.5238 	EXP 	line4: autoDraw = False
241.5238 	EXP 	probe: autoDraw = False
241.5238 	EXP 	fixation: autoDraw = True
241.6219 	EXP 	Device response: <KeyPress from None: t=241.4932268, value=z, duration=0.12388929999997345>
242.5227 	EXP 	line1: autoDraw = True
242.5227 	EXP 	line_2: autoDraw = True
242.5227 	EXP 	line_3: autoDraw = True
242.5227 	EXP 	line4: autoDraw = True
242.5395 	EXP 	fixation: autoDraw = False
243.5232 	INFO 	Keyboard events cleared
243.5230 	EXP 	probe: autoDraw = True
244.1562 	EXP 	Device response: <KeyPress from None: t=244.146863, value=x, duration=None>
244.1566 	EXP 	New trial (rep=22, index=1): <Trial 89 (1 in rep 22) data={'pos': np.int64(150), 'corr_resp': 'v', 'thisN': 89, 'thisTrialN': 1, 'thisRepN': 22}>
244.1579 	DATA 	Keypress: x
244.1734 	EXP 	fixation: autoDraw = False
244.1734 	EXP 	line1: autoDraw = False
244.1734 	EXP 	line_2: autoDraw = False
244.1734 	EXP 	line_3: autoDraw = False
244.1734 	EXP 	line4: autoDraw = False
244.1734 	EXP 	probe: autoDraw = False
244.1734 	EXP 	fixation: autoDraw = True
244.3065 	EXP 	Device response: <KeyPress from None: t=244.146863, value=x, duration=0.1465630999999803>
245.1563 	EXP 	line1: autoDraw = True
245.1563 	EXP 	line_2: autoDraw = True
245.1563 	EXP 	line_3: autoDraw = True
245.1563 	EXP 	line4: autoDraw = True
245.1732 	EXP 	fixation: autoDraw = False
245.2079 	DATA 	Mouse: Left button down, pos=(1245,847)
245.3751 	DATA 	Mouse:  Left button up, pos=(1245,847)
246.1565 	INFO 	Keyboard events cleared
246.1563 	EXP 	probe: autoDraw = True
247.3564 	EXP 	Device response: <KeyPress from None: t=247.34551390000001, value=v, duration=None>
247.3569 	EXP 	New trial (rep=22, index=2): <Trial 90 (2 in rep 22) data={'pos': np.int64(50), 'corr_resp': 'c', 'thisN': 90, 'thisTrialN': 2, 'thisRepN': 22}>
247.3583 	DATA 	Keypress: v
247.3726 	EXP 	fixation: autoDraw = False
247.3726 	EXP 	line1: autoDraw = False
247.3726 	EXP 	line_2: autoDraw = False
247.3726 	EXP 	line_3: autoDraw = False
247.3726 	EXP 	line4: autoDraw = False
247.3726 	EXP 	probe: autoDraw = False
247.3726 	EXP 	fixation: autoDraw = True
247.4742 	EXP 	Device response: <KeyPress from None: t=247.34551390000001, value=v, duration=0.1264231000000109>
248.3565 	EXP 	line1: autoDraw = True
248.3565 	EXP 	line_2: autoDraw = True
248.3565 	EXP 	line_3: autoDraw = True
248.3565 	EXP 	line4: autoDraw = True
248.3732 	EXP 	fixation: autoDraw = False
249.3568 	INFO 	Keyboard events cleared
249.3566 	EXP 	probe: autoDraw = True
249.7403 	EXP 	Device response: <KeyPress from None: t=249.72669109999998, value=c, duration=None>
249.7407 	EXP 	New trial (rep=22, index=3): <Trial 91 (3 in rep 22) data={'pos': np.int64(-150), 'corr_resp': 'z', 'thisN': 91, 'thisTrialN': 3, 'thisRepN': 22}>
249.7420 	DATA 	Keypress: c
249.7562 	EXP 	fixation: autoDraw = False
249.7562 	EXP 	line1: autoDraw = False
249.7562 	EXP 	line_2: autoDraw = False
249.7562 	EXP 	line_3: autoDraw = False
249.7562 	EXP 	line4: autoDraw = False
249.7562 	EXP 	probe: autoDraw = False
249.7562 	EXP 	fixation: autoDraw = True
249.9399 	EXP 	Device response: <KeyPress from None: t=249.72669109999998, value=c, duration=0.20596779999999626>
250.7402 	EXP 	line1: autoDraw = True
250.7402 	EXP 	line_2: autoDraw = True
250.7402 	EXP 	line_3: autoDraw = True
250.7402 	EXP 	line4: autoDraw = True
250.7566 	EXP 	fixation: autoDraw = False
251.7567 	INFO 	Keyboard events cleared
251.7566 	EXP 	probe: autoDraw = True
252.2403 	EXP 	Device response: <KeyPress from None: t=252.2263696, value=z, duration=None>
252.2406 	EXP 	New trial (rep=23, index=0): <Trial 92 (0 in rep 23) data={'pos': np.int64(-50), 'corr_resp': 'x', 'thisN': 92, 'thisTrialN': 0, 'thisRepN': 23}>
252.2418 	DATA 	Keypress: z
252.2559 	EXP 	fixation: autoDraw = False
252.2559 	EXP 	line1: autoDraw = False
252.2559 	EXP 	line_2: autoDraw = False
252.2559 	EXP 	line_3: autoDraw = False
252.2559 	EXP 	line4: autoDraw = False
252.2559 	EXP 	probe: autoDraw = False
252.2559 	EXP 	fixation: autoDraw = True
252.4077 	EXP 	Device response: <KeyPress from None: t=252.2263696, value=z, duration=0.165510299999994>
253.2407 	EXP 	line1: autoDraw = True
253.2407 	EXP 	line_2: autoDraw = True
253.2407 	EXP 	line_3: autoDraw = True
253.2407 	EXP 	line4: autoDraw = True
253.2567 	EXP 	fixation: autoDraw = False
254.2406 	INFO 	Keyboard events cleared
254.2404 	EXP 	probe: autoDraw = True
254.8911 	EXP 	Device response: <KeyPress from None: t=254.88663759999997, value=x, duration=None>
254.8915 	EXP 	New trial (rep=23, index=1): <Trial 93 (1 in rep 23) data={'pos': np.int64(150), 'corr_resp': 'v', 'thisN': 93, 'thisTrialN': 1, 'thisRepN': 23}>
254.8928 	DATA 	Keypress: x
254.9058 	EXP 	fixation: autoDraw = False
254.9058 	EXP 	line1: autoDraw = False
254.9058 	EXP 	line_2: autoDraw = False
254.9058 	EXP 	line_3: autoDraw = False
254.9058 	EXP 	line4: autoDraw = False
254.9058 	EXP 	probe: autoDraw = False
254.9058 	EXP 	fixation: autoDraw = True
255.0239 	EXP 	Device response: <KeyPress from None: t=254.88663759999997, value=x, duration=0.13258850000005395>
255.9069 	EXP 	fixation: autoDraw = False
255.9069 	EXP 	line1: autoDraw = True
255.9069 	EXP 	line_2: autoDraw = True
255.9069 	EXP 	line_3: autoDraw = True
255.9069 	EXP 	line4: autoDraw = True
256.8899 	INFO 	Keyboard events cleared
256.8897 	EXP 	probe: autoDraw = True
257.9062 	EXP 	Device response: <KeyPress from None: t=257.8977294, value=v, duration=None>
257.9066 	EXP 	New trial (rep=23, index=2): <Trial 94 (2 in rep 23) data={'pos': np.int64(50), 'corr_resp': 'c', 'thisN': 94, 'thisTrialN': 2, 'thisRepN': 23}>
257.9080 	DATA 	Keypress: v
257.9226 	EXP 	fixation: autoDraw = False
257.9226 	EXP 	line1: autoDraw = False
257.9226 	EXP 	line_2: autoDraw = False
257.9226 	EXP 	line_3: autoDraw = False
257.9226 	EXP 	line4: autoDraw = False
257.9226 	EXP 	probe: autoDraw = False
257.9226 	EXP 	fixation: autoDraw = True
258.0731 	EXP 	Device response: <KeyPress from None: t=257.8977294, value=v, duration=0.1597203000000036>
258.9065 	EXP 	line1: autoDraw = True
258.9065 	EXP 	line_2: autoDraw = True
258.9065 	EXP 	line_3: autoDraw = True
258.9065 	EXP 	line4: autoDraw = True
258.9235 	EXP 	fixation: autoDraw = False
259.9062 	INFO 	Keyboard events cleared
259.9060 	EXP 	probe: autoDraw = True
260.3076 	DATA 	Mouse: Left button down, pos=(1291,827)
260.4568 	EXP 	Device response: <KeyPress from None: t=260.45301539999997, value=c, duration=None>
260.4571 	EXP 	New trial (rep=23, index=3): <Trial 95 (3 in rep 23) data={'pos': np.int64(-150), 'corr_resp': 'z', 'thisN': 95, 'thisTrialN': 3, 'thisRepN': 23}>
260.4588 	DATA 	Keypress: c
260.4724 	EXP 	fixation: autoDraw = False
260.4724 	EXP 	line1: autoDraw = False
260.4724 	EXP 	line_2: autoDraw = False
260.4724 	EXP 	line_3: autoDraw = False
260.4724 	EXP 	line4: autoDraw = False
260.4724 	EXP 	probe: autoDraw = False
260.4724 	EXP 	fixation: autoDraw = True
260.5420 	DATA 	Mouse:  Left button up, pos=(1291,827)
260.6739 	EXP 	Device response: <KeyPress from None: t=260.45301539999997, value=c, duration=0.2047287000000324>
261.4565 	EXP 	line1: autoDraw = True
261.4565 	EXP 	line_2: autoDraw = True
261.4565 	EXP 	line_3: autoDraw = True
261.4565 	EXP 	line4: autoDraw = True
261.4736 	EXP 	fixation: autoDraw = False
262.4566 	INFO 	Keyboard events cleared
262.4564 	EXP 	probe: autoDraw = True
263.2578 	EXP 	Device response: <KeyPress from None: t=263.2548357, value=z, duration=None>
263.2582 	EXP 	New trial (rep=24, index=0): <Trial 96 (0 in rep 24) data={'pos': np.int64(-50), 'corr_resp': 'x', 'thisN': 96, 'thisTrialN': 0, 'thisRepN': 24}>
263.2595 	DATA 	Keypress: z
263.2733 	EXP 	fixation: autoDraw = False
263.2733 	EXP 	line1: autoDraw = False
263.2733 	EXP 	line_2: autoDraw = False
263.2733 	EXP 	line_3: autoDraw = False
263.2733 	EXP 	line4: autoDraw = False
263.2733 	EXP 	probe: autoDraw = False
263.2733 	EXP 	fixation: autoDraw = True
263.3738 	EXP 	Device response: <KeyPress from None: t=263.2548357, value=z, duration=0.1108520000000226>
264.2732 	EXP 	fixation: autoDraw = False
264.2732 	EXP 	line1: autoDraw = True
264.2732 	EXP 	line_2: autoDraw = True
264.2732 	EXP 	line_3: autoDraw = True
264.2732 	EXP 	line4: autoDraw = True
265.2737 	INFO 	Keyboard events cleared
265.2736 	EXP 	probe: autoDraw = True
266.1902 	EXP 	Device response: <KeyPress from None: t=266.1864427, value=x, duration=None>
266.1906 	EXP 	New trial (rep=24, index=1): <Trial 97 (1 in rep 24) data={'pos': np.int64(150), 'corr_resp': 'v', 'thisN': 97, 'thisTrialN': 1, 'thisRepN': 24}>
266.1918 	DATA 	Keypress: x
266.2057 	EXP 	fixation: autoDraw = False
266.2057 	EXP 	line1: autoDraw = False
266.2057 	EXP 	line_2: autoDraw = False
266.2057 	EXP 	line_3: autoDraw = False
266.2057 	EXP 	line4: autoDraw = False
266.2057 	EXP 	probe: autoDraw = False
266.2057 	EXP 	fixation: autoDraw = True
266.3731 	EXP 	Device response: <KeyPress from None: t=266.1864427, value=x, duration=0.1828567000000021>
267.2069 	EXP 	fixation: autoDraw = False
267.2069 	EXP 	line1: autoDraw = True
267.2069 	EXP 	line_2: autoDraw = True
267.2069 	EXP 	line_3: autoDraw = True
267.2069 	EXP 	line4: autoDraw = True
268.1895 	INFO 	Keyboard events cleared
268.1894 	EXP 	probe: autoDraw = True
268.7401 	EXP 	Device response: <KeyPress from None: t=268.7264826, value=v, duration=None>
268.7406 	EXP 	New trial (rep=24, index=2): <Trial 98 (2 in rep 24) data={'pos': np.int64(50), 'corr_resp': 'c', 'thisN': 98, 'thisTrialN': 2, 'thisRepN': 24}>
268.7421 	DATA 	Keypress: v
268.7562 	EXP 	fixation: autoDraw = False
268.7562 	EXP 	line1: autoDraw = False
268.7562 	EXP 	line_2: autoDraw = False
268.7562 	EXP 	line_3: autoDraw = False
268.7562 	EXP 	line4: autoDraw = False
268.7562 	EXP 	probe: autoDraw = False
268.7562 	EXP 	fixation: autoDraw = True
268.9403 	EXP 	Device response: <KeyPress from None: t=268.7264826, value=v, duration=0.19883870000001025>
269.7398 	EXP 	line1: autoDraw = True
269.7398 	EXP 	line_2: autoDraw = True
269.7398 	EXP 	line_3: autoDraw = True
269.7398 	EXP 	line4: autoDraw = True
269.7561 	EXP 	fixation: autoDraw = False
270.7402 	INFO 	Keyboard events cleared
270.7400 	EXP 	probe: autoDraw = True
271.4912 	EXP 	Device response: <KeyPress from None: t=271.4783218, value=c, duration=None>
271.4916 	EXP 	New trial (rep=24, index=3): <Trial 99 (3 in rep 24) data={'pos': np.int64(-150), 'corr_resp': 'z', 'thisN': 99, 'thisTrialN': 3, 'thisRepN': 24}>
271.4932 	DATA 	Keypress: c
271.5074 	EXP 	fixation: autoDraw = False
271.5074 	EXP 	line1: autoDraw = False
271.5074 	EXP 	line_2: autoDraw = False
271.5074 	EXP 	line_3: autoDraw = False
271.5074 	EXP 	line4: autoDraw = False
271.5074 	EXP 	probe: autoDraw = False
271.5074 	EXP 	fixation: autoDraw = True
271.6245 	EXP 	Device response: <KeyPress from None: t=271.4783218, value=c, duration=0.14224339999998392>
272.5066 	EXP 	line1: autoDraw = True
272.5066 	EXP 	line_2: autoDraw = True
272.5066 	EXP 	line_3: autoDraw = True
272.5066 	EXP 	line4: autoDraw = True
272.5234 	EXP 	fixation: autoDraw = False
273.4900 	INFO 	Keyboard events cleared
273.4899 	EXP 	probe: autoDraw = True
274.3731 	EXP 	Device response: <KeyPress from None: t=274.365383, value=z, duration=None>
274.3736 	EXP 	New trial (rep=25, index=0): <Trial 100 (0 in rep 25) data={'pos': np.int64(-50), 'corr_resp': 'x', 'thisN': 100, 'thisTrialN': 0, 'thisRepN': 25}>
274.3752 	DATA 	Keypress: z
274.3900 	EXP 	fixation: autoDraw = False
274.3900 	EXP 	line1: autoDraw = False
274.3900 	EXP 	line_2: autoDraw = False
274.3900 	EXP 	line_3: autoDraw = False
274.3900 	EXP 	line4: autoDraw = False
274.3900 	EXP 	probe: autoDraw = False
274.3900 	EXP 	fixation: autoDraw = True
274.5743 	EXP 	Device response: <KeyPress from None: t=274.365383, value=z, duration=0.1986056000000076>
275.3762 	EXP 	line1: autoDraw = True
275.3762 	EXP 	line_2: autoDraw = True
275.3762 	EXP 	line_3: autoDraw = True
275.3762 	EXP 	line4: autoDraw = True
275.3899 	EXP 	fixation: autoDraw = False
276.3726 	INFO 	Keyboard events cleared
276.3725 	EXP 	probe: autoDraw = True
276.9902 	EXP 	Device response: <KeyPress from None: t=276.979768, value=x, duration=None>
276.9906 	EXP 	New trial (rep=25, index=1): <Trial 101 (1 in rep 25) data={'pos': np.int64(150), 'corr_resp': 'v', 'thisN': 101, 'thisTrialN': 1, 'thisRepN': 25}>
276.9921 	DATA 	Keypress: x
277.0062 	EXP 	fixation: autoDraw = False
277.0062 	EXP 	line1: autoDraw = False
277.0062 	EXP 	line_2: autoDraw = False
277.0062 	EXP 	line_3: autoDraw = False
277.0062 	EXP 	line4: autoDraw = False
277.0062 	EXP 	probe: autoDraw = False
277.0062 	EXP 	fixation: autoDraw = True
277.1733 	EXP 	Device response: <KeyPress from None: t=276.979768, value=x, duration=0.18221670000002632>
278.0065 	EXP 	fixation: autoDraw = False
278.0065 	EXP 	line1: autoDraw = True
278.0065 	EXP 	line_2: autoDraw = True
278.0065 	EXP 	line_3: autoDraw = True
278.0065 	EXP 	line4: autoDraw = True
278.9905 	INFO 	Keyboard events cleared
278.9904 	EXP 	probe: autoDraw = True
279.3905 	EXP 	Device response: <KeyPress from None: t=279.38484189999997, value=v, duration=None>
279.3909 	EXP 	New trial (rep=25, index=2): <Trial 102 (2 in rep 25) data={'pos': np.int64(50), 'corr_resp': 'c', 'thisN': 102, 'thisTrialN': 2, 'thisRepN': 25}>
279.3923 	DATA 	Keypress: v
279.4058 	EXP 	fixation: autoDraw = False
279.4058 	EXP 	line1: autoDraw = False
279.4058 	EXP 	line_2: autoDraw = False
279.4058 	EXP 	line_3: autoDraw = False
279.4058 	EXP 	line4: autoDraw = False
279.4058 	EXP 	probe: autoDraw = False
279.4058 	EXP 	fixation: autoDraw = True
279.6077 	EXP 	Device response: <KeyPress from None: t=279.38484189999997, value=v, duration=0.22148350000003347>
280.4067 	EXP 	fixation: autoDraw = False
280.4067 	EXP 	line1: autoDraw = True
280.4067 	EXP 	line_2: autoDraw = True
280.4067 	EXP 	line_3: autoDraw = True
280.4067 	EXP 	line4: autoDraw = True
281.3901 	INFO 	Keyboard events cleared
281.3899 	EXP 	probe: autoDraw = True
282.3578 	EXP 	Device response: <KeyPress from None: t=282.3568185, value=c, duration=None>
282.3582 	EXP 	New trial (rep=25, index=3): <Trial 103 (3 in rep 25) data={'pos': np.int64(-150), 'corr_resp': 'z', 'thisN': 103, 'thisTrialN': 3, 'thisRepN': 25}>
282.3595 	DATA 	Keypress: c
282.3749 	EXP 	fixation: autoDraw = False
282.3749 	EXP 	line1: autoDraw = False
282.3749 	EXP 	line_2: autoDraw = False
282.3749 	EXP 	line_3: autoDraw = False
282.3749 	EXP 	line4: autoDraw = False
282.3749 	EXP 	probe: autoDraw = False
282.3749 	EXP 	fixation: autoDraw = True
282.4573 	EXP 	Device response: <KeyPress from None: t=282.3568185, value=c, duration=0.09729390000001104>
283.3738 	EXP 	line1: autoDraw = True
283.3738 	EXP 	line_2: autoDraw = True
283.3738 	EXP 	line_3: autoDraw = True
283.3738 	EXP 	line4: autoDraw = True
283.3904 	EXP 	fixation: autoDraw = False
284.3743 	INFO 	Keyboard events cleared
284.3741 	EXP 	probe: autoDraw = True
284.8419 	DATA 	Mouse: Left button down, pos=(1291,827)
284.9077 	EXP 	Device response: <KeyPress from None: t=284.8930623, value=z, duration=None>
284.9081 	EXP 	New trial (rep=26, index=0): <Trial 104 (0 in rep 26) data={'pos': np.int64(-50), 'corr_resp': 'x', 'thisN': 104, 'thisTrialN': 0, 'thisRepN': 26}>
284.9096 	DATA 	Keypress: z
284.9099 	DATA 	Mouse:  Left button up, pos=(1291,827)
284.9232 	EXP 	fixation: autoDraw = False
284.9232 	EXP 	line1: autoDraw = False
284.9232 	EXP 	line_2: autoDraw = False
284.9232 	EXP 	line_3: autoDraw = False
284.9232 	EXP 	line4: autoDraw = False
284.9232 	EXP 	probe: autoDraw = False
284.9232 	EXP 	fixation: autoDraw = True
285.0740 	EXP 	Device response: <KeyPress from None: t=284.8930623, value=z, duration=0.17804100000000744>
285.9231 	EXP 	fixation: autoDraw = False
285.9231 	EXP 	line1: autoDraw = True
285.9231 	EXP 	line_2: autoDraw = True
285.9231 	EXP 	line_3: autoDraw = True
285.9231 	EXP 	line4: autoDraw = True
286.9234 	INFO 	Keyboard events cleared
286.9233 	EXP 	probe: autoDraw = True
287.3903 	EXP 	Device response: <KeyPress from None: t=287.3835345, value=x, duration=None>
287.3907 	EXP 	New trial (rep=26, index=1): <Trial 105 (1 in rep 26) data={'pos': np.int64(150), 'corr_resp': 'v', 'thisN': 105, 'thisTrialN': 1, 'thisRepN': 26}>
287.3923 	DATA 	Keypress: x
287.4066 	EXP 	fixation: autoDraw = False
287.4066 	EXP 	line1: autoDraw = False
287.4066 	EXP 	line_2: autoDraw = False
287.4066 	EXP 	line_3: autoDraw = False
287.4066 	EXP 	line4: autoDraw = False
287.4066 	EXP 	probe: autoDraw = False
287.4066 	EXP 	fixation: autoDraw = True
287.5733 	EXP 	Device response: <KeyPress from None: t=287.3835345, value=x, duration=0.1748117999999863>
288.3900 	EXP 	line1: autoDraw = True
288.3900 	EXP 	line_2: autoDraw = True
288.3900 	EXP 	line_3: autoDraw = True
288.3900 	EXP 	line4: autoDraw = True
288.4078 	EXP 	fixation: autoDraw = False
288.9916 	DATA 	Mouse: Left button down, pos=(1291,827)
289.3085 	DATA 	Mouse:  Left button up, pos=(1291,827)
289.3771 	DATA 	Mouse: Left button down, pos=(1291,827)
289.3904 	INFO 	Keyboard events cleared
289.3902 	EXP 	probe: autoDraw = True
289.4413 	DATA 	Mouse:  Left button up, pos=(1291,827)
289.5090 	DATA 	Mouse: Left button down, pos=(1291,827)
289.5745 	DATA 	Mouse:  Left button up, pos=(1291,827)
289.6259 	DATA 	Mouse: Left button down, pos=(1291,827)
289.6917 	DATA 	Mouse:  Left button up, pos=(1291,827)
289.7584 	DATA 	Mouse: Left button down, pos=(1291,827)
289.8084 	DATA 	Mouse:  Left button up, pos=(1291,827)
289.8747 	DATA 	Mouse: Left button down, pos=(1291,827)
289.9072 	EXP 	Device response: <KeyPress from None: t=289.8931287, value=v, duration=None>
289.9076 	EXP 	New trial (rep=26, index=2): <Trial 106 (2 in rep 26) data={'pos': np.int64(50), 'corr_resp': 'c', 'thisN': 106, 'thisTrialN': 2, 'thisRepN': 26}>
289.9090 	DATA 	Keypress: v
289.9236 	EXP 	fixation: autoDraw = False
289.9236 	EXP 	line1: autoDraw = False
289.9236 	EXP 	line_2: autoDraw = False
289.9236 	EXP 	line_3: autoDraw = False
289.9236 	EXP 	line4: autoDraw = False
289.9236 	EXP 	probe: autoDraw = False
289.9236 	EXP 	fixation: autoDraw = True
289.9412 	DATA 	Mouse:  Left button up, pos=(1291,827)
290.1070 	EXP 	Device response: <KeyPress from None: t=289.8931287, value=v, duration=0.20451700000000983>
290.9069 	EXP 	line1: autoDraw = True
290.9069 	EXP 	line_2: autoDraw = True
290.9069 	EXP 	line_3: autoDraw = True
290.9069 	EXP 	line4: autoDraw = True
290.9234 	EXP 	fixation: autoDraw = False
291.9070 	INFO 	Keyboard events cleared
291.9069 	EXP 	probe: autoDraw = True
292.5745 	DATA 	Mouse: Left button down, pos=(1291,827)
292.8084 	DATA 	Mouse:  Left button up, pos=(1291,827)
293.0092 	DATA 	Keypress: c
293.0233 	EXP 	Device response: <KeyPress from None: t=293.0085124, value=c, duration=None>
293.0236 	EXP 	New trial (rep=26, index=3): <Trial 107 (3 in rep 26) data={'pos': np.int64(-150), 'corr_resp': 'z', 'thisN': 107, 'thisTrialN': 3, 'thisRepN': 26}>
293.0394 	EXP 	fixation: autoDraw = False
293.0394 	EXP 	line1: autoDraw = False
293.0394 	EXP 	line_2: autoDraw = False
293.0394 	EXP 	line_3: autoDraw = False
293.0394 	EXP 	line4: autoDraw = False
293.0394 	EXP 	probe: autoDraw = False
293.0394 	EXP 	fixation: autoDraw = True
293.1910 	EXP 	Device response: <KeyPress from None: t=293.0085124, value=c, duration=0.176275300000043>
294.0233 	EXP 	line1: autoDraw = True
294.0233 	EXP 	line_2: autoDraw = True
294.0233 	EXP 	line_3: autoDraw = True
294.0233 	EXP 	line4: autoDraw = True
294.0402 	EXP 	fixation: autoDraw = False
295.0233 	INFO 	Keyboard events cleared
295.0231 	EXP 	probe: autoDraw = True
295.5735 	EXP 	Device response: <KeyPress from None: t=295.5674405, value=z, duration=None>
295.5740 	EXP 	New trial (rep=27, index=0): <Trial 108 (0 in rep 27) data={'pos': np.int64(-50), 'corr_resp': 'x', 'thisN': 108, 'thisTrialN': 0, 'thisRepN': 27}>
295.5755 	DATA 	Keypress: z
295.5893 	EXP 	fixation: autoDraw = False
295.5893 	EXP 	line1: autoDraw = False
295.5893 	EXP 	line_2: autoDraw = False
295.5893 	EXP 	line_3: autoDraw = False
295.5893 	EXP 	line4: autoDraw = False
295.5893 	EXP 	probe: autoDraw = False
295.5893 	EXP 	fixation: autoDraw = True
295.7733 	EXP 	Device response: <KeyPress from None: t=295.5674405, value=z, duration=0.19176480000004403>
296.5736 	EXP 	line1: autoDraw = True
296.5736 	EXP 	line_2: autoDraw = True
296.5736 	EXP 	line_3: autoDraw = True
296.5736 	EXP 	line4: autoDraw = True
296.5900 	EXP 	fixation: autoDraw = False
297.5735 	INFO 	Keyboard events cleared
297.5733 	EXP 	probe: autoDraw = True
298.7236 	EXP 	Device response: <KeyPress from None: t=298.7166148, value=x, duration=None>
298.7240 	EXP 	New trial (rep=27, index=1): <Trial 109 (1 in rep 27) data={'pos': np.int64(150), 'corr_resp': 'v', 'thisN': 109, 'thisTrialN': 1, 'thisRepN': 27}>
298.7254 	DATA 	Keypress: x
298.7403 	EXP 	fixation: autoDraw = False
298.7403 	EXP 	line1: autoDraw = False
298.7403 	EXP 	line_2: autoDraw = False
298.7403 	EXP 	line_3: autoDraw = False
298.7403 	EXP 	line4: autoDraw = False
298.7403 	EXP 	probe: autoDraw = False
298.7403 	EXP 	fixation: autoDraw = True
299.0401 	EXP 	Device response: <KeyPress from None: t=298.7166148, value=x, duration=0.3182047999999895>
299.7235 	EXP 	line1: autoDraw = True
299.7235 	EXP 	line_2: autoDraw = True
299.7235 	EXP 	line_3: autoDraw = True
299.7235 	EXP 	line4: autoDraw = True
299.7404 	EXP 	fixation: autoDraw = False
300.7245 	INFO 	Keyboard events cleared
300.7243 	EXP 	probe: autoDraw = True
301.6072 	EXP 	Device response: <KeyPress from None: t=301.5933878, value=v, duration=None>
301.6075 	EXP 	New trial (rep=27, index=2): <Trial 110 (2 in rep 27) data={'pos': np.int64(50), 'corr_resp': 'c', 'thisN': 110, 'thisTrialN': 2, 'thisRepN': 27}>
301.6089 	DATA 	Keypress: v
301.6231 	EXP 	fixation: autoDraw = False
301.6231 	EXP 	line1: autoDraw = False
301.6231 	EXP 	line_2: autoDraw = False
301.6231 	EXP 	line_3: autoDraw = False
301.6231 	EXP 	line4: autoDraw = False
301.6231 	EXP 	probe: autoDraw = False
301.6231 	EXP 	fixation: autoDraw = True
301.7739 	EXP 	Device response: <KeyPress from None: t=301.5933878, value=v, duration=0.16769419999997126>
302.6067 	EXP 	line1: autoDraw = True
302.6067 	EXP 	line_2: autoDraw = True
302.6067 	EXP 	line_3: autoDraw = True
302.6067 	EXP 	line4: autoDraw = True
302.6234 	EXP 	fixation: autoDraw = False
303.6070 	INFO 	Keyboard events cleared
303.6069 	EXP 	probe: autoDraw = True
304.1580 	DATA 	Mouse: Left button down, pos=(1195,793)
304.3920 	DATA 	Mouse:  Left button up, pos=(1195,793)
304.6573 	EXP 	Device response: <KeyPress from None: t=304.6555863, value=c, duration=None>
304.6577 	EXP 	New trial (rep=27, index=3): <Trial 111 (3 in rep 27) data={'pos': np.int64(-150), 'corr_resp': 'z', 'thisN': 111, 'thisTrialN': 3, 'thisRepN': 27}>
304.6589 	DATA 	Keypress: c
304.6729 	EXP 	fixation: autoDraw = False
304.6729 	EXP 	line1: autoDraw = False
304.6729 	EXP 	line_2: autoDraw = False
304.6729 	EXP 	line_3: autoDraw = False
304.6729 	EXP 	line4: autoDraw = False
304.6729 	EXP 	probe: autoDraw = False
304.6729 	EXP 	fixation: autoDraw = True
304.8406 	EXP 	Device response: <KeyPress from None: t=304.6555863, value=c, duration=0.17665410000000747>
305.6566 	EXP 	line1: autoDraw = True
305.6566 	EXP 	line_2: autoDraw = True
305.6566 	EXP 	line_3: autoDraw = True
305.6566 	EXP 	line4: autoDraw = True
305.6731 	EXP 	fixation: autoDraw = False
306.6572 	INFO 	Keyboard events cleared
306.6570 	EXP 	probe: autoDraw = True
307.5239 	EXP 	Device response: <KeyPress from None: t=307.5193676, value=z, duration=None>
307.5242 	EXP 	New trial (rep=28, index=0): <Trial 112 (0 in rep 28) data={'pos': np.int64(-50), 'corr_resp': 'x', 'thisN': 112, 'thisTrialN': 0, 'thisRepN': 28}>
307.5255 	DATA 	Keypress: z
307.5394 	EXP 	fixation: autoDraw = False
307.5394 	EXP 	line1: autoDraw = False
307.5394 	EXP 	line_2: autoDraw = False
307.5394 	EXP 	line_3: autoDraw = False
307.5394 	EXP 	line4: autoDraw = False
307.5394 	EXP 	probe: autoDraw = False
307.5394 	EXP 	fixation: autoDraw = True
307.7566 	EXP 	Device response: <KeyPress from None: t=307.5193676, value=z, duration=0.2277007999999796>
308.5236 	EXP 	line1: autoDraw = True
308.5236 	EXP 	line_2: autoDraw = True
308.5236 	EXP 	line_3: autoDraw = True
308.5236 	EXP 	line4: autoDraw = True
308.5405 	EXP 	fixation: autoDraw = False
309.5395 	INFO 	Keyboard events cleared
309.5393 	EXP 	probe: autoDraw = True
310.1070 	EXP 	Device response: <KeyPress from None: t=310.1033199, value=x, duration=None>
310.1073 	EXP 	New trial (rep=28, index=1): <Trial 113 (1 in rep 28) data={'pos': np.int64(150), 'corr_resp': 'v', 'thisN': 113, 'thisTrialN': 1, 'thisRepN': 28}>
310.1087 	DATA 	Keypress: x
310.1235 	EXP 	fixation: autoDraw = False
310.1235 	EXP 	line1: autoDraw = False
310.1235 	EXP 	line_2: autoDraw = False
310.1235 	EXP 	line_3: autoDraw = False
310.1235 	EXP 	line4: autoDraw = False
310.1235 	EXP 	probe: autoDraw = False
310.1235 	EXP 	fixation: autoDraw = True
310.3240 	EXP 	Device response: <KeyPress from None: t=310.1033199, value=x, duration=0.20416510000001153>
311.1070 	EXP 	line1: autoDraw = True
311.1070 	EXP 	line_2: autoDraw = True
311.1070 	EXP 	line_3: autoDraw = True
311.1070 	EXP 	line4: autoDraw = True
311.1236 	EXP 	fixation: autoDraw = False
312.1066 	INFO 	Keyboard events cleared
312.1064 	EXP 	probe: autoDraw = True
312.6098 	DATA 	Mouse: Right button down, pos=(1149,843)
312.6756 	DATA 	Mouse:  Right button up, pos=(1149,843)
312.8569 	EXP 	Device response: <KeyPress from None: t=312.8462271, value=v, duration=None>
312.8574 	EXP 	New trial (rep=28, index=2): <Trial 114 (2 in rep 28) data={'pos': np.int64(50), 'corr_resp': 'c', 'thisN': 114, 'thisTrialN': 2, 'thisRepN': 28}>
312.8588 	DATA 	Keypress: v
312.8738 	EXP 	fixation: autoDraw = False
312.8738 	EXP 	line1: autoDraw = False
312.8738 	EXP 	line_2: autoDraw = False
312.8738 	EXP 	line_3: autoDraw = False
312.8738 	EXP 	line4: autoDraw = False
312.8738 	EXP 	probe: autoDraw = False
312.8738 	EXP 	fixation: autoDraw = True
313.3070 	EXP 	Device response: <KeyPress from None: t=312.8462271, value=v, duration=0.4506973999999673>
313.8570 	EXP 	line1: autoDraw = True
313.8570 	EXP 	line_2: autoDraw = True
313.8570 	EXP 	line_3: autoDraw = True
313.8570 	EXP 	line4: autoDraw = True
313.8734 	EXP 	fixation: autoDraw = False
314.8729 	INFO 	Keyboard events cleared
314.8727 	EXP 	probe: autoDraw = True
316.0071 	EXP 	Device response: <KeyPress from None: t=316.003127, value=c, duration=None>
316.0076 	EXP 	New trial (rep=28, index=3): <Trial 115 (3 in rep 28) data={'pos': np.int64(-150), 'corr_resp': 'z', 'thisN': 115, 'thisTrialN': 3, 'thisRepN': 28}>
316.0090 	DATA 	Keypress: c
316.0235 	EXP 	fixation: autoDraw = False
316.0235 	EXP 	line1: autoDraw = False
316.0235 	EXP 	line_2: autoDraw = False
316.0235 	EXP 	line_3: autoDraw = False
316.0235 	EXP 	line4: autoDraw = False
316.0235 	EXP 	probe: autoDraw = False
316.0235 	EXP 	fixation: autoDraw = True
316.2408 	EXP 	Device response: <KeyPress from None: t=316.003127, value=c, duration=0.22731249999998226>
317.0068 	EXP 	line1: autoDraw = True
317.0068 	EXP 	line_2: autoDraw = True
317.0068 	EXP 	line_3: autoDraw = True
317.0068 	EXP 	line4: autoDraw = True
317.0235 	EXP 	fixation: autoDraw = False
318.0069 	INFO 	Keyboard events cleared
318.0068 	EXP 	probe: autoDraw = True
318.1072 	EXP 	Device response: <KeyPress from None: t=318.0925088, value=v, duration=None>
318.1075 	EXP 	New trial (rep=29, index=0): <Trial 116 (0 in rep 29) data={'pos': np.int64(-50), 'corr_resp': 'x', 'thisN': 116, 'thisTrialN': 0, 'thisRepN': 29}>
318.1087 	DATA 	Keypress: v
318.1236 	EXP 	fixation: autoDraw = False
318.1236 	EXP 	line1: autoDraw = False
318.1236 	EXP 	line_2: autoDraw = False
318.1236 	EXP 	line_3: autoDraw = False
318.1236 	EXP 	line4: autoDraw = False
318.1236 	EXP 	probe: autoDraw = False
318.1236 	EXP 	fixation: autoDraw = True
318.4239 	EXP 	Device response: <KeyPress from None: t=318.0925088, value=v, duration=0.3152356999999597>
319.1067 	EXP 	line1: autoDraw = True
319.1067 	EXP 	line_2: autoDraw = True
319.1067 	EXP 	line_3: autoDraw = True
319.1067 	EXP 	line4: autoDraw = True
319.1236 	EXP 	fixation: autoDraw = False
320.1070 	INFO 	Keyboard events cleared
320.1068 	EXP 	probe: autoDraw = True
320.7410 	EXP 	Device response: <KeyPress from None: t=320.7404029, value=x, duration=None>
320.7413 	EXP 	New trial (rep=29, index=1): <Trial 117 (1 in rep 29) data={'pos': np.int64(150), 'corr_resp': 'v', 'thisN': 117, 'thisTrialN': 1, 'thisRepN': 29}>
320.7426 	DATA 	Keypress: x
320.7566 	EXP 	fixation: autoDraw = False
320.7566 	EXP 	line1: autoDraw = False
320.7566 	EXP 	line_2: autoDraw = False
320.7566 	EXP 	line_3: autoDraw = False
320.7566 	EXP 	line4: autoDraw = False
320.7566 	EXP 	probe: autoDraw = False
320.7566 	EXP 	fixation: autoDraw = True
320.9741 	EXP 	Device response: <KeyPress from None: t=320.7404029, value=x, duration=0.22323979999998755>
321.7403 	EXP 	line1: autoDraw = True
321.7403 	EXP 	line_2: autoDraw = True
321.7403 	EXP 	line_3: autoDraw = True
321.7403 	EXP 	line4: autoDraw = True
321.7568 	EXP 	fixation: autoDraw = False
322.7569 	INFO 	Keyboard events cleared
322.7568 	EXP 	probe: autoDraw = True
324.7090 	DATA 	Keypress: v
324.7240 	EXP 	Device response: <KeyPress from None: t=324.7079743, value=v, duration=None>
324.7244 	EXP 	New trial (rep=29, index=2): <Trial 118 (2 in rep 29) data={'pos': np.int64(50), 'corr_resp': 'c', 'thisN': 118, 'thisTrialN': 2, 'thisRepN': 29}>
324.7403 	EXP 	fixation: autoDraw = False
324.7403 	EXP 	line1: autoDraw = False
324.7403 	EXP 	line_2: autoDraw = False
324.7403 	EXP 	line_3: autoDraw = False
324.7403 	EXP 	line4: autoDraw = False
324.7403 	EXP 	probe: autoDraw = False
324.7403 	EXP 	fixation: autoDraw = True
324.8904 	EXP 	Device response: <KeyPress from None: t=324.7079743, value=v, duration=0.17866109999999935>
325.7400 	EXP 	fixation: autoDraw = False
325.7400 	EXP 	line1: autoDraw = True
325.7400 	EXP 	line_2: autoDraw = True
325.7400 	EXP 	line_3: autoDraw = True
325.7400 	EXP 	line4: autoDraw = True
326.7237 	INFO 	Keyboard events cleared
326.7235 	EXP 	probe: autoDraw = True
327.6241 	EXP 	Device response: <KeyPress from None: t=327.6156895, value=c, duration=None>
327.6245 	EXP 	New trial (rep=29, index=3): <Trial 119 (3 in rep 29) data={'pos': np.int64(-150), 'corr_resp': 'z', 'thisN': 119, 'thisTrialN': 3, 'thisRepN': 29}>
327.6257 	DATA 	Keypress: c
327.6403 	EXP 	fixation: autoDraw = False
327.6403 	EXP 	line1: autoDraw = False
327.6403 	EXP 	line_2: autoDraw = False
327.6403 	EXP 	line_3: autoDraw = False
327.6403 	EXP 	line4: autoDraw = False
327.6403 	EXP 	probe: autoDraw = False
327.6403 	EXP 	fixation: autoDraw = True
328.6240 	EXP 	line1: autoDraw = True
328.6240 	EXP 	line_2: autoDraw = True
328.6240 	EXP 	line_3: autoDraw = True
328.6240 	EXP 	line4: autoDraw = True
328.6401 	EXP 	fixation: autoDraw = False
328.8907 	EXP 	Device response: <KeyPress from None: t=327.6156895, value=c, duration=1.2659385000000043>
329.6244 	INFO 	Keyboard events cleared
329.6242 	EXP 	probe: autoDraw = True
330.1083 	DATA 	Mouse: Left button down, pos=(1149,843)
330.1575 	EXP 	Device response: <KeyPress from None: t=330.1485266, value=lwindows, duration=None>
330.1579 	EXP 	New trial (rep=30, index=0): <Trial 120 (0 in rep 30) data={'pos': np.int64(-50), 'corr_resp': 'x', 'thisN': 120, 'thisTrialN': 0, 'thisRepN': 30}>
330.1592 	DATA 	Keypress: lwindows
330.1739 	EXP 	fixation: autoDraw = False
330.1739 	EXP 	line1: autoDraw = False
330.1739 	EXP 	line_2: autoDraw = False
330.1739 	EXP 	line_3: autoDraw = False
330.1739 	EXP 	line4: autoDraw = False
330.1739 	EXP 	probe: autoDraw = False
330.1739 	EXP 	fixation: autoDraw = True
330.3653 	DATA 	Mouse:  Left button up, pos=(1149,843)
331.1582 	EXP 	line1: autoDraw = True
331.1582 	EXP 	line_2: autoDraw = True
331.1582 	EXP 	line_3: autoDraw = True
331.1582 	EXP 	line4: autoDraw = True
331.1751 	EXP 	fixation: autoDraw = False
332.1738 	INFO 	Keyboard events cleared
332.1737 	EXP 	probe: autoDraw = True
332.5411 	EXP 	Device response: <KeyPress from None: t=332.5350527, value=x, duration=None>
332.5414 	EXP 	New trial (rep=30, index=1): <Trial 121 (1 in rep 30) data={'pos': np.int64(150), 'corr_resp': 'v', 'thisN': 121, 'thisTrialN': 1, 'thisRepN': 30}>
332.5428 	DATA 	Keypress: x
332.5567 	EXP 	fixation: autoDraw = False
332.5567 	EXP 	line1: autoDraw = False
332.5567 	EXP 	line_2: autoDraw = False
332.5567 	EXP 	line_3: autoDraw = False
332.5567 	EXP 	line4: autoDraw = False
332.5567 	EXP 	probe: autoDraw = False
332.5567 	EXP 	fixation: autoDraw = True
332.7906 	EXP 	Device response: <KeyPress from None: t=332.5350527, value=x, duration=0.24188600000002225>
333.5403 	EXP 	line1: autoDraw = True
333.5403 	EXP 	line_2: autoDraw = True
333.5403 	EXP 	line_3: autoDraw = True
333.5403 	EXP 	line4: autoDraw = True
333.5568 	EXP 	fixation: autoDraw = False
334.5405 	INFO 	Keyboard events cleared
334.5403 	EXP 	probe: autoDraw = True
334.8907 	EXP 	Device response: <KeyPress from None: t=334.8800324, value=v, duration=None>
334.8911 	EXP 	New trial (rep=30, index=2): <Trial 122 (2 in rep 30) data={'pos': np.int64(50), 'corr_resp': 'c', 'thisN': 122, 'thisTrialN': 2, 'thisRepN': 30}>
334.8924 	DATA 	Keypress: v
334.9069 	EXP 	fixation: autoDraw = False
334.9069 	EXP 	line1: autoDraw = False
334.9069 	EXP 	line_2: autoDraw = False
334.9069 	EXP 	line_3: autoDraw = False
334.9069 	EXP 	line4: autoDraw = False
334.9069 	EXP 	probe: autoDraw = False
334.9069 	EXP 	fixation: autoDraw = True
335.0910 	EXP 	Device response: <KeyPress from None: t=334.8800324, value=v, duration=0.2064596000000165>
335.8912 	DATA 	Mouse: Left button down, pos=(1149,843)
335.9060 	EXP 	fixation: autoDraw = False
335.9060 	EXP 	line1: autoDraw = True
335.9060 	EXP 	line_2: autoDraw = True
335.9060 	EXP 	line_3: autoDraw = True
335.9060 	EXP 	line4: autoDraw = True
336.1086 	DATA 	Mouse:  Left button up, pos=(1149,843)
336.8906 	INFO 	Keyboard events cleared
336.8905 	EXP 	probe: autoDraw = True
338.0406 	EXP 	Device response: <KeyPress from None: t=338.0323283, value=v, duration=None>
338.0409 	EXP 	New trial (rep=30, index=3): <Trial 123 (3 in rep 30) data={'pos': np.int64(-150), 'corr_resp': 'z', 'thisN': 123, 'thisTrialN': 3, 'thisRepN': 30}>
338.0424 	DATA 	Keypress: v
338.0563 	EXP 	fixation: autoDraw = False
338.0563 	EXP 	line1: autoDraw = False
338.0563 	EXP 	line_2: autoDraw = False
338.0563 	EXP 	line_3: autoDraw = False
338.0563 	EXP 	line4: autoDraw = False
338.0563 	EXP 	probe: autoDraw = False
338.0563 	EXP 	fixation: autoDraw = True
338.4079 	EXP 	Device response: <KeyPress from None: t=338.0323283, value=v, duration=0.3728535999999849>
339.0562 	EXP 	fixation: autoDraw = False
339.0562 	EXP 	line1: autoDraw = True
339.0562 	EXP 	line_2: autoDraw = True
339.0562 	EXP 	line_3: autoDraw = True
339.0562 	EXP 	line4: autoDraw = True
340.0404 	INFO 	Keyboard events cleared
340.0402 	EXP 	probe: autoDraw = True
341.9732 	EXP 	Device response: <KeyPress from None: t=341.9614367, value=z, duration=None>
341.9736 	EXP 	New trial (rep=31, index=0): <Trial 124 (0 in rep 31) data={'pos': np.int64(-50), 'corr_resp': 'x', 'thisN': 124, 'thisTrialN': 0, 'thisRepN': 31}>
341.9754 	DATA 	Keypress: z
341.9901 	EXP 	fixation: autoDraw = False
341.9901 	EXP 	line1: autoDraw = False
341.9901 	EXP 	line_2: autoDraw = False
341.9901 	EXP 	line_3: autoDraw = False
341.9901 	EXP 	line4: autoDraw = False
341.9901 	EXP 	probe: autoDraw = False
341.9901 	EXP 	fixation: autoDraw = True
342.2739 	EXP 	Device response: <KeyPress from None: t=341.9614367, value=z, duration=0.3012018000000012>
342.9729 	EXP 	line1: autoDraw = True
342.9729 	EXP 	line_2: autoDraw = True
342.9729 	EXP 	line_3: autoDraw = True
342.9729 	EXP 	line4: autoDraw = True
342.9893 	EXP 	fixation: autoDraw = False
343.9735 	INFO 	Keyboard events cleared
343.9734 	EXP 	probe: autoDraw = True
345.0250 	EXP 	Device response: <KeyPress from None: t=345.0165458, value=x, duration=None>
345.0254 	EXP 	New trial (rep=31, index=1): <Trial 125 (1 in rep 31) data={'pos': np.int64(150), 'corr_resp': 'v', 'thisN': 125, 'thisTrialN': 1, 'thisRepN': 31}>
345.0271 	DATA 	Keypress: x
345.0397 	EXP 	fixation: autoDraw = False
345.0397 	EXP 	line1: autoDraw = False
345.0397 	EXP 	line_2: autoDraw = False
345.0397 	EXP 	line_3: autoDraw = False
345.0397 	EXP 	line4: autoDraw = False
345.0397 	EXP 	probe: autoDraw = False
345.0397 	EXP 	fixation: autoDraw = True
345.2569 	EXP 	Device response: <KeyPress from None: t=345.0165458, value=x, duration=0.2327439999999683>
346.0409 	EXP 	fixation: autoDraw = False
346.0409 	EXP 	line1: autoDraw = True
346.0409 	EXP 	line_2: autoDraw = True
346.0409 	EXP 	line_3: autoDraw = True
346.0409 	EXP 	line4: autoDraw = True
347.0255 	INFO 	Keyboard events cleared
347.0253 	EXP 	probe: autoDraw = True
348.0553 	EXP 	Device response: <KeyPress from None: t=348.0492361, value=v, duration=None>
348.0557 	EXP 	New trial (rep=31, index=2): <Trial 126 (2 in rep 31) data={'pos': np.int64(50), 'corr_resp': 'c', 'thisN': 126, 'thisTrialN': 2, 'thisRepN': 31}>
348.0572 	DATA 	Keypress: v
348.0720 	EXP 	fixation: autoDraw = False
348.0720 	EXP 	line1: autoDraw = False
348.0720 	EXP 	line_2: autoDraw = False
348.0720 	EXP 	line_3: autoDraw = False
348.0720 	EXP 	line4: autoDraw = False
348.0720 	EXP 	probe: autoDraw = False
348.0720 	EXP 	fixation: autoDraw = True
348.2759 	EXP 	Device response: <KeyPress from None: t=348.0492361, value=v, duration=0.2148939000000496>
349.0711 	EXP 	fixation: autoDraw = False
349.0711 	EXP 	line1: autoDraw = True
349.0711 	EXP 	line_2: autoDraw = True
349.0711 	EXP 	line_3: autoDraw = True
349.0711 	EXP 	line4: autoDraw = True
350.0713 	INFO 	Keyboard events cleared
350.0712 	EXP 	probe: autoDraw = True
351.2553 	EXP 	Device response: <KeyPress from None: t=351.2529464, value=c, duration=None>
351.2556 	EXP 	New trial (rep=31, index=3): <Trial 127 (3 in rep 31) data={'pos': np.int64(-150), 'corr_resp': 'z', 'thisN': 127, 'thisTrialN': 3, 'thisRepN': 31}>
351.2567 	DATA 	Keypress: c
351.2716 	EXP 	fixation: autoDraw = False
351.2716 	EXP 	line1: autoDraw = False
351.2716 	EXP 	line_2: autoDraw = False
351.2716 	EXP 	line_3: autoDraw = False
351.2716 	EXP 	line4: autoDraw = False
351.2716 	EXP 	probe: autoDraw = False
351.2716 	EXP 	fixation: autoDraw = True
351.7239 	EXP 	Device response: <KeyPress from None: t=351.2529464, value=c, duration=0.46774679999998625>
352.2547 	EXP 	line1: autoDraw = True
352.2547 	EXP 	line_2: autoDraw = True
352.2547 	EXP 	line_3: autoDraw = True
352.2547 	EXP 	line4: autoDraw = True
352.2723 	EXP 	fixation: autoDraw = False
353.2567 	INFO 	Keyboard events cleared
353.2565 	EXP 	probe: autoDraw = True
354.1406 	EXP 	Device response: <KeyPress from None: t=354.1286768, value=z, duration=None>
354.1410 	EXP 	New trial (rep=32, index=0): <Trial 128 (0 in rep 32) data={'pos': np.int64(-50), 'corr_resp': 'x', 'thisN': 128, 'thisTrialN': 0, 'thisRepN': 32}>
354.1426 	DATA 	Keypress: z
354.1564 	EXP 	fixation: autoDraw = False
354.1564 	EXP 	line1: autoDraw = False
354.1564 	EXP 	line_2: autoDraw = False
354.1564 	EXP 	line_3: autoDraw = False
354.1564 	EXP 	line4: autoDraw = False
354.1564 	EXP 	probe: autoDraw = False
354.1564 	EXP 	fixation: autoDraw = True
354.3232 	EXP 	Device response: <KeyPress from None: t=354.1286768, value=z, duration=0.1855100999999877>
355.1405 	EXP 	line1: autoDraw = True
355.1405 	EXP 	line_2: autoDraw = True
355.1405 	EXP 	line_3: autoDraw = True
355.1405 	EXP 	line4: autoDraw = True
355.1575 	EXP 	fixation: autoDraw = False
356.1405 	INFO 	Keyboard events cleared
356.1404 	EXP 	probe: autoDraw = True
356.7242 	EXP 	Device response: <KeyPress from None: t=356.71973519999995, value=x, duration=None>
356.7246 	EXP 	New trial (rep=32, index=1): <Trial 129 (1 in rep 32) data={'pos': np.int64(150), 'corr_resp': 'v', 'thisN': 129, 'thisTrialN': 1, 'thisRepN': 32}>
356.7259 	DATA 	Keypress: x
356.7402 	EXP 	fixation: autoDraw = False
356.7402 	EXP 	line1: autoDraw = False
356.7402 	EXP 	line_2: autoDraw = False
356.7402 	EXP 	line_3: autoDraw = False
356.7402 	EXP 	line4: autoDraw = False
356.7402 	EXP 	probe: autoDraw = False
356.7402 	EXP 	fixation: autoDraw = True
356.9908 	EXP 	Device response: <KeyPress from None: t=356.71973519999995, value=x, duration=0.26135659999999916>
357.7240 	EXP 	line1: autoDraw = True
357.7240 	EXP 	line_2: autoDraw = True
357.7240 	EXP 	line_3: autoDraw = True
357.7240 	EXP 	line4: autoDraw = True
357.7406 	EXP 	fixation: autoDraw = False
358.7235 	INFO 	Keyboard events cleared
358.7233 	EXP 	probe: autoDraw = True
360.2241 	EXP 	Device response: <KeyPress from None: t=360.20932330000005, value=v, duration=None>
360.2245 	EXP 	New trial (rep=32, index=2): <Trial 130 (2 in rep 32) data={'pos': np.int64(50), 'corr_resp': 'c', 'thisN': 130, 'thisTrialN': 2, 'thisRepN': 32}>
360.2258 	DATA 	Keypress: v
360.2406 	EXP 	fixation: autoDraw = False
360.2406 	EXP 	line1: autoDraw = False
360.2406 	EXP 	line_2: autoDraw = False
360.2406 	EXP 	line_3: autoDraw = False
360.2406 	EXP 	line4: autoDraw = False
360.2406 	EXP 	probe: autoDraw = False
360.2406 	EXP 	fixation: autoDraw = True
360.3584 	EXP 	Device response: <KeyPress from None: t=360.20932330000005, value=v, duration=0.1472122999999783>
361.2237 	EXP 	line1: autoDraw = True
361.2237 	EXP 	line_2: autoDraw = True
361.2237 	EXP 	line_3: autoDraw = True
361.2237 	EXP 	line4: autoDraw = True
361.2408 	EXP 	fixation: autoDraw = False
362.2246 	INFO 	Keyboard events cleared
362.2244 	EXP 	probe: autoDraw = True
362.8576 	EXP 	Device response: <KeyPress from None: t=362.85633010000004, value=c, duration=None>
362.8580 	EXP 	New trial (rep=32, index=3): <Trial 131 (3 in rep 32) data={'pos': np.int64(-150), 'corr_resp': 'z', 'thisN': 131, 'thisTrialN': 3, 'thisRepN': 32}>
362.8593 	DATA 	Keypress: c
362.8737 	EXP 	fixation: autoDraw = False
362.8737 	EXP 	line1: autoDraw = False
362.8737 	EXP 	line_2: autoDraw = False
362.8737 	EXP 	line_3: autoDraw = False
362.8737 	EXP 	line4: autoDraw = False
362.8737 	EXP 	probe: autoDraw = False
362.8737 	EXP 	fixation: autoDraw = True
363.0741 	EXP 	Device response: <KeyPress from None: t=362.85633010000004, value=c, duration=0.20626549999997223>
363.8567 	EXP 	line1: autoDraw = True
363.8567 	EXP 	line_2: autoDraw = True
363.8567 	EXP 	line_3: autoDraw = True
363.8567 	EXP 	line4: autoDraw = True
363.8736 	EXP 	fixation: autoDraw = False
364.8739 	INFO 	Keyboard events cleared
364.8737 	EXP 	probe: autoDraw = True
365.5575 	EXP 	Device response: <KeyPress from None: t=365.5492273, value=z, duration=None>
365.5578 	EXP 	New trial (rep=33, index=0): <Trial 132 (0 in rep 33) data={'pos': np.int64(-50), 'corr_resp': 'x', 'thisN': 132, 'thisTrialN': 0, 'thisRepN': 33}>
365.5591 	DATA 	Keypress: z
365.5739 	EXP 	fixation: autoDraw = False
365.5739 	EXP 	line1: autoDraw = False
365.5739 	EXP 	line_2: autoDraw = False
365.5739 	EXP 	line_3: autoDraw = False
365.5739 	EXP 	line4: autoDraw = False
365.5739 	EXP 	probe: autoDraw = False
365.5739 	EXP 	fixation: autoDraw = True
365.7410 	EXP 	Device response: <KeyPress from None: t=365.5492273, value=z, duration=0.1909335000000283>
366.5580 	EXP 	line1: autoDraw = True
366.5580 	EXP 	line_2: autoDraw = True
366.5580 	EXP 	line_3: autoDraw = True
366.5580 	EXP 	line4: autoDraw = True
366.5735 	EXP 	fixation: autoDraw = False
367.5564 	INFO 	Keyboard events cleared
367.5562 	EXP 	probe: autoDraw = True
367.6922 	DATA 	Mouse: Right button down, pos=(1138,716)
367.7421 	DATA 	Mouse:  Right button up, pos=(1138,716)
368.9588 	DATA 	Keypress: c
368.9742 	EXP 	Device response: <KeyPress from None: t=368.9571402, value=c, duration=None>
368.9745 	EXP 	New trial (rep=33, index=1): <Trial 133 (1 in rep 33) data={'pos': np.int64(150), 'corr_resp': 'v', 'thisN': 133, 'thisTrialN': 1, 'thisRepN': 33}>
368.9903 	EXP 	fixation: autoDraw = False
368.9903 	EXP 	line1: autoDraw = False
368.9903 	EXP 	line_2: autoDraw = False
368.9903 	EXP 	line_3: autoDraw = False
368.9903 	EXP 	line4: autoDraw = False
368.9903 	EXP 	probe: autoDraw = False
368.9903 	EXP 	fixation: autoDraw = True
369.2239 	EXP 	Device response: <KeyPress from None: t=368.9571402, value=c, duration=0.26421029999994516>
369.9736 	EXP 	line1: autoDraw = True
369.9736 	EXP 	line_2: autoDraw = True
369.9736 	EXP 	line_3: autoDraw = True
369.9736 	EXP 	line4: autoDraw = True
369.9902 	EXP 	fixation: autoDraw = False
370.9740 	INFO 	Keyboard events cleared
370.9738 	EXP 	probe: autoDraw = True
372.3908 	EXP 	Device response: <KeyPress from None: t=372.3764972, value=v, duration=None>
372.3912 	EXP 	New trial (rep=33, index=2): <Trial 134 (2 in rep 33) data={'pos': np.int64(50), 'corr_resp': 'c', 'thisN': 134, 'thisTrialN': 2, 'thisRepN': 33}>
372.3926 	DATA 	Keypress: v
372.4069 	EXP 	fixation: autoDraw = False
372.4069 	EXP 	line1: autoDraw = False
372.4069 	EXP 	line_2: autoDraw = False
372.4069 	EXP 	line_3: autoDraw = False
372.4069 	EXP 	line4: autoDraw = False
372.4069 	EXP 	probe: autoDraw = False
372.4069 	EXP 	fixation: autoDraw = True
372.5566 	EXP 	Device response: <KeyPress from None: t=372.3764972, value=v, duration=0.16905819999999494>
373.4071 	EXP 	fixation: autoDraw = False
373.4071 	EXP 	line1: autoDraw = True
373.4071 	EXP 	line_2: autoDraw = True
373.4071 	EXP 	line_3: autoDraw = True
373.4071 	EXP 	line4: autoDraw = True
374.3906 	INFO 	Keyboard events cleared
374.3904 	EXP 	probe: autoDraw = True
375.3241 	EXP 	Device response: <KeyPress from None: t=375.3099227, value=v, duration=None>
375.3245 	EXP 	New trial (rep=33, index=3): <Trial 135 (3 in rep 33) data={'pos': np.int64(-150), 'corr_resp': 'z', 'thisN': 135, 'thisTrialN': 3, 'thisRepN': 33}>
375.3260 	DATA 	Keypress: v
375.3405 	EXP 	fixation: autoDraw = False
375.3405 	EXP 	line1: autoDraw = False
375.3405 	EXP 	line_2: autoDraw = False
375.3405 	EXP 	line_3: autoDraw = False
375.3405 	EXP 	line4: autoDraw = False
375.3405 	EXP 	probe: autoDraw = False
375.3405 	EXP 	fixation: autoDraw = True
375.4074 	EXP 	Device response: <KeyPress from None: t=375.3099227, value=v, duration=0.08937359999993078>
376.3242 	EXP 	line1: autoDraw = True
376.3242 	EXP 	line_2: autoDraw = True
376.3242 	EXP 	line_3: autoDraw = True
376.3242 	EXP 	line4: autoDraw = True
376.3403 	EXP 	fixation: autoDraw = False
377.3239 	INFO 	Keyboard events cleared
377.3238 	EXP 	probe: autoDraw = True
378.3577 	EXP 	Device response: <KeyPress from None: t=378.35043140000005, value=z, duration=None>
378.3580 	EXP 	New trial (rep=34, index=0): <Trial 136 (0 in rep 34) data={'pos': np.int64(-50), 'corr_resp': 'x', 'thisN': 136, 'thisTrialN': 0, 'thisRepN': 34}>
378.3595 	DATA 	Keypress: z
378.3736 	EXP 	fixation: autoDraw = False
378.3736 	EXP 	line1: autoDraw = False
378.3736 	EXP 	line_2: autoDraw = False
378.3736 	EXP 	line_3: autoDraw = False
378.3736 	EXP 	line4: autoDraw = False
378.3736 	EXP 	probe: autoDraw = False
378.3736 	EXP 	fixation: autoDraw = True
379.3736 	EXP 	fixation: autoDraw = False
379.3736 	EXP 	line1: autoDraw = True
379.3736 	EXP 	line_2: autoDraw = True
379.3736 	EXP 	line_3: autoDraw = True
379.3736 	EXP 	line4: autoDraw = True
380.3568 	INFO 	Keyboard events cleared
380.3566 	EXP 	probe: autoDraw = True
380.5734 	EXP 	Device response: <KeyPress from None: t=378.35043140000005, value=z, duration=2.209386499999937>
381.1411 	EXP 	Device response: <KeyPress from None: t=381.1389649, value=x, duration=None>
381.1414 	EXP 	New trial (rep=34, index=1): <Trial 137 (1 in rep 34) data={'pos': np.int64(150), 'corr_resp': 'v', 'thisN': 137, 'thisTrialN': 1, 'thisRepN': 34}>
381.1429 	DATA 	Keypress: x
381.1565 	EXP 	fixation: autoDraw = False
381.1565 	EXP 	line1: autoDraw = False
381.1565 	EXP 	line_2: autoDraw = False
381.1565 	EXP 	line_3: autoDraw = False
381.1565 	EXP 	line4: autoDraw = False
381.1565 	EXP 	probe: autoDraw = False
381.1565 	EXP 	fixation: autoDraw = True
381.3734 	EXP 	Device response: <KeyPress from None: t=381.1389649, value=x, duration=0.231360699999982>
382.1566 	EXP 	fixation: autoDraw = False
382.1566 	EXP 	line1: autoDraw = True
382.1566 	EXP 	line_2: autoDraw = True
382.1566 	EXP 	line_3: autoDraw = True
382.1566 	EXP 	line4: autoDraw = True
383.1409 	INFO 	Keyboard events cleared
383.1407 	EXP 	probe: autoDraw = True
384.0262 	DATA 	Keypress: v
384.0405 	EXP 	Device response: <KeyPress from None: t=384.0246055, value=v, duration=None>
384.0410 	EXP 	New trial (rep=34, index=2): <Trial 138 (2 in rep 34) data={'pos': np.int64(50), 'corr_resp': 'c', 'thisN': 138, 'thisTrialN': 2, 'thisRepN': 34}>
384.0569 	EXP 	fixation: autoDraw = False
384.0569 	EXP 	line1: autoDraw = False
384.0569 	EXP 	line_2: autoDraw = False
384.0569 	EXP 	line_3: autoDraw = False
384.0569 	EXP 	line4: autoDraw = False
384.0569 	EXP 	probe: autoDraw = False
384.0569 	EXP 	fixation: autoDraw = True
384.1575 	EXP 	Device response: <KeyPress from None: t=384.0246055, value=v, duration=0.12140320000003157>
385.0405 	EXP 	line1: autoDraw = True
385.0405 	EXP 	line_2: autoDraw = True
385.0405 	EXP 	line_3: autoDraw = True
385.0405 	EXP 	line4: autoDraw = True
385.0571 	EXP 	fixation: autoDraw = False
386.0404 	INFO 	Keyboard events cleared
386.0402 	EXP 	probe: autoDraw = True
387.7410 	EXP 	Device response: <KeyPress from None: t=387.73916469999995, value=c, duration=None>
387.7414 	EXP 	New trial (rep=34, index=3): <Trial 139 (3 in rep 34) data={'pos': np.int64(-150), 'corr_resp': 'z', 'thisN': 139, 'thisTrialN': 3, 'thisRepN': 34}>
387.7427 	DATA 	Keypress: c
387.7571 	EXP 	fixation: autoDraw = False
387.7571 	EXP 	line1: autoDraw = False
387.7571 	EXP 	line_2: autoDraw = False
387.7571 	EXP 	line_3: autoDraw = False
387.7571 	EXP 	line4: autoDraw = False
387.7571 	EXP 	probe: autoDraw = False
387.7571 	EXP 	fixation: autoDraw = True
387.9240 	EXP 	Device response: <KeyPress from None: t=387.73916469999995, value=c, duration=0.17764020000004166>
388.7403 	EXP 	line1: autoDraw = True
388.7403 	EXP 	line_2: autoDraw = True
388.7403 	EXP 	line_3: autoDraw = True
388.7403 	EXP 	line4: autoDraw = True
388.7570 	EXP 	fixation: autoDraw = False
389.7406 	INFO 	Keyboard events cleared
389.7404 	EXP 	probe: autoDraw = True
390.6406 	EXP 	Device response: <KeyPress from None: t=390.63753729999996, value=z, duration=None>
390.6410 	EXP 	New trial (rep=35, index=0): <Trial 140 (0 in rep 35) data={'pos': np.int64(-50), 'corr_resp': 'x', 'thisN': 140, 'thisTrialN': 0, 'thisRepN': 35}>
390.6423 	DATA 	Keypress: z
390.6571 	EXP 	fixation: autoDraw = False
390.6571 	EXP 	line1: autoDraw = False
390.6571 	EXP 	line_2: autoDraw = False
390.6571 	EXP 	line_3: autoDraw = False
390.6571 	EXP 	line4: autoDraw = False
390.6571 	EXP 	probe: autoDraw = False
390.6571 	EXP 	fixation: autoDraw = True
390.9075 	EXP 	Device response: <KeyPress from None: t=390.63753729999996, value=z, duration=0.25854470000001584>
391.6404 	EXP 	line1: autoDraw = True
391.6404 	EXP 	line_2: autoDraw = True
391.6404 	EXP 	line_3: autoDraw = True
391.6404 	EXP 	line4: autoDraw = True
391.6571 	EXP 	fixation: autoDraw = False
392.6409 	INFO 	Keyboard events cleared
392.6407 	EXP 	probe: autoDraw = True
393.6074 	EXP 	Device response: <KeyPress from None: t=393.6003909, value=x, duration=None>
393.6078 	EXP 	New trial (rep=35, index=1): <Trial 141 (1 in rep 35) data={'pos': np.int64(150), 'corr_resp': 'v', 'thisN': 141, 'thisTrialN': 1, 'thisRepN': 35}>
393.6092 	DATA 	Keypress: x
393.6242 	EXP 	fixation: autoDraw = False
393.6242 	EXP 	line1: autoDraw = False
393.6242 	EXP 	line_2: autoDraw = False
393.6242 	EXP 	line_3: autoDraw = False
393.6242 	EXP 	line4: autoDraw = False
393.6242 	EXP 	probe: autoDraw = False
393.6242 	EXP 	fixation: autoDraw = True
393.7410 	EXP 	Device response: <KeyPress from None: t=393.6003909, value=x, duration=0.1316362999999683>
394.6071 	EXP 	line1: autoDraw = True
394.6071 	EXP 	line_2: autoDraw = True
394.6071 	EXP 	line_3: autoDraw = True
394.6071 	EXP 	line4: autoDraw = True
394.6237 	EXP 	fixation: autoDraw = False
395.6073 	INFO 	Keyboard events cleared
395.6071 	EXP 	probe: autoDraw = True
396.3911 	EXP 	Device response: <KeyPress from None: t=396.3885278, value=v, duration=None>
396.3914 	EXP 	New trial (rep=35, index=2): <Trial 142 (2 in rep 35) data={'pos': np.int64(50), 'corr_resp': 'c', 'thisN': 142, 'thisTrialN': 2, 'thisRepN': 35}>
396.3928 	DATA 	Keypress: v
396.4071 	EXP 	fixation: autoDraw = False
396.4071 	EXP 	line1: autoDraw = False
396.4071 	EXP 	line_2: autoDraw = False
396.4071 	EXP 	line_3: autoDraw = False
396.4071 	EXP 	line4: autoDraw = False
396.4071 	EXP 	probe: autoDraw = False
396.4071 	EXP 	fixation: autoDraw = True
396.5410 	EXP 	Device response: <KeyPress from None: t=396.3885278, value=v, duration=0.14977839999994558>
397.3905 	EXP 	line1: autoDraw = True
397.3905 	EXP 	line_2: autoDraw = True
397.3905 	EXP 	line_3: autoDraw = True
397.3905 	EXP 	line4: autoDraw = True
397.4069 	EXP 	fixation: autoDraw = False
398.4072 	INFO 	Keyboard events cleared
398.4071 	EXP 	probe: autoDraw = True
399.3263 	DATA 	Keypress: c
399.3405 	EXP 	Device response: <KeyPress from None: t=399.32464500000003, value=c, duration=None>
399.3409 	EXP 	New trial (rep=35, index=3): <Trial 143 (3 in rep 35) data={'pos': np.int64(-150), 'corr_resp': 'z', 'thisN': 143, 'thisTrialN': 3, 'thisRepN': 35}>
399.3571 	EXP 	fixation: autoDraw = False
399.3571 	EXP 	line1: autoDraw = False
399.3571 	EXP 	line_2: autoDraw = False
399.3571 	EXP 	line_3: autoDraw = False
399.3571 	EXP 	line4: autoDraw = False
399.3571 	EXP 	probe: autoDraw = False
399.3571 	EXP 	fixation: autoDraw = True
399.4245 	EXP 	Device response: <KeyPress from None: t=399.32464500000003, value=c, duration=0.08294200000000274>
400.3406 	EXP 	line1: autoDraw = True
400.3406 	EXP 	line_2: autoDraw = True
400.3406 	EXP 	line_3: autoDraw = True
400.3406 	EXP 	line4: autoDraw = True
400.3574 	EXP 	fixation: autoDraw = False
401.3401 	INFO 	Keyboard events cleared
401.3399 	EXP 	probe: autoDraw = True
402.2083 	DATA 	Mouse: Left button down, pos=(1133,592)
402.2235 	EXP 	Device response: <KeyPress from None: t=402.21598700000004, value=z, duration=None>
402.2239 	EXP 	New trial (rep=36, index=0): <Trial 144 (0 in rep 36) data={'pos': np.int64(-50), 'corr_resp': 'x', 'thisN': 144, 'thisTrialN': 0, 'thisRepN': 36}>
402.2253 	DATA 	Keypress: z
402.2403 	EXP 	fixation: autoDraw = False
402.2403 	EXP 	line1: autoDraw = False
402.2403 	EXP 	line_2: autoDraw = False
402.2403 	EXP 	line_3: autoDraw = False
402.2403 	EXP 	line4: autoDraw = False
402.2403 	EXP 	probe: autoDraw = False
402.2403 	EXP 	fixation: autoDraw = True
402.4411 	EXP 	Device response: <KeyPress from None: t=402.21598700000004, value=z, duration=0.2113697999999431>
402.4422 	DATA 	Mouse:  Left button up, pos=(1133,592)
403.2235 	EXP 	line1: autoDraw = True
403.2235 	EXP 	line_2: autoDraw = True
403.2235 	EXP 	line_3: autoDraw = True
403.2235 	EXP 	line4: autoDraw = True
403.2398 	EXP 	fixation: autoDraw = False
404.2241 	INFO 	Keyboard events cleared
404.2239 	EXP 	probe: autoDraw = True
405.3907 	EXP 	Device response: <KeyPress from None: t=405.3879941, value=x, duration=None>
405.3910 	EXP 	New trial (rep=36, index=1): <Trial 145 (1 in rep 36) data={'pos': np.int64(150), 'corr_resp': 'v', 'thisN': 145, 'thisTrialN': 1, 'thisRepN': 36}>
405.3924 	DATA 	Keypress: x
405.4072 	EXP 	fixation: autoDraw = False
405.4072 	EXP 	line1: autoDraw = False
405.4072 	EXP 	line_2: autoDraw = False
405.4072 	EXP 	line_3: autoDraw = False
405.4072 	EXP 	line4: autoDraw = False
405.4072 	EXP 	probe: autoDraw = False
405.4072 	EXP 	fixation: autoDraw = True
405.5739 	EXP 	Device response: <KeyPress from None: t=405.3879941, value=x, duration=0.17693129999997836>
406.3908 	EXP 	line1: autoDraw = True
406.3908 	EXP 	line_2: autoDraw = True
406.3908 	EXP 	line_3: autoDraw = True
406.3908 	EXP 	line4: autoDraw = True
406.4070 	EXP 	fixation: autoDraw = False
407.3907 	INFO 	Keyboard events cleared
407.3905 	EXP 	probe: autoDraw = True
408.6740 	EXP 	Device response: <KeyPress from None: t=408.66509670000005, value=v, duration=None>
408.6744 	EXP 	New trial (rep=36, index=2): <Trial 146 (2 in rep 36) data={'pos': np.int64(50), 'corr_resp': 'c', 'thisN': 146, 'thisTrialN': 2, 'thisRepN': 36}>
408.6757 	DATA 	Keypress: v
408.6902 	EXP 	fixation: autoDraw = False
408.6902 	EXP 	line1: autoDraw = False
408.6902 	EXP 	line_2: autoDraw = False
408.6902 	EXP 	line_3: autoDraw = False
408.6902 	EXP 	line4: autoDraw = False
408.6902 	EXP 	probe: autoDraw = False
408.6902 	EXP 	fixation: autoDraw = True
408.8747 	EXP 	Device response: <KeyPress from None: t=408.66509670000005, value=v, duration=0.2074324999999817>
409.6741 	EXP 	line1: autoDraw = True
409.6741 	EXP 	line_2: autoDraw = True
409.6741 	EXP 	line_3: autoDraw = True
409.6741 	EXP 	line4: autoDraw = True
409.6905 	EXP 	fixation: autoDraw = False
410.6740 	INFO 	Keyboard events cleared
410.6738 	EXP 	probe: autoDraw = True
411.7412 	EXP 	Device response: <KeyPress from None: t=411.73960839999995, value=c, duration=None>
411.7416 	EXP 	New trial (rep=36, index=3): <Trial 147 (3 in rep 36) data={'pos': np.int64(-150), 'corr_resp': 'z', 'thisN': 147, 'thisTrialN': 3, 'thisRepN': 36}>
411.7428 	DATA 	Keypress: c
411.7571 	EXP 	fixation: autoDraw = False
411.7571 	EXP 	line1: autoDraw = False
411.7571 	EXP 	line_2: autoDraw = False
411.7571 	EXP 	line_3: autoDraw = False
411.7571 	EXP 	line4: autoDraw = False
411.7571 	EXP 	probe: autoDraw = False
411.7571 	EXP 	fixation: autoDraw = True
411.9576 	EXP 	Device response: <KeyPress from None: t=411.73960839999995, value=c, duration=0.20233300000006693>
412.7571 	EXP 	fixation: autoDraw = False
412.7571 	EXP 	line1: autoDraw = True
412.7571 	EXP 	line_2: autoDraw = True
412.7571 	EXP 	line_3: autoDraw = True
412.7571 	EXP 	line4: autoDraw = True
413.7408 	INFO 	Keyboard events cleared
413.7407 	EXP 	probe: autoDraw = True
414.3074 	EXP 	Device response: <KeyPress from None: t=414.3043504, value=z, duration=None>
414.3078 	EXP 	New trial (rep=37, index=0): <Trial 148 (0 in rep 37) data={'pos': np.int64(-50), 'corr_resp': 'x', 'thisN': 148, 'thisTrialN': 0, 'thisRepN': 37}>
414.3090 	DATA 	Keypress: z
414.3238 	EXP 	fixation: autoDraw = False
414.3238 	EXP 	line1: autoDraw = False
414.3238 	EXP 	line_2: autoDraw = False
414.3238 	EXP 	line_3: autoDraw = False
414.3238 	EXP 	line4: autoDraw = False
414.3238 	EXP 	probe: autoDraw = False
414.3238 	EXP 	fixation: autoDraw = True
414.4910 	EXP 	Device response: <KeyPress from None: t=414.3043504, value=z, duration=0.17063040000005003>
415.3074 	EXP 	line1: autoDraw = True
415.3074 	EXP 	line_2: autoDraw = True
415.3074 	EXP 	line_3: autoDraw = True
415.3074 	EXP 	line4: autoDraw = True
415.3238 	EXP 	fixation: autoDraw = False
416.3081 	INFO 	Keyboard events cleared
416.3079 	EXP 	probe: autoDraw = True
416.7242 	EXP 	Device response: <KeyPress from None: t=416.7123749, value=c, duration=None>
416.7246 	EXP 	New trial (rep=37, index=1): <Trial 149 (1 in rep 37) data={'pos': np.int64(150), 'corr_resp': 'v', 'thisN': 149, 'thisTrialN': 1, 'thisRepN': 37}>
416.7261 	DATA 	Keypress: c
416.7402 	EXP 	fixation: autoDraw = False
416.7402 	EXP 	line1: autoDraw = False
416.7402 	EXP 	line_2: autoDraw = False
416.7402 	EXP 	line_3: autoDraw = False
416.7402 	EXP 	line4: autoDraw = False
416.7402 	EXP 	probe: autoDraw = False
416.7402 	EXP 	fixation: autoDraw = True
416.9411 	EXP 	Device response: <KeyPress from None: t=416.7123749, value=c, duration=0.2225617000000284>
417.7238 	EXP 	line1: autoDraw = True
417.7238 	EXP 	line_2: autoDraw = True
417.7238 	EXP 	line_3: autoDraw = True
417.7238 	EXP 	line4: autoDraw = True
417.7402 	EXP 	fixation: autoDraw = False
418.7243 	INFO 	Keyboard events cleared
418.7241 	EXP 	probe: autoDraw = True
419.2249 	EXP 	Device response: <KeyPress from None: t=419.22351230000004, value=v, duration=None>
419.2252 	EXP 	New trial (rep=37, index=2): <Trial 150 (2 in rep 37) data={'pos': np.int64(50), 'corr_resp': 'c', 'thisN': 150, 'thisTrialN': 2, 'thisRepN': 37}>
419.2266 	DATA 	Keypress: v
419.2402 	EXP 	fixation: autoDraw = False
419.2402 	EXP 	line1: autoDraw = False
419.2402 	EXP 	line_2: autoDraw = False
419.2402 	EXP 	line_3: autoDraw = False
419.2402 	EXP 	line4: autoDraw = False
419.2402 	EXP 	probe: autoDraw = False
419.2402 	EXP 	fixation: autoDraw = True
419.5913 	EXP 	Device response: <KeyPress from None: t=419.22351230000004, value=v, duration=0.3621193999999832>
420.2406 	EXP 	fixation: autoDraw = False
420.2406 	EXP 	line1: autoDraw = True
420.2406 	EXP 	line_2: autoDraw = True
420.2406 	EXP 	line_3: autoDraw = True
420.2406 	EXP 	line4: autoDraw = True
421.2406 	INFO 	Keyboard events cleared
421.2405 	EXP 	probe: autoDraw = True
421.4414 	EXP 	Device response: <KeyPress from None: t=421.44034239999996, value=c, duration=None>
421.4418 	EXP 	New trial (rep=37, index=3): <Trial 151 (3 in rep 37) data={'pos': np.int64(-150), 'corr_resp': 'z', 'thisN': 151, 'thisTrialN': 3, 'thisRepN': 37}>
421.4432 	DATA 	Keypress: c
421.4572 	EXP 	fixation: autoDraw = False
421.4572 	EXP 	line1: autoDraw = False
421.4572 	EXP 	line_2: autoDraw = False
421.4572 	EXP 	line_3: autoDraw = False
421.4572 	EXP 	line4: autoDraw = False
421.4572 	EXP 	probe: autoDraw = False
421.4572 	EXP 	fixation: autoDraw = True
422.1745 	EXP 	Device response: <KeyPress from None: t=421.44034239999996, value=c, duration=0.7327718999999888>
422.4574 	EXP 	fixation: autoDraw = False
422.4574 	EXP 	line1: autoDraw = True
422.4574 	EXP 	line_2: autoDraw = True
422.4574 	EXP 	line_3: autoDraw = True
422.4574 	EXP 	line4: autoDraw = True
422.5576 	EXP 	Device response: <KeyPress from None: t=422.5449674, value=c, duration=None>
422.5589 	DATA 	Keypress: c
423.4573 	INFO 	Keyboard events cleared
423.4571 	EXP 	probe: autoDraw = True
423.8740 	EXP 	Device response: <KeyPress from None: t=422.5449674, value=c, duration=1.3214368999999806>
423.9412 	EXP 	Device response: <KeyPress from None: t=423.9256557, value=z, duration=None>
423.9416 	EXP 	New trial (rep=38, index=0): <Trial 152 (0 in rep 38) data={'pos': np.int64(-50), 'corr_resp': 'x', 'thisN': 152, 'thisTrialN': 0, 'thisRepN': 38}>
423.9428 	DATA 	Keypress: z
423.9572 	EXP 	fixation: autoDraw = False
423.9572 	EXP 	line1: autoDraw = False
423.9572 	EXP 	line_2: autoDraw = False
423.9572 	EXP 	line_3: autoDraw = False
423.9572 	EXP 	line4: autoDraw = False
423.9572 	EXP 	probe: autoDraw = False
423.9572 	EXP 	fixation: autoDraw = True
424.1411 	EXP 	Device response: <KeyPress from None: t=423.9256557, value=z, duration=0.20143610000002354>
424.9407 	EXP 	line1: autoDraw = True
424.9407 	EXP 	line_2: autoDraw = True
424.9407 	EXP 	line_3: autoDraw = True
424.9407 	EXP 	line4: autoDraw = True
424.9573 	EXP 	fixation: autoDraw = False
425.9407 	INFO 	Keyboard events cleared
425.9405 	EXP 	probe: autoDraw = True
426.5407 	EXP 	Device response: <KeyPress from None: t=426.53783020000003, value=c, duration=None>
426.5411 	EXP 	New trial (rep=38, index=1): <Trial 153 (1 in rep 38) data={'pos': np.int64(150), 'corr_resp': 'v', 'thisN': 153, 'thisTrialN': 1, 'thisRepN': 38}>
426.5425 	DATA 	Keypress: c
426.5576 	EXP 	fixation: autoDraw = False
426.5576 	EXP 	line1: autoDraw = False
426.5576 	EXP 	line_2: autoDraw = False
426.5576 	EXP 	line_3: autoDraw = False
426.5576 	EXP 	line4: autoDraw = False
426.5576 	EXP 	probe: autoDraw = False
426.5576 	EXP 	fixation: autoDraw = True
426.9576 	EXP 	Device response: <KeyPress from None: t=426.53783020000003, value=c, duration=0.40517639999995936>
427.5406 	EXP 	line1: autoDraw = True
427.5406 	EXP 	line_2: autoDraw = True
427.5406 	EXP 	line_3: autoDraw = True
427.5406 	EXP 	line4: autoDraw = True
427.5570 	EXP 	fixation: autoDraw = False
428.5407 	INFO 	Keyboard events cleared
428.5405 	EXP 	probe: autoDraw = True
429.1244 	EXP 	Device response: <KeyPress from None: t=429.1133658, value=v, duration=None>
429.1247 	EXP 	New trial (rep=38, index=2): <Trial 154 (2 in rep 38) data={'pos': np.int64(50), 'corr_resp': 'c', 'thisN': 154, 'thisTrialN': 2, 'thisRepN': 38}>
429.1261 	DATA 	Keypress: v
429.1406 	EXP 	fixation: autoDraw = False
429.1406 	EXP 	line1: autoDraw = False
429.1406 	EXP 	line_2: autoDraw = False
429.1406 	EXP 	line_3: autoDraw = False
429.1406 	EXP 	line4: autoDraw = False
429.1406 	EXP 	probe: autoDraw = False
429.1406 	EXP 	fixation: autoDraw = True
429.4912 	EXP 	Device response: <KeyPress from None: t=429.1133658, value=v, duration=0.3762225000000399>
430.1244 	EXP 	line1: autoDraw = True
430.1244 	EXP 	line_2: autoDraw = True
430.1244 	EXP 	line_3: autoDraw = True
430.1244 	EXP 	line4: autoDraw = True
430.1407 	EXP 	fixation: autoDraw = False
431.1239 	INFO 	Keyboard events cleared
431.1237 	EXP 	probe: autoDraw = True
431.6912 	EXP 	Device response: <KeyPress from None: t=431.68474489999994, value=c, duration=None>
431.6915 	EXP 	New trial (rep=38, index=3): <Trial 155 (3 in rep 38) data={'pos': np.int64(-150), 'corr_resp': 'z', 'thisN': 155, 'thisTrialN': 3, 'thisRepN': 38}>
431.6927 	DATA 	Keypress: c
431.7072 	EXP 	fixation: autoDraw = False
431.7072 	EXP 	line1: autoDraw = False
431.7072 	EXP 	line_2: autoDraw = False
431.7072 	EXP 	line_3: autoDraw = False
431.7072 	EXP 	line4: autoDraw = False
431.7072 	EXP 	probe: autoDraw = False
431.7072 	EXP 	fixation: autoDraw = True
431.9581 	EXP 	Device response: <KeyPress from None: t=431.68474489999994, value=c, duration=0.2609084000000621>
432.6906 	EXP 	line1: autoDraw = True
432.6906 	EXP 	line_2: autoDraw = True
432.6906 	EXP 	line_3: autoDraw = True
432.6906 	EXP 	line4: autoDraw = True
432.7073 	EXP 	fixation: autoDraw = False
433.6908 	INFO 	Keyboard events cleared
433.6906 	EXP 	probe: autoDraw = True
435.0916 	EXP 	Device response: <KeyPress from None: t=435.0899535, value=z, duration=None>
435.0920 	EXP 	New trial (rep=39, index=0): <Trial 156 (0 in rep 39) data={'pos': np.int64(-50), 'corr_resp': 'x', 'thisN': 156, 'thisTrialN': 0, 'thisRepN': 39}>
435.0932 	DATA 	Keypress: z
435.1074 	EXP 	fixation: autoDraw = False
435.1074 	EXP 	line1: autoDraw = False
435.1074 	EXP 	line_2: autoDraw = False
435.1074 	EXP 	line_3: autoDraw = False
435.1074 	EXP 	line4: autoDraw = False
435.1074 	EXP 	probe: autoDraw = False
435.1074 	EXP 	fixation: autoDraw = True
435.5736 	EXP 	Device response: <KeyPress from None: t=435.0899535, value=z, duration=0.4732053000000178>
436.1072 	EXP 	fixation: autoDraw = False
436.1072 	EXP 	line1: autoDraw = True
436.1072 	EXP 	line_2: autoDraw = True
436.1072 	EXP 	line_3: autoDraw = True
436.1072 	EXP 	line4: autoDraw = True
437.0907 	INFO 	Keyboard events cleared
437.0905 	EXP 	probe: autoDraw = True
438.0077 	EXP 	Device response: <KeyPress from None: t=437.99435189999997, value=x, duration=None>
438.0080 	EXP 	New trial (rep=39, index=1): <Trial 157 (1 in rep 39) data={'pos': np.int64(150), 'corr_resp': 'v', 'thisN': 157, 'thisTrialN': 1, 'thisRepN': 39}>
438.0094 	DATA 	Keypress: x
438.0240 	EXP 	fixation: autoDraw = False
438.0240 	EXP 	line1: autoDraw = False
438.0240 	EXP 	line_2: autoDraw = False
438.0240 	EXP 	line_3: autoDraw = False
438.0240 	EXP 	line4: autoDraw = False
438.0240 	EXP 	probe: autoDraw = False
438.0240 	EXP 	fixation: autoDraw = True
438.4076 	EXP 	Device response: <KeyPress from None: t=437.99435189999997, value=x, duration=0.40149570000005497>
439.0073 	EXP 	line1: autoDraw = True
439.0073 	EXP 	line_2: autoDraw = True
439.0073 	EXP 	line_3: autoDraw = True
439.0073 	EXP 	line4: autoDraw = True
439.0239 	EXP 	fixation: autoDraw = False
440.0073 	INFO 	Keyboard events cleared
440.0071 	EXP 	probe: autoDraw = True
440.9760 	DATA 	Keypress: v
440.9912 	EXP 	Device response: <KeyPress from None: t=440.97468130000004, value=v, duration=None>
440.9916 	EXP 	New trial (rep=39, index=2): <Trial 158 (2 in rep 39) data={'pos': np.int64(50), 'corr_resp': 'c', 'thisN': 158, 'thisTrialN': 2, 'thisRepN': 39}>
441.0071 	EXP 	fixation: autoDraw = False
441.0071 	EXP 	line1: autoDraw = False
441.0071 	EXP 	line_2: autoDraw = False
441.0071 	EXP 	line_3: autoDraw = False
441.0071 	EXP 	line4: autoDraw = False
441.0071 	EXP 	probe: autoDraw = False
441.0071 	EXP 	fixation: autoDraw = True
441.1746 	EXP 	Device response: <KeyPress from None: t=440.97468130000004, value=v, duration=0.191662699999938>
441.9907 	EXP 	line1: autoDraw = True
441.9907 	EXP 	line_2: autoDraw = True
441.9907 	EXP 	line_3: autoDraw = True
441.9907 	EXP 	line4: autoDraw = True
442.0074 	EXP 	fixation: autoDraw = False
442.9908 	INFO 	Keyboard events cleared
442.9906 	EXP 	probe: autoDraw = True
443.5079 	EXP 	Device response: <KeyPress from None: t=443.50525089999996, value=c, duration=None>
443.5082 	EXP 	New trial (rep=39, index=3): <Trial 159 (3 in rep 39) data={'pos': np.int64(-150), 'corr_resp': 'z', 'thisN': 159, 'thisTrialN': 3, 'thisRepN': 39}>
443.5096 	DATA 	Keypress: c
443.5239 	EXP 	fixation: autoDraw = False
443.5239 	EXP 	line1: autoDraw = False
443.5239 	EXP 	line_2: autoDraw = False
443.5239 	EXP 	line_3: autoDraw = False
443.5239 	EXP 	line4: autoDraw = False
443.5239 	EXP 	probe: autoDraw = False
443.5239 	EXP 	fixation: autoDraw = True
443.7245 	EXP 	Device response: <KeyPress from None: t=443.50525089999996, value=c, duration=0.20239820000006148>
444.5073 	EXP 	line1: autoDraw = True
444.5073 	EXP 	line_2: autoDraw = True
444.5073 	EXP 	line_3: autoDraw = True
444.5073 	EXP 	line4: autoDraw = True
444.5237 	EXP 	fixation: autoDraw = False
445.5075 	INFO 	Keyboard events cleared
445.5073 	EXP 	probe: autoDraw = True
445.6096 	DATA 	Keypress: c
445.6243 	EXP 	Device response: <KeyPress from None: t=445.6083195, value=c, duration=None>
445.6247 	EXP 	New trial (rep=40, index=0): <Trial 160 (0 in rep 40) data={'pos': np.int64(-50), 'corr_resp': 'x', 'thisN': 160, 'thisTrialN': 0, 'thisRepN': 40}>
445.6404 	EXP 	fixation: autoDraw = False
445.6404 	EXP 	line1: autoDraw = False
445.6404 	EXP 	line_2: autoDraw = False
445.6404 	EXP 	line_3: autoDraw = False
445.6404 	EXP 	line4: autoDraw = False
445.6404 	EXP 	probe: autoDraw = False
445.6404 	EXP 	fixation: autoDraw = True
445.8911 	EXP 	Device response: <KeyPress from None: t=445.6083195, value=c, duration=0.26666839999995773>
446.6243 	EXP 	line1: autoDraw = True
446.6243 	EXP 	line_2: autoDraw = True
446.6243 	EXP 	line_3: autoDraw = True
446.6243 	EXP 	line4: autoDraw = True
446.6404 	EXP 	fixation: autoDraw = False
447.4244 	EXP 	Device response: <KeyPress from None: t=447.4130579, value=c, duration=None>
447.4259 	DATA 	Keypress: c
447.5913 	EXP 	Device response: <KeyPress from None: t=447.4130579, value=c, duration=0.1767347999999629>
447.6241 	INFO 	Keyboard events cleared
447.6240 	EXP 	probe: autoDraw = True
448.5750 	EXP 	Device response: <KeyPress from None: t=448.57369470000003, value=x, duration=None>
448.5753 	EXP 	New trial (rep=40, index=1): <Trial 161 (1 in rep 40) data={'pos': np.int64(150), 'corr_resp': 'v', 'thisN': 161, 'thisTrialN': 1, 'thisRepN': 40}>
448.5766 	DATA 	Keypress: x
448.5904 	EXP 	fixation: autoDraw = False
448.5904 	EXP 	line1: autoDraw = False
448.5904 	EXP 	line_2: autoDraw = False
448.5904 	EXP 	line_3: autoDraw = False
448.5904 	EXP 	line4: autoDraw = False
448.5904 	EXP 	probe: autoDraw = False
448.5904 	EXP 	fixation: autoDraw = True
448.7746 	EXP 	Device response: <KeyPress from None: t=448.57369470000003, value=x, duration=0.1962205999999469>
449.5904 	EXP 	fixation: autoDraw = False
449.5904 	EXP 	line1: autoDraw = True
449.5904 	EXP 	line_2: autoDraw = True
449.5904 	EXP 	line_3: autoDraw = True
449.5904 	EXP 	line4: autoDraw = True
450.5907 	INFO 	Keyboard events cleared
450.5906 	EXP 	probe: autoDraw = True
451.4245 	EXP 	Device response: <KeyPress from None: t=451.4159006, value=v, duration=None>
451.4249 	EXP 	New trial (rep=40, index=2): <Trial 162 (2 in rep 40) data={'pos': np.int64(50), 'corr_resp': 'c', 'thisN': 162, 'thisTrialN': 2, 'thisRepN': 40}>
451.4263 	DATA 	Keypress: v
451.4408 	EXP 	fixation: autoDraw = False
451.4408 	EXP 	line1: autoDraw = False
451.4408 	EXP 	line_2: autoDraw = False
451.4408 	EXP 	line_3: autoDraw = False
451.4408 	EXP 	line4: autoDraw = False
451.4408 	EXP 	probe: autoDraw = False
451.4408 	EXP 	fixation: autoDraw = True
451.6741 	EXP 	Device response: <KeyPress from None: t=451.4159006, value=v, duration=0.2434365000000298>
452.4237 	EXP 	line1: autoDraw = True
452.4237 	EXP 	line_2: autoDraw = True
452.4237 	EXP 	line_3: autoDraw = True
452.4237 	EXP 	line4: autoDraw = True
452.4408 	EXP 	fixation: autoDraw = False
453.4241 	INFO 	Keyboard events cleared
453.4240 	EXP 	probe: autoDraw = True
454.0579 	EXP 	Device response: <KeyPress from None: t=454.04685070000005, value=c, duration=None>
454.0582 	EXP 	New trial (rep=40, index=3): <Trial 163 (3 in rep 40) data={'pos': np.int64(-150), 'corr_resp': 'z', 'thisN': 163, 'thisTrialN': 3, 'thisRepN': 40}>
454.0596 	DATA 	Keypress: c
454.0734 	EXP 	fixation: autoDraw = False
454.0734 	EXP 	line1: autoDraw = False
454.0734 	EXP 	line_2: autoDraw = False
454.0734 	EXP 	line_3: autoDraw = False
454.0734 	EXP 	line4: autoDraw = False
454.0734 	EXP 	probe: autoDraw = False
454.0734 	EXP 	fixation: autoDraw = True
454.2412 	EXP 	Device response: <KeyPress from None: t=454.04685070000005, value=c, duration=0.18923439999991842>
455.0740 	EXP 	fixation: autoDraw = False
455.0740 	EXP 	line1: autoDraw = True
455.0740 	EXP 	line_2: autoDraw = True
455.0740 	EXP 	line_3: autoDraw = True
455.0740 	EXP 	line4: autoDraw = True
456.0573 	INFO 	Keyboard events cleared
456.0572 	EXP 	probe: autoDraw = True
457.7746 	EXP 	Device response: <KeyPress from None: t=457.76342680000005, value=z, duration=None>
457.7750 	EXP 	New trial (rep=41, index=0): <Trial 164 (0 in rep 41) data={'pos': np.int64(-50), 'corr_resp': 'x', 'thisN': 164, 'thisTrialN': 0, 'thisRepN': 41}>
457.7764 	DATA 	Keypress: z
457.7907 	EXP 	fixation: autoDraw = False
457.7907 	EXP 	line1: autoDraw = False
457.7907 	EXP 	line_2: autoDraw = False
457.7907 	EXP 	line_3: autoDraw = False
457.7907 	EXP 	line4: autoDraw = False
457.7907 	EXP 	probe: autoDraw = False
457.7907 	EXP 	fixation: autoDraw = True
457.9412 	EXP 	Device response: <KeyPress from None: t=457.76342680000005, value=z, duration=0.162601499999937>
458.7744 	EXP 	line1: autoDraw = True
458.7744 	EXP 	line_2: autoDraw = True
458.7744 	EXP 	line_3: autoDraw = True
458.7744 	EXP 	line4: autoDraw = True
458.7906 	EXP 	fixation: autoDraw = False
459.7742 	INFO 	Keyboard events cleared
459.7740 	EXP 	probe: autoDraw = True
460.7250 	EXP 	Device response: <KeyPress from None: t=460.71367480000004, value=x, duration=None>
460.7253 	EXP 	New trial (rep=41, index=1): <Trial 165 (1 in rep 41) data={'pos': np.int64(150), 'corr_resp': 'v', 'thisN': 165, 'thisTrialN': 1, 'thisRepN': 41}>
460.7265 	DATA 	Keypress: x
460.7409 	EXP 	fixation: autoDraw = False
460.7409 	EXP 	line1: autoDraw = False
460.7409 	EXP 	line_2: autoDraw = False
460.7409 	EXP 	line_3: autoDraw = False
460.7409 	EXP 	line4: autoDraw = False
460.7409 	EXP 	probe: autoDraw = False
460.7409 	EXP 	fixation: autoDraw = True
460.8909 	EXP 	Device response: <KeyPress from None: t=460.71367480000004, value=x, duration=0.1684470999999803>
461.7255 	EXP 	line1: autoDraw = True
461.7255 	EXP 	line_2: autoDraw = True
461.7255 	EXP 	line_3: autoDraw = True
461.7255 	EXP 	line4: autoDraw = True
461.7414 	EXP 	fixation: autoDraw = False
462.7252 	INFO 	Keyboard events cleared
462.7250 	EXP 	probe: autoDraw = True
463.4059 	EXP 	Device response: <KeyPress from None: t=463.3956107, value=v, duration=None>
463.4063 	EXP 	New trial (rep=41, index=2): <Trial 166 (2 in rep 41) data={'pos': np.int64(50), 'corr_resp': 'c', 'thisN': 166, 'thisTrialN': 2, 'thisRepN': 41}>
463.4075 	DATA 	Keypress: v
463.4224 	EXP 	fixation: autoDraw = False
463.4224 	EXP 	line1: autoDraw = False
463.4224 	EXP 	line_2: autoDraw = False
463.4224 	EXP 	line_3: autoDraw = False
463.4224 	EXP 	line4: autoDraw = False
463.4224 	EXP 	probe: autoDraw = False
463.4224 	EXP 	fixation: autoDraw = True
463.7077 	EXP 	Device response: <KeyPress from None: t=463.3956107, value=v, duration=0.2993136999999706>
464.4074 	EXP 	line1: autoDraw = True
464.4074 	EXP 	line_2: autoDraw = True
464.4074 	EXP 	line_3: autoDraw = True
464.4074 	EXP 	line4: autoDraw = True
464.4241 	EXP 	fixation: autoDraw = False
465.4076 	INFO 	Keyboard events cleared
465.4074 	EXP 	probe: autoDraw = True
465.7411 	EXP 	Device response: <KeyPress from None: t=465.7282867, value=c, duration=None>
465.7415 	EXP 	New trial (rep=41, index=3): <Trial 167 (3 in rep 41) data={'pos': np.int64(-150), 'corr_resp': 'z', 'thisN': 167, 'thisTrialN': 3, 'thisRepN': 41}>
465.7429 	DATA 	Keypress: c
465.7573 	EXP 	fixation: autoDraw = False
465.7573 	EXP 	line1: autoDraw = False
465.7573 	EXP 	line_2: autoDraw = False
465.7573 	EXP 	line_3: autoDraw = False
465.7573 	EXP 	line4: autoDraw = False
465.7573 	EXP 	probe: autoDraw = False
465.7573 	EXP 	fixation: autoDraw = True
465.9583 	EXP 	Device response: <KeyPress from None: t=465.7282867, value=c, duration=0.2156016000000136>
466.7408 	EXP 	line1: autoDraw = True
466.7408 	EXP 	line_2: autoDraw = True
466.7408 	EXP 	line_3: autoDraw = True
466.7408 	EXP 	line4: autoDraw = True
466.7575 	EXP 	fixation: autoDraw = False
467.7410 	INFO 	Keyboard events cleared
467.7408 	EXP 	probe: autoDraw = True
469.5245 	EXP 	Device response: <KeyPress from None: t=469.513229, value=z, duration=None>
469.5249 	EXP 	New trial (rep=42, index=0): <Trial 168 (0 in rep 42) data={'pos': np.int64(-50), 'corr_resp': 'x', 'thisN': 168, 'thisTrialN': 0, 'thisRepN': 42}>
469.5263 	DATA 	Keypress: z
469.5408 	EXP 	fixation: autoDraw = False
469.5408 	EXP 	line1: autoDraw = False
469.5408 	EXP 	line_2: autoDraw = False
469.5408 	EXP 	line_3: autoDraw = False
469.5408 	EXP 	line4: autoDraw = False
469.5408 	EXP 	probe: autoDraw = False
469.5408 	EXP 	fixation: autoDraw = True
469.6411 	EXP 	Device response: <KeyPress from None: t=469.513229, value=z, duration=0.11780220000002828>
470.5240 	EXP 	line1: autoDraw = True
470.5240 	EXP 	line_2: autoDraw = True
470.5240 	EXP 	line_3: autoDraw = True
470.5240 	EXP 	line4: autoDraw = True
470.5410 	EXP 	fixation: autoDraw = False
471.5243 	INFO 	Keyboard events cleared
471.5241 	EXP 	probe: autoDraw = True
473.0078 	EXP 	Device response: <KeyPress from None: t=473.0057481, value=c, duration=None>
473.0082 	EXP 	New trial (rep=42, index=1): <Trial 169 (1 in rep 42) data={'pos': np.int64(150), 'corr_resp': 'v', 'thisN': 169, 'thisTrialN': 1, 'thisRepN': 42}>
473.0096 	DATA 	Keypress: c
473.0241 	EXP 	fixation: autoDraw = False
473.0241 	EXP 	line1: autoDraw = False
473.0241 	EXP 	line_2: autoDraw = False
473.0241 	EXP 	line_3: autoDraw = False
473.0241 	EXP 	line4: autoDraw = False
473.0241 	EXP 	probe: autoDraw = False
473.0241 	EXP 	fixation: autoDraw = True
473.5414 	EXP 	Device response: <KeyPress from None: t=473.0057481, value=c, duration=0.520376199999987>
474.0074 	EXP 	line1: autoDraw = True
474.0074 	EXP 	line_2: autoDraw = True
474.0074 	EXP 	line_3: autoDraw = True
474.0074 	EXP 	line4: autoDraw = True
474.0241 	EXP 	fixation: autoDraw = False
475.0078 	INFO 	Keyboard events cleared
475.0076 	EXP 	probe: autoDraw = True
476.0747 	EXP 	Device response: <KeyPress from None: t=476.0619669, value=v, duration=None>
476.0751 	EXP 	New trial (rep=42, index=2): <Trial 170 (2 in rep 42) data={'pos': np.int64(50), 'corr_resp': 'c', 'thisN': 170, 'thisTrialN': 2, 'thisRepN': 42}>
476.0769 	DATA 	Keypress: v
476.0910 	EXP 	fixation: autoDraw = False
476.0910 	EXP 	line1: autoDraw = False
476.0910 	EXP 	line_2: autoDraw = False
476.0910 	EXP 	line_3: autoDraw = False
476.0910 	EXP 	line4: autoDraw = False
476.0910 	EXP 	probe: autoDraw = False
476.0910 	EXP 	fixation: autoDraw = True
476.3251 	EXP 	Device response: <KeyPress from None: t=476.0619669, value=v, duration=0.2609962000000223>
477.0744 	EXP 	line1: autoDraw = True
477.0744 	EXP 	line_2: autoDraw = True
477.0744 	EXP 	line_3: autoDraw = True
477.0744 	EXP 	line4: autoDraw = True
477.0906 	EXP 	fixation: autoDraw = False
478.0746 	INFO 	Keyboard events cleared
478.0745 	EXP 	probe: autoDraw = True
478.7744 	EXP 	Device response: <KeyPress from None: t=478.7628327, value=c, duration=None>
478.7747 	EXP 	New trial (rep=42, index=3): <Trial 171 (3 in rep 42) data={'pos': np.int64(-150), 'corr_resp': 'z', 'thisN': 171, 'thisTrialN': 3, 'thisRepN': 42}>
478.7762 	DATA 	Keypress: c
478.7905 	EXP 	fixation: autoDraw = False
478.7905 	EXP 	line1: autoDraw = False
478.7905 	EXP 	line_2: autoDraw = False
478.7905 	EXP 	line_3: autoDraw = False
478.7905 	EXP 	line4: autoDraw = False
478.7905 	EXP 	probe: autoDraw = False
478.7905 	EXP 	fixation: autoDraw = True
479.1913 	EXP 	Device response: <KeyPress from None: t=478.7628327, value=c, duration=0.41744649999998273>
479.7747 	EXP 	line1: autoDraw = True
479.7747 	EXP 	line_2: autoDraw = True
479.7747 	EXP 	line_3: autoDraw = True
479.7747 	EXP 	line4: autoDraw = True
479.7908 	EXP 	fixation: autoDraw = False
480.7745 	INFO 	Keyboard events cleared
480.7743 	EXP 	probe: autoDraw = True
481.3247 	EXP 	Device response: <KeyPress from None: t=481.3185058, value=z, duration=None>
481.3254 	EXP 	New trial (rep=43, index=0): <Trial 172 (0 in rep 43) data={'pos': np.int64(-50), 'corr_resp': 'x', 'thisN': 172, 'thisTrialN': 0, 'thisRepN': 43}>
481.3266 	DATA 	Keypress: z
481.3406 	EXP 	fixation: autoDraw = False
481.3406 	EXP 	line1: autoDraw = False
481.3406 	EXP 	line_2: autoDraw = False
481.3406 	EXP 	line_3: autoDraw = False
481.3406 	EXP 	line4: autoDraw = False
481.3406 	EXP 	probe: autoDraw = False
481.3406 	EXP 	fixation: autoDraw = True
481.5413 	EXP 	Device response: <KeyPress from None: t=481.3185058, value=z, duration=0.21145049999995535>
482.3408 	EXP 	fixation: autoDraw = False
482.3408 	EXP 	line1: autoDraw = True
482.3408 	EXP 	line_2: autoDraw = True
482.3408 	EXP 	line_3: autoDraw = True
482.3408 	EXP 	line4: autoDraw = True
483.3407 	INFO 	Keyboard events cleared
483.3405 	EXP 	probe: autoDraw = True
484.2412 	EXP 	Device response: <KeyPress from None: t=484.22813929999995, value=x, duration=None>
484.2416 	EXP 	New trial (rep=43, index=1): <Trial 173 (1 in rep 43) data={'pos': np.int64(150), 'corr_resp': 'v', 'thisN': 173, 'thisTrialN': 1, 'thisRepN': 43}>
484.2429 	DATA 	Keypress: x
484.2577 	EXP 	fixation: autoDraw = False
484.2577 	EXP 	line1: autoDraw = False
484.2577 	EXP 	line_2: autoDraw = False
484.2577 	EXP 	line_3: autoDraw = False
484.2577 	EXP 	line4: autoDraw = False
484.2577 	EXP 	probe: autoDraw = False
484.2577 	EXP 	fixation: autoDraw = True
484.4416 	EXP 	Device response: <KeyPress from None: t=484.22813929999995, value=x, duration=0.2089514000000463>
485.2578 	EXP 	fixation: autoDraw = False
485.2578 	EXP 	line1: autoDraw = True
485.2578 	EXP 	line_2: autoDraw = True
485.2578 	EXP 	line_3: autoDraw = True
485.2578 	EXP 	line4: autoDraw = True
486.2410 	INFO 	Keyboard events cleared
486.2408 	EXP 	probe: autoDraw = True
488.0243 	EXP 	Device response: <KeyPress from None: t=488.01227800000004, value=v, duration=None>
488.0246 	EXP 	New trial (rep=43, index=2): <Trial 174 (2 in rep 43) data={'pos': np.int64(50), 'corr_resp': 'c', 'thisN': 174, 'thisTrialN': 2, 'thisRepN': 43}>
488.0260 	DATA 	Keypress: v
488.0409 	EXP 	fixation: autoDraw = False
488.0409 	EXP 	line1: autoDraw = False
488.0409 	EXP 	line_2: autoDraw = False
488.0409 	EXP 	line_3: autoDraw = False
488.0409 	EXP 	line4: autoDraw = False
488.0409 	EXP 	probe: autoDraw = False
488.0409 	EXP 	fixation: autoDraw = True
488.1580 	EXP 	Device response: <KeyPress from None: t=488.01227800000004, value=v, duration=0.12913209999999253>
489.0243 	EXP 	line1: autoDraw = True
489.0243 	EXP 	line_2: autoDraw = True
489.0243 	EXP 	line_3: autoDraw = True
489.0243 	EXP 	line4: autoDraw = True
489.0410 	EXP 	fixation: autoDraw = False
490.0245 	INFO 	Keyboard events cleared
490.0244 	EXP 	probe: autoDraw = True
491.2581 	EXP 	Device response: <KeyPress from None: t=491.25159229999997, value=c, duration=None>
491.2585 	EXP 	New trial (rep=43, index=3): <Trial 175 (3 in rep 43) data={'pos': np.int64(-150), 'corr_resp': 'z', 'thisN': 175, 'thisTrialN': 3, 'thisRepN': 43}>
491.2599 	DATA 	Keypress: c
491.2741 	EXP 	fixation: autoDraw = False
491.2741 	EXP 	line1: autoDraw = False
491.2741 	EXP 	line_2: autoDraw = False
491.2741 	EXP 	line_3: autoDraw = False
491.2741 	EXP 	line4: autoDraw = False
491.2741 	EXP 	probe: autoDraw = False
491.2741 	EXP 	fixation: autoDraw = True
491.4914 	EXP 	Device response: <KeyPress from None: t=491.25159229999997, value=c, duration=0.23542240000006132>
492.2743 	EXP 	fixation: autoDraw = False
492.2743 	EXP 	line1: autoDraw = True
492.2743 	EXP 	line_2: autoDraw = True
492.2743 	EXP 	line_3: autoDraw = True
492.2743 	EXP 	line4: autoDraw = True
493.2577 	INFO 	Keyboard events cleared
493.2575 	EXP 	probe: autoDraw = True
493.8740 	EXP 	Device response: <KeyPress from None: t=493.86349110000003, value=z, duration=None>
493.8744 	EXP 	New trial (rep=44, index=0): <Trial 176 (0 in rep 44) data={'pos': np.int64(-50), 'corr_resp': 'x', 'thisN': 176, 'thisTrialN': 0, 'thisRepN': 44}>
493.8758 	DATA 	Keypress: z
493.8899 	EXP 	fixation: autoDraw = False
493.8899 	EXP 	line1: autoDraw = False
493.8899 	EXP 	line_2: autoDraw = False
493.8899 	EXP 	line_3: autoDraw = False
493.8899 	EXP 	line4: autoDraw = False
493.8899 	EXP 	probe: autoDraw = False
493.8899 	EXP 	fixation: autoDraw = True
494.0411 	EXP 	Device response: <KeyPress from None: t=493.86349110000003, value=z, duration=0.17009089999999105>
494.8744 	EXP 	line1: autoDraw = True
494.8744 	EXP 	line_2: autoDraw = True
494.8744 	EXP 	line_3: autoDraw = True
494.8744 	EXP 	line4: autoDraw = True
494.8908 	EXP 	fixation: autoDraw = False
495.8745 	INFO 	Keyboard events cleared
495.8743 	EXP 	probe: autoDraw = True
497.0078 	EXP 	Device response: <KeyPress from None: t=496.99655870000004, value=x, duration=None>
497.0082 	EXP 	New trial (rep=44, index=1): <Trial 177 (1 in rep 44) data={'pos': np.int64(150), 'corr_resp': 'v', 'thisN': 177, 'thisTrialN': 1, 'thisRepN': 44}>
497.0096 	DATA 	Keypress: x
497.0242 	EXP 	fixation: autoDraw = False
497.0242 	EXP 	line1: autoDraw = False
497.0242 	EXP 	line_2: autoDraw = False
497.0242 	EXP 	line_3: autoDraw = False
497.0242 	EXP 	line4: autoDraw = False
497.0242 	EXP 	probe: autoDraw = False
497.0242 	EXP 	fixation: autoDraw = True
497.4252 	EXP 	Device response: <KeyPress from None: t=496.99655870000004, value=x, duration=0.4187928000000056>
498.0076 	EXP 	line1: autoDraw = True
498.0076 	EXP 	line_2: autoDraw = True
498.0076 	EXP 	line_3: autoDraw = True
498.0076 	EXP 	line4: autoDraw = True
498.0239 	EXP 	fixation: autoDraw = False
499.0076 	INFO 	Keyboard events cleared
499.0075 	EXP 	probe: autoDraw = True
500.0917 	EXP 	Device response: <KeyPress from None: t=500.0900586, value=v, duration=None>
500.0921 	EXP 	New trial (rep=44, index=2): <Trial 178 (2 in rep 44) data={'pos': np.int64(50), 'corr_resp': 'c', 'thisN': 178, 'thisTrialN': 2, 'thisRepN': 44}>
500.0934 	DATA 	Keypress: v
500.1073 	EXP 	fixation: autoDraw = False
500.1073 	EXP 	line1: autoDraw = False
500.1073 	EXP 	line_2: autoDraw = False
500.1073 	EXP 	line_3: autoDraw = False
500.1073 	EXP 	line4: autoDraw = False
500.1073 	EXP 	probe: autoDraw = False
500.1073 	EXP 	fixation: autoDraw = True
500.2417 	EXP 	Device response: <KeyPress from None: t=500.0900586, value=v, duration=0.13803250000000844>
501.0908 	EXP 	line1: autoDraw = True
501.0908 	EXP 	line_2: autoDraw = True
501.0908 	EXP 	line_3: autoDraw = True
501.0908 	EXP 	line4: autoDraw = True
501.1075 	EXP 	fixation: autoDraw = False
502.0908 	INFO 	Keyboard events cleared
502.0906 	EXP 	probe: autoDraw = True
502.9580 	EXP 	Device response: <KeyPress from None: t=502.94671270000003, value=c, duration=None>
502.9583 	EXP 	New trial (rep=44, index=3): <Trial 179 (3 in rep 44) data={'pos': np.int64(-150), 'corr_resp': 'z', 'thisN': 179, 'thisTrialN': 3, 'thisRepN': 44}>
502.9595 	DATA 	Keypress: c
502.9743 	EXP 	fixation: autoDraw = False
502.9743 	EXP 	line1: autoDraw = False
502.9743 	EXP 	line_2: autoDraw = False
502.9743 	EXP 	line_3: autoDraw = False
502.9743 	EXP 	line4: autoDraw = False
502.9743 	EXP 	probe: autoDraw = False
502.9743 	EXP 	fixation: autoDraw = True
503.0743 	EXP 	Device response: <KeyPress from None: t=502.94671270000003, value=c, duration=0.11436040000000958>
503.9578 	EXP 	line1: autoDraw = True
503.9578 	EXP 	line_2: autoDraw = True
503.9578 	EXP 	line_3: autoDraw = True
503.9578 	EXP 	line4: autoDraw = True
503.9743 	EXP 	fixation: autoDraw = False
504.9576 	INFO 	Keyboard events cleared
504.9574 	EXP 	probe: autoDraw = True
505.7745 	EXP 	Device response: <KeyPress from None: t=505.7727797, value=z, duration=None>
505.7749 	EXP 	New trial (rep=45, index=0): <Trial 180 (0 in rep 45) data={'pos': np.int64(-50), 'corr_resp': 'x', 'thisN': 180, 'thisTrialN': 0, 'thisRepN': 45}>
505.7765 	DATA 	Keypress: z
505.7904 	EXP 	fixation: autoDraw = False
505.7904 	EXP 	line1: autoDraw = False
505.7904 	EXP 	line_2: autoDraw = False
505.7904 	EXP 	line_3: autoDraw = False
505.7904 	EXP 	line4: autoDraw = False
505.7904 	EXP 	probe: autoDraw = False
505.7904 	EXP 	fixation: autoDraw = True
505.9761 	EXP 	Device response: <KeyPress from None: t=505.7727797, value=z, duration=0.19799120000004677>
506.7742 	EXP 	line1: autoDraw = True
506.7742 	EXP 	line_2: autoDraw = True
506.7742 	EXP 	line_3: autoDraw = True
506.7742 	EXP 	line4: autoDraw = True
506.7908 	EXP 	fixation: autoDraw = False
507.7744 	INFO 	Keyboard events cleared
507.7742 	EXP 	probe: autoDraw = True
508.4081 	EXP 	Device response: <KeyPress from None: t=508.40560860000005, value=x, duration=None>
508.4085 	EXP 	New trial (rep=45, index=1): <Trial 181 (1 in rep 45) data={'pos': np.int64(150), 'corr_resp': 'v', 'thisN': 181, 'thisTrialN': 1, 'thisRepN': 45}>
508.4098 	DATA 	Keypress: x
508.4241 	EXP 	fixation: autoDraw = False
508.4241 	EXP 	line1: autoDraw = False
508.4241 	EXP 	line_2: autoDraw = False
508.4241 	EXP 	line_3: autoDraw = False
508.4241 	EXP 	line4: autoDraw = False
508.4241 	EXP 	probe: autoDraw = False
508.4241 	EXP 	fixation: autoDraw = True
508.5580 	EXP 	Device response: <KeyPress from None: t=508.40560860000005, value=x, duration=0.14640539999993507>
509.4076 	EXP 	line1: autoDraw = True
509.4076 	EXP 	line_2: autoDraw = True
509.4076 	EXP 	line_3: autoDraw = True
509.4076 	EXP 	line4: autoDraw = True
509.4240 	EXP 	fixation: autoDraw = False
510.4245 	INFO 	Keyboard events cleared
510.4243 	EXP 	probe: autoDraw = True
511.5746 	EXP 	Device response: <KeyPress from None: t=511.5708767, value=v, duration=None>
511.5750 	EXP 	New trial (rep=45, index=2): <Trial 182 (2 in rep 45) data={'pos': np.int64(50), 'corr_resp': 'c', 'thisN': 182, 'thisTrialN': 2, 'thisRepN': 45}>
511.5764 	DATA 	Keypress: v
511.5908 	EXP 	fixation: autoDraw = False
511.5908 	EXP 	line1: autoDraw = False
511.5908 	EXP 	line_2: autoDraw = False
511.5908 	EXP 	line_3: autoDraw = False
511.5908 	EXP 	line4: autoDraw = False
511.5908 	EXP 	probe: autoDraw = False
511.5908 	EXP 	fixation: autoDraw = True
511.7245 	EXP 	Device response: <KeyPress from None: t=511.5708767, value=v, duration=0.1503839000000653>
512.5741 	EXP 	line1: autoDraw = True
512.5741 	EXP 	line_2: autoDraw = True
512.5741 	EXP 	line_3: autoDraw = True
512.5741 	EXP 	line4: autoDraw = True
512.5910 	EXP 	fixation: autoDraw = False
513.5743 	INFO 	Keyboard events cleared
513.5742 	EXP 	probe: autoDraw = True
514.8582 	EXP 	Device response: <KeyPress from None: t=514.8528099, value=v, duration=None>
514.8586 	EXP 	New trial (rep=45, index=3): <Trial 183 (3 in rep 45) data={'pos': np.int64(-150), 'corr_resp': 'z', 'thisN': 183, 'thisTrialN': 3, 'thisRepN': 45}>
514.8601 	DATA 	Keypress: v
514.8743 	EXP 	fixation: autoDraw = False
514.8743 	EXP 	line1: autoDraw = False
514.8743 	EXP 	line_2: autoDraw = False
514.8743 	EXP 	line_3: autoDraw = False
514.8743 	EXP 	line4: autoDraw = False
514.8743 	EXP 	probe: autoDraw = False
514.8743 	EXP 	fixation: autoDraw = True
515.0081 	EXP 	Device response: <KeyPress from None: t=514.8528099, value=v, duration=0.15446499999995922>
515.8575 	EXP 	line1: autoDraw = True
515.8575 	EXP 	line_2: autoDraw = True
515.8575 	EXP 	line_3: autoDraw = True
515.8575 	EXP 	line4: autoDraw = True
515.8742 	EXP 	fixation: autoDraw = False
516.8578 	INFO 	Keyboard events cleared
516.8577 	EXP 	probe: autoDraw = True
517.5914 	EXP 	Device response: <KeyPress from None: t=517.5852034, value=z, duration=None>
517.5918 	EXP 	New trial (rep=46, index=0): <Trial 184 (0 in rep 46) data={'pos': np.int64(-50), 'corr_resp': 'x', 'thisN': 184, 'thisTrialN': 0, 'thisRepN': 46}>
517.5931 	DATA 	Keypress: z
517.6069 	EXP 	fixation: autoDraw = False
517.6069 	EXP 	line1: autoDraw = False
517.6069 	EXP 	line_2: autoDraw = False
517.6069 	EXP 	line_3: autoDraw = False
517.6069 	EXP 	line4: autoDraw = False
517.6069 	EXP 	probe: autoDraw = False
517.6069 	EXP 	fixation: autoDraw = True
517.8248 	EXP 	Device response: <KeyPress from None: t=517.5852034, value=z, duration=0.22643460000006144>
518.5908 	EXP 	line1: autoDraw = True
518.5908 	EXP 	line_2: autoDraw = True
518.5908 	EXP 	line_3: autoDraw = True
518.5908 	EXP 	line4: autoDraw = True
518.6076 	EXP 	fixation: autoDraw = False
519.5911 	INFO 	Keyboard events cleared
519.5909 	EXP 	probe: autoDraw = True
520.2085 	EXP 	Device response: <KeyPress from None: t=520.1939493, value=x, duration=None>
520.2088 	EXP 	New trial (rep=46, index=1): <Trial 185 (1 in rep 46) data={'pos': np.int64(150), 'corr_resp': 'v', 'thisN': 185, 'thisTrialN': 1, 'thisRepN': 46}>
520.2104 	DATA 	Keypress: x
520.2246 	EXP 	fixation: autoDraw = False
520.2246 	EXP 	line1: autoDraw = False
520.2246 	EXP 	line_2: autoDraw = False
520.2246 	EXP 	line_3: autoDraw = False
520.2246 	EXP 	line4: autoDraw = False
520.2246 	EXP 	probe: autoDraw = False
520.2246 	EXP 	fixation: autoDraw = True
520.4419 	EXP 	Device response: <KeyPress from None: t=520.1939493, value=x, duration=0.24214280000001054>
521.2218 	EXP 	line1: autoDraw = True
521.2218 	EXP 	line_2: autoDraw = True
521.2218 	EXP 	line_3: autoDraw = True
521.2218 	EXP 	line4: autoDraw = True
521.2386 	EXP 	fixation: autoDraw = False
522.2221 	INFO 	Keyboard events cleared
522.2219 	EXP 	probe: autoDraw = True
523.4724 	EXP 	Device response: <KeyPress from None: t=523.4692201, value=b, duration=None>
523.4727 	EXP 	New trial (rep=46, index=2): <Trial 186 (2 in rep 46) data={'pos': np.int64(50), 'corr_resp': 'c', 'thisN': 186, 'thisTrialN': 2, 'thisRepN': 46}>
523.4739 	DATA 	Keypress: b
523.4884 	EXP 	fixation: autoDraw = False
523.4884 	EXP 	line1: autoDraw = False
523.4884 	EXP 	line_2: autoDraw = False
523.4884 	EXP 	line_3: autoDraw = False
523.4884 	EXP 	line4: autoDraw = False
523.4884 	EXP 	probe: autoDraw = False
523.4884 	EXP 	fixation: autoDraw = True
523.6056 	EXP 	Device response: <KeyPress from None: t=523.4692201, value=b, duration=0.12028999999995449>
524.4721 	EXP 	line1: autoDraw = True
524.4721 	EXP 	line_2: autoDraw = True
524.4721 	EXP 	line_3: autoDraw = True
524.4721 	EXP 	line4: autoDraw = True
524.4889 	EXP 	fixation: autoDraw = False
525.4733 	INFO 	Keyboard events cleared
525.4731 	EXP 	probe: autoDraw = True
525.8890 	EXP 	Device response: <KeyPress from None: t=525.8772811, value=v, duration=None>
525.8893 	EXP 	New trial (rep=46, index=3): <Trial 187 (3 in rep 46) data={'pos': np.int64(-150), 'corr_resp': 'z', 'thisN': 187, 'thisTrialN': 3, 'thisRepN': 46}>
525.8905 	DATA 	Keypress: v
525.9056 	EXP 	fixation: autoDraw = False
525.9056 	EXP 	line1: autoDraw = False
525.9056 	EXP 	line_2: autoDraw = False
525.9056 	EXP 	line_3: autoDraw = False
525.9056 	EXP 	line4: autoDraw = False
525.9056 	EXP 	probe: autoDraw = False
525.9056 	EXP 	fixation: autoDraw = True
526.0724 	EXP 	Device response: <KeyPress from None: t=525.8772811, value=v, duration=0.18461899999999787>
526.8888 	EXP 	line1: autoDraw = True
526.8888 	EXP 	line_2: autoDraw = True
526.8888 	EXP 	line_3: autoDraw = True
526.8888 	EXP 	line4: autoDraw = True
526.9053 	EXP 	fixation: autoDraw = False
527.8890 	INFO 	Keyboard events cleared
527.8889 	EXP 	probe: autoDraw = True
529.0905 	EXP 	Device response: <KeyPress from None: t=529.0862403, value=z, duration=None>
529.0909 	EXP 	New trial (rep=47, index=0): <Trial 188 (0 in rep 47) data={'pos': np.int64(-50), 'corr_resp': 'x', 'thisN': 188, 'thisTrialN': 0, 'thisRepN': 47}>
529.0922 	DATA 	Keypress: z
529.1065 	EXP 	fixation: autoDraw = False
529.1065 	EXP 	line1: autoDraw = False
529.1065 	EXP 	line_2: autoDraw = False
529.1065 	EXP 	line_3: autoDraw = False
529.1065 	EXP 	line4: autoDraw = False
529.1065 	EXP 	probe: autoDraw = False
529.1065 	EXP 	fixation: autoDraw = True
529.2737 	EXP 	Device response: <KeyPress from None: t=529.0862403, value=z, duration=0.17697820000000775>
530.0904 	EXP 	line1: autoDraw = True
530.0904 	EXP 	line_2: autoDraw = True
530.0904 	EXP 	line_3: autoDraw = True
530.0904 	EXP 	line4: autoDraw = True
530.1061 	EXP 	fixation: autoDraw = False
531.1056 	INFO 	Keyboard events cleared
531.1054 	EXP 	probe: autoDraw = True
532.0727 	EXP 	Device response: <KeyPress from None: t=532.0686538, value=x, duration=None>
532.0731 	EXP 	New trial (rep=47, index=1): <Trial 189 (1 in rep 47) data={'pos': np.int64(150), 'corr_resp': 'v', 'thisN': 189, 'thisTrialN': 1, 'thisRepN': 47}>
532.0744 	DATA 	Keypress: x
532.0887 	EXP 	fixation: autoDraw = False
532.0887 	EXP 	line1: autoDraw = False
532.0887 	EXP 	line_2: autoDraw = False
532.0887 	EXP 	line_3: autoDraw = False
532.0887 	EXP 	line4: autoDraw = False
532.0887 	EXP 	probe: autoDraw = False
532.0887 	EXP 	fixation: autoDraw = True
532.2898 	EXP 	Device response: <KeyPress from None: t=532.0686538, value=x, duration=0.21930489999999736>
533.0729 	EXP 	line1: autoDraw = True
533.0729 	EXP 	line_2: autoDraw = True
533.0729 	EXP 	line_3: autoDraw = True
533.0729 	EXP 	line4: autoDraw = True
533.0894 	EXP 	fixation: autoDraw = False
534.0721 	INFO 	Keyboard events cleared
534.0720 	EXP 	probe: autoDraw = True
534.4724 	EXP 	Device response: <KeyPress from None: t=534.4647625, value=v, duration=None>
534.4727 	EXP 	New trial (rep=47, index=2): <Trial 190 (2 in rep 47) data={'pos': np.int64(50), 'corr_resp': 'c', 'thisN': 190, 'thisTrialN': 2, 'thisRepN': 47}>
534.4742 	DATA 	Keypress: v
534.4888 	EXP 	fixation: autoDraw = False
534.4888 	EXP 	line1: autoDraw = False
534.4888 	EXP 	line_2: autoDraw = False
534.4888 	EXP 	line_3: autoDraw = False
534.4888 	EXP 	line4: autoDraw = False
534.4888 	EXP 	probe: autoDraw = False
534.4888 	EXP 	fixation: autoDraw = True
534.7557 	EXP 	Device response: <KeyPress from None: t=534.4647625, value=v, duration=0.2773535000000038>
535.4724 	EXP 	line1: autoDraw = True
535.4724 	EXP 	line_2: autoDraw = True
535.4724 	EXP 	line_3: autoDraw = True
535.4724 	EXP 	line4: autoDraw = True
535.4890 	EXP 	fixation: autoDraw = False
536.4725 	INFO 	Keyboard events cleared
536.4724 	EXP 	probe: autoDraw = True
537.1223 	EXP 	Device response: <KeyPress from None: t=537.1145052, value=c, duration=None>
537.1227 	EXP 	New trial (rep=47, index=3): <Trial 191 (3 in rep 47) data={'pos': np.int64(-150), 'corr_resp': 'z', 'thisN': 191, 'thisTrialN': 3, 'thisRepN': 47}>
537.1238 	DATA 	Keypress: c
537.1387 	EXP 	fixation: autoDraw = False
537.1387 	EXP 	line1: autoDraw = False
537.1387 	EXP 	line_2: autoDraw = False
537.1387 	EXP 	line_3: autoDraw = False
537.1387 	EXP 	line4: autoDraw = False
537.1387 	EXP 	probe: autoDraw = False
537.1387 	EXP 	fixation: autoDraw = True
537.4392 	EXP 	Device response: <KeyPress from None: t=537.1145052, value=c, duration=0.3130832999999029>
538.1220 	EXP 	line1: autoDraw = True
538.1220 	EXP 	line_2: autoDraw = True
538.1220 	EXP 	line_3: autoDraw = True
538.1220 	EXP 	line4: autoDraw = True
538.1388 	EXP 	fixation: autoDraw = False
539.1223 	INFO 	Keyboard events cleared
539.1222 	EXP 	probe: autoDraw = True
540.1564 	EXP 	Device response: <KeyPress from None: t=540.1409785, value=z, duration=None>
540.1568 	EXP 	New trial (rep=48, index=0): <Trial 192 (0 in rep 48) data={'pos': np.int64(-50), 'corr_resp': 'x', 'thisN': 192, 'thisTrialN': 0, 'thisRepN': 48}>
540.1582 	DATA 	Keypress: z
540.1722 	EXP 	fixation: autoDraw = False
540.1722 	EXP 	line1: autoDraw = False
540.1722 	EXP 	line_2: autoDraw = False
540.1722 	EXP 	line_3: autoDraw = False
540.1722 	EXP 	line4: autoDraw = False
540.1722 	EXP 	probe: autoDraw = False
540.1722 	EXP 	fixation: autoDraw = True
540.3395 	EXP 	Device response: <KeyPress from None: t=540.1409785, value=z, duration=0.19417970000006335>
541.1723 	EXP 	fixation: autoDraw = False
541.1723 	EXP 	line1: autoDraw = True
541.1723 	EXP 	line_2: autoDraw = True
541.1723 	EXP 	line_3: autoDraw = True
541.1723 	EXP 	line4: autoDraw = True
542.1726 	INFO 	Keyboard events cleared
542.1725 	EXP 	probe: autoDraw = True
543.9412 	DATA 	Keypress: x
543.9564 	EXP 	Device response: <KeyPress from None: t=543.9400619, value=x, duration=None>
543.9567 	EXP 	New trial (rep=48, index=1): <Trial 193 (1 in rep 48) data={'pos': np.int64(150), 'corr_resp': 'v', 'thisN': 193, 'thisTrialN': 1, 'thisRepN': 48}>
543.9725 	EXP 	fixation: autoDraw = False
543.9725 	EXP 	line1: autoDraw = False
543.9725 	EXP 	line_2: autoDraw = False
543.9725 	EXP 	line_3: autoDraw = False
543.9725 	EXP 	line4: autoDraw = False
543.9725 	EXP 	probe: autoDraw = False
543.9725 	EXP 	fixation: autoDraw = True
544.0726 	EXP 	Device response: <KeyPress from None: t=543.9400619, value=x, duration=0.12188959999991766>
544.9559 	EXP 	line1: autoDraw = True
544.9559 	EXP 	line_2: autoDraw = True
544.9559 	EXP 	line_3: autoDraw = True
544.9559 	EXP 	line4: autoDraw = True
544.9726 	EXP 	fixation: autoDraw = False
545.9558 	INFO 	Keyboard events cleared
545.9557 	EXP 	probe: autoDraw = True
546.8564 	EXP 	Device response: <KeyPress from None: t=546.8442499, value=v, duration=None>
546.8567 	EXP 	New trial (rep=48, index=2): <Trial 194 (2 in rep 48) data={'pos': np.int64(50), 'corr_resp': 'c', 'thisN': 194, 'thisTrialN': 2, 'thisRepN': 48}>
546.8582 	DATA 	Keypress: v
546.8724 	EXP 	fixation: autoDraw = False
546.8724 	EXP 	line1: autoDraw = False
546.8724 	EXP 	line_2: autoDraw = False
546.8724 	EXP 	line_3: autoDraw = False
546.8724 	EXP 	line4: autoDraw = False
546.8724 	EXP 	probe: autoDraw = False
546.8724 	EXP 	fixation: autoDraw = True
547.0560 	EXP 	Device response: <KeyPress from None: t=546.8442499, value=v, duration=0.20156339999994088>
547.8557 	EXP 	line1: autoDraw = True
547.8557 	EXP 	line_2: autoDraw = True
547.8557 	EXP 	line_3: autoDraw = True
547.8557 	EXP 	line4: autoDraw = True
547.8725 	EXP 	fixation: autoDraw = False
548.8562 	INFO 	Keyboard events cleared
548.8561 	EXP 	probe: autoDraw = True
549.5729 	EXP 	Device response: <KeyPress from None: t=549.5704561, value=v, duration=None>
549.5733 	EXP 	New trial (rep=48, index=3): <Trial 195 (3 in rep 48) data={'pos': np.int64(-150), 'corr_resp': 'z', 'thisN': 195, 'thisTrialN': 3, 'thisRepN': 48}>
549.5745 	DATA 	Keypress: v
549.5889 	EXP 	fixation: autoDraw = False
549.5889 	EXP 	line1: autoDraw = False
549.5889 	EXP 	line_2: autoDraw = False
549.5889 	EXP 	line_3: autoDraw = False
549.5889 	EXP 	line4: autoDraw = False
549.5889 	EXP 	probe: autoDraw = False
549.5889 	EXP 	fixation: autoDraw = True
549.7394 	EXP 	Device response: <KeyPress from None: t=549.5704561, value=v, duration=0.16324950000000626>
550.5729 	EXP 	line1: autoDraw = True
550.5729 	EXP 	line_2: autoDraw = True
550.5729 	EXP 	line_3: autoDraw = True
550.5729 	EXP 	line4: autoDraw = True
550.5889 	EXP 	fixation: autoDraw = False
551.5722 	INFO 	Keyboard events cleared
551.5721 	EXP 	probe: autoDraw = True
552.8900 	EXP 	Device response: <KeyPress from None: t=552.8777167, value=z, duration=None>
552.8903 	EXP 	New trial (rep=49, index=0): <Trial 196 (0 in rep 49) data={'pos': np.int64(-50), 'corr_resp': 'x', 'thisN': 196, 'thisTrialN': 0, 'thisRepN': 49}>
552.8914 	DATA 	Keypress: z
552.9057 	EXP 	fixation: autoDraw = False
552.9057 	EXP 	line1: autoDraw = False
552.9057 	EXP 	line_2: autoDraw = False
552.9057 	EXP 	line_3: autoDraw = False
552.9057 	EXP 	line4: autoDraw = False
552.9057 	EXP 	probe: autoDraw = False
552.9057 	EXP 	fixation: autoDraw = True
553.0562 	EXP 	Device response: <KeyPress from None: t=552.8777167, value=z, duration=0.17261260000009315>
553.0728 	EXP 	Device response: <KeyPress from None: t=553.0620064, value=z, duration=None>
553.0738 	DATA 	Keypress: z
553.1561 	EXP 	Device response: <KeyPress from None: t=553.0620064, value=z, duration=0.08703109999999015>
553.8890 	EXP 	line1: autoDraw = True
553.8890 	EXP 	line_2: autoDraw = True
553.8890 	EXP 	line_3: autoDraw = True
553.8890 	EXP 	line4: autoDraw = True
553.9055 	EXP 	fixation: autoDraw = False
554.9060 	INFO 	Keyboard events cleared
554.9059 	EXP 	probe: autoDraw = True
561.1398 	EXP 	Device response: <KeyPress from None: t=561.1372826, value=x, duration=None>
561.1402 	EXP 	New trial (rep=49, index=1): <Trial 197 (1 in rep 49) data={'pos': np.int64(150), 'corr_resp': 'v', 'thisN': 197, 'thisTrialN': 1, 'thisRepN': 49}>
561.1418 	DATA 	Keypress: x
561.1557 	EXP 	fixation: autoDraw = False
561.1557 	EXP 	line1: autoDraw = False
561.1557 	EXP 	line_2: autoDraw = False
561.1557 	EXP 	line_3: autoDraw = False
561.1557 	EXP 	line4: autoDraw = False
561.1557 	EXP 	probe: autoDraw = False
561.1557 	EXP 	fixation: autoDraw = True
561.2730 	EXP 	Device response: <KeyPress from None: t=561.1372826, value=x, duration=0.11930399999994279>
562.1555 	EXP 	fixation: autoDraw = False
562.1555 	EXP 	line1: autoDraw = True
562.1555 	EXP 	line_2: autoDraw = True
562.1555 	EXP 	line_3: autoDraw = True
562.1555 	EXP 	line4: autoDraw = True
563.1414 	INFO 	Keyboard events cleared
563.1413 	EXP 	probe: autoDraw = True
565.7429 	DATA 	Mouse: Right button down, pos=(1136,592)
565.8098 	DATA 	Mouse:  Right button up, pos=(1136,592)
566.0576 	EXP 	Device response: <KeyPress from None: t=566.0446036, value=v, duration=None>
566.0581 	EXP 	New trial (rep=49, index=2): <Trial 198 (2 in rep 49) data={'pos': np.int64(50), 'corr_resp': 'c', 'thisN': 198, 'thisTrialN': 2, 'thisRepN': 49}>
566.0596 	DATA 	Keypress: v
566.0735 	EXP 	fixation: autoDraw = False
566.0735 	EXP 	line1: autoDraw = False
566.0735 	EXP 	line_2: autoDraw = False
566.0735 	EXP 	line_3: autoDraw = False
566.0735 	EXP 	line4: autoDraw = False
566.0735 	EXP 	probe: autoDraw = False
566.0735 	EXP 	fixation: autoDraw = True
566.2246 	EXP 	Device response: <KeyPress from None: t=566.0446036, value=v, duration=0.1685767000000169>
567.0576 	EXP 	line1: autoDraw = True
567.0576 	EXP 	line_2: autoDraw = True
567.0576 	EXP 	line_3: autoDraw = True
567.0576 	EXP 	line4: autoDraw = True
567.0739 	EXP 	fixation: autoDraw = False
568.0579 	INFO 	Keyboard events cleared
568.0577 	EXP 	probe: autoDraw = True
570.4088 	EXP 	Device response: <KeyPress from None: t=570.3984453, value=c, duration=None>
570.4092 	EXP 	New trial (rep=49, index=3): <Trial 199 (3 in rep 49) data={'pos': np.int64(-150), 'corr_resp': 'z', 'thisN': 199, 'thisTrialN': 3, 'thisRepN': 49}>
570.4106 	DATA 	Keypress: c
570.4241 	EXP 	fixation: autoDraw = False
570.4241 	EXP 	line1: autoDraw = False
570.4241 	EXP 	line_2: autoDraw = False
570.4241 	EXP 	line_3: autoDraw = False
570.4241 	EXP 	line4: autoDraw = False
570.4241 	EXP 	probe: autoDraw = False
570.4241 	EXP 	fixation: autoDraw = True
570.5243 	EXP 	Device response: <KeyPress from None: t=570.3984453, value=c, duration=0.11667949999991833>
571.4246 	EXP 	fixation: autoDraw = False
571.4246 	EXP 	line1: autoDraw = True
571.4246 	EXP 	line_2: autoDraw = True
571.4246 	EXP 	line_3: autoDraw = True
571.4246 	EXP 	line4: autoDraw = True
572.4078 	INFO 	Keyboard events cleared
572.4076 	EXP 	probe: autoDraw = True
572.8585 	EXP 	Device response: <KeyPress from None: t=572.8467568, value=z, duration=None>
572.8866 	EXP 	Imported conditions.csv as conditions, 4 conditions, 2 params
572.8906 	EXP 	New trial (rep=0, index=0): <Trial 0 (0 in rep 0) data={'pos': np.int64(-150), 'corr_resp': 'z', 'thisN': 0, 'thisTrialN': 0, 'thisRepN': 0}>
572.8928 	DATA 	Keypress: z
572.9036 	EXP 	fixation: autoDraw = False
572.9036 	EXP 	line1: autoDraw = False
572.9036 	EXP 	line_2: autoDraw = False
572.9036 	EXP 	line_3: autoDraw = False
572.9036 	EXP 	line4: autoDraw = False
572.9036 	EXP 	probe: autoDraw = False
572.9036 	EXP 	fixation: autoDraw = True
572.9923 	EXP 	Device response: <KeyPress from None: t=572.8467568, value=z, duration=0.1384583000000248>
573.8574 	EXP 	line1: autoDraw = True
573.8574 	EXP 	line_2: autoDraw = True
573.8574 	EXP 	line_3: autoDraw = True
573.8574 	EXP 	line4: autoDraw = True
573.9079 	EXP 	fixation: autoDraw = False
574.8745 	INFO 	Keyboard events cleared
574.8743 	EXP 	probe: autoDraw = True
575.4080 	EXP 	Device response: <KeyPress from None: t=575.4048133, value=z, duration=None>
575.4083 	EXP 	New trial (rep=0, index=1): <Trial 1 (1 in rep 0) data={'pos': np.int64(-50), 'corr_resp': 'x', 'thisN': 1, 'thisTrialN': 1, 'thisRepN': 0}>
575.4098 	DATA 	Keypress: z
575.4238 	EXP 	fixation: autoDraw = False
575.4238 	EXP 	line1: autoDraw = False
575.4238 	EXP 	line_2: autoDraw = False
575.4238 	EXP 	line_3: autoDraw = False
575.4238 	EXP 	line4: autoDraw = False
575.4238 	EXP 	probe: autoDraw = False
575.4238 	EXP 	fixation: autoDraw = True
575.4917 	EXP 	Device response: <KeyPress from None: t=575.4048133, value=z, duration=0.07642729999997755>
576.4081 	EXP 	line1: autoDraw = True
576.4081 	EXP 	line_2: autoDraw = True
576.4081 	EXP 	line_3: autoDraw = True
576.4081 	EXP 	line4: autoDraw = True
576.4246 	EXP 	fixation: autoDraw = False
577.4079 	INFO 	Keyboard events cleared
577.4077 	EXP 	probe: autoDraw = True
580.3922 	EXP 	Device response: <KeyPress from None: t=580.3865679, value=x, duration=None>
580.3926 	EXP 	New trial (rep=0, index=2): <Trial 2 (2 in rep 0) data={'pos': np.int64(150), 'corr_resp': 'v', 'thisN': 2, 'thisTrialN': 2, 'thisRepN': 0}>
580.3938 	DATA 	Keypress: x
580.4076 	EXP 	fixation: autoDraw = False
580.4076 	EXP 	line1: autoDraw = False
580.4076 	EXP 	line_2: autoDraw = False
580.4076 	EXP 	line_3: autoDraw = False
580.4076 	EXP 	line4: autoDraw = False
580.4076 	EXP 	probe: autoDraw = False
580.4076 	EXP 	fixation: autoDraw = True
580.5086 	EXP 	Device response: <KeyPress from None: t=580.3865679, value=x, duration=0.11339419999990241>
581.4078 	EXP 	fixation: autoDraw = False
581.4078 	EXP 	line1: autoDraw = True
581.4078 	EXP 	line_2: autoDraw = True
581.4078 	EXP 	line_3: autoDraw = True
581.4078 	EXP 	line4: autoDraw = True
582.3918 	INFO 	Keyboard events cleared
582.3916 	EXP 	probe: autoDraw = True
582.9433 	DATA 	Mouse: Left button down, pos=(1073,673)
583.0104 	DATA 	Mouse:  Left button up, pos=(1073,673)
583.0590 	DATA 	Mouse: Left button down, pos=(1073,673)
583.1267 	DATA 	Mouse:  Left button up, pos=(1073,673)
583.1760 	DATA 	Mouse: Left button down, pos=(1073,673)
583.2433 	DATA 	Mouse:  Left button up, pos=(1073,673)
583.3091 	DATA 	Mouse: Left button down, pos=(1073,673)
583.4428 	DATA 	Mouse:  Left button up, pos=(1073,673)
583.7076 	EXP 	Device response: <KeyPress from None: t=583.7005894, value=v, duration=None>
583.7079 	EXP 	New trial (rep=0, index=3): <Trial 3 (3 in rep 0) data={'pos': np.int64(50), 'corr_resp': 'c', 'thisN': 3, 'thisTrialN': 3, 'thisRepN': 0}>
583.7092 	DATA 	Keypress: v
583.7238 	EXP 	fixation: autoDraw = False
583.7238 	EXP 	line1: autoDraw = False
583.7238 	EXP 	line_2: autoDraw = False
583.7238 	EXP 	line_3: autoDraw = False
583.7238 	EXP 	line4: autoDraw = False
583.7238 	EXP 	probe: autoDraw = False
583.7238 	EXP 	fixation: autoDraw = True
583.8748 	EXP 	Device response: <KeyPress from None: t=583.7005894, value=v, duration=0.1621347999999898>
584.7071 	EXP 	line1: autoDraw = True
584.7071 	EXP 	line_2: autoDraw = True
584.7071 	EXP 	line_3: autoDraw = True
584.7071 	EXP 	line4: autoDraw = True
584.7238 	EXP 	fixation: autoDraw = False
585.7078 	INFO 	Keyboard events cleared
585.7076 	EXP 	probe: autoDraw = True
587.2912 	EXP 	Device response: <KeyPress from None: t=587.2865359, value=v, duration=None>
587.2916 	EXP 	New trial (rep=1, index=0): <Trial 4 (0 in rep 1) data={'pos': np.int64(150), 'corr_resp': 'v', 'thisN': 4, 'thisTrialN': 0, 'thisRepN': 1}>
587.2931 	DATA 	Keypress: v
587.3070 	EXP 	fixation: autoDraw = False
587.3070 	EXP 	line1: autoDraw = False
587.3070 	EXP 	line_2: autoDraw = False
587.3070 	EXP 	line_3: autoDraw = False
587.3070 	EXP 	line4: autoDraw = False
587.3070 	EXP 	probe: autoDraw = False
587.3070 	EXP 	fixation: autoDraw = True
587.3919 	EXP 	Device response: <KeyPress from None: t=587.2865359, value=v, duration=0.09040849999996681>
588.2914 	EXP 	line1: autoDraw = True
588.2914 	EXP 	line_2: autoDraw = True
588.2914 	EXP 	line_3: autoDraw = True
588.2914 	EXP 	line4: autoDraw = True
588.3080 	EXP 	fixation: autoDraw = False
589.2915 	INFO 	Keyboard events cleared
589.2913 	EXP 	probe: autoDraw = True
589.9587 	EXP 	Device response: <KeyPress from None: t=589.9486559, value=b, duration=None>
589.9592 	EXP 	New trial (rep=1, index=1): <Trial 5 (1 in rep 1) data={'pos': np.int64(-50), 'corr_resp': 'x', 'thisN': 5, 'thisTrialN': 1, 'thisRepN': 1}>
589.9607 	DATA 	Keypress: b
589.9745 	EXP 	fixation: autoDraw = False
589.9745 	EXP 	line1: autoDraw = False
589.9745 	EXP 	line_2: autoDraw = False
589.9745 	EXP 	line_3: autoDraw = False
589.9745 	EXP 	line4: autoDraw = False
589.9745 	EXP 	probe: autoDraw = False
589.9745 	EXP 	fixation: autoDraw = True
590.1243 	EXP 	Device response: <KeyPress from None: t=589.9486559, value=b, duration=0.16029700000001412>
590.9747 	EXP 	fixation: autoDraw = False
590.9747 	EXP 	line1: autoDraw = True
590.9747 	EXP 	line_2: autoDraw = True
590.9747 	EXP 	line_3: autoDraw = True
590.9747 	EXP 	line4: autoDraw = True
591.9576 	INFO 	Keyboard events cleared
591.9574 	EXP 	probe: autoDraw = True
592.7759 	DATA 	Mouse: Left button down, pos=(1073,673)
592.9943 	DATA 	Mouse:  Left button up, pos=(1073,673)
593.8100 	DATA 	Mouse: Left button down, pos=(1073,673)
594.0426 	DATA 	Mouse:  Left button up, pos=(1073,673)
595.2417 	EXP 	Device response: <KeyPress from None: t=595.2405814, value=x, duration=None>
595.2422 	EXP 	New trial (rep=1, index=2): <Trial 6 (2 in rep 1) data={'pos': np.int64(-150), 'corr_resp': 'z', 'thisN': 6, 'thisTrialN': 2, 'thisRepN': 1}>
595.2436 	DATA 	Keypress: x
595.2574 	EXP 	fixation: autoDraw = False
595.2574 	EXP 	line1: autoDraw = False
595.2574 	EXP 	line_2: autoDraw = False
595.2574 	EXP 	line_3: autoDraw = False
595.2574 	EXP 	line4: autoDraw = False
595.2574 	EXP 	probe: autoDraw = False
595.2574 	EXP 	fixation: autoDraw = True
595.3751 	EXP 	Device response: <KeyPress from None: t=595.2405814, value=x, duration=0.1235086000000365>
596.2407 	EXP 	line1: autoDraw = True
596.2407 	EXP 	line_2: autoDraw = True
596.2407 	EXP 	line_3: autoDraw = True
596.2407 	EXP 	line4: autoDraw = True
596.2580 	EXP 	fixation: autoDraw = False
597.2419 	INFO 	Keyboard events cleared
597.2417 	EXP 	probe: autoDraw = True
599.5410 	EXP 	Device response: <KeyPress from None: t=599.5286229, value=z, duration=None>
599.5415 	EXP 	New trial (rep=1, index=3): <Trial 7 (3 in rep 1) data={'pos': np.int64(50), 'corr_resp': 'c', 'thisN': 7, 'thisTrialN': 3, 'thisRepN': 1}>
599.5430 	DATA 	Keypress: z
599.5578 	EXP 	fixation: autoDraw = False
599.5578 	EXP 	line1: autoDraw = False
599.5578 	EXP 	line_2: autoDraw = False
599.5578 	EXP 	line_3: autoDraw = False
599.5578 	EXP 	line4: autoDraw = False
599.5578 	EXP 	probe: autoDraw = False
599.5578 	EXP 	fixation: autoDraw = True
599.6414 	EXP 	Device response: <KeyPress from None: t=599.5286229, value=z, duration=0.10578620000001138>
600.5417 	EXP 	line1: autoDraw = True
600.5417 	EXP 	line_2: autoDraw = True
600.5417 	EXP 	line_3: autoDraw = True
600.5417 	EXP 	line4: autoDraw = True
600.5579 	EXP 	fixation: autoDraw = False
601.5410 	INFO 	Keyboard events cleared
601.5409 	EXP 	probe: autoDraw = True
603.9420 	EXP 	Device response: <KeyPress from None: t=603.9393589, value=c, duration=None>
603.9423 	EXP 	New trial (rep=2, index=0): <Trial 8 (0 in rep 2) data={'pos': np.int64(50), 'corr_resp': 'c', 'thisN': 8, 'thisTrialN': 0, 'thisRepN': 2}>
603.9436 	DATA 	Keypress: c
603.9579 	EXP 	fixation: autoDraw = False
603.9579 	EXP 	line1: autoDraw = False
603.9579 	EXP 	line_2: autoDraw = False
603.9579 	EXP 	line_3: autoDraw = False
603.9579 	EXP 	line4: autoDraw = False
603.9579 	EXP 	probe: autoDraw = False
603.9579 	EXP 	fixation: autoDraw = True
604.0933 	EXP 	Device response: <KeyPress from None: t=603.9393589, value=c, duration=0.14426749999995536>
604.9405 	EXP 	line1: autoDraw = True
604.9405 	EXP 	line_2: autoDraw = True
604.9405 	EXP 	line_3: autoDraw = True
604.9405 	EXP 	line4: autoDraw = True
604.9582 	EXP 	fixation: autoDraw = False
605.9412 	INFO 	Keyboard events cleared
605.9411 	EXP 	probe: autoDraw = True
606.9774 	DATA 	Mouse: Left button down, pos=(1073,673)
607.0246 	EXP 	Device response: <KeyPress from None: t=607.0123784, value=c, duration=None>
607.0250 	EXP 	New trial (rep=2, index=1): <Trial 9 (1 in rep 2) data={'pos': np.int64(-50), 'corr_resp': 'x', 'thisN': 9, 'thisTrialN': 1, 'thisRepN': 2}>
607.0263 	DATA 	Keypress: c
607.0405 	EXP 	fixation: autoDraw = False
607.0405 	EXP 	line1: autoDraw = False
607.0405 	EXP 	line_2: autoDraw = False
607.0405 	EXP 	line_3: autoDraw = False
607.0405 	EXP 	line4: autoDraw = False
607.0405 	EXP 	probe: autoDraw = False
607.0405 	EXP 	fixation: autoDraw = True
607.1422 	EXP 	Device response: <KeyPress from None: t=607.0123784, value=c, duration=0.1287132999999585>
607.1921 	DATA 	Mouse:  Left button up, pos=(1073,673)
608.0244 	EXP 	line1: autoDraw = True
608.0244 	EXP 	line_2: autoDraw = True
608.0244 	EXP 	line_3: autoDraw = True
608.0244 	EXP 	line4: autoDraw = True
608.0412 	EXP 	fixation: autoDraw = False
609.0249 	INFO 	Keyboard events cleared
609.0248 	EXP 	probe: autoDraw = True
610.4416 	EXP 	Device response: <KeyPress from None: t=610.4388201, value=x, duration=None>
610.4419 	EXP 	New trial (rep=2, index=2): <Trial 10 (2 in rep 2) data={'pos': np.int64(-150), 'corr_resp': 'z', 'thisN': 10, 'thisTrialN': 2, 'thisRepN': 2}>
610.4433 	DATA 	Keypress: x
610.4578 	EXP 	fixation: autoDraw = False
610.4578 	EXP 	line1: autoDraw = False
610.4578 	EXP 	line_2: autoDraw = False
610.4578 	EXP 	line_3: autoDraw = False
610.4578 	EXP 	line4: autoDraw = False
610.4578 	EXP 	probe: autoDraw = False
610.4578 	EXP 	fixation: autoDraw = True
610.5751 	EXP 	Device response: <KeyPress from None: t=610.4388201, value=x, duration=0.12363169999991896>
611.4414 	EXP 	line1: autoDraw = True
611.4414 	EXP 	line_2: autoDraw = True
611.4414 	EXP 	line_3: autoDraw = True
611.4414 	EXP 	line4: autoDraw = True
611.4580 	EXP 	fixation: autoDraw = False
612.0751 	EXP 	Device response: <KeyPress from None: t=612.0718568, value=z, duration=None>
612.0763 	DATA 	Keypress: z
612.2591 	EXP 	Device response: <KeyPress from None: t=612.0718568, value=z, duration=0.17839390000006006>
612.4420 	INFO 	Keyboard events cleared
612.4418 	EXP 	probe: autoDraw = True
613.1917 	EXP 	Device response: <KeyPress from None: t=613.1842185, value=z, duration=None>
613.1921 	EXP 	New trial (rep=2, index=3): <Trial 11 (3 in rep 2) data={'pos': np.int64(150), 'corr_resp': 'v', 'thisN': 11, 'thisTrialN': 3, 'thisRepN': 2}>
613.1935 	DATA 	Keypress: z
613.2081 	EXP 	fixation: autoDraw = False
613.2081 	EXP 	line1: autoDraw = False
613.2081 	EXP 	line_2: autoDraw = False
613.2081 	EXP 	line_3: autoDraw = False
613.2081 	EXP 	line4: autoDraw = False
613.2081 	EXP 	probe: autoDraw = False
613.2081 	EXP 	fixation: autoDraw = True
613.2746 	EXP 	Device response: <KeyPress from None: t=613.1842185, value=z, duration=0.07669789999999921>
614.1912 	EXP 	line1: autoDraw = True
614.1912 	EXP 	line_2: autoDraw = True
614.1912 	EXP 	line_3: autoDraw = True
614.1912 	EXP 	line4: autoDraw = True
614.2072 	EXP 	fixation: autoDraw = False
615.1918 	INFO 	Keyboard events cleared
615.1917 	EXP 	probe: autoDraw = True
615.7930 	DATA 	Mouse: Left button down, pos=(1073,673)
616.0107 	DATA 	Mouse:  Left button up, pos=(1073,673)
616.2094 	EXP 	Device response: <KeyPress from None: t=616.1978024, value=v, duration=None>
616.2099 	EXP 	New trial (rep=3, index=0): <Trial 12 (0 in rep 3) data={'pos': np.int64(50), 'corr_resp': 'c', 'thisN': 12, 'thisTrialN': 0, 'thisRepN': 3}>
616.2112 	DATA 	Keypress: v
616.2247 	EXP 	fixation: autoDraw = False
616.2247 	EXP 	line1: autoDraw = False
616.2247 	EXP 	line_2: autoDraw = False
616.2247 	EXP 	line_3: autoDraw = False
616.2247 	EXP 	line4: autoDraw = False
616.2247 	EXP 	probe: autoDraw = False
616.2247 	EXP 	fixation: autoDraw = True
616.3259 	EXP 	Device response: <KeyPress from None: t=616.1978024, value=v, duration=0.1209927999999536>
617.2244 	EXP 	fixation: autoDraw = False
617.2244 	EXP 	line1: autoDraw = True
617.2244 	EXP 	line_2: autoDraw = True
617.2244 	EXP 	line_3: autoDraw = True
617.2244 	EXP 	line4: autoDraw = True
618.2241 	INFO 	Keyboard events cleared
618.2239 	EXP 	probe: autoDraw = True
619.7081 	EXP 	Device response: <KeyPress from None: t=619.7047881, value=c, duration=None>
619.7086 	EXP 	New trial (rep=3, index=1): <Trial 13 (1 in rep 3) data={'pos': np.int64(-50), 'corr_resp': 'x', 'thisN': 13, 'thisTrialN': 1, 'thisRepN': 3}>
619.7102 	DATA 	Keypress: c
619.7249 	EXP 	fixation: autoDraw = False
619.7249 	EXP 	line1: autoDraw = False
619.7249 	EXP 	line_2: autoDraw = False
619.7249 	EXP 	line_3: autoDraw = False
619.7249 	EXP 	line4: autoDraw = False
619.7249 	EXP 	probe: autoDraw = False
619.7249 	EXP 	fixation: autoDraw = True
619.8592 	EXP 	Device response: <KeyPress from None: t=619.7047881, value=c, duration=0.1499112999999852>
620.7077 	EXP 	line1: autoDraw = True
620.7077 	EXP 	line_2: autoDraw = True
620.7077 	EXP 	line_3: autoDraw = True
620.7077 	EXP 	line4: autoDraw = True
620.7250 	EXP 	fixation: autoDraw = False
621.7253 	INFO 	Keyboard events cleared
621.7252 	EXP 	probe: autoDraw = True
623.0246 	EXP 	Device response: <KeyPress from None: t=623.0097256, value=x, duration=None>
623.0250 	EXP 	New trial (rep=3, index=2): <Trial 14 (2 in rep 3) data={'pos': np.int64(150), 'corr_resp': 'v', 'thisN': 14, 'thisTrialN': 2, 'thisRepN': 3}>
623.0265 	DATA 	Keypress: x
623.0408 	EXP 	fixation: autoDraw = False
623.0408 	EXP 	line1: autoDraw = False
623.0408 	EXP 	line_2: autoDraw = False
623.0408 	EXP 	line_3: autoDraw = False
623.0408 	EXP 	line4: autoDraw = False
623.0408 	EXP 	probe: autoDraw = False
623.0408 	EXP 	fixation: autoDraw = True
623.1422 	EXP 	Device response: <KeyPress from None: t=623.0097256, value=x, duration=0.1239812000000029>
624.0411 	EXP 	fixation: autoDraw = False
624.0411 	EXP 	line1: autoDraw = True
624.0411 	EXP 	line_2: autoDraw = True
624.0411 	EXP 	line_3: autoDraw = True
624.0411 	EXP 	line4: autoDraw = True
625.0249 	INFO 	Keyboard events cleared
625.0248 	EXP 	probe: autoDraw = True
628.3252 	EXP 	Device response: <KeyPress from None: t=628.3155403, value=v, duration=None>
628.3256 	EXP 	New trial (rep=3, index=3): <Trial 15 (3 in rep 3) data={'pos': np.int64(-150), 'corr_resp': 'z', 'thisN': 15, 'thisTrialN': 3, 'thisRepN': 3}>
628.3269 	DATA 	Keypress: v
628.3413 	EXP 	fixation: autoDraw = False
628.3413 	EXP 	line1: autoDraw = False
628.3413 	EXP 	line_2: autoDraw = False
628.3413 	EXP 	line_3: autoDraw = False
628.3413 	EXP 	line4: autoDraw = False
628.3413 	EXP 	probe: autoDraw = False
628.3413 	EXP 	fixation: autoDraw = True
628.4422 	EXP 	Device response: <KeyPress from None: t=628.3155403, value=v, duration=0.12017620000005991>
629.3410 	EXP 	fixation: autoDraw = False
629.3410 	EXP 	line1: autoDraw = True
629.3410 	EXP 	line_2: autoDraw = True
629.3410 	EXP 	line_3: autoDraw = True
629.3410 	EXP 	line4: autoDraw = True
630.3252 	INFO 	Keyboard events cleared
630.3250 	EXP 	probe: autoDraw = True
630.7269 	DATA 	Keypress: z
630.7413 	EXP 	Device response: <KeyPress from None: t=630.7260159, value=z, duration=None>
630.7417 	EXP 	New trial (rep=4, index=0): <Trial 16 (0 in rep 4) data={'pos': np.int64(50), 'corr_resp': 'c', 'thisN': 16, 'thisTrialN': 0, 'thisRepN': 4}>
630.7579 	EXP 	fixation: autoDraw = False
630.7579 	EXP 	line1: autoDraw = False
630.7579 	EXP 	line_2: autoDraw = False
630.7579 	EXP 	line_3: autoDraw = False
630.7579 	EXP 	line4: autoDraw = False
630.7579 	EXP 	probe: autoDraw = False
630.7579 	EXP 	fixation: autoDraw = True
630.8911 	EXP 	Device response: <KeyPress from None: t=630.7260159, value=z, duration=0.15266059999999015>
631.7410 	EXP 	line1: autoDraw = True
631.7410 	EXP 	line_2: autoDraw = True
631.7410 	EXP 	line_3: autoDraw = True
631.7410 	EXP 	line4: autoDraw = True
631.7580 	EXP 	fixation: autoDraw = False
632.7415 	INFO 	Keyboard events cleared
632.7413 	EXP 	probe: autoDraw = True
633.3764 	DATA 	Mouse: Left button down, pos=(1073,673)
633.5929 	DATA 	Mouse:  Left button up, pos=(1073,673)
633.9255 	EXP 	Device response: <KeyPress from None: t=633.9105058, value=c, duration=None>
633.9258 	EXP 	New trial (rep=4, index=1): <Trial 17 (1 in rep 4) data={'pos': np.int64(-50), 'corr_resp': 'x', 'thisN': 17, 'thisTrialN': 1, 'thisRepN': 4}>
633.9273 	DATA 	Keypress: c
633.9413 	EXP 	fixation: autoDraw = False
633.9413 	EXP 	line1: autoDraw = False
633.9413 	EXP 	line_2: autoDraw = False
633.9413 	EXP 	line_3: autoDraw = False
633.9413 	EXP 	line4: autoDraw = False
633.9413 	EXP 	probe: autoDraw = False
633.9413 	EXP 	fixation: autoDraw = True
634.0251 	EXP 	Device response: <KeyPress from None: t=633.9105058, value=c, duration=0.10839290000001256>
634.9257 	EXP 	line1: autoDraw = True
634.9257 	EXP 	line_2: autoDraw = True
634.9257 	EXP 	line_3: autoDraw = True
634.9257 	EXP 	line4: autoDraw = True
634.9422 	EXP 	fixation: autoDraw = False
635.9250 	INFO 	Keyboard events cleared
635.9249 	EXP 	probe: autoDraw = True
636.6921 	EXP 	Device response: <KeyPress from None: t=636.6784361, value=x, duration=None>
636.6925 	EXP 	New trial (rep=4, index=2): <Trial 18 (2 in rep 4) data={'pos': np.int64(150), 'corr_resp': 'v', 'thisN': 18, 'thisTrialN': 2, 'thisRepN': 4}>
636.6938 	DATA 	Keypress: x
636.7072 	EXP 	fixation: autoDraw = False
636.7072 	EXP 	line1: autoDraw = False
636.7072 	EXP 	line_2: autoDraw = False
636.7072 	EXP 	line_3: autoDraw = False
636.7072 	EXP 	line4: autoDraw = False
636.7072 	EXP 	probe: autoDraw = False
636.7072 	EXP 	fixation: autoDraw = True
636.7913 	EXP 	Device response: <KeyPress from None: t=636.6784361, value=x, duration=0.10474729999998544>
637.7079 	EXP 	fixation: autoDraw = False
637.7079 	EXP 	line1: autoDraw = True
637.7079 	EXP 	line_2: autoDraw = True
637.7079 	EXP 	line_3: autoDraw = True
637.7079 	EXP 	line4: autoDraw = True
638.6917 	INFO 	Keyboard events cleared
638.6915 	EXP 	probe: autoDraw = True
639.7752 	EXP 	Device response: <KeyPress from None: t=639.7656923, value=v, duration=None>
639.7756 	EXP 	New trial (rep=4, index=3): <Trial 19 (3 in rep 4) data={'pos': np.int64(-150), 'corr_resp': 'z', 'thisN': 19, 'thisTrialN': 3, 'thisRepN': 4}>
639.7770 	DATA 	Keypress: v
639.7911 	EXP 	fixation: autoDraw = False
639.7911 	EXP 	line1: autoDraw = False
639.7911 	EXP 	line_2: autoDraw = False
639.7911 	EXP 	line_3: autoDraw = False
639.7911 	EXP 	line4: autoDraw = False
639.7911 	EXP 	probe: autoDraw = False
639.7911 	EXP 	fixation: autoDraw = True
639.9086 	EXP 	Device response: <KeyPress from None: t=639.7656923, value=v, duration=0.13112490000003163>
640.7745 	EXP 	line1: autoDraw = True
640.7745 	EXP 	line_2: autoDraw = True
640.7745 	EXP 	line_3: autoDraw = True
640.7745 	EXP 	line4: autoDraw = True
640.7910 	EXP 	fixation: autoDraw = False
641.7747 	INFO 	Keyboard events cleared
641.7745 	EXP 	probe: autoDraw = True
642.4419 	EXP 	Device response: <KeyPress from None: t=642.4373898, value=z, duration=None>
642.4423 	EXP 	New trial (rep=5, index=0): <Trial 20 (0 in rep 5) data={'pos': np.int64(150), 'corr_resp': 'v', 'thisN': 20, 'thisTrialN': 0, 'thisRepN': 5}>
642.4435 	DATA 	Keypress: z
642.4580 	EXP 	fixation: autoDraw = False
642.4580 	EXP 	line1: autoDraw = False
642.4580 	EXP 	line_2: autoDraw = False
642.4580 	EXP 	line_3: autoDraw = False
642.4580 	EXP 	line4: autoDraw = False
642.4580 	EXP 	probe: autoDraw = False
642.4580 	EXP 	fixation: autoDraw = True
642.5583 	EXP 	Device response: <KeyPress from None: t=642.4373898, value=z, duration=0.11766130000000885>
643.4414 	EXP 	line1: autoDraw = True
643.4414 	EXP 	line_2: autoDraw = True
643.4414 	EXP 	line_3: autoDraw = True
643.4414 	EXP 	line4: autoDraw = True
643.4580 	EXP 	fixation: autoDraw = False
644.4417 	INFO 	Keyboard events cleared
644.4415 	EXP 	probe: autoDraw = True
646.3250 	EXP 	Device response: <KeyPress from None: t=646.3182331, value=v, duration=None>
646.3256 	EXP 	New trial (rep=5, index=1): <Trial 21 (1 in rep 5) data={'pos': np.int64(-150), 'corr_resp': 'z', 'thisN': 21, 'thisTrialN': 1, 'thisRepN': 5}>
646.3270 	DATA 	Keypress: v
646.3408 	EXP 	fixation: autoDraw = False
646.3408 	EXP 	line1: autoDraw = False
646.3408 	EXP 	line_2: autoDraw = False
646.3408 	EXP 	line_3: autoDraw = False
646.3408 	EXP 	line4: autoDraw = False
646.3408 	EXP 	probe: autoDraw = False
646.3408 	EXP 	fixation: autoDraw = True
646.4089 	EXP 	Device response: <KeyPress from None: t=646.3182331, value=v, duration=0.07427619999998569>
647.3249 	EXP 	line1: autoDraw = True
647.3249 	EXP 	line_2: autoDraw = True
647.3249 	EXP 	line_3: autoDraw = True
647.3249 	EXP 	line4: autoDraw = True
647.3414 	EXP 	fixation: autoDraw = False
648.3251 	INFO 	Keyboard events cleared
648.3250 	EXP 	probe: autoDraw = True
649.5929 	EXP 	Device response: <KeyPress from None: t=649.5876859, value=z, duration=None>
649.5932 	EXP 	New trial (rep=5, index=2): <Trial 22 (2 in rep 5) data={'pos': np.int64(50), 'corr_resp': 'c', 'thisN': 22, 'thisTrialN': 2, 'thisRepN': 5}>
649.5945 	DATA 	Keypress: z
649.6087 	EXP 	fixation: autoDraw = False
649.6087 	EXP 	line1: autoDraw = False
649.6087 	EXP 	line_2: autoDraw = False
649.6087 	EXP 	line_3: autoDraw = False
649.6087 	EXP 	line4: autoDraw = False
649.6087 	EXP 	probe: autoDraw = False
649.6087 	EXP 	fixation: autoDraw = True
649.7093 	EXP 	Device response: <KeyPress from None: t=649.5876859, value=z, duration=0.11084519999997156>
650.6083 	EXP 	fixation: autoDraw = False
650.6083 	EXP 	line1: autoDraw = True
650.6083 	EXP 	line_2: autoDraw = True
650.6083 	EXP 	line_3: autoDraw = True
650.6083 	EXP 	line4: autoDraw = True
651.6080 	INFO 	Keyboard events cleared
651.6078 	EXP 	probe: autoDraw = True
652.9415 	EXP 	Device response: <KeyPress from None: t=652.929856, value=c, duration=None>
652.9419 	EXP 	New trial (rep=5, index=3): <Trial 23 (3 in rep 5) data={'pos': np.int64(-50), 'corr_resp': 'x', 'thisN': 23, 'thisTrialN': 3, 'thisRepN': 5}>
652.9433 	DATA 	Keypress: c
652.9584 	EXP 	fixation: autoDraw = False
652.9584 	EXP 	line1: autoDraw = False
652.9584 	EXP 	line_2: autoDraw = False
652.9584 	EXP 	line_3: autoDraw = False
652.9584 	EXP 	line4: autoDraw = False
652.9584 	EXP 	probe: autoDraw = False
652.9584 	EXP 	fixation: autoDraw = True
653.0584 	EXP 	Device response: <KeyPress from None: t=652.929856, value=c, duration=0.12533719999998993>
653.9417 	EXP 	line1: autoDraw = True
653.9417 	EXP 	line_2: autoDraw = True
653.9417 	EXP 	line_3: autoDraw = True
653.9417 	EXP 	line4: autoDraw = True
653.9584 	EXP 	fixation: autoDraw = False
654.9423 	INFO 	Keyboard events cleared
654.9421 	EXP 	probe: autoDraw = True
655.5586 	EXP 	Device response: <KeyPress from None: t=655.5488748, value=x, duration=None>
655.5590 	EXP 	New trial (rep=6, index=0): <Trial 24 (0 in rep 6) data={'pos': np.int64(-150), 'corr_resp': 'z', 'thisN': 24, 'thisTrialN': 0, 'thisRepN': 6}>
655.5604 	DATA 	Keypress: x
655.5749 	EXP 	fixation: autoDraw = False
655.5749 	EXP 	line1: autoDraw = False
655.5749 	EXP 	line_2: autoDraw = False
655.5749 	EXP 	line_3: autoDraw = False
655.5749 	EXP 	line4: autoDraw = False
655.5749 	EXP 	probe: autoDraw = False
655.5749 	EXP 	fixation: autoDraw = True
655.6753 	EXP 	Device response: <KeyPress from None: t=655.5488748, value=x, duration=0.11230569999997897>
656.5580 	EXP 	line1: autoDraw = True
656.5580 	EXP 	line_2: autoDraw = True
656.5580 	EXP 	line_3: autoDraw = True
656.5580 	EXP 	line4: autoDraw = True
656.5745 	EXP 	fixation: autoDraw = False
657.5584 	INFO 	Keyboard events cleared
657.5582 	EXP 	probe: autoDraw = True
658.3606 	DATA 	Keypress: z
658.3753 	EXP 	Device response: <KeyPress from None: t=658.3593486, value=z, duration=None>
658.3757 	EXP 	New trial (rep=6, index=1): <Trial 25 (1 in rep 6) data={'pos': np.int64(-50), 'corr_resp': 'x', 'thisN': 25, 'thisTrialN': 1, 'thisRepN': 6}>
658.3915 	EXP 	fixation: autoDraw = False
658.3915 	EXP 	line1: autoDraw = False
658.3915 	EXP 	line_2: autoDraw = False
658.3915 	EXP 	line_3: autoDraw = False
658.3915 	EXP 	line4: autoDraw = False
658.3915 	EXP 	probe: autoDraw = False
658.3915 	EXP 	fixation: autoDraw = True
658.5097 	EXP 	Device response: <KeyPress from None: t=658.3593486, value=z, duration=0.1483011999999917>
659.3748 	EXP 	line1: autoDraw = True
659.3748 	EXP 	line_2: autoDraw = True
659.3748 	EXP 	line_3: autoDraw = True
659.3748 	EXP 	line4: autoDraw = True
659.3913 	EXP 	fixation: autoDraw = False
660.3751 	INFO 	Keyboard events cleared
660.3749 	EXP 	probe: autoDraw = True
661.2589 	EXP 	Device response: <KeyPress from None: t=661.2493195, value=x, duration=None>
661.2592 	EXP 	New trial (rep=6, index=2): <Trial 26 (2 in rep 6) data={'pos': np.int64(50), 'corr_resp': 'c', 'thisN': 26, 'thisTrialN': 2, 'thisRepN': 6}>
661.2605 	DATA 	Keypress: x
661.2741 	EXP 	fixation: autoDraw = False
661.2741 	EXP 	line1: autoDraw = False
661.2741 	EXP 	line_2: autoDraw = False
661.2741 	EXP 	line_3: autoDraw = False
661.2741 	EXP 	line4: autoDraw = False
661.2741 	EXP 	probe: autoDraw = False
661.2741 	EXP 	fixation: autoDraw = True
661.3251 	EXP 	Device response: <KeyPress from None: t=661.2493195, value=x, duration=0.07200560000001133>
662.2754 	EXP 	fixation: autoDraw = False
662.2754 	EXP 	line1: autoDraw = True
662.2754 	EXP 	line_2: autoDraw = True
662.2754 	EXP 	line_3: autoDraw = True
662.2754 	EXP 	line4: autoDraw = True
663.2752 	INFO 	Keyboard events cleared
663.2751 	EXP 	probe: autoDraw = True
666.2421 	EXP 	Device response: <KeyPress from None: t=666.2277615, value=c, duration=None>
666.2425 	EXP 	New trial (rep=6, index=3): <Trial 27 (3 in rep 6) data={'pos': np.int64(150), 'corr_resp': 'v', 'thisN': 27, 'thisTrialN': 3, 'thisRepN': 6}>
666.2440 	DATA 	Keypress: c
666.2582 	EXP 	fixation: autoDraw = False
666.2582 	EXP 	line1: autoDraw = False
666.2582 	EXP 	line_2: autoDraw = False
666.2582 	EXP 	line_3: autoDraw = False
666.2582 	EXP 	line4: autoDraw = False
666.2582 	EXP 	probe: autoDraw = False
666.2582 	EXP 	fixation: autoDraw = True
666.3593 	EXP 	Device response: <KeyPress from None: t=666.2277615, value=c, duration=0.1141187999999147>
667.2415 	EXP 	line1: autoDraw = True
667.2415 	EXP 	line_2: autoDraw = True
667.2415 	EXP 	line_3: autoDraw = True
667.2415 	EXP 	line4: autoDraw = True
667.2581 	EXP 	fixation: autoDraw = False
668.2416 	INFO 	Keyboard events cleared
668.2414 	EXP 	probe: autoDraw = True
669.3272 	DATA 	Keypress: v
669.3420 	EXP 	Device response: <KeyPress from None: t=669.3255417, value=v, duration=None>
669.3424 	EXP 	New trial (rep=7, index=0): <Trial 28 (0 in rep 7) data={'pos': np.int64(50), 'corr_resp': 'c', 'thisN': 28, 'thisTrialN': 0, 'thisRepN': 7}>
669.3584 	EXP 	fixation: autoDraw = False
669.3584 	EXP 	line1: autoDraw = False
669.3584 	EXP 	line_2: autoDraw = False
669.3584 	EXP 	line_3: autoDraw = False
669.3584 	EXP 	line4: autoDraw = False
669.3584 	EXP 	probe: autoDraw = False
669.3584 	EXP 	fixation: autoDraw = True
669.3920 	EXP 	Device response: <KeyPress from None: t=669.3255417, value=v, duration=0.05493079999996553>
670.3415 	EXP 	line1: autoDraw = True
670.3415 	EXP 	line_2: autoDraw = True
670.3415 	EXP 	line_3: autoDraw = True
670.3415 	EXP 	line4: autoDraw = True
670.3582 	EXP 	fixation: autoDraw = False
671.3416 	INFO 	Keyboard events cleared
671.3414 	EXP 	probe: autoDraw = True
672.6447 	DATA 	Keypress: c
672.6585 	EXP 	Device response: <KeyPress from None: t=672.6432455, value=c, duration=None>
672.6588 	EXP 	New trial (rep=7, index=1): <Trial 29 (1 in rep 7) data={'pos': np.int64(-50), 'corr_resp': 'x', 'thisN': 29, 'thisTrialN': 1, 'thisRepN': 7}>
672.6749 	EXP 	fixation: autoDraw = False
672.6749 	EXP 	line1: autoDraw = False
672.6749 	EXP 	line_2: autoDraw = False
672.6749 	EXP 	line_3: autoDraw = False
672.6749 	EXP 	line4: autoDraw = False
672.6749 	EXP 	probe: autoDraw = False
672.6749 	EXP 	fixation: autoDraw = True
672.7419 	EXP 	Device response: <KeyPress from None: t=672.6432455, value=c, duration=0.09215499999993426>
673.6583 	EXP 	line1: autoDraw = True
673.6583 	EXP 	line_2: autoDraw = True
673.6583 	EXP 	line_3: autoDraw = True
673.6583 	EXP 	line4: autoDraw = True
673.6748 	EXP 	fixation: autoDraw = False
674.6584 	INFO 	Keyboard events cleared
674.6582 	EXP 	probe: autoDraw = True
675.9255 	EXP 	Device response: <KeyPress from None: t=675.9191392, value=x, duration=None>
675.9258 	EXP 	New trial (rep=7, index=2): <Trial 30 (2 in rep 7) data={'pos': np.int64(-150), 'corr_resp': 'z', 'thisN': 30, 'thisTrialN': 2, 'thisRepN': 7}>
675.9271 	DATA 	Keypress: x
675.9414 	EXP 	fixation: autoDraw = False
675.9414 	EXP 	line1: autoDraw = False
675.9414 	EXP 	line_2: autoDraw = False
675.9414 	EXP 	line_3: autoDraw = False
675.9414 	EXP 	line4: autoDraw = False
675.9414 	EXP 	probe: autoDraw = False
675.9414 	EXP 	fixation: autoDraw = True
676.0420 	EXP 	Device response: <KeyPress from None: t=675.9191392, value=x, duration=0.11664039999993747>
676.9249 	EXP 	line1: autoDraw = True
676.9249 	EXP 	line_2: autoDraw = True
676.9249 	EXP 	line_3: autoDraw = True
676.9249 	EXP 	line4: autoDraw = True
676.9417 	EXP 	fixation: autoDraw = False
677.9251 	INFO 	Keyboard events cleared
677.9250 	EXP 	probe: autoDraw = True
678.3917 	EXP 	Device response: <KeyPress from None: t=678.3885688, value=z, duration=None>
678.3920 	EXP 	New trial (rep=7, index=3): <Trial 31 (3 in rep 7) data={'pos': np.int64(150), 'corr_resp': 'v', 'thisN': 31, 'thisTrialN': 3, 'thisRepN': 7}>
678.3935 	DATA 	Keypress: z
678.4081 	EXP 	fixation: autoDraw = False
678.4081 	EXP 	line1: autoDraw = False
678.4081 	EXP 	line_2: autoDraw = False
678.4081 	EXP 	line_3: autoDraw = False
678.4081 	EXP 	line4: autoDraw = False
678.4081 	EXP 	probe: autoDraw = False
678.4081 	EXP 	fixation: autoDraw = True
678.5420 	EXP 	Device response: <KeyPress from None: t=678.3885688, value=z, duration=0.15088589999993474>
679.3917 	EXP 	line1: autoDraw = True
679.3917 	EXP 	line_2: autoDraw = True
679.3917 	EXP 	line_3: autoDraw = True
679.3917 	EXP 	line4: autoDraw = True
679.4082 	EXP 	fixation: autoDraw = False
680.3918 	INFO 	Keyboard events cleared
680.3916 	EXP 	probe: autoDraw = True
681.8754 	EXP 	Device response: <KeyPress from None: t=681.8600718, value=v, duration=None>
681.8759 	EXP 	New trial (rep=8, index=0): <Trial 32 (0 in rep 8) data={'pos': np.int64(-50), 'corr_resp': 'x', 'thisN': 32, 'thisTrialN': 0, 'thisRepN': 8}>
681.8774 	DATA 	Keypress: v
681.8906 	EXP 	fixation: autoDraw = False
681.8906 	EXP 	line1: autoDraw = False
681.8906 	EXP 	line_2: autoDraw = False
681.8906 	EXP 	line_3: autoDraw = False
681.8906 	EXP 	line4: autoDraw = False
681.8906 	EXP 	probe: autoDraw = False
681.8906 	EXP 	fixation: autoDraw = True
681.9422 	EXP 	Device response: <KeyPress from None: t=681.8600718, value=v, duration=0.06891810000001897>
682.8750 	EXP 	line1: autoDraw = True
682.8750 	EXP 	line_2: autoDraw = True
682.8750 	EXP 	line_3: autoDraw = True
682.8750 	EXP 	line4: autoDraw = True
682.8916 	EXP 	fixation: autoDraw = False
683.8752 	INFO 	Keyboard events cleared
683.8750 	EXP 	probe: autoDraw = True
684.7253 	EXP 	Device response: <KeyPress from None: t=684.722806, value=x, duration=None>
684.7256 	EXP 	New trial (rep=8, index=1): <Trial 33 (1 in rep 8) data={'pos': np.int64(50), 'corr_resp': 'c', 'thisN': 33, 'thisTrialN': 1, 'thisRepN': 8}>
684.7270 	DATA 	Keypress: x
684.7416 	EXP 	fixation: autoDraw = False
684.7416 	EXP 	line1: autoDraw = False
684.7416 	EXP 	line_2: autoDraw = False
684.7416 	EXP 	line_3: autoDraw = False
684.7416 	EXP 	line4: autoDraw = False
684.7416 	EXP 	probe: autoDraw = False
684.7416 	EXP 	fixation: autoDraw = True
684.8258 	EXP 	Device response: <KeyPress from None: t=684.722806, value=x, duration=0.09642080000003261>
685.7249 	EXP 	line1: autoDraw = True
685.7249 	EXP 	line_2: autoDraw = True
685.7249 	EXP 	line_3: autoDraw = True
685.7249 	EXP 	line4: autoDraw = True
685.7419 	EXP 	fixation: autoDraw = False
686.7251 	INFO 	Keyboard events cleared
686.7250 	EXP 	probe: autoDraw = True
688.9092 	EXP 	Device response: <KeyPress from None: t=688.9003248, value=c, duration=None>
688.9095 	EXP 	New trial (rep=8, index=2): <Trial 34 (2 in rep 8) data={'pos': np.int64(-150), 'corr_resp': 'z', 'thisN': 34, 'thisTrialN': 2, 'thisRepN': 8}>
688.9110 	DATA 	Keypress: c
688.9246 	EXP 	fixation: autoDraw = False
688.9246 	EXP 	line1: autoDraw = False
688.9246 	EXP 	line_2: autoDraw = False
688.9246 	EXP 	line_3: autoDraw = False
688.9246 	EXP 	line4: autoDraw = False
688.9246 	EXP 	probe: autoDraw = False
688.9246 	EXP 	fixation: autoDraw = True
688.9750 	EXP 	Device response: <KeyPress from None: t=688.9003248, value=c, duration=0.07087239999998474>
689.9251 	EXP 	fixation: autoDraw = False
689.9251 	EXP 	line1: autoDraw = True
689.9251 	EXP 	line_2: autoDraw = True
689.9251 	EXP 	line_3: autoDraw = True
689.9251 	EXP 	line4: autoDraw = True
690.9250 	INFO 	Keyboard events cleared
690.9249 	EXP 	probe: autoDraw = True
691.6585 	EXP 	Device response: <KeyPress from None: t=691.6548771, value=z, duration=None>
691.6589 	EXP 	New trial (rep=8, index=3): <Trial 35 (3 in rep 8) data={'pos': np.int64(150), 'corr_resp': 'v', 'thisN': 35, 'thisTrialN': 3, 'thisRepN': 8}>
691.6601 	DATA 	Keypress: z
691.6748 	EXP 	fixation: autoDraw = False
691.6748 	EXP 	line1: autoDraw = False
691.6748 	EXP 	line_2: autoDraw = False
691.6748 	EXP 	line_3: autoDraw = False
691.6748 	EXP 	line4: autoDraw = False
691.6748 	EXP 	probe: autoDraw = False
691.6748 	EXP 	fixation: autoDraw = True
691.7586 	EXP 	Device response: <KeyPress from None: t=691.6548771, value=z, duration=0.08951489999992646>
692.6586 	EXP 	line1: autoDraw = True
692.6586 	EXP 	line_2: autoDraw = True
692.6586 	EXP 	line_3: autoDraw = True
692.6586 	EXP 	line4: autoDraw = True
692.6749 	EXP 	fixation: autoDraw = False
693.6584 	INFO 	Keyboard events cleared
693.6583 	EXP 	probe: autoDraw = True
694.6257 	EXP 	Device response: <KeyPress from None: t=694.6236087, value=v, duration=None>
694.6261 	EXP 	New trial (rep=9, index=0): <Trial 36 (0 in rep 9) data={'pos': np.int64(50), 'corr_resp': 'c', 'thisN': 36, 'thisTrialN': 0, 'thisRepN': 9}>
694.6273 	DATA 	Keypress: v
694.6416 	EXP 	fixation: autoDraw = False
694.6416 	EXP 	line1: autoDraw = False
694.6416 	EXP 	line_2: autoDraw = False
694.6416 	EXP 	line_3: autoDraw = False
694.6416 	EXP 	line4: autoDraw = False
694.6416 	EXP 	probe: autoDraw = False
694.6416 	EXP 	fixation: autoDraw = True
694.7756 	EXP 	Device response: <KeyPress from None: t=694.6236087, value=v, duration=0.1418204000000287>
695.6251 	EXP 	line1: autoDraw = True
695.6251 	EXP 	line_2: autoDraw = True
695.6251 	EXP 	line_3: autoDraw = True
695.6251 	EXP 	line4: autoDraw = True
695.6415 	EXP 	fixation: autoDraw = False
696.6417 	INFO 	Keyboard events cleared
696.6415 	EXP 	probe: autoDraw = True
697.8589 	EXP 	Device response: <KeyPress from None: t=697.8561907, value=c, duration=None>
697.8593 	EXP 	New trial (rep=9, index=1): <Trial 37 (1 in rep 9) data={'pos': np.int64(-50), 'corr_resp': 'x', 'thisN': 37, 'thisTrialN': 1, 'thisRepN': 9}>
697.8606 	DATA 	Keypress: c
697.8749 	EXP 	fixation: autoDraw = False
697.8749 	EXP 	line1: autoDraw = False
697.8749 	EXP 	line_2: autoDraw = False
697.8749 	EXP 	line_3: autoDraw = False
697.8749 	EXP 	line4: autoDraw = False
697.8749 	EXP 	probe: autoDraw = False
697.8749 	EXP 	fixation: autoDraw = True
697.9588 	EXP 	Device response: <KeyPress from None: t=697.8561907, value=c, duration=0.08642580000002908>
698.8750 	EXP 	fixation: autoDraw = False
698.8750 	EXP 	line1: autoDraw = True
698.8750 	EXP 	line_2: autoDraw = True
698.8750 	EXP 	line_3: autoDraw = True
698.8750 	EXP 	line4: autoDraw = True
699.8586 	INFO 	Keyboard events cleared
699.8584 	EXP 	probe: autoDraw = True
700.3257 	EXP 	Device response: <KeyPress from None: t=700.3108076999999, value=x, duration=None>
700.3262 	EXP 	New trial (rep=9, index=2): <Trial 38 (2 in rep 9) data={'pos': np.int64(150), 'corr_resp': 'v', 'thisN': 38, 'thisTrialN': 2, 'thisRepN': 9}>
700.3276 	DATA 	Keypress: x
700.3416 	EXP 	fixation: autoDraw = False
700.3416 	EXP 	line1: autoDraw = False
700.3416 	EXP 	line_2: autoDraw = False
700.3416 	EXP 	line_3: autoDraw = False
700.3416 	EXP 	line4: autoDraw = False
700.3416 	EXP 	probe: autoDraw = False
700.3416 	EXP 	fixation: autoDraw = True
700.4420 	EXP 	Device response: <KeyPress from None: t=700.3108076999999, value=x, duration=0.12107970000010937>
701.3252 	EXP 	line1: autoDraw = True
701.3252 	EXP 	line_2: autoDraw = True
701.3252 	EXP 	line_3: autoDraw = True
701.3252 	EXP 	line4: autoDraw = True
701.3416 	EXP 	fixation: autoDraw = False
702.3418 	INFO 	Keyboard events cleared
702.3416 	EXP 	probe: autoDraw = True
702.7758 	EXP 	Device response: <KeyPress from None: t=702.7746465, value=v, duration=None>
702.7761 	EXP 	New trial (rep=9, index=3): <Trial 39 (3 in rep 9) data={'pos': np.int64(-150), 'corr_resp': 'z', 'thisN': 39, 'thisTrialN': 3, 'thisRepN': 9}>
702.7775 	DATA 	Keypress: v
702.7913 	EXP 	fixation: autoDraw = False
702.7913 	EXP 	line1: autoDraw = False
702.7913 	EXP 	line_2: autoDraw = False
702.7913 	EXP 	line_3: autoDraw = False
702.7913 	EXP 	line4: autoDraw = False
702.7913 	EXP 	probe: autoDraw = False
702.7913 	EXP 	fixation: autoDraw = True
702.9750 	EXP 	Device response: <KeyPress from None: t=702.7746465, value=v, duration=0.19345429999998487>
703.7918 	EXP 	fixation: autoDraw = False
703.7918 	EXP 	line1: autoDraw = True
703.7918 	EXP 	line_2: autoDraw = True
703.7918 	EXP 	line_3: autoDraw = True
703.7918 	EXP 	line4: autoDraw = True
704.7919 	INFO 	Keyboard events cleared
704.7918 	EXP 	probe: autoDraw = True
705.2275 	DATA 	Keypress: z
705.2417 	EXP 	Device response: <KeyPress from None: t=705.2257892, value=z, duration=None>
705.2421 	EXP 	New trial (rep=10, index=0): <Trial 40 (0 in rep 10) data={'pos': np.int64(-50), 'corr_resp': 'x', 'thisN': 40, 'thisTrialN': 0, 'thisRepN': 10}>
705.2585 	EXP 	fixation: autoDraw = False
705.2585 	EXP 	line1: autoDraw = False
705.2585 	EXP 	line_2: autoDraw = False
705.2585 	EXP 	line_3: autoDraw = False
705.2585 	EXP 	line4: autoDraw = False
705.2585 	EXP 	probe: autoDraw = False
705.2585 	EXP 	fixation: autoDraw = True
705.3922 	EXP 	Device response: <KeyPress from None: t=705.2257892, value=z, duration=0.15218349999997827>
706.2417 	EXP 	line1: autoDraw = True
706.2417 	EXP 	line_2: autoDraw = True
706.2417 	EXP 	line_3: autoDraw = True
706.2417 	EXP 	line4: autoDraw = True
706.2582 	EXP 	fixation: autoDraw = False
707.2418 	INFO 	Keyboard events cleared
707.2416 	EXP 	probe: autoDraw = True
707.6931 	EXP 	Device response: <KeyPress from None: t=707.6809513, value=x, duration=None>
707.6935 	EXP 	New trial (rep=10, index=1): <Trial 41 (1 in rep 10) data={'pos': np.int64(50), 'corr_resp': 'c', 'thisN': 41, 'thisTrialN': 1, 'thisRepN': 10}>
707.6947 	DATA 	Keypress: x
707.7080 	EXP 	fixation: autoDraw = False
707.7080 	EXP 	line1: autoDraw = False
707.7080 	EXP 	line_2: autoDraw = False
707.7080 	EXP 	line_3: autoDraw = False
707.7080 	EXP 	line4: autoDraw = False
707.7080 	EXP 	probe: autoDraw = False
707.7080 	EXP 	fixation: autoDraw = True
707.8088 	EXP 	Device response: <KeyPress from None: t=707.6809513, value=x, duration=0.12530970000000252>
708.7082 	EXP 	fixation: autoDraw = False
708.7082 	EXP 	line1: autoDraw = True
708.7082 	EXP 	line_2: autoDraw = True
708.7082 	EXP 	line_3: autoDraw = True
708.7082 	EXP 	line4: autoDraw = True
709.7086 	INFO 	Keyboard events cleared
709.7085 	EXP 	probe: autoDraw = True
710.9417 	EXP 	Device response: <KeyPress from None: t=710.9349646, value=c, duration=None>
710.9420 	EXP 	New trial (rep=10, index=2): <Trial 42 (2 in rep 10) data={'pos': np.int64(-150), 'corr_resp': 'z', 'thisN': 42, 'thisTrialN': 2, 'thisRepN': 10}>
710.9433 	DATA 	Keypress: c
710.9584 	EXP 	fixation: autoDraw = False
710.9584 	EXP 	line1: autoDraw = False
710.9584 	EXP 	line_2: autoDraw = False
710.9584 	EXP 	line_3: autoDraw = False
710.9584 	EXP 	line4: autoDraw = False
710.9584 	EXP 	probe: autoDraw = False
710.9584 	EXP 	fixation: autoDraw = True
710.9921 	EXP 	Device response: <KeyPress from None: t=710.9349646, value=c, duration=0.04100210000001425>
711.9418 	EXP 	line1: autoDraw = True
711.9418 	EXP 	line_2: autoDraw = True
711.9418 	EXP 	line_3: autoDraw = True
711.9418 	EXP 	line4: autoDraw = True
711.9587 	EXP 	fixation: autoDraw = False
712.9419 	INFO 	Keyboard events cleared
712.9417 	EXP 	probe: autoDraw = True
714.1595 	EXP 	Device response: <KeyPress from None: t=714.1563496, value=z, duration=None>
714.1599 	EXP 	New trial (rep=10, index=3): <Trial 43 (3 in rep 10) data={'pos': np.int64(150), 'corr_resp': 'v', 'thisN': 43, 'thisTrialN': 3, 'thisRepN': 10}>
714.1611 	DATA 	Keypress: z
714.1753 	EXP 	fixation: autoDraw = False
714.1753 	EXP 	line1: autoDraw = False
714.1753 	EXP 	line_2: autoDraw = False
714.1753 	EXP 	line_3: autoDraw = False
714.1753 	EXP 	line4: autoDraw = False
714.1753 	EXP 	probe: autoDraw = False
714.1753 	EXP 	fixation: autoDraw = True
714.3256 	EXP 	Device response: <KeyPress from None: t=714.1563496, value=z, duration=0.16385470000000169>
715.1751 	EXP 	fixation: autoDraw = False
715.1751 	EXP 	line1: autoDraw = True
715.1751 	EXP 	line_2: autoDraw = True
715.1751 	EXP 	line_3: autoDraw = True
715.1751 	EXP 	line4: autoDraw = True
716.1752 	INFO 	Keyboard events cleared
716.1751 	EXP 	probe: autoDraw = True
717.2426 	EXP 	Device response: <KeyPress from None: t=717.233691, value=v, duration=None>
717.2429 	EXP 	New trial (rep=11, index=0): <Trial 44 (0 in rep 11) data={'pos': np.int64(150), 'corr_resp': 'v', 'thisN': 44, 'thisTrialN': 0, 'thisRepN': 11}>
717.2441 	DATA 	Keypress: v
717.2584 	EXP 	fixation: autoDraw = False
717.2584 	EXP 	line1: autoDraw = False
717.2584 	EXP 	line_2: autoDraw = False
717.2584 	EXP 	line_3: autoDraw = False
717.2584 	EXP 	line4: autoDraw = False
717.2584 	EXP 	probe: autoDraw = False
717.2584 	EXP 	fixation: autoDraw = True
717.3588 	EXP 	Device response: <KeyPress from None: t=717.233691, value=v, duration=0.12167839999995067>
718.2415 	EXP 	line1: autoDraw = True
718.2415 	EXP 	line_2: autoDraw = True
718.2415 	EXP 	line_3: autoDraw = True
718.2415 	EXP 	line4: autoDraw = True
718.2584 	EXP 	fixation: autoDraw = False
719.2585 	INFO 	Keyboard events cleared
719.2584 	EXP 	probe: autoDraw = True
719.7588 	EXP 	Device response: <KeyPress from None: t=719.7498529, value=v, duration=None>
719.7592 	EXP 	New trial (rep=11, index=1): <Trial 45 (1 in rep 11) data={'pos': np.int64(-50), 'corr_resp': 'x', 'thisN': 45, 'thisTrialN': 1, 'thisRepN': 11}>
719.7605 	DATA 	Keypress: v
719.7750 	EXP 	fixation: autoDraw = False
719.7750 	EXP 	line1: autoDraw = False
719.7750 	EXP 	line_2: autoDraw = False
719.7750 	EXP 	line_3: autoDraw = False
719.7750 	EXP 	line4: autoDraw = False
719.7750 	EXP 	probe: autoDraw = False
719.7750 	EXP 	fixation: autoDraw = True
719.9754 	EXP 	Device response: <KeyPress from None: t=719.7498529, value=v, duration=0.22295420000000377>
720.7582 	EXP 	line1: autoDraw = True
720.7582 	EXP 	line_2: autoDraw = True
720.7582 	EXP 	line_3: autoDraw = True
720.7582 	EXP 	line4: autoDraw = True
720.7753 	EXP 	fixation: autoDraw = False
721.7586 	INFO 	Keyboard events cleared
721.7584 	EXP 	probe: autoDraw = True
722.3088 	EXP 	Device response: <KeyPress from None: t=722.3005116, value=x, duration=None>
722.3092 	EXP 	New trial (rep=11, index=2): <Trial 46 (2 in rep 11) data={'pos': np.int64(50), 'corr_resp': 'c', 'thisN': 46, 'thisTrialN': 2, 'thisRepN': 11}>
722.3107 	DATA 	Keypress: x
722.3249 	EXP 	fixation: autoDraw = False
722.3249 	EXP 	line1: autoDraw = False
722.3249 	EXP 	line_2: autoDraw = False
722.3249 	EXP 	line_3: autoDraw = False
722.3249 	EXP 	line4: autoDraw = False
722.3249 	EXP 	probe: autoDraw = False
722.3249 	EXP 	fixation: autoDraw = True
722.4422 	EXP 	Device response: <KeyPress from None: t=722.3005116, value=x, duration=0.13154979999990246>
723.3084 	EXP 	line1: autoDraw = True
723.3084 	EXP 	line_2: autoDraw = True
723.3084 	EXP 	line_3: autoDraw = True
723.3084 	EXP 	line4: autoDraw = True
723.3250 	EXP 	fixation: autoDraw = False
724.3085 	INFO 	Keyboard events cleared
724.3083 	EXP 	probe: autoDraw = True
725.7588 	EXP 	Device response: <KeyPress from None: t=725.7486175, value=c, duration=None>
725.7592 	EXP 	New trial (rep=11, index=3): <Trial 47 (3 in rep 11) data={'pos': np.int64(-150), 'corr_resp': 'z', 'thisN': 47, 'thisTrialN': 3, 'thisRepN': 11}>
725.7610 	DATA 	Keypress: c
725.7753 	EXP 	fixation: autoDraw = False
725.7753 	EXP 	line1: autoDraw = False
725.7753 	EXP 	line_2: autoDraw = False
725.7753 	EXP 	line_3: autoDraw = False
725.7753 	EXP 	line4: autoDraw = False
725.7753 	EXP 	probe: autoDraw = False
725.7753 	EXP 	fixation: autoDraw = True
725.8584 	EXP 	Device response: <KeyPress from None: t=725.7486175, value=c, duration=0.09454389999996238>
726.7584 	EXP 	line1: autoDraw = True
726.7584 	EXP 	line_2: autoDraw = True
726.7584 	EXP 	line_3: autoDraw = True
726.7584 	EXP 	line4: autoDraw = True
726.7752 	EXP 	fixation: autoDraw = False
727.7583 	INFO 	Keyboard events cleared
727.7582 	EXP 	probe: autoDraw = True
728.5254 	EXP 	Device response: <KeyPress from None: t=728.5144965, value=z, duration=None>
728.5257 	EXP 	New trial (rep=12, index=0): <Trial 48 (0 in rep 12) data={'pos': np.int64(50), 'corr_resp': 'c', 'thisN': 48, 'thisTrialN': 0, 'thisRepN': 12}>
728.5271 	DATA 	Keypress: z
728.5415 	EXP 	fixation: autoDraw = False
728.5415 	EXP 	line1: autoDraw = False
728.5415 	EXP 	line_2: autoDraw = False
728.5415 	EXP 	line_3: autoDraw = False
728.5415 	EXP 	line4: autoDraw = False
728.5415 	EXP 	probe: autoDraw = False
728.5415 	EXP 	fixation: autoDraw = True
728.6922 	EXP 	Device response: <KeyPress from None: t=728.5144965, value=z, duration=0.16192599999999402>
729.5254 	EXP 	line1: autoDraw = True
729.5254 	EXP 	line_2: autoDraw = True
729.5254 	EXP 	line_3: autoDraw = True
729.5254 	EXP 	line4: autoDraw = True
729.5415 	EXP 	fixation: autoDraw = False
730.5249 	INFO 	Keyboard events cleared
730.5247 	EXP 	probe: autoDraw = True
732.1586 	EXP 	Device response: <KeyPress from None: t=732.1499579, value=c, duration=None>
732.1590 	EXP 	New trial (rep=12, index=1): <Trial 49 (1 in rep 12) data={'pos': np.int64(150), 'corr_resp': 'v', 'thisN': 49, 'thisTrialN': 1, 'thisRepN': 12}>
732.1603 	DATA 	Keypress: c
732.1752 	EXP 	fixation: autoDraw = False
732.1752 	EXP 	line1: autoDraw = False
732.1752 	EXP 	line_2: autoDraw = False
732.1752 	EXP 	line_3: autoDraw = False
732.1752 	EXP 	line4: autoDraw = False
732.1752 	EXP 	probe: autoDraw = False
732.1752 	EXP 	fixation: autoDraw = True
732.3256 	EXP 	Device response: <KeyPress from None: t=732.1499579, value=c, duration=0.1646187999999711>
733.1589 	EXP 	line1: autoDraw = True
733.1589 	EXP 	line_2: autoDraw = True
733.1589 	EXP 	line_3: autoDraw = True
733.1589 	EXP 	line4: autoDraw = True
733.1752 	EXP 	fixation: autoDraw = False
734.1586 	INFO 	Keyboard events cleared
734.1584 	EXP 	probe: autoDraw = True
735.6755 	EXP 	Device response: <KeyPress from None: t=735.6614529, value=v, duration=None>
735.6759 	EXP 	New trial (rep=12, index=2): <Trial 50 (2 in rep 12) data={'pos': np.int64(-50), 'corr_resp': 'x', 'thisN': 50, 'thisTrialN': 2, 'thisRepN': 12}>
735.6773 	DATA 	Keypress: v
735.6921 	EXP 	fixation: autoDraw = False
735.6921 	EXP 	line1: autoDraw = False
735.6921 	EXP 	line_2: autoDraw = False
735.6921 	EXP 	line_3: autoDraw = False
735.6921 	EXP 	line4: autoDraw = False
735.6921 	EXP 	probe: autoDraw = False
735.6921 	EXP 	fixation: autoDraw = True
735.8093 	EXP 	Device response: <KeyPress from None: t=735.6614529, value=v, duration=0.1347852999999759>
736.6752 	EXP 	line1: autoDraw = True
736.6752 	EXP 	line_2: autoDraw = True
736.6752 	EXP 	line_3: autoDraw = True
736.6752 	EXP 	line4: autoDraw = True
736.6920 	EXP 	fixation: autoDraw = False
737.6751 	INFO 	Keyboard events cleared
737.6749 	EXP 	probe: autoDraw = True
738.4756 	EXP 	Device response: <KeyPress from None: t=738.4615931, value=x, duration=None>
738.4760 	EXP 	New trial (rep=12, index=3): <Trial 51 (3 in rep 12) data={'pos': np.int64(-150), 'corr_resp': 'z', 'thisN': 51, 'thisTrialN': 3, 'thisRepN': 12}>
738.4772 	DATA 	Keypress: x
738.4917 	EXP 	fixation: autoDraw = False
738.4917 	EXP 	line1: autoDraw = False
738.4917 	EXP 	line_2: autoDraw = False
738.4917 	EXP 	line_3: autoDraw = False
738.4917 	EXP 	line4: autoDraw = False
738.4917 	EXP 	probe: autoDraw = False
738.4917 	EXP 	fixation: autoDraw = True
738.6100 	EXP 	Device response: <KeyPress from None: t=738.4615931, value=x, duration=0.14138660000003256>
739.4753 	EXP 	line1: autoDraw = True
739.4753 	EXP 	line_2: autoDraw = True
739.4753 	EXP 	line_3: autoDraw = True
739.4753 	EXP 	line4: autoDraw = True
739.4918 	EXP 	fixation: autoDraw = False
740.4752 	INFO 	Keyboard events cleared
740.4751 	EXP 	probe: autoDraw = True
741.1427 	EXP 	Device response: <KeyPress from None: t=741.1416352, value=z, duration=None>
741.1430 	EXP 	New trial (rep=13, index=0): <Trial 52 (0 in rep 13) data={'pos': np.int64(-50), 'corr_resp': 'x', 'thisN': 52, 'thisTrialN': 0, 'thisRepN': 13}>
741.1445 	DATA 	Keypress: z
741.1590 	EXP 	fixation: autoDraw = False
741.1590 	EXP 	line1: autoDraw = False
741.1590 	EXP 	line_2: autoDraw = False
741.1590 	EXP 	line_3: autoDraw = False
741.1590 	EXP 	line4: autoDraw = False
741.1590 	EXP 	probe: autoDraw = False
741.1590 	EXP 	fixation: autoDraw = True
741.3756 	EXP 	Device response: <KeyPress from None: t=741.1416352, value=z, duration=0.22524780000003375>
742.1582 	EXP 	fixation: autoDraw = False
742.1582 	EXP 	line1: autoDraw = True
742.1582 	EXP 	line_2: autoDraw = True
742.1582 	EXP 	line_3: autoDraw = True
742.1582 	EXP 	line4: autoDraw = True
743.1587 	INFO 	Keyboard events cleared
743.1585 	EXP 	probe: autoDraw = True
744.1588 	EXP 	Device response: <KeyPress from None: t=744.1557364, value=x, duration=None>
744.1592 	EXP 	New trial (rep=13, index=1): <Trial 53 (1 in rep 13) data={'pos': np.int64(50), 'corr_resp': 'c', 'thisN': 53, 'thisTrialN': 1, 'thisRepN': 13}>
744.1606 	DATA 	Keypress: x
744.1751 	EXP 	fixation: autoDraw = False
744.1751 	EXP 	line1: autoDraw = False
744.1751 	EXP 	line_2: autoDraw = False
744.1751 	EXP 	line_3: autoDraw = False
744.1751 	EXP 	line4: autoDraw = False
744.1751 	EXP 	probe: autoDraw = False
744.1751 	EXP 	fixation: autoDraw = True
744.2925 	EXP 	Device response: <KeyPress from None: t=744.1557364, value=x, duration=0.13026000000002114>
745.1585 	EXP 	line1: autoDraw = True
745.1585 	EXP 	line_2: autoDraw = True
745.1585 	EXP 	line_3: autoDraw = True
745.1585 	EXP 	line4: autoDraw = True
745.1750 	EXP 	fixation: autoDraw = False
746.1585 	INFO 	Keyboard events cleared
746.1584 	EXP 	probe: autoDraw = True
747.0425 	EXP 	Device response: <KeyPress from None: t=747.0415257, value=c, duration=None>
747.0429 	EXP 	New trial (rep=13, index=2): <Trial 54 (2 in rep 13) data={'pos': np.int64(150), 'corr_resp': 'v', 'thisN': 54, 'thisTrialN': 2, 'thisRepN': 13}>
747.0441 	DATA 	Keypress: c
747.0587 	EXP 	fixation: autoDraw = False
747.0587 	EXP 	line1: autoDraw = False
747.0587 	EXP 	line_2: autoDraw = False
747.0587 	EXP 	line_3: autoDraw = False
747.0587 	EXP 	line4: autoDraw = False
747.0587 	EXP 	probe: autoDraw = False
747.0587 	EXP 	fixation: autoDraw = True
747.1096 	EXP 	Device response: <KeyPress from None: t=747.0415257, value=c, duration=0.06582720000005793>
748.0418 	EXP 	line1: autoDraw = True
748.0418 	EXP 	line_2: autoDraw = True
748.0418 	EXP 	line_3: autoDraw = True
748.0418 	EXP 	line4: autoDraw = True
748.0584 	EXP 	fixation: autoDraw = False
749.0579 	INFO 	Keyboard events cleared
749.0577 	EXP 	probe: autoDraw = True
749.6417 	EXP 	Device response: <KeyPress from None: t=749.634743, value=v, duration=None>
749.6420 	EXP 	New trial (rep=13, index=3): <Trial 55 (3 in rep 13) data={'pos': np.int64(-150), 'corr_resp': 'z', 'thisN': 55, 'thisTrialN': 3, 'thisRepN': 13}>
749.6432 	DATA 	Keypress: v
749.6578 	EXP 	fixation: autoDraw = False
749.6578 	EXP 	line1: autoDraw = False
749.6578 	EXP 	line_2: autoDraw = False
749.6578 	EXP 	line_3: autoDraw = False
749.6578 	EXP 	line4: autoDraw = False
749.6578 	EXP 	probe: autoDraw = False
749.6578 	EXP 	fixation: autoDraw = True
749.8257 	EXP 	Device response: <KeyPress from None: t=749.634743, value=v, duration=0.18415140000001884>
750.6410 	EXP 	line1: autoDraw = True
750.6410 	EXP 	line_2: autoDraw = True
750.6410 	EXP 	line_3: autoDraw = True
750.6410 	EXP 	line4: autoDraw = True
750.6585 	EXP 	fixation: autoDraw = False
751.6430 	INFO 	Keyboard events cleared
751.6428 	EXP 	probe: autoDraw = True
752.1921 	EXP 	Device response: <KeyPress from None: t=752.1814699, value=z, duration=None>
752.1925 	EXP 	New trial (rep=14, index=0): <Trial 56 (0 in rep 14) data={'pos': np.int64(-50), 'corr_resp': 'x', 'thisN': 56, 'thisTrialN': 0, 'thisRepN': 14}>
752.1940 	DATA 	Keypress: z
752.2076 	EXP 	fixation: autoDraw = False
752.2076 	EXP 	line1: autoDraw = False
752.2076 	EXP 	line_2: autoDraw = False
752.2076 	EXP 	line_3: autoDraw = False
752.2076 	EXP 	line4: autoDraw = False
752.2076 	EXP 	probe: autoDraw = False
752.2076 	EXP 	fixation: autoDraw = True
752.4090 	EXP 	Device response: <KeyPress from None: t=752.1814699, value=z, duration=0.21870779999994738>
753.2088 	EXP 	fixation: autoDraw = False
753.2088 	EXP 	line1: autoDraw = True
753.2088 	EXP 	line_2: autoDraw = True
753.2088 	EXP 	line_3: autoDraw = True
753.2088 	EXP 	line4: autoDraw = True
754.1920 	INFO 	Keyboard events cleared
754.1919 	EXP 	probe: autoDraw = True
754.6109 	DATA 	Keypress: x
754.6249 	EXP 	Device response: <KeyPress from None: t=754.6102447, value=x, duration=None>
754.6252 	EXP 	New trial (rep=14, index=1): <Trial 57 (1 in rep 14) data={'pos': np.int64(50), 'corr_resp': 'c', 'thisN': 57, 'thisTrialN': 1, 'thisRepN': 14}>
754.6413 	EXP 	fixation: autoDraw = False
754.6413 	EXP 	line1: autoDraw = False
754.6413 	EXP 	line_2: autoDraw = False
754.6413 	EXP 	line_3: autoDraw = False
754.6413 	EXP 	line4: autoDraw = False
754.6413 	EXP 	probe: autoDraw = False
754.6413 	EXP 	fixation: autoDraw = True
754.7750 	EXP 	Device response: <KeyPress from None: t=754.6102447, value=x, duration=0.15064219999999295>
755.6265 	EXP 	line1: autoDraw = True
755.6265 	EXP 	line_2: autoDraw = True
755.6265 	EXP 	line_3: autoDraw = True
755.6265 	EXP 	line4: autoDraw = True
755.6415 	EXP 	fixation: autoDraw = False
756.6262 	INFO 	Keyboard events cleared
756.6260 	EXP 	probe: autoDraw = True
757.1911 	EXP 	Device response: <KeyPress from None: t=757.1825521, value=c, duration=None>
757.1915 	EXP 	New trial (rep=14, index=2): <Trial 58 (2 in rep 14) data={'pos': np.int64(-150), 'corr_resp': 'z', 'thisN': 58, 'thisTrialN': 2, 'thisRepN': 14}>
757.1934 	DATA 	Keypress: c
757.2066 	EXP 	fixation: autoDraw = False
757.2066 	EXP 	line1: autoDraw = False
757.2066 	EXP 	line_2: autoDraw = False
757.2066 	EXP 	line_3: autoDraw = False
757.2066 	EXP 	line4: autoDraw = False
757.2066 	EXP 	probe: autoDraw = False
757.2066 	EXP 	fixation: autoDraw = True
757.3418 	EXP 	Device response: <KeyPress from None: t=757.1825521, value=c, duration=0.15732090000005883>
758.1908 	EXP 	line1: autoDraw = True
758.1908 	EXP 	line_2: autoDraw = True
758.1908 	EXP 	line_3: autoDraw = True
758.1908 	EXP 	line4: autoDraw = True
758.2078 	EXP 	fixation: autoDraw = False
759.1905 	INFO 	Keyboard events cleared
759.1904 	EXP 	probe: autoDraw = True
759.9739 	EXP 	Device response: <KeyPress from None: t=759.9634246, value=z, duration=None>
759.9743 	EXP 	New trial (rep=14, index=3): <Trial 59 (3 in rep 14) data={'pos': np.int64(150), 'corr_resp': 'v', 'thisN': 59, 'thisTrialN': 3, 'thisRepN': 14}>
759.9758 	DATA 	Keypress: z
759.9898 	EXP 	fixation: autoDraw = False
759.9898 	EXP 	line1: autoDraw = False
759.9898 	EXP 	line_2: autoDraw = False
759.9898 	EXP 	line_3: autoDraw = False
759.9898 	EXP 	line4: autoDraw = False
759.9898 	EXP 	probe: autoDraw = False
759.9898 	EXP 	fixation: autoDraw = True
760.0580 	EXP 	Device response: <KeyPress from None: t=759.9634246, value=z, duration=0.09356049999996685>
760.9752 	EXP 	line1: autoDraw = True
760.9752 	EXP 	line_2: autoDraw = True
760.9752 	EXP 	line_3: autoDraw = True
760.9752 	EXP 	line4: autoDraw = True
760.9918 	EXP 	fixation: autoDraw = False
761.9747 	INFO 	Keyboard events cleared
761.9746 	EXP 	probe: autoDraw = True
762.4091 	EXP 	Device response: <KeyPress from None: t=762.3999237, value=v, duration=None>
762.4095 	EXP 	New trial (rep=15, index=0): <Trial 60 (0 in rep 15) data={'pos': np.int64(-50), 'corr_resp': 'x', 'thisN': 60, 'thisTrialN': 0, 'thisRepN': 15}>
762.4109 	DATA 	Keypress: v
762.4256 	EXP 	fixation: autoDraw = False
762.4256 	EXP 	line1: autoDraw = False
762.4256 	EXP 	line_2: autoDraw = False
762.4256 	EXP 	line_3: autoDraw = False
762.4256 	EXP 	line4: autoDraw = False
762.4256 	EXP 	probe: autoDraw = False
762.4256 	EXP 	fixation: autoDraw = True
762.6092 	EXP 	Device response: <KeyPress from None: t=762.3999237, value=v, duration=0.20868339999992713>
763.4085 	EXP 	line1: autoDraw = True
763.4085 	EXP 	line_2: autoDraw = True
763.4085 	EXP 	line_3: autoDraw = True
763.4085 	EXP 	line4: autoDraw = True
763.4254 	EXP 	fixation: autoDraw = False
764.4087 	INFO 	Keyboard events cleared
764.4086 	EXP 	probe: autoDraw = True
764.8761 	EXP 	Device response: <KeyPress from None: t=764.8736099, value=x, duration=None>
764.8764 	EXP 	New trial (rep=15, index=1): <Trial 61 (1 in rep 15) data={'pos': np.int64(50), 'corr_resp': 'c', 'thisN': 61, 'thisTrialN': 1, 'thisRepN': 15}>
764.8779 	DATA 	Keypress: x
764.8921 	EXP 	fixation: autoDraw = False
764.8921 	EXP 	line1: autoDraw = False
764.8921 	EXP 	line_2: autoDraw = False
764.8921 	EXP 	line_3: autoDraw = False
764.8921 	EXP 	line4: autoDraw = False
764.8921 	EXP 	probe: autoDraw = False
764.8921 	EXP 	fixation: autoDraw = True
765.0256 	EXP 	Device response: <KeyPress from None: t=764.8736099, value=x, duration=0.15116430000000491>
765.8753 	EXP 	line1: autoDraw = True
765.8753 	EXP 	line_2: autoDraw = True
765.8753 	EXP 	line_3: autoDraw = True
765.8753 	EXP 	line4: autoDraw = True
765.8917 	EXP 	fixation: autoDraw = False
766.8754 	INFO 	Keyboard events cleared
766.8752 	EXP 	probe: autoDraw = True
767.9780 	DATA 	Keypress: c
767.9924 	EXP 	Device response: <KeyPress from None: t=767.9774651, value=c, duration=None>
767.9927 	EXP 	New trial (rep=15, index=2): <Trial 62 (2 in rep 15) data={'pos': np.int64(150), 'corr_resp': 'v', 'thisN': 62, 'thisTrialN': 2, 'thisRepN': 15}>
768.0084 	EXP 	fixation: autoDraw = False
768.0084 	EXP 	line1: autoDraw = False
768.0084 	EXP 	line_2: autoDraw = False
768.0084 	EXP 	line_3: autoDraw = False
768.0084 	EXP 	line4: autoDraw = False
768.0084 	EXP 	probe: autoDraw = False
768.0084 	EXP 	fixation: autoDraw = True
768.0925 	EXP 	Device response: <KeyPress from None: t=767.9774651, value=c, duration=0.10080449999998109>
768.9918 	EXP 	line1: autoDraw = True
768.9918 	EXP 	line_2: autoDraw = True
768.9918 	EXP 	line_3: autoDraw = True
768.9918 	EXP 	line4: autoDraw = True
769.0084 	EXP 	fixation: autoDraw = False
769.9922 	INFO 	Keyboard events cleared
769.9921 	EXP 	probe: autoDraw = True
770.8924 	EXP 	Device response: <KeyPress from None: t=770.8826802, value=v, duration=None>
770.8927 	EXP 	New trial (rep=15, index=3): <Trial 63 (3 in rep 15) data={'pos': np.int64(-150), 'corr_resp': 'z', 'thisN': 63, 'thisTrialN': 3, 'thisRepN': 15}>
770.8940 	DATA 	Keypress: v
770.9086 	EXP 	fixation: autoDraw = False
770.9086 	EXP 	line1: autoDraw = False
770.9086 	EXP 	line_2: autoDraw = False
770.9086 	EXP 	line_3: autoDraw = False
770.9086 	EXP 	line4: autoDraw = False
770.9086 	EXP 	probe: autoDraw = False
770.9086 	EXP 	fixation: autoDraw = True
771.0256 	EXP 	Device response: <KeyPress from None: t=770.8826802, value=v, duration=0.13128330000006372>
771.8920 	EXP 	line1: autoDraw = True
771.8920 	EXP 	line_2: autoDraw = True
771.8920 	EXP 	line_3: autoDraw = True
771.8920 	EXP 	line4: autoDraw = True
771.9085 	EXP 	fixation: autoDraw = False
772.8920 	INFO 	Keyboard events cleared
772.8919 	EXP 	probe: autoDraw = True
773.3272 	DATA 	Keypress: z
773.3424 	EXP 	Device response: <KeyPress from None: t=773.3259117, value=z, duration=None>
773.3428 	EXP 	New trial (rep=16, index=0): <Trial 64 (0 in rep 16) data={'pos': np.int64(150), 'corr_resp': 'v', 'thisN': 64, 'thisTrialN': 0, 'thisRepN': 16}>
773.3586 	EXP 	fixation: autoDraw = False
773.3586 	EXP 	line1: autoDraw = False
773.3586 	EXP 	line_2: autoDraw = False
773.3586 	EXP 	line_3: autoDraw = False
773.3586 	EXP 	line4: autoDraw = False
773.3586 	EXP 	probe: autoDraw = False
773.3586 	EXP 	fixation: autoDraw = True
773.5257 	EXP 	Device response: <KeyPress from None: t=773.3259117, value=z, duration=0.18859850000001188>
774.3421 	EXP 	line1: autoDraw = True
774.3421 	EXP 	line_2: autoDraw = True
774.3421 	EXP 	line_3: autoDraw = True
774.3421 	EXP 	line4: autoDraw = True
774.3586 	EXP 	fixation: autoDraw = False
775.3419 	INFO 	Keyboard events cleared
775.3418 	EXP 	probe: autoDraw = True
776.2427 	EXP 	Device response: <KeyPress from None: t=776.2362038, value=v, duration=None>
776.2430 	EXP 	New trial (rep=16, index=1): <Trial 65 (1 in rep 16) data={'pos': np.int64(-50), 'corr_resp': 'x', 'thisN': 65, 'thisTrialN': 1, 'thisRepN': 16}>
776.2442 	DATA 	Keypress: v
776.2585 	EXP 	fixation: autoDraw = False
776.2585 	EXP 	line1: autoDraw = False
776.2585 	EXP 	line_2: autoDraw = False
776.2585 	EXP 	line_3: autoDraw = False
776.2585 	EXP 	line4: autoDraw = False
776.2585 	EXP 	probe: autoDraw = False
776.2585 	EXP 	fixation: autoDraw = True
776.4092 	EXP 	Device response: <KeyPress from None: t=776.2362038, value=v, duration=0.16657480000003488>
777.2419 	EXP 	line1: autoDraw = True
777.2419 	EXP 	line_2: autoDraw = True
777.2419 	EXP 	line_3: autoDraw = True
777.2419 	EXP 	line4: autoDraw = True
777.2583 	EXP 	fixation: autoDraw = False
778.2426 	INFO 	Keyboard events cleared
778.2424 	EXP 	probe: autoDraw = True
778.6759 	EXP 	Device response: <KeyPress from None: t=778.6696219, value=x, duration=None>
778.6762 	EXP 	New trial (rep=16, index=2): <Trial 66 (2 in rep 16) data={'pos': np.int64(50), 'corr_resp': 'c', 'thisN': 66, 'thisTrialN': 2, 'thisRepN': 16}>
778.6776 	DATA 	Keypress: x
778.6918 	EXP 	fixation: autoDraw = False
778.6918 	EXP 	line1: autoDraw = False
778.6918 	EXP 	line_2: autoDraw = False
778.6918 	EXP 	line_3: autoDraw = False
778.6918 	EXP 	line4: autoDraw = False
778.6918 	EXP 	probe: autoDraw = False
778.6918 	EXP 	fixation: autoDraw = True
778.8258 	EXP 	Device response: <KeyPress from None: t=778.6696219, value=x, duration=0.14014979999990373>
779.6753 	EXP 	line1: autoDraw = True
779.6753 	EXP 	line_2: autoDraw = True
779.6753 	EXP 	line_3: autoDraw = True
779.6753 	EXP 	line4: autoDraw = True
779.6920 	EXP 	fixation: autoDraw = False
780.6766 	INFO 	Keyboard events cleared
780.6764 	EXP 	probe: autoDraw = True
781.5634 	DATA 	Keypress: c
781.5758 	EXP 	Device response: <KeyPress from None: t=781.5615928, value=c, duration=None>
781.5762 	EXP 	New trial (rep=16, index=3): <Trial 67 (3 in rep 16) data={'pos': np.int64(-150), 'corr_resp': 'z', 'thisN': 67, 'thisTrialN': 3, 'thisRepN': 16}>
781.5924 	EXP 	fixation: autoDraw = False
781.5924 	EXP 	line1: autoDraw = False
781.5924 	EXP 	line_2: autoDraw = False
781.5924 	EXP 	line_3: autoDraw = False
781.5924 	EXP 	line4: autoDraw = False
781.5924 	EXP 	probe: autoDraw = False
781.5924 	EXP 	fixation: autoDraw = True
781.6257 	EXP 	Device response: <KeyPress from None: t=781.5615928, value=c, duration=0.060673899999983405>
782.5753 	EXP 	line1: autoDraw = True
782.5753 	EXP 	line_2: autoDraw = True
782.5753 	EXP 	line_3: autoDraw = True
782.5753 	EXP 	line4: autoDraw = True
782.5919 	EXP 	fixation: autoDraw = False
783.5916 	INFO 	Keyboard events cleared
783.5914 	EXP 	probe: autoDraw = True
783.9774 	DATA 	Keypress: x
783.9925 	EXP 	Device response: <KeyPress from None: t=783.976668, value=x, duration=None>
783.9929 	EXP 	New trial (rep=17, index=0): <Trial 68 (0 in rep 17) data={'pos': np.int64(50), 'corr_resp': 'c', 'thisN': 68, 'thisTrialN': 0, 'thisRepN': 17}>
784.0086 	EXP 	fixation: autoDraw = False
784.0086 	EXP 	line1: autoDraw = False
784.0086 	EXP 	line_2: autoDraw = False
784.0086 	EXP 	line_3: autoDraw = False
784.0086 	EXP 	line4: autoDraw = False
784.0086 	EXP 	probe: autoDraw = False
784.0086 	EXP 	fixation: autoDraw = True
784.0592 	EXP 	Device response: <KeyPress from None: t=783.976668, value=x, duration=0.0733592999999928>
784.9920 	EXP 	line1: autoDraw = True
784.9920 	EXP 	line_2: autoDraw = True
784.9920 	EXP 	line_3: autoDraw = True
784.9920 	EXP 	line4: autoDraw = True
785.0086 	EXP 	fixation: autoDraw = False
785.9921 	INFO 	Keyboard events cleared
785.9919 	EXP 	probe: autoDraw = True
787.4091 	EXP 	Device response: <KeyPress from None: t=787.3958257, value=c, duration=None>
787.4095 	EXP 	New trial (rep=17, index=1): <Trial 69 (1 in rep 17) data={'pos': np.int64(150), 'corr_resp': 'v', 'thisN': 69, 'thisTrialN': 1, 'thisRepN': 17}>
787.4107 	DATA 	Keypress: c
787.4252 	EXP 	fixation: autoDraw = False
787.4252 	EXP 	line1: autoDraw = False
787.4252 	EXP 	line_2: autoDraw = False
787.4252 	EXP 	line_3: autoDraw = False
787.4252 	EXP 	line4: autoDraw = False
787.4252 	EXP 	probe: autoDraw = False
787.4252 	EXP 	fixation: autoDraw = True
787.4922 	EXP 	Device response: <KeyPress from None: t=787.3958257, value=c, duration=0.08935309999992569>
788.4089 	EXP 	line1: autoDraw = True
788.4089 	EXP 	line_2: autoDraw = True
788.4089 	EXP 	line_3: autoDraw = True
788.4089 	EXP 	line4: autoDraw = True
788.4261 	EXP 	fixation: autoDraw = False
789.4087 	INFO 	Keyboard events cleared
789.4086 	EXP 	probe: autoDraw = True
789.9094 	EXP 	Device response: <KeyPress from None: t=789.8981553, value=v, duration=None>
789.9099 	EXP 	New trial (rep=17, index=2): <Trial 70 (2 in rep 17) data={'pos': np.int64(-150), 'corr_resp': 'z', 'thisN': 70, 'thisTrialN': 2, 'thisRepN': 17}>
789.9113 	DATA 	Keypress: v
789.9253 	EXP 	fixation: autoDraw = False
789.9253 	EXP 	line1: autoDraw = False
789.9253 	EXP 	line_2: autoDraw = False
789.9253 	EXP 	line_3: autoDraw = False
789.9253 	EXP 	line4: autoDraw = False
789.9253 	EXP 	probe: autoDraw = False
789.9253 	EXP 	fixation: autoDraw = True
790.1099 	EXP 	Device response: <KeyPress from None: t=789.8981553, value=v, duration=0.20986609999999928>
790.9252 	EXP 	fixation: autoDraw = False
790.9252 	EXP 	line1: autoDraw = True
790.9252 	EXP 	line_2: autoDraw = True
790.9252 	EXP 	line_3: autoDraw = True
790.9252 	EXP 	line4: autoDraw = True
791.9257 	INFO 	Keyboard events cleared
791.9256 	EXP 	probe: autoDraw = True
792.7922 	EXP 	Device response: <KeyPress from None: t=792.7819849, value=z, duration=None>
792.7925 	EXP 	New trial (rep=17, index=3): <Trial 71 (3 in rep 17) data={'pos': np.int64(-50), 'corr_resp': 'x', 'thisN': 71, 'thisTrialN': 3, 'thisRepN': 17}>
792.7939 	DATA 	Keypress: z
792.8086 	EXP 	fixation: autoDraw = False
792.8086 	EXP 	line1: autoDraw = False
792.8086 	EXP 	line_2: autoDraw = False
792.8086 	EXP 	line_3: autoDraw = False
792.8086 	EXP 	line4: autoDraw = False
792.8086 	EXP 	probe: autoDraw = False
792.8086 	EXP 	fixation: autoDraw = True
792.9768 	EXP 	Device response: <KeyPress from None: t=792.7819849, value=z, duration=0.19273090000001503>
793.7921 	EXP 	line1: autoDraw = True
793.7921 	EXP 	line_2: autoDraw = True
793.7921 	EXP 	line_3: autoDraw = True
793.7921 	EXP 	line4: autoDraw = True
793.8084 	EXP 	fixation: autoDraw = False
794.7922 	INFO 	Keyboard events cleared
794.7921 	EXP 	probe: autoDraw = True
795.5761 	EXP 	Device response: <KeyPress from None: t=795.5744786, value=x, duration=None>
795.5764 	EXP 	New trial (rep=18, index=0): <Trial 72 (0 in rep 18) data={'pos': np.int64(-150), 'corr_resp': 'z', 'thisN': 72, 'thisTrialN': 0, 'thisRepN': 18}>
795.5777 	DATA 	Keypress: x
795.5920 	EXP 	fixation: autoDraw = False
795.5920 	EXP 	line1: autoDraw = False
795.5920 	EXP 	line_2: autoDraw = False
795.5920 	EXP 	line_3: autoDraw = False
795.5920 	EXP 	line4: autoDraw = False
795.5920 	EXP 	probe: autoDraw = False
795.5920 	EXP 	fixation: autoDraw = True
795.7591 	EXP 	Device response: <KeyPress from None: t=795.5744786, value=x, duration=0.17576759999997194>
796.5919 	EXP 	fixation: autoDraw = False
796.5919 	EXP 	line1: autoDraw = True
796.5919 	EXP 	line_2: autoDraw = True
796.5919 	EXP 	line_3: autoDraw = True
796.5919 	EXP 	line4: autoDraw = True
797.5756 	INFO 	Keyboard events cleared
797.5755 	EXP 	probe: autoDraw = True
798.3089 	EXP 	Device response: <KeyPress from None: t=798.3005204, value=z, duration=None>
798.3093 	EXP 	New trial (rep=18, index=1): <Trial 73 (1 in rep 18) data={'pos': np.int64(50), 'corr_resp': 'c', 'thisN': 73, 'thisTrialN': 1, 'thisRepN': 18}>
798.3108 	DATA 	Keypress: z
798.3253 	EXP 	fixation: autoDraw = False
798.3253 	EXP 	line1: autoDraw = False
798.3253 	EXP 	line_2: autoDraw = False
798.3253 	EXP 	line_3: autoDraw = False
798.3253 	EXP 	line4: autoDraw = False
798.3253 	EXP 	probe: autoDraw = False
798.3253 	EXP 	fixation: autoDraw = True
798.4761 	EXP 	Device response: <KeyPress from None: t=798.3005204, value=z, duration=0.17287550000003193>
799.3089 	EXP 	line1: autoDraw = True
799.3089 	EXP 	line_2: autoDraw = True
799.3089 	EXP 	line_3: autoDraw = True
799.3089 	EXP 	line4: autoDraw = True
799.3257 	EXP 	fixation: autoDraw = False
800.3089 	INFO 	Keyboard events cleared
800.3087 	EXP 	probe: autoDraw = True
801.5259 	EXP 	Device response: <KeyPress from None: t=801.5172917, value=c, duration=None>
801.5263 	EXP 	New trial (rep=18, index=2): <Trial 74 (2 in rep 18) data={'pos': np.int64(150), 'corr_resp': 'v', 'thisN': 74, 'thisTrialN': 2, 'thisRepN': 18}>
801.5276 	DATA 	Keypress: c
801.5422 	EXP 	fixation: autoDraw = False
801.5422 	EXP 	line1: autoDraw = False
801.5422 	EXP 	line_2: autoDraw = False
801.5422 	EXP 	line_3: autoDraw = False
801.5422 	EXP 	line4: autoDraw = False
801.5422 	EXP 	probe: autoDraw = False
801.5422 	EXP 	fixation: autoDraw = True
801.6091 	EXP 	Device response: <KeyPress from None: t=801.5172917, value=c, duration=0.07983539999997902>
802.5257 	EXP 	line1: autoDraw = True
802.5257 	EXP 	line_2: autoDraw = True
802.5257 	EXP 	line_3: autoDraw = True
802.5257 	EXP 	line4: autoDraw = True
802.5421 	EXP 	fixation: autoDraw = False
803.5259 	INFO 	Keyboard events cleared
803.5258 	EXP 	probe: autoDraw = True
804.4088 	EXP 	Device response: <KeyPress from None: t=804.406181, value=v, duration=None>
804.4093 	EXP 	New trial (rep=18, index=3): <Trial 75 (3 in rep 18) data={'pos': np.int64(-50), 'corr_resp': 'x', 'thisN': 75, 'thisTrialN': 3, 'thisRepN': 18}>
804.4107 	DATA 	Keypress: v
804.4255 	EXP 	fixation: autoDraw = False
804.4255 	EXP 	line1: autoDraw = False
804.4255 	EXP 	line_2: autoDraw = False
804.4255 	EXP 	line_3: autoDraw = False
804.4255 	EXP 	line4: autoDraw = False
804.4255 	EXP 	probe: autoDraw = False
804.4255 	EXP 	fixation: autoDraw = True
804.4927 	EXP 	Device response: <KeyPress from None: t=804.406181, value=v, duration=0.07010460000003604>
805.4084 	EXP 	line1: autoDraw = True
805.4084 	EXP 	line_2: autoDraw = True
805.4084 	EXP 	line_3: autoDraw = True
805.4084 	EXP 	line4: autoDraw = True
805.4254 	EXP 	fixation: autoDraw = False
806.4110 	INFO 	Keyboard events cleared
806.4108 	EXP 	probe: autoDraw = True
807.1425 	EXP 	Device response: <KeyPress from None: t=807.1291784, value=x, duration=None>
807.1429 	EXP 	New trial (rep=19, index=0): <Trial 76 (0 in rep 19) data={'pos': np.int64(50), 'corr_resp': 'c', 'thisN': 76, 'thisTrialN': 0, 'thisRepN': 19}>
807.1441 	DATA 	Keypress: x
807.1586 	EXP 	fixation: autoDraw = False
807.1586 	EXP 	line1: autoDraw = False
807.1586 	EXP 	line_2: autoDraw = False
807.1586 	EXP 	line_3: autoDraw = False
807.1586 	EXP 	line4: autoDraw = False
807.1586 	EXP 	probe: autoDraw = False
807.1586 	EXP 	fixation: autoDraw = True
807.2091 	EXP 	Device response: <KeyPress from None: t=807.1291784, value=x, duration=0.0704567999999881>
808.1421 	EXP 	line1: autoDraw = True
808.1421 	EXP 	line_2: autoDraw = True
808.1421 	EXP 	line_3: autoDraw = True
808.1421 	EXP 	line4: autoDraw = True
808.1587 	EXP 	fixation: autoDraw = False
809.1422 	INFO 	Keyboard events cleared
809.1420 	EXP 	probe: autoDraw = True
811.0424 	EXP 	Device response: <KeyPress from None: t=811.0286441, value=c, duration=None>
811.0428 	EXP 	New trial (rep=19, index=1): <Trial 77 (1 in rep 19) data={'pos': np.int64(-50), 'corr_resp': 'x', 'thisN': 77, 'thisTrialN': 1, 'thisRepN': 19}>
811.0441 	DATA 	Keypress: c
811.0588 	EXP 	fixation: autoDraw = False
811.0588 	EXP 	line1: autoDraw = False
811.0588 	EXP 	line_2: autoDraw = False
811.0588 	EXP 	line_3: autoDraw = False
811.0588 	EXP 	line4: autoDraw = False
811.0588 	EXP 	probe: autoDraw = False
811.0588 	EXP 	fixation: autoDraw = True
811.2434 	EXP 	Device response: <KeyPress from None: t=811.0286441, value=c, duration=0.21419550000007348>
812.0420 	EXP 	line1: autoDraw = True
812.0420 	EXP 	line_2: autoDraw = True
812.0420 	EXP 	line_3: autoDraw = True
812.0420 	EXP 	line4: autoDraw = True
812.0595 	EXP 	fixation: autoDraw = False
813.0423 	INFO 	Keyboard events cleared
813.0421 	EXP 	probe: autoDraw = True
813.9929 	EXP 	Device response: <KeyPress from None: t=813.9796799, value=x, duration=None>
813.9932 	EXP 	New trial (rep=19, index=2): <Trial 78 (2 in rep 19) data={'pos': np.int64(-150), 'corr_resp': 'z', 'thisN': 78, 'thisTrialN': 2, 'thisRepN': 19}>
813.9944 	DATA 	Keypress: x
814.0084 	EXP 	fixation: autoDraw = False
814.0084 	EXP 	line1: autoDraw = False
814.0084 	EXP 	line_2: autoDraw = False
814.0084 	EXP 	line_3: autoDraw = False
814.0084 	EXP 	line4: autoDraw = False
814.0084 	EXP 	probe: autoDraw = False
814.0084 	EXP 	fixation: autoDraw = True
814.0917 	EXP 	Device response: <KeyPress from None: t=813.9796799, value=x, duration=0.09623110000006818>
814.9922 	EXP 	line1: autoDraw = True
814.9922 	EXP 	line_2: autoDraw = True
814.9922 	EXP 	line_3: autoDraw = True
814.9922 	EXP 	line4: autoDraw = True
815.0087 	EXP 	fixation: autoDraw = False
815.9921 	INFO 	Keyboard events cleared
815.9919 	EXP 	probe: autoDraw = True
816.4775 	DATA 	Keypress: z
816.4924 	EXP 	Device response: <KeyPress from None: t=816.4757932, value=z, duration=None>
816.4928 	EXP 	New trial (rep=19, index=3): <Trial 79 (3 in rep 19) data={'pos': np.int64(150), 'corr_resp': 'v', 'thisN': 79, 'thisTrialN': 3, 'thisRepN': 19}>
816.5094 	EXP 	fixation: autoDraw = False
816.5094 	EXP 	line1: autoDraw = False
816.5094 	EXP 	line_2: autoDraw = False
816.5094 	EXP 	line_3: autoDraw = False
816.5094 	EXP 	line4: autoDraw = False
816.5094 	EXP 	probe: autoDraw = False
816.5094 	EXP 	fixation: autoDraw = True
816.7258 	EXP 	Device response: <KeyPress from None: t=816.4757932, value=z, duration=0.2471679000000222>
817.4922 	EXP 	line1: autoDraw = True
817.4922 	EXP 	line_2: autoDraw = True
817.4922 	EXP 	line_3: autoDraw = True
817.4922 	EXP 	line4: autoDraw = True
817.5087 	EXP 	fixation: autoDraw = False
818.4923 	INFO 	Keyboard events cleared
818.4922 	EXP 	probe: autoDraw = True
819.2092 	EXP 	Device response: <KeyPress from None: t=819.1965623, value=v, duration=None>
819.2096 	EXP 	New trial (rep=20, index=0): <Trial 80 (0 in rep 20) data={'pos': np.int64(-50), 'corr_resp': 'x', 'thisN': 80, 'thisTrialN': 0, 'thisRepN': 20}>
819.2109 	DATA 	Keypress: v
819.2253 	EXP 	fixation: autoDraw = False
819.2253 	EXP 	line1: autoDraw = False
819.2253 	EXP 	line_2: autoDraw = False
819.2253 	EXP 	line_3: autoDraw = False
819.2253 	EXP 	line4: autoDraw = False
819.2253 	EXP 	probe: autoDraw = False
819.2253 	EXP 	fixation: autoDraw = True
819.4261 	EXP 	Device response: <KeyPress from None: t=819.1965623, value=v, duration=0.2267361000000392>
820.2088 	EXP 	line1: autoDraw = True
820.2088 	EXP 	line_2: autoDraw = True
820.2088 	EXP 	line_3: autoDraw = True
820.2088 	EXP 	line4: autoDraw = True
820.2255 	EXP 	fixation: autoDraw = False
821.2089 	INFO 	Keyboard events cleared
821.2088 	EXP 	probe: autoDraw = True
821.7262 	EXP 	Device response: <KeyPress from None: t=821.7154720999999, value=x, duration=None>
821.7265 	EXP 	New trial (rep=20, index=1): <Trial 81 (1 in rep 20) data={'pos': np.int64(50), 'corr_resp': 'c', 'thisN': 81, 'thisTrialN': 1, 'thisRepN': 20}>
821.7277 	DATA 	Keypress: x
821.7420 	EXP 	fixation: autoDraw = False
821.7420 	EXP 	line1: autoDraw = False
821.7420 	EXP 	line_2: autoDraw = False
821.7420 	EXP 	line_3: autoDraw = False
821.7420 	EXP 	line4: autoDraw = False
821.7420 	EXP 	probe: autoDraw = False
821.7420 	EXP 	fixation: autoDraw = True
821.8602 	EXP 	Device response: <KeyPress from None: t=821.7154720999999, value=x, duration=0.13231960000007348>
822.7420 	EXP 	fixation: autoDraw = False
822.7420 	EXP 	line1: autoDraw = True
822.7420 	EXP 	line_2: autoDraw = True
822.7420 	EXP 	line_3: autoDraw = True
822.7420 	EXP 	line4: autoDraw = True
823.7423 	INFO 	Keyboard events cleared
823.7421 	EXP 	probe: autoDraw = True
824.9259 	EXP 	Device response: <KeyPress from None: t=824.9160296, value=c, duration=None>
824.9262 	EXP 	New trial (rep=20, index=2): <Trial 82 (2 in rep 20) data={'pos': np.int64(150), 'corr_resp': 'v', 'thisN': 82, 'thisTrialN': 2, 'thisRepN': 20}>
824.9274 	DATA 	Keypress: c
824.9421 	EXP 	fixation: autoDraw = False
824.9421 	EXP 	line1: autoDraw = False
824.9421 	EXP 	line_2: autoDraw = False
824.9421 	EXP 	line_3: autoDraw = False
824.9421 	EXP 	line4: autoDraw = False
824.9421 	EXP 	probe: autoDraw = False
824.9421 	EXP 	fixation: autoDraw = True
825.0917 	EXP 	Device response: <KeyPress from None: t=824.9160296, value=c, duration=0.1603932000000441>
825.9257 	EXP 	line1: autoDraw = True
825.9257 	EXP 	line_2: autoDraw = True
825.9257 	EXP 	line_3: autoDraw = True
825.9257 	EXP 	line4: autoDraw = True
825.9421 	EXP 	fixation: autoDraw = False
826.9258 	INFO 	Keyboard events cleared
826.9256 	EXP 	probe: autoDraw = True
827.4096 	EXP 	Device response: <KeyPress from None: t=827.3987932, value=v, duration=None>
827.4100 	EXP 	New trial (rep=20, index=3): <Trial 83 (3 in rep 20) data={'pos': np.int64(-150), 'corr_resp': 'z', 'thisN': 83, 'thisTrialN': 3, 'thisRepN': 20}>
827.4113 	DATA 	Keypress: v
827.4248 	EXP 	fixation: autoDraw = False
827.4248 	EXP 	line1: autoDraw = False
827.4248 	EXP 	line_2: autoDraw = False
827.4248 	EXP 	line_3: autoDraw = False
827.4248 	EXP 	line4: autoDraw = False
827.4248 	EXP 	probe: autoDraw = False
827.4248 	EXP 	fixation: autoDraw = True
827.6094 	EXP 	Device response: <KeyPress from None: t=827.3987932, value=v, duration=0.19546149999996487>
828.4257 	EXP 	fixation: autoDraw = False
828.4257 	EXP 	line1: autoDraw = True
828.4257 	EXP 	line_2: autoDraw = True
828.4257 	EXP 	line_3: autoDraw = True
828.4257 	EXP 	line4: autoDraw = True
829.4261 	INFO 	Keyboard events cleared
829.4259 	EXP 	probe: autoDraw = True
829.9425 	EXP 	Device response: <KeyPress from None: t=829.9343722, value=z, duration=None>
829.9429 	EXP 	New trial (rep=21, index=0): <Trial 84 (0 in rep 21) data={'pos': np.int64(150), 'corr_resp': 'v', 'thisN': 84, 'thisTrialN': 0, 'thisRepN': 21}>
829.9442 	DATA 	Keypress: z
829.9592 	EXP 	fixation: autoDraw = False
829.9592 	EXP 	line1: autoDraw = False
829.9592 	EXP 	line_2: autoDraw = False
829.9592 	EXP 	line_3: autoDraw = False
829.9592 	EXP 	line4: autoDraw = False
829.9592 	EXP 	probe: autoDraw = False
829.9592 	EXP 	fixation: autoDraw = True
830.1260 	EXP 	Device response: <KeyPress from None: t=829.9343722, value=z, duration=0.1893832000000657>
830.9421 	EXP 	line1: autoDraw = True
830.9421 	EXP 	line_2: autoDraw = True
830.9421 	EXP 	line_3: autoDraw = True
830.9421 	EXP 	line4: autoDraw = True
830.9588 	EXP 	fixation: autoDraw = False
831.9422 	INFO 	Keyboard events cleared
831.9420 	EXP 	probe: autoDraw = True
832.5093 	EXP 	Device response: <KeyPress from None: t=832.4962665, value=v, duration=None>
832.5097 	EXP 	New trial (rep=21, index=1): <Trial 85 (1 in rep 21) data={'pos': np.int64(-50), 'corr_resp': 'x', 'thisN': 85, 'thisTrialN': 1, 'thisRepN': 21}>
832.5110 	DATA 	Keypress: v
832.5255 	EXP 	fixation: autoDraw = False
832.5255 	EXP 	line1: autoDraw = False
832.5255 	EXP 	line_2: autoDraw = False
832.5255 	EXP 	line_3: autoDraw = False
832.5255 	EXP 	line4: autoDraw = False
832.5255 	EXP 	probe: autoDraw = False
832.5255 	EXP 	fixation: autoDraw = True
832.7099 	EXP 	Device response: <KeyPress from None: t=832.4962665, value=v, duration=0.1966779999999062>
833.5089 	EXP 	line1: autoDraw = True
833.5089 	EXP 	line_2: autoDraw = True
833.5089 	EXP 	line_3: autoDraw = True
833.5089 	EXP 	line4: autoDraw = True
833.5252 	EXP 	fixation: autoDraw = False
834.5089 	INFO 	Keyboard events cleared
834.5088 	EXP 	probe: autoDraw = True
834.9925 	EXP 	Device response: <KeyPress from None: t=834.9900232, value=x, duration=None>
834.9929 	EXP 	New trial (rep=21, index=2): <Trial 86 (2 in rep 21) data={'pos': np.int64(-150), 'corr_resp': 'z', 'thisN': 86, 'thisTrialN': 2, 'thisRepN': 21}>
834.9941 	DATA 	Keypress: x
835.0088 	EXP 	fixation: autoDraw = False
835.0088 	EXP 	line1: autoDraw = False
835.0088 	EXP 	line_2: autoDraw = False
835.0088 	EXP 	line_3: autoDraw = False
835.0088 	EXP 	line4: autoDraw = False
835.0088 	EXP 	probe: autoDraw = False
835.0088 	EXP 	fixation: autoDraw = True
835.1259 	EXP 	Device response: <KeyPress from None: t=834.9900232, value=x, duration=0.12436700000000656>
835.9921 	EXP 	line1: autoDraw = True
835.9921 	EXP 	line_2: autoDraw = True
835.9921 	EXP 	line_3: autoDraw = True
835.9921 	EXP 	line4: autoDraw = True
836.0090 	EXP 	fixation: autoDraw = False
836.9930 	INFO 	Keyboard events cleared
836.9929 	EXP 	probe: autoDraw = True
837.5593 	EXP 	Device response: <KeyPress from None: t=837.5548051, value=z, duration=None>
837.5596 	EXP 	New trial (rep=21, index=3): <Trial 87 (3 in rep 21) data={'pos': np.int64(50), 'corr_resp': 'c', 'thisN': 87, 'thisTrialN': 3, 'thisRepN': 21}>
837.5608 	DATA 	Keypress: z
837.5756 	EXP 	fixation: autoDraw = False
837.5756 	EXP 	line1: autoDraw = False
837.5756 	EXP 	line_2: autoDraw = False
837.5756 	EXP 	line_3: autoDraw = False
837.5756 	EXP 	line4: autoDraw = False
837.5756 	EXP 	probe: autoDraw = False
837.5756 	EXP 	fixation: autoDraw = True
837.7929 	EXP 	Device response: <KeyPress from None: t=837.5548051, value=z, duration=0.22952970000005735>
838.5580 	EXP 	line1: autoDraw = True
838.5580 	EXP 	line_2: autoDraw = True
838.5580 	EXP 	line_3: autoDraw = True
838.5580 	EXP 	line4: autoDraw = True
838.5753 	EXP 	fixation: autoDraw = False
839.5597 	INFO 	Keyboard events cleared
839.5596 	EXP 	probe: autoDraw = True
840.9453 	DATA 	Keypress: c
840.9594 	EXP 	Device response: <KeyPress from None: t=840.9435569999999, value=c, duration=None>
840.9597 	EXP 	New trial (rep=22, index=0): <Trial 88 (0 in rep 22) data={'pos': np.int64(50), 'corr_resp': 'c', 'thisN': 88, 'thisTrialN': 0, 'thisRepN': 22}>
840.9753 	EXP 	fixation: autoDraw = False
840.9753 	EXP 	line1: autoDraw = False
840.9753 	EXP 	line_2: autoDraw = False
840.9753 	EXP 	line_3: autoDraw = False
840.9753 	EXP 	line4: autoDraw = False
840.9753 	EXP 	probe: autoDraw = False
840.9753 	EXP 	fixation: autoDraw = True
841.0594 	EXP 	Device response: <KeyPress from None: t=840.9435569999999, value=c, duration=0.10736350000001949>
841.9590 	EXP 	line1: autoDraw = True
841.9590 	EXP 	line_2: autoDraw = True
841.9590 	EXP 	line_3: autoDraw = True
841.9590 	EXP 	line4: autoDraw = True
841.9755 	EXP 	fixation: autoDraw = False
842.9750 	INFO 	Keyboard events cleared
842.9749 	EXP 	probe: autoDraw = True
844.1946 	DATA 	Keypress: c
844.2094 	EXP 	Device response: <KeyPress from None: t=844.1929657, value=c, duration=None>
844.2097 	EXP 	New trial (rep=22, index=1): <Trial 89 (1 in rep 22) data={'pos': np.int64(-50), 'corr_resp': 'x', 'thisN': 89, 'thisTrialN': 1, 'thisRepN': 22}>
844.2259 	EXP 	fixation: autoDraw = False
844.2259 	EXP 	line1: autoDraw = False
844.2259 	EXP 	line_2: autoDraw = False
844.2259 	EXP 	line_3: autoDraw = False
844.2259 	EXP 	line4: autoDraw = False
844.2259 	EXP 	probe: autoDraw = False
844.2259 	EXP 	fixation: autoDraw = True
844.2957 	EXP 	Device response: <KeyPress from None: t=844.1929657, value=c, duration=0.0896347999999989>
845.2088 	EXP 	line1: autoDraw = True
845.2088 	EXP 	line_2: autoDraw = True
845.2088 	EXP 	line_3: autoDraw = True
845.2088 	EXP 	line4: autoDraw = True
845.2256 	EXP 	fixation: autoDraw = False
846.2089 	INFO 	Keyboard events cleared
846.2087 	EXP 	probe: autoDraw = True
847.1591 	EXP 	Device response: <KeyPress from None: t=847.1560032, value=x, duration=None>
847.1595 	EXP 	New trial (rep=22, index=2): <Trial 90 (2 in rep 22) data={'pos': np.int64(-150), 'corr_resp': 'z', 'thisN': 90, 'thisTrialN': 2, 'thisRepN': 22}>
847.1607 	DATA 	Keypress: x
847.1754 	EXP 	fixation: autoDraw = False
847.1754 	EXP 	line1: autoDraw = False
847.1754 	EXP 	line_2: autoDraw = False
847.1754 	EXP 	line_3: autoDraw = False
847.1754 	EXP 	line4: autoDraw = False
847.1754 	EXP 	probe: autoDraw = False
847.1754 	EXP 	fixation: autoDraw = True
847.3100 	EXP 	Device response: <KeyPress from None: t=847.1560032, value=x, duration=0.13895560000003115>
848.1590 	EXP 	line1: autoDraw = True
848.1590 	EXP 	line_2: autoDraw = True
848.1590 	EXP 	line_3: autoDraw = True
848.1590 	EXP 	line4: autoDraw = True
848.1752 	EXP 	fixation: autoDraw = False
849.1592 	INFO 	Keyboard events cleared
849.1590 	EXP 	probe: autoDraw = True
849.6594 	EXP 	Device response: <KeyPress from None: t=849.6486731, value=z, duration=None>
849.6598 	EXP 	New trial (rep=22, index=3): <Trial 91 (3 in rep 22) data={'pos': np.int64(150), 'corr_resp': 'v', 'thisN': 91, 'thisTrialN': 3, 'thisRepN': 22}>
849.6612 	DATA 	Keypress: z
849.6763 	EXP 	fixation: autoDraw = False
849.6763 	EXP 	line1: autoDraw = False
849.6763 	EXP 	line_2: autoDraw = False
849.6763 	EXP 	line_3: autoDraw = False
849.6763 	EXP 	line4: autoDraw = False
849.6763 	EXP 	probe: autoDraw = False
849.6763 	EXP 	fixation: autoDraw = True
849.8258 	EXP 	Device response: <KeyPress from None: t=849.6486731, value=z, duration=0.17446050000000923>
850.6589 	EXP 	line1: autoDraw = True
850.6589 	EXP 	line_2: autoDraw = True
850.6589 	EXP 	line_3: autoDraw = True
850.6589 	EXP 	line4: autoDraw = True
850.6754 	EXP 	fixation: autoDraw = False
851.6593 	INFO 	Keyboard events cleared
851.6591 	EXP 	probe: autoDraw = True
852.6113 	DATA 	Keypress: v
852.6262 	EXP 	Device response: <KeyPress from None: t=852.6093052, value=v, duration=None>
852.6267 	EXP 	New trial (rep=23, index=0): <Trial 92 (0 in rep 23) data={'pos': np.int64(50), 'corr_resp': 'c', 'thisN': 92, 'thisTrialN': 0, 'thisRepN': 23}>
852.6421 	EXP 	fixation: autoDraw = False
852.6421 	EXP 	line1: autoDraw = False
852.6421 	EXP 	line_2: autoDraw = False
852.6421 	EXP 	line_3: autoDraw = False
852.6421 	EXP 	line4: autoDraw = False
852.6421 	EXP 	probe: autoDraw = False
852.6421 	EXP 	fixation: autoDraw = True
852.7760 	EXP 	Device response: <KeyPress from None: t=852.6093052, value=v, duration=0.16418320000002495>
853.6256 	EXP 	line1: autoDraw = True
853.6256 	EXP 	line_2: autoDraw = True
853.6256 	EXP 	line_3: autoDraw = True
853.6256 	EXP 	line4: autoDraw = True
853.6423 	EXP 	fixation: autoDraw = False
854.6260 	INFO 	Keyboard events cleared
854.6258 	EXP 	probe: autoDraw = True
856.4260 	EXP 	Device response: <KeyPress from None: t=856.415597, value=c, duration=None>
856.4263 	EXP 	New trial (rep=23, index=1): <Trial 93 (1 in rep 23) data={'pos': np.int64(150), 'corr_resp': 'v', 'thisN': 93, 'thisTrialN': 1, 'thisRepN': 23}>
856.4275 	DATA 	Keypress: c
856.4423 	EXP 	fixation: autoDraw = False
856.4423 	EXP 	line1: autoDraw = False
856.4423 	EXP 	line_2: autoDraw = False
856.4423 	EXP 	line_3: autoDraw = False
856.4423 	EXP 	line4: autoDraw = False
856.4423 	EXP 	probe: autoDraw = False
856.4423 	EXP 	fixation: autoDraw = True
856.5428 	EXP 	Device response: <KeyPress from None: t=856.415597, value=c, duration=0.11675499999989825>
857.4255 	EXP 	line1: autoDraw = True
857.4255 	EXP 	line_2: autoDraw = True
857.4255 	EXP 	line_3: autoDraw = True
857.4255 	EXP 	line4: autoDraw = True
857.4423 	EXP 	fixation: autoDraw = False
858.4257 	INFO 	Keyboard events cleared
858.4256 	EXP 	probe: autoDraw = True
859.1595 	EXP 	Device response: <KeyPress from None: t=859.1484988, value=v, duration=None>
859.1599 	EXP 	New trial (rep=23, index=2): <Trial 94 (2 in rep 23) data={'pos': np.int64(-50), 'corr_resp': 'x', 'thisN': 94, 'thisTrialN': 2, 'thisRepN': 23}>
859.1613 	DATA 	Keypress: v
859.1754 	EXP 	fixation: autoDraw = False
859.1754 	EXP 	line1: autoDraw = False
859.1754 	EXP 	line_2: autoDraw = False
859.1754 	EXP 	line_3: autoDraw = False
859.1754 	EXP 	line4: autoDraw = False
859.1754 	EXP 	probe: autoDraw = False
859.1754 	EXP 	fixation: autoDraw = True
859.3270 	EXP 	Device response: <KeyPress from None: t=859.1484988, value=v, duration=0.1637283000000025>
860.1593 	EXP 	line1: autoDraw = True
860.1593 	EXP 	line_2: autoDraw = True
860.1593 	EXP 	line_3: autoDraw = True
860.1593 	EXP 	line4: autoDraw = True
860.1750 	EXP 	fixation: autoDraw = False
861.1739 	INFO 	Keyboard events cleared
861.1738 	EXP 	probe: autoDraw = True
862.0261 	EXP 	Device response: <KeyPress from None: t=862.0159437, value=x, duration=None>
862.0264 	EXP 	New trial (rep=23, index=3): <Trial 95 (3 in rep 23) data={'pos': np.int64(-150), 'corr_resp': 'z', 'thisN': 95, 'thisTrialN': 3, 'thisRepN': 23}>
862.0278 	DATA 	Keypress: x
862.0423 	EXP 	fixation: autoDraw = False
862.0423 	EXP 	line1: autoDraw = False
862.0423 	EXP 	line_2: autoDraw = False
862.0423 	EXP 	line_3: autoDraw = False
862.0423 	EXP 	line4: autoDraw = False
862.0423 	EXP 	probe: autoDraw = False
862.0423 	EXP 	fixation: autoDraw = True
862.1758 	EXP 	Device response: <KeyPress from None: t=862.0159437, value=x, duration=0.15722970000001624>
863.0257 	EXP 	line1: autoDraw = True
863.0257 	EXP 	line_2: autoDraw = True
863.0257 	EXP 	line_3: autoDraw = True
863.0257 	EXP 	line4: autoDraw = True
863.0423 	EXP 	fixation: autoDraw = False
864.0260 	INFO 	Keyboard events cleared
864.0258 	EXP 	probe: autoDraw = True
864.9592 	EXP 	Device response: <KeyPress from None: t=864.9563457, value=z, duration=None>
864.9596 	EXP 	New trial (rep=24, index=0): <Trial 96 (0 in rep 24) data={'pos': np.int64(50), 'corr_resp': 'c', 'thisN': 96, 'thisTrialN': 0, 'thisRepN': 24}>
864.9608 	DATA 	Keypress: z
864.9756 	EXP 	fixation: autoDraw = False
864.9756 	EXP 	line1: autoDraw = False
864.9756 	EXP 	line_2: autoDraw = False
864.9756 	EXP 	line_3: autoDraw = False
864.9756 	EXP 	line4: autoDraw = False
864.9756 	EXP 	probe: autoDraw = False
864.9756 	EXP 	fixation: autoDraw = True
865.1259 	EXP 	Device response: <KeyPress from None: t=864.9563457, value=z, duration=0.16585989999998674>
865.9594 	EXP 	line1: autoDraw = True
865.9594 	EXP 	line_2: autoDraw = True
865.9594 	EXP 	line_3: autoDraw = True
865.9594 	EXP 	line4: autoDraw = True
865.9756 	EXP 	fixation: autoDraw = False
866.9591 	INFO 	Keyboard events cleared
866.9589 	EXP 	probe: autoDraw = True
868.3428 	EXP 	Device response: <KeyPress from None: t=868.3406879999999, value=c, duration=None>
868.3432 	EXP 	New trial (rep=24, index=1): <Trial 97 (1 in rep 24) data={'pos': np.int64(150), 'corr_resp': 'v', 'thisN': 97, 'thisTrialN': 1, 'thisRepN': 24}>
868.3445 	DATA 	Keypress: c
868.3590 	EXP 	fixation: autoDraw = False
868.3590 	EXP 	line1: autoDraw = False
868.3590 	EXP 	line_2: autoDraw = False
868.3590 	EXP 	line_3: autoDraw = False
868.3590 	EXP 	line4: autoDraw = False
868.3590 	EXP 	probe: autoDraw = False
868.3590 	EXP 	fixation: autoDraw = True
868.4760 	EXP 	Device response: <KeyPress from None: t=868.3406879999999, value=c, duration=0.12056360000019595>
869.3593 	EXP 	fixation: autoDraw = False
869.3593 	EXP 	line1: autoDraw = True
869.3593 	EXP 	line_2: autoDraw = True
869.3593 	EXP 	line_3: autoDraw = True
869.3593 	EXP 	line4: autoDraw = True
870.3427 	INFO 	Keyboard events cleared
870.3425 	EXP 	probe: autoDraw = True
872.5277 	DATA 	Keypress: v
872.5437 	EXP 	Device response: <KeyPress from None: t=872.5267193999999, value=v, duration=None>
872.5441 	EXP 	New trial (rep=24, index=2): <Trial 98 (2 in rep 24) data={'pos': np.int64(-50), 'corr_resp': 'x', 'thisN': 98, 'thisTrialN': 2, 'thisRepN': 24}>
872.5596 	EXP 	fixation: autoDraw = False
872.5596 	EXP 	line1: autoDraw = False
872.5596 	EXP 	line_2: autoDraw = False
872.5596 	EXP 	line_3: autoDraw = False
872.5596 	EXP 	line4: autoDraw = False
872.5596 	EXP 	probe: autoDraw = False
872.5596 	EXP 	fixation: autoDraw = True
872.6261 	EXP 	Device response: <KeyPress from None: t=872.5267193999999, value=v, duration=0.0967107000001306>
873.5589 	EXP 	fixation: autoDraw = False
873.5589 	EXP 	line1: autoDraw = True
873.5589 	EXP 	line_2: autoDraw = True
873.5589 	EXP 	line_3: autoDraw = True
873.5589 	EXP 	line4: autoDraw = True
874.5591 	INFO 	Keyboard events cleared
874.5590 	EXP 	probe: autoDraw = True
875.2427 	EXP 	Device response: <KeyPress from None: t=875.2395765, value=x, duration=None>
875.2430 	EXP 	New trial (rep=24, index=3): <Trial 99 (3 in rep 24) data={'pos': np.int64(-150), 'corr_resp': 'z', 'thisN': 99, 'thisTrialN': 3, 'thisRepN': 24}>
875.2444 	DATA 	Keypress: x
875.2588 	EXP 	fixation: autoDraw = False
875.2588 	EXP 	line1: autoDraw = False
875.2588 	EXP 	line_2: autoDraw = False
875.2588 	EXP 	line_3: autoDraw = False
875.2588 	EXP 	line4: autoDraw = False
875.2588 	EXP 	probe: autoDraw = False
875.2588 	EXP 	fixation: autoDraw = True
875.3426 	EXP 	Device response: <KeyPress from None: t=875.2395765, value=x, duration=0.09549369999990631>
876.2422 	EXP 	line1: autoDraw = True
876.2422 	EXP 	line_2: autoDraw = True
876.2422 	EXP 	line_3: autoDraw = True
876.2422 	EXP 	line4: autoDraw = True
876.2594 	EXP 	fixation: autoDraw = False
877.2427 	INFO 	Keyboard events cleared
877.2426 	EXP 	probe: autoDraw = True
878.6757 	EXP 	Device response: <KeyPress from None: t=878.6725066, value=z, duration=None>
878.6760 	EXP 	New trial (rep=25, index=0): <Trial 100 (0 in rep 25) data={'pos': np.int64(-50), 'corr_resp': 'x', 'thisN': 100, 'thisTrialN': 0, 'thisRepN': 25}>
878.6773 	DATA 	Keypress: z
878.6923 	EXP 	fixation: autoDraw = False
878.6923 	EXP 	line1: autoDraw = False
878.6923 	EXP 	line_2: autoDraw = False
878.6923 	EXP 	line_3: autoDraw = False
878.6923 	EXP 	line4: autoDraw = False
878.6923 	EXP 	probe: autoDraw = False
878.6923 	EXP 	fixation: autoDraw = True
878.8758 	EXP 	Device response: <KeyPress from None: t=878.6725066, value=z, duration=0.1953753999998753>
879.6749 	EXP 	line1: autoDraw = True
879.6749 	EXP 	line_2: autoDraw = True
879.6749 	EXP 	line_3: autoDraw = True
879.6749 	EXP 	line4: autoDraw = True
879.6918 	EXP 	fixation: autoDraw = False
880.6761 	INFO 	Keyboard events cleared
880.6759 	EXP 	probe: autoDraw = True
882.0428 	EXP 	Device response: <KeyPress from None: t=882.0367153999999, value=x, duration=None>
882.0431 	EXP 	New trial (rep=25, index=1): <Trial 101 (1 in rep 25) data={'pos': np.int64(150), 'corr_resp': 'v', 'thisN': 101, 'thisTrialN': 1, 'thisRepN': 25}>
882.0443 	DATA 	Keypress: x
882.0589 	EXP 	fixation: autoDraw = False
882.0589 	EXP 	line1: autoDraw = False
882.0589 	EXP 	line_2: autoDraw = False
882.0589 	EXP 	line_3: autoDraw = False
882.0589 	EXP 	line4: autoDraw = False
882.0589 	EXP 	probe: autoDraw = False
882.0589 	EXP 	fixation: autoDraw = True
882.1930 	EXP 	Device response: <KeyPress from None: t=882.0367153999999, value=x, duration=0.14464399999997113>
883.0423 	EXP 	line1: autoDraw = True
883.0423 	EXP 	line_2: autoDraw = True
883.0423 	EXP 	line_3: autoDraw = True
883.0423 	EXP 	line4: autoDraw = True
883.0587 	EXP 	fixation: autoDraw = False
884.0424 	INFO 	Keyboard events cleared
884.0422 	EXP 	probe: autoDraw = True
885.1096 	EXP 	Device response: <KeyPress from None: t=885.1042021, value=v, duration=None>
885.1101 	EXP 	New trial (rep=25, index=2): <Trial 102 (2 in rep 25) data={'pos': np.int64(-150), 'corr_resp': 'z', 'thisN': 102, 'thisTrialN': 2, 'thisRepN': 25}>
885.1114 	DATA 	Keypress: v
885.1260 	EXP 	fixation: autoDraw = False
885.1260 	EXP 	line1: autoDraw = False
885.1260 	EXP 	line_2: autoDraw = False
885.1260 	EXP 	line_3: autoDraw = False
885.1260 	EXP 	line4: autoDraw = False
885.1260 	EXP 	probe: autoDraw = False
885.1260 	EXP 	fixation: autoDraw = True
885.1937 	EXP 	Device response: <KeyPress from None: t=885.1042021, value=v, duration=0.08775880000007419>
886.1091 	EXP 	line1: autoDraw = True
886.1091 	EXP 	line_2: autoDraw = True
886.1091 	EXP 	line_3: autoDraw = True
886.1091 	EXP 	line4: autoDraw = True
886.1258 	EXP 	fixation: autoDraw = False
887.1092 	INFO 	Keyboard events cleared
887.1090 	EXP 	probe: autoDraw = True
889.0603 	EXP 	Device response: <KeyPress from None: t=889.0543236, value=z, duration=None>
889.0606 	EXP 	New trial (rep=25, index=3): <Trial 103 (3 in rep 25) data={'pos': np.int64(50), 'corr_resp': 'c', 'thisN': 103, 'thisTrialN': 3, 'thisRepN': 25}>
889.0619 	DATA 	Keypress: z
889.0756 	EXP 	fixation: autoDraw = False
889.0756 	EXP 	line1: autoDraw = False
889.0756 	EXP 	line_2: autoDraw = False
889.0756 	EXP 	line_3: autoDraw = False
889.0756 	EXP 	line4: autoDraw = False
889.0756 	EXP 	probe: autoDraw = False
889.0756 	EXP 	fixation: autoDraw = True
889.2595 	EXP 	Device response: <KeyPress from None: t=889.0543236, value=z, duration=0.19089680000001863>
890.0758 	EXP 	fixation: autoDraw = False
890.0758 	EXP 	line1: autoDraw = True
890.0758 	EXP 	line_2: autoDraw = True
890.0758 	EXP 	line_3: autoDraw = True
890.0758 	EXP 	line4: autoDraw = True
891.0759 	INFO 	Keyboard events cleared
891.0758 	EXP 	probe: autoDraw = True
892.9602 	EXP 	Device response: <KeyPress from None: t=892.9560958999999, value=c, duration=None>
892.9605 	EXP 	New trial (rep=26, index=0): <Trial 104 (0 in rep 26) data={'pos': np.int64(-150), 'corr_resp': 'z', 'thisN': 104, 'thisTrialN': 0, 'thisRepN': 26}>
892.9618 	DATA 	Keypress: c
892.9757 	EXP 	fixation: autoDraw = False
892.9757 	EXP 	line1: autoDraw = False
892.9757 	EXP 	line_2: autoDraw = False
892.9757 	EXP 	line_3: autoDraw = False
892.9757 	EXP 	line4: autoDraw = False
892.9757 	EXP 	probe: autoDraw = False
892.9757 	EXP 	fixation: autoDraw = True
893.0761 	EXP 	Device response: <KeyPress from None: t=892.9560958999999, value=c, duration=0.11267950000001292>
893.9758 	EXP 	fixation: autoDraw = False
893.9758 	EXP 	line1: autoDraw = True
893.9758 	EXP 	line_2: autoDraw = True
893.9758 	EXP 	line_3: autoDraw = True
893.9758 	EXP 	line4: autoDraw = True
894.9763 	INFO 	Keyboard events cleared
894.9761 	EXP 	probe: autoDraw = True
895.9094 	EXP 	Device response: <KeyPress from None: t=895.8979565000001, value=z, duration=None>
895.9098 	EXP 	New trial (rep=26, index=1): <Trial 105 (1 in rep 26) data={'pos': np.int64(150), 'corr_resp': 'v', 'thisN': 105, 'thisTrialN': 1, 'thisRepN': 26}>
895.9112 	DATA 	Keypress: z
895.9260 	EXP 	fixation: autoDraw = False
895.9260 	EXP 	line1: autoDraw = False
895.9260 	EXP 	line_2: autoDraw = False
895.9260 	EXP 	line_3: autoDraw = False
895.9260 	EXP 	line4: autoDraw = False
895.9260 	EXP 	probe: autoDraw = False
895.9260 	EXP 	fixation: autoDraw = True
896.0429 	EXP 	Device response: <KeyPress from None: t=895.8979565000001, value=z, duration=0.13562249999995402>
896.9096 	EXP 	line1: autoDraw = True
896.9096 	EXP 	line_2: autoDraw = True
896.9096 	EXP 	line_3: autoDraw = True
896.9096 	EXP 	line4: autoDraw = True
896.9260 	EXP 	fixation: autoDraw = False
897.9092 	INFO 	Keyboard events cleared
897.9090 	EXP 	probe: autoDraw = True
898.8927 	EXP 	Device response: <KeyPress from None: t=898.8841799999999, value=v, duration=None>
898.8931 	EXP 	New trial (rep=26, index=2): <Trial 106 (2 in rep 26) data={'pos': np.int64(-50), 'corr_resp': 'x', 'thisN': 106, 'thisTrialN': 2, 'thisRepN': 26}>
898.8944 	DATA 	Keypress: v
898.9090 	EXP 	fixation: autoDraw = False
898.9090 	EXP 	line1: autoDraw = False
898.9090 	EXP 	line_2: autoDraw = False
898.9090 	EXP 	line_3: autoDraw = False
898.9090 	EXP 	line4: autoDraw = False
898.9090 	EXP 	probe: autoDraw = False
898.9090 	EXP 	fixation: autoDraw = True
899.0428 	EXP 	Device response: <KeyPress from None: t=898.8841799999999, value=v, duration=0.15118920000008984>
899.8933 	EXP 	line1: autoDraw = True
899.8933 	EXP 	line_2: autoDraw = True
899.8933 	EXP 	line_3: autoDraw = True
899.8933 	EXP 	line4: autoDraw = True
899.9091 	EXP 	fixation: autoDraw = False
900.8928 	INFO 	Keyboard events cleared
900.8926 	EXP 	probe: autoDraw = True
901.6596 	EXP 	Device response: <KeyPress from None: t=901.6461926999999, value=x, duration=None>
901.6600 	EXP 	New trial (rep=26, index=3): <Trial 107 (3 in rep 26) data={'pos': np.int64(50), 'corr_resp': 'c', 'thisN': 107, 'thisTrialN': 3, 'thisRepN': 26}>
901.6614 	DATA 	Keypress: x
901.6757 	EXP 	fixation: autoDraw = False
901.6757 	EXP 	line1: autoDraw = False
901.6757 	EXP 	line_2: autoDraw = False
901.6757 	EXP 	line_3: autoDraw = False
901.6757 	EXP 	line4: autoDraw = False
901.6757 	EXP 	probe: autoDraw = False
901.6757 	EXP 	fixation: autoDraw = True
901.7931 	EXP 	Device response: <KeyPress from None: t=901.6461926999999, value=x, duration=0.14224430000012944>
902.6593 	EXP 	line1: autoDraw = True
902.6593 	EXP 	line_2: autoDraw = True
902.6593 	EXP 	line_3: autoDraw = True
902.6593 	EXP 	line4: autoDraw = True
902.6758 	EXP 	fixation: autoDraw = False
903.6592 	INFO 	Keyboard events cleared
903.6591 	EXP 	probe: autoDraw = True
904.5595 	EXP 	Device response: <KeyPress from None: t=904.5481802999999, value=c, duration=None>
904.5600 	EXP 	New trial (rep=27, index=0): <Trial 108 (0 in rep 27) data={'pos': np.int64(-150), 'corr_resp': 'z', 'thisN': 108, 'thisTrialN': 0, 'thisRepN': 27}>
904.5614 	DATA 	Keypress: c
904.5758 	EXP 	fixation: autoDraw = False
904.5758 	EXP 	line1: autoDraw = False
904.5758 	EXP 	line_2: autoDraw = False
904.5758 	EXP 	line_3: autoDraw = False
904.5758 	EXP 	line4: autoDraw = False
904.5758 	EXP 	probe: autoDraw = False
904.5758 	EXP 	fixation: autoDraw = True
904.6768 	EXP 	Device response: <KeyPress from None: t=904.5481802999999, value=c, duration=0.12222850000011931>
905.5589 	EXP 	line1: autoDraw = True
905.5589 	EXP 	line_2: autoDraw = True
905.5589 	EXP 	line_3: autoDraw = True
905.5589 	EXP 	line4: autoDraw = True
905.5757 	EXP 	fixation: autoDraw = False
906.5591 	INFO 	Keyboard events cleared
906.5590 	EXP 	probe: autoDraw = True
907.7429 	EXP 	Device response: <KeyPress from None: t=907.7332802, value=z, duration=None>
907.7433 	EXP 	New trial (rep=27, index=1): <Trial 109 (1 in rep 27) data={'pos': np.int64(150), 'corr_resp': 'v', 'thisN': 109, 'thisTrialN': 1, 'thisRepN': 27}>
907.7445 	DATA 	Keypress: z
907.7593 	EXP 	fixation: autoDraw = False
907.7593 	EXP 	line1: autoDraw = False
907.7593 	EXP 	line_2: autoDraw = False
907.7593 	EXP 	line_3: autoDraw = False
907.7593 	EXP 	line4: autoDraw = False
907.7593 	EXP 	probe: autoDraw = False
907.7593 	EXP 	fixation: autoDraw = True
907.7930 	EXP 	Device response: <KeyPress from None: t=907.7332802, value=z, duration=0.050012200000082885>
908.7424 	EXP 	line1: autoDraw = True
908.7424 	EXP 	line_2: autoDraw = True
908.7424 	EXP 	line_3: autoDraw = True
908.7424 	EXP 	line4: autoDraw = True
908.7591 	EXP 	fixation: autoDraw = False
909.7426 	INFO 	Keyboard events cleared
909.7424 	EXP 	probe: autoDraw = True
910.7765 	EXP 	Device response: <KeyPress from None: t=910.7644713999999, value=v, duration=None>
910.7768 	EXP 	New trial (rep=27, index=2): <Trial 110 (2 in rep 27) data={'pos': np.int64(-50), 'corr_resp': 'x', 'thisN': 110, 'thisTrialN': 2, 'thisRepN': 27}>
910.7780 	DATA 	Keypress: v
910.7922 	EXP 	fixation: autoDraw = False
910.7922 	EXP 	line1: autoDraw = False
910.7922 	EXP 	line_2: autoDraw = False
910.7922 	EXP 	line_3: autoDraw = False
910.7922 	EXP 	line4: autoDraw = False
910.7922 	EXP 	probe: autoDraw = False
910.7922 	EXP 	fixation: autoDraw = True
910.8421 	EXP 	Device response: <KeyPress from None: t=910.7644713999999, value=v, duration=0.06257800000003044>
911.7755 	EXP 	line1: autoDraw = True
911.7755 	EXP 	line_2: autoDraw = True
911.7755 	EXP 	line_3: autoDraw = True
911.7755 	EXP 	line4: autoDraw = True
911.7925 	EXP 	fixation: autoDraw = False
912.7759 	INFO 	Keyboard events cleared
912.7758 	EXP 	probe: autoDraw = True
913.4593 	EXP 	Device response: <KeyPress from None: t=913.4520819, value=x, duration=None>
913.4596 	EXP 	New trial (rep=27, index=3): <Trial 111 (3 in rep 27) data={'pos': np.int64(50), 'corr_resp': 'c', 'thisN': 111, 'thisTrialN': 3, 'thisRepN': 27}>
913.4610 	DATA 	Keypress: x
913.4758 	EXP 	fixation: autoDraw = False
913.4758 	EXP 	line1: autoDraw = False
913.4758 	EXP 	line_2: autoDraw = False
913.4758 	EXP 	line_3: autoDraw = False
913.4758 	EXP 	line4: autoDraw = False
913.4758 	EXP 	probe: autoDraw = False
913.4758 	EXP 	fixation: autoDraw = True
913.5098 	EXP 	Device response: <KeyPress from None: t=913.4520819, value=x, duration=0.05507439999996677>
914.4592 	EXP 	line1: autoDraw = True
914.4592 	EXP 	line_2: autoDraw = True
914.4592 	EXP 	line_3: autoDraw = True
914.4592 	EXP 	line4: autoDraw = True
914.4760 	EXP 	fixation: autoDraw = False
915.4591 	INFO 	Keyboard events cleared
915.4590 	EXP 	probe: autoDraw = True
918.4763 	EXP 	Device response: <KeyPress from None: t=918.4629805999999, value=c, duration=None>
918.4767 	EXP 	New trial (rep=28, index=0): <Trial 112 (0 in rep 28) data={'pos': np.int64(150), 'corr_resp': 'v', 'thisN': 112, 'thisTrialN': 0, 'thisRepN': 28}>
918.4781 	DATA 	Keypress: c
918.4926 	EXP 	fixation: autoDraw = False
918.4926 	EXP 	line1: autoDraw = False
918.4926 	EXP 	line_2: autoDraw = False
918.4926 	EXP 	line_3: autoDraw = False
918.4926 	EXP 	line4: autoDraw = False
918.4926 	EXP 	probe: autoDraw = False
918.4926 	EXP 	fixation: autoDraw = True
918.5430 	EXP 	Device response: <KeyPress from None: t=918.4629805999999, value=c, duration=0.0736547999999857>
919.4761 	EXP 	line1: autoDraw = True
919.4761 	EXP 	line_2: autoDraw = True
919.4761 	EXP 	line_3: autoDraw = True
919.4761 	EXP 	line4: autoDraw = True
919.4922 	EXP 	fixation: autoDraw = False
920.4760 	INFO 	Keyboard events cleared
920.4758 	EXP 	probe: autoDraw = True
921.3595 	EXP 	Device response: <KeyPress from None: t=921.3563258999999, value=v, duration=None>
921.3599 	EXP 	New trial (rep=28, index=1): <Trial 113 (1 in rep 28) data={'pos': np.int64(-150), 'corr_resp': 'z', 'thisN': 113, 'thisTrialN': 1, 'thisRepN': 28}>
921.3613 	DATA 	Keypress: v
921.3749 	EXP 	fixation: autoDraw = False
921.3749 	EXP 	line1: autoDraw = False
921.3749 	EXP 	line_2: autoDraw = False
921.3749 	EXP 	line_3: autoDraw = False
921.3749 	EXP 	line4: autoDraw = False
921.3749 	EXP 	probe: autoDraw = False
921.3749 	EXP 	fixation: autoDraw = True
921.4430 	EXP 	Device response: <KeyPress from None: t=921.3563258999999, value=v, duration=0.0712089000001015>
922.3593 	EXP 	line1: autoDraw = True
922.3593 	EXP 	line_2: autoDraw = True
922.3593 	EXP 	line_3: autoDraw = True
922.3593 	EXP 	line4: autoDraw = True
922.3760 	EXP 	fixation: autoDraw = False
923.3594 	INFO 	Keyboard events cleared
923.3592 	EXP 	probe: autoDraw = True
924.3933 	EXP 	Device response: <KeyPress from None: t=924.3811132, value=z, duration=None>
924.3937 	EXP 	New trial (rep=28, index=2): <Trial 114 (2 in rep 28) data={'pos': np.int64(50), 'corr_resp': 'c', 'thisN': 114, 'thisTrialN': 2, 'thisRepN': 28}>
924.3950 	DATA 	Keypress: z
924.4093 	EXP 	fixation: autoDraw = False
924.4093 	EXP 	line1: autoDraw = False
924.4093 	EXP 	line_2: autoDraw = False
924.4093 	EXP 	line_3: autoDraw = False
924.4093 	EXP 	line4: autoDraw = False
924.4093 	EXP 	probe: autoDraw = False
924.4093 	EXP 	fixation: autoDraw = True
924.4432 	EXP 	Device response: <KeyPress from None: t=924.3811132, value=z, duration=0.05195400000002337>
925.4094 	EXP 	fixation: autoDraw = False
925.4094 	EXP 	line1: autoDraw = True
925.4094 	EXP 	line_2: autoDraw = True
925.4094 	EXP 	line_3: autoDraw = True
925.4094 	EXP 	line4: autoDraw = True
926.4094 	INFO 	Keyboard events cleared
926.4093 	EXP 	probe: autoDraw = True
927.7762 	EXP 	Device response: <KeyPress from None: t=927.7713204, value=c, duration=None>
927.7765 	EXP 	New trial (rep=28, index=3): <Trial 115 (3 in rep 28) data={'pos': np.int64(-50), 'corr_resp': 'x', 'thisN': 115, 'thisTrialN': 3, 'thisRepN': 28}>
927.7777 	DATA 	Keypress: c
927.7917 	EXP 	fixation: autoDraw = False
927.7917 	EXP 	line1: autoDraw = False
927.7917 	EXP 	line_2: autoDraw = False
927.7917 	EXP 	line_3: autoDraw = False
927.7917 	EXP 	line4: autoDraw = False
927.7917 	EXP 	probe: autoDraw = False
927.7917 	EXP 	fixation: autoDraw = True
927.9267 	EXP 	Device response: <KeyPress from None: t=927.7713204, value=c, duration=0.13896120000003975>
928.7758 	EXP 	line1: autoDraw = True
928.7758 	EXP 	line_2: autoDraw = True
928.7758 	EXP 	line_3: autoDraw = True
928.7758 	EXP 	line4: autoDraw = True
928.7921 	EXP 	fixation: autoDraw = False
929.7758 	INFO 	Keyboard events cleared
929.7756 	EXP 	probe: autoDraw = True
931.0600 	EXP 	Device response: <KeyPress from None: t=931.0588434, value=x, duration=None>
931.0604 	EXP 	New trial (rep=29, index=0): <Trial 116 (0 in rep 29) data={'pos': np.int64(-50), 'corr_resp': 'x', 'thisN': 116, 'thisTrialN': 0, 'thisRepN': 29}>
931.0617 	DATA 	Keypress: x
931.0758 	EXP 	fixation: autoDraw = False
931.0758 	EXP 	line1: autoDraw = False
931.0758 	EXP 	line_2: autoDraw = False
931.0758 	EXP 	line_3: autoDraw = False
931.0758 	EXP 	line4: autoDraw = False
931.0758 	EXP 	probe: autoDraw = False
931.0758 	EXP 	fixation: autoDraw = True
931.1928 	EXP 	Device response: <KeyPress from None: t=931.0588434, value=x, duration=0.13345120000008137>
932.0759 	EXP 	fixation: autoDraw = False
932.0759 	EXP 	line1: autoDraw = True
932.0759 	EXP 	line_2: autoDraw = True
932.0759 	EXP 	line_3: autoDraw = True
932.0759 	EXP 	line4: autoDraw = True
933.0758 	INFO 	Keyboard events cleared
933.0757 	EXP 	probe: autoDraw = True
933.8597 	EXP 	Device response: <KeyPress from None: t=933.845168, value=x, duration=None>
933.8601 	EXP 	New trial (rep=29, index=1): <Trial 117 (1 in rep 29) data={'pos': np.int64(150), 'corr_resp': 'v', 'thisN': 117, 'thisTrialN': 1, 'thisRepN': 29}>
933.8616 	DATA 	Keypress: x
933.8750 	EXP 	fixation: autoDraw = False
933.8750 	EXP 	line1: autoDraw = False
933.8750 	EXP 	line_2: autoDraw = False
933.8750 	EXP 	line_3: autoDraw = False
933.8750 	EXP 	line4: autoDraw = False
933.8750 	EXP 	probe: autoDraw = False
933.8750 	EXP 	fixation: autoDraw = True
933.9609 	EXP 	Device response: <KeyPress from None: t=933.845168, value=x, duration=0.10407720000011977>
934.8760 	EXP 	fixation: autoDraw = False
934.8760 	EXP 	line1: autoDraw = True
934.8760 	EXP 	line_2: autoDraw = True
934.8760 	EXP 	line_3: autoDraw = True
934.8760 	EXP 	line4: autoDraw = True
935.8760 	INFO 	Keyboard events cleared
935.8758 	EXP 	probe: autoDraw = True
937.2765 	EXP 	Device response: <KeyPress from None: t=937.2641762, value=v, duration=None>
937.2769 	EXP 	New trial (rep=29, index=2): <Trial 118 (2 in rep 29) data={'pos': np.int64(50), 'corr_resp': 'c', 'thisN': 118, 'thisTrialN': 2, 'thisRepN': 29}>
937.2784 	DATA 	Keypress: v
937.2927 	EXP 	fixation: autoDraw = False
937.2927 	EXP 	line1: autoDraw = False
937.2927 	EXP 	line_2: autoDraw = False
937.2927 	EXP 	line_3: autoDraw = False
937.2927 	EXP 	line4: autoDraw = False
937.2927 	EXP 	probe: autoDraw = False
937.2927 	EXP 	fixation: autoDraw = True
937.3593 	EXP 	Device response: <KeyPress from None: t=937.2641762, value=v, duration=0.08839209999996456>
938.2760 	EXP 	line1: autoDraw = True
938.2760 	EXP 	line_2: autoDraw = True
938.2760 	EXP 	line_3: autoDraw = True
938.2760 	EXP 	line4: autoDraw = True
938.2922 	EXP 	fixation: autoDraw = False
939.2761 	INFO 	Keyboard events cleared
939.2759 	EXP 	probe: autoDraw = True
940.0097 	EXP 	Device response: <KeyPress from None: t=940.001527, value=c, duration=None>
940.0101 	EXP 	New trial (rep=29, index=3): <Trial 119 (3 in rep 29) data={'pos': np.int64(-150), 'corr_resp': 'z', 'thisN': 119, 'thisTrialN': 3, 'thisRepN': 29}>
940.0115 	DATA 	Keypress: c
940.0260 	EXP 	fixation: autoDraw = False
940.0260 	EXP 	line1: autoDraw = False
940.0260 	EXP 	line_2: autoDraw = False
940.0260 	EXP 	line_3: autoDraw = False
940.0260 	EXP 	line4: autoDraw = False
940.0260 	EXP 	probe: autoDraw = False
940.0260 	EXP 	fixation: autoDraw = True
940.1261 	EXP 	Device response: <KeyPress from None: t=940.001527, value=c, duration=0.1112090999999964>
941.0092 	EXP 	line1: autoDraw = True
941.0092 	EXP 	line_2: autoDraw = True
941.0092 	EXP 	line_3: autoDraw = True
941.0092 	EXP 	line4: autoDraw = True
941.0259 	EXP 	fixation: autoDraw = False
942.0088 	INFO 	Keyboard events cleared
942.0087 	EXP 	probe: autoDraw = True
942.7593 	EXP 	Device response: <KeyPress from None: t=942.7564152000001, value=z, duration=None>
942.7597 	EXP 	New trial (rep=30, index=0): <Trial 120 (0 in rep 30) data={'pos': np.int64(-50), 'corr_resp': 'x', 'thisN': 120, 'thisTrialN': 0, 'thisRepN': 30}>
942.7609 	DATA 	Keypress: z
942.7753 	EXP 	fixation: autoDraw = False
942.7753 	EXP 	line1: autoDraw = False
942.7753 	EXP 	line_2: autoDraw = False
942.7753 	EXP 	line_3: autoDraw = False
942.7753 	EXP 	line4: autoDraw = False
942.7753 	EXP 	probe: autoDraw = False
942.7753 	EXP 	fixation: autoDraw = True
942.8924 	EXP 	Device response: <KeyPress from None: t=942.7564152000001, value=z, duration=0.12632849999999962>
943.7604 	EXP 	line1: autoDraw = True
943.7604 	EXP 	line_2: autoDraw = True
943.7604 	EXP 	line_3: autoDraw = True
943.7604 	EXP 	line4: autoDraw = True
943.7757 	EXP 	fixation: autoDraw = False
944.7591 	INFO 	Keyboard events cleared
944.7590 	EXP 	probe: autoDraw = True
944.9924 	EXP 	Device response: <KeyPress from None: t=944.9843641000001, value=z, duration=None>
944.9927 	EXP 	New trial (rep=30, index=1): <Trial 121 (1 in rep 30) data={'pos': np.int64(150), 'corr_resp': 'v', 'thisN': 121, 'thisTrialN': 1, 'thisRepN': 30}>
944.9939 	DATA 	Keypress: z
945.0086 	EXP 	fixation: autoDraw = False
945.0086 	EXP 	line1: autoDraw = False
945.0086 	EXP 	line_2: autoDraw = False
945.0086 	EXP 	line_3: autoDraw = False
945.0086 	EXP 	line4: autoDraw = False
945.0086 	EXP 	probe: autoDraw = False
945.0086 	EXP 	fixation: autoDraw = True
945.2426 	EXP 	Device response: <KeyPress from None: t=944.9843641000001, value=z, duration=0.24540159999992284>
945.9923 	EXP 	line1: autoDraw = True
945.9923 	EXP 	line_2: autoDraw = True
945.9923 	EXP 	line_3: autoDraw = True
945.9923 	EXP 	line4: autoDraw = True
946.0098 	EXP 	fixation: autoDraw = False
946.9927 	INFO 	Keyboard events cleared
946.9926 	EXP 	probe: autoDraw = True
947.7926 	EXP 	Device response: <KeyPress from None: t=947.7780276, value=z, duration=None>
947.7929 	EXP 	New trial (rep=30, index=2): <Trial 122 (2 in rep 30) data={'pos': np.int64(50), 'corr_resp': 'c', 'thisN': 122, 'thisTrialN': 2, 'thisRepN': 30}>
947.7942 	DATA 	Keypress: z
947.8086 	EXP 	fixation: autoDraw = False
947.8086 	EXP 	line1: autoDraw = False
947.8086 	EXP 	line_2: autoDraw = False
947.8086 	EXP 	line_3: autoDraw = False
947.8086 	EXP 	line4: autoDraw = False
947.8086 	EXP 	probe: autoDraw = False
947.8086 	EXP 	fixation: autoDraw = True
947.9609 	EXP 	Device response: <KeyPress from None: t=947.7780276, value=z, duration=0.17751730000009047>
948.7928 	EXP 	line1: autoDraw = True
948.7928 	EXP 	line_2: autoDraw = True
948.7928 	EXP 	line_3: autoDraw = True
948.7928 	EXP 	line4: autoDraw = True
948.8091 	EXP 	fixation: autoDraw = False
949.7928 	INFO 	Keyboard events cleared
949.7927 	EXP 	probe: autoDraw = True
950.6597 	EXP 	Device response: <KeyPress from None: t=950.6565134000001, value=c, duration=None>
950.6601 	EXP 	New trial (rep=30, index=3): <Trial 123 (3 in rep 30) data={'pos': np.int64(-150), 'corr_resp': 'z', 'thisN': 123, 'thisTrialN': 3, 'thisRepN': 30}>
950.6615 	DATA 	Keypress: c
950.6760 	EXP 	fixation: autoDraw = False
950.6760 	EXP 	line1: autoDraw = False
950.6760 	EXP 	line_2: autoDraw = False
950.6760 	EXP 	line_3: autoDraw = False
950.6760 	EXP 	line4: autoDraw = False
950.6760 	EXP 	probe: autoDraw = False
950.6760 	EXP 	fixation: autoDraw = True
950.7604 	EXP 	Device response: <KeyPress from None: t=950.6565134000001, value=c, duration=0.10335879999979625>
951.6593 	EXP 	line1: autoDraw = True
951.6593 	EXP 	line_2: autoDraw = True
951.6593 	EXP 	line_3: autoDraw = True
951.6593 	EXP 	line4: autoDraw = True
951.6759 	EXP 	fixation: autoDraw = False
952.6595 	INFO 	Keyboard events cleared
952.6593 	EXP 	probe: autoDraw = True
953.1598 	EXP 	Device response: <KeyPress from None: t=953.1524301000001, value=z, duration=None>
953.1601 	EXP 	New trial (rep=31, index=0): <Trial 124 (0 in rep 31) data={'pos': np.int64(50), 'corr_resp': 'c', 'thisN': 124, 'thisTrialN': 0, 'thisRepN': 31}>
953.1613 	DATA 	Keypress: z
953.1759 	EXP 	fixation: autoDraw = False
953.1759 	EXP 	line1: autoDraw = False
953.1759 	EXP 	line_2: autoDraw = False
953.1759 	EXP 	line_3: autoDraw = False
953.1759 	EXP 	line4: autoDraw = False
953.1759 	EXP 	probe: autoDraw = False
953.1759 	EXP 	fixation: autoDraw = True
953.3265 	EXP 	Device response: <KeyPress from None: t=953.1524301000001, value=z, duration=0.15859179999984008>
954.1595 	EXP 	line1: autoDraw = True
954.1595 	EXP 	line_2: autoDraw = True
954.1595 	EXP 	line_3: autoDraw = True
954.1595 	EXP 	line4: autoDraw = True
954.1759 	EXP 	fixation: autoDraw = False
955.1594 	INFO 	Keyboard events cleared
955.1593 	EXP 	probe: autoDraw = True
956.1269 	EXP 	Device response: <KeyPress from None: t=956.1257813999999, value=c, duration=None>
956.1273 	EXP 	New trial (rep=31, index=1): <Trial 125 (1 in rep 31) data={'pos': np.int64(150), 'corr_resp': 'v', 'thisN': 125, 'thisTrialN': 1, 'thisRepN': 31}>
956.1285 	DATA 	Keypress: c
956.1423 	EXP 	fixation: autoDraw = False
956.1423 	EXP 	line1: autoDraw = False
956.1423 	EXP 	line_2: autoDraw = False
956.1423 	EXP 	line_3: autoDraw = False
956.1423 	EXP 	line4: autoDraw = False
956.1423 	EXP 	probe: autoDraw = False
956.1423 	EXP 	fixation: autoDraw = True
956.2099 	EXP 	Device response: <KeyPress from None: t=956.1257813999999, value=c, duration=0.07473750000008295>
957.1424 	EXP 	fixation: autoDraw = False
957.1424 	EXP 	line1: autoDraw = True
957.1424 	EXP 	line_2: autoDraw = True
957.1424 	EXP 	line_3: autoDraw = True
957.1424 	EXP 	line4: autoDraw = True
958.1428 	INFO 	Keyboard events cleared
958.1426 	EXP 	probe: autoDraw = True
958.7264 	EXP 	Device response: <KeyPress from None: t=958.7204224999999, value=v, duration=None>
958.7267 	EXP 	New trial (rep=31, index=2): <Trial 126 (2 in rep 31) data={'pos': np.int64(-150), 'corr_resp': 'z', 'thisN': 126, 'thisTrialN': 2, 'thisRepN': 31}>
958.7279 	DATA 	Keypress: v
958.7425 	EXP 	fixation: autoDraw = False
958.7425 	EXP 	line1: autoDraw = False
958.7425 	EXP 	line_2: autoDraw = False
958.7425 	EXP 	line_3: autoDraw = False
958.7425 	EXP 	line4: autoDraw = False
958.7425 	EXP 	probe: autoDraw = False
958.7425 	EXP 	fixation: autoDraw = True
958.8598 	EXP 	Device response: <KeyPress from None: t=958.7204224999999, value=v, duration=0.13680870000007417>
959.7261 	EXP 	line1: autoDraw = True
959.7261 	EXP 	line_2: autoDraw = True
959.7261 	EXP 	line_3: autoDraw = True
959.7261 	EXP 	line4: autoDraw = True
959.7428 	EXP 	fixation: autoDraw = False
960.7262 	INFO 	Keyboard events cleared
960.7260 	EXP 	probe: autoDraw = True
961.8432 	EXP 	Device response: <KeyPress from None: t=961.8320187999999, value=z, duration=None>
961.8435 	EXP 	New trial (rep=31, index=3): <Trial 127 (3 in rep 31) data={'pos': np.int64(-50), 'corr_resp': 'x', 'thisN': 127, 'thisTrialN': 3, 'thisRepN': 31}>
961.8449 	DATA 	Keypress: z
961.8593 	EXP 	fixation: autoDraw = False
961.8593 	EXP 	line1: autoDraw = False
961.8593 	EXP 	line_2: autoDraw = False
961.8593 	EXP 	line_3: autoDraw = False
961.8593 	EXP 	line4: autoDraw = False
961.8593 	EXP 	probe: autoDraw = False
961.8593 	EXP 	fixation: autoDraw = True
961.9432 	EXP 	Device response: <KeyPress from None: t=961.8320187999999, value=z, duration=0.09646840000004886>
962.8425 	EXP 	line1: autoDraw = True
962.8425 	EXP 	line_2: autoDraw = True
962.8425 	EXP 	line_3: autoDraw = True
962.8425 	EXP 	line4: autoDraw = True
962.8593 	EXP 	fixation: autoDraw = False
963.8427 	INFO 	Keyboard events cleared
963.8425 	EXP 	probe: autoDraw = True
964.5780 	DATA 	Keypress: x
964.5934 	EXP 	Device response: <KeyPress from None: t=964.5776225999999, value=x, duration=None>
964.5938 	EXP 	New trial (rep=32, index=0): <Trial 128 (0 in rep 32) data={'pos': np.int64(-50), 'corr_resp': 'x', 'thisN': 128, 'thisTrialN': 0, 'thisRepN': 32}>
964.6095 	EXP 	fixation: autoDraw = False
964.6095 	EXP 	line1: autoDraw = False
964.6095 	EXP 	line_2: autoDraw = False
964.6095 	EXP 	line_3: autoDraw = False
964.6095 	EXP 	line4: autoDraw = False
964.6095 	EXP 	probe: autoDraw = False
964.6095 	EXP 	fixation: autoDraw = True
964.6441 	EXP 	Device response: <KeyPress from None: t=964.5776225999999, value=x, duration=0.06112830000006397>
965.6091 	EXP 	fixation: autoDraw = False
965.6091 	EXP 	line1: autoDraw = True
965.6091 	EXP 	line_2: autoDraw = True
965.6091 	EXP 	line_3: autoDraw = True
965.6091 	EXP 	line4: autoDraw = True
966.6093 	INFO 	Keyboard events cleared
966.6091 	EXP 	probe: autoDraw = True
967.1113 	EXP 	Device response: <KeyPress from None: t=967.1018601, value=x, duration=None>
967.1117 	EXP 	New trial (rep=32, index=1): <Trial 129 (1 in rep 32) data={'pos': np.int64(150), 'corr_resp': 'v', 'thisN': 129, 'thisTrialN': 1, 'thisRepN': 32}>
967.1130 	DATA 	Keypress: x
967.1260 	EXP 	fixation: autoDraw = False
967.1260 	EXP 	line1: autoDraw = False
967.1260 	EXP 	line_2: autoDraw = False
967.1260 	EXP 	line_3: autoDraw = False
967.1260 	EXP 	line4: autoDraw = False
967.1260 	EXP 	probe: autoDraw = False
967.1260 	EXP 	fixation: autoDraw = True
967.2598 	EXP 	Device response: <KeyPress from None: t=967.1018601, value=x, duration=0.14330740000013975>
968.1259 	EXP 	fixation: autoDraw = False
968.1259 	EXP 	line1: autoDraw = True
968.1259 	EXP 	line_2: autoDraw = True
968.1259 	EXP 	line_3: autoDraw = True
968.1259 	EXP 	line4: autoDraw = True
969.1262 	INFO 	Keyboard events cleared
969.1260 	EXP 	probe: autoDraw = True
969.4931 	EXP 	Device response: <KeyPress from None: t=969.4906866, value=v, duration=None>
969.4935 	EXP 	New trial (rep=32, index=2): <Trial 130 (2 in rep 32) data={'pos': np.int64(-150), 'corr_resp': 'z', 'thisN': 130, 'thisTrialN': 2, 'thisRepN': 32}>
969.4953 	DATA 	Keypress: v
969.5094 	EXP 	fixation: autoDraw = False
969.5094 	EXP 	line1: autoDraw = False
969.5094 	EXP 	line_2: autoDraw = False
969.5094 	EXP 	line_3: autoDraw = False
969.5094 	EXP 	line4: autoDraw = False
969.5094 	EXP 	probe: autoDraw = False
969.5094 	EXP 	fixation: autoDraw = True
969.6933 	EXP 	Device response: <KeyPress from None: t=969.4906866, value=v, duration=0.2009413000000677>
970.4926 	EXP 	line1: autoDraw = True
970.4926 	EXP 	line_2: autoDraw = True
970.4926 	EXP 	line_3: autoDraw = True
970.4926 	EXP 	line4: autoDraw = True
970.5095 	EXP 	fixation: autoDraw = False
971.4927 	INFO 	Keyboard events cleared
971.4926 	EXP 	probe: autoDraw = True
972.0098 	EXP 	Device response: <KeyPress from None: t=971.9988298, value=z, duration=None>
972.0103 	EXP 	New trial (rep=32, index=3): <Trial 131 (3 in rep 32) data={'pos': np.int64(50), 'corr_resp': 'c', 'thisN': 131, 'thisTrialN': 3, 'thisRepN': 32}>
972.0115 	DATA 	Keypress: z
972.0262 	EXP 	fixation: autoDraw = False
972.0262 	EXP 	line1: autoDraw = False
972.0262 	EXP 	line_2: autoDraw = False
972.0262 	EXP 	line_3: autoDraw = False
972.0262 	EXP 	line4: autoDraw = False
972.0262 	EXP 	probe: autoDraw = False
972.0262 	EXP 	fixation: autoDraw = True
972.2599 	EXP 	Device response: <KeyPress from None: t=971.9988298, value=z, duration=0.2514588999999887>
973.0093 	EXP 	line1: autoDraw = True
973.0093 	EXP 	line_2: autoDraw = True
973.0093 	EXP 	line_3: autoDraw = True
973.0093 	EXP 	line4: autoDraw = True
973.0260 	EXP 	fixation: autoDraw = False
974.0095 	INFO 	Keyboard events cleared
974.0093 	EXP 	probe: autoDraw = True
975.5939 	EXP 	Device response: <KeyPress from None: t=975.5870908, value=c, duration=None>
975.5943 	EXP 	New trial (rep=33, index=0): <Trial 132 (0 in rep 33) data={'pos': np.int64(50), 'corr_resp': 'c', 'thisN': 132, 'thisTrialN': 0, 'thisRepN': 33}>
975.5960 	DATA 	Keypress: c
975.6094 	EXP 	fixation: autoDraw = False
975.6094 	EXP 	line1: autoDraw = False
975.6094 	EXP 	line_2: autoDraw = False
975.6094 	EXP 	line_3: autoDraw = False
975.6094 	EXP 	line4: autoDraw = False
975.6094 	EXP 	probe: autoDraw = False
975.6094 	EXP 	fixation: autoDraw = True
975.6757 	EXP 	Device response: <KeyPress from None: t=975.5870908, value=c, duration=0.08611569999993662>
976.6094 	EXP 	fixation: autoDraw = False
976.6094 	EXP 	line1: autoDraw = True
976.6094 	EXP 	line_2: autoDraw = True
976.6094 	EXP 	line_3: autoDraw = True
976.6094 	EXP 	line4: autoDraw = True
977.6095 	INFO 	Keyboard events cleared
977.6093 	EXP 	probe: autoDraw = True
978.1263 	EXP 	Device response: <KeyPress from None: t=978.1190008, value=c, duration=None>
978.1267 	EXP 	New trial (rep=33, index=1): <Trial 133 (1 in rep 33) data={'pos': np.int64(150), 'corr_resp': 'v', 'thisN': 133, 'thisTrialN': 1, 'thisRepN': 33}>
978.1280 	DATA 	Keypress: c
978.1436 	EXP 	fixation: autoDraw = False
978.1436 	EXP 	line1: autoDraw = False
978.1436 	EXP 	line_2: autoDraw = False
978.1436 	EXP 	line_3: autoDraw = False
978.1436 	EXP 	line4: autoDraw = False
978.1436 	EXP 	probe: autoDraw = False
978.1436 	EXP 	fixation: autoDraw = True
978.3098 	EXP 	Device response: <KeyPress from None: t=978.1190008, value=c, duration=0.17694080000001122>
979.1264 	EXP 	line1: autoDraw = True
979.1264 	EXP 	line_2: autoDraw = True
979.1264 	EXP 	line_3: autoDraw = True
979.1264 	EXP 	line4: autoDraw = True
979.1425 	EXP 	fixation: autoDraw = False
980.1263 	INFO 	Keyboard events cleared
980.1262 	EXP 	probe: autoDraw = True
980.5266 	EXP 	Device response: <KeyPress from None: t=980.5239250999999, value=v, duration=None>
980.5270 	EXP 	New trial (rep=33, index=2): <Trial 134 (2 in rep 33) data={'pos': np.int64(-150), 'corr_resp': 'z', 'thisN': 134, 'thisTrialN': 2, 'thisRepN': 33}>
980.5284 	DATA 	Keypress: v
980.5428 	EXP 	fixation: autoDraw = False
980.5428 	EXP 	line1: autoDraw = False
980.5428 	EXP 	line_2: autoDraw = False
980.5428 	EXP 	line_3: autoDraw = False
980.5428 	EXP 	line4: autoDraw = False
980.5428 	EXP 	probe: autoDraw = False
980.5428 	EXP 	fixation: autoDraw = True
980.7432 	EXP 	Device response: <KeyPress from None: t=980.5239250999999, value=v, duration=0.2099170999999842>
981.5260 	EXP 	line1: autoDraw = True
981.5260 	EXP 	line_2: autoDraw = True
981.5260 	EXP 	line_3: autoDraw = True
981.5260 	EXP 	line4: autoDraw = True
981.5428 	EXP 	fixation: autoDraw = False
982.5261 	INFO 	Keyboard events cleared
982.5260 	EXP 	probe: autoDraw = True
982.9434 	EXP 	Device response: <KeyPress from None: t=982.9345030999999, value=z, duration=None>
982.9438 	EXP 	New trial (rep=33, index=3): <Trial 135 (3 in rep 33) data={'pos': np.int64(-50), 'corr_resp': 'x', 'thisN': 135, 'thisTrialN': 3, 'thisRepN': 33}>
982.9449 	DATA 	Keypress: z
982.9595 	EXP 	fixation: autoDraw = False
982.9595 	EXP 	line1: autoDraw = False
982.9595 	EXP 	line_2: autoDraw = False
982.9595 	EXP 	line_3: autoDraw = False
982.9595 	EXP 	line4: autoDraw = False
982.9595 	EXP 	probe: autoDraw = False
982.9595 	EXP 	fixation: autoDraw = True
983.1435 	EXP 	Device response: <KeyPress from None: t=982.9345030999999, value=z, duration=0.19348420000005717>
983.9427 	EXP 	line1: autoDraw = True
983.9427 	EXP 	line_2: autoDraw = True
983.9427 	EXP 	line_3: autoDraw = True
983.9427 	EXP 	line4: autoDraw = True
983.9595 	EXP 	fixation: autoDraw = False
984.9428 	INFO 	Keyboard events cleared
984.9426 	EXP 	probe: autoDraw = True
985.9767 	EXP 	Device response: <KeyPress from None: t=985.9740468000001, value=x, duration=None>
985.9771 	EXP 	New trial (rep=34, index=0): <Trial 136 (0 in rep 34) data={'pos': np.int64(150), 'corr_resp': 'v', 'thisN': 136, 'thisTrialN': 0, 'thisRepN': 34}>
985.9784 	DATA 	Keypress: x
985.9927 	EXP 	fixation: autoDraw = False
985.9927 	EXP 	line1: autoDraw = False
985.9927 	EXP 	line_2: autoDraw = False
985.9927 	EXP 	line_3: autoDraw = False
985.9927 	EXP 	line4: autoDraw = False
985.9927 	EXP 	probe: autoDraw = False
985.9927 	EXP 	fixation: autoDraw = True
986.0599 	EXP 	Device response: <KeyPress from None: t=985.9740468000001, value=x, duration=0.07151079999994181>
986.9763 	EXP 	line1: autoDraw = True
986.9763 	EXP 	line_2: autoDraw = True
986.9763 	EXP 	line_3: autoDraw = True
986.9763 	EXP 	line4: autoDraw = True
986.9927 	EXP 	fixation: autoDraw = False
987.9765 	INFO 	Keyboard events cleared
987.9763 	EXP 	probe: autoDraw = True
988.8768 	EXP 	Device response: <KeyPress from None: t=988.8680900999999, value=v, duration=None>
988.8772 	EXP 	New trial (rep=34, index=1): <Trial 137 (1 in rep 34) data={'pos': np.int64(-50), 'corr_resp': 'x', 'thisN': 137, 'thisTrialN': 1, 'thisRepN': 34}>
988.8785 	DATA 	Keypress: v
988.8927 	EXP 	fixation: autoDraw = False
988.8927 	EXP 	line1: autoDraw = False
988.8927 	EXP 	line_2: autoDraw = False
988.8927 	EXP 	line_3: autoDraw = False
988.8927 	EXP 	line4: autoDraw = False
988.8927 	EXP 	probe: autoDraw = False
988.8927 	EXP 	fixation: autoDraw = True
988.9601 	EXP 	Device response: <KeyPress from None: t=988.8680900999999, value=v, duration=0.08294960000011997>
989.8761 	EXP 	line1: autoDraw = True
989.8761 	EXP 	line_2: autoDraw = True
989.8761 	EXP 	line_3: autoDraw = True
989.8761 	EXP 	line4: autoDraw = True
989.8929 	EXP 	fixation: autoDraw = False
990.8929 	INFO 	Keyboard events cleared
990.8927 	EXP 	probe: autoDraw = True
991.5601 	EXP 	Device response: <KeyPress from None: t=991.5514665, value=x, duration=None>
991.5605 	EXP 	New trial (rep=34, index=2): <Trial 138 (2 in rep 34) data={'pos': np.int64(-150), 'corr_resp': 'z', 'thisN': 138, 'thisTrialN': 2, 'thisRepN': 34}>
991.5619 	DATA 	Keypress: x
991.5763 	EXP 	fixation: autoDraw = False
991.5763 	EXP 	line1: autoDraw = False
991.5763 	EXP 	line_2: autoDraw = False
991.5763 	EXP 	line_3: autoDraw = False
991.5763 	EXP 	line4: autoDraw = False
991.5763 	EXP 	probe: autoDraw = False
991.5763 	EXP 	fixation: autoDraw = True
991.6269 	EXP 	Device response: <KeyPress from None: t=991.5514665, value=x, duration=0.07428890000005595>
992.5595 	EXP 	line1: autoDraw = True
992.5595 	EXP 	line_2: autoDraw = True
992.5595 	EXP 	line_3: autoDraw = True
992.5595 	EXP 	line4: autoDraw = True
992.5763 	EXP 	fixation: autoDraw = False
993.5596 	INFO 	Keyboard events cleared
993.5594 	EXP 	probe: autoDraw = True
994.6765 	EXP 	Device response: <KeyPress from None: t=994.6659375999999, value=z, duration=None>
994.6769 	EXP 	New trial (rep=34, index=3): <Trial 139 (3 in rep 34) data={'pos': np.int64(50), 'corr_resp': 'c', 'thisN': 139, 'thisTrialN': 3, 'thisRepN': 34}>
994.6781 	DATA 	Keypress: z
994.6928 	EXP 	fixation: autoDraw = False
994.6928 	EXP 	line1: autoDraw = False
994.6928 	EXP 	line_2: autoDraw = False
994.6928 	EXP 	line_3: autoDraw = False
994.6928 	EXP 	line4: autoDraw = False
994.6928 	EXP 	probe: autoDraw = False
994.6928 	EXP 	fixation: autoDraw = True
994.8257 	EXP 	Device response: <KeyPress from None: t=994.6659375999999, value=z, duration=0.1453592000000299>
995.6761 	EXP 	line1: autoDraw = True
995.6761 	EXP 	line_2: autoDraw = True
995.6761 	EXP 	line_3: autoDraw = True
995.6761 	EXP 	line4: autoDraw = True
995.6927 	EXP 	fixation: autoDraw = False
996.6764 	INFO 	Keyboard events cleared
996.6763 	EXP 	probe: autoDraw = True
997.9609 	EXP 	Device response: <KeyPress from None: t=997.9475020000001, value=c, duration=None>
997.9613 	EXP 	New trial (rep=35, index=0): <Trial 140 (0 in rep 35) data={'pos': np.int64(-150), 'corr_resp': 'z', 'thisN': 140, 'thisTrialN': 0, 'thisRepN': 35}>
997.9627 	DATA 	Keypress: c
997.9761 	EXP 	fixation: autoDraw = False
997.9761 	EXP 	line1: autoDraw = False
997.9761 	EXP 	line_2: autoDraw = False
997.9761 	EXP 	line_3: autoDraw = False
997.9761 	EXP 	line4: autoDraw = False
997.9761 	EXP 	probe: autoDraw = False
997.9761 	EXP 	fixation: autoDraw = True
998.1268 	EXP 	Device response: <KeyPress from None: t=997.9475020000001, value=c, duration=0.17835309999986748>
998.9761 	EXP 	fixation: autoDraw = False
998.9761 	EXP 	line1: autoDraw = True
998.9761 	EXP 	line_2: autoDraw = True
998.9761 	EXP 	line_3: autoDraw = True
998.9761 	EXP 	line4: autoDraw = True
999.9762 	INFO 	Keyboard events cleared
999.9761 	EXP 	probe: autoDraw = True
1001.0597 	EXP 	Device response: <KeyPress from None: t=1001.0561616000001, value=z, duration=None>
1001.0600 	EXP 	New trial (rep=35, index=1): <Trial 141 (1 in rep 35) data={'pos': np.int64(50), 'corr_resp': 'c', 'thisN': 141, 'thisTrialN': 1, 'thisRepN': 35}>
1001.0612 	DATA 	Keypress: z
1001.0761 	EXP 	fixation: autoDraw = False
1001.0761 	EXP 	line1: autoDraw = False
1001.0761 	EXP 	line_2: autoDraw = False
1001.0761 	EXP 	line_3: autoDraw = False
1001.0761 	EXP 	line4: autoDraw = False
1001.0761 	EXP 	probe: autoDraw = False
1001.0761 	EXP 	fixation: autoDraw = True
1001.1930 	EXP 	Device response: <KeyPress from None: t=1001.0561616000001, value=z, duration=0.13286699999980556>
1002.0595 	EXP 	line1: autoDraw = True
1002.0595 	EXP 	line_2: autoDraw = True
1002.0595 	EXP 	line_3: autoDraw = True
1002.0595 	EXP 	line4: autoDraw = True
1002.0762 	EXP 	fixation: autoDraw = False
1003.0595 	INFO 	Keyboard events cleared
1003.0593 	EXP 	probe: autoDraw = True
1004.3269 	EXP 	Device response: <KeyPress from None: t=1004.3157204999999, value=c, duration=None>
1004.3272 	EXP 	New trial (rep=35, index=2): <Trial 142 (2 in rep 35) data={'pos': np.int64(-50), 'corr_resp': 'x', 'thisN': 142, 'thisTrialN': 2, 'thisRepN': 35}>
1004.3287 	DATA 	Keypress: c
1004.3424 	EXP 	fixation: autoDraw = False
1004.3424 	EXP 	line1: autoDraw = False
1004.3424 	EXP 	line_2: autoDraw = False
1004.3424 	EXP 	line_3: autoDraw = False
1004.3424 	EXP 	line4: autoDraw = False
1004.3424 	EXP 	probe: autoDraw = False
1004.3424 	EXP 	fixation: autoDraw = True
1004.5430 	EXP 	Device response: <KeyPress from None: t=1004.3157204999999, value=c, duration=0.22414880000019366>
1005.3429 	EXP 	fixation: autoDraw = False
1005.3429 	EXP 	line1: autoDraw = True
1005.3429 	EXP 	line_2: autoDraw = True
1005.3429 	EXP 	line_3: autoDraw = True
1005.3429 	EXP 	line4: autoDraw = True
1006.3261 	INFO 	Keyboard events cleared
1006.3259 	EXP 	probe: autoDraw = True
1007.5267 	EXP 	Device response: <KeyPress from None: t=1007.5222269, value=x, duration=None>
1007.5272 	EXP 	New trial (rep=35, index=3): <Trial 143 (3 in rep 35) data={'pos': np.int64(150), 'corr_resp': 'v', 'thisN': 143, 'thisTrialN': 3, 'thisRepN': 35}>
1007.5286 	DATA 	Keypress: x
1007.5427 	EXP 	fixation: autoDraw = False
1007.5427 	EXP 	line1: autoDraw = False
1007.5427 	EXP 	line_2: autoDraw = False
1007.5427 	EXP 	line_3: autoDraw = False
1007.5427 	EXP 	line4: autoDraw = False
1007.5427 	EXP 	probe: autoDraw = False
1007.5427 	EXP 	fixation: autoDraw = True
1007.6932 	EXP 	Device response: <KeyPress from None: t=1007.5222269, value=x, duration=0.1682731999999305>
1008.5259 	EXP 	line1: autoDraw = True
1008.5259 	EXP 	line_2: autoDraw = True
1008.5259 	EXP 	line_3: autoDraw = True
1008.5259 	EXP 	line4: autoDraw = True
1008.5428 	EXP 	fixation: autoDraw = False
1009.5265 	INFO 	Keyboard events cleared
1009.5263 	EXP 	probe: autoDraw = True
1010.6771 	EXP 	Device response: <KeyPress from None: t=1010.6708586999999, value=v, duration=None>
1010.6775 	EXP 	New trial (rep=36, index=0): <Trial 144 (0 in rep 36) data={'pos': np.int64(150), 'corr_resp': 'v', 'thisN': 144, 'thisTrialN': 0, 'thisRepN': 36}>
1010.6789 	DATA 	Keypress: v
1010.6926 	EXP 	fixation: autoDraw = False
1010.6926 	EXP 	line1: autoDraw = False
1010.6926 	EXP 	line_2: autoDraw = False
1010.6926 	EXP 	line_3: autoDraw = False
1010.6926 	EXP 	line4: autoDraw = False
1010.6926 	EXP 	probe: autoDraw = False
1010.6926 	EXP 	fixation: autoDraw = True
1010.7764 	EXP 	Device response: <KeyPress from None: t=1010.6708586999999, value=v, duration=0.09909080000011272>
1011.6927 	EXP 	fixation: autoDraw = False
1011.6927 	EXP 	line1: autoDraw = True
1011.6927 	EXP 	line_2: autoDraw = True
1011.6927 	EXP 	line_3: autoDraw = True
1011.6927 	EXP 	line4: autoDraw = True
1012.6929 	INFO 	Keyboard events cleared
1012.6928 	EXP 	probe: autoDraw = True
1015.3101 	EXP 	Device response: <KeyPress from None: t=1015.2968427, value=v, duration=None>
1015.3105 	EXP 	New trial (rep=36, index=1): <Trial 145 (1 in rep 36) data={'pos': np.int64(-150), 'corr_resp': 'z', 'thisN': 145, 'thisTrialN': 1, 'thisRepN': 36}>
1015.3118 	DATA 	Keypress: v
1015.3264 	EXP 	fixation: autoDraw = False
1015.3264 	EXP 	line1: autoDraw = False
1015.3264 	EXP 	line_2: autoDraw = False
1015.3264 	EXP 	line_3: autoDraw = False
1015.3264 	EXP 	line4: autoDraw = False
1015.3264 	EXP 	probe: autoDraw = False
1015.3264 	EXP 	fixation: autoDraw = True
1015.4766 	EXP 	Device response: <KeyPress from None: t=1015.2968427, value=v, duration=0.17690310000011777>
1016.3095 	EXP 	line1: autoDraw = True
1016.3095 	EXP 	line_2: autoDraw = True
1016.3095 	EXP 	line_3: autoDraw = True
1016.3095 	EXP 	line4: autoDraw = True
1016.3263 	EXP 	fixation: autoDraw = False
1017.3097 	INFO 	Keyboard events cleared
1017.3095 	EXP 	probe: autoDraw = True
1021.2441 	EXP 	Device response: <KeyPress from None: t=1021.2422234, value=z, duration=None>
1021.2445 	EXP 	New trial (rep=36, index=2): <Trial 146 (2 in rep 36) data={'pos': np.int64(50), 'corr_resp': 'c', 'thisN': 146, 'thisTrialN': 2, 'thisRepN': 36}>
1021.2457 	DATA 	Keypress: z
1021.2592 	EXP 	fixation: autoDraw = False
1021.2592 	EXP 	line1: autoDraw = False
1021.2592 	EXP 	line_2: autoDraw = False
1021.2592 	EXP 	line_3: autoDraw = False
1021.2592 	EXP 	line4: autoDraw = False
1021.2592 	EXP 	probe: autoDraw = False
1021.2592 	EXP 	fixation: autoDraw = True
1021.4433 	EXP 	Device response: <KeyPress from None: t=1021.2422234, value=z, duration=0.18931640000005245>
1022.2596 	EXP 	fixation: autoDraw = False
1022.2596 	EXP 	line1: autoDraw = True
1022.2596 	EXP 	line_2: autoDraw = True
1022.2596 	EXP 	line_3: autoDraw = True
1022.2596 	EXP 	line4: autoDraw = True
1023.2596 	INFO 	Keyboard events cleared
1023.2595 	EXP 	probe: autoDraw = True
1024.5934 	EXP 	Device response: <KeyPress from None: t=1024.5907779, value=c, duration=None>
1024.5937 	EXP 	New trial (rep=36, index=3): <Trial 147 (3 in rep 36) data={'pos': np.int64(-50), 'corr_resp': 'x', 'thisN': 147, 'thisTrialN': 3, 'thisRepN': 36}>
1024.5951 	DATA 	Keypress: c
1024.6097 	EXP 	fixation: autoDraw = False
1024.6097 	EXP 	line1: autoDraw = False
1024.6097 	EXP 	line_2: autoDraw = False
1024.6097 	EXP 	line_3: autoDraw = False
1024.6097 	EXP 	line4: autoDraw = False
1024.6097 	EXP 	probe: autoDraw = False
1024.6097 	EXP 	fixation: autoDraw = True
1024.7938 	EXP 	Device response: <KeyPress from None: t=1024.5907779, value=c, duration=0.19230430000004617>
1025.5929 	EXP 	line1: autoDraw = True
1025.5929 	EXP 	line_2: autoDraw = True
1025.5929 	EXP 	line_3: autoDraw = True
1025.5929 	EXP 	line4: autoDraw = True
1025.6097 	EXP 	fixation: autoDraw = False
1026.5930 	INFO 	Keyboard events cleared
1026.5929 	EXP 	probe: autoDraw = True
1027.0932 	EXP 	Device response: <KeyPress from None: t=1027.0869662, value=x, duration=None>
1027.0936 	EXP 	New trial (rep=37, index=0): <Trial 148 (0 in rep 37) data={'pos': np.int64(-150), 'corr_resp': 'z', 'thisN': 148, 'thisTrialN': 0, 'thisRepN': 37}>
1027.0950 	DATA 	Keypress: x
1027.1096 	EXP 	fixation: autoDraw = False
1027.1096 	EXP 	line1: autoDraw = False
1027.1096 	EXP 	line_2: autoDraw = False
1027.1096 	EXP 	line_3: autoDraw = False
1027.1096 	EXP 	line4: autoDraw = False
1027.1096 	EXP 	probe: autoDraw = False
1027.1096 	EXP 	fixation: autoDraw = True
1027.2260 	EXP 	Device response: <KeyPress from None: t=1027.0869662, value=x, duration=0.13321959999996125>
1028.0932 	EXP 	line1: autoDraw = True
1028.0932 	EXP 	line_2: autoDraw = True
1028.0932 	EXP 	line_3: autoDraw = True
1028.0932 	EXP 	line4: autoDraw = True
1028.1096 	EXP 	fixation: autoDraw = False
1029.0932 	INFO 	Keyboard events cleared
1029.0931 	EXP 	probe: autoDraw = True
1029.4933 	EXP 	Device response: <KeyPress from None: t=1029.4858791000001, value=z, duration=None>
1029.4936 	EXP 	New trial (rep=37, index=1): <Trial 149 (1 in rep 37) data={'pos': np.int64(-50), 'corr_resp': 'x', 'thisN': 149, 'thisTrialN': 1, 'thisRepN': 37}>
1029.4950 	DATA 	Keypress: z
1029.5094 	EXP 	fixation: autoDraw = False
1029.5094 	EXP 	line1: autoDraw = False
1029.5094 	EXP 	line_2: autoDraw = False
1029.5094 	EXP 	line_3: autoDraw = False
1029.5094 	EXP 	line4: autoDraw = False
1029.5094 	EXP 	probe: autoDraw = False
1029.5094 	EXP 	fixation: autoDraw = True
1029.6934 	EXP 	Device response: <KeyPress from None: t=1029.4858791000001, value=z, duration=0.1955644999999322>
1030.4928 	EXP 	line1: autoDraw = True
1030.4928 	EXP 	line_2: autoDraw = True
1030.4928 	EXP 	line_3: autoDraw = True
1030.4928 	EXP 	line4: autoDraw = True
1030.5096 	EXP 	fixation: autoDraw = False
1031.4927 	INFO 	Keyboard events cleared
1031.4926 	EXP 	probe: autoDraw = True
1031.9769 	EXP 	Device response: <KeyPress from None: t=1031.9705273, value=x, duration=None>
1031.9773 	EXP 	New trial (rep=37, index=2): <Trial 150 (2 in rep 37) data={'pos': np.int64(50), 'corr_resp': 'c', 'thisN': 150, 'thisTrialN': 2, 'thisRepN': 37}>
1031.9785 	DATA 	Keypress: x
1031.9930 	EXP 	fixation: autoDraw = False
1031.9930 	EXP 	line1: autoDraw = False
1031.9930 	EXP 	line_2: autoDraw = False
1031.9930 	EXP 	line_3: autoDraw = False
1031.9930 	EXP 	line4: autoDraw = False
1031.9930 	EXP 	probe: autoDraw = False
1031.9930 	EXP 	fixation: autoDraw = True
1032.1935 	EXP 	Device response: <KeyPress from None: t=1031.9705273, value=x, duration=0.206603599999994>
1032.9926 	EXP 	fixation: autoDraw = False
1032.9926 	EXP 	line1: autoDraw = True
1032.9926 	EXP 	line_2: autoDraw = True
1032.9926 	EXP 	line_3: autoDraw = True
1032.9926 	EXP 	line4: autoDraw = True
1033.9764 	INFO 	Keyboard events cleared
1033.9762 	EXP 	probe: autoDraw = True
1034.6434 	EXP 	Device response: <KeyPress from None: t=1034.632161, value=c, duration=None>
1034.6438 	EXP 	New trial (rep=37, index=3): <Trial 151 (3 in rep 37) data={'pos': np.int64(150), 'corr_resp': 'v', 'thisN': 151, 'thisTrialN': 3, 'thisRepN': 37}>
1034.6451 	DATA 	Keypress: c
1034.6600 	EXP 	fixation: autoDraw = False
1034.6600 	EXP 	line1: autoDraw = False
1034.6600 	EXP 	line_2: autoDraw = False
1034.6600 	EXP 	line_3: autoDraw = False
1034.6600 	EXP 	line4: autoDraw = False
1034.6600 	EXP 	probe: autoDraw = False
1034.6600 	EXP 	fixation: autoDraw = True
1034.7769 	EXP 	Device response: <KeyPress from None: t=1034.632161, value=c, duration=0.13580020000006243>
1035.6431 	EXP 	line1: autoDraw = True
1035.6431 	EXP 	line_2: autoDraw = True
1035.6431 	EXP 	line_3: autoDraw = True
1035.6431 	EXP 	line4: autoDraw = True
1035.6595 	EXP 	fixation: autoDraw = False
1036.6432 	INFO 	Keyboard events cleared
1036.6431 	EXP 	probe: autoDraw = True
1037.1444 	EXP 	Device response: <KeyPress from None: t=1037.1373045, value=v, duration=None>
1037.1448 	EXP 	New trial (rep=38, index=0): <Trial 152 (0 in rep 38) data={'pos': np.int64(-150), 'corr_resp': 'z', 'thisN': 152, 'thisTrialN': 0, 'thisRepN': 38}>
1037.1460 	DATA 	Keypress: v
1037.1595 	EXP 	fixation: autoDraw = False
1037.1595 	EXP 	line1: autoDraw = False
1037.1595 	EXP 	line_2: autoDraw = False
1037.1595 	EXP 	line_3: autoDraw = False
1037.1595 	EXP 	line4: autoDraw = False
1037.1595 	EXP 	probe: autoDraw = False
1037.1595 	EXP 	fixation: autoDraw = True
1037.2601 	EXP 	Device response: <KeyPress from None: t=1037.1373045, value=v, duration=0.10758589999988999>
1038.1598 	EXP 	fixation: autoDraw = False
1038.1598 	EXP 	line1: autoDraw = True
1038.1598 	EXP 	line_2: autoDraw = True
1038.1598 	EXP 	line_3: autoDraw = True
1038.1598 	EXP 	line4: autoDraw = True
1039.1594 	INFO 	Keyboard events cleared
1039.1593 	EXP 	probe: autoDraw = True
1039.5434 	EXP 	Device response: <KeyPress from None: t=1039.5378127, value=z, duration=None>
1039.5439 	EXP 	New trial (rep=38, index=1): <Trial 153 (1 in rep 38) data={'pos': np.int64(50), 'corr_resp': 'c', 'thisN': 153, 'thisTrialN': 1, 'thisRepN': 38}>
1039.5453 	DATA 	Keypress: z
1039.5594 	EXP 	fixation: autoDraw = False
1039.5594 	EXP 	line1: autoDraw = False
1039.5594 	EXP 	line_2: autoDraw = False
1039.5594 	EXP 	line_3: autoDraw = False
1039.5594 	EXP 	line4: autoDraw = False
1039.5594 	EXP 	probe: autoDraw = False
1039.5594 	EXP 	fixation: autoDraw = True
1039.6934 	EXP 	Device response: <KeyPress from None: t=1039.5378127, value=z, duration=0.14840179999998782>
1040.5428 	EXP 	line1: autoDraw = True
1040.5428 	EXP 	line_2: autoDraw = True
1040.5428 	EXP 	line_3: autoDraw = True
1040.5428 	EXP 	line4: autoDraw = True
1040.5597 	EXP 	fixation: autoDraw = False
1041.5430 	INFO 	Keyboard events cleared
1041.5429 	EXP 	probe: autoDraw = True
1042.1268 	EXP 	Device response: <KeyPress from None: t=1042.1240499, value=c, duration=None>
1042.1271 	EXP 	New trial (rep=38, index=2): <Trial 154 (2 in rep 38) data={'pos': np.int64(150), 'corr_resp': 'v', 'thisN': 154, 'thisTrialN': 2, 'thisRepN': 38}>
1042.1285 	DATA 	Keypress: c
1042.1430 	EXP 	fixation: autoDraw = False
1042.1430 	EXP 	line1: autoDraw = False
1042.1430 	EXP 	line_2: autoDraw = False
1042.1430 	EXP 	line_3: autoDraw = False
1042.1430 	EXP 	line4: autoDraw = False
1042.1430 	EXP 	probe: autoDraw = False
1042.1430 	EXP 	fixation: autoDraw = True
1042.2767 	EXP 	Device response: <KeyPress from None: t=1042.1240499, value=c, duration=0.1494767999998885>
1043.1264 	EXP 	line1: autoDraw = True
1043.1264 	EXP 	line_2: autoDraw = True
1043.1264 	EXP 	line_3: autoDraw = True
1043.1264 	EXP 	line4: autoDraw = True
1043.1429 	EXP 	fixation: autoDraw = False
1044.1436 	INFO 	Keyboard events cleared
1044.1435 	EXP 	probe: autoDraw = True
1044.5436 	EXP 	Device response: <KeyPress from None: t=1044.5349385, value=v, duration=None>
1044.5440 	EXP 	New trial (rep=38, index=3): <Trial 155 (3 in rep 38) data={'pos': np.int64(-50), 'corr_resp': 'x', 'thisN': 155, 'thisTrialN': 3, 'thisRepN': 38}>
1044.5455 	DATA 	Keypress: v
1044.5596 	EXP 	fixation: autoDraw = False
1044.5596 	EXP 	line1: autoDraw = False
1044.5596 	EXP 	line_2: autoDraw = False
1044.5596 	EXP 	line_3: autoDraw = False
1044.5596 	EXP 	line4: autoDraw = False
1044.5596 	EXP 	probe: autoDraw = False
1044.5596 	EXP 	fixation: autoDraw = True
1044.7100 	EXP 	Device response: <KeyPress from None: t=1044.5349385, value=v, duration=0.16236100000003262>
1045.5431 	EXP 	line1: autoDraw = True
1045.5431 	EXP 	line_2: autoDraw = True
1045.5431 	EXP 	line_3: autoDraw = True
1045.5431 	EXP 	line4: autoDraw = True
1045.5596 	EXP 	fixation: autoDraw = False
1046.5432 	INFO 	Keyboard events cleared
1046.5430 	EXP 	probe: autoDraw = True
1047.1771 	EXP 	Device response: <KeyPress from None: t=1047.1762924999998, value=x, duration=None>
1047.1775 	EXP 	New trial (rep=39, index=0): <Trial 156 (0 in rep 39) data={'pos': np.int64(150), 'corr_resp': 'v', 'thisN': 156, 'thisTrialN': 0, 'thisRepN': 39}>
1047.1788 	DATA 	Keypress: x
1047.1927 	EXP 	fixation: autoDraw = False
1047.1927 	EXP 	line1: autoDraw = False
1047.1927 	EXP 	line_2: autoDraw = False
1047.1927 	EXP 	line_3: autoDraw = False
1047.1927 	EXP 	line4: autoDraw = False
1047.1927 	EXP 	probe: autoDraw = False
1047.1927 	EXP 	fixation: autoDraw = True
1047.3935 	EXP 	Device response: <KeyPress from None: t=1047.1762924999998, value=x, duration=0.20292680000022756>
1048.1929 	EXP 	fixation: autoDraw = False
1048.1929 	EXP 	line1: autoDraw = True
1048.1929 	EXP 	line_2: autoDraw = True
1048.1929 	EXP 	line_3: autoDraw = True
1048.1929 	EXP 	line4: autoDraw = True
1049.1934 	INFO 	Keyboard events cleared
1049.1932 	EXP 	probe: autoDraw = True
1049.7600 	EXP 	Device response: <KeyPress from None: t=1049.7537232999998, value=v, duration=None>
1049.7604 	EXP 	New trial (rep=39, index=1): <Trial 157 (1 in rep 39) data={'pos': np.int64(50), 'corr_resp': 'c', 'thisN': 157, 'thisTrialN': 1, 'thisRepN': 39}>
1049.7616 	DATA 	Keypress: v
1049.7761 	EXP 	fixation: autoDraw = False
1049.7761 	EXP 	line1: autoDraw = False
1049.7761 	EXP 	line_2: autoDraw = False
1049.7761 	EXP 	line_3: autoDraw = False
1049.7761 	EXP 	line4: autoDraw = False
1049.7761 	EXP 	probe: autoDraw = False
1049.7761 	EXP 	fixation: autoDraw = True
1049.9768 	EXP 	Device response: <KeyPress from None: t=1049.7537232999998, value=v, duration=0.2142396000002691>
1050.7597 	EXP 	line1: autoDraw = True
1050.7597 	EXP 	line_2: autoDraw = True
1050.7597 	EXP 	line_3: autoDraw = True
1050.7597 	EXP 	line4: autoDraw = True
1050.7765 	EXP 	fixation: autoDraw = False
1051.7605 	INFO 	Keyboard events cleared
1051.7603 	EXP 	probe: autoDraw = True
1052.2929 	EXP 	Device response: <KeyPress from None: t=1052.2902457, value=c, duration=None>
1052.2934 	EXP 	New trial (rep=39, index=2): <Trial 158 (2 in rep 39) data={'pos': np.int64(-150), 'corr_resp': 'z', 'thisN': 158, 'thisTrialN': 2, 'thisRepN': 39}>
1052.2947 	DATA 	Keypress: c
1052.3100 	EXP 	fixation: autoDraw = False
1052.3100 	EXP 	line1: autoDraw = False
1052.3100 	EXP 	line_2: autoDraw = False
1052.3100 	EXP 	line_3: autoDraw = False
1052.3100 	EXP 	line4: autoDraw = False
1052.3100 	EXP 	probe: autoDraw = False
1052.3100 	EXP 	fixation: autoDraw = True
1052.4937 	EXP 	Device response: <KeyPress from None: t=1052.2902457, value=c, duration=0.1981953000000658>
1053.2932 	EXP 	line1: autoDraw = True
1053.2932 	EXP 	line_2: autoDraw = True
1053.2932 	EXP 	line_3: autoDraw = True
1053.2932 	EXP 	line4: autoDraw = True
1053.3095 	EXP 	fixation: autoDraw = False
1054.2933 	INFO 	Keyboard events cleared
1054.2931 	EXP 	probe: autoDraw = True
1054.6117 	DATA 	Keypress: z
1054.6269 	EXP 	Device response: <KeyPress from None: t=1054.6108183000001, value=z, duration=None>
1054.6273 	EXP 	New trial (rep=39, index=3): <Trial 159 (3 in rep 39) data={'pos': np.int64(-50), 'corr_resp': 'x', 'thisN': 159, 'thisTrialN': 3, 'thisRepN': 39}>
1054.6422 	EXP 	fixation: autoDraw = False
1054.6422 	EXP 	line1: autoDraw = False
1054.6422 	EXP 	line_2: autoDraw = False
1054.6422 	EXP 	line_3: autoDraw = False
1054.6422 	EXP 	line4: autoDraw = False
1054.6422 	EXP 	probe: autoDraw = False
1054.6422 	EXP 	fixation: autoDraw = True
1054.8445 	EXP 	Device response: <KeyPress from None: t=1054.6108183000001, value=z, duration=0.22195419999991373>
1055.6434 	EXP 	fixation: autoDraw = False
1055.6434 	EXP 	line1: autoDraw = True
1055.6434 	EXP 	line_2: autoDraw = True
1055.6434 	EXP 	line_3: autoDraw = True
1055.6434 	EXP 	line4: autoDraw = True
1056.6263 	INFO 	Keyboard events cleared
1056.6261 	EXP 	probe: autoDraw = True
1057.7931 	EXP 	Device response: <KeyPress from None: t=1057.7788581, value=x, duration=None>
1057.7934 	EXP 	New trial (rep=40, index=0): <Trial 160 (0 in rep 40) data={'pos': np.int64(50), 'corr_resp': 'c', 'thisN': 160, 'thisTrialN': 0, 'thisRepN': 40}>
1057.7948 	DATA 	Keypress: x
1057.8096 	EXP 	fixation: autoDraw = False
1057.8096 	EXP 	line1: autoDraw = False
1057.8096 	EXP 	line_2: autoDraw = False
1057.8096 	EXP 	line_3: autoDraw = False
1057.8096 	EXP 	line4: autoDraw = False
1057.8096 	EXP 	probe: autoDraw = False
1057.8096 	EXP 	fixation: autoDraw = True
1057.9434 	EXP 	Device response: <KeyPress from None: t=1057.7788581, value=x, duration=0.1541912999999795>
1058.7927 	EXP 	line1: autoDraw = True
1058.7927 	EXP 	line_2: autoDraw = True
1058.7927 	EXP 	line_3: autoDraw = True
1058.7927 	EXP 	line4: autoDraw = True
1058.8094 	EXP 	fixation: autoDraw = False
1059.7933 	INFO 	Keyboard events cleared
1059.7931 	EXP 	probe: autoDraw = True
1060.1453 	DATA 	Keypress: c
1060.1604 	EXP 	Device response: <KeyPress from None: t=1060.1437583000002, value=c, duration=None>
1060.1608 	EXP 	New trial (rep=40, index=1): <Trial 161 (1 in rep 40) data={'pos': np.int64(-50), 'corr_resp': 'x', 'thisN': 161, 'thisTrialN': 1, 'thisRepN': 40}>
1060.1767 	EXP 	fixation: autoDraw = False
1060.1767 	EXP 	line1: autoDraw = False
1060.1767 	EXP 	line_2: autoDraw = False
1060.1767 	EXP 	line_3: autoDraw = False
1060.1767 	EXP 	line4: autoDraw = False
1060.1767 	EXP 	probe: autoDraw = False
1060.1767 	EXP 	fixation: autoDraw = True
1060.3100 	EXP 	Device response: <KeyPress from None: t=1060.1437583000002, value=c, duration=0.15755799999976716>
1061.1765 	EXP 	fixation: autoDraw = False
1061.1765 	EXP 	line1: autoDraw = True
1061.1765 	EXP 	line_2: autoDraw = True
1061.1765 	EXP 	line_3: autoDraw = True
1061.1765 	EXP 	line4: autoDraw = True
1062.1600 	INFO 	Keyboard events cleared
1062.1598 	EXP 	probe: autoDraw = True
1062.7290 	DATA 	Keypress: x
1062.7433 	EXP 	Device response: <KeyPress from None: t=1062.7281019000002, value=x, duration=None>
1062.7437 	EXP 	New trial (rep=40, index=2): <Trial 162 (2 in rep 40) data={'pos': np.int64(-150), 'corr_resp': 'z', 'thisN': 162, 'thisTrialN': 2, 'thisRepN': 40}>
1062.7599 	EXP 	fixation: autoDraw = False
1062.7599 	EXP 	line1: autoDraw = False
1062.7599 	EXP 	line_2: autoDraw = False
1062.7599 	EXP 	line_3: autoDraw = False
1062.7599 	EXP 	line4: autoDraw = False
1062.7599 	EXP 	probe: autoDraw = False
1062.7599 	EXP 	fixation: autoDraw = True
1062.8437 	EXP 	Device response: <KeyPress from None: t=1062.7281019000002, value=x, duration=0.11303959999975177>
1063.7428 	EXP 	line1: autoDraw = True
1063.7428 	EXP 	line_2: autoDraw = True
1063.7428 	EXP 	line_3: autoDraw = True
1063.7428 	EXP 	line4: autoDraw = True
1063.7601 	EXP 	fixation: autoDraw = False
1064.7430 	INFO 	Keyboard events cleared
1064.7429 	EXP 	probe: autoDraw = True
1065.1602 	EXP 	Device response: <KeyPress from None: t=1065.1473462, value=z, duration=None>
1065.1605 	EXP 	New trial (rep=40, index=3): <Trial 163 (3 in rep 40) data={'pos': np.int64(150), 'corr_resp': 'v', 'thisN': 163, 'thisTrialN': 3, 'thisRepN': 40}>
1065.1619 	DATA 	Keypress: z
1065.1764 	EXP 	fixation: autoDraw = False
1065.1764 	EXP 	line1: autoDraw = False
1065.1764 	EXP 	line_2: autoDraw = False
1065.1764 	EXP 	line_3: autoDraw = False
1065.1764 	EXP 	line4: autoDraw = False
1065.1764 	EXP 	probe: autoDraw = False
1065.1764 	EXP 	fixation: autoDraw = True
1065.3426 	EXP 	Device response: <KeyPress from None: t=1065.1473462, value=z, duration=0.17905160000020715>
1066.1597 	EXP 	line1: autoDraw = True
1066.1597 	EXP 	line_2: autoDraw = True
1066.1597 	EXP 	line_3: autoDraw = True
1066.1597 	EXP 	line4: autoDraw = True
1066.1765 	EXP 	fixation: autoDraw = False
1067.1764 	INFO 	Keyboard events cleared
1067.1762 	EXP 	probe: autoDraw = True
1067.8615 	EXP 	Device response: <KeyPress from None: t=1067.8595747, value=v, duration=None>
1067.8618 	EXP 	New trial (rep=41, index=0): <Trial 164 (0 in rep 41) data={'pos': np.int64(50), 'corr_resp': 'c', 'thisN': 164, 'thisTrialN': 0, 'thisRepN': 41}>
1067.8631 	DATA 	Keypress: v
1067.8761 	EXP 	fixation: autoDraw = False
1067.8761 	EXP 	line1: autoDraw = False
1067.8761 	EXP 	line_2: autoDraw = False
1067.8761 	EXP 	line_3: autoDraw = False
1067.8761 	EXP 	line4: autoDraw = False
1067.8761 	EXP 	probe: autoDraw = False
1067.8761 	EXP 	fixation: autoDraw = True
1068.1107 	EXP 	Device response: <KeyPress from None: t=1067.8595747, value=v, duration=0.24686740000004193>
1068.8766 	EXP 	fixation: autoDraw = False
1068.8766 	EXP 	line1: autoDraw = True
1068.8766 	EXP 	line_2: autoDraw = True
1068.8766 	EXP 	line_3: autoDraw = True
1068.8766 	EXP 	line4: autoDraw = True
1069.8766 	INFO 	Keyboard events cleared
1069.8765 	EXP 	probe: autoDraw = True
1070.6786 	DATA 	Keypress: c
1070.6936 	EXP 	Device response: <KeyPress from None: t=1070.6774061, value=c, duration=None>
1070.6941 	EXP 	New trial (rep=41, index=1): <Trial 165 (1 in rep 41) data={'pos': np.int64(-150), 'corr_resp': 'z', 'thisN': 165, 'thisTrialN': 1, 'thisRepN': 41}>
1070.7098 	EXP 	fixation: autoDraw = False
1070.7098 	EXP 	line1: autoDraw = False
1070.7098 	EXP 	line_2: autoDraw = False
1070.7098 	EXP 	line_3: autoDraw = False
1070.7098 	EXP 	line4: autoDraw = False
1070.7098 	EXP 	probe: autoDraw = False
1070.7098 	EXP 	fixation: autoDraw = True
1070.7437 	EXP 	Device response: <KeyPress from None: t=1070.6774061, value=c, duration=0.04998589999979686>
1071.6933 	EXP 	line1: autoDraw = True
1071.6933 	EXP 	line_2: autoDraw = True
1071.6933 	EXP 	line_3: autoDraw = True
1071.6933 	EXP 	line4: autoDraw = True
1071.7096 	EXP 	fixation: autoDraw = False
1072.6934 	INFO 	Keyboard events cleared
1072.6933 	EXP 	probe: autoDraw = True
1073.1774 	EXP 	Device response: <KeyPress from None: t=1073.1734538, value=z, duration=None>
1073.1778 	EXP 	New trial (rep=41, index=2): <Trial 166 (2 in rep 41) data={'pos': np.int64(150), 'corr_resp': 'v', 'thisN': 166, 'thisTrialN': 2, 'thisRepN': 41}>
1073.1791 	DATA 	Keypress: z
1073.1928 	EXP 	fixation: autoDraw = False
1073.1928 	EXP 	line1: autoDraw = False
1073.1928 	EXP 	line_2: autoDraw = False
1073.1928 	EXP 	line_3: autoDraw = False
1073.1928 	EXP 	line4: autoDraw = False
1073.1928 	EXP 	probe: autoDraw = False
1073.1928 	EXP 	fixation: autoDraw = True
1073.2762 	EXP 	Device response: <KeyPress from None: t=1073.1734538, value=z, duration=0.0955976999999848>
1074.1935 	EXP 	fixation: autoDraw = False
1074.1935 	EXP 	line1: autoDraw = True
1074.1935 	EXP 	line_2: autoDraw = True
1074.1935 	EXP 	line_3: autoDraw = True
1074.1935 	EXP 	line4: autoDraw = True
1075.1933 	INFO 	Keyboard events cleared
1075.1931 	EXP 	probe: autoDraw = True
1077.9119 	DATA 	Keypress: v
1077.9270 	EXP 	Device response: <KeyPress from None: t=1077.9109313, value=v, duration=None>
1077.9274 	EXP 	New trial (rep=41, index=3): <Trial 167 (3 in rep 41) data={'pos': np.int64(-50), 'corr_resp': 'x', 'thisN': 167, 'thisTrialN': 3, 'thisRepN': 41}>
1077.9439 	EXP 	fixation: autoDraw = False
1077.9439 	EXP 	line1: autoDraw = False
1077.9439 	EXP 	line_2: autoDraw = False
1077.9439 	EXP 	line_3: autoDraw = False
1077.9439 	EXP 	line4: autoDraw = False
1077.9439 	EXP 	probe: autoDraw = False
1077.9439 	EXP 	fixation: autoDraw = True
1077.9931 	EXP 	Device response: <KeyPress from None: t=1077.9109313, value=v, duration=0.06647640000016963>
1078.9265 	EXP 	line1: autoDraw = True
1078.9265 	EXP 	line_2: autoDraw = True
1078.9265 	EXP 	line_3: autoDraw = True
1078.9265 	EXP 	line4: autoDraw = True
1078.9431 	EXP 	fixation: autoDraw = False
1079.9267 	INFO 	Keyboard events cleared
1079.9266 	EXP 	probe: autoDraw = True
1081.6295 	DATA 	Keypress: x
1081.6434 	EXP 	Device response: <KeyPress from None: t=1081.6280244999998, value=x, duration=None>
1081.6437 	EXP 	New trial (rep=42, index=0): <Trial 168 (0 in rep 42) data={'pos': np.int64(150), 'corr_resp': 'v', 'thisN': 168, 'thisTrialN': 0, 'thisRepN': 42}>
1081.6590 	EXP 	fixation: autoDraw = False
1081.6590 	EXP 	line1: autoDraw = False
1081.6590 	EXP 	line_2: autoDraw = False
1081.6590 	EXP 	line_3: autoDraw = False
1081.6590 	EXP 	line4: autoDraw = False
1081.6590 	EXP 	probe: autoDraw = False
1081.6590 	EXP 	fixation: autoDraw = True
1081.7766 	EXP 	Device response: <KeyPress from None: t=1081.6280244999998, value=x, duration=0.14160090000029868>
1082.6433 	EXP 	line1: autoDraw = True
1082.6433 	EXP 	line_2: autoDraw = True
1082.6433 	EXP 	line_3: autoDraw = True
1082.6433 	EXP 	line4: autoDraw = True
1082.6598 	EXP 	fixation: autoDraw = False
1083.6434 	INFO 	Keyboard events cleared
1083.6433 	EXP 	probe: autoDraw = True
1085.4106 	EXP 	Device response: <KeyPress from None: t=1085.4020916, value=v, duration=None>
1085.4110 	EXP 	New trial (rep=42, index=1): <Trial 169 (1 in rep 42) data={'pos': np.int64(50), 'corr_resp': 'c', 'thisN': 169, 'thisTrialN': 1, 'thisRepN': 42}>
1085.4123 	DATA 	Keypress: v
1085.4263 	EXP 	fixation: autoDraw = False
1085.4263 	EXP 	line1: autoDraw = False
1085.4263 	EXP 	line_2: autoDraw = False
1085.4263 	EXP 	line_3: autoDraw = False
1085.4263 	EXP 	line4: autoDraw = False
1085.4263 	EXP 	probe: autoDraw = False
1085.4263 	EXP 	fixation: autoDraw = True
1085.5603 	EXP 	Device response: <KeyPress from None: t=1085.4020916, value=v, duration=0.1557179000000133>
1086.4267 	EXP 	fixation: autoDraw = False
1086.4267 	EXP 	line1: autoDraw = True
1086.4267 	EXP 	line_2: autoDraw = True
1086.4267 	EXP 	line_3: autoDraw = True
1086.4267 	EXP 	line4: autoDraw = True
1087.4266 	INFO 	Keyboard events cleared
1087.4265 	EXP 	probe: autoDraw = True
1088.5937 	EXP 	Device response: <KeyPress from None: t=1088.5930445, value=c, duration=None>
1088.5941 	EXP 	New trial (rep=42, index=2): <Trial 170 (2 in rep 42) data={'pos': np.int64(-50), 'corr_resp': 'x', 'thisN': 170, 'thisTrialN': 2, 'thisRepN': 42}>
1088.5955 	DATA 	Keypress: c
1088.6096 	EXP 	fixation: autoDraw = False
1088.6096 	EXP 	line1: autoDraw = False
1088.6096 	EXP 	line_2: autoDraw = False
1088.6096 	EXP 	line_3: autoDraw = False
1088.6096 	EXP 	line4: autoDraw = False
1088.6096 	EXP 	probe: autoDraw = False
1088.6096 	EXP 	fixation: autoDraw = True
1088.7938 	EXP 	Device response: <KeyPress from None: t=1088.5930445, value=c, duration=0.1904271000001927>
1089.5932 	EXP 	line1: autoDraw = True
1089.5932 	EXP 	line_2: autoDraw = True
1089.5932 	EXP 	line_3: autoDraw = True
1089.5932 	EXP 	line4: autoDraw = True
1089.6099 	EXP 	fixation: autoDraw = False
1090.5933 	INFO 	Keyboard events cleared
1090.5931 	EXP 	probe: autoDraw = True
1091.6603 	EXP 	Device response: <KeyPress from None: t=1091.6556898, value=x, duration=None>
1091.6607 	EXP 	New trial (rep=42, index=3): <Trial 171 (3 in rep 42) data={'pos': np.int64(-150), 'corr_resp': 'z', 'thisN': 171, 'thisTrialN': 3, 'thisRepN': 42}>
1091.6621 	DATA 	Keypress: x
1091.6765 	EXP 	fixation: autoDraw = False
1091.6765 	EXP 	line1: autoDraw = False
1091.6765 	EXP 	line_2: autoDraw = False
1091.6765 	EXP 	line_3: autoDraw = False
1091.6765 	EXP 	line4: autoDraw = False
1091.6765 	EXP 	probe: autoDraw = False
1091.6765 	EXP 	fixation: autoDraw = True
1091.9103 	EXP 	Device response: <KeyPress from None: t=1091.6556898, value=x, duration=0.24352290000013>
1092.6601 	EXP 	line1: autoDraw = True
1092.6601 	EXP 	line_2: autoDraw = True
1092.6601 	EXP 	line_3: autoDraw = True
1092.6601 	EXP 	line4: autoDraw = True
1092.6770 	EXP 	fixation: autoDraw = False
1093.6600 	INFO 	Keyboard events cleared
1093.6598 	EXP 	probe: autoDraw = True
1094.2606 	EXP 	Device response: <KeyPress from None: t=1094.2580503, value=z, duration=None>
1094.2610 	EXP 	New trial (rep=43, index=0): <Trial 172 (0 in rep 43) data={'pos': np.int64(-50), 'corr_resp': 'x', 'thisN': 172, 'thisTrialN': 0, 'thisRepN': 43}>
1094.2623 	DATA 	Keypress: z
1094.2762 	EXP 	fixation: autoDraw = False
1094.2762 	EXP 	line1: autoDraw = False
1094.2762 	EXP 	line_2: autoDraw = False
1094.2762 	EXP 	line_3: autoDraw = False
1094.2762 	EXP 	line4: autoDraw = False
1094.2762 	EXP 	probe: autoDraw = False
1094.2762 	EXP 	fixation: autoDraw = True
1094.4441 	EXP 	Device response: <KeyPress from None: t=1094.2580503, value=z, duration=0.18546890000004623>
1095.2765 	EXP 	fixation: autoDraw = False
1095.2765 	EXP 	line1: autoDraw = True
1095.2765 	EXP 	line_2: autoDraw = True
1095.2765 	EXP 	line_3: autoDraw = True
1095.2765 	EXP 	line4: autoDraw = True
1095.4440 	EXP 	Device response: <KeyPress from None: t=1095.4374847, value=z, duration=None>
1095.4452 	DATA 	Keypress: z
1095.8107 	EXP 	Device response: <KeyPress from None: t=1095.4374847, value=z, duration=0.3667934000001196>
1096.0608 	EXP 	Device response: <KeyPress from None: t=1096.0590932999999, value=z, duration=None>
1096.0620 	DATA 	Keypress: z
1096.2769 	INFO 	Keyboard events cleared
1096.2767 	EXP 	probe: autoDraw = True
1097.4606 	EXP 	Device response: <KeyPress from None: t=1096.0590932999999, value=z, duration=1.4009862000001476>
1098.6773 	EXP 	Device response: <KeyPress from None: t=1098.66359, value=x, duration=None>
1098.6777 	EXP 	New trial (rep=43, index=1): <Trial 173 (1 in rep 43) data={'pos': np.int64(150), 'corr_resp': 'v', 'thisN': 173, 'thisTrialN': 1, 'thisRepN': 43}>
1098.6791 	DATA 	Keypress: x
1098.6930 	EXP 	fixation: autoDraw = False
1098.6930 	EXP 	line1: autoDraw = False
1098.6930 	EXP 	line_2: autoDraw = False
1098.6930 	EXP 	line_3: autoDraw = False
1098.6930 	EXP 	line4: autoDraw = False
1098.6930 	EXP 	probe: autoDraw = False
1098.6930 	EXP 	fixation: autoDraw = True
1098.7934 	EXP 	Device response: <KeyPress from None: t=1098.66359, value=x, duration=0.1270396999999548>
1099.6932 	EXP 	fixation: autoDraw = False
1099.6932 	EXP 	line1: autoDraw = True
1099.6932 	EXP 	line_2: autoDraw = True
1099.6932 	EXP 	line_3: autoDraw = True
1099.6932 	EXP 	line4: autoDraw = True
1100.6933 	INFO 	Keyboard events cleared
1100.6931 	EXP 	probe: autoDraw = True
1101.5272 	EXP 	Device response: <KeyPress from None: t=1101.5254624999998, value=v, duration=None>
1101.5276 	EXP 	New trial (rep=43, index=2): <Trial 174 (2 in rep 43) data={'pos': np.int64(50), 'corr_resp': 'c', 'thisN': 174, 'thisTrialN': 2, 'thisRepN': 43}>
1101.5290 	DATA 	Keypress: v
1101.5429 	EXP 	fixation: autoDraw = False
1101.5429 	EXP 	line1: autoDraw = False
1101.5429 	EXP 	line_2: autoDraw = False
1101.5429 	EXP 	line_3: autoDraw = False
1101.5429 	EXP 	line4: autoDraw = False
1101.5429 	EXP 	probe: autoDraw = False
1101.5429 	EXP 	fixation: autoDraw = True
1101.5935 	EXP 	Device response: <KeyPress from None: t=1101.5254624999998, value=v, duration=0.0647713000001886>
1102.5265 	EXP 	line1: autoDraw = True
1102.5265 	EXP 	line_2: autoDraw = True
1102.5265 	EXP 	line_3: autoDraw = True
1102.5265 	EXP 	line4: autoDraw = True
1102.5434 	EXP 	fixation: autoDraw = False
1103.5269 	INFO 	Keyboard events cleared
1103.5267 	EXP 	probe: autoDraw = True
1104.6270 	EXP 	Device response: <KeyPress from None: t=1104.6197000000002, value=c, duration=None>
1104.6273 	EXP 	New trial (rep=43, index=3): <Trial 175 (3 in rep 43) data={'pos': np.int64(-150), 'corr_resp': 'z', 'thisN': 175, 'thisTrialN': 3, 'thisRepN': 43}>
1104.6285 	DATA 	Keypress: c
1104.6434 	EXP 	fixation: autoDraw = False
1104.6434 	EXP 	line1: autoDraw = False
1104.6434 	EXP 	line_2: autoDraw = False
1104.6434 	EXP 	line_3: autoDraw = False
1104.6434 	EXP 	line4: autoDraw = False
1104.6434 	EXP 	probe: autoDraw = False
1104.6434 	EXP 	fixation: autoDraw = True
1104.7270 	EXP 	Device response: <KeyPress from None: t=1104.6197000000002, value=c, duration=0.10131009999975049>
1105.6266 	EXP 	line1: autoDraw = True
1105.6266 	EXP 	line_2: autoDraw = True
1105.6266 	EXP 	line_3: autoDraw = True
1105.6266 	EXP 	line4: autoDraw = True
1105.6434 	EXP 	fixation: autoDraw = False
1106.6269 	INFO 	Keyboard events cleared
1106.6267 	EXP 	probe: autoDraw = True
1107.2603 	EXP 	Device response: <KeyPress from None: t=1107.2462277999998, value=z, duration=None>
1107.2606 	EXP 	New trial (rep=44, index=0): <Trial 176 (0 in rep 44) data={'pos': np.int64(150), 'corr_resp': 'v', 'thisN': 176, 'thisTrialN': 0, 'thisRepN': 44}>
1107.2618 	DATA 	Keypress: z
1107.2763 	EXP 	fixation: autoDraw = False
1107.2763 	EXP 	line1: autoDraw = False
1107.2763 	EXP 	line_2: autoDraw = False
1107.2763 	EXP 	line_3: autoDraw = False
1107.2763 	EXP 	line4: autoDraw = False
1107.2763 	EXP 	probe: autoDraw = False
1107.2763 	EXP 	fixation: autoDraw = True
1107.3771 	EXP 	Device response: <KeyPress from None: t=1107.2462277999998, value=z, duration=0.1168080000001055>
1108.2601 	EXP 	line1: autoDraw = True
1108.2601 	EXP 	line_2: autoDraw = True
1108.2601 	EXP 	line_3: autoDraw = True
1108.2601 	EXP 	line4: autoDraw = True
1108.2763 	EXP 	fixation: autoDraw = False
1109.2603 	INFO 	Keyboard events cleared
1109.2602 	EXP 	probe: autoDraw = True
1110.2270 	EXP 	Device response: <KeyPress from None: t=1110.2152577000002, value=v, duration=None>
1110.2274 	EXP 	New trial (rep=44, index=1): <Trial 177 (1 in rep 44) data={'pos': np.int64(50), 'corr_resp': 'c', 'thisN': 177, 'thisTrialN': 1, 'thisRepN': 44}>
1110.2292 	DATA 	Keypress: v
1110.2433 	EXP 	fixation: autoDraw = False
1110.2433 	EXP 	line1: autoDraw = False
1110.2433 	EXP 	line_2: autoDraw = False
1110.2433 	EXP 	line_3: autoDraw = False
1110.2433 	EXP 	line4: autoDraw = False
1110.2433 	EXP 	probe: autoDraw = False
1110.2433 	EXP 	fixation: autoDraw = True
1110.2769 	EXP 	Device response: <KeyPress from None: t=1110.2152577000002, value=v, duration=0.05537869999977829>
1111.2266 	EXP 	line1: autoDraw = True
1111.2266 	EXP 	line_2: autoDraw = True
1111.2266 	EXP 	line_3: autoDraw = True
1111.2266 	EXP 	line4: autoDraw = True
1111.2433 	EXP 	fixation: autoDraw = False
1112.2265 	INFO 	Keyboard events cleared
1112.2264 	EXP 	probe: autoDraw = True
1113.3104 	EXP 	Device response: <KeyPress from None: t=1113.3040554, value=c, duration=None>
1113.3108 	EXP 	New trial (rep=44, index=2): <Trial 178 (2 in rep 44) data={'pos': np.int64(-150), 'corr_resp': 'z', 'thisN': 178, 'thisTrialN': 2, 'thisRepN': 44}>
1113.3121 	DATA 	Keypress: c
1113.3264 	EXP 	fixation: autoDraw = False
1113.3264 	EXP 	line1: autoDraw = False
1113.3264 	EXP 	line_2: autoDraw = False
1113.3264 	EXP 	line_3: autoDraw = False
1113.3264 	EXP 	line4: autoDraw = False
1113.3264 	EXP 	probe: autoDraw = False
1113.3264 	EXP 	fixation: autoDraw = True
1113.4103 	EXP 	Device response: <KeyPress from None: t=1113.3040554, value=c, duration=0.10434790000010707>
1114.3100 	EXP 	line1: autoDraw = True
1114.3100 	EXP 	line_2: autoDraw = True
1114.3100 	EXP 	line_3: autoDraw = True
1114.3100 	EXP 	line4: autoDraw = True
1114.3265 	EXP 	fixation: autoDraw = False
1115.3100 	INFO 	Keyboard events cleared
1115.3099 	EXP 	probe: autoDraw = True
1115.8602 	EXP 	Device response: <KeyPress from None: t=1115.8563347999998, value=z, duration=None>
1115.8605 	EXP 	New trial (rep=44, index=3): <Trial 179 (3 in rep 44) data={'pos': np.int64(-50), 'corr_resp': 'x', 'thisN': 179, 'thisTrialN': 3, 'thisRepN': 44}>
1115.8617 	DATA 	Keypress: z
1115.8764 	EXP 	fixation: autoDraw = False
1115.8764 	EXP 	line1: autoDraw = False
1115.8764 	EXP 	line_2: autoDraw = False
1115.8764 	EXP 	line_3: autoDraw = False
1115.8764 	EXP 	line4: autoDraw = False
1115.8764 	EXP 	probe: autoDraw = False
1115.8764 	EXP 	fixation: autoDraw = True
1115.9440 	EXP 	Device response: <KeyPress from None: t=1115.8563347999998, value=z, duration=0.07894750000025397>
1116.8599 	EXP 	line1: autoDraw = True
1116.8599 	EXP 	line_2: autoDraw = True
1116.8599 	EXP 	line_3: autoDraw = True
1116.8599 	EXP 	line4: autoDraw = True
1116.8766 	EXP 	fixation: autoDraw = False
1117.8601 	INFO 	Keyboard events cleared
1117.8599 	EXP 	probe: autoDraw = True
1118.7933 	EXP 	Device response: <KeyPress from None: t=1118.7791131, value=x, duration=None>
1118.7937 	EXP 	New trial (rep=45, index=0): <Trial 180 (0 in rep 45) data={'pos': np.int64(150), 'corr_resp': 'v', 'thisN': 180, 'thisTrialN': 0, 'thisRepN': 45}>
1118.7950 	DATA 	Keypress: x
1118.8100 	EXP 	fixation: autoDraw = False
1118.8100 	EXP 	line1: autoDraw = False
1118.8100 	EXP 	line_2: autoDraw = False
1118.8100 	EXP 	line_3: autoDraw = False
1118.8100 	EXP 	line4: autoDraw = False
1118.8100 	EXP 	probe: autoDraw = False
1118.8100 	EXP 	fixation: autoDraw = True
1118.8770 	EXP 	Device response: <KeyPress from None: t=1118.7791131, value=x, duration=0.09459479999998166>
1119.7932 	EXP 	line1: autoDraw = True
1119.7932 	EXP 	line_2: autoDraw = True
1119.7932 	EXP 	line_3: autoDraw = True
1119.7932 	EXP 	line4: autoDraw = True
1119.8099 	EXP 	fixation: autoDraw = False
1120.7934 	INFO 	Keyboard events cleared
1120.7932 	EXP 	probe: autoDraw = True
1121.6437 	EXP 	Device response: <KeyPress from None: t=1121.6336660000002, value=v, duration=None>
1121.6441 	EXP 	New trial (rep=45, index=1): <Trial 181 (1 in rep 45) data={'pos': np.int64(-50), 'corr_resp': 'x', 'thisN': 181, 'thisTrialN': 1, 'thisRepN': 45}>
1121.6457 	DATA 	Keypress: v
1121.6599 	EXP 	fixation: autoDraw = False
1121.6599 	EXP 	line1: autoDraw = False
1121.6599 	EXP 	line_2: autoDraw = False
1121.6599 	EXP 	line_3: autoDraw = False
1121.6599 	EXP 	line4: autoDraw = False
1121.6599 	EXP 	probe: autoDraw = False
1121.6599 	EXP 	fixation: autoDraw = True
1121.7104 	EXP 	Device response: <KeyPress from None: t=1121.6336660000002, value=v, duration=0.05995569999993222>
1122.6430 	EXP 	line1: autoDraw = True
1122.6430 	EXP 	line_2: autoDraw = True
1122.6430 	EXP 	line_3: autoDraw = True
1122.6430 	EXP 	line4: autoDraw = True
1122.6599 	EXP 	fixation: autoDraw = False
1123.6431 	INFO 	Keyboard events cleared
1123.6430 	EXP 	probe: autoDraw = True
1124.3435 	EXP 	Device response: <KeyPress from None: t=1124.3371032999999, value=x, duration=None>
1124.3439 	EXP 	New trial (rep=45, index=2): <Trial 182 (2 in rep 45) data={'pos': np.int64(-150), 'corr_resp': 'z', 'thisN': 182, 'thisTrialN': 2, 'thisRepN': 45}>
1124.3451 	DATA 	Keypress: x
1124.3602 	EXP 	fixation: autoDraw = False
1124.3602 	EXP 	line1: autoDraw = False
1124.3602 	EXP 	line_2: autoDraw = False
1124.3602 	EXP 	line_3: autoDraw = False
1124.3602 	EXP 	line4: autoDraw = False
1124.3602 	EXP 	probe: autoDraw = False
1124.3602 	EXP 	fixation: autoDraw = True
1124.4436 	EXP 	Device response: <KeyPress from None: t=1124.3371032999999, value=x, duration=0.10567040000012184>
1125.3435 	EXP 	line1: autoDraw = True
1125.3435 	EXP 	line_2: autoDraw = True
1125.3435 	EXP 	line_3: autoDraw = True
1125.3435 	EXP 	line4: autoDraw = True
1125.3606 	EXP 	fixation: autoDraw = False
1126.3435 	INFO 	Keyboard events cleared
1126.3433 	EXP 	probe: autoDraw = True
1127.3106 	EXP 	Device response: <KeyPress from None: t=1127.2981943999998, value=z, duration=None>
1127.3111 	EXP 	New trial (rep=45, index=3): <Trial 183 (3 in rep 45) data={'pos': np.int64(50), 'corr_resp': 'c', 'thisN': 183, 'thisTrialN': 3, 'thisRepN': 45}>
1127.3128 	DATA 	Keypress: z
1127.3274 	EXP 	fixation: autoDraw = False
1127.3274 	EXP 	line1: autoDraw = False
1127.3274 	EXP 	line_2: autoDraw = False
1127.3274 	EXP 	line_3: autoDraw = False
1127.3274 	EXP 	line4: autoDraw = False
1127.3274 	EXP 	probe: autoDraw = False
1127.3274 	EXP 	fixation: autoDraw = True
1127.3774 	EXP 	Device response: <KeyPress from None: t=1127.2981943999998, value=z, duration=0.07855680000022858>
1128.3102 	EXP 	line1: autoDraw = True
1128.3102 	EXP 	line_2: autoDraw = True
1128.3102 	EXP 	line_3: autoDraw = True
1128.3102 	EXP 	line4: autoDraw = True
1128.3266 	EXP 	fixation: autoDraw = False
1129.3105 	INFO 	Keyboard events cleared
1129.3103 	EXP 	probe: autoDraw = True
1130.2275 	EXP 	Device response: <KeyPress from None: t=1130.2213182, value=c, duration=None>
1130.2278 	EXP 	New trial (rep=46, index=0): <Trial 184 (0 in rep 46) data={'pos': np.int64(-150), 'corr_resp': 'z', 'thisN': 184, 'thisTrialN': 0, 'thisRepN': 46}>
1130.2292 	DATA 	Keypress: c
1130.2429 	EXP 	fixation: autoDraw = False
1130.2429 	EXP 	line1: autoDraw = False
1130.2429 	EXP 	line_2: autoDraw = False
1130.2429 	EXP 	line_3: autoDraw = False
1130.2429 	EXP 	line4: autoDraw = False
1130.2429 	EXP 	probe: autoDraw = False
1130.2429 	EXP 	fixation: autoDraw = True
1130.3106 	EXP 	Device response: <KeyPress from None: t=1130.2213182, value=c, duration=0.0750613999999814>
1131.2433 	EXP 	fixation: autoDraw = False
1131.2433 	EXP 	line1: autoDraw = True
1131.2433 	EXP 	line_2: autoDraw = True
1131.2433 	EXP 	line_3: autoDraw = True
1131.2433 	EXP 	line4: autoDraw = True
1132.2434 	INFO 	Keyboard events cleared
1132.2433 	EXP 	probe: autoDraw = True
1133.1773 	EXP 	Device response: <KeyPress from None: t=1133.1727710999999, value=z, duration=None>
1133.1777 	EXP 	New trial (rep=46, index=1): <Trial 185 (1 in rep 46) data={'pos': np.int64(-50), 'corr_resp': 'x', 'thisN': 185, 'thisTrialN': 1, 'thisRepN': 46}>
1133.1791 	DATA 	Keypress: z
1133.1932 	EXP 	fixation: autoDraw = False
1133.1932 	EXP 	line1: autoDraw = False
1133.1932 	EXP 	line_2: autoDraw = False
1133.1932 	EXP 	line_3: autoDraw = False
1133.1932 	EXP 	line4: autoDraw = False
1133.1932 	EXP 	probe: autoDraw = False
1133.1932 	EXP 	fixation: autoDraw = True
1133.2438 	EXP 	Device response: <KeyPress from None: t=1133.1727710999999, value=z, duration=0.06290100000012444>
1134.1766 	EXP 	line1: autoDraw = True
1134.1766 	EXP 	line_2: autoDraw = True
1134.1766 	EXP 	line_3: autoDraw = True
1134.1766 	EXP 	line4: autoDraw = True
1134.1933 	EXP 	fixation: autoDraw = False
1135.1770 	INFO 	Keyboard events cleared
1135.1769 	EXP 	probe: autoDraw = True
1136.1103 	EXP 	Device response: <KeyPress from None: t=1136.0971068, value=x, duration=None>
1136.1106 	EXP 	New trial (rep=46, index=2): <Trial 186 (2 in rep 46) data={'pos': np.int64(150), 'corr_resp': 'v', 'thisN': 186, 'thisTrialN': 2, 'thisRepN': 46}>
1136.1118 	DATA 	Keypress: x
1136.1267 	EXP 	fixation: autoDraw = False
1136.1267 	EXP 	line1: autoDraw = False
1136.1267 	EXP 	line_2: autoDraw = False
1136.1267 	EXP 	line_3: autoDraw = False
1136.1267 	EXP 	line4: autoDraw = False
1136.1267 	EXP 	probe: autoDraw = False
1136.1267 	EXP 	fixation: autoDraw = True
1136.2776 	EXP 	Device response: <KeyPress from None: t=1136.0971068, value=x, duration=0.17932210000014948>
1137.1100 	EXP 	line1: autoDraw = True
1137.1100 	EXP 	line_2: autoDraw = True
1137.1100 	EXP 	line_3: autoDraw = True
1137.1100 	EXP 	line4: autoDraw = True
1137.1268 	EXP 	fixation: autoDraw = False
1138.1105 	INFO 	Keyboard events cleared
1138.1103 	EXP 	probe: autoDraw = True
1139.1768 	EXP 	Device response: <KeyPress from None: t=1139.166515, value=v, duration=None>
1139.1772 	EXP 	New trial (rep=46, index=3): <Trial 187 (3 in rep 46) data={'pos': np.int64(50), 'corr_resp': 'c', 'thisN': 187, 'thisTrialN': 3, 'thisRepN': 46}>
1139.1787 	DATA 	Keypress: v
1139.1931 	EXP 	fixation: autoDraw = False
1139.1931 	EXP 	line1: autoDraw = False
1139.1931 	EXP 	line_2: autoDraw = False
1139.1931 	EXP 	line_3: autoDraw = False
1139.1931 	EXP 	line4: autoDraw = False
1139.1931 	EXP 	probe: autoDraw = False
1139.1931 	EXP 	fixation: autoDraw = True
1139.2435 	EXP 	Device response: <KeyPress from None: t=1139.166515, value=v, duration=0.06930460000000949>
1140.1767 	EXP 	line1: autoDraw = True
1140.1767 	EXP 	line_2: autoDraw = True
1140.1767 	EXP 	line_3: autoDraw = True
1140.1767 	EXP 	line4: autoDraw = True
1140.1934 	EXP 	fixation: autoDraw = False
1141.1769 	INFO 	Keyboard events cleared
1141.1767 	EXP 	probe: autoDraw = True
1142.3437 	EXP 	Device response: <KeyPress from None: t=1142.3399021999999, value=c, duration=None>
1142.3440 	EXP 	New trial (rep=47, index=0): <Trial 188 (0 in rep 47) data={'pos': np.int64(-50), 'corr_resp': 'x', 'thisN': 188, 'thisTrialN': 0, 'thisRepN': 47}>
1142.3455 	DATA 	Keypress: c
1142.3602 	EXP 	fixation: autoDraw = False
1142.3602 	EXP 	line1: autoDraw = False
1142.3602 	EXP 	line_2: autoDraw = False
1142.3602 	EXP 	line_3: autoDraw = False
1142.3602 	EXP 	line4: autoDraw = False
1142.3602 	EXP 	probe: autoDraw = False
1142.3602 	EXP 	fixation: autoDraw = True
1142.3937 	EXP 	Device response: <KeyPress from None: t=1142.3399021999999, value=c, duration=0.05110320000005686>
1143.3434 	EXP 	line1: autoDraw = True
1143.3434 	EXP 	line_2: autoDraw = True
1143.3434 	EXP 	line_3: autoDraw = True
1143.3434 	EXP 	line4: autoDraw = True
1143.3600 	EXP 	fixation: autoDraw = False
1144.3436 	INFO 	Keyboard events cleared
1144.3434 	EXP 	probe: autoDraw = True
1146.4933 	EXP 	Device response: <KeyPress from None: t=1146.4858648999998, value=x, duration=None>
1146.4937 	EXP 	New trial (rep=47, index=1): <Trial 189 (1 in rep 47) data={'pos': np.int64(50), 'corr_resp': 'c', 'thisN': 189, 'thisTrialN': 1, 'thisRepN': 47}>
1146.4951 	DATA 	Keypress: x
1146.5097 	EXP 	fixation: autoDraw = False
1146.5097 	EXP 	line1: autoDraw = False
1146.5097 	EXP 	line_2: autoDraw = False
1146.5097 	EXP 	line_3: autoDraw = False
1146.5097 	EXP 	line4: autoDraw = False
1146.5097 	EXP 	probe: autoDraw = False
1146.5097 	EXP 	fixation: autoDraw = True
1146.6101 	EXP 	Device response: <KeyPress from None: t=1146.4858648999998, value=x, duration=0.12172320000024683>
1147.4925 	EXP 	line1: autoDraw = True
1147.4925 	EXP 	line_2: autoDraw = True
1147.4925 	EXP 	line_3: autoDraw = True
1147.4925 	EXP 	line4: autoDraw = True
1147.5092 	EXP 	fixation: autoDraw = False
1147.5448 	DATA 	Mouse: Right button down, pos=(1214,683)
1147.8277 	DATA 	Mouse:  Right button up, pos=(1214,683)
1148.4940 	INFO 	Keyboard events cleared
1148.4938 	EXP 	probe: autoDraw = True
1149.9945 	DATA 	Keypress: c
1150.0098 	EXP 	Device response: <KeyPress from None: t=1149.9941127000002, value=c, duration=None>
1150.0106 	EXP 	New trial (rep=47, index=2): <Trial 190 (2 in rep 47) data={'pos': np.int64(-150), 'corr_resp': 'z', 'thisN': 190, 'thisTrialN': 2, 'thisRepN': 47}>
1150.0272 	EXP 	fixation: autoDraw = False
1150.0272 	EXP 	line1: autoDraw = False
1150.0272 	EXP 	line_2: autoDraw = False
1150.0272 	EXP 	line_3: autoDraw = False
1150.0272 	EXP 	line4: autoDraw = False
1150.0272 	EXP 	probe: autoDraw = False
1150.0272 	EXP 	fixation: autoDraw = True
1150.1771 	EXP 	Device response: <KeyPress from None: t=1149.9941127000002, value=c, duration=0.16638539999974>
1151.0101 	EXP 	line1: autoDraw = True
1151.0101 	EXP 	line_2: autoDraw = True
1151.0101 	EXP 	line_3: autoDraw = True
1151.0101 	EXP 	line4: autoDraw = True
1151.0270 	EXP 	fixation: autoDraw = False
1152.0108 	INFO 	Keyboard events cleared
1152.0106 	EXP 	probe: autoDraw = True
1152.6440 	EXP 	Device response: <KeyPress from None: t=1152.6377372000002, value=z, duration=None>
1152.6444 	EXP 	New trial (rep=47, index=3): <Trial 191 (3 in rep 47) data={'pos': np.int64(150), 'corr_resp': 'v', 'thisN': 191, 'thisTrialN': 3, 'thisRepN': 47}>
1152.6457 	DATA 	Keypress: z
1152.6592 	EXP 	fixation: autoDraw = False
1152.6592 	EXP 	line1: autoDraw = False
1152.6592 	EXP 	line_2: autoDraw = False
1152.6592 	EXP 	line_3: autoDraw = False
1152.6592 	EXP 	line4: autoDraw = False
1152.6592 	EXP 	probe: autoDraw = False
1152.6592 	EXP 	fixation: autoDraw = True
1152.7782 	EXP 	Device response: <KeyPress from None: t=1152.6377372000002, value=z, duration=0.13520459999983814>
1153.6436 	EXP 	line1: autoDraw = True
1153.6436 	EXP 	line_2: autoDraw = True
1153.6436 	EXP 	line_3: autoDraw = True
1153.6436 	EXP 	line4: autoDraw = True
1153.6603 	EXP 	fixation: autoDraw = False
1154.6444 	INFO 	Keyboard events cleared
1154.6442 	EXP 	probe: autoDraw = True
1155.0440 	EXP 	Device response: <KeyPress from None: t=1155.033386, value=v, duration=None>
1155.0443 	EXP 	New trial (rep=48, index=0): <Trial 192 (0 in rep 48) data={'pos': np.int64(-50), 'corr_resp': 'x', 'thisN': 192, 'thisTrialN': 0, 'thisRepN': 48}>
1155.0462 	DATA 	Keypress: v
1155.0595 	EXP 	fixation: autoDraw = False
1155.0595 	EXP 	line1: autoDraw = False
1155.0595 	EXP 	line_2: autoDraw = False
1155.0595 	EXP 	line_3: autoDraw = False
1155.0595 	EXP 	line4: autoDraw = False
1155.0595 	EXP 	probe: autoDraw = False
1155.0595 	EXP 	fixation: autoDraw = True
1155.2273 	EXP 	Device response: <KeyPress from None: t=1155.033386, value=v, duration=0.19123089999982312>
1156.0432 	EXP 	line1: autoDraw = True
1156.0432 	EXP 	line_2: autoDraw = True
1156.0432 	EXP 	line_3: autoDraw = True
1156.0432 	EXP 	line4: autoDraw = True
1156.0604 	EXP 	fixation: autoDraw = False
1157.0439 	INFO 	Keyboard events cleared
1157.0438 	EXP 	probe: autoDraw = True
1157.8435 	EXP 	Device response: <KeyPress from None: t=1157.8402882, value=x, duration=None>
1157.8440 	EXP 	New trial (rep=48, index=1): <Trial 193 (1 in rep 48) data={'pos': np.int64(50), 'corr_resp': 'c', 'thisN': 193, 'thisTrialN': 1, 'thisRepN': 48}>
1157.8454 	DATA 	Keypress: x
1157.8603 	EXP 	fixation: autoDraw = False
1157.8603 	EXP 	line1: autoDraw = False
1157.8603 	EXP 	line_2: autoDraw = False
1157.8603 	EXP 	line_3: autoDraw = False
1157.8603 	EXP 	line4: autoDraw = False
1157.8603 	EXP 	probe: autoDraw = False
1157.8603 	EXP 	fixation: autoDraw = True
1158.0437 	EXP 	Device response: <KeyPress from None: t=1157.8402882, value=x, duration=0.18964109999990342>
1158.8435 	EXP 	line1: autoDraw = True
1158.8435 	EXP 	line_2: autoDraw = True
1158.8435 	EXP 	line_3: autoDraw = True
1158.8435 	EXP 	line4: autoDraw = True
1158.8610 	EXP 	fixation: autoDraw = False
1159.8439 	INFO 	Keyboard events cleared
1159.8438 	EXP 	probe: autoDraw = True
1160.3769 	EXP 	Device response: <KeyPress from None: t=1160.3641506, value=c, duration=None>
1160.3774 	EXP 	New trial (rep=48, index=2): <Trial 194 (2 in rep 48) data={'pos': np.int64(-150), 'corr_resp': 'z', 'thisN': 194, 'thisTrialN': 2, 'thisRepN': 48}>
1160.3788 	DATA 	Keypress: c
1160.3932 	EXP 	fixation: autoDraw = False
1160.3932 	EXP 	line1: autoDraw = False
1160.3932 	EXP 	line_2: autoDraw = False
1160.3932 	EXP 	line_3: autoDraw = False
1160.3932 	EXP 	line4: autoDraw = False
1160.3932 	EXP 	probe: autoDraw = False
1160.3932 	EXP 	fixation: autoDraw = True
1160.5778 	EXP 	Device response: <KeyPress from None: t=1160.3641506, value=c, duration=0.21030110000003788>
1161.3780 	EXP 	line1: autoDraw = True
1161.3780 	EXP 	line_2: autoDraw = True
1161.3780 	EXP 	line_3: autoDraw = True
1161.3780 	EXP 	line4: autoDraw = True
1161.3943 	EXP 	fixation: autoDraw = False
1162.3919 	INFO 	Keyboard events cleared
1162.3917 	EXP 	probe: autoDraw = True
1162.9271 	EXP 	Device response: <KeyPress from None: t=1162.9183892, value=z, duration=None>
1162.9274 	EXP 	New trial (rep=48, index=3): <Trial 195 (3 in rep 48) data={'pos': np.int64(150), 'corr_resp': 'v', 'thisN': 195, 'thisTrialN': 3, 'thisRepN': 48}>
1162.9289 	DATA 	Keypress: z
1162.9429 	EXP 	fixation: autoDraw = False
1162.9429 	EXP 	line1: autoDraw = False
1162.9429 	EXP 	line_2: autoDraw = False
1162.9429 	EXP 	line_3: autoDraw = False
1162.9429 	EXP 	line4: autoDraw = False
1162.9429 	EXP 	probe: autoDraw = False
1162.9429 	EXP 	fixation: autoDraw = True
1163.0771 	EXP 	Device response: <KeyPress from None: t=1162.9183892, value=z, duration=0.1490001999999322>
1163.9278 	EXP 	line1: autoDraw = True
1163.9278 	EXP 	line_2: autoDraw = True
1163.9278 	EXP 	line_3: autoDraw = True
1163.9278 	EXP 	line4: autoDraw = True
1163.9440 	EXP 	fixation: autoDraw = False
1164.9269 	INFO 	Keyboard events cleared
1164.9267 	EXP 	probe: autoDraw = True
1165.2956 	DATA 	Keypress: v
1165.3101 	EXP 	Device response: <KeyPress from None: t=1165.2943417000001, value=v, duration=None>
1165.3105 	EXP 	New trial (rep=49, index=0): <Trial 196 (0 in rep 49) data={'pos': np.int64(-50), 'corr_resp': 'x', 'thisN': 196, 'thisTrialN': 0, 'thisRepN': 49}>
1165.3267 	EXP 	fixation: autoDraw = False
1165.3267 	EXP 	line1: autoDraw = False
1165.3267 	EXP 	line_2: autoDraw = False
1165.3267 	EXP 	line_3: autoDraw = False
1165.3267 	EXP 	line4: autoDraw = False
1165.3267 	EXP 	probe: autoDraw = False
1165.3267 	EXP 	fixation: autoDraw = True
1165.5109 	EXP 	Device response: <KeyPress from None: t=1165.2943417000001, value=v, duration=0.21183629999984532>
1166.3101 	EXP 	line1: autoDraw = True
1166.3101 	EXP 	line_2: autoDraw = True
1166.3101 	EXP 	line_3: autoDraw = True
1166.3101 	EXP 	line4: autoDraw = True
1166.3262 	EXP 	fixation: autoDraw = False
1167.3104 	INFO 	Keyboard events cleared
1167.3103 	EXP 	probe: autoDraw = True
1167.7767 	EXP 	Device response: <KeyPress from None: t=1167.7740825, value=x, duration=None>
1167.7771 	EXP 	New trial (rep=49, index=1): <Trial 197 (1 in rep 49) data={'pos': np.int64(50), 'corr_resp': 'c', 'thisN': 197, 'thisTrialN': 1, 'thisRepN': 49}>
1167.7784 	DATA 	Keypress: x
1167.7926 	EXP 	fixation: autoDraw = False
1167.7926 	EXP 	line1: autoDraw = False
1167.7926 	EXP 	line_2: autoDraw = False
1167.7926 	EXP 	line_3: autoDraw = False
1167.7926 	EXP 	line4: autoDraw = False
1167.7926 	EXP 	probe: autoDraw = False
1167.7926 	EXP 	fixation: autoDraw = True
1167.9934 	EXP 	Device response: <KeyPress from None: t=1167.7740825, value=x, duration=0.20536729999992076>
1168.7767 	EXP 	line1: autoDraw = True
1168.7767 	EXP 	line_2: autoDraw = True
1168.7767 	EXP 	line_3: autoDraw = True
1168.7767 	EXP 	line4: autoDraw = True
1168.7937 	EXP 	fixation: autoDraw = False
1169.7771 	INFO 	Keyboard events cleared
1169.7770 	EXP 	probe: autoDraw = True
1170.1276 	EXP 	Device response: <KeyPress from None: t=1170.1249256, value=v, duration=None>
1170.1280 	EXP 	New trial (rep=49, index=2): <Trial 198 (2 in rep 49) data={'pos': np.int64(150), 'corr_resp': 'v', 'thisN': 198, 'thisTrialN': 2, 'thisRepN': 49}>
1170.1294 	DATA 	Keypress: v
1170.1429 	EXP 	fixation: autoDraw = False
1170.1429 	EXP 	line1: autoDraw = False
1170.1429 	EXP 	line_2: autoDraw = False
1170.1429 	EXP 	line_3: autoDraw = False
1170.1429 	EXP 	line4: autoDraw = False
1170.1429 	EXP 	probe: autoDraw = False
1170.1429 	EXP 	fixation: autoDraw = True
1170.3274 	EXP 	Device response: <KeyPress from None: t=1170.1249256, value=v, duration=0.19664719999980207>
1171.1268 	EXP 	line1: autoDraw = True
1171.1268 	EXP 	line_2: autoDraw = True
1171.1268 	EXP 	line_3: autoDraw = True
1171.1268 	EXP 	line4: autoDraw = True
1171.1428 	EXP 	fixation: autoDraw = False
1172.0781 	DATA 	Mouse: Right button down, pos=(1214,683)
1172.1271 	INFO 	Keyboard events cleared
1172.1270 	EXP 	probe: autoDraw = True
1172.1798 	DATA 	Mouse:  Right button up, pos=(1214,683)
1172.2272 	EXP 	Device response: <KeyPress from None: t=1172.2237648999999, value=b, duration=None>
1172.2276 	EXP 	New trial (rep=49, index=3): <Trial 199 (3 in rep 49) data={'pos': np.int64(-150), 'corr_resp': 'z', 'thisN': 199, 'thisTrialN': 3, 'thisRepN': 49}>
1172.2288 	DATA 	Keypress: b
1172.2431 	EXP 	fixation: autoDraw = False
1172.2431 	EXP 	line1: autoDraw = False
1172.2431 	EXP 	line_2: autoDraw = False
1172.2431 	EXP 	line_3: autoDraw = False
1172.2431 	EXP 	line4: autoDraw = False
1172.2431 	EXP 	probe: autoDraw = False
1172.2431 	EXP 	fixation: autoDraw = True
1172.3949 	EXP 	Device response: <KeyPress from None: t=1172.2237648999999, value=b, duration=0.16061520000005203>
1172.6601 	EXP 	Device response: <KeyPress from None: t=1172.6586594, value=b, duration=None>
1172.6613 	DATA 	Keypress: b
1172.8109 	EXP 	Device response: <KeyPress from None: t=1172.6586594, value=b, duration=0.14957930000002762>
1173.2269 	EXP 	line1: autoDraw = True
1173.2269 	EXP 	line_2: autoDraw = True
1173.2269 	EXP 	line_3: autoDraw = True
1173.2269 	EXP 	line4: autoDraw = True
1173.2434 	EXP 	fixation: autoDraw = False
1173.6952 	EXP 	Device response: <KeyPress from None: t=1173.6935340999999, value=j, duration=None>
1173.6965 	DATA 	Keypress: j
1173.8274 	EXP 	Device response: <KeyPress from None: t=1173.6935340999999, value=j, duration=0.12959810000018024>
1174.1436 	EXP 	Device response: <KeyPress from None: t=1174.1423556, value=h, duration=None>
1174.1449 	DATA 	Keypress: h
1174.2438 	INFO 	Keyboard events cleared
1174.2436 	EXP 	probe: autoDraw = True
1174.2778 	EXP 	Device response: <KeyPress from None: t=1174.1423556, value=h, duration=0.13478780000002644>
1174.6275 	EXP 	Device response: <KeyPress from None: t=1174.6248795000001, value=n, duration=None>
1174.6285 	DATA 	Keypress: n
1174.6439 	EXP 	fixation: autoDraw = False
1174.6439 	EXP 	line1: autoDraw = False
1174.6439 	EXP 	line_2: autoDraw = False
1174.6439 	EXP 	line_3: autoDraw = False
1174.6439 	EXP 	line4: autoDraw = False
1174.6439 	EXP 	probe: autoDraw = False
1174.6441 	EXP 	untitled: status = STOPPED
1174.8377 	INFO 	saved data to 'C:\\Users\\DELL\\Desktop\\psychopie_final\\motor sequence\\data\\par_4_mtr_seq_untitled_2025-10-01_22h47.00.991.csv'
1174.8459 	INFO 	saved data to C:\Users\DELL\Desktop\psychopie_final\motor sequence\data\par_4_mtr_seq_untitled_2025-10-01_22h47.00.991.psydat
1176.2437 	WARNING 	Stopping key buffers but this could be dangerous ifother keyboards rely on the same.
1176.2985 	WARNING 	Stopping key buffers but this could be dangerous ifother keyboards rely on the same.
