18.9015 	INFO 	Loaded monitor calibration from ['2025_08_11 19:48']
18.9268 	WARNING 	User requested fullscreen with size [1024  768], but screen is actually [1920, 1080]. Using actual size
19.2659 	INFO 	Using renderer 'AMD Radeon(TM) Graphics' for graphics
19.2659 	INFO 	OpenGL version supported by driver is 4..
19.3365 	EXP 	Created window1 = Window(allowGUI=False, allowStencil=False, autoLog=True, backendConf=UNKNOWN, backgroundFit=<method-wrapper '__getattribute__' of attributeSetter object at 0x000001FF33D2FB50>, backgroundImage=<method-wrapper '__getattribute__' of attributeSetter object at 0x000001FF33D2FAF0>, bitsMode=UNKNOWN, blendMode='avg', bpc=(8, 8, 8), color=array([0, 0, 0]), colorSpace='rgb', depthBits=8, fullscr=True, gamma=None, gammaErrorPolicy='raise', infoMsg=UNKNOWN, lms=UNKNOWN, monitor=<psychopy.monitors.calibTools.Monitor object at 0x000001FF33DFD3F0>, multiSample=False, name='window1', numSamples=2, pos=[np.float64(0.0), np.float64(0.0)], screen=0, size=array([1920, 1080]), stencilBits=0, stereo=False, title='PsychoPy', units='height', useFBO=True, useRetina=False, viewOri=0.0, viewPos=None, viewScale=None, waitBlanking=True, winType='pyglet')
19.3367 	EXP 	window1: backgroundImage = ''
19.3368 	EXP 	window1: backgroundFit = 'none'
20.1590 	EXP 	window1: Attempting to measure frame rate of screen (0) ...
20.1591 	EXP 	window1: recordFrameIntervals = False
20.4635 	EXP 	window1: recordFrameIntervals = True
20.6473 	EXP 	Screen (0) actual frame rate measured at 59.81Hz
20.6474 	EXP 	window1: recordFrameIntervals = False
20.7322 	INFO 	keyboard.Keyboard is using ptb backend.
20.7325 	INFO 	keyboard.Keyboard is using ptb backend.
20.7326 	EXP 	untitled: status = STARTED
20.7396 	EXP 	Created fixation = ShapeStim(__class__=<class 'psychopy.visual.shape.ShapeStim'>, anchor=('center', 'center'), autoDraw=False, autoLog=True, closeShape=True, color=method-wrapper(...), colorSpace='rgb', contrast=None, depth=0.0, draggable=False, fillColor=array([1, 1, 1]), fillColorSpace='rgb', fillRGB=array([1, 1, 1]), interpolate=True, lineColor=array([1., 1., 1.]), lineColorSpace='rgb', lineRGB=array([1, 1, 1]), lineWidth=1.0, name='fixation', opacity=1, ori=0.0, pos=array([0., 0.]), size=array([10., 10.]), units='pix', vertices=ndarray(...), win=Window(...), windingRule=None)
20.7419 	EXP 	Created line1 = Rect(__class__=<class 'psychopy.visual.rect.Rect'>, anchor=('center', 'center'), autoDraw=False, autoLog=True, closeShape=True, color=method-wrapper(...), colorSpace='rgb', contrast=None, depth=-1.0, draggable=False, fillColor=array([1, 1, 1]), fillColorSpace='rgb', fillRGB=array([1, 1, 1]), interpolate=True, lineColor=array([1., 1., 1.]), lineColorSpace='rgb', lineRGB=array([1, 1, 1]), lineWidth=1.0, name='line1', opacity=1, ori=90.0, pos=array([-150.,    0.]), size=array([100.,  10.]), units='pix', vertices=ndarray(...), win=Window(...))
20.7440 	EXP 	Created line_2 = Rect(__class__=<class 'psychopy.visual.rect.Rect'>, anchor=('center', 'center'), autoDraw=False, autoLog=True, closeShape=True, color=method-wrapper(...), colorSpace='rgb', contrast=None, depth=-2.0, draggable=False, fillColor=array([1, 1, 1]), fillColorSpace='rgb', fillRGB=array([1, 1, 1]), interpolate=True, lineColor=array([1., 1., 1.]), lineColorSpace='rgb', lineRGB=array([1, 1, 1]), lineWidth=1.0, name='line_2', opacity=1, ori=90.0, pos=array([-50.,   0.]), size=array([100.,  10.]), units='pix', vertices=ndarray(...), win=Window(...))
20.7461 	EXP 	Created line_3 = Rect(__class__=<class 'psychopy.visual.rect.Rect'>, anchor=('center', 'center'), autoDraw=False, autoLog=True, closeShape=True, color=method-wrapper(...), colorSpace='rgb', contrast=None, depth=-3.0, draggable=False, fillColor=array([1, 1, 1]), fillColorSpace='rgb', fillRGB=array([1, 1, 1]), interpolate=True, lineColor=array([1., 1., 1.]), lineColorSpace='rgb', lineRGB=array([1, 1, 1]), lineWidth=1.0, name='line_3', opacity=1, ori=90.0, pos=array([50.,  0.]), size=array([100.,  10.]), units='pix', vertices=ndarray(...), win=Window(...))
20.7482 	EXP 	Created line4 = Rect(__class__=<class 'psychopy.visual.rect.Rect'>, anchor=('center', 'center'), autoDraw=False, autoLog=True, closeShape=True, color=method-wrapper(...), colorSpace='rgb', contrast=None, depth=-4.0, draggable=False, fillColor=array([1, 1, 1]), fillColorSpace='rgb', fillRGB=array([1, 1, 1]), interpolate=True, lineColor=array([1., 1., 1.]), lineColorSpace='rgb', lineRGB=array([1, 1, 1]), lineWidth=1.0, name='line4', opacity=1, ori=90.0, pos=array([150.,   0.]), size=array([100.,  10.]), units='pix', vertices=ndarray(...), win=Window(...))
20.7509 	EXP 	Created probe = ShapeStim(__class__=<class 'psychopy.visual.shape.ShapeStim'>, anchor=('center', 'center'), autoDraw=False, autoLog=True, closeShape=True, color=method-wrapper(...), colorSpace='rgb', contrast=None, depth=-5.0, draggable=False, fillColor=array([1, 1, 1]), fillColorSpace='rgb', fillRGB=array([1, 1, 1]), interpolate=True, lineColor=array([1., 1., 1.]), lineColorSpace='rgb', lineRGB=array([1, 1, 1]), lineWidth=1.0, name='probe', opacity=1, ori=0.0, pos=array([0., 0.]), size=array([10., 10.]), units='pix', vertices=ndarray(...), win=Window(...), windingRule=None)
20.7539 	EXP 	Created fixation = ShapeStim(__class__=<class 'psychopy.visual.shape.ShapeStim'>, anchor=('center', 'center'), autoDraw=False, autoLog=True, closeShape=True, color=method-wrapper(...), colorSpace='rgb', contrast=None, depth=0.0, draggable=False, fillColor=array([1, 1, 1]), fillColorSpace='rgb', fillRGB=array([1, 1, 1]), interpolate=True, lineColor=array([1., 1., 1.]), lineColorSpace='rgb', lineRGB=array([1, 1, 1]), lineWidth=1.0, name='fixation', opacity=1, ori=0.0, pos=array([0., 0.]), size=array([10., 10.]), units='pix', vertices=ndarray(...), win=Window(...), windingRule=None)
20.7560 	EXP 	Created line1 = Rect(__class__=<class 'psychopy.visual.rect.Rect'>, anchor=('center', 'center'), autoDraw=False, autoLog=True, closeShape=True, color=method-wrapper(...), colorSpace='rgb', contrast=None, depth=-1.0, draggable=False, fillColor=array([1, 1, 1]), fillColorSpace='rgb', fillRGB=array([1, 1, 1]), interpolate=True, lineColor=array([1., 1., 1.]), lineColorSpace='rgb', lineRGB=array([1, 1, 1]), lineWidth=1.0, name='line1', opacity=1, ori=90.0, pos=array([-150.,    0.]), size=array([100.,  10.]), units='pix', vertices=ndarray(...), win=Window(...))
20.7581 	EXP 	Created line_2 = Rect(__class__=<class 'psychopy.visual.rect.Rect'>, anchor=('center', 'center'), autoDraw=False, autoLog=True, closeShape=True, color=method-wrapper(...), colorSpace='rgb', contrast=None, depth=-2.0, draggable=False, fillColor=array([1, 1, 1]), fillColorSpace='rgb', fillRGB=array([1, 1, 1]), interpolate=True, lineColor=array([1., 1., 1.]), lineColorSpace='rgb', lineRGB=array([1, 1, 1]), lineWidth=1.0, name='line_2', opacity=1, ori=90.0, pos=array([-50.,   0.]), size=array([100.,  10.]), units='pix', vertices=ndarray(...), win=Window(...))
20.7603 	EXP 	Created line_3 = Rect(__class__=<class 'psychopy.visual.rect.Rect'>, anchor=('center', 'center'), autoDraw=False, autoLog=True, closeShape=True, color=method-wrapper(...), colorSpace='rgb', contrast=None, depth=-3.0, draggable=False, fillColor=array([1, 1, 1]), fillColorSpace='rgb', fillRGB=array([1, 1, 1]), interpolate=True, lineColor=array([1., 1., 1.]), lineColorSpace='rgb', lineRGB=array([1, 1, 1]), lineWidth=1.0, name='line_3', opacity=1, ori=90.0, pos=array([50.,  0.]), size=array([100.,  10.]), units='pix', vertices=ndarray(...), win=Window(...))
20.7624 	EXP 	Created line4 = Rect(__class__=<class 'psychopy.visual.rect.Rect'>, anchor=('center', 'center'), autoDraw=False, autoLog=True, closeShape=True, color=method-wrapper(...), colorSpace='rgb', contrast=None, depth=-4.0, draggable=False, fillColor=array([1, 1, 1]), fillColorSpace='rgb', fillRGB=array([1, 1, 1]), interpolate=True, lineColor=array([1., 1., 1.]), lineColorSpace='rgb', lineRGB=array([1, 1, 1]), lineWidth=1.0, name='line4', opacity=1, ori=90.0, pos=array([150.,   0.]), size=array([100.,  10.]), units='pix', vertices=ndarray(...), win=Window(...))
20.7651 	EXP 	Created probe = ShapeStim(__class__=<class 'psychopy.visual.shape.ShapeStim'>, anchor=('center', 'center'), autoDraw=False, autoLog=True, closeShape=True, color=method-wrapper(...), colorSpace='rgb', contrast=None, depth=-5.0, draggable=False, fillColor=array([1, 1, 1]), fillColorSpace='rgb', fillRGB=array([1, 1, 1]), interpolate=True, lineColor=array([1., 1., 1.]), lineColorSpace='rgb', lineRGB=array([1, 1, 1]), lineWidth=1.0, name='probe', opacity=1, ori=0.0, pos=array([0., 0.]), size=array([10., 10.]), units='pix', vertices=ndarray(...), win=Window(...), windingRule=None)
0.0166 	EXP 	Imported conditions.csv as conditions, 4 conditions, 2 params
0.0189 	EXP 	New trial (rep=0, index=0): <Trial 0 (0 in rep 0) data={'pos': np.int64(-50), 'corr_resp': 'x', 'thisN': 0, 'thisTrialN': 0, 'thisRepN': 0}>
0.0282 	EXP 	fixation: autoDraw = True
1.0149 	EXP 	line1: autoDraw = True
1.0149 	EXP 	line_2: autoDraw = True
1.0149 	EXP 	line_3: autoDraw = True
1.0149 	EXP 	line4: autoDraw = True
1.0314 	EXP 	fixation: autoDraw = False
2.0149 	INFO 	Keyboard events cleared
2.0147 	EXP 	probe: autoDraw = True
2.8055 	EXP 	Device response: <KeyPress from None: t=2.7909818999996787, value=x, duration=None>
2.8059 	EXP 	New trial (rep=0, index=1): <Trial 1 (1 in rep 0) data={'pos': np.int64(150), 'corr_resp': 'v', 'thisN': 1, 'thisTrialN': 1, 'thisRepN': 0}>
2.8074 	DATA 	Keypress: x
2.8153 	EXP 	fixation: autoDraw = False
2.8153 	EXP 	line1: autoDraw = False
2.8153 	EXP 	line_2: autoDraw = False
2.8153 	EXP 	line_3: autoDraw = False
2.8153 	EXP 	line4: autoDraw = False
2.8153 	EXP 	probe: autoDraw = False
2.8153 	EXP 	fixation: autoDraw = True
2.9495 	EXP 	Device response: <KeyPress from None: t=2.7909818999996787, value=x, duration=0.1565297000006467>
3.8146 	EXP 	fixation: autoDraw = False
3.8146 	EXP 	line1: autoDraw = True
3.8146 	EXP 	line_2: autoDraw = True
3.8146 	EXP 	line_3: autoDraw = True
3.8146 	EXP 	line4: autoDraw = True
4.8148 	INFO 	Keyboard events cleared
4.8146 	EXP 	probe: autoDraw = True
5.6336 	DATA 	Keypress: v
5.6488 	EXP 	Device response: <KeyPress from None: t=5.632187399999566, value=v, duration=None>
5.6491 	EXP 	New trial (rep=0, index=2): <Trial 2 (2 in rep 0) data={'pos': np.int64(50), 'corr_resp': 'c', 'thisN': 2, 'thisTrialN': 2, 'thisRepN': 0}>
5.6651 	EXP 	fixation: autoDraw = False
5.6651 	EXP 	line1: autoDraw = False
5.6651 	EXP 	line_2: autoDraw = False
5.6651 	EXP 	line_3: autoDraw = False
5.6651 	EXP 	line4: autoDraw = False
5.6651 	EXP 	probe: autoDraw = False
5.6651 	EXP 	fixation: autoDraw = True
5.7817 	EXP 	Device response: <KeyPress from None: t=5.632187399999566, value=v, duration=0.13888020000013057>
6.6482 	EXP 	line1: autoDraw = True
6.6482 	EXP 	line_2: autoDraw = True
6.6482 	EXP 	line_3: autoDraw = True
6.6482 	EXP 	line4: autoDraw = True
6.6649 	EXP 	fixation: autoDraw = False
7.6483 	INFO 	Keyboard events cleared
7.6481 	EXP 	probe: autoDraw = True
8.2319 	EXP 	Device response: <KeyPress from None: t=8.22918750000008, value=c, duration=None>
8.2322 	EXP 	New trial (rep=0, index=3): <Trial 3 (3 in rep 0) data={'pos': np.int64(-150), 'corr_resp': 'z', 'thisN': 3, 'thisTrialN': 3, 'thisRepN': 0}>
8.2337 	DATA 	Keypress: c
8.2479 	EXP 	fixation: autoDraw = False
8.2479 	EXP 	line1: autoDraw = False
8.2479 	EXP 	line_2: autoDraw = False
8.2479 	EXP 	line_3: autoDraw = False
8.2479 	EXP 	line4: autoDraw = False
8.2479 	EXP 	probe: autoDraw = False
8.2479 	EXP 	fixation: autoDraw = True
8.3982 	EXP 	Device response: <KeyPress from None: t=8.22918750000008, value=c, duration=0.16606899999987945>
9.2314 	EXP 	line1: autoDraw = True
9.2314 	EXP 	line_2: autoDraw = True
9.2314 	EXP 	line_3: autoDraw = True
9.2314 	EXP 	line4: autoDraw = True
9.2480 	EXP 	fixation: autoDraw = False
10.2318 	INFO 	Keyboard events cleared
10.2317 	EXP 	probe: autoDraw = True
10.7985 	EXP 	Device response: <KeyPress from None: t=10.795589199999995, value=z, duration=None>
10.7989 	EXP 	New trial (rep=1, index=0): <Trial 4 (0 in rep 1) data={'pos': np.int64(-50), 'corr_resp': 'x', 'thisN': 4, 'thisTrialN': 0, 'thisRepN': 1}>
10.8004 	DATA 	Keypress: z
10.8147 	EXP 	fixation: autoDraw = False
10.8147 	EXP 	line1: autoDraw = False
10.8147 	EXP 	line_2: autoDraw = False
10.8147 	EXP 	line_3: autoDraw = False
10.8147 	EXP 	line4: autoDraw = False
10.8147 	EXP 	probe: autoDraw = False
10.8147 	EXP 	fixation: autoDraw = True
10.9989 	EXP 	Device response: <KeyPress from None: t=10.795589199999995, value=z, duration=0.19692769999983284>
11.7980 	EXP 	line1: autoDraw = True
11.7980 	EXP 	line_2: autoDraw = True
11.7980 	EXP 	line_3: autoDraw = True
11.7980 	EXP 	line4: autoDraw = True
11.8148 	EXP 	fixation: autoDraw = False
12.7981 	INFO 	Keyboard events cleared
12.7979 	EXP 	probe: autoDraw = True
13.2978 	EXP 	Device response: <KeyPress from None: t=13.2862398999996, value=x, duration=None>
13.2982 	EXP 	New trial (rep=1, index=1): <Trial 5 (1 in rep 1) data={'pos': np.int64(150), 'corr_resp': 'v', 'thisN': 5, 'thisTrialN': 1, 'thisRepN': 1}>
13.2998 	DATA 	Keypress: x
13.3140 	EXP 	fixation: autoDraw = False
13.3140 	EXP 	line1: autoDraw = False
13.3140 	EXP 	line_2: autoDraw = False
13.3140 	EXP 	line_3: autoDraw = False
13.3140 	EXP 	line4: autoDraw = False
13.3140 	EXP 	probe: autoDraw = False
13.3140 	EXP 	fixation: autoDraw = True
13.4316 	EXP 	Device response: <KeyPress from None: t=13.2862398999996, value=x, duration=0.1417765000005602>
14.2976 	EXP 	line1: autoDraw = True
14.2976 	EXP 	line_2: autoDraw = True
14.2976 	EXP 	line_3: autoDraw = True
14.2976 	EXP 	line4: autoDraw = True
14.3144 	EXP 	fixation: autoDraw = False
15.2979 	INFO 	Keyboard events cleared
15.2978 	EXP 	probe: autoDraw = True
15.9485 	EXP 	Device response: <KeyPress from None: t=15.93950599999971, value=v, duration=None>
15.9489 	EXP 	New trial (rep=1, index=2): <Trial 6 (2 in rep 1) data={'pos': np.int64(50), 'corr_resp': 'c', 'thisN': 6, 'thisTrialN': 2, 'thisRepN': 1}>
15.9502 	DATA 	Keypress: v
15.9648 	EXP 	fixation: autoDraw = False
15.9648 	EXP 	line1: autoDraw = False
15.9648 	EXP 	line_2: autoDraw = False
15.9648 	EXP 	line_3: autoDraw = False
15.9648 	EXP 	line4: autoDraw = False
15.9648 	EXP 	probe: autoDraw = False
15.9648 	EXP 	fixation: autoDraw = True
16.1652 	EXP 	Device response: <KeyPress from None: t=15.93950599999971, value=v, duration=0.21275090000017371>
16.9481 	EXP 	line1: autoDraw = True
16.9481 	EXP 	line_2: autoDraw = True
16.9481 	EXP 	line_3: autoDraw = True
16.9481 	EXP 	line4: autoDraw = True
16.9649 	EXP 	fixation: autoDraw = False
17.9483 	INFO 	Keyboard events cleared
17.9481 	EXP 	probe: autoDraw = True
18.3989 	EXP 	Device response: <KeyPress from None: t=18.396332000000257, value=c, duration=None>
18.3994 	EXP 	New trial (rep=1, index=3): <Trial 7 (3 in rep 1) data={'pos': np.int64(-150), 'corr_resp': 'z', 'thisN': 7, 'thisTrialN': 3, 'thisRepN': 1}>
18.4008 	DATA 	Keypress: c
18.4147 	EXP 	fixation: autoDraw = False
18.4147 	EXP 	line1: autoDraw = False
18.4147 	EXP 	line_2: autoDraw = False
18.4147 	EXP 	line_3: autoDraw = False
18.4147 	EXP 	line4: autoDraw = False
18.4147 	EXP 	probe: autoDraw = False
18.4147 	EXP 	fixation: autoDraw = True
18.5322 	EXP 	Device response: <KeyPress from None: t=18.396332000000257, value=c, duration=0.13417519999984506>
19.4149 	EXP 	fixation: autoDraw = False
19.4149 	EXP 	line1: autoDraw = True
19.4149 	EXP 	line_2: autoDraw = True
19.4149 	EXP 	line_3: autoDraw = True
19.4149 	EXP 	line4: autoDraw = True
20.4151 	INFO 	Keyboard events cleared
20.4149 	EXP 	probe: autoDraw = True
20.7985 	EXP 	Device response: <KeyPress from None: t=20.788023299999622, value=z, duration=None>
20.7989 	EXP 	New trial (rep=2, index=0): <Trial 8 (0 in rep 2) data={'pos': np.int64(-50), 'corr_resp': 'x', 'thisN': 8, 'thisTrialN': 0, 'thisRepN': 2}>
20.8003 	DATA 	Keypress: z
20.8148 	EXP 	fixation: autoDraw = False
20.8148 	EXP 	line1: autoDraw = False
20.8148 	EXP 	line_2: autoDraw = False
20.8148 	EXP 	line_3: autoDraw = False
20.8148 	EXP 	line4: autoDraw = False
20.8148 	EXP 	probe: autoDraw = False
20.8148 	EXP 	fixation: autoDraw = True
20.9322 	EXP 	Device response: <KeyPress from None: t=20.788023299999622, value=z, duration=0.14144900000064808>
21.7981 	EXP 	line1: autoDraw = True
21.7981 	EXP 	line_2: autoDraw = True
21.7981 	EXP 	line_3: autoDraw = True
21.7981 	EXP 	line4: autoDraw = True
21.8148 	EXP 	fixation: autoDraw = False
22.7983 	INFO 	Keyboard events cleared
22.7982 	EXP 	probe: autoDraw = True
23.5311 	EXP 	Device response: <KeyPress from None: t=23.516350599999896, value=x, duration=None>
23.5315 	EXP 	New trial (rep=2, index=1): <Trial 9 (1 in rep 2) data={'pos': np.int64(150), 'corr_resp': 'v', 'thisN': 9, 'thisTrialN': 1, 'thisRepN': 2}>
23.5330 	DATA 	Keypress: x
23.5472 	EXP 	fixation: autoDraw = False
23.5472 	EXP 	line1: autoDraw = False
23.5472 	EXP 	line_2: autoDraw = False
23.5472 	EXP 	line_3: autoDraw = False
23.5472 	EXP 	line4: autoDraw = False
23.5472 	EXP 	probe: autoDraw = False
23.5472 	EXP 	fixation: autoDraw = True
23.6655 	EXP 	Device response: <KeyPress from None: t=23.516350599999896, value=x, duration=0.14647229999991396>
24.5317 	EXP 	line1: autoDraw = True
24.5317 	EXP 	line_2: autoDraw = True
24.5317 	EXP 	line_3: autoDraw = True
24.5317 	EXP 	line4: autoDraw = True
24.5480 	EXP 	fixation: autoDraw = False
25.5318 	INFO 	Keyboard events cleared
25.5316 	EXP 	probe: autoDraw = True
26.4821 	EXP 	Device response: <KeyPress from None: t=26.47568130000036, value=v, duration=None>
26.4825 	EXP 	New trial (rep=2, index=2): <Trial 10 (2 in rep 2) data={'pos': np.int64(50), 'corr_resp': 'c', 'thisN': 10, 'thisTrialN': 2, 'thisRepN': 2}>
26.4841 	DATA 	Keypress: v
26.4983 	EXP 	fixation: autoDraw = False
26.4983 	EXP 	line1: autoDraw = False
26.4983 	EXP 	line_2: autoDraw = False
26.4983 	EXP 	line_3: autoDraw = False
26.4983 	EXP 	line4: autoDraw = False
26.4983 	EXP 	probe: autoDraw = False
26.4983 	EXP 	fixation: autoDraw = True
26.6158 	EXP 	Device response: <KeyPress from None: t=26.47568130000036, value=v, duration=0.122577199999796>
27.4983 	EXP 	fixation: autoDraw = False
27.4983 	EXP 	line1: autoDraw = True
27.4983 	EXP 	line_2: autoDraw = True
27.4983 	EXP 	line_3: autoDraw = True
27.4983 	EXP 	line4: autoDraw = True
28.4816 	INFO 	Keyboard events cleared
28.4814 	EXP 	probe: autoDraw = True
29.0487 	EXP 	Device response: <KeyPress from None: t=29.038534000000254, value=c, duration=None>
29.0491 	EXP 	New trial (rep=2, index=3): <Trial 11 (3 in rep 2) data={'pos': np.int64(-150), 'corr_resp': 'z', 'thisN': 11, 'thisTrialN': 3, 'thisRepN': 2}>
29.0505 	DATA 	Keypress: c
29.0648 	EXP 	fixation: autoDraw = False
29.0648 	EXP 	line1: autoDraw = False
29.0648 	EXP 	line_2: autoDraw = False
29.0648 	EXP 	line_3: autoDraw = False
29.0648 	EXP 	line4: autoDraw = False
29.0648 	EXP 	probe: autoDraw = False
29.0648 	EXP 	fixation: autoDraw = True
29.1824 	EXP 	Device response: <KeyPress from None: t=29.038534000000254, value=c, duration=0.14290299999993294>
30.0482 	EXP 	line1: autoDraw = True
30.0482 	EXP 	line_2: autoDraw = True
30.0482 	EXP 	line_3: autoDraw = True
30.0482 	EXP 	line4: autoDraw = True
30.0648 	EXP 	fixation: autoDraw = False
31.0485 	INFO 	Keyboard events cleared
31.0483 	EXP 	probe: autoDraw = True
31.6153 	EXP 	Device response: <KeyPress from None: t=31.602515499999754, value=z, duration=None>
31.6156 	EXP 	New trial (rep=3, index=0): <Trial 12 (0 in rep 3) data={'pos': np.int64(-50), 'corr_resp': 'x', 'thisN': 12, 'thisTrialN': 0, 'thisRepN': 3}>
31.6169 	DATA 	Keypress: z
31.6314 	EXP 	fixation: autoDraw = False
31.6314 	EXP 	line1: autoDraw = False
31.6314 	EXP 	line_2: autoDraw = False
31.6314 	EXP 	line_3: autoDraw = False
31.6314 	EXP 	line4: autoDraw = False
31.6314 	EXP 	probe: autoDraw = False
31.6314 	EXP 	fixation: autoDraw = True
31.7483 	EXP 	Device response: <KeyPress from None: t=31.602515499999754, value=z, duration=0.13831350000054954>
32.6148 	EXP 	line1: autoDraw = True
32.6148 	EXP 	line_2: autoDraw = True
32.6148 	EXP 	line_3: autoDraw = True
32.6148 	EXP 	line4: autoDraw = True
32.6315 	EXP 	fixation: autoDraw = False
33.6158 	INFO 	Keyboard events cleared
33.6156 	EXP 	probe: autoDraw = True
34.4487 	EXP 	Device response: <KeyPress from None: t=34.446292300000096, value=x, duration=None>
34.4491 	EXP 	New trial (rep=3, index=1): <Trial 13 (1 in rep 3) data={'pos': np.int64(150), 'corr_resp': 'v', 'thisN': 13, 'thisTrialN': 1, 'thisRepN': 3}>
34.4506 	DATA 	Keypress: x
34.4644 	EXP 	fixation: autoDraw = False
34.4644 	EXP 	line1: autoDraw = False
34.4644 	EXP 	line_2: autoDraw = False
34.4644 	EXP 	line_3: autoDraw = False
34.4644 	EXP 	line4: autoDraw = False
34.4644 	EXP 	probe: autoDraw = False
34.4644 	EXP 	fixation: autoDraw = True
34.5986 	EXP 	Device response: <KeyPress from None: t=34.446292300000096, value=x, duration=0.14958060000026308>
35.4481 	EXP 	line1: autoDraw = True
35.4481 	EXP 	line_2: autoDraw = True
35.4481 	EXP 	line_3: autoDraw = True
35.4481 	EXP 	line4: autoDraw = True
35.4649 	EXP 	fixation: autoDraw = False
36.4483 	INFO 	Keyboard events cleared
36.4481 	EXP 	probe: autoDraw = True
37.4487 	EXP 	Device response: <KeyPress from None: t=37.446264500000325, value=v, duration=None>
37.4491 	EXP 	New trial (rep=3, index=2): <Trial 14 (2 in rep 3) data={'pos': np.int64(50), 'corr_resp': 'c', 'thisN': 14, 'thisTrialN': 2, 'thisRepN': 3}>
37.4507 	DATA 	Keypress: v
37.4649 	EXP 	fixation: autoDraw = False
37.4649 	EXP 	line1: autoDraw = False
37.4649 	EXP 	line_2: autoDraw = False
37.4649 	EXP 	line_3: autoDraw = False
37.4649 	EXP 	line4: autoDraw = False
37.4649 	EXP 	probe: autoDraw = False
37.4649 	EXP 	fixation: autoDraw = True
37.6485 	EXP 	Device response: <KeyPress from None: t=37.446264500000325, value=v, duration=0.1994898999992074>
38.4482 	EXP 	line1: autoDraw = True
38.4482 	EXP 	line_2: autoDraw = True
38.4482 	EXP 	line_3: autoDraw = True
38.4482 	EXP 	line4: autoDraw = True
38.4648 	EXP 	fixation: autoDraw = False
39.4484 	INFO 	Keyboard events cleared
39.4483 	EXP 	probe: autoDraw = True
39.9152 	EXP 	Device response: <KeyPress from None: t=39.912729699999545, value=c, duration=None>
39.9156 	EXP 	New trial (rep=3, index=3): <Trial 15 (3 in rep 3) data={'pos': np.int64(-150), 'corr_resp': 'z', 'thisN': 15, 'thisTrialN': 3, 'thisRepN': 3}>
39.9170 	DATA 	Keypress: c
39.9316 	EXP 	fixation: autoDraw = False
39.9316 	EXP 	line1: autoDraw = False
39.9316 	EXP 	line_2: autoDraw = False
39.9316 	EXP 	line_3: autoDraw = False
39.9316 	EXP 	line4: autoDraw = False
39.9316 	EXP 	probe: autoDraw = False
39.9316 	EXP 	fixation: autoDraw = True
40.0484 	EXP 	Device response: <KeyPress from None: t=39.912729699999545, value=c, duration=0.1202251000004253>
40.9148 	EXP 	line1: autoDraw = True
40.9148 	EXP 	line_2: autoDraw = True
40.9148 	EXP 	line_3: autoDraw = True
40.9148 	EXP 	line4: autoDraw = True
40.9315 	EXP 	fixation: autoDraw = False
41.9150 	INFO 	Keyboard events cleared
41.9148 	EXP 	probe: autoDraw = True
42.6488 	EXP 	Device response: <KeyPress from None: t=42.648220400000355, value=z, duration=None>
42.6492 	EXP 	New trial (rep=4, index=0): <Trial 16 (0 in rep 4) data={'pos': np.int64(-50), 'corr_resp': 'x', 'thisN': 16, 'thisTrialN': 0, 'thisRepN': 4}>
42.6505 	DATA 	Keypress: z
42.6650 	EXP 	fixation: autoDraw = False
42.6650 	EXP 	line1: autoDraw = False
42.6650 	EXP 	line_2: autoDraw = False
42.6650 	EXP 	line_3: autoDraw = False
42.6650 	EXP 	line4: autoDraw = False
42.6650 	EXP 	probe: autoDraw = False
42.6650 	EXP 	fixation: autoDraw = True
42.7819 	EXP 	Device response: <KeyPress from None: t=42.648220400000355, value=z, duration=0.13113269999939803>
43.6482 	EXP 	line1: autoDraw = True
43.6482 	EXP 	line_2: autoDraw = True
43.6482 	EXP 	line_3: autoDraw = True
43.6482 	EXP 	line4: autoDraw = True
43.6648 	EXP 	fixation: autoDraw = False
44.6487 	INFO 	Keyboard events cleared
44.6486 	EXP 	probe: autoDraw = True
45.3488 	EXP 	Device response: <KeyPress from None: t=45.3424159999995, value=x, duration=None>
45.3492 	EXP 	New trial (rep=4, index=1): <Trial 17 (1 in rep 4) data={'pos': np.int64(150), 'corr_resp': 'v', 'thisN': 17, 'thisTrialN': 1, 'thisRepN': 4}>
45.3508 	DATA 	Keypress: x
45.3652 	EXP 	fixation: autoDraw = False
45.3652 	EXP 	line1: autoDraw = False
45.3652 	EXP 	line_2: autoDraw = False
45.3652 	EXP 	line_3: autoDraw = False
45.3652 	EXP 	line4: autoDraw = False
45.3652 	EXP 	probe: autoDraw = False
45.3652 	EXP 	fixation: autoDraw = True
45.4655 	EXP 	Device response: <KeyPress from None: t=45.3424159999995, value=x, duration=0.1204425000005358>
46.3482 	EXP 	line1: autoDraw = True
46.3482 	EXP 	line_2: autoDraw = True
46.3482 	EXP 	line_3: autoDraw = True
46.3482 	EXP 	line4: autoDraw = True
46.3650 	EXP 	fixation: autoDraw = False
47.3483 	INFO 	Keyboard events cleared
47.3481 	EXP 	probe: autoDraw = True
48.5151 	EXP 	Device response: <KeyPress from None: t=48.50806560000001, value=v, duration=None>
48.5155 	EXP 	New trial (rep=4, index=2): <Trial 18 (2 in rep 4) data={'pos': np.int64(50), 'corr_resp': 'c', 'thisN': 18, 'thisTrialN': 2, 'thisRepN': 4}>
48.5170 	DATA 	Keypress: v
48.5315 	EXP 	fixation: autoDraw = False
48.5315 	EXP 	line1: autoDraw = False
48.5315 	EXP 	line_2: autoDraw = False
48.5315 	EXP 	line_3: autoDraw = False
48.5315 	EXP 	line4: autoDraw = False
48.5315 	EXP 	probe: autoDraw = False
48.5315 	EXP 	fixation: autoDraw = True
48.6988 	EXP 	Device response: <KeyPress from None: t=48.50806560000001, value=v, duration=0.17579099999966274>
49.5152 	EXP 	line1: autoDraw = True
49.5152 	EXP 	line_2: autoDraw = True
49.5152 	EXP 	line_3: autoDraw = True
49.5152 	EXP 	line4: autoDraw = True
49.5317 	EXP 	fixation: autoDraw = False
50.5153 	INFO 	Keyboard events cleared
50.5151 	EXP 	probe: autoDraw = True
51.1988 	EXP 	Device response: <KeyPress from None: t=51.18452849999994, value=c, duration=None>
51.1992 	EXP 	New trial (rep=4, index=3): <Trial 19 (3 in rep 4) data={'pos': np.int64(-150), 'corr_resp': 'z', 'thisN': 19, 'thisTrialN': 3, 'thisRepN': 4}>
51.2007 	DATA 	Keypress: c
51.2149 	EXP 	fixation: autoDraw = False
51.2149 	EXP 	line1: autoDraw = False
51.2149 	EXP 	line_2: autoDraw = False
51.2149 	EXP 	line_3: autoDraw = False
51.2149 	EXP 	line4: autoDraw = False
51.2149 	EXP 	probe: autoDraw = False
51.2149 	EXP 	fixation: autoDraw = True
51.2489 	EXP 	Device response: <KeyPress from None: t=51.18452849999994, value=c, duration=0.05003359999955137>
52.1984 	EXP 	line1: autoDraw = True
52.1984 	EXP 	line_2: autoDraw = True
52.1984 	EXP 	line_3: autoDraw = True
52.1984 	EXP 	line4: autoDraw = True
52.2149 	EXP 	fixation: autoDraw = False
53.1985 	INFO 	Keyboard events cleared
53.1984 	EXP 	probe: autoDraw = True
54.3491 	EXP 	Device response: <KeyPress from None: t=54.34239330000037, value=z, duration=None>
54.3495 	EXP 	New trial (rep=5, index=0): <Trial 20 (0 in rep 5) data={'pos': np.int64(-50), 'corr_resp': 'x', 'thisN': 20, 'thisTrialN': 0, 'thisRepN': 5}>
54.3509 	DATA 	Keypress: z
54.3647 	EXP 	fixation: autoDraw = False
54.3647 	EXP 	line1: autoDraw = False
54.3647 	EXP 	line_2: autoDraw = False
54.3647 	EXP 	line_3: autoDraw = False
54.3647 	EXP 	line4: autoDraw = False
54.3647 	EXP 	probe: autoDraw = False
54.3647 	EXP 	fixation: autoDraw = True
54.5486 	EXP 	Device response: <KeyPress from None: t=54.34239330000037, value=z, duration=0.20255789999919216>
55.3648 	EXP 	fixation: autoDraw = False
55.3648 	EXP 	line1: autoDraw = True
55.3648 	EXP 	line_2: autoDraw = True
55.3648 	EXP 	line_3: autoDraw = True
55.3648 	EXP 	line4: autoDraw = True
56.3648 	INFO 	Keyboard events cleared
56.3646 	EXP 	probe: autoDraw = True
57.5833 	EXP 	Device response: <KeyPress from None: t=57.581230900000264, value=x, duration=None>
57.5837 	EXP 	New trial (rep=5, index=1): <Trial 21 (1 in rep 5) data={'pos': np.int64(150), 'corr_resp': 'v', 'thisN': 21, 'thisTrialN': 1, 'thisRepN': 5}>
57.5850 	DATA 	Keypress: x
57.5982 	EXP 	fixation: autoDraw = False
57.5982 	EXP 	line1: autoDraw = False
57.5982 	EXP 	line_2: autoDraw = False
57.5982 	EXP 	line_3: autoDraw = False
57.5982 	EXP 	line4: autoDraw = False
57.5982 	EXP 	probe: autoDraw = False
57.5982 	EXP 	fixation: autoDraw = True
57.6991 	EXP 	Device response: <KeyPress from None: t=57.581230900000264, value=x, duration=0.11708839999937481>
58.5989 	EXP 	fixation: autoDraw = False
58.5989 	EXP 	line1: autoDraw = True
58.5989 	EXP 	line_2: autoDraw = True
58.5989 	EXP 	line_3: autoDraw = True
58.5989 	EXP 	line4: autoDraw = True
59.5985 	INFO 	Keyboard events cleared
59.5983 	EXP 	probe: autoDraw = True
60.4336 	DATA 	Keypress: v
60.4491 	EXP 	Device response: <KeyPress from None: t=60.43250269999953, value=v, duration=None>
60.4495 	EXP 	New trial (rep=5, index=2): <Trial 22 (2 in rep 5) data={'pos': np.int64(50), 'corr_resp': 'c', 'thisN': 22, 'thisTrialN': 2, 'thisRepN': 5}>
60.4641 	EXP 	fixation: autoDraw = False
60.4641 	EXP 	line1: autoDraw = False
60.4641 	EXP 	line_2: autoDraw = False
60.4641 	EXP 	line_3: autoDraw = False
60.4641 	EXP 	line4: autoDraw = False
60.4641 	EXP 	probe: autoDraw = False
60.4641 	EXP 	fixation: autoDraw = True
60.5986 	EXP 	Device response: <KeyPress from None: t=60.43250269999953, value=v, duration=0.16322980000040843>
61.4649 	EXP 	fixation: autoDraw = False
61.4649 	EXP 	line1: autoDraw = True
61.4649 	EXP 	line_2: autoDraw = True
61.4649 	EXP 	line_3: autoDraw = True
61.4649 	EXP 	line4: autoDraw = True
62.4653 	INFO 	Keyboard events cleared
62.4652 	EXP 	probe: autoDraw = True
63.0988 	EXP 	Device response: <KeyPress from None: t=63.086199999999735, value=c, duration=None>
63.0992 	EXP 	New trial (rep=5, index=3): <Trial 23 (3 in rep 5) data={'pos': np.int64(-150), 'corr_resp': 'z', 'thisN': 23, 'thisTrialN': 3, 'thisRepN': 5}>
63.1007 	DATA 	Keypress: c
63.1149 	EXP 	fixation: autoDraw = False
63.1149 	EXP 	line1: autoDraw = False
63.1149 	EXP 	line_2: autoDraw = False
63.1149 	EXP 	line_3: autoDraw = False
63.1149 	EXP 	line4: autoDraw = False
63.1149 	EXP 	probe: autoDraw = False
63.1149 	EXP 	fixation: autoDraw = True
63.2658 	EXP 	Device response: <KeyPress from None: t=63.086199999999735, value=c, duration=0.16559930000039458>
64.0986 	EXP 	line1: autoDraw = True
64.0986 	EXP 	line_2: autoDraw = True
64.0986 	EXP 	line_3: autoDraw = True
64.0986 	EXP 	line4: autoDraw = True
64.1149 	EXP 	fixation: autoDraw = False
65.0989 	INFO 	Keyboard events cleared
65.0987 	EXP 	probe: autoDraw = True
65.9323 	EXP 	Device response: <KeyPress from None: t=65.92111060000025, value=z, duration=None>
65.9327 	EXP 	New trial (rep=6, index=0): <Trial 24 (0 in rep 6) data={'pos': np.int64(-50), 'corr_resp': 'x', 'thisN': 24, 'thisTrialN': 0, 'thisRepN': 6}>
65.9342 	DATA 	Keypress: z
65.9484 	EXP 	fixation: autoDraw = False
65.9484 	EXP 	line1: autoDraw = False
65.9484 	EXP 	line_2: autoDraw = False
65.9484 	EXP 	line_3: autoDraw = False
65.9484 	EXP 	line4: autoDraw = False
65.9484 	EXP 	probe: autoDraw = False
65.9484 	EXP 	fixation: autoDraw = True
66.0655 	EXP 	Device response: <KeyPress from None: t=65.92111060000025, value=z, duration=0.13991529999930208>
66.9317 	EXP 	line1: autoDraw = True
66.9317 	EXP 	line_2: autoDraw = True
66.9317 	EXP 	line_3: autoDraw = True
66.9317 	EXP 	line4: autoDraw = True
66.9483 	EXP 	fixation: autoDraw = False
67.9320 	INFO 	Keyboard events cleared
67.9318 	EXP 	probe: autoDraw = True
68.8989 	EXP 	Device response: <KeyPress from None: t=68.88479749999988, value=x, duration=None>
68.8993 	EXP 	New trial (rep=6, index=1): <Trial 25 (1 in rep 6) data={'pos': np.int64(150), 'corr_resp': 'v', 'thisN': 25, 'thisTrialN': 1, 'thisRepN': 6}>
68.9007 	DATA 	Keypress: x
68.9154 	EXP 	fixation: autoDraw = False
68.9154 	EXP 	line1: autoDraw = False
68.9154 	EXP 	line_2: autoDraw = False
68.9154 	EXP 	line_3: autoDraw = False
68.9154 	EXP 	line4: autoDraw = False
68.9154 	EXP 	probe: autoDraw = False
68.9154 	EXP 	fixation: autoDraw = True
69.0989 	EXP 	Device response: <KeyPress from None: t=68.88479749999988, value=x, duration=0.19775860000027023>
69.8983 	EXP 	line1: autoDraw = True
69.8983 	EXP 	line_2: autoDraw = True
69.8983 	EXP 	line_3: autoDraw = True
69.8983 	EXP 	line4: autoDraw = True
69.9150 	EXP 	fixation: autoDraw = False
70.8986 	INFO 	Keyboard events cleared
70.8985 	EXP 	probe: autoDraw = True
71.6658 	EXP 	Device response: <KeyPress from None: t=71.6590739000003, value=v, duration=None>
71.6662 	EXP 	New trial (rep=6, index=2): <Trial 26 (2 in rep 6) data={'pos': np.int64(50), 'corr_resp': 'c', 'thisN': 26, 'thisTrialN': 2, 'thisRepN': 6}>
71.6675 	DATA 	Keypress: v
71.6817 	EXP 	fixation: autoDraw = False
71.6817 	EXP 	line1: autoDraw = False
71.6817 	EXP 	line_2: autoDraw = False
71.6817 	EXP 	line_3: autoDraw = False
71.6817 	EXP 	line4: autoDraw = False
71.6817 	EXP 	probe: autoDraw = False
71.6817 	EXP 	fixation: autoDraw = True
71.8324 	EXP 	Device response: <KeyPress from None: t=71.6590739000003, value=v, duration=0.1611769999999524>
72.6649 	EXP 	line1: autoDraw = True
72.6649 	EXP 	line_2: autoDraw = True
72.6649 	EXP 	line_3: autoDraw = True
72.6649 	EXP 	line4: autoDraw = True
72.6816 	EXP 	fixation: autoDraw = False
73.6654 	INFO 	Keyboard events cleared
73.6652 	EXP 	probe: autoDraw = True
74.3821 	EXP 	Device response: <KeyPress from None: t=74.37920550000035, value=c, duration=None>
74.3825 	EXP 	New trial (rep=6, index=3): <Trial 27 (3 in rep 6) data={'pos': np.int64(-150), 'corr_resp': 'z', 'thisN': 27, 'thisTrialN': 3, 'thisRepN': 6}>
74.3838 	DATA 	Keypress: c
74.3987 	EXP 	fixation: autoDraw = False
74.3987 	EXP 	line1: autoDraw = False
74.3987 	EXP 	line_2: autoDraw = False
74.3987 	EXP 	line_3: autoDraw = False
74.3987 	EXP 	line4: autoDraw = False
74.3987 	EXP 	probe: autoDraw = False
74.3987 	EXP 	fixation: autoDraw = True
74.5155 	EXP 	Device response: <KeyPress from None: t=74.37920550000035, value=c, duration=0.1214732999997068>
75.3818 	EXP 	line1: autoDraw = True
75.3818 	EXP 	line_2: autoDraw = True
75.3818 	EXP 	line_3: autoDraw = True
75.3818 	EXP 	line4: autoDraw = True
75.3987 	EXP 	fixation: autoDraw = False
76.3818 	INFO 	Keyboard events cleared
76.3816 	EXP 	probe: autoDraw = True
77.2677 	DATA 	Keypress: z
77.2822 	EXP 	Device response: <KeyPress from None: t=77.26700900000014, value=z, duration=None>
77.2825 	EXP 	New trial (rep=7, index=0): <Trial 28 (0 in rep 7) data={'pos': np.int64(-50), 'corr_resp': 'x', 'thisN': 28, 'thisTrialN': 0, 'thisRepN': 7}>
77.2984 	EXP 	fixation: autoDraw = False
77.2984 	EXP 	line1: autoDraw = False
77.2984 	EXP 	line_2: autoDraw = False
77.2984 	EXP 	line_3: autoDraw = False
77.2984 	EXP 	line4: autoDraw = False
77.2984 	EXP 	probe: autoDraw = False
77.2984 	EXP 	fixation: autoDraw = True
77.3990 	EXP 	Device response: <KeyPress from None: t=77.26700900000014, value=z, duration=0.11518340000020544>
78.2817 	EXP 	line1: autoDraw = True
78.2817 	EXP 	line_2: autoDraw = True
78.2817 	EXP 	line_3: autoDraw = True
78.2817 	EXP 	line4: autoDraw = True
78.2987 	EXP 	fixation: autoDraw = False
79.2819 	INFO 	Keyboard events cleared
79.2817 	EXP 	probe: autoDraw = True
80.1316 	EXP 	Device response: <KeyPress from None: t=80.11936129999958, value=x, duration=None>
80.1321 	EXP 	New trial (rep=7, index=1): <Trial 29 (1 in rep 7) data={'pos': np.int64(150), 'corr_resp': 'v', 'thisN': 29, 'thisTrialN': 1, 'thisRepN': 7}>
80.1336 	DATA 	Keypress: x
80.1475 	EXP 	fixation: autoDraw = False
80.1475 	EXP 	line1: autoDraw = False
80.1475 	EXP 	line_2: autoDraw = False
80.1475 	EXP 	line_3: autoDraw = False
80.1475 	EXP 	line4: autoDraw = False
80.1475 	EXP 	probe: autoDraw = False
80.1475 	EXP 	fixation: autoDraw = True
80.2493 	EXP 	Device response: <KeyPress from None: t=80.11936129999958, value=x, duration=0.12030589999994845>
81.1320 	EXP 	line1: autoDraw = True
81.1320 	EXP 	line_2: autoDraw = True
81.1320 	EXP 	line_3: autoDraw = True
81.1320 	EXP 	line4: autoDraw = True
81.1483 	EXP 	fixation: autoDraw = False
82.1319 	INFO 	Keyboard events cleared
82.1318 	EXP 	probe: autoDraw = True
82.8987 	EXP 	Device response: <KeyPress from None: t=82.89584490000016, value=v, duration=None>
82.8990 	EXP 	New trial (rep=7, index=2): <Trial 30 (2 in rep 7) data={'pos': np.int64(50), 'corr_resp': 'c', 'thisN': 30, 'thisTrialN': 2, 'thisRepN': 7}>
82.9003 	DATA 	Keypress: v
82.9153 	EXP 	fixation: autoDraw = False
82.9153 	EXP 	line1: autoDraw = False
82.9153 	EXP 	line_2: autoDraw = False
82.9153 	EXP 	line_3: autoDraw = False
82.9153 	EXP 	line4: autoDraw = False
82.9153 	EXP 	probe: autoDraw = False
82.9153 	EXP 	fixation: autoDraw = True
83.0659 	EXP 	Device response: <KeyPress from None: t=82.89584490000016, value=v, duration=0.16945919999943726>
83.8984 	EXP 	line1: autoDraw = True
83.8984 	EXP 	line_2: autoDraw = True
83.8984 	EXP 	line_3: autoDraw = True
83.8984 	EXP 	line4: autoDraw = True
83.9151 	EXP 	fixation: autoDraw = False
84.8986 	INFO 	Keyboard events cleared
84.8984 	EXP 	probe: autoDraw = True
85.4988 	EXP 	Device response: <KeyPress from None: t=85.49488399999973, value=c, duration=None>
85.4992 	EXP 	New trial (rep=7, index=3): <Trial 31 (3 in rep 7) data={'pos': np.int64(-150), 'corr_resp': 'z', 'thisN': 31, 'thisTrialN': 3, 'thisRepN': 7}>
85.5006 	DATA 	Keypress: c
85.5150 	EXP 	fixation: autoDraw = False
85.5150 	EXP 	line1: autoDraw = False
85.5150 	EXP 	line_2: autoDraw = False
85.5150 	EXP 	line_3: autoDraw = False
85.5150 	EXP 	line4: autoDraw = False
85.5150 	EXP 	probe: autoDraw = False
85.5150 	EXP 	fixation: autoDraw = True
85.6653 	EXP 	Device response: <KeyPress from None: t=85.49488399999973, value=c, duration=0.16137450000042008>
86.4986 	EXP 	line1: autoDraw = True
86.4986 	EXP 	line_2: autoDraw = True
86.4986 	EXP 	line_3: autoDraw = True
86.4986 	EXP 	line4: autoDraw = True
86.5152 	EXP 	fixation: autoDraw = False
87.4977 	INFO 	Keyboard events cleared
87.4976 	EXP 	probe: autoDraw = True
88.3160 	EXP 	Device response: <KeyPress from None: t=88.3151183, value=z, duration=None>
88.3164 	EXP 	New trial (rep=8, index=0): <Trial 32 (0 in rep 8) data={'pos': np.int64(-50), 'corr_resp': 'x', 'thisN': 32, 'thisTrialN': 0, 'thisRepN': 8}>
88.3181 	DATA 	Keypress: z
88.3315 	EXP 	fixation: autoDraw = False
88.3315 	EXP 	line1: autoDraw = False
88.3315 	EXP 	line_2: autoDraw = False
88.3315 	EXP 	line_3: autoDraw = False
88.3315 	EXP 	line4: autoDraw = False
88.3315 	EXP 	probe: autoDraw = False
88.3315 	EXP 	fixation: autoDraw = True
88.4488 	EXP 	Device response: <KeyPress from None: t=88.3151183, value=z, duration=0.12369399999988673>
89.3156 	EXP 	line1: autoDraw = True
89.3156 	EXP 	line_2: autoDraw = True
89.3156 	EXP 	line_3: autoDraw = True
89.3156 	EXP 	line4: autoDraw = True
89.3319 	EXP 	fixation: autoDraw = False
90.3324 	INFO 	Keyboard events cleared
90.3322 	EXP 	probe: autoDraw = True
90.8657 	EXP 	Device response: <KeyPress from None: t=90.85307769999963, value=x, duration=None>
90.8662 	EXP 	New trial (rep=8, index=1): <Trial 33 (1 in rep 8) data={'pos': np.int64(150), 'corr_resp': 'v', 'thisN': 33, 'thisTrialN': 1, 'thisRepN': 8}>
90.8677 	DATA 	Keypress: x
90.8819 	EXP 	fixation: autoDraw = False
90.8819 	EXP 	line1: autoDraw = False
90.8819 	EXP 	line_2: autoDraw = False
90.8819 	EXP 	line_3: autoDraw = False
90.8819 	EXP 	line4: autoDraw = False
90.8819 	EXP 	probe: autoDraw = False
90.8819 	EXP 	fixation: autoDraw = True
91.0320 	EXP 	Device response: <KeyPress from None: t=90.85307769999963, value=x, duration=0.16802980000011303>
91.8818 	EXP 	fixation: autoDraw = False
91.8818 	EXP 	line1: autoDraw = True
91.8818 	EXP 	line_2: autoDraw = True
91.8818 	EXP 	line_3: autoDraw = True
91.8818 	EXP 	line4: autoDraw = True
92.8659 	INFO 	Keyboard events cleared
92.8657 	EXP 	probe: autoDraw = True
93.6487 	EXP 	Device response: <KeyPress from None: t=93.64157030000024, value=v, duration=None>
93.6491 	EXP 	New trial (rep=8, index=2): <Trial 34 (2 in rep 8) data={'pos': np.int64(50), 'corr_resp': 'c', 'thisN': 34, 'thisTrialN': 2, 'thisRepN': 8}>
93.6504 	DATA 	Keypress: v
93.6658 	EXP 	fixation: autoDraw = False
93.6658 	EXP 	line1: autoDraw = False
93.6658 	EXP 	line_2: autoDraw = False
93.6658 	EXP 	line_3: autoDraw = False
93.6658 	EXP 	line4: autoDraw = False
93.6658 	EXP 	probe: autoDraw = False
93.6658 	EXP 	fixation: autoDraw = True
93.7990 	EXP 	Device response: <KeyPress from None: t=93.64157030000024, value=v, duration=0.1548730999993495>
94.6487 	EXP 	line1: autoDraw = True
94.6487 	EXP 	line_2: autoDraw = True
94.6487 	EXP 	line_3: autoDraw = True
94.6487 	EXP 	line4: autoDraw = True
94.6655 	EXP 	fixation: autoDraw = False
95.6486 	INFO 	Keyboard events cleared
95.6484 	EXP 	probe: autoDraw = True
96.3161 	EXP 	Device response: <KeyPress from None: t=96.30439949999982, value=c, duration=None>
96.3167 	EXP 	New trial (rep=8, index=3): <Trial 35 (3 in rep 8) data={'pos': np.int64(-150), 'corr_resp': 'z', 'thisN': 35, 'thisTrialN': 3, 'thisRepN': 8}>
96.3185 	DATA 	Keypress: c
96.3329 	EXP 	fixation: autoDraw = False
96.3329 	EXP 	line1: autoDraw = False
96.3329 	EXP 	line_2: autoDraw = False
96.3329 	EXP 	line_3: autoDraw = False
96.3329 	EXP 	line4: autoDraw = False
96.3329 	EXP 	probe: autoDraw = False
96.3329 	EXP 	fixation: autoDraw = True
96.4493 	EXP 	Device response: <KeyPress from None: t=96.30439949999982, value=c, duration=0.13488460000007763>
97.3316 	EXP 	fixation: autoDraw = False
97.3316 	EXP 	line1: autoDraw = True
97.3316 	EXP 	line_2: autoDraw = True
97.3316 	EXP 	line_3: autoDraw = True
97.3316 	EXP 	line4: autoDraw = True
98.3319 	INFO 	Keyboard events cleared
98.3318 	EXP 	probe: autoDraw = True
99.4323 	EXP 	Device response: <KeyPress from None: t=99.4230934999996, value=z, duration=None>
99.4327 	EXP 	New trial (rep=9, index=0): <Trial 36 (0 in rep 9) data={'pos': np.int64(-50), 'corr_resp': 'x', 'thisN': 36, 'thisTrialN': 0, 'thisRepN': 9}>
99.4342 	DATA 	Keypress: z
99.4482 	EXP 	fixation: autoDraw = False
99.4482 	EXP 	line1: autoDraw = False
99.4482 	EXP 	line_2: autoDraw = False
99.4482 	EXP 	line_3: autoDraw = False
99.4482 	EXP 	line4: autoDraw = False
99.4482 	EXP 	probe: autoDraw = False
99.4482 	EXP 	fixation: autoDraw = True
99.5820 	EXP 	Device response: <KeyPress from None: t=99.4230934999996, value=z, duration=0.15595280000070488>
100.4316 	EXP 	line1: autoDraw = True
100.4316 	EXP 	line_2: autoDraw = True
100.4316 	EXP 	line_3: autoDraw = True
100.4316 	EXP 	line4: autoDraw = True
100.4488 	EXP 	fixation: autoDraw = False
101.4319 	INFO 	Keyboard events cleared
101.4317 	EXP 	probe: autoDraw = True
102.8156 	EXP 	Device response: <KeyPress from None: t=102.80704809999952, value=x, duration=None>
102.8161 	EXP 	New trial (rep=9, index=1): <Trial 37 (1 in rep 9) data={'pos': np.int64(150), 'corr_resp': 'v', 'thisN': 37, 'thisTrialN': 1, 'thisRepN': 9}>
102.8174 	DATA 	Keypress: x
102.8320 	EXP 	fixation: autoDraw = False
102.8320 	EXP 	line1: autoDraw = False
102.8320 	EXP 	line_2: autoDraw = False
102.8320 	EXP 	line_3: autoDraw = False
102.8320 	EXP 	line4: autoDraw = False
102.8320 	EXP 	probe: autoDraw = False
102.8320 	EXP 	fixation: autoDraw = True
102.9328 	EXP 	Device response: <KeyPress from None: t=102.80704809999952, value=x, duration=0.12481010000010428>
103.8152 	EXP 	line1: autoDraw = True
103.8152 	EXP 	line_2: autoDraw = True
103.8152 	EXP 	line_3: autoDraw = True
103.8152 	EXP 	line4: autoDraw = True
103.8322 	EXP 	fixation: autoDraw = False
104.8152 	INFO 	Keyboard events cleared
104.8150 	EXP 	probe: autoDraw = True
106.7826 	EXP 	Device response: <KeyPress from None: t=106.78087599999981, value=v, duration=None>
106.7830 	EXP 	New trial (rep=9, index=2): <Trial 38 (2 in rep 9) data={'pos': np.int64(50), 'corr_resp': 'c', 'thisN': 38, 'thisTrialN': 2, 'thisRepN': 9}>
106.7843 	DATA 	Keypress: v
106.7989 	EXP 	fixation: autoDraw = False
106.7989 	EXP 	line1: autoDraw = False
106.7989 	EXP 	line_2: autoDraw = False
106.7989 	EXP 	line_3: autoDraw = False
106.7989 	EXP 	line4: autoDraw = False
106.7989 	EXP 	probe: autoDraw = False
106.7989 	EXP 	fixation: autoDraw = True
106.8992 	EXP 	Device response: <KeyPress from None: t=106.78087599999981, value=v, duration=0.10434499999973923>
107.7820 	EXP 	line1: autoDraw = True
107.7820 	EXP 	line_2: autoDraw = True
107.7820 	EXP 	line_3: autoDraw = True
107.7820 	EXP 	line4: autoDraw = True
107.7987 	EXP 	fixation: autoDraw = False
108.7988 	INFO 	Keyboard events cleared
108.7986 	EXP 	probe: autoDraw = True
110.0491 	EXP 	Device response: <KeyPress from None: t=110.04375170000003, value=c, duration=None>
110.0495 	EXP 	New trial (rep=9, index=3): <Trial 39 (3 in rep 9) data={'pos': np.int64(-150), 'corr_resp': 'z', 'thisN': 39, 'thisTrialN': 3, 'thisRepN': 9}>
110.0507 	DATA 	Keypress: c
110.0656 	EXP 	fixation: autoDraw = False
110.0656 	EXP 	line1: autoDraw = False
110.0656 	EXP 	line_2: autoDraw = False
110.0656 	EXP 	line_3: autoDraw = False
110.0656 	EXP 	line4: autoDraw = False
110.0656 	EXP 	probe: autoDraw = False
110.0656 	EXP 	fixation: autoDraw = True
110.2001 	EXP 	Device response: <KeyPress from None: t=110.04375170000003, value=c, duration=0.15420199999971373>
111.0485 	EXP 	line1: autoDraw = True
111.0485 	EXP 	line_2: autoDraw = True
111.0485 	EXP 	line_3: autoDraw = True
111.0485 	EXP 	line4: autoDraw = True
111.0653 	EXP 	fixation: autoDraw = False
112.0487 	INFO 	Keyboard events cleared
112.0485 	EXP 	probe: autoDraw = True
112.8492 	EXP 	Device response: <KeyPress from None: t=112.84071669999958, value=z, duration=None>
112.8496 	EXP 	New trial (rep=10, index=0): <Trial 40 (0 in rep 10) data={'pos': np.int64(-50), 'corr_resp': 'x', 'thisN': 40, 'thisTrialN': 0, 'thisRepN': 10}>
112.8510 	DATA 	Keypress: z
112.8654 	EXP 	fixation: autoDraw = False
112.8654 	EXP 	line1: autoDraw = False
112.8654 	EXP 	line_2: autoDraw = False
112.8654 	EXP 	line_3: autoDraw = False
112.8654 	EXP 	line4: autoDraw = False
112.8654 	EXP 	probe: autoDraw = False
112.8654 	EXP 	fixation: autoDraw = True
112.9826 	EXP 	Device response: <KeyPress from None: t=112.84071669999958, value=z, duration=0.13964510000005248>
113.8649 	EXP 	fixation: autoDraw = False
113.8649 	EXP 	line1: autoDraw = True
113.8649 	EXP 	line_2: autoDraw = True
113.8649 	EXP 	line_3: autoDraw = True
113.8649 	EXP 	line4: autoDraw = True
114.8485 	INFO 	Keyboard events cleared
114.8484 	EXP 	probe: autoDraw = True
116.0656 	EXP 	Device response: <KeyPress from None: t=116.06157489999987, value=x, duration=None>
116.0660 	EXP 	New trial (rep=10, index=1): <Trial 41 (1 in rep 10) data={'pos': np.int64(150), 'corr_resp': 'v', 'thisN': 41, 'thisTrialN': 1, 'thisRepN': 10}>
116.0675 	DATA 	Keypress: x
116.0820 	EXP 	fixation: autoDraw = False
116.0820 	EXP 	line1: autoDraw = False
116.0820 	EXP 	line_2: autoDraw = False
116.0820 	EXP 	line_3: autoDraw = False
116.0820 	EXP 	line4: autoDraw = False
116.0820 	EXP 	probe: autoDraw = False
116.0820 	EXP 	fixation: autoDraw = True
116.1992 	EXP 	Device response: <KeyPress from None: t=116.06157489999987, value=x, duration=0.12550590000046213>
117.0654 	EXP 	line1: autoDraw = True
117.0654 	EXP 	line_2: autoDraw = True
117.0654 	EXP 	line_3: autoDraw = True
117.0654 	EXP 	line4: autoDraw = True
117.0818 	EXP 	fixation: autoDraw = False
118.0655 	INFO 	Keyboard events cleared
118.0653 	EXP 	probe: autoDraw = True
119.1990 	EXP 	Device response: <KeyPress from None: t=119.19526190000033, value=v, duration=None>
119.1994 	EXP 	New trial (rep=10, index=2): <Trial 42 (2 in rep 10) data={'pos': np.int64(50), 'corr_resp': 'c', 'thisN': 42, 'thisTrialN': 2, 'thisRepN': 10}>
119.2007 	DATA 	Keypress: v
119.2152 	EXP 	fixation: autoDraw = False
119.2152 	EXP 	line1: autoDraw = False
119.2152 	EXP 	line_2: autoDraw = False
119.2152 	EXP 	line_3: autoDraw = False
119.2152 	EXP 	line4: autoDraw = False
119.2152 	EXP 	probe: autoDraw = False
119.2152 	EXP 	fixation: autoDraw = True
119.3329 	EXP 	Device response: <KeyPress from None: t=119.19526190000033, value=v, duration=0.13300489999983256>
120.1989 	EXP 	line1: autoDraw = True
120.1989 	EXP 	line_2: autoDraw = True
120.1989 	EXP 	line_3: autoDraw = True
120.1989 	EXP 	line4: autoDraw = True
120.2154 	EXP 	fixation: autoDraw = False
121.1991 	INFO 	Keyboard events cleared
121.1989 	EXP 	probe: autoDraw = True
122.5010 	DATA 	Keypress: c
122.5158 	EXP 	Device response: <KeyPress from None: t=122.49938469999961, value=c, duration=None>
122.5162 	EXP 	New trial (rep=10, index=3): <Trial 43 (3 in rep 10) data={'pos': np.int64(-150), 'corr_resp': 'z', 'thisN': 43, 'thisTrialN': 3, 'thisRepN': 10}>
122.5317 	EXP 	fixation: autoDraw = False
122.5317 	EXP 	line1: autoDraw = False
122.5317 	EXP 	line_2: autoDraw = False
122.5317 	EXP 	line_3: autoDraw = False
122.5317 	EXP 	line4: autoDraw = False
122.5317 	EXP 	probe: autoDraw = False
122.5317 	EXP 	fixation: autoDraw = True
122.6659 	EXP 	Device response: <KeyPress from None: t=122.49938469999961, value=c, duration=0.15331790000072942>
123.5159 	EXP 	line1: autoDraw = True
123.5159 	EXP 	line_2: autoDraw = True
123.5159 	EXP 	line_3: autoDraw = True
123.5159 	EXP 	line4: autoDraw = True
123.5318 	EXP 	fixation: autoDraw = False
124.5154 	INFO 	Keyboard events cleared
124.5153 	EXP 	probe: autoDraw = True
125.1660 	EXP 	Device response: <KeyPress from None: t=125.15665470000022, value=z, duration=None>
125.1665 	EXP 	New trial (rep=11, index=0): <Trial 44 (0 in rep 11) data={'pos': np.int64(-50), 'corr_resp': 'x', 'thisN': 44, 'thisTrialN': 0, 'thisRepN': 11}>
125.1678 	DATA 	Keypress: z
125.1817 	EXP 	fixation: autoDraw = False
125.1817 	EXP 	line1: autoDraw = False
125.1817 	EXP 	line_2: autoDraw = False
125.1817 	EXP 	line_3: autoDraw = False
125.1817 	EXP 	line4: autoDraw = False
125.1817 	EXP 	probe: autoDraw = False
125.1817 	EXP 	fixation: autoDraw = True
125.3325 	EXP 	Device response: <KeyPress from None: t=125.15665470000022, value=z, duration=0.16362329999992653>
126.1815 	EXP 	fixation: autoDraw = False
126.1815 	EXP 	line1: autoDraw = True
126.1815 	EXP 	line_2: autoDraw = True
126.1815 	EXP 	line_3: autoDraw = True
126.1815 	EXP 	line4: autoDraw = True
127.1662 	INFO 	Keyboard events cleared
127.1660 	EXP 	probe: autoDraw = True
127.8325 	EXP 	Device response: <KeyPress from None: t=127.82990160000008, value=x, duration=None>
127.8328 	EXP 	New trial (rep=11, index=1): <Trial 45 (1 in rep 11) data={'pos': np.int64(150), 'corr_resp': 'v', 'thisN': 45, 'thisTrialN': 1, 'thisRepN': 11}>
127.8342 	DATA 	Keypress: x
127.8488 	EXP 	fixation: autoDraw = False
127.8488 	EXP 	line1: autoDraw = False
127.8488 	EXP 	line_2: autoDraw = False
127.8488 	EXP 	line_3: autoDraw = False
127.8488 	EXP 	line4: autoDraw = False
127.8488 	EXP 	probe: autoDraw = False
127.8488 	EXP 	fixation: autoDraw = True
127.9495 	EXP 	Device response: <KeyPress from None: t=127.82990160000008, value=x, duration=0.1103186000000278>
128.8320 	EXP 	line1: autoDraw = True
128.8320 	EXP 	line_2: autoDraw = True
128.8320 	EXP 	line_3: autoDraw = True
128.8320 	EXP 	line4: autoDraw = True
128.8488 	EXP 	fixation: autoDraw = False
129.8321 	INFO 	Keyboard events cleared
129.8320 	EXP 	probe: autoDraw = True
130.8988 	EXP 	Device response: <KeyPress from None: t=130.8938288999998, value=v, duration=None>
130.8992 	EXP 	New trial (rep=11, index=2): <Trial 46 (2 in rep 11) data={'pos': np.int64(50), 'corr_resp': 'c', 'thisN': 46, 'thisTrialN': 2, 'thisRepN': 11}>
130.9005 	DATA 	Keypress: v
130.9145 	EXP 	fixation: autoDraw = False
130.9145 	EXP 	line1: autoDraw = False
130.9145 	EXP 	line_2: autoDraw = False
130.9145 	EXP 	line_3: autoDraw = False
130.9145 	EXP 	line4: autoDraw = False
130.9145 	EXP 	probe: autoDraw = False
130.9145 	EXP 	fixation: autoDraw = True
131.0327 	EXP 	Device response: <KeyPress from None: t=130.8938288999998, value=v, duration=0.13256379999984347>
131.8987 	EXP 	line1: autoDraw = True
131.8987 	EXP 	line_2: autoDraw = True
131.8987 	EXP 	line_3: autoDraw = True
131.8987 	EXP 	line4: autoDraw = True
131.9152 	EXP 	fixation: autoDraw = False
132.8989 	INFO 	Keyboard events cleared
132.8987 	EXP 	probe: autoDraw = True
133.7490 	EXP 	Device response: <KeyPress from None: t=133.7459171999999, value=c, duration=None>
133.7493 	EXP 	New trial (rep=11, index=3): <Trial 47 (3 in rep 11) data={'pos': np.int64(-150), 'corr_resp': 'z', 'thisN': 47, 'thisTrialN': 3, 'thisRepN': 11}>
133.7506 	DATA 	Keypress: c
133.7645 	EXP 	fixation: autoDraw = False
133.7645 	EXP 	line1: autoDraw = False
133.7645 	EXP 	line_2: autoDraw = False
133.7645 	EXP 	line_3: autoDraw = False
133.7645 	EXP 	line4: autoDraw = False
133.7645 	EXP 	probe: autoDraw = False
133.7645 	EXP 	fixation: autoDraw = True
133.8661 	EXP 	Device response: <KeyPress from None: t=133.7459171999999, value=c, duration=0.10914820000016334>
134.7496 	EXP 	line1: autoDraw = True
134.7496 	EXP 	line_2: autoDraw = True
134.7496 	EXP 	line_3: autoDraw = True
134.7496 	EXP 	line4: autoDraw = True
134.7654 	EXP 	fixation: autoDraw = False
135.7489 	INFO 	Keyboard events cleared
135.7488 	EXP 	probe: autoDraw = True
136.5164 	EXP 	Device response: <KeyPress from None: t=136.5147406999995, value=z, duration=None>
136.5168 	EXP 	New trial (rep=12, index=0): <Trial 48 (0 in rep 12) data={'pos': np.int64(-50), 'corr_resp': 'x', 'thisN': 48, 'thisTrialN': 0, 'thisRepN': 12}>
136.5183 	DATA 	Keypress: z
136.5319 	EXP 	fixation: autoDraw = False
136.5319 	EXP 	line1: autoDraw = False
136.5319 	EXP 	line_2: autoDraw = False
136.5319 	EXP 	line_3: autoDraw = False
136.5319 	EXP 	line4: autoDraw = False
136.5319 	EXP 	probe: autoDraw = False
136.5319 	EXP 	fixation: autoDraw = True
136.6827 	EXP 	Device response: <KeyPress from None: t=136.5147406999995, value=z, duration=0.15517670000008366>
137.5320 	EXP 	fixation: autoDraw = False
137.5320 	EXP 	line1: autoDraw = True
137.5320 	EXP 	line_2: autoDraw = True
137.5320 	EXP 	line_3: autoDraw = True
137.5320 	EXP 	line4: autoDraw = True
138.5159 	INFO 	Keyboard events cleared
138.5157 	EXP 	probe: autoDraw = True
139.4003 	EXP 	Device response: <KeyPress from None: t=139.3909018000004, value=x, duration=None>
139.4006 	EXP 	New trial (rep=12, index=1): <Trial 49 (1 in rep 12) data={'pos': np.int64(150), 'corr_resp': 'v', 'thisN': 49, 'thisTrialN': 1, 'thisRepN': 12}>
139.4023 	DATA 	Keypress: x
139.4155 	EXP 	fixation: autoDraw = False
139.4155 	EXP 	line1: autoDraw = False
139.4155 	EXP 	line_2: autoDraw = False
139.4155 	EXP 	line_3: autoDraw = False
139.4155 	EXP 	line4: autoDraw = False
139.4155 	EXP 	probe: autoDraw = False
139.4155 	EXP 	fixation: autoDraw = True
139.5331 	EXP 	Device response: <KeyPress from None: t=139.3909018000004, value=x, duration=0.13354979999985517>
140.4159 	EXP 	fixation: autoDraw = False
140.4159 	EXP 	line1: autoDraw = True
140.4159 	EXP 	line_2: autoDraw = True
140.4159 	EXP 	line_3: autoDraw = True
140.4159 	EXP 	line4: autoDraw = True
141.4150 	INFO 	Keyboard events cleared
141.4148 	EXP 	probe: autoDraw = True
142.5492 	EXP 	Device response: <KeyPress from None: t=142.54598299999998, value=v, duration=None>
142.5496 	EXP 	New trial (rep=12, index=2): <Trial 50 (2 in rep 12) data={'pos': np.int64(50), 'corr_resp': 'c', 'thisN': 50, 'thisTrialN': 2, 'thisRepN': 12}>
142.5522 	DATA 	Keypress: v
142.5656 	EXP 	fixation: autoDraw = False
142.5656 	EXP 	line1: autoDraw = False
142.5656 	EXP 	line_2: autoDraw = False
142.5656 	EXP 	line_3: autoDraw = False
142.5656 	EXP 	line4: autoDraw = False
142.5656 	EXP 	probe: autoDraw = False
142.5656 	EXP 	fixation: autoDraw = True
142.6487 	EXP 	Device response: <KeyPress from None: t=142.54598299999998, value=v, duration=0.08641929999976128>
143.5487 	EXP 	line1: autoDraw = True
143.5487 	EXP 	line_2: autoDraw = True
143.5487 	EXP 	line_3: autoDraw = True
143.5487 	EXP 	line4: autoDraw = True
143.5654 	EXP 	fixation: autoDraw = False
144.5489 	INFO 	Keyboard events cleared
144.5487 	EXP 	probe: autoDraw = True
145.2494 	EXP 	Device response: <KeyPress from None: t=145.24101539999992, value=c, duration=None>
145.2498 	EXP 	New trial (rep=12, index=3): <Trial 51 (3 in rep 12) data={'pos': np.int64(-150), 'corr_resp': 'z', 'thisN': 51, 'thisTrialN': 3, 'thisRepN': 12}>
145.2514 	DATA 	Keypress: c
145.2657 	EXP 	fixation: autoDraw = False
145.2657 	EXP 	line1: autoDraw = False
145.2657 	EXP 	line_2: autoDraw = False
145.2657 	EXP 	line_3: autoDraw = False
145.2657 	EXP 	line4: autoDraw = False
145.2657 	EXP 	probe: autoDraw = False
145.2657 	EXP 	fixation: autoDraw = True
145.3331 	EXP 	Device response: <KeyPress from None: t=145.24101539999992, value=c, duration=0.091084900000169>
146.2656 	EXP 	fixation: autoDraw = False
146.2656 	EXP 	line1: autoDraw = True
146.2656 	EXP 	line_2: autoDraw = True
146.2656 	EXP 	line_3: autoDraw = True
146.2656 	EXP 	line4: autoDraw = True
147.2655 	INFO 	Keyboard events cleared
147.2653 	EXP 	probe: autoDraw = True
147.9169 	EXP 	Device response: <KeyPress from None: t=147.9152299999996, value=z, duration=None>
147.9173 	EXP 	New trial (rep=13, index=0): <Trial 52 (0 in rep 13) data={'pos': np.int64(-50), 'corr_resp': 'x', 'thisN': 52, 'thisTrialN': 0, 'thisRepN': 13}>
147.9187 	DATA 	Keypress: z
147.9322 	EXP 	fixation: autoDraw = False
147.9322 	EXP 	line1: autoDraw = False
147.9322 	EXP 	line_2: autoDraw = False
147.9322 	EXP 	line_3: autoDraw = False
147.9322 	EXP 	line4: autoDraw = False
147.9322 	EXP 	probe: autoDraw = False
147.9322 	EXP 	fixation: autoDraw = True
148.0659 	EXP 	Device response: <KeyPress from None: t=147.9152299999996, value=z, duration=0.13608780000049592>
148.9327 	EXP 	fixation: autoDraw = False
148.9327 	EXP 	line1: autoDraw = True
148.9327 	EXP 	line_2: autoDraw = True
148.9327 	EXP 	line_3: autoDraw = True
148.9327 	EXP 	line4: autoDraw = True
149.9323 	INFO 	Keyboard events cleared
149.9321 	EXP 	probe: autoDraw = True
150.6838 	EXP 	Device response: <KeyPress from None: t=150.6692605999997, value=x, duration=None>
150.6842 	EXP 	New trial (rep=13, index=1): <Trial 53 (1 in rep 13) data={'pos': np.int64(150), 'corr_resp': 'v', 'thisN': 53, 'thisTrialN': 1, 'thisRepN': 13}>
150.6855 	DATA 	Keypress: x
150.6985 	EXP 	fixation: autoDraw = False
150.6985 	EXP 	line1: autoDraw = False
150.6985 	EXP 	line_2: autoDraw = False
150.6985 	EXP 	line_3: autoDraw = False
150.6985 	EXP 	line4: autoDraw = False
150.6985 	EXP 	probe: autoDraw = False
150.6985 	EXP 	fixation: autoDraw = True
150.8324 	EXP 	Device response: <KeyPress from None: t=150.6692605999997, value=x, duration=0.14793660000032105>
151.6988 	EXP 	fixation: autoDraw = False
151.6988 	EXP 	line1: autoDraw = True
151.6988 	EXP 	line_2: autoDraw = True
151.6988 	EXP 	line_3: autoDraw = True
151.6988 	EXP 	line4: autoDraw = True
152.6990 	INFO 	Keyboard events cleared
152.6988 	EXP 	probe: autoDraw = True
153.4491 	EXP 	Device response: <KeyPress from None: t=153.44608659999994, value=v, duration=None>
153.4495 	EXP 	New trial (rep=13, index=2): <Trial 54 (2 in rep 13) data={'pos': np.int64(50), 'corr_resp': 'c', 'thisN': 54, 'thisTrialN': 2, 'thisRepN': 13}>
153.4507 	DATA 	Keypress: v
153.4661 	EXP 	fixation: autoDraw = False
153.4661 	EXP 	line1: autoDraw = False
153.4661 	EXP 	line_2: autoDraw = False
153.4661 	EXP 	line_3: autoDraw = False
153.4661 	EXP 	line4: autoDraw = False
153.4661 	EXP 	probe: autoDraw = False
153.4661 	EXP 	fixation: autoDraw = True
153.6334 	EXP 	Device response: <KeyPress from None: t=153.44608659999994, value=v, duration=0.17549260000032518>
154.4494 	EXP 	line1: autoDraw = True
154.4494 	EXP 	line_2: autoDraw = True
154.4494 	EXP 	line_3: autoDraw = True
154.4494 	EXP 	line4: autoDraw = True
154.4657 	EXP 	fixation: autoDraw = False
155.4489 	INFO 	Keyboard events cleared
155.4487 	EXP 	probe: autoDraw = True
156.2993 	EXP 	Device response: <KeyPress from None: t=156.29617940000026, value=c, duration=None>
156.2996 	EXP 	New trial (rep=13, index=3): <Trial 55 (3 in rep 13) data={'pos': np.int64(-150), 'corr_resp': 'z', 'thisN': 55, 'thisTrialN': 3, 'thisRepN': 13}>
156.3009 	DATA 	Keypress: c
156.3154 	EXP 	fixation: autoDraw = False
156.3154 	EXP 	line1: autoDraw = False
156.3154 	EXP 	line_2: autoDraw = False
156.3154 	EXP 	line_3: autoDraw = False
156.3154 	EXP 	line4: autoDraw = False
156.3154 	EXP 	probe: autoDraw = False
156.3154 	EXP 	fixation: autoDraw = True
156.4827 	EXP 	Device response: <KeyPress from None: t=156.29617940000026, value=c, duration=0.1772088999996413>
157.2992 	EXP 	line1: autoDraw = True
157.2992 	EXP 	line_2: autoDraw = True
157.2992 	EXP 	line_3: autoDraw = True
157.2992 	EXP 	line4: autoDraw = True
157.3155 	EXP 	fixation: autoDraw = False
158.2993 	INFO 	Keyboard events cleared
158.2991 	EXP 	probe: autoDraw = True
159.2171 	EXP 	Device response: <KeyPress from None: t=159.2018382999995, value=z, duration=None>
159.2175 	EXP 	New trial (rep=14, index=0): <Trial 56 (0 in rep 14) data={'pos': np.int64(-50), 'corr_resp': 'x', 'thisN': 56, 'thisTrialN': 0, 'thisRepN': 14}>
159.2189 	DATA 	Keypress: z
159.2321 	EXP 	fixation: autoDraw = False
159.2321 	EXP 	line1: autoDraw = False
159.2321 	EXP 	line_2: autoDraw = False
159.2321 	EXP 	line_3: autoDraw = False
159.2321 	EXP 	line4: autoDraw = False
159.2321 	EXP 	probe: autoDraw = False
159.2321 	EXP 	fixation: autoDraw = True
159.3497 	EXP 	Device response: <KeyPress from None: t=159.2018382999995, value=z, duration=0.14527500000076543>
160.2322 	EXP 	fixation: autoDraw = False
160.2322 	EXP 	line1: autoDraw = True
160.2322 	EXP 	line_2: autoDraw = True
160.2322 	EXP 	line_3: autoDraw = True
160.2322 	EXP 	line4: autoDraw = True
161.2322 	INFO 	Keyboard events cleared
161.2321 	EXP 	probe: autoDraw = True
162.5831 	EXP 	Device response: <KeyPress from None: t=162.5804382999995, value=x, duration=None>
162.5835 	EXP 	New trial (rep=14, index=1): <Trial 57 (1 in rep 14) data={'pos': np.int64(150), 'corr_resp': 'v', 'thisN': 57, 'thisTrialN': 1, 'thisRepN': 14}>
162.5851 	DATA 	Keypress: x
162.5994 	EXP 	fixation: autoDraw = False
162.5994 	EXP 	line1: autoDraw = False
162.5994 	EXP 	line_2: autoDraw = False
162.5994 	EXP 	line_3: autoDraw = False
162.5994 	EXP 	line4: autoDraw = False
162.5994 	EXP 	probe: autoDraw = False
162.5994 	EXP 	fixation: autoDraw = True
162.7158 	EXP 	Device response: <KeyPress from None: t=162.5804382999995, value=x, duration=0.13262360000044282>
163.5824 	EXP 	line1: autoDraw = True
163.5824 	EXP 	line_2: autoDraw = True
163.5824 	EXP 	line_3: autoDraw = True
163.5824 	EXP 	line4: autoDraw = True
163.5987 	EXP 	fixation: autoDraw = False
164.5990 	INFO 	Keyboard events cleared
164.5988 	EXP 	probe: autoDraw = True
165.8493 	EXP 	Device response: <KeyPress from None: t=165.84685799999988, value=v, duration=None>
165.8498 	EXP 	New trial (rep=14, index=2): <Trial 58 (2 in rep 14) data={'pos': np.int64(50), 'corr_resp': 'c', 'thisN': 58, 'thisTrialN': 2, 'thisRepN': 14}>
165.8513 	DATA 	Keypress: v
165.8658 	EXP 	fixation: autoDraw = False
165.8658 	EXP 	line1: autoDraw = False
165.8658 	EXP 	line_2: autoDraw = False
165.8658 	EXP 	line_3: autoDraw = False
165.8658 	EXP 	line4: autoDraw = False
165.8658 	EXP 	probe: autoDraw = False
165.8658 	EXP 	fixation: autoDraw = True
165.9826 	EXP 	Device response: <KeyPress from None: t=165.84685799999988, value=v, duration=0.12063260000013543>
166.8657 	EXP 	fixation: autoDraw = False
166.8657 	EXP 	line1: autoDraw = True
166.8657 	EXP 	line_2: autoDraw = True
166.8657 	EXP 	line_3: autoDraw = True
166.8657 	EXP 	line4: autoDraw = True
167.8490 	INFO 	Keyboard events cleared
167.8489 	EXP 	probe: autoDraw = True
169.4326 	EXP 	Device response: <KeyPress from None: t=169.42173100000036, value=c, duration=None>
169.4330 	EXP 	New trial (rep=14, index=3): <Trial 59 (3 in rep 14) data={'pos': np.int64(-150), 'corr_resp': 'z', 'thisN': 59, 'thisTrialN': 3, 'thisRepN': 14}>
169.4345 	DATA 	Keypress: c
169.4488 	EXP 	fixation: autoDraw = False
169.4488 	EXP 	line1: autoDraw = False
169.4488 	EXP 	line_2: autoDraw = False
169.4488 	EXP 	line_3: autoDraw = False
169.4488 	EXP 	line4: autoDraw = False
169.4488 	EXP 	probe: autoDraw = False
169.4488 	EXP 	fixation: autoDraw = True
169.5329 	EXP 	Device response: <KeyPress from None: t=169.42173100000036, value=c, duration=0.09919759999957023>
170.4323 	EXP 	line1: autoDraw = True
170.4323 	EXP 	line_2: autoDraw = True
170.4323 	EXP 	line_3: autoDraw = True
170.4323 	EXP 	line4: autoDraw = True
170.4491 	EXP 	fixation: autoDraw = False
171.4321 	INFO 	Keyboard events cleared
171.4320 	EXP 	probe: autoDraw = True
172.5494 	EXP 	Device response: <KeyPress from None: t=172.53830449999987, value=z, duration=None>
172.5498 	EXP 	New trial (rep=15, index=0): <Trial 60 (0 in rep 15) data={'pos': np.int64(-50), 'corr_resp': 'x', 'thisN': 60, 'thisTrialN': 0, 'thisRepN': 15}>
172.5511 	DATA 	Keypress: z
172.5656 	EXP 	fixation: autoDraw = False
172.5656 	EXP 	line1: autoDraw = False
172.5656 	EXP 	line_2: autoDraw = False
172.5656 	EXP 	line_3: autoDraw = False
172.5656 	EXP 	line4: autoDraw = False
172.5656 	EXP 	probe: autoDraw = False
172.5656 	EXP 	fixation: autoDraw = True
172.6830 	EXP 	Device response: <KeyPress from None: t=172.53830449999987, value=z, duration=0.14415329999974347>
173.5490 	EXP 	line1: autoDraw = True
173.5490 	EXP 	line_2: autoDraw = True
173.5490 	EXP 	line_3: autoDraw = True
173.5490 	EXP 	line4: autoDraw = True
173.5658 	EXP 	fixation: autoDraw = False
174.5490 	INFO 	Keyboard events cleared
174.5488 	EXP 	probe: autoDraw = True
175.1327 	EXP 	Device response: <KeyPress from None: t=175.1242559000002, value=x, duration=None>
175.1331 	EXP 	New trial (rep=15, index=1): <Trial 61 (1 in rep 15) data={'pos': np.int64(150), 'corr_resp': 'v', 'thisN': 61, 'thisTrialN': 1, 'thisRepN': 15}>
175.1347 	DATA 	Keypress: x
175.1486 	EXP 	fixation: autoDraw = False
175.1486 	EXP 	line1: autoDraw = False
175.1486 	EXP 	line_2: autoDraw = False
175.1486 	EXP 	line_3: autoDraw = False
175.1486 	EXP 	line4: autoDraw = False
175.1486 	EXP 	probe: autoDraw = False
175.1486 	EXP 	fixation: autoDraw = True
175.3327 	EXP 	Device response: <KeyPress from None: t=175.1242559000002, value=x, duration=0.19313509999938105>
176.1325 	EXP 	line1: autoDraw = True
176.1325 	EXP 	line_2: autoDraw = True
176.1325 	EXP 	line_3: autoDraw = True
176.1325 	EXP 	line4: autoDraw = True
176.1490 	EXP 	fixation: autoDraw = False
177.1324 	INFO 	Keyboard events cleared
177.1323 	EXP 	probe: autoDraw = True
177.9160 	EXP 	Device response: <KeyPress from None: t=177.90628259999994, value=v, duration=None>
177.9164 	EXP 	New trial (rep=15, index=2): <Trial 62 (2 in rep 15) data={'pos': np.int64(50), 'corr_resp': 'c', 'thisN': 62, 'thisTrialN': 2, 'thisRepN': 15}>
177.9177 	DATA 	Keypress: v
177.9324 	EXP 	fixation: autoDraw = False
177.9324 	EXP 	line1: autoDraw = False
177.9324 	EXP 	line_2: autoDraw = False
177.9324 	EXP 	line_3: autoDraw = False
177.9324 	EXP 	line4: autoDraw = False
177.9324 	EXP 	probe: autoDraw = False
177.9324 	EXP 	fixation: autoDraw = True
178.0992 	EXP 	Device response: <KeyPress from None: t=177.90628259999994, value=v, duration=0.18576000000030035>
178.9156 	EXP 	line1: autoDraw = True
178.9156 	EXP 	line_2: autoDraw = True
178.9156 	EXP 	line_3: autoDraw = True
178.9156 	EXP 	line4: autoDraw = True
178.9322 	EXP 	fixation: autoDraw = False
179.9157 	INFO 	Keyboard events cleared
179.9155 	EXP 	probe: autoDraw = True
180.7665 	EXP 	Device response: <KeyPress from None: t=180.76409439999952, value=c, duration=None>
180.7669 	EXP 	New trial (rep=15, index=3): <Trial 63 (3 in rep 15) data={'pos': np.int64(-150), 'corr_resp': 'z', 'thisN': 63, 'thisTrialN': 3, 'thisRepN': 15}>
180.7681 	DATA 	Keypress: c
180.7822 	EXP 	fixation: autoDraw = False
180.7822 	EXP 	line1: autoDraw = False
180.7822 	EXP 	line_2: autoDraw = False
180.7822 	EXP 	line_3: autoDraw = False
180.7822 	EXP 	line4: autoDraw = False
180.7822 	EXP 	probe: autoDraw = False
180.7822 	EXP 	fixation: autoDraw = True
180.9835 	EXP 	Device response: <KeyPress from None: t=180.76409439999952, value=c, duration=0.21223550000013347>
181.7822 	EXP 	fixation: autoDraw = False
181.7822 	EXP 	line1: autoDraw = True
181.7822 	EXP 	line_2: autoDraw = True
181.7822 	EXP 	line_3: autoDraw = True
181.7822 	EXP 	line4: autoDraw = True
182.7659 	INFO 	Keyboard events cleared
182.7658 	EXP 	probe: autoDraw = True
183.6331 	EXP 	Device response: <KeyPress from None: t=183.62221789999967, value=z, duration=None>
183.6335 	EXP 	New trial (rep=16, index=0): <Trial 64 (0 in rep 16) data={'pos': np.int64(-50), 'corr_resp': 'x', 'thisN': 64, 'thisTrialN': 0, 'thisRepN': 16}>
183.6351 	DATA 	Keypress: z
183.6487 	EXP 	fixation: autoDraw = False
183.6487 	EXP 	line1: autoDraw = False
183.6487 	EXP 	line_2: autoDraw = False
183.6487 	EXP 	line_3: autoDraw = False
183.6487 	EXP 	line4: autoDraw = False
183.6487 	EXP 	probe: autoDraw = False
183.6487 	EXP 	fixation: autoDraw = True
183.7829 	EXP 	Device response: <KeyPress from None: t=183.62221789999967, value=z, duration=0.15797750000001543>
184.6323 	EXP 	line1: autoDraw = True
184.6323 	EXP 	line_2: autoDraw = True
184.6323 	EXP 	line_3: autoDraw = True
184.6323 	EXP 	line4: autoDraw = True
184.6490 	EXP 	fixation: autoDraw = False
185.6491 	INFO 	Keyboard events cleared
185.6489 	EXP 	probe: autoDraw = True
186.3992 	EXP 	Device response: <KeyPress from None: t=186.39172979999967, value=x, duration=None>
186.3996 	EXP 	New trial (rep=16, index=1): <Trial 65 (1 in rep 16) data={'pos': np.int64(150), 'corr_resp': 'v', 'thisN': 65, 'thisTrialN': 1, 'thisRepN': 16}>
186.4010 	DATA 	Keypress: x
186.4157 	EXP 	fixation: autoDraw = False
186.4157 	EXP 	line1: autoDraw = False
186.4157 	EXP 	line_2: autoDraw = False
186.4157 	EXP 	line_3: autoDraw = False
186.4157 	EXP 	line4: autoDraw = False
186.4157 	EXP 	probe: autoDraw = False
186.4157 	EXP 	fixation: autoDraw = True
186.5664 	EXP 	Device response: <KeyPress from None: t=186.39172979999967, value=x, duration=0.16955050000069605>
187.3989 	EXP 	line1: autoDraw = True
187.3989 	EXP 	line_2: autoDraw = True
187.3989 	EXP 	line_3: autoDraw = True
187.3989 	EXP 	line4: autoDraw = True
187.4159 	EXP 	fixation: autoDraw = False
188.3994 	INFO 	Keyboard events cleared
188.3993 	EXP 	probe: autoDraw = True
188.9493 	EXP 	Device response: <KeyPress from None: t=188.93851050000012, value=v, duration=None>
188.9497 	EXP 	New trial (rep=16, index=2): <Trial 66 (2 in rep 16) data={'pos': np.int64(50), 'corr_resp': 'c', 'thisN': 66, 'thisTrialN': 2, 'thisRepN': 16}>
188.9510 	DATA 	Keypress: v
188.9660 	EXP 	fixation: autoDraw = False
188.9660 	EXP 	line1: autoDraw = False
188.9660 	EXP 	line_2: autoDraw = False
188.9660 	EXP 	line_3: autoDraw = False
188.9660 	EXP 	line4: autoDraw = False
188.9660 	EXP 	probe: autoDraw = False
188.9660 	EXP 	fixation: autoDraw = True
189.1327 	EXP 	Device response: <KeyPress from None: t=188.93851050000012, value=v, duration=0.18210869999984425>
189.9490 	EXP 	line1: autoDraw = True
189.9490 	EXP 	line_2: autoDraw = True
189.9490 	EXP 	line_3: autoDraw = True
189.9490 	EXP 	line4: autoDraw = True
189.9658 	EXP 	fixation: autoDraw = False
190.9489 	INFO 	Keyboard events cleared
190.9487 	EXP 	probe: autoDraw = True
191.4495 	EXP 	Device response: <KeyPress from None: t=191.4486584999995, value=c, duration=None>
191.4499 	EXP 	New trial (rep=16, index=3): <Trial 67 (3 in rep 16) data={'pos': np.int64(-150), 'corr_resp': 'z', 'thisN': 67, 'thisTrialN': 3, 'thisRepN': 16}>
191.4512 	DATA 	Keypress: c
191.4658 	EXP 	fixation: autoDraw = False
191.4658 	EXP 	line1: autoDraw = False
191.4658 	EXP 	line_2: autoDraw = False
191.4658 	EXP 	line_3: autoDraw = False
191.4658 	EXP 	line4: autoDraw = False
191.4658 	EXP 	probe: autoDraw = False
191.4658 	EXP 	fixation: autoDraw = True
191.6326 	EXP 	Device response: <KeyPress from None: t=191.4486584999995, value=c, duration=0.17641080000066722>
192.4488 	EXP 	line1: autoDraw = True
192.4488 	EXP 	line_2: autoDraw = True
192.4488 	EXP 	line_3: autoDraw = True
192.4488 	EXP 	line4: autoDraw = True
192.4658 	EXP 	fixation: autoDraw = False
193.4491 	INFO 	Keyboard events cleared
193.4490 	EXP 	probe: autoDraw = True
194.0996 	EXP 	Device response: <KeyPress from None: t=194.09674749999976, value=z, duration=None>
194.1000 	EXP 	New trial (rep=17, index=0): <Trial 68 (0 in rep 17) data={'pos': np.int64(-50), 'corr_resp': 'x', 'thisN': 68, 'thisTrialN': 0, 'thisRepN': 17}>
194.1014 	DATA 	Keypress: z
194.1155 	EXP 	fixation: autoDraw = False
194.1155 	EXP 	line1: autoDraw = False
194.1155 	EXP 	line_2: autoDraw = False
194.1155 	EXP 	line_3: autoDraw = False
194.1155 	EXP 	line4: autoDraw = False
194.1155 	EXP 	probe: autoDraw = False
194.1155 	EXP 	fixation: autoDraw = True
194.2829 	EXP 	Device response: <KeyPress from None: t=194.09674749999976, value=z, duration=0.18340160000025207>
195.0989 	EXP 	line1: autoDraw = True
195.0989 	EXP 	line_2: autoDraw = True
195.0989 	EXP 	line_3: autoDraw = True
195.0989 	EXP 	line4: autoDraw = True
195.1158 	EXP 	fixation: autoDraw = False
196.0991 	INFO 	Keyboard events cleared
196.0990 	EXP 	probe: autoDraw = True
196.8344 	DATA 	Keypress: x
196.8496 	EXP 	Device response: <KeyPress from None: t=196.8334031000004, value=x, duration=None>
196.8501 	EXP 	New trial (rep=17, index=1): <Trial 69 (1 in rep 17) data={'pos': np.int64(150), 'corr_resp': 'v', 'thisN': 69, 'thisTrialN': 1, 'thisRepN': 17}>
196.8657 	EXP 	fixation: autoDraw = False
196.8657 	EXP 	line1: autoDraw = False
196.8657 	EXP 	line_2: autoDraw = False
196.8657 	EXP 	line_3: autoDraw = False
196.8657 	EXP 	line4: autoDraw = False
196.8657 	EXP 	probe: autoDraw = False
196.8657 	EXP 	fixation: autoDraw = True
196.9831 	EXP 	Device response: <KeyPress from None: t=196.8334031000004, value=x, duration=0.147227199999179>
197.8492 	EXP 	line1: autoDraw = True
197.8492 	EXP 	line_2: autoDraw = True
197.8492 	EXP 	line_3: autoDraw = True
197.8492 	EXP 	line4: autoDraw = True
197.8657 	EXP 	fixation: autoDraw = False
198.8667 	INFO 	Keyboard events cleared
198.8665 	EXP 	probe: autoDraw = True
199.3501 	EXP 	Device response: <KeyPress from None: t=199.34607119999964, value=v, duration=None>
199.3505 	EXP 	New trial (rep=17, index=2): <Trial 70 (2 in rep 17) data={'pos': np.int64(50), 'corr_resp': 'c', 'thisN': 70, 'thisTrialN': 2, 'thisRepN': 17}>
199.3519 	DATA 	Keypress: v
199.3655 	EXP 	fixation: autoDraw = False
199.3655 	EXP 	line1: autoDraw = False
199.3655 	EXP 	line_2: autoDraw = False
199.3655 	EXP 	line_3: autoDraw = False
199.3655 	EXP 	line4: autoDraw = False
199.3655 	EXP 	probe: autoDraw = False
199.3655 	EXP 	fixation: autoDraw = True
199.5164 	EXP 	Device response: <KeyPress from None: t=199.34607119999964, value=v, duration=0.1695011000001614>
200.3660 	EXP 	fixation: autoDraw = False
200.3660 	EXP 	line1: autoDraw = True
200.3660 	EXP 	line_2: autoDraw = True
200.3660 	EXP 	line_3: autoDraw = True
200.3660 	EXP 	line4: autoDraw = True
201.3661 	INFO 	Keyboard events cleared
201.3660 	EXP 	probe: autoDraw = True
201.8997 	EXP 	Device response: <KeyPress from None: t=201.88959749999958, value=c, duration=None>
201.9000 	EXP 	New trial (rep=17, index=3): <Trial 71 (3 in rep 17) data={'pos': np.int64(-150), 'corr_resp': 'z', 'thisN': 71, 'thisTrialN': 3, 'thisRepN': 17}>
201.9013 	DATA 	Keypress: c
201.9167 	EXP 	fixation: autoDraw = False
201.9167 	EXP 	line1: autoDraw = False
201.9167 	EXP 	line_2: autoDraw = False
201.9167 	EXP 	line_3: autoDraw = False
201.9167 	EXP 	line4: autoDraw = False
201.9167 	EXP 	probe: autoDraw = False
201.9167 	EXP 	fixation: autoDraw = True
202.1332 	EXP 	Device response: <KeyPress from None: t=201.88959749999958, value=c, duration=0.2324469000004683>
202.8991 	EXP 	line1: autoDraw = True
202.8991 	EXP 	line_2: autoDraw = True
202.8991 	EXP 	line_3: autoDraw = True
202.8991 	EXP 	line4: autoDraw = True
202.9157 	EXP 	fixation: autoDraw = False
203.8993 	INFO 	Keyboard events cleared
203.8991 	EXP 	probe: autoDraw = True
204.5663 	EXP 	Device response: <KeyPress from None: t=204.5563873000001, value=z, duration=None>
204.5666 	EXP 	New trial (rep=18, index=0): <Trial 72 (0 in rep 18) data={'pos': np.int64(-50), 'corr_resp': 'x', 'thisN': 72, 'thisTrialN': 0, 'thisRepN': 18}>
204.5681 	DATA 	Keypress: z
204.5824 	EXP 	fixation: autoDraw = False
204.5824 	EXP 	line1: autoDraw = False
204.5824 	EXP 	line_2: autoDraw = False
204.5824 	EXP 	line_3: autoDraw = False
204.5824 	EXP 	line4: autoDraw = False
204.5824 	EXP 	probe: autoDraw = False
204.5824 	EXP 	fixation: autoDraw = True
204.6829 	EXP 	Device response: <KeyPress from None: t=204.5563873000001, value=z, duration=0.11111699999946723>
205.5659 	EXP 	line1: autoDraw = True
205.5659 	EXP 	line_2: autoDraw = True
205.5659 	EXP 	line_3: autoDraw = True
205.5659 	EXP 	line4: autoDraw = True
205.5823 	EXP 	fixation: autoDraw = False
206.5659 	INFO 	Keyboard events cleared
206.5658 	EXP 	probe: autoDraw = True
207.0514 	DATA 	Keypress: x
207.0666 	EXP 	Device response: <KeyPress from None: t=207.05068459999984, value=x, duration=None>
207.0670 	EXP 	New trial (rep=18, index=1): <Trial 73 (1 in rep 18) data={'pos': np.int64(150), 'corr_resp': 'v', 'thisN': 73, 'thisTrialN': 1, 'thisRepN': 18}>
207.0821 	EXP 	fixation: autoDraw = False
207.0821 	EXP 	line1: autoDraw = False
207.0821 	EXP 	line_2: autoDraw = False
207.0821 	EXP 	line_3: autoDraw = False
207.0821 	EXP 	line4: autoDraw = False
207.0821 	EXP 	probe: autoDraw = False
207.0821 	EXP 	fixation: autoDraw = True
207.2162 	EXP 	Device response: <KeyPress from None: t=207.05068459999984, value=x, duration=0.15393570000014734>
208.0824 	EXP 	fixation: autoDraw = False
208.0824 	EXP 	line1: autoDraw = True
208.0824 	EXP 	line_2: autoDraw = True
208.0824 	EXP 	line_3: autoDraw = True
208.0824 	EXP 	line4: autoDraw = True
209.0825 	INFO 	Keyboard events cleared
209.0823 	EXP 	probe: autoDraw = True
209.6163 	EXP 	Device response: <KeyPress from None: t=209.60775529999955, value=v, duration=None>
209.6167 	EXP 	New trial (rep=18, index=2): <Trial 74 (2 in rep 18) data={'pos': np.int64(50), 'corr_resp': 'c', 'thisN': 74, 'thisTrialN': 2, 'thisRepN': 18}>
209.6181 	DATA 	Keypress: v
209.6324 	EXP 	fixation: autoDraw = False
209.6324 	EXP 	line1: autoDraw = False
209.6324 	EXP 	line_2: autoDraw = False
209.6324 	EXP 	line_3: autoDraw = False
209.6324 	EXP 	line4: autoDraw = False
209.6324 	EXP 	probe: autoDraw = False
209.6324 	EXP 	fixation: autoDraw = True
209.7826 	EXP 	Device response: <KeyPress from None: t=209.60775529999955, value=v, duration=0.17117230000076233>
210.6321 	EXP 	fixation: autoDraw = False
210.6321 	EXP 	line1: autoDraw = True
210.6321 	EXP 	line_2: autoDraw = True
210.6321 	EXP 	line_3: autoDraw = True
210.6321 	EXP 	line4: autoDraw = True
211.6162 	INFO 	Keyboard events cleared
211.6160 	EXP 	probe: autoDraw = True
212.2506 	EXP 	Device response: <KeyPress from None: t=212.2478904999998, value=c, duration=None>
212.2510 	EXP 	New trial (rep=18, index=3): <Trial 75 (3 in rep 18) data={'pos': np.int64(-150), 'corr_resp': 'z', 'thisN': 75, 'thisTrialN': 3, 'thisRepN': 18}>
212.2526 	DATA 	Keypress: c
212.2657 	EXP 	fixation: autoDraw = False
212.2657 	EXP 	line1: autoDraw = False
212.2657 	EXP 	line_2: autoDraw = False
212.2657 	EXP 	line_3: autoDraw = False
212.2657 	EXP 	line4: autoDraw = False
212.2657 	EXP 	probe: autoDraw = False
212.2657 	EXP 	fixation: autoDraw = True
212.3661 	EXP 	Device response: <KeyPress from None: t=212.2478904999998, value=c, duration=0.1114716000001863>
213.2657 	EXP 	fixation: autoDraw = False
213.2657 	EXP 	line1: autoDraw = True
213.2657 	EXP 	line_2: autoDraw = True
213.2657 	EXP 	line_3: autoDraw = True
213.2657 	EXP 	line4: autoDraw = True
214.2663 	INFO 	Keyboard events cleared
214.2662 	EXP 	probe: autoDraw = True
214.7330 	EXP 	Device response: <KeyPress from None: t=214.73055569999997, value=z, duration=None>
214.7335 	EXP 	New trial (rep=19, index=0): <Trial 76 (0 in rep 19) data={'pos': np.int64(-50), 'corr_resp': 'x', 'thisN': 76, 'thisTrialN': 0, 'thisRepN': 19}>
214.7349 	DATA 	Keypress: z
214.7491 	EXP 	fixation: autoDraw = False
214.7491 	EXP 	line1: autoDraw = False
214.7491 	EXP 	line_2: autoDraw = False
214.7491 	EXP 	line_3: autoDraw = False
214.7491 	EXP 	line4: autoDraw = False
214.7491 	EXP 	probe: autoDraw = False
214.7491 	EXP 	fixation: autoDraw = True
214.9499 	EXP 	Device response: <KeyPress from None: t=214.73055569999997, value=z, duration=0.20446429999992688>
215.7326 	EXP 	line1: autoDraw = True
215.7326 	EXP 	line_2: autoDraw = True
215.7326 	EXP 	line_3: autoDraw = True
215.7326 	EXP 	line4: autoDraw = True
215.7489 	EXP 	fixation: autoDraw = False
216.7328 	INFO 	Keyboard events cleared
216.7326 	EXP 	probe: autoDraw = True
217.3833 	EXP 	Device response: <KeyPress from None: t=217.38262250000025, value=x, duration=None>
217.3838 	EXP 	New trial (rep=19, index=1): <Trial 77 (1 in rep 19) data={'pos': np.int64(150), 'corr_resp': 'v', 'thisN': 77, 'thisTrialN': 1, 'thisRepN': 19}>
217.3851 	DATA 	Keypress: x
217.4003 	EXP 	fixation: autoDraw = False
217.4003 	EXP 	line1: autoDraw = False
217.4003 	EXP 	line_2: autoDraw = False
217.4003 	EXP 	line_3: autoDraw = False
217.4003 	EXP 	line4: autoDraw = False
217.4003 	EXP 	probe: autoDraw = False
217.4003 	EXP 	fixation: autoDraw = True
217.5499 	EXP 	Device response: <KeyPress from None: t=217.38262250000025, value=x, duration=0.16573889999926905>
218.3824 	EXP 	line1: autoDraw = True
218.3824 	EXP 	line_2: autoDraw = True
218.3824 	EXP 	line_3: autoDraw = True
218.3824 	EXP 	line4: autoDraw = True
218.4160 	EXP 	fixation: autoDraw = False
219.3825 	INFO 	Keyboard events cleared
219.3824 	EXP 	probe: autoDraw = True
220.2680 	DATA 	Keypress: v
220.2840 	EXP 	Device response: <KeyPress from None: t=220.26683729999968, value=v, duration=None>
220.2845 	EXP 	New trial (rep=19, index=2): <Trial 78 (2 in rep 19) data={'pos': np.int64(50), 'corr_resp': 'c', 'thisN': 78, 'thisTrialN': 2, 'thisRepN': 19}>
220.2990 	EXP 	fixation: autoDraw = False
220.2990 	EXP 	line1: autoDraw = False
220.2990 	EXP 	line_2: autoDraw = False
220.2990 	EXP 	line_3: autoDraw = False
220.2990 	EXP 	line4: autoDraw = False
220.2990 	EXP 	probe: autoDraw = False
220.2990 	EXP 	fixation: autoDraw = True
220.3827 	EXP 	Device response: <KeyPress from None: t=220.26683729999968, value=v, duration=0.1130142000001797>
221.2991 	EXP 	fixation: autoDraw = False
221.2991 	EXP 	line1: autoDraw = True
221.2991 	EXP 	line_2: autoDraw = True
221.2991 	EXP 	line_3: autoDraw = True
221.2991 	EXP 	line4: autoDraw = True
222.2994 	INFO 	Keyboard events cleared
222.2992 	EXP 	probe: autoDraw = True
223.0662 	EXP 	Device response: <KeyPress from None: t=223.06252010000026, value=c, duration=None>
223.0665 	EXP 	New trial (rep=19, index=3): <Trial 79 (3 in rep 19) data={'pos': np.int64(-150), 'corr_resp': 'z', 'thisN': 79, 'thisTrialN': 3, 'thisRepN': 19}>
223.0680 	DATA 	Keypress: c
223.0824 	EXP 	fixation: autoDraw = False
223.0824 	EXP 	line1: autoDraw = False
223.0824 	EXP 	line_2: autoDraw = False
223.0824 	EXP 	line_3: autoDraw = False
223.0824 	EXP 	line4: autoDraw = False
223.0824 	EXP 	probe: autoDraw = False
223.0824 	EXP 	fixation: autoDraw = True
223.2664 	EXP 	Device response: <KeyPress from None: t=223.06252010000026, value=c, duration=0.19012889999976323>
224.0659 	EXP 	line1: autoDraw = True
224.0659 	EXP 	line_2: autoDraw = True
224.0659 	EXP 	line_3: autoDraw = True
224.0659 	EXP 	line4: autoDraw = True
224.0824 	EXP 	fixation: autoDraw = False
225.0662 	INFO 	Keyboard events cleared
225.0661 	EXP 	probe: autoDraw = True
225.7168 	EXP 	Device response: <KeyPress from None: t=225.7052861000002, value=z, duration=None>
225.7172 	EXP 	New trial (rep=20, index=0): <Trial 80 (0 in rep 20) data={'pos': np.int64(-50), 'corr_resp': 'x', 'thisN': 80, 'thisTrialN': 0, 'thisRepN': 20}>
225.7185 	DATA 	Keypress: z
225.7326 	EXP 	fixation: autoDraw = False
225.7326 	EXP 	line1: autoDraw = False
225.7326 	EXP 	line_2: autoDraw = False
225.7326 	EXP 	line_3: autoDraw = False
225.7326 	EXP 	line4: autoDraw = False
225.7326 	EXP 	probe: autoDraw = False
225.7326 	EXP 	fixation: autoDraw = True
225.8496 	EXP 	Device response: <KeyPress from None: t=225.7052861000002, value=z, duration=0.14098009999997885>
226.7325 	EXP 	fixation: autoDraw = False
226.7325 	EXP 	line1: autoDraw = True
226.7325 	EXP 	line_2: autoDraw = True
226.7325 	EXP 	line_3: autoDraw = True
226.7325 	EXP 	line4: autoDraw = True
227.7327 	INFO 	Keyboard events cleared
227.7325 	EXP 	probe: autoDraw = True
228.3832 	EXP 	Device response: <KeyPress from None: t=228.37670009999965, value=x, duration=None>
228.3836 	EXP 	New trial (rep=20, index=1): <Trial 81 (1 in rep 20) data={'pos': np.int64(150), 'corr_resp': 'v', 'thisN': 81, 'thisTrialN': 1, 'thisRepN': 20}>
228.3850 	DATA 	Keypress: x
228.3996 	EXP 	fixation: autoDraw = False
228.3996 	EXP 	line1: autoDraw = False
228.3996 	EXP 	line_2: autoDraw = False
228.3996 	EXP 	line_3: autoDraw = False
228.3996 	EXP 	line4: autoDraw = False
228.3996 	EXP 	probe: autoDraw = False
228.3996 	EXP 	fixation: autoDraw = True
228.5330 	EXP 	Device response: <KeyPress from None: t=228.37670009999965, value=x, duration=0.14786300000014307>
229.3992 	EXP 	fixation: autoDraw = False
229.3992 	EXP 	line1: autoDraw = True
229.3992 	EXP 	line_2: autoDraw = True
229.3992 	EXP 	line_3: autoDraw = True
229.3992 	EXP 	line4: autoDraw = True
230.3826 	INFO 	Keyboard events cleared
230.3825 	EXP 	probe: autoDraw = True
230.8830 	EXP 	Device response: <KeyPress from None: t=230.87261579999995, value=v, duration=None>
230.8835 	EXP 	New trial (rep=20, index=2): <Trial 82 (2 in rep 20) data={'pos': np.int64(50), 'corr_resp': 'c', 'thisN': 82, 'thisTrialN': 2, 'thisRepN': 20}>
230.8850 	DATA 	Keypress: v
230.8991 	EXP 	fixation: autoDraw = False
230.8991 	EXP 	line1: autoDraw = False
230.8991 	EXP 	line_2: autoDraw = False
230.8991 	EXP 	line_3: autoDraw = False
230.8991 	EXP 	line4: autoDraw = False
230.8991 	EXP 	probe: autoDraw = False
230.8991 	EXP 	fixation: autoDraw = True
230.9662 	EXP 	Device response: <KeyPress from None: t=230.87261579999995, value=v, duration=0.08616059999985737>
231.8824 	EXP 	line1: autoDraw = True
231.8824 	EXP 	line_2: autoDraw = True
231.8824 	EXP 	line_3: autoDraw = True
231.8824 	EXP 	line4: autoDraw = True
231.8990 	EXP 	fixation: autoDraw = False
232.8826 	INFO 	Keyboard events cleared
232.8825 	EXP 	probe: autoDraw = True
233.5834 	EXP 	Device response: <KeyPress from None: t=233.57895420000023, value=c, duration=None>
233.5838 	EXP 	New trial (rep=20, index=3): <Trial 83 (3 in rep 20) data={'pos': np.int64(-150), 'corr_resp': 'z', 'thisN': 83, 'thisTrialN': 3, 'thisRepN': 20}>
233.5852 	DATA 	Keypress: c
233.5990 	EXP 	fixation: autoDraw = False
233.5990 	EXP 	line1: autoDraw = False
233.5990 	EXP 	line_2: autoDraw = False
233.5990 	EXP 	line_3: autoDraw = False
233.5990 	EXP 	line4: autoDraw = False
233.5990 	EXP 	probe: autoDraw = False
233.5990 	EXP 	fixation: autoDraw = True
233.7323 	EXP 	Device response: <KeyPress from None: t=233.57895420000023, value=c, duration=0.1379624999999578>
234.5989 	EXP 	fixation: autoDraw = False
234.5989 	EXP 	line1: autoDraw = True
234.5989 	EXP 	line_2: autoDraw = True
234.5989 	EXP 	line_3: autoDraw = True
234.5989 	EXP 	line4: autoDraw = True
235.5994 	INFO 	Keyboard events cleared
235.5993 	EXP 	probe: autoDraw = True
236.1997 	EXP 	Device response: <KeyPress from None: t=236.18941429999995, value=z, duration=None>
236.2000 	EXP 	New trial (rep=21, index=0): <Trial 84 (0 in rep 21) data={'pos': np.int64(-50), 'corr_resp': 'x', 'thisN': 84, 'thisTrialN': 0, 'thisRepN': 21}>
236.2015 	DATA 	Keypress: z
236.2160 	EXP 	fixation: autoDraw = False
236.2160 	EXP 	line1: autoDraw = False
236.2160 	EXP 	line_2: autoDraw = False
236.2160 	EXP 	line_3: autoDraw = False
236.2160 	EXP 	line4: autoDraw = False
236.2160 	EXP 	probe: autoDraw = False
236.2160 	EXP 	fixation: autoDraw = True
236.3665 	EXP 	Device response: <KeyPress from None: t=236.18941429999995, value=z, duration=0.17258839999976772>
237.1992 	EXP 	line1: autoDraw = True
237.1992 	EXP 	line_2: autoDraw = True
237.1992 	EXP 	line_3: autoDraw = True
237.1992 	EXP 	line4: autoDraw = True
237.2159 	EXP 	fixation: autoDraw = False
238.1996 	INFO 	Keyboard events cleared
238.1994 	EXP 	probe: autoDraw = True
238.7997 	EXP 	Device response: <KeyPress from None: t=238.78853869999966, value=c, duration=None>
238.8000 	EXP 	New trial (rep=21, index=1): <Trial 85 (1 in rep 21) data={'pos': np.int64(150), 'corr_resp': 'v', 'thisN': 85, 'thisTrialN': 1, 'thisRepN': 21}>
238.8013 	DATA 	Keypress: c
238.8160 	EXP 	fixation: autoDraw = False
238.8160 	EXP 	line1: autoDraw = False
238.8160 	EXP 	line_2: autoDraw = False
238.8160 	EXP 	line_3: autoDraw = False
238.8160 	EXP 	line4: autoDraw = False
238.8160 	EXP 	probe: autoDraw = False
238.8160 	EXP 	fixation: autoDraw = True
238.9332 	EXP 	Device response: <KeyPress from None: t=238.78853869999966, value=c, duration=0.14390670000011596>
239.7993 	EXP 	line1: autoDraw = True
239.7993 	EXP 	line_2: autoDraw = True
239.7993 	EXP 	line_3: autoDraw = True
239.7993 	EXP 	line4: autoDraw = True
239.8161 	EXP 	fixation: autoDraw = False
240.7994 	INFO 	Keyboard events cleared
240.7992 	EXP 	probe: autoDraw = True
241.6188 	DATA 	Keypress: v
241.6329 	EXP 	Device response: <KeyPress from None: t=241.61829239999952, value=v, duration=None>
241.6333 	EXP 	New trial (rep=21, index=2): <Trial 86 (2 in rep 21) data={'pos': np.int64(50), 'corr_resp': 'c', 'thisN': 86, 'thisTrialN': 2, 'thisRepN': 21}>
241.6492 	EXP 	fixation: autoDraw = False
241.6492 	EXP 	line1: autoDraw = False
241.6492 	EXP 	line_2: autoDraw = False
241.6492 	EXP 	line_3: autoDraw = False
241.6492 	EXP 	line4: autoDraw = False
241.6492 	EXP 	probe: autoDraw = False
241.6492 	EXP 	fixation: autoDraw = True
241.7331 	EXP 	Device response: <KeyPress from None: t=241.61829239999952, value=v, duration=0.11166550000052666>
242.6325 	EXP 	line1: autoDraw = True
242.6325 	EXP 	line_2: autoDraw = True
242.6325 	EXP 	line_3: autoDraw = True
242.6325 	EXP 	line4: autoDraw = True
242.6493 	EXP 	fixation: autoDraw = False
243.6328 	INFO 	Keyboard events cleared
243.6326 	EXP 	probe: autoDraw = True
244.3164 	EXP 	Device response: <KeyPress from None: t=244.3103441000003, value=c, duration=None>
244.3167 	EXP 	New trial (rep=21, index=3): <Trial 87 (3 in rep 21) data={'pos': np.int64(-150), 'corr_resp': 'z', 'thisN': 87, 'thisTrialN': 3, 'thisRepN': 21}>
244.3183 	DATA 	Keypress: c
244.3327 	EXP 	fixation: autoDraw = False
244.3327 	EXP 	line1: autoDraw = False
244.3327 	EXP 	line_2: autoDraw = False
244.3327 	EXP 	line_3: autoDraw = False
244.3327 	EXP 	line4: autoDraw = False
244.3327 	EXP 	probe: autoDraw = False
244.3327 	EXP 	fixation: autoDraw = True
244.4492 	EXP 	Device response: <KeyPress from None: t=244.3103441000003, value=c, duration=0.12362899999970978>
245.3160 	EXP 	line1: autoDraw = True
245.3160 	EXP 	line_2: autoDraw = True
245.3160 	EXP 	line_3: autoDraw = True
245.3160 	EXP 	line4: autoDraw = True
245.3326 	EXP 	fixation: autoDraw = False
246.3161 	INFO 	Keyboard events cleared
246.3159 	EXP 	probe: autoDraw = True
247.0496 	EXP 	Device response: <KeyPress from None: t=247.04678690000037, value=z, duration=None>
247.0501 	EXP 	New trial (rep=22, index=0): <Trial 88 (0 in rep 22) data={'pos': np.int64(-50), 'corr_resp': 'x', 'thisN': 88, 'thisTrialN': 0, 'thisRepN': 22}>
247.0516 	DATA 	Keypress: z
247.0668 	EXP 	fixation: autoDraw = False
247.0668 	EXP 	line1: autoDraw = False
247.0668 	EXP 	line_2: autoDraw = False
247.0668 	EXP 	line_3: autoDraw = False
247.0668 	EXP 	line4: autoDraw = False
247.0668 	EXP 	probe: autoDraw = False
247.0668 	EXP 	fixation: autoDraw = True
247.2165 	EXP 	Device response: <KeyPress from None: t=247.04678690000037, value=z, duration=0.15551399999912974>
248.0492 	EXP 	line1: autoDraw = True
248.0492 	EXP 	line_2: autoDraw = True
248.0492 	EXP 	line_3: autoDraw = True
248.0492 	EXP 	line4: autoDraw = True
248.0665 	EXP 	fixation: autoDraw = False
249.0495 	INFO 	Keyboard events cleared
249.0493 	EXP 	probe: autoDraw = True
250.1662 	EXP 	Device response: <KeyPress from None: t=250.1589014000001, value=x, duration=None>
250.1666 	EXP 	New trial (rep=22, index=1): <Trial 89 (1 in rep 22) data={'pos': np.int64(150), 'corr_resp': 'v', 'thisN': 89, 'thisTrialN': 1, 'thisRepN': 22}>
250.1680 	DATA 	Keypress: x
250.1828 	EXP 	fixation: autoDraw = False
250.1828 	EXP 	line1: autoDraw = False
250.1828 	EXP 	line_2: autoDraw = False
250.1828 	EXP 	line_3: autoDraw = False
250.1828 	EXP 	line4: autoDraw = False
250.1828 	EXP 	probe: autoDraw = False
250.1828 	EXP 	fixation: autoDraw = True
250.3500 	EXP 	Device response: <KeyPress from None: t=250.1589014000001, value=x, duration=0.17851559999962774>
251.1661 	EXP 	line1: autoDraw = True
251.1661 	EXP 	line_2: autoDraw = True
251.1661 	EXP 	line_3: autoDraw = True
251.1661 	EXP 	line4: autoDraw = True
251.1835 	EXP 	fixation: autoDraw = False
252.1658 	INFO 	Keyboard events cleared
252.1656 	EXP 	probe: autoDraw = True
252.7662 	EXP 	Device response: <KeyPress from None: t=252.76261989999966, value=v, duration=None>
252.7665 	EXP 	New trial (rep=22, index=2): <Trial 90 (2 in rep 22) data={'pos': np.int64(50), 'corr_resp': 'c', 'thisN': 90, 'thisTrialN': 2, 'thisRepN': 22}>
252.7680 	DATA 	Keypress: v
252.7827 	EXP 	fixation: autoDraw = False
252.7827 	EXP 	line1: autoDraw = False
252.7827 	EXP 	line_2: autoDraw = False
252.7827 	EXP 	line_3: autoDraw = False
252.7827 	EXP 	line4: autoDraw = False
252.7827 	EXP 	probe: autoDraw = False
252.7827 	EXP 	fixation: autoDraw = True
252.9500 	EXP 	Device response: <KeyPress from None: t=252.76261989999966, value=v, duration=0.1778242999998838>
253.7660 	EXP 	line1: autoDraw = True
253.7660 	EXP 	line_2: autoDraw = True
253.7660 	EXP 	line_3: autoDraw = True
253.7660 	EXP 	line4: autoDraw = True
253.7826 	EXP 	fixation: autoDraw = False
254.7661 	INFO 	Keyboard events cleared
254.7660 	EXP 	probe: autoDraw = True
255.4828 	EXP 	Device response: <KeyPress from None: t=255.47339399999964, value=c, duration=None>
255.4833 	EXP 	New trial (rep=22, index=3): <Trial 91 (3 in rep 22) data={'pos': np.int64(-150), 'corr_resp': 'z', 'thisN': 91, 'thisTrialN': 3, 'thisRepN': 22}>
255.4847 	DATA 	Keypress: c
255.5000 	EXP 	fixation: autoDraw = False
255.5000 	EXP 	line1: autoDraw = False
255.5000 	EXP 	line_2: autoDraw = False
255.5000 	EXP 	line_3: autoDraw = False
255.5000 	EXP 	line4: autoDraw = False
255.5000 	EXP 	probe: autoDraw = False
255.5000 	EXP 	fixation: autoDraw = True
255.6001 	EXP 	Device response: <KeyPress from None: t=255.47339399999964, value=c, duration=0.112386200000401>
256.4827 	EXP 	line1: autoDraw = True
256.4827 	EXP 	line_2: autoDraw = True
256.4827 	EXP 	line_3: autoDraw = True
256.4827 	EXP 	line4: autoDraw = True
256.4994 	EXP 	fixation: autoDraw = False
257.4827 	INFO 	Keyboard events cleared
257.4825 	EXP 	probe: autoDraw = True
258.7502 	EXP 	Device response: <KeyPress from None: t=258.7490680000001, value=z, duration=None>
258.7506 	EXP 	New trial (rep=23, index=0): <Trial 92 (0 in rep 23) data={'pos': np.int64(-50), 'corr_resp': 'x', 'thisN': 92, 'thisTrialN': 0, 'thisRepN': 23}>
258.7519 	DATA 	Keypress: z
258.7658 	EXP 	fixation: autoDraw = False
258.7658 	EXP 	line1: autoDraw = False
258.7658 	EXP 	line_2: autoDraw = False
258.7658 	EXP 	line_3: autoDraw = False
258.7658 	EXP 	line4: autoDraw = False
258.7658 	EXP 	probe: autoDraw = False
258.7658 	EXP 	fixation: autoDraw = True
258.9332 	EXP 	Device response: <KeyPress from None: t=258.7490680000001, value=z, duration=0.1699945000000298>
259.7660 	EXP 	fixation: autoDraw = False
259.7660 	EXP 	line1: autoDraw = True
259.7660 	EXP 	line_2: autoDraw = True
259.7660 	EXP 	line_3: autoDraw = True
259.7660 	EXP 	line4: autoDraw = True
260.7498 	INFO 	Keyboard events cleared
260.7496 	EXP 	probe: autoDraw = True
261.3174 	EXP 	Device response: <KeyPress from None: t=261.31540570000016, value=x, duration=None>
261.3178 	EXP 	New trial (rep=23, index=1): <Trial 93 (1 in rep 23) data={'pos': np.int64(150), 'corr_resp': 'v', 'thisN': 93, 'thisTrialN': 1, 'thisRepN': 23}>
261.3191 	DATA 	Keypress: x
261.3325 	EXP 	fixation: autoDraw = False
261.3325 	EXP 	line1: autoDraw = False
261.3325 	EXP 	line_2: autoDraw = False
261.3325 	EXP 	line_3: autoDraw = False
261.3325 	EXP 	line4: autoDraw = False
261.3325 	EXP 	probe: autoDraw = False
261.3325 	EXP 	fixation: autoDraw = True
261.4671 	EXP 	Device response: <KeyPress from None: t=261.31540570000016, value=x, duration=0.13950430000022607>
262.3327 	EXP 	fixation: autoDraw = False
262.3327 	EXP 	line1: autoDraw = True
262.3327 	EXP 	line_2: autoDraw = True
262.3327 	EXP 	line_3: autoDraw = True
262.3327 	EXP 	line4: autoDraw = True
263.3328 	INFO 	Keyboard events cleared
263.3326 	EXP 	probe: autoDraw = True
263.9998 	EXP 	Device response: <KeyPress from None: t=263.98999430000003, value=v, duration=None>
264.0002 	EXP 	New trial (rep=23, index=2): <Trial 94 (2 in rep 23) data={'pos': np.int64(50), 'corr_resp': 'c', 'thisN': 94, 'thisTrialN': 2, 'thisRepN': 23}>
264.0018 	DATA 	Keypress: v
264.0166 	EXP 	fixation: autoDraw = False
264.0166 	EXP 	line1: autoDraw = False
264.0166 	EXP 	line_2: autoDraw = False
264.0166 	EXP 	line_3: autoDraw = False
264.0166 	EXP 	line4: autoDraw = False
264.0166 	EXP 	probe: autoDraw = False
264.0166 	EXP 	fixation: autoDraw = True
264.1502 	EXP 	Device response: <KeyPress from None: t=263.98999430000003, value=v, duration=0.1589960000001156>
264.9993 	EXP 	line1: autoDraw = True
264.9993 	EXP 	line_2: autoDraw = True
264.9993 	EXP 	line_3: autoDraw = True
264.9993 	EXP 	line4: autoDraw = True
265.0161 	EXP 	fixation: autoDraw = False
265.9996 	INFO 	Keyboard events cleared
265.9994 	EXP 	probe: autoDraw = True
266.7501 	EXP 	Device response: <KeyPress from None: t=266.73945060000005, value=c, duration=None>
266.7505 	EXP 	New trial (rep=23, index=3): <Trial 95 (3 in rep 23) data={'pos': np.int64(-150), 'corr_resp': 'z', 'thisN': 95, 'thisTrialN': 3, 'thisRepN': 23}>
266.7519 	DATA 	Keypress: c
266.7664 	EXP 	fixation: autoDraw = False
266.7664 	EXP 	line1: autoDraw = False
266.7664 	EXP 	line_2: autoDraw = False
266.7664 	EXP 	line_3: autoDraw = False
266.7664 	EXP 	line4: autoDraw = False
266.7664 	EXP 	probe: autoDraw = False
266.7664 	EXP 	fixation: autoDraw = True
266.8667 	EXP 	Device response: <KeyPress from None: t=266.73945060000005, value=c, duration=0.11075710000022809>
267.7495 	EXP 	line1: autoDraw = True
267.7495 	EXP 	line_2: autoDraw = True
267.7495 	EXP 	line_3: autoDraw = True
267.7495 	EXP 	line4: autoDraw = True
267.7661 	EXP 	fixation: autoDraw = False
268.7663 	INFO 	Keyboard events cleared
268.7661 	EXP 	probe: autoDraw = True
269.2520 	EXP 	Device response: <KeyPress from None: t=269.24906199999987, value=z, duration=None>
269.2524 	EXP 	New trial (rep=24, index=0): <Trial 96 (0 in rep 24) data={'pos': np.int64(-50), 'corr_resp': 'x', 'thisN': 96, 'thisTrialN': 0, 'thisRepN': 24}>
269.2538 	DATA 	Keypress: z
269.2660 	EXP 	fixation: autoDraw = False
269.2660 	EXP 	line1: autoDraw = False
269.2660 	EXP 	line_2: autoDraw = False
269.2660 	EXP 	line_3: autoDraw = False
269.2660 	EXP 	line4: autoDraw = False
269.2660 	EXP 	probe: autoDraw = False
269.2660 	EXP 	fixation: autoDraw = True
269.3834 	EXP 	Device response: <KeyPress from None: t=269.24906199999987, value=z, duration=0.13353300000017043>
270.2660 	EXP 	fixation: autoDraw = False
270.2660 	EXP 	line1: autoDraw = True
270.2660 	EXP 	line_2: autoDraw = True
270.2660 	EXP 	line_3: autoDraw = True
270.2660 	EXP 	line4: autoDraw = True
271.2662 	INFO 	Keyboard events cleared
271.2660 	EXP 	probe: autoDraw = True
271.6337 	EXP 	Device response: <KeyPress from None: t=271.62860530000034, value=x, duration=None>
271.6340 	EXP 	New trial (rep=24, index=1): <Trial 97 (1 in rep 24) data={'pos': np.int64(150), 'corr_resp': 'v', 'thisN': 97, 'thisTrialN': 1, 'thisRepN': 24}>
271.6354 	DATA 	Keypress: x
271.6494 	EXP 	fixation: autoDraw = False
271.6494 	EXP 	line1: autoDraw = False
271.6494 	EXP 	line_2: autoDraw = False
271.6494 	EXP 	line_3: autoDraw = False
271.6494 	EXP 	line4: autoDraw = False
271.6494 	EXP 	probe: autoDraw = False
271.6494 	EXP 	fixation: autoDraw = True
271.7832 	EXP 	Device response: <KeyPress from None: t=271.62860530000034, value=x, duration=0.145790799999304>
272.6492 	EXP 	fixation: autoDraw = False
272.6492 	EXP 	line1: autoDraw = True
272.6492 	EXP 	line_2: autoDraw = True
272.6492 	EXP 	line_3: autoDraw = True
272.6492 	EXP 	line4: autoDraw = True
273.6499 	INFO 	Keyboard events cleared
273.6497 	EXP 	probe: autoDraw = True
274.3001 	EXP 	Device response: <KeyPress from None: t=274.2852638000004, value=v, duration=None>
274.3005 	EXP 	New trial (rep=24, index=2): <Trial 98 (2 in rep 24) data={'pos': np.int64(50), 'corr_resp': 'c', 'thisN': 98, 'thisTrialN': 2, 'thisRepN': 24}>
274.3020 	DATA 	Keypress: v
274.3164 	EXP 	fixation: autoDraw = False
274.3164 	EXP 	line1: autoDraw = False
274.3164 	EXP 	line_2: autoDraw = False
274.3164 	EXP 	line_3: autoDraw = False
274.3164 	EXP 	line4: autoDraw = False
274.3164 	EXP 	probe: autoDraw = False
274.3164 	EXP 	fixation: autoDraw = True
274.5002 	EXP 	Device response: <KeyPress from None: t=274.2852638000004, value=v, duration=0.2116954999992231>
275.2994 	EXP 	line1: autoDraw = True
275.2994 	EXP 	line_2: autoDraw = True
275.2994 	EXP 	line_3: autoDraw = True
275.2994 	EXP 	line4: autoDraw = True
275.3161 	EXP 	fixation: autoDraw = False
276.2996 	INFO 	Keyboard events cleared
276.2995 	EXP 	probe: autoDraw = True
277.2019 	DATA 	Keypress: c
277.2177 	EXP 	Device response: <KeyPress from None: t=277.2001672999995, value=c, duration=None>
277.2181 	EXP 	New trial (rep=24, index=3): <Trial 99 (3 in rep 24) data={'pos': np.int64(-150), 'corr_resp': 'z', 'thisN': 99, 'thisTrialN': 3, 'thisRepN': 24}>
277.2327 	EXP 	fixation: autoDraw = False
277.2327 	EXP 	line1: autoDraw = False
277.2327 	EXP 	line_2: autoDraw = False
277.2327 	EXP 	line_3: autoDraw = False
277.2327 	EXP 	line4: autoDraw = False
277.2327 	EXP 	probe: autoDraw = False
277.2327 	EXP 	fixation: autoDraw = True
277.3498 	EXP 	Device response: <KeyPress from None: t=277.2001672999995, value=c, duration=0.13780800000040472>
278.2328 	EXP 	fixation: autoDraw = False
278.2328 	EXP 	line1: autoDraw = True
278.2328 	EXP 	line_2: autoDraw = True
278.2328 	EXP 	line_3: autoDraw = True
278.2328 	EXP 	line4: autoDraw = True
279.2329 	INFO 	Keyboard events cleared
279.2328 	EXP 	probe: autoDraw = True
279.7832 	EXP 	Device response: <KeyPress from None: t=279.7799022999998, value=z, duration=None>
279.7836 	EXP 	New trial (rep=25, index=0): <Trial 100 (0 in rep 25) data={'pos': np.int64(-50), 'corr_resp': 'x', 'thisN': 100, 'thisTrialN': 0, 'thisRepN': 25}>
279.7850 	DATA 	Keypress: z
279.7998 	EXP 	fixation: autoDraw = False
279.7998 	EXP 	line1: autoDraw = False
279.7998 	EXP 	line_2: autoDraw = False
279.7998 	EXP 	line_3: autoDraw = False
279.7998 	EXP 	line4: autoDraw = False
279.7998 	EXP 	probe: autoDraw = False
279.7998 	EXP 	fixation: autoDraw = True
279.9501 	EXP 	Device response: <KeyPress from None: t=279.7799022999998, value=z, duration=0.16962150000017573>
280.7828 	EXP 	line1: autoDraw = True
280.7828 	EXP 	line_2: autoDraw = True
280.7828 	EXP 	line_3: autoDraw = True
280.7828 	EXP 	line4: autoDraw = True
280.7998 	EXP 	fixation: autoDraw = False
281.7829 	INFO 	Keyboard events cleared
281.7827 	EXP 	probe: autoDraw = True
282.5509 	EXP 	Device response: <KeyPress from None: t=282.5428056999999, value=x, duration=None>
282.5513 	EXP 	New trial (rep=25, index=1): <Trial 101 (1 in rep 25) data={'pos': np.int64(150), 'corr_resp': 'v', 'thisN': 101, 'thisTrialN': 1, 'thisRepN': 25}>
282.5526 	DATA 	Keypress: x
282.5661 	EXP 	fixation: autoDraw = False
282.5661 	EXP 	line1: autoDraw = False
282.5661 	EXP 	line_2: autoDraw = False
282.5661 	EXP 	line_3: autoDraw = False
282.5661 	EXP 	line4: autoDraw = False
282.5661 	EXP 	probe: autoDraw = False
282.5661 	EXP 	fixation: autoDraw = True
282.7006 	EXP 	Device response: <KeyPress from None: t=282.5428056999999, value=x, duration=0.15351370000007591>
283.5661 	EXP 	fixation: autoDraw = False
283.5661 	EXP 	line1: autoDraw = True
283.5661 	EXP 	line_2: autoDraw = True
283.5661 	EXP 	line_3: autoDraw = True
283.5661 	EXP 	line4: autoDraw = True
284.5663 	INFO 	Keyboard events cleared
284.5661 	EXP 	probe: autoDraw = True
285.0169 	EXP 	Device response: <KeyPress from None: t=285.01232470000014, value=v, duration=None>
285.0172 	EXP 	New trial (rep=25, index=2): <Trial 102 (2 in rep 25) data={'pos': np.int64(50), 'corr_resp': 'c', 'thisN': 102, 'thisTrialN': 2, 'thisRepN': 25}>
285.0187 	DATA 	Keypress: v
285.0334 	EXP 	fixation: autoDraw = False
285.0334 	EXP 	line1: autoDraw = False
285.0334 	EXP 	line_2: autoDraw = False
285.0334 	EXP 	line_3: autoDraw = False
285.0334 	EXP 	line4: autoDraw = False
285.0334 	EXP 	probe: autoDraw = False
285.0334 	EXP 	fixation: autoDraw = True
285.2001 	EXP 	Device response: <KeyPress from None: t=285.01232470000014, value=v, duration=0.17501290000018344>
286.0162 	EXP 	line1: autoDraw = True
286.0162 	EXP 	line_2: autoDraw = True
286.0162 	EXP 	line_3: autoDraw = True
286.0162 	EXP 	line4: autoDraw = True
286.0329 	EXP 	fixation: autoDraw = False
287.0163 	INFO 	Keyboard events cleared
287.0161 	EXP 	probe: autoDraw = True
287.7006 	EXP 	Device response: <KeyPress from None: t=287.6875321999996, value=c, duration=None>
287.7010 	EXP 	New trial (rep=25, index=3): <Trial 103 (3 in rep 25) data={'pos': np.int64(-150), 'corr_resp': 'z', 'thisN': 103, 'thisTrialN': 3, 'thisRepN': 25}>
287.7023 	DATA 	Keypress: c
287.7170 	EXP 	fixation: autoDraw = False
287.7170 	EXP 	line1: autoDraw = False
287.7170 	EXP 	line_2: autoDraw = False
287.7170 	EXP 	line_3: autoDraw = False
287.7170 	EXP 	line4: autoDraw = False
287.7170 	EXP 	probe: autoDraw = False
287.7170 	EXP 	fixation: autoDraw = True
287.8501 	EXP 	Device response: <KeyPress from None: t=287.6875321999996, value=c, duration=0.15652640000007523>
288.7164 	EXP 	fixation: autoDraw = False
288.7164 	EXP 	line1: autoDraw = True
288.7164 	EXP 	line_2: autoDraw = True
288.7164 	EXP 	line_3: autoDraw = True
288.7164 	EXP 	line4: autoDraw = True
289.7164 	INFO 	Keyboard events cleared
289.7162 	EXP 	probe: autoDraw = True
290.1002 	EXP 	Device response: <KeyPress from None: t=290.0896620000003, value=z, duration=None>
290.1006 	EXP 	New trial (rep=26, index=0): <Trial 104 (0 in rep 26) data={'pos': np.int64(-50), 'corr_resp': 'x', 'thisN': 104, 'thisTrialN': 0, 'thisRepN': 26}>
290.1020 	DATA 	Keypress: z
290.1162 	EXP 	fixation: autoDraw = False
290.1162 	EXP 	line1: autoDraw = False
290.1162 	EXP 	line_2: autoDraw = False
290.1162 	EXP 	line_3: autoDraw = False
290.1162 	EXP 	line4: autoDraw = False
290.1162 	EXP 	probe: autoDraw = False
290.1162 	EXP 	fixation: autoDraw = True
290.2667 	EXP 	Device response: <KeyPress from None: t=290.0896620000003, value=z, duration=0.1677903999998307>
291.0993 	EXP 	line1: autoDraw = True
291.0993 	EXP 	line_2: autoDraw = True
291.0993 	EXP 	line_3: autoDraw = True
291.0993 	EXP 	line4: autoDraw = True
291.1161 	EXP 	fixation: autoDraw = False
292.0999 	INFO 	Keyboard events cleared
292.0997 	EXP 	probe: autoDraw = True
292.4664 	EXP 	Device response: <KeyPress from None: t=292.46376820000023, value=c, duration=None>
292.4668 	EXP 	New trial (rep=26, index=1): <Trial 105 (1 in rep 26) data={'pos': np.int64(150), 'corr_resp': 'v', 'thisN': 105, 'thisTrialN': 1, 'thisRepN': 26}>
292.4682 	DATA 	Keypress: c
292.4827 	EXP 	fixation: autoDraw = False
292.4827 	EXP 	line1: autoDraw = False
292.4827 	EXP 	line_2: autoDraw = False
292.4827 	EXP 	line_3: autoDraw = False
292.4827 	EXP 	line4: autoDraw = False
292.4827 	EXP 	probe: autoDraw = False
292.4827 	EXP 	fixation: autoDraw = True
292.6660 	EXP 	Device response: <KeyPress from None: t=292.46376820000023, value=c, duration=0.19858489999933226>
293.4663 	EXP 	line1: autoDraw = True
293.4663 	EXP 	line_2: autoDraw = True
293.4663 	EXP 	line_3: autoDraw = True
293.4663 	EXP 	line4: autoDraw = True
293.4828 	EXP 	fixation: autoDraw = False
294.4661 	INFO 	Keyboard events cleared
294.4659 	EXP 	probe: autoDraw = True
294.8169 	EXP 	Device response: <KeyPress from None: t=294.8083343999997, value=v, duration=None>
294.8173 	EXP 	New trial (rep=26, index=2): <Trial 106 (2 in rep 26) data={'pos': np.int64(50), 'corr_resp': 'c', 'thisN': 106, 'thisTrialN': 2, 'thisRepN': 26}>
294.8187 	DATA 	Keypress: v
294.8330 	EXP 	fixation: autoDraw = False
294.8330 	EXP 	line1: autoDraw = False
294.8330 	EXP 	line_2: autoDraw = False
294.8330 	EXP 	line_3: autoDraw = False
294.8330 	EXP 	line4: autoDraw = False
294.8330 	EXP 	probe: autoDraw = False
294.8330 	EXP 	fixation: autoDraw = True
294.9833 	EXP 	Device response: <KeyPress from None: t=294.8083343999997, value=v, duration=0.16375430000061897>
295.8161 	EXP 	line1: autoDraw = True
295.8161 	EXP 	line_2: autoDraw = True
295.8161 	EXP 	line_3: autoDraw = True
295.8161 	EXP 	line4: autoDraw = True
295.8330 	EXP 	fixation: autoDraw = False
296.8163 	INFO 	Keyboard events cleared
296.8162 	EXP 	probe: autoDraw = True
297.1666 	EXP 	Device response: <KeyPress from None: t=297.15366470000026, value=c, duration=None>
297.1669 	EXP 	New trial (rep=26, index=3): <Trial 107 (3 in rep 26) data={'pos': np.int64(-150), 'corr_resp': 'z', 'thisN': 107, 'thisTrialN': 3, 'thisRepN': 26}>
297.1683 	DATA 	Keypress: c
297.1829 	EXP 	fixation: autoDraw = False
297.1829 	EXP 	line1: autoDraw = False
297.1829 	EXP 	line_2: autoDraw = False
297.1829 	EXP 	line_3: autoDraw = False
297.1829 	EXP 	line4: autoDraw = False
297.1829 	EXP 	probe: autoDraw = False
297.1829 	EXP 	fixation: autoDraw = True
297.3499 	EXP 	Device response: <KeyPress from None: t=297.15366470000026, value=c, duration=0.1931893000000855>
298.1663 	EXP 	line1: autoDraw = True
298.1663 	EXP 	line_2: autoDraw = True
298.1663 	EXP 	line_3: autoDraw = True
298.1663 	EXP 	line4: autoDraw = True
298.1828 	EXP 	fixation: autoDraw = False
299.1168 	EXP 	Device response: <KeyPress from None: t=299.1110405999998, value=z, duration=None>
299.1181 	DATA 	Keypress: z
299.1667 	INFO 	Keyboard events cleared
299.1665 	EXP 	probe: autoDraw = True
299.2333 	EXP 	Device response: <KeyPress from None: t=299.1110405999998, value=z, duration=0.11609620000035648>
300.3184 	DATA 	Keypress: z
300.3334 	EXP 	Device response: <KeyPress from None: t=300.3179339999997, value=z, duration=None>
300.3339 	EXP 	New trial (rep=27, index=0): <Trial 108 (0 in rep 27) data={'pos': np.int64(-50), 'corr_resp': 'x', 'thisN': 108, 'thisTrialN': 0, 'thisRepN': 27}>
300.3494 	EXP 	fixation: autoDraw = False
300.3494 	EXP 	line1: autoDraw = False
300.3494 	EXP 	line_2: autoDraw = False
300.3494 	EXP 	line_3: autoDraw = False
300.3494 	EXP 	line4: autoDraw = False
300.3494 	EXP 	probe: autoDraw = False
300.3494 	EXP 	fixation: autoDraw = True
300.4830 	EXP 	Device response: <KeyPress from None: t=300.3179339999997, value=z, duration=0.15172789999996894>
301.3331 	EXP 	line1: autoDraw = True
301.3331 	EXP 	line_2: autoDraw = True
301.3331 	EXP 	line_3: autoDraw = True
301.3331 	EXP 	line4: autoDraw = True
301.3497 	EXP 	fixation: autoDraw = False
302.3329 	INFO 	Keyboard events cleared
302.3328 	EXP 	probe: autoDraw = True
303.4499 	EXP 	Device response: <KeyPress from None: t=303.44194549999975, value=x, duration=None>
303.4502 	EXP 	New trial (rep=27, index=1): <Trial 109 (1 in rep 27) data={'pos': np.int64(150), 'corr_resp': 'v', 'thisN': 109, 'thisTrialN': 1, 'thisRepN': 27}>
303.4515 	DATA 	Keypress: x
303.4663 	EXP 	fixation: autoDraw = False
303.4663 	EXP 	line1: autoDraw = False
303.4663 	EXP 	line_2: autoDraw = False
303.4663 	EXP 	line_3: autoDraw = False
303.4663 	EXP 	line4: autoDraw = False
303.4663 	EXP 	probe: autoDraw = False
303.4663 	EXP 	fixation: autoDraw = True
303.6000 	EXP 	Device response: <KeyPress from None: t=303.44194549999975, value=x, duration=0.14243619999979273>
304.4496 	EXP 	line1: autoDraw = True
304.4496 	EXP 	line_2: autoDraw = True
304.4496 	EXP 	line_3: autoDraw = True
304.4496 	EXP 	line4: autoDraw = True
304.4662 	EXP 	fixation: autoDraw = False
305.4498 	INFO 	Keyboard events cleared
305.4497 	EXP 	probe: autoDraw = True
305.8830 	EXP 	Device response: <KeyPress from None: t=305.8752091999995, value=v, duration=None>
305.8834 	EXP 	New trial (rep=27, index=2): <Trial 110 (2 in rep 27) data={'pos': np.int64(50), 'corr_resp': 'c', 'thisN': 110, 'thisTrialN': 2, 'thisRepN': 27}>
305.8848 	DATA 	Keypress: v
305.8996 	EXP 	fixation: autoDraw = False
305.8996 	EXP 	line1: autoDraw = False
305.8996 	EXP 	line_2: autoDraw = False
305.8996 	EXP 	line_3: autoDraw = False
305.8996 	EXP 	line4: autoDraw = False
305.8996 	EXP 	probe: autoDraw = False
305.8996 	EXP 	fixation: autoDraw = True
306.0334 	EXP 	Device response: <KeyPress from None: t=305.8752091999995, value=v, duration=0.1488167000006797>
306.8829 	EXP 	line1: autoDraw = True
306.8829 	EXP 	line_2: autoDraw = True
306.8829 	EXP 	line_3: autoDraw = True
306.8829 	EXP 	line4: autoDraw = True
306.8996 	EXP 	fixation: autoDraw = False
307.8830 	INFO 	Keyboard events cleared
307.8829 	EXP 	probe: autoDraw = True
308.4664 	EXP 	Device response: <KeyPress from None: t=308.4594446000001, value=c, duration=None>
308.4668 	EXP 	New trial (rep=27, index=3): <Trial 111 (3 in rep 27) data={'pos': np.int64(-150), 'corr_resp': 'z', 'thisN': 111, 'thisTrialN': 3, 'thisRepN': 27}>
308.4682 	DATA 	Keypress: c
308.4829 	EXP 	fixation: autoDraw = False
308.4829 	EXP 	line1: autoDraw = False
308.4829 	EXP 	line_2: autoDraw = False
308.4829 	EXP 	line_3: autoDraw = False
308.4829 	EXP 	line4: autoDraw = False
308.4829 	EXP 	probe: autoDraw = False
308.4829 	EXP 	fixation: autoDraw = True
308.6670 	EXP 	Device response: <KeyPress from None: t=308.4594446000001, value=c, duration=0.19910780000009254>
309.4661 	EXP 	line1: autoDraw = True
309.4661 	EXP 	line_2: autoDraw = True
309.4661 	EXP 	line_3: autoDraw = True
309.4661 	EXP 	line4: autoDraw = True
309.4829 	EXP 	fixation: autoDraw = False
309.8496 	EXP 	Device response: <KeyPress from None: t=309.84686520000014, value=z, duration=None>
309.8508 	DATA 	Keypress: z
310.0165 	EXP 	Device response: <KeyPress from None: t=309.84686520000014, value=z, duration=0.1626882000000478>
310.4666 	INFO 	Keyboard events cleared
310.4665 	EXP 	probe: autoDraw = True
310.7502 	EXP 	Device response: <KeyPress from None: t=310.74121490000016, value=z, duration=None>
310.7506 	EXP 	New trial (rep=28, index=0): <Trial 112 (0 in rep 28) data={'pos': np.int64(-50), 'corr_resp': 'x', 'thisN': 112, 'thisTrialN': 0, 'thisRepN': 28}>
310.7520 	DATA 	Keypress: z
310.7663 	EXP 	fixation: autoDraw = False
310.7663 	EXP 	line1: autoDraw = False
310.7663 	EXP 	line_2: autoDraw = False
310.7663 	EXP 	line_3: autoDraw = False
310.7663 	EXP 	line4: autoDraw = False
310.7663 	EXP 	probe: autoDraw = False
310.7663 	EXP 	fixation: autoDraw = True
310.8838 	EXP 	Device response: <KeyPress from None: t=310.74121490000016, value=z, duration=0.12935190000007424>
311.7504 	EXP 	line1: autoDraw = True
311.7504 	EXP 	line_2: autoDraw = True
311.7504 	EXP 	line_3: autoDraw = True
311.7504 	EXP 	line4: autoDraw = True
311.7662 	EXP 	fixation: autoDraw = False
312.7495 	INFO 	Keyboard events cleared
312.7493 	EXP 	probe: autoDraw = True
313.8168 	EXP 	Device response: <KeyPress from None: t=313.8093689999996, value=x, duration=None>
313.8173 	EXP 	New trial (rep=28, index=1): <Trial 113 (1 in rep 28) data={'pos': np.int64(150), 'corr_resp': 'v', 'thisN': 113, 'thisTrialN': 1, 'thisRepN': 28}>
313.8185 	DATA 	Keypress: x
313.8337 	EXP 	fixation: autoDraw = False
313.8337 	EXP 	line1: autoDraw = False
313.8337 	EXP 	line_2: autoDraw = False
313.8337 	EXP 	line_3: autoDraw = False
313.8337 	EXP 	line4: autoDraw = False
313.8337 	EXP 	probe: autoDraw = False
313.8337 	EXP 	fixation: autoDraw = True
313.9998 	EXP 	Device response: <KeyPress from None: t=313.8093689999996, value=x, duration=0.17702660000031756>
314.8163 	EXP 	line1: autoDraw = True
314.8163 	EXP 	line_2: autoDraw = True
314.8163 	EXP 	line_3: autoDraw = True
314.8163 	EXP 	line4: autoDraw = True
314.8332 	EXP 	fixation: autoDraw = False
315.8164 	INFO 	Keyboard events cleared
315.8163 	EXP 	probe: autoDraw = True
316.6001 	EXP 	Device response: <KeyPress from None: t=316.5889860999996, value=v, duration=None>
316.6006 	EXP 	New trial (rep=28, index=2): <Trial 114 (2 in rep 28) data={'pos': np.int64(50), 'corr_resp': 'c', 'thisN': 114, 'thisTrialN': 2, 'thisRepN': 28}>
316.6020 	DATA 	Keypress: v
316.6163 	EXP 	fixation: autoDraw = False
316.6163 	EXP 	line1: autoDraw = False
316.6163 	EXP 	line_2: autoDraw = False
316.6163 	EXP 	line_3: autoDraw = False
316.6163 	EXP 	line4: autoDraw = False
316.6163 	EXP 	probe: autoDraw = False
316.6163 	EXP 	fixation: autoDraw = True
316.7163 	EXP 	Device response: <KeyPress from None: t=316.5889860999996, value=v, duration=0.12387699999999313>
317.5996 	EXP 	line1: autoDraw = True
317.5996 	EXP 	line_2: autoDraw = True
317.5996 	EXP 	line_3: autoDraw = True
317.5996 	EXP 	line4: autoDraw = True
317.6164 	EXP 	fixation: autoDraw = False
318.5998 	INFO 	Keyboard events cleared
318.5996 	EXP 	probe: autoDraw = True
318.9668 	EXP 	Device response: <KeyPress from None: t=318.9597799000003, value=c, duration=None>
318.9672 	EXP 	New trial (rep=28, index=3): <Trial 115 (3 in rep 28) data={'pos': np.int64(-150), 'corr_resp': 'z', 'thisN': 115, 'thisTrialN': 3, 'thisRepN': 28}>
318.9687 	DATA 	Keypress: c
318.9831 	EXP 	fixation: autoDraw = False
318.9831 	EXP 	line1: autoDraw = False
318.9831 	EXP 	line_2: autoDraw = False
318.9831 	EXP 	line_3: autoDraw = False
318.9831 	EXP 	line4: autoDraw = False
318.9831 	EXP 	probe: autoDraw = False
318.9831 	EXP 	fixation: autoDraw = True
319.1167 	EXP 	Device response: <KeyPress from None: t=318.9597799000003, value=c, duration=0.14127069999995>
319.9663 	EXP 	line1: autoDraw = True
319.9663 	EXP 	line_2: autoDraw = True
319.9663 	EXP 	line_3: autoDraw = True
319.9663 	EXP 	line4: autoDraw = True
319.9831 	EXP 	fixation: autoDraw = False
320.9665 	INFO 	Keyboard events cleared
320.9664 	EXP 	probe: autoDraw = True
321.4836 	EXP 	Device response: <KeyPress from None: t=321.4684793999995, value=z, duration=None>
321.4839 	EXP 	New trial (rep=29, index=0): <Trial 116 (0 in rep 29) data={'pos': np.int64(-50), 'corr_resp': 'x', 'thisN': 116, 'thisTrialN': 0, 'thisRepN': 29}>
321.4851 	DATA 	Keypress: z
321.4998 	EXP 	fixation: autoDraw = False
321.4998 	EXP 	line1: autoDraw = False
321.4998 	EXP 	line_2: autoDraw = False
321.4998 	EXP 	line_3: autoDraw = False
321.4998 	EXP 	line4: autoDraw = False
321.4998 	EXP 	probe: autoDraw = False
321.4998 	EXP 	fixation: autoDraw = True
321.5999 	EXP 	Device response: <KeyPress from None: t=321.4684793999995, value=z, duration=0.1222606999999698>
322.4828 	EXP 	line1: autoDraw = True
322.4828 	EXP 	line_2: autoDraw = True
322.4828 	EXP 	line_3: autoDraw = True
322.4828 	EXP 	line4: autoDraw = True
322.5003 	EXP 	fixation: autoDraw = False
323.4831 	INFO 	Keyboard events cleared
323.4830 	EXP 	probe: autoDraw = True
323.7676 	EXP 	Device response: <KeyPress from None: t=323.7644750999998, value=x, duration=None>
323.7681 	EXP 	New trial (rep=29, index=1): <Trial 117 (1 in rep 29) data={'pos': np.int64(150), 'corr_resp': 'v', 'thisN': 117, 'thisTrialN': 1, 'thisRepN': 29}>
323.7694 	DATA 	Keypress: x
323.7828 	EXP 	fixation: autoDraw = False
323.7828 	EXP 	line1: autoDraw = False
323.7828 	EXP 	line_2: autoDraw = False
323.7828 	EXP 	line_3: autoDraw = False
323.7828 	EXP 	line4: autoDraw = False
323.7828 	EXP 	probe: autoDraw = False
323.7828 	EXP 	fixation: autoDraw = True
323.9177 	EXP 	Device response: <KeyPress from None: t=323.7644750999998, value=x, duration=0.14871930000026623>
324.7834 	EXP 	fixation: autoDraw = False
324.7834 	EXP 	line1: autoDraw = True
324.7834 	EXP 	line_2: autoDraw = True
324.7834 	EXP 	line_3: autoDraw = True
324.7834 	EXP 	line4: autoDraw = True
325.7835 	INFO 	Keyboard events cleared
325.7833 	EXP 	probe: autoDraw = True
326.1333 	EXP 	Device response: <KeyPress from None: t=326.1197900999996, value=v, duration=None>
326.1337 	EXP 	New trial (rep=29, index=2): <Trial 118 (2 in rep 29) data={'pos': np.int64(50), 'corr_resp': 'c', 'thisN': 118, 'thisTrialN': 2, 'thisRepN': 29}>
326.1350 	DATA 	Keypress: v
326.1501 	EXP 	fixation: autoDraw = False
326.1501 	EXP 	line1: autoDraw = False
326.1501 	EXP 	line_2: autoDraw = False
326.1501 	EXP 	line_3: autoDraw = False
326.1501 	EXP 	line4: autoDraw = False
326.1501 	EXP 	probe: autoDraw = False
326.1501 	EXP 	fixation: autoDraw = True
326.3002 	EXP 	Device response: <KeyPress from None: t=326.1197900999996, value=v, duration=0.16472160000012082>
327.1331 	EXP 	line1: autoDraw = True
327.1331 	EXP 	line_2: autoDraw = True
327.1331 	EXP 	line_3: autoDraw = True
327.1331 	EXP 	line4: autoDraw = True
327.1499 	EXP 	fixation: autoDraw = False
328.1332 	INFO 	Keyboard events cleared
328.1330 	EXP 	probe: autoDraw = True
328.3688 	DATA 	Keypress: c
328.3846 	EXP 	Device response: <KeyPress from None: t=328.3677977999996, value=c, duration=None>
328.3850 	EXP 	New trial (rep=29, index=3): <Trial 119 (3 in rep 29) data={'pos': np.int64(-150), 'corr_resp': 'z', 'thisN': 119, 'thisTrialN': 3, 'thisRepN': 29}>
328.3995 	EXP 	fixation: autoDraw = False
328.3995 	EXP 	line1: autoDraw = False
328.3995 	EXP 	line_2: autoDraw = False
328.3995 	EXP 	line_3: autoDraw = False
328.3995 	EXP 	line4: autoDraw = False
328.3995 	EXP 	probe: autoDraw = False
328.3995 	EXP 	fixation: autoDraw = True
328.5170 	EXP 	Device response: <KeyPress from None: t=328.3677977999996, value=c, duration=0.13482530000055704>
329.3997 	EXP 	fixation: autoDraw = False
329.3997 	EXP 	line1: autoDraw = True
329.3997 	EXP 	line_2: autoDraw = True
329.3997 	EXP 	line_3: autoDraw = True
329.3997 	EXP 	line4: autoDraw = True
330.3996 	INFO 	Keyboard events cleared
330.3994 	EXP 	probe: autoDraw = True
330.7000 	EXP 	Device response: <KeyPress from None: t=330.6967089999998, value=z, duration=None>
330.7004 	EXP 	New trial (rep=30, index=0): <Trial 120 (0 in rep 30) data={'pos': np.int64(-50), 'corr_resp': 'x', 'thisN': 120, 'thisTrialN': 0, 'thisRepN': 30}>
330.7016 	DATA 	Keypress: z
330.7164 	EXP 	fixation: autoDraw = False
330.7164 	EXP 	line1: autoDraw = False
330.7164 	EXP 	line_2: autoDraw = False
330.7164 	EXP 	line_3: autoDraw = False
330.7164 	EXP 	line4: autoDraw = False
330.7164 	EXP 	probe: autoDraw = False
330.7164 	EXP 	fixation: autoDraw = True
330.8341 	EXP 	Device response: <KeyPress from None: t=330.6967089999998, value=z, duration=0.12394150000000081>
331.6998 	EXP 	line1: autoDraw = True
331.6998 	EXP 	line_2: autoDraw = True
331.6998 	EXP 	line_3: autoDraw = True
331.6998 	EXP 	line4: autoDraw = True
331.7166 	EXP 	fixation: autoDraw = False
332.7002 	INFO 	Keyboard events cleared
332.7000 	EXP 	probe: autoDraw = True
332.9685 	DATA 	Keypress: x
332.9838 	EXP 	Device response: <KeyPress from None: t=332.96761849999984, value=x, duration=None>
332.9842 	EXP 	New trial (rep=30, index=1): <Trial 121 (1 in rep 30) data={'pos': np.int64(150), 'corr_resp': 'v', 'thisN': 121, 'thisTrialN': 1, 'thisRepN': 30}>
332.9997 	EXP 	fixation: autoDraw = False
332.9997 	EXP 	line1: autoDraw = False
332.9997 	EXP 	line_2: autoDraw = False
332.9997 	EXP 	line_3: autoDraw = False
332.9997 	EXP 	line4: autoDraw = False
332.9997 	EXP 	probe: autoDraw = False
332.9997 	EXP 	fixation: autoDraw = True
333.1171 	EXP 	Device response: <KeyPress from None: t=332.96761849999984, value=x, duration=0.1358855999997104>
333.9831 	EXP 	line1: autoDraw = True
333.9831 	EXP 	line_2: autoDraw = True
333.9831 	EXP 	line_3: autoDraw = True
333.9831 	EXP 	line4: autoDraw = True
333.9997 	EXP 	fixation: autoDraw = False
334.9999 	INFO 	Keyboard events cleared
334.9997 	EXP 	probe: autoDraw = True
335.3336 	EXP 	Device response: <KeyPress from None: t=335.31939330000023, value=v, duration=None>
335.3341 	EXP 	New trial (rep=30, index=2): <Trial 122 (2 in rep 30) data={'pos': np.int64(50), 'corr_resp': 'c', 'thisN': 122, 'thisTrialN': 2, 'thisRepN': 30}>
335.3354 	DATA 	Keypress: v
335.3496 	EXP 	fixation: autoDraw = False
335.3496 	EXP 	line1: autoDraw = False
335.3496 	EXP 	line_2: autoDraw = False
335.3496 	EXP 	line_3: autoDraw = False
335.3496 	EXP 	line4: autoDraw = False
335.3496 	EXP 	probe: autoDraw = False
335.3496 	EXP 	fixation: autoDraw = True
335.4836 	EXP 	Device response: <KeyPress from None: t=335.31939330000023, value=v, duration=0.14979439999933675>
336.3331 	EXP 	line1: autoDraw = True
336.3331 	EXP 	line_2: autoDraw = True
336.3331 	EXP 	line_3: autoDraw = True
336.3331 	EXP 	line4: autoDraw = True
336.3496 	EXP 	fixation: autoDraw = False
337.3331 	INFO 	Keyboard events cleared
337.3330 	EXP 	probe: autoDraw = True
337.6000 	EXP 	Device response: <KeyPress from None: t=337.5974619999997, value=c, duration=None>
337.6004 	EXP 	New trial (rep=30, index=3): <Trial 123 (3 in rep 30) data={'pos': np.int64(-150), 'corr_resp': 'z', 'thisN': 123, 'thisTrialN': 3, 'thisRepN': 30}>
337.6016 	DATA 	Keypress: c
337.6172 	EXP 	fixation: autoDraw = False
337.6172 	EXP 	line1: autoDraw = False
337.6172 	EXP 	line_2: autoDraw = False
337.6172 	EXP 	line_3: autoDraw = False
337.6172 	EXP 	line4: autoDraw = False
337.6172 	EXP 	probe: autoDraw = False
337.6172 	EXP 	fixation: autoDraw = True
337.7335 	EXP 	Device response: <KeyPress from None: t=337.5974619999997, value=c, duration=0.13330409999980475>
338.5998 	EXP 	line1: autoDraw = True
338.5998 	EXP 	line_2: autoDraw = True
338.5998 	EXP 	line_3: autoDraw = True
338.5998 	EXP 	line4: autoDraw = True
338.6174 	EXP 	fixation: autoDraw = False
339.6000 	INFO 	Keyboard events cleared
339.5999 	EXP 	probe: autoDraw = True
339.9685 	EXP 	Device response: <KeyPress from None: t=339.9626771000003, value=z, duration=None>
339.9689 	EXP 	New trial (rep=31, index=0): <Trial 124 (0 in rep 31) data={'pos': np.int64(-50), 'corr_resp': 'x', 'thisN': 124, 'thisTrialN': 0, 'thisRepN': 31}>
339.9702 	DATA 	Keypress: z
339.9831 	EXP 	fixation: autoDraw = False
339.9831 	EXP 	line1: autoDraw = False
339.9831 	EXP 	line_2: autoDraw = False
339.9831 	EXP 	line_3: autoDraw = False
339.9831 	EXP 	line4: autoDraw = False
339.9831 	EXP 	probe: autoDraw = False
339.9831 	EXP 	fixation: autoDraw = True
340.1502 	EXP 	Device response: <KeyPress from None: t=339.9626771000003, value=z, duration=0.17566199999964738>
340.9832 	EXP 	fixation: autoDraw = False
340.9832 	EXP 	line1: autoDraw = True
340.9832 	EXP 	line_2: autoDraw = True
340.9832 	EXP 	line_3: autoDraw = True
340.9832 	EXP 	line4: autoDraw = True
341.9832 	INFO 	Keyboard events cleared
341.9831 	EXP 	probe: autoDraw = True
342.4163 	EXP 	Device response: <KeyPress from None: t=342.4093630999996, value=x, duration=None>
342.4167 	EXP 	New trial (rep=31, index=1): <Trial 125 (1 in rep 31) data={'pos': np.int64(150), 'corr_resp': 'v', 'thisN': 125, 'thisTrialN': 1, 'thisRepN': 31}>
342.4180 	DATA 	Keypress: x
342.4331 	EXP 	fixation: autoDraw = False
342.4331 	EXP 	line1: autoDraw = False
342.4331 	EXP 	line_2: autoDraw = False
342.4331 	EXP 	line_3: autoDraw = False
342.4331 	EXP 	line4: autoDraw = False
342.4331 	EXP 	probe: autoDraw = False
342.4331 	EXP 	fixation: autoDraw = True
342.5504 	EXP 	Device response: <KeyPress from None: t=342.4093630999996, value=x, duration=0.13590320000002976>
343.4168 	EXP 	line1: autoDraw = True
343.4168 	EXP 	line_2: autoDraw = True
343.4168 	EXP 	line_3: autoDraw = True
343.4168 	EXP 	line4: autoDraw = True
343.4331 	EXP 	fixation: autoDraw = False
344.4169 	INFO 	Keyboard events cleared
344.4168 	EXP 	probe: autoDraw = True
344.8669 	EXP 	Device response: <KeyPress from None: t=344.86420519999956, value=v, duration=None>
344.8673 	EXP 	New trial (rep=31, index=2): <Trial 126 (2 in rep 31) data={'pos': np.int64(50), 'corr_resp': 'c', 'thisN': 126, 'thisTrialN': 2, 'thisRepN': 31}>
344.8686 	DATA 	Keypress: v
344.8831 	EXP 	fixation: autoDraw = False
344.8831 	EXP 	line1: autoDraw = False
344.8831 	EXP 	line_2: autoDraw = False
344.8831 	EXP 	line_3: autoDraw = False
344.8831 	EXP 	line4: autoDraw = False
344.8831 	EXP 	probe: autoDraw = False
344.8831 	EXP 	fixation: autoDraw = True
345.0503 	EXP 	Device response: <KeyPress from None: t=344.86420519999956, value=v, duration=0.1701286000006803>
345.8666 	EXP 	line1: autoDraw = True
345.8666 	EXP 	line_2: autoDraw = True
345.8666 	EXP 	line_3: autoDraw = True
345.8666 	EXP 	line4: autoDraw = True
345.8833 	EXP 	fixation: autoDraw = False
346.8665 	INFO 	Keyboard events cleared
346.8663 	EXP 	probe: autoDraw = True
347.8501 	EXP 	Device response: <KeyPress from None: t=347.8435102000003, value=c, duration=None>
347.8505 	EXP 	New trial (rep=31, index=3): <Trial 127 (3 in rep 31) data={'pos': np.int64(-150), 'corr_resp': 'z', 'thisN': 127, 'thisTrialN': 3, 'thisRepN': 31}>
347.8518 	DATA 	Keypress: c
347.8665 	EXP 	fixation: autoDraw = False
347.8665 	EXP 	line1: autoDraw = False
347.8665 	EXP 	line_2: autoDraw = False
347.8665 	EXP 	line_3: autoDraw = False
347.8665 	EXP 	line4: autoDraw = False
347.8665 	EXP 	probe: autoDraw = False
347.8665 	EXP 	fixation: autoDraw = True
348.0334 	EXP 	Device response: <KeyPress from None: t=347.8435102000003, value=c, duration=0.1749442000000272>
348.8498 	EXP 	line1: autoDraw = True
348.8498 	EXP 	line_2: autoDraw = True
348.8498 	EXP 	line_3: autoDraw = True
348.8498 	EXP 	line4: autoDraw = True
348.8664 	EXP 	fixation: autoDraw = False
349.8499 	INFO 	Keyboard events cleared
349.8497 	EXP 	probe: autoDraw = True
350.2005 	EXP 	Device response: <KeyPress from None: t=350.18994939999993, value=z, duration=None>
350.2009 	EXP 	New trial (rep=32, index=0): <Trial 128 (0 in rep 32) data={'pos': np.int64(-50), 'corr_resp': 'x', 'thisN': 128, 'thisTrialN': 0, 'thisRepN': 32}>
350.2024 	DATA 	Keypress: z
350.2166 	EXP 	fixation: autoDraw = False
350.2166 	EXP 	line1: autoDraw = False
350.2166 	EXP 	line_2: autoDraw = False
350.2166 	EXP 	line_3: autoDraw = False
350.2166 	EXP 	line4: autoDraw = False
350.2166 	EXP 	probe: autoDraw = False
350.2166 	EXP 	fixation: autoDraw = True
350.3169 	EXP 	Device response: <KeyPress from None: t=350.18994939999993, value=z, duration=0.11598729999968782>
351.1999 	EXP 	line1: autoDraw = True
351.1999 	EXP 	line_2: autoDraw = True
351.1999 	EXP 	line_3: autoDraw = True
351.1999 	EXP 	line4: autoDraw = True
351.2167 	EXP 	fixation: autoDraw = False
352.2165 	INFO 	Keyboard events cleared
352.2163 	EXP 	probe: autoDraw = True
352.4668 	EXP 	Device response: <KeyPress from None: t=352.46368489999986, value=x, duration=None>
352.4673 	EXP 	New trial (rep=32, index=1): <Trial 129 (1 in rep 32) data={'pos': np.int64(150), 'corr_resp': 'v', 'thisN': 129, 'thisTrialN': 1, 'thisRepN': 32}>
352.4686 	DATA 	Keypress: x
352.4830 	EXP 	fixation: autoDraw = False
352.4830 	EXP 	line1: autoDraw = False
352.4830 	EXP 	line_2: autoDraw = False
352.4830 	EXP 	line_3: autoDraw = False
352.4830 	EXP 	line4: autoDraw = False
352.4830 	EXP 	probe: autoDraw = False
352.4830 	EXP 	fixation: autoDraw = True
352.7003 	EXP 	Device response: <KeyPress from None: t=352.46368489999986, value=x, duration=0.22923139999966224>
353.4664 	EXP 	line1: autoDraw = True
353.4664 	EXP 	line_2: autoDraw = True
353.4664 	EXP 	line_3: autoDraw = True
353.4664 	EXP 	line4: autoDraw = True
353.4834 	EXP 	fixation: autoDraw = False
354.4666 	INFO 	Keyboard events cleared
354.4664 	EXP 	probe: autoDraw = True
355.0504 	EXP 	Device response: <KeyPress from None: t=355.03839700000026, value=v, duration=None>
355.0508 	EXP 	New trial (rep=32, index=2): <Trial 130 (2 in rep 32) data={'pos': np.int64(50), 'corr_resp': 'c', 'thisN': 130, 'thisTrialN': 2, 'thisRepN': 32}>
355.0522 	DATA 	Keypress: v
355.0666 	EXP 	fixation: autoDraw = False
355.0666 	EXP 	line1: autoDraw = False
355.0666 	EXP 	line_2: autoDraw = False
355.0666 	EXP 	line_3: autoDraw = False
355.0666 	EXP 	line4: autoDraw = False
355.0666 	EXP 	probe: autoDraw = False
355.0666 	EXP 	fixation: autoDraw = True
355.2007 	EXP 	Device response: <KeyPress from None: t=355.03839700000026, value=v, duration=0.16144489999987854>
356.0494 	EXP 	line1: autoDraw = True
356.0494 	EXP 	line_2: autoDraw = True
356.0494 	EXP 	line_3: autoDraw = True
356.0494 	EXP 	line4: autoDraw = True
356.0665 	EXP 	fixation: autoDraw = False
357.0504 	INFO 	Keyboard events cleared
357.0502 	EXP 	probe: autoDraw = True
357.4835 	EXP 	Device response: <KeyPress from None: t=357.4807324000003, value=c, duration=None>
357.4839 	EXP 	New trial (rep=32, index=3): <Trial 131 (3 in rep 32) data={'pos': np.int64(-150), 'corr_resp': 'z', 'thisN': 131, 'thisTrialN': 3, 'thisRepN': 32}>
357.4853 	DATA 	Keypress: c
357.5001 	EXP 	fixation: autoDraw = False
357.5001 	EXP 	line1: autoDraw = False
357.5001 	EXP 	line_2: autoDraw = False
357.5001 	EXP 	line_3: autoDraw = False
357.5001 	EXP 	line4: autoDraw = False
357.5001 	EXP 	probe: autoDraw = False
357.5001 	EXP 	fixation: autoDraw = True
357.6168 	EXP 	Device response: <KeyPress from None: t=357.4807324000003, value=c, duration=0.133088300000054>
358.4832 	EXP 	line1: autoDraw = True
358.4832 	EXP 	line_2: autoDraw = True
358.4832 	EXP 	line_3: autoDraw = True
358.4832 	EXP 	line4: autoDraw = True
358.5000 	EXP 	fixation: autoDraw = False
359.4833 	INFO 	Keyboard events cleared
359.4832 	EXP 	probe: autoDraw = True
359.8519 	DATA 	Keypress: z
359.8672 	EXP 	Device response: <KeyPress from None: t=359.85093159999997, value=z, duration=None>
359.8676 	EXP 	New trial (rep=33, index=0): <Trial 132 (0 in rep 33) data={'pos': np.int64(-50), 'corr_resp': 'x', 'thisN': 132, 'thisTrialN': 0, 'thisRepN': 33}>
359.8833 	EXP 	fixation: autoDraw = False
359.8833 	EXP 	line1: autoDraw = False
359.8833 	EXP 	line_2: autoDraw = False
359.8833 	EXP 	line_3: autoDraw = False
359.8833 	EXP 	line4: autoDraw = False
359.8833 	EXP 	probe: autoDraw = False
359.8833 	EXP 	fixation: autoDraw = True
360.0169 	EXP 	Device response: <KeyPress from None: t=359.85093159999997, value=z, duration=0.1507670999999391>
360.8832 	EXP 	fixation: autoDraw = False
360.8832 	EXP 	line1: autoDraw = True
360.8832 	EXP 	line_2: autoDraw = True
360.8832 	EXP 	line_3: autoDraw = True
360.8832 	EXP 	line4: autoDraw = True
361.8835 	INFO 	Keyboard events cleared
361.8833 	EXP 	probe: autoDraw = True
362.2844 	EXP 	Device response: <KeyPress from None: t=362.2799807000001, value=x, duration=None>
362.2849 	EXP 	New trial (rep=33, index=1): <Trial 133 (1 in rep 33) data={'pos': np.int64(150), 'corr_resp': 'v', 'thisN': 133, 'thisTrialN': 1, 'thisRepN': 33}>
362.2862 	DATA 	Keypress: x
362.2997 	EXP 	fixation: autoDraw = False
362.2997 	EXP 	line1: autoDraw = False
362.2997 	EXP 	line_2: autoDraw = False
362.2997 	EXP 	line_3: autoDraw = False
362.2997 	EXP 	line4: autoDraw = False
362.2997 	EXP 	probe: autoDraw = False
362.2997 	EXP 	fixation: autoDraw = True
362.4164 	EXP 	Device response: <KeyPress from None: t=362.2799807000001, value=x, duration=0.1333134999995309>
363.3000 	EXP 	fixation: autoDraw = False
363.3000 	EXP 	line1: autoDraw = True
363.3000 	EXP 	line_2: autoDraw = True
363.3000 	EXP 	line_3: autoDraw = True
363.3000 	EXP 	line4: autoDraw = True
364.2999 	INFO 	Keyboard events cleared
364.2998 	EXP 	probe: autoDraw = True
364.8170 	EXP 	Device response: <KeyPress from None: t=364.8034789000003, value=v, duration=None>
364.8174 	EXP 	New trial (rep=33, index=2): <Trial 134 (2 in rep 33) data={'pos': np.int64(50), 'corr_resp': 'c', 'thisN': 134, 'thisTrialN': 2, 'thisRepN': 33}>
364.8189 	DATA 	Keypress: v
364.8337 	EXP 	fixation: autoDraw = False
364.8337 	EXP 	line1: autoDraw = False
364.8337 	EXP 	line_2: autoDraw = False
364.8337 	EXP 	line_3: autoDraw = False
364.8337 	EXP 	line4: autoDraw = False
364.8337 	EXP 	probe: autoDraw = False
364.8337 	EXP 	fixation: autoDraw = True
364.9834 	EXP 	Device response: <KeyPress from None: t=364.8034789000003, value=v, duration=0.1721611999992092>
365.8166 	EXP 	line1: autoDraw = True
365.8166 	EXP 	line_2: autoDraw = True
365.8166 	EXP 	line_3: autoDraw = True
365.8166 	EXP 	line4: autoDraw = True
365.8334 	EXP 	fixation: autoDraw = False
366.8166 	INFO 	Keyboard events cleared
366.8164 	EXP 	probe: autoDraw = True
367.0669 	EXP 	Device response: <KeyPress from None: t=367.0640045, value=c, duration=None>
367.0672 	EXP 	New trial (rep=33, index=3): <Trial 135 (3 in rep 33) data={'pos': np.int64(-150), 'corr_resp': 'z', 'thisN': 135, 'thisTrialN': 3, 'thisRepN': 33}>
367.0685 	DATA 	Keypress: c
367.0833 	EXP 	fixation: autoDraw = False
367.0833 	EXP 	line1: autoDraw = False
367.0833 	EXP 	line_2: autoDraw = False
367.0833 	EXP 	line_3: autoDraw = False
367.0833 	EXP 	line4: autoDraw = False
367.0833 	EXP 	probe: autoDraw = False
367.0833 	EXP 	fixation: autoDraw = True
367.2345 	EXP 	Device response: <KeyPress from None: t=367.0640045, value=c, duration=0.1537225000001854>
368.0669 	EXP 	line1: autoDraw = True
368.0669 	EXP 	line_2: autoDraw = True
368.0669 	EXP 	line_3: autoDraw = True
368.0669 	EXP 	line4: autoDraw = True
368.0833 	EXP 	fixation: autoDraw = False
369.0668 	INFO 	Keyboard events cleared
369.0666 	EXP 	probe: autoDraw = True
369.4338 	EXP 	Device response: <KeyPress from None: t=369.42667379999966, value=z, duration=None>
369.4342 	EXP 	New trial (rep=34, index=0): <Trial 136 (0 in rep 34) data={'pos': np.int64(-50), 'corr_resp': 'x', 'thisN': 136, 'thisTrialN': 0, 'thisRepN': 34}>
369.4355 	DATA 	Keypress: z
369.4500 	EXP 	fixation: autoDraw = False
369.4500 	EXP 	line1: autoDraw = False
369.4500 	EXP 	line_2: autoDraw = False
369.4500 	EXP 	line_3: autoDraw = False
369.4500 	EXP 	line4: autoDraw = False
369.4500 	EXP 	probe: autoDraw = False
369.4500 	EXP 	fixation: autoDraw = True
369.5673 	EXP 	Device response: <KeyPress from None: t=369.42667379999966, value=z, duration=0.1340847000001304>
370.4334 	EXP 	line1: autoDraw = True
370.4334 	EXP 	line_2: autoDraw = True
370.4334 	EXP 	line_3: autoDraw = True
370.4334 	EXP 	line4: autoDraw = True
370.4499 	EXP 	fixation: autoDraw = False
371.4498 	INFO 	Keyboard events cleared
371.4496 	EXP 	probe: autoDraw = True
371.8002 	EXP 	Device response: <KeyPress from None: t=371.7965207999996, value=x, duration=None>
371.8006 	EXP 	New trial (rep=34, index=1): <Trial 137 (1 in rep 34) data={'pos': np.int64(150), 'corr_resp': 'v', 'thisN': 137, 'thisTrialN': 1, 'thisRepN': 34}>
371.8018 	DATA 	Keypress: x
371.8175 	EXP 	fixation: autoDraw = False
371.8175 	EXP 	line1: autoDraw = False
371.8175 	EXP 	line_2: autoDraw = False
371.8175 	EXP 	line_3: autoDraw = False
371.8175 	EXP 	line4: autoDraw = False
371.8175 	EXP 	probe: autoDraw = False
371.8175 	EXP 	fixation: autoDraw = True
371.9173 	EXP 	Device response: <KeyPress from None: t=371.7965207999996, value=x, duration=0.11984250000023167>
372.7999 	EXP 	line1: autoDraw = True
372.7999 	EXP 	line_2: autoDraw = True
372.7999 	EXP 	line_3: autoDraw = True
372.7999 	EXP 	line4: autoDraw = True
372.8169 	EXP 	fixation: autoDraw = False
373.7999 	INFO 	Keyboard events cleared
373.7997 	EXP 	probe: autoDraw = True
374.7350 	DATA 	Keypress: v
374.7505 	EXP 	Device response: <KeyPress from None: t=374.73372370000016, value=v, duration=None>
374.7509 	EXP 	New trial (rep=34, index=2): <Trial 138 (2 in rep 34) data={'pos': np.int64(50), 'corr_resp': 'c', 'thisN': 138, 'thisTrialN': 2, 'thisRepN': 34}>
374.7667 	EXP 	fixation: autoDraw = False
374.7667 	EXP 	line1: autoDraw = False
374.7667 	EXP 	line_2: autoDraw = False
374.7667 	EXP 	line_3: autoDraw = False
374.7667 	EXP 	line4: autoDraw = False
374.7667 	EXP 	probe: autoDraw = False
374.7667 	EXP 	fixation: autoDraw = True
374.8832 	EXP 	Device response: <KeyPress from None: t=374.73372370000016, value=v, duration=0.13442169999962061>
375.7503 	EXP 	line1: autoDraw = True
375.7503 	EXP 	line_2: autoDraw = True
375.7503 	EXP 	line_3: autoDraw = True
375.7503 	EXP 	line4: autoDraw = True
375.7666 	EXP 	fixation: autoDraw = False
376.7502 	INFO 	Keyboard events cleared
376.7501 	EXP 	probe: autoDraw = True
377.3007 	EXP 	Device response: <KeyPress from None: t=377.29996670000037, value=c, duration=None>
377.3011 	EXP 	New trial (rep=34, index=3): <Trial 139 (3 in rep 34) data={'pos': np.int64(-150), 'corr_resp': 'z', 'thisN': 139, 'thisTrialN': 3, 'thisRepN': 34}>
377.3023 	DATA 	Keypress: c
377.3166 	EXP 	fixation: autoDraw = False
377.3166 	EXP 	line1: autoDraw = False
377.3166 	EXP 	line_2: autoDraw = False
377.3166 	EXP 	line_3: autoDraw = False
377.3166 	EXP 	line4: autoDraw = False
377.3166 	EXP 	probe: autoDraw = False
377.3166 	EXP 	fixation: autoDraw = True
377.4502 	EXP 	Device response: <KeyPress from None: t=377.29996670000037, value=c, duration=0.14263589999973192>
378.2999 	EXP 	line1: autoDraw = True
378.2999 	EXP 	line_2: autoDraw = True
378.2999 	EXP 	line_3: autoDraw = True
378.2999 	EXP 	line4: autoDraw = True
378.3168 	EXP 	fixation: autoDraw = False
379.2999 	INFO 	Keyboard events cleared
379.2998 	EXP 	probe: autoDraw = True
379.6188 	DATA 	Keypress: z
379.6341 	EXP 	Device response: <KeyPress from None: t=379.61808219999966, value=z, duration=None>
379.6345 	EXP 	New trial (rep=35, index=0): <Trial 140 (0 in rep 35) data={'pos': np.int64(-50), 'corr_resp': 'x', 'thisN': 140, 'thisTrialN': 0, 'thisRepN': 35}>
379.6496 	EXP 	fixation: autoDraw = False
379.6496 	EXP 	line1: autoDraw = False
379.6496 	EXP 	line_2: autoDraw = False
379.6496 	EXP 	line_3: autoDraw = False
379.6496 	EXP 	line4: autoDraw = False
379.6496 	EXP 	probe: autoDraw = False
379.6496 	EXP 	fixation: autoDraw = True
379.7341 	EXP 	Device response: <KeyPress from None: t=379.61808219999966, value=z, duration=0.11544959999991988>
380.6501 	EXP 	fixation: autoDraw = False
380.6501 	EXP 	line1: autoDraw = True
380.6501 	EXP 	line_2: autoDraw = True
380.6501 	EXP 	line_3: autoDraw = True
380.6501 	EXP 	line4: autoDraw = True
381.6333 	INFO 	Keyboard events cleared
381.6331 	EXP 	probe: autoDraw = True
381.9002 	EXP 	Device response: <KeyPress from None: t=381.8926199999996, value=x, duration=None>
381.9005 	EXP 	New trial (rep=35, index=1): <Trial 141 (1 in rep 35) data={'pos': np.int64(150), 'corr_resp': 'v', 'thisN': 141, 'thisTrialN': 1, 'thisRepN': 35}>
381.9017 	DATA 	Keypress: x
381.9165 	EXP 	fixation: autoDraw = False
381.9165 	EXP 	line1: autoDraw = False
381.9165 	EXP 	line_2: autoDraw = False
381.9165 	EXP 	line_3: autoDraw = False
381.9165 	EXP 	line4: autoDraw = False
381.9165 	EXP 	probe: autoDraw = False
381.9165 	EXP 	fixation: autoDraw = True
382.0339 	EXP 	Device response: <KeyPress from None: t=381.8926199999996, value=x, duration=0.12569359999997687>
382.9000 	EXP 	line1: autoDraw = True
382.9000 	EXP 	line_2: autoDraw = True
382.9000 	EXP 	line_3: autoDraw = True
382.9000 	EXP 	line4: autoDraw = True
382.9168 	EXP 	fixation: autoDraw = False
383.9001 	INFO 	Keyboard events cleared
383.8999 	EXP 	probe: autoDraw = True
384.1836 	EXP 	Device response: <KeyPress from None: t=384.1763572, value=v, duration=None>
384.1840 	EXP 	New trial (rep=35, index=2): <Trial 142 (2 in rep 35) data={'pos': np.int64(50), 'corr_resp': 'c', 'thisN': 142, 'thisTrialN': 2, 'thisRepN': 35}>
384.1853 	DATA 	Keypress: v
384.2001 	EXP 	fixation: autoDraw = False
384.2001 	EXP 	line1: autoDraw = False
384.2001 	EXP 	line_2: autoDraw = False
384.2001 	EXP 	line_3: autoDraw = False
384.2001 	EXP 	line4: autoDraw = False
384.2001 	EXP 	probe: autoDraw = False
384.2001 	EXP 	fixation: autoDraw = True
384.3172 	EXP 	Device response: <KeyPress from None: t=384.1763572, value=v, duration=0.13076230000024225>
385.1830 	EXP 	line1: autoDraw = True
385.1830 	EXP 	line_2: autoDraw = True
385.1830 	EXP 	line_3: autoDraw = True
385.1830 	EXP 	line4: autoDraw = True
385.2000 	EXP 	fixation: autoDraw = False
386.1834 	INFO 	Keyboard events cleared
386.1832 	EXP 	probe: autoDraw = True
386.5005 	EXP 	Device response: <KeyPress from None: t=386.4867191000003, value=c, duration=None>
386.5009 	EXP 	New trial (rep=35, index=3): <Trial 143 (3 in rep 35) data={'pos': np.int64(-150), 'corr_resp': 'z', 'thisN': 143, 'thisTrialN': 3, 'thisRepN': 35}>
386.5023 	DATA 	Keypress: c
386.5167 	EXP 	fixation: autoDraw = False
386.5167 	EXP 	line1: autoDraw = False
386.5167 	EXP 	line_2: autoDraw = False
386.5167 	EXP 	line_3: autoDraw = False
386.5167 	EXP 	line4: autoDraw = False
386.5167 	EXP 	probe: autoDraw = False
386.5167 	EXP 	fixation: autoDraw = True
386.6337 	EXP 	Device response: <KeyPress from None: t=386.4867191000003, value=c, duration=0.14405819999956293>
387.5167 	EXP 	fixation: autoDraw = False
387.5167 	EXP 	line1: autoDraw = True
387.5167 	EXP 	line_2: autoDraw = True
387.5167 	EXP 	line_3: autoDraw = True
387.5167 	EXP 	line4: autoDraw = True
388.5004 	INFO 	Keyboard events cleared
388.5002 	EXP 	probe: autoDraw = True
388.8840 	EXP 	Device response: <KeyPress from None: t=388.87587729999996, value=z, duration=None>
388.8844 	EXP 	New trial (rep=36, index=0): <Trial 144 (0 in rep 36) data={'pos': np.int64(-50), 'corr_resp': 'x', 'thisN': 144, 'thisTrialN': 0, 'thisRepN': 36}>
388.8859 	DATA 	Keypress: z
388.9009 	EXP 	fixation: autoDraw = False
388.9009 	EXP 	line1: autoDraw = False
388.9009 	EXP 	line_2: autoDraw = False
388.9009 	EXP 	line_3: autoDraw = False
388.9009 	EXP 	line4: autoDraw = False
388.9009 	EXP 	probe: autoDraw = False
388.9009 	EXP 	fixation: autoDraw = True
389.0183 	EXP 	Device response: <KeyPress from None: t=388.87587729999996, value=z, duration=0.13397919999988517>
389.8834 	EXP 	line1: autoDraw = True
389.8834 	EXP 	line_2: autoDraw = True
389.8834 	EXP 	line_3: autoDraw = True
389.8834 	EXP 	line4: autoDraw = True
389.9000 	EXP 	fixation: autoDraw = False
390.8835 	INFO 	Keyboard events cleared
390.8833 	EXP 	probe: autoDraw = True
391.5665 	EXP 	Device response: <KeyPress from None: t=391.5600139999997, value=x, duration=None>
391.5668 	EXP 	New trial (rep=36, index=1): <Trial 145 (1 in rep 36) data={'pos': np.int64(150), 'corr_resp': 'v', 'thisN': 145, 'thisTrialN': 1, 'thisRepN': 36}>
391.5681 	DATA 	Keypress: x
391.5826 	EXP 	fixation: autoDraw = False
391.5826 	EXP 	line1: autoDraw = False
391.5826 	EXP 	line_2: autoDraw = False
391.5826 	EXP 	line_3: autoDraw = False
391.5826 	EXP 	line4: autoDraw = False
391.5826 	EXP 	probe: autoDraw = False
391.5826 	EXP 	fixation: autoDraw = True
391.7004 	EXP 	Device response: <KeyPress from None: t=391.5600139999997, value=x, duration=0.12549940000008064>
392.5674 	EXP 	line1: autoDraw = True
392.5674 	EXP 	line_2: autoDraw = True
392.5674 	EXP 	line_3: autoDraw = True
392.5674 	EXP 	line4: autoDraw = True
392.5832 	EXP 	fixation: autoDraw = False
393.5668 	INFO 	Keyboard events cleared
393.5667 	EXP 	probe: autoDraw = True
394.5689 	DATA 	Keypress: v
394.5840 	EXP 	Device response: <KeyPress from None: t=394.5679645, value=v, duration=None>
394.5845 	EXP 	New trial (rep=36, index=2): <Trial 146 (2 in rep 36) data={'pos': np.int64(50), 'corr_resp': 'c', 'thisN': 146, 'thisTrialN': 2, 'thisRepN': 36}>
394.6000 	EXP 	fixation: autoDraw = False
394.6000 	EXP 	line1: autoDraw = False
394.6000 	EXP 	line_2: autoDraw = False
394.6000 	EXP 	line_3: autoDraw = False
394.6000 	EXP 	line4: autoDraw = False
394.6000 	EXP 	probe: autoDraw = False
394.6000 	EXP 	fixation: autoDraw = True
394.7008 	EXP 	Device response: <KeyPress from None: t=394.5679645, value=v, duration=0.12641919999987294>
395.6001 	EXP 	fixation: autoDraw = False
395.6001 	EXP 	line1: autoDraw = True
395.6001 	EXP 	line_2: autoDraw = True
395.6001 	EXP 	line_3: autoDraw = True
395.6001 	EXP 	line4: autoDraw = True
396.5835 	INFO 	Keyboard events cleared
396.5833 	EXP 	probe: autoDraw = True
396.8335 	EXP 	Device response: <KeyPress from None: t=396.8328548999998, value=c, duration=None>
396.8340 	EXP 	New trial (rep=36, index=3): <Trial 147 (3 in rep 36) data={'pos': np.int64(-150), 'corr_resp': 'z', 'thisN': 147, 'thisTrialN': 3, 'thisRepN': 36}>
396.8355 	DATA 	Keypress: c
396.8502 	EXP 	fixation: autoDraw = False
396.8502 	EXP 	line1: autoDraw = False
396.8502 	EXP 	line_2: autoDraw = False
396.8502 	EXP 	line_3: autoDraw = False
396.8502 	EXP 	line4: autoDraw = False
396.8502 	EXP 	probe: autoDraw = False
396.8502 	EXP 	fixation: autoDraw = True
396.9671 	EXP 	Device response: <KeyPress from None: t=396.8328548999998, value=c, duration=0.11864570000034291>
397.8339 	EXP 	line1: autoDraw = True
397.8339 	EXP 	line_2: autoDraw = True
397.8339 	EXP 	line_3: autoDraw = True
397.8339 	EXP 	line4: autoDraw = True
397.8493 	EXP 	fixation: autoDraw = False
398.8336 	INFO 	Keyboard events cleared
398.8334 	EXP 	probe: autoDraw = True
399.4334 	EXP 	Device response: <KeyPress from None: t=399.42786199999955, value=z, duration=None>
399.4342 	EXP 	New trial (rep=37, index=0): <Trial 148 (0 in rep 37) data={'pos': np.int64(-50), 'corr_resp': 'x', 'thisN': 148, 'thisTrialN': 0, 'thisRepN': 37}>
399.4358 	DATA 	Keypress: z
399.4494 	EXP 	fixation: autoDraw = False
399.4494 	EXP 	line1: autoDraw = False
399.4494 	EXP 	line_2: autoDraw = False
399.4494 	EXP 	line_3: autoDraw = False
399.4494 	EXP 	line4: autoDraw = False
399.4494 	EXP 	probe: autoDraw = False
399.4494 	EXP 	fixation: autoDraw = True
399.5667 	EXP 	Device response: <KeyPress from None: t=399.42786199999955, value=z, duration=0.12732840000080614>
400.4502 	EXP 	fixation: autoDraw = False
400.4502 	EXP 	line1: autoDraw = True
400.4502 	EXP 	line_2: autoDraw = True
400.4502 	EXP 	line_3: autoDraw = True
400.4502 	EXP 	line4: autoDraw = True
401.4501 	INFO 	Keyboard events cleared
401.4500 	EXP 	probe: autoDraw = True
401.7359 	DATA 	Keypress: x
401.7499 	EXP 	Device response: <KeyPress from None: t=401.7338799999998, value=x, duration=None>
401.7505 	EXP 	New trial (rep=37, index=1): <Trial 149 (1 in rep 37) data={'pos': np.int64(150), 'corr_resp': 'v', 'thisN': 149, 'thisTrialN': 1, 'thisRepN': 37}>
401.7660 	EXP 	fixation: autoDraw = False
401.7660 	EXP 	line1: autoDraw = False
401.7660 	EXP 	line_2: autoDraw = False
401.7660 	EXP 	line_3: autoDraw = False
401.7660 	EXP 	line4: autoDraw = False
401.7660 	EXP 	probe: autoDraw = False
401.7660 	EXP 	fixation: autoDraw = True
401.8674 	EXP 	Device response: <KeyPress from None: t=401.7338799999998, value=x, duration=0.12720309999986057>
402.7503 	EXP 	line1: autoDraw = True
402.7503 	EXP 	line_2: autoDraw = True
402.7503 	EXP 	line_3: autoDraw = True
402.7503 	EXP 	line4: autoDraw = True
402.7668 	EXP 	fixation: autoDraw = False
403.7501 	INFO 	Keyboard events cleared
403.7500 	EXP 	probe: autoDraw = True
403.9340 	EXP 	Device response: <KeyPress from None: t=403.9298292000003, value=v, duration=None>
403.9344 	EXP 	New trial (rep=37, index=2): <Trial 150 (2 in rep 37) data={'pos': np.int64(50), 'corr_resp': 'c', 'thisN': 150, 'thisTrialN': 2, 'thisRepN': 37}>
403.9358 	DATA 	Keypress: v
403.9493 	EXP 	fixation: autoDraw = False
403.9493 	EXP 	line1: autoDraw = False
403.9493 	EXP 	line_2: autoDraw = False
403.9493 	EXP 	line_3: autoDraw = False
403.9493 	EXP 	line4: autoDraw = False
403.9493 	EXP 	probe: autoDraw = False
403.9493 	EXP 	fixation: autoDraw = True
404.0505 	EXP 	Device response: <KeyPress from None: t=403.9298292000003, value=v, duration=0.11739859999943292>
404.9338 	EXP 	line1: autoDraw = True
404.9338 	EXP 	line_2: autoDraw = True
404.9338 	EXP 	line_3: autoDraw = True
404.9338 	EXP 	line4: autoDraw = True
404.9501 	EXP 	fixation: autoDraw = False
405.9336 	INFO 	Keyboard events cleared
405.9334 	EXP 	probe: autoDraw = True
406.2173 	EXP 	Device response: <KeyPress from None: t=406.2076735999999, value=c, duration=None>
406.2176 	EXP 	New trial (rep=37, index=3): <Trial 151 (3 in rep 37) data={'pos': np.int64(-150), 'corr_resp': 'z', 'thisN': 151, 'thisTrialN': 3, 'thisRepN': 37}>
406.2189 	DATA 	Keypress: c
406.2329 	EXP 	fixation: autoDraw = False
406.2329 	EXP 	line1: autoDraw = False
406.2329 	EXP 	line_2: autoDraw = False
406.2329 	EXP 	line_3: autoDraw = False
406.2329 	EXP 	line4: autoDraw = False
406.2329 	EXP 	probe: autoDraw = False
406.2329 	EXP 	fixation: autoDraw = True
406.3834 	EXP 	Device response: <KeyPress from None: t=406.2076735999999, value=c, duration=0.16243539999959467>
407.2168 	EXP 	line1: autoDraw = True
407.2168 	EXP 	line_2: autoDraw = True
407.2168 	EXP 	line_3: autoDraw = True
407.2168 	EXP 	line4: autoDraw = True
407.2339 	EXP 	fixation: autoDraw = False
408.2173 	INFO 	Keyboard events cleared
408.2172 	EXP 	probe: autoDraw = True
408.5344 	EXP 	Device response: <KeyPress from None: t=408.53078819999973, value=z, duration=None>
408.5348 	EXP 	New trial (rep=38, index=0): <Trial 152 (0 in rep 38) data={'pos': np.int64(-50), 'corr_resp': 'x', 'thisN': 152, 'thisTrialN': 0, 'thisRepN': 38}>
408.5361 	DATA 	Keypress: z
408.5498 	EXP 	fixation: autoDraw = False
408.5498 	EXP 	line1: autoDraw = False
408.5498 	EXP 	line_2: autoDraw = False
408.5498 	EXP 	line_3: autoDraw = False
408.5498 	EXP 	line4: autoDraw = False
408.5498 	EXP 	probe: autoDraw = False
408.5498 	EXP 	fixation: autoDraw = True
408.7167 	EXP 	Device response: <KeyPress from None: t=408.53078819999973, value=z, duration=0.1706211999999141>
409.5504 	EXP 	fixation: autoDraw = False
409.5504 	EXP 	line1: autoDraw = True
409.5504 	EXP 	line_2: autoDraw = True
409.5504 	EXP 	line_3: autoDraw = True
409.5504 	EXP 	line4: autoDraw = True
410.5504 	INFO 	Keyboard events cleared
410.5503 	EXP 	probe: autoDraw = True
410.8835 	EXP 	Device response: <KeyPress from None: t=410.87410379999983, value=x, duration=None>
410.8839 	EXP 	New trial (rep=38, index=1): <Trial 153 (1 in rep 38) data={'pos': np.int64(150), 'corr_resp': 'v', 'thisN': 153, 'thisTrialN': 1, 'thisRepN': 38}>
410.8855 	DATA 	Keypress: x
410.9006 	EXP 	fixation: autoDraw = False
410.9006 	EXP 	line1: autoDraw = False
410.9006 	EXP 	line_2: autoDraw = False
410.9006 	EXP 	line_3: autoDraw = False
410.9006 	EXP 	line4: autoDraw = False
410.9006 	EXP 	probe: autoDraw = False
410.9006 	EXP 	fixation: autoDraw = True
411.0340 	EXP 	Device response: <KeyPress from None: t=410.87410379999983, value=x, duration=0.14555019999988872>
411.8836 	EXP 	line1: autoDraw = True
411.8836 	EXP 	line_2: autoDraw = True
411.8836 	EXP 	line_3: autoDraw = True
411.8836 	EXP 	line4: autoDraw = True
411.9001 	EXP 	fixation: autoDraw = False
412.8833 	INFO 	Keyboard events cleared
412.8831 	EXP 	probe: autoDraw = True
413.5506 	EXP 	Device response: <KeyPress from None: t=413.5486272999997, value=v, duration=None>
413.5510 	EXP 	New trial (rep=38, index=2): <Trial 154 (2 in rep 38) data={'pos': np.int64(50), 'corr_resp': 'c', 'thisN': 154, 'thisTrialN': 2, 'thisRepN': 38}>
413.5523 	DATA 	Keypress: v
413.5662 	EXP 	fixation: autoDraw = False
413.5662 	EXP 	line1: autoDraw = False
413.5662 	EXP 	line_2: autoDraw = False
413.5662 	EXP 	line_3: autoDraw = False
413.5662 	EXP 	line4: autoDraw = False
413.5662 	EXP 	probe: autoDraw = False
413.5662 	EXP 	fixation: autoDraw = True
413.7012 	EXP 	Device response: <KeyPress from None: t=413.5486272999997, value=v, duration=0.14956570000049396>
414.5504 	EXP 	line1: autoDraw = True
414.5504 	EXP 	line_2: autoDraw = True
414.5504 	EXP 	line_3: autoDraw = True
414.5504 	EXP 	line4: autoDraw = True
414.5677 	EXP 	fixation: autoDraw = False
415.5679 	INFO 	Keyboard events cleared
415.5677 	EXP 	probe: autoDraw = True
415.8004 	EXP 	Device response: <KeyPress from None: t=415.7929444000001, value=c, duration=None>
415.8008 	EXP 	New trial (rep=38, index=3): <Trial 155 (3 in rep 38) data={'pos': np.int64(-150), 'corr_resp': 'z', 'thisN': 155, 'thisTrialN': 3, 'thisRepN': 38}>
415.8023 	DATA 	Keypress: c
415.8170 	EXP 	fixation: autoDraw = False
415.8170 	EXP 	line1: autoDraw = False
415.8170 	EXP 	line_2: autoDraw = False
415.8170 	EXP 	line_3: autoDraw = False
415.8170 	EXP 	line4: autoDraw = False
415.8170 	EXP 	probe: autoDraw = False
415.8170 	EXP 	fixation: autoDraw = True
415.9171 	EXP 	Device response: <KeyPress from None: t=415.7929444000001, value=c, duration=0.11652760000015405>
416.7999 	EXP 	line1: autoDraw = True
416.7999 	EXP 	line_2: autoDraw = True
416.7999 	EXP 	line_3: autoDraw = True
416.7999 	EXP 	line4: autoDraw = True
416.8168 	EXP 	fixation: autoDraw = False
417.8011 	INFO 	Keyboard events cleared
417.8009 	EXP 	probe: autoDraw = True
418.1510 	EXP 	Device response: <KeyPress from None: t=418.1484424999999, value=z, duration=None>
418.1514 	EXP 	New trial (rep=39, index=0): <Trial 156 (0 in rep 39) data={'pos': np.int64(-50), 'corr_resp': 'x', 'thisN': 156, 'thisTrialN': 0, 'thisRepN': 39}>
418.1529 	DATA 	Keypress: z
418.1665 	EXP 	fixation: autoDraw = False
418.1665 	EXP 	line1: autoDraw = False
418.1665 	EXP 	line_2: autoDraw = False
418.1665 	EXP 	line_3: autoDraw = False
418.1665 	EXP 	line4: autoDraw = False
418.1665 	EXP 	probe: autoDraw = False
418.1665 	EXP 	fixation: autoDraw = True
418.2841 	EXP 	Device response: <KeyPress from None: t=418.1484424999999, value=z, duration=0.11927560000003723>
419.1496 	EXP 	line1: autoDraw = True
419.1496 	EXP 	line_2: autoDraw = True
419.1496 	EXP 	line_3: autoDraw = True
419.1496 	EXP 	line4: autoDraw = True
419.1669 	EXP 	fixation: autoDraw = False
420.1671 	INFO 	Keyboard events cleared
420.1670 	EXP 	probe: autoDraw = True
420.4526 	DATA 	Keypress: x
420.4666 	EXP 	Device response: <KeyPress from None: t=420.4517391999998, value=x, duration=None>
420.4670 	EXP 	New trial (rep=39, index=1): <Trial 157 (1 in rep 39) data={'pos': np.int64(150), 'corr_resp': 'v', 'thisN': 157, 'thisTrialN': 1, 'thisRepN': 39}>
420.4845 	EXP 	fixation: autoDraw = False
420.4845 	EXP 	line1: autoDraw = False
420.4845 	EXP 	line_2: autoDraw = False
420.4845 	EXP 	line_3: autoDraw = False
420.4845 	EXP 	line4: autoDraw = False
420.4845 	EXP 	probe: autoDraw = False
420.4845 	EXP 	fixation: autoDraw = True
420.5843 	EXP 	Device response: <KeyPress from None: t=420.4517391999998, value=x, duration=0.11665869999978895>
421.4673 	EXP 	line1: autoDraw = True
421.4673 	EXP 	line_2: autoDraw = True
421.4673 	EXP 	line_3: autoDraw = True
421.4673 	EXP 	line4: autoDraw = True
421.4836 	EXP 	fixation: autoDraw = False
422.4662 	INFO 	Keyboard events cleared
422.4660 	EXP 	probe: autoDraw = True
422.7667 	EXP 	Device response: <KeyPress from None: t=422.75481990000026, value=v, duration=None>
422.7671 	EXP 	New trial (rep=39, index=2): <Trial 158 (2 in rep 39) data={'pos': np.int64(50), 'corr_resp': 'c', 'thisN': 158, 'thisTrialN': 2, 'thisRepN': 39}>
422.7684 	DATA 	Keypress: v
422.7829 	EXP 	fixation: autoDraw = False
422.7829 	EXP 	line1: autoDraw = False
422.7829 	EXP 	line_2: autoDraw = False
422.7829 	EXP 	line_3: autoDraw = False
422.7829 	EXP 	line4: autoDraw = False
422.7829 	EXP 	probe: autoDraw = False
422.7829 	EXP 	fixation: autoDraw = True
422.8839 	EXP 	Device response: <KeyPress from None: t=422.75481990000026, value=v, duration=0.11379249999936292>
423.7672 	EXP 	line1: autoDraw = True
423.7672 	EXP 	line_2: autoDraw = True
423.7672 	EXP 	line_3: autoDraw = True
423.7672 	EXP 	line4: autoDraw = True
423.7834 	EXP 	fixation: autoDraw = False
424.7670 	INFO 	Keyboard events cleared
424.7668 	EXP 	probe: autoDraw = True
425.0192 	DATA 	Keypress: c
425.0344 	EXP 	Device response: <KeyPress from None: t=425.0184749, value=c, duration=None>
425.0349 	EXP 	New trial (rep=39, index=3): <Trial 159 (3 in rep 39) data={'pos': np.int64(-150), 'corr_resp': 'z', 'thisN': 159, 'thisTrialN': 3, 'thisRepN': 39}>
425.0493 	EXP 	fixation: autoDraw = False
425.0493 	EXP 	line1: autoDraw = False
425.0493 	EXP 	line_2: autoDraw = False
425.0493 	EXP 	line_3: autoDraw = False
425.0493 	EXP 	line4: autoDraw = False
425.0493 	EXP 	probe: autoDraw = False
425.0493 	EXP 	fixation: autoDraw = True
425.1834 	EXP 	Device response: <KeyPress from None: t=425.0184749, value=c, duration=0.1491171999996368>
426.0495 	EXP 	fixation: autoDraw = False
426.0495 	EXP 	line1: autoDraw = True
426.0495 	EXP 	line_2: autoDraw = True
426.0495 	EXP 	line_3: autoDraw = True
426.0495 	EXP 	line4: autoDraw = True
427.0345 	INFO 	Keyboard events cleared
427.0343 	EXP 	probe: autoDraw = True
427.4504 	EXP 	Device response: <KeyPress from None: t=427.4444185000002, value=z, duration=None>
427.4508 	EXP 	New trial (rep=40, index=0): <Trial 160 (0 in rep 40) data={'pos': np.int64(-50), 'corr_resp': 'x', 'thisN': 160, 'thisTrialN': 0, 'thisRepN': 40}>
427.4523 	DATA 	Keypress: z
427.4663 	EXP 	fixation: autoDraw = False
427.4663 	EXP 	line1: autoDraw = False
427.4663 	EXP 	line_2: autoDraw = False
427.4663 	EXP 	line_3: autoDraw = False
427.4663 	EXP 	line4: autoDraw = False
427.4663 	EXP 	probe: autoDraw = False
427.4663 	EXP 	fixation: autoDraw = True
427.5842 	EXP 	Device response: <KeyPress from None: t=427.4444185000002, value=z, duration=0.12815979999959382>
428.4505 	EXP 	line1: autoDraw = True
428.4505 	EXP 	line_2: autoDraw = True
428.4505 	EXP 	line_3: autoDraw = True
428.4505 	EXP 	line4: autoDraw = True
428.4668 	EXP 	fixation: autoDraw = False
429.4510 	INFO 	Keyboard events cleared
429.4509 	EXP 	probe: autoDraw = True
429.8508 	EXP 	Device response: <KeyPress from None: t=429.8414042000004, value=x, duration=None>
429.8511 	EXP 	New trial (rep=40, index=1): <Trial 161 (1 in rep 40) data={'pos': np.int64(150), 'corr_resp': 'v', 'thisN': 161, 'thisTrialN': 1, 'thisRepN': 40}>
429.8525 	DATA 	Keypress: x
429.8675 	EXP 	fixation: autoDraw = False
429.8675 	EXP 	line1: autoDraw = False
429.8675 	EXP 	line_2: autoDraw = False
429.8675 	EXP 	line_3: autoDraw = False
429.8675 	EXP 	line4: autoDraw = False
429.8675 	EXP 	probe: autoDraw = False
429.8675 	EXP 	fixation: autoDraw = True
429.9678 	EXP 	Device response: <KeyPress from None: t=429.8414042000004, value=x, duration=0.12341939999987517>
430.8503 	EXP 	line1: autoDraw = True
430.8503 	EXP 	line_2: autoDraw = True
430.8503 	EXP 	line_3: autoDraw = True
430.8503 	EXP 	line4: autoDraw = True
430.8670 	EXP 	fixation: autoDraw = False
431.8511 	INFO 	Keyboard events cleared
431.8509 	EXP 	probe: autoDraw = True
432.1185 	EXP 	Device response: <KeyPress from None: t=432.1087249000002, value=v, duration=None>
432.1189 	EXP 	New trial (rep=40, index=2): <Trial 162 (2 in rep 40) data={'pos': np.int64(50), 'corr_resp': 'c', 'thisN': 162, 'thisTrialN': 2, 'thisRepN': 40}>
432.1201 	DATA 	Keypress: v
432.1336 	EXP 	fixation: autoDraw = False
432.1336 	EXP 	line1: autoDraw = False
432.1336 	EXP 	line_2: autoDraw = False
432.1336 	EXP 	line_3: autoDraw = False
432.1336 	EXP 	line4: autoDraw = False
432.1336 	EXP 	probe: autoDraw = False
432.1336 	EXP 	fixation: autoDraw = True
432.2344 	EXP 	Device response: <KeyPress from None: t=432.1087249000002, value=v, duration=0.11897609999959968>
433.1169 	EXP 	line1: autoDraw = True
433.1169 	EXP 	line_2: autoDraw = True
433.1169 	EXP 	line_3: autoDraw = True
433.1169 	EXP 	line4: autoDraw = True
433.1335 	EXP 	fixation: autoDraw = False
434.1339 	INFO 	Keyboard events cleared
434.1337 	EXP 	probe: autoDraw = True
434.3842 	EXP 	Device response: <KeyPress from None: t=434.3771687999997, value=c, duration=None>
434.3846 	EXP 	New trial (rep=40, index=3): <Trial 163 (3 in rep 40) data={'pos': np.int64(-150), 'corr_resp': 'z', 'thisN': 163, 'thisTrialN': 3, 'thisRepN': 40}>
434.3861 	DATA 	Keypress: c
434.4000 	EXP 	fixation: autoDraw = False
434.4000 	EXP 	line1: autoDraw = False
434.4000 	EXP 	line_2: autoDraw = False
434.4000 	EXP 	line_3: autoDraw = False
434.4000 	EXP 	line4: autoDraw = False
434.4000 	EXP 	probe: autoDraw = False
434.4000 	EXP 	fixation: autoDraw = True
434.5341 	EXP 	Device response: <KeyPress from None: t=434.3771687999997, value=c, duration=0.14480860000003304>
435.3841 	EXP 	line1: autoDraw = True
435.3841 	EXP 	line_2: autoDraw = True
435.3841 	EXP 	line_3: autoDraw = True
435.3841 	EXP 	line4: autoDraw = True
435.4003 	EXP 	fixation: autoDraw = False
436.3837 	INFO 	Keyboard events cleared
436.3835 	EXP 	probe: autoDraw = True
436.7012 	EXP 	Device response: <KeyPress from None: t=436.6965551000003, value=z, duration=None>
436.7017 	EXP 	New trial (rep=41, index=0): <Trial 164 (0 in rep 41) data={'pos': np.int64(-50), 'corr_resp': 'x', 'thisN': 164, 'thisTrialN': 0, 'thisRepN': 41}>
436.7032 	DATA 	Keypress: z
436.7162 	EXP 	fixation: autoDraw = False
436.7162 	EXP 	line1: autoDraw = False
436.7162 	EXP 	line_2: autoDraw = False
436.7162 	EXP 	line_3: autoDraw = False
436.7162 	EXP 	line4: autoDraw = False
436.7162 	EXP 	probe: autoDraw = False
436.7162 	EXP 	fixation: autoDraw = True
436.8342 	EXP 	Device response: <KeyPress from None: t=436.6965551000003, value=z, duration=0.13510459999997693>
437.7011 	EXP 	line1: autoDraw = True
437.7011 	EXP 	line_2: autoDraw = True
437.7011 	EXP 	line_3: autoDraw = True
437.7011 	EXP 	line4: autoDraw = True
437.7169 	EXP 	fixation: autoDraw = False
438.7171 	INFO 	Keyboard events cleared
438.7169 	EXP 	probe: autoDraw = True
438.9845 	EXP 	Device response: <KeyPress from None: t=438.9820877000002, value=x, duration=None>
438.9849 	EXP 	New trial (rep=41, index=1): <Trial 165 (1 in rep 41) data={'pos': np.int64(150), 'corr_resp': 'v', 'thisN': 165, 'thisTrialN': 1, 'thisRepN': 41}>
438.9866 	DATA 	Keypress: x
438.9995 	EXP 	fixation: autoDraw = False
438.9995 	EXP 	line1: autoDraw = False
438.9995 	EXP 	line_2: autoDraw = False
438.9995 	EXP 	line_3: autoDraw = False
438.9995 	EXP 	line4: autoDraw = False
438.9995 	EXP 	probe: autoDraw = False
438.9995 	EXP 	fixation: autoDraw = True
439.1835 	EXP 	Device response: <KeyPress from None: t=438.9820877000002, value=x, duration=0.1895383999999467>
440.0013 	EXP 	fixation: autoDraw = False
440.0013 	EXP 	line1: autoDraw = True
440.0013 	EXP 	line_2: autoDraw = True
440.0013 	EXP 	line_3: autoDraw = True
440.0013 	EXP 	line4: autoDraw = True
440.9839 	INFO 	Keyboard events cleared
440.9837 	EXP 	probe: autoDraw = True
441.2179 	EXP 	Device response: <KeyPress from None: t=441.21199369999977, value=v, duration=None>
441.2183 	EXP 	New trial (rep=41, index=2): <Trial 166 (2 in rep 41) data={'pos': np.int64(50), 'corr_resp': 'c', 'thisN': 166, 'thisTrialN': 2, 'thisRepN': 41}>
441.2201 	DATA 	Keypress: v
441.2331 	EXP 	fixation: autoDraw = False
441.2331 	EXP 	line1: autoDraw = False
441.2331 	EXP 	line_2: autoDraw = False
441.2331 	EXP 	line_3: autoDraw = False
441.2331 	EXP 	line4: autoDraw = False
441.2331 	EXP 	probe: autoDraw = False
441.2331 	EXP 	fixation: autoDraw = True
441.3834 	EXP 	Device response: <KeyPress from None: t=441.21199369999977, value=v, duration=0.16215069999998377>
442.2337 	EXP 	fixation: autoDraw = False
442.2337 	EXP 	line1: autoDraw = True
442.2337 	EXP 	line_2: autoDraw = True
442.2337 	EXP 	line_3: autoDraw = True
442.2337 	EXP 	line4: autoDraw = True
443.2338 	INFO 	Keyboard events cleared
443.2337 	EXP 	probe: autoDraw = True
443.4344 	EXP 	Device response: <KeyPress from None: t=443.4318248999998, value=c, duration=None>
443.4348 	EXP 	New trial (rep=41, index=3): <Trial 167 (3 in rep 41) data={'pos': np.int64(-150), 'corr_resp': 'z', 'thisN': 167, 'thisTrialN': 3, 'thisRepN': 41}>
443.4363 	DATA 	Keypress: c
443.4503 	EXP 	fixation: autoDraw = False
443.4503 	EXP 	line1: autoDraw = False
443.4503 	EXP 	line_2: autoDraw = False
443.4503 	EXP 	line_3: autoDraw = False
443.4503 	EXP 	line4: autoDraw = False
443.4503 	EXP 	probe: autoDraw = False
443.4503 	EXP 	fixation: autoDraw = True
443.5676 	EXP 	Device response: <KeyPress from None: t=443.4318248999998, value=c, duration=0.12418890000026295>
444.4338 	EXP 	line1: autoDraw = True
444.4338 	EXP 	line_2: autoDraw = True
444.4338 	EXP 	line_3: autoDraw = True
444.4338 	EXP 	line4: autoDraw = True
444.4505 	EXP 	fixation: autoDraw = False
445.4338 	INFO 	Keyboard events cleared
445.4337 	EXP 	probe: autoDraw = True
445.8176 	EXP 	Device response: <KeyPress from None: t=445.80735730000015, value=z, duration=None>
445.8180 	EXP 	New trial (rep=42, index=0): <Trial 168 (0 in rep 42) data={'pos': np.int64(-50), 'corr_resp': 'x', 'thisN': 168, 'thisTrialN': 0, 'thisRepN': 42}>
445.8195 	DATA 	Keypress: z
445.8338 	EXP 	fixation: autoDraw = False
445.8338 	EXP 	line1: autoDraw = False
445.8338 	EXP 	line_2: autoDraw = False
445.8338 	EXP 	line_3: autoDraw = False
445.8338 	EXP 	line4: autoDraw = False
445.8338 	EXP 	probe: autoDraw = False
445.8338 	EXP 	fixation: autoDraw = True
446.0001 	EXP 	Device response: <KeyPress from None: t=445.80735730000015, value=z, duration=0.17656699999952252>
446.8176 	EXP 	line1: autoDraw = True
446.8176 	EXP 	line_2: autoDraw = True
446.8176 	EXP 	line_3: autoDraw = True
446.8176 	EXP 	line4: autoDraw = True
446.8334 	EXP 	fixation: autoDraw = False
447.8340 	INFO 	Keyboard events cleared
447.8338 	EXP 	probe: autoDraw = True
448.3672 	EXP 	Device response: <KeyPress from None: t=448.3644710999997, value=x, duration=None>
448.3677 	EXP 	New trial (rep=42, index=1): <Trial 169 (1 in rep 42) data={'pos': np.int64(150), 'corr_resp': 'v', 'thisN': 169, 'thisTrialN': 1, 'thisRepN': 42}>
448.3691 	DATA 	Keypress: x
448.3845 	EXP 	fixation: autoDraw = False
448.3845 	EXP 	line1: autoDraw = False
448.3845 	EXP 	line_2: autoDraw = False
448.3845 	EXP 	line_3: autoDraw = False
448.3845 	EXP 	line4: autoDraw = False
448.3845 	EXP 	probe: autoDraw = False
448.3845 	EXP 	fixation: autoDraw = True
448.5509 	EXP 	Device response: <KeyPress from None: t=448.3644710999997, value=x, duration=0.1766429999997854>
449.3671 	EXP 	line1: autoDraw = True
449.3671 	EXP 	line_2: autoDraw = True
449.3671 	EXP 	line_3: autoDraw = True
449.3671 	EXP 	line4: autoDraw = True
449.3836 	EXP 	fixation: autoDraw = False
450.1510 	EXP 	Device response: <KeyPress from None: t=450.1381161999998, value=v, duration=None>
450.1524 	DATA 	Keypress: v
450.3017 	EXP 	Device response: <KeyPress from None: t=450.1381161999998, value=v, duration=0.14732439999988856>
450.3672 	INFO 	Keyboard events cleared
450.3671 	EXP 	probe: autoDraw = True
450.9680 	EXP 	Device response: <KeyPress from None: t=450.96642390000034, value=v, duration=None>
450.9684 	EXP 	New trial (rep=42, index=2): <Trial 170 (2 in rep 42) data={'pos': np.int64(50), 'corr_resp': 'c', 'thisN': 170, 'thisTrialN': 2, 'thisRepN': 42}>
450.9698 	DATA 	Keypress: v
450.9837 	EXP 	fixation: autoDraw = False
450.9837 	EXP 	line1: autoDraw = False
450.9837 	EXP 	line_2: autoDraw = False
450.9837 	EXP 	line_3: autoDraw = False
450.9837 	EXP 	line4: autoDraw = False
450.9837 	EXP 	probe: autoDraw = False
450.9837 	EXP 	fixation: autoDraw = True
451.1341 	EXP 	Device response: <KeyPress from None: t=450.96642390000034, value=v, duration=0.16465319999952044>
451.9845 	EXP 	fixation: autoDraw = False
451.9845 	EXP 	line1: autoDraw = True
451.9845 	EXP 	line_2: autoDraw = True
451.9845 	EXP 	line_3: autoDraw = True
451.9845 	EXP 	line4: autoDraw = True
452.9839 	INFO 	Keyboard events cleared
452.9837 	EXP 	probe: autoDraw = True
453.5521 	EXP 	Device response: <KeyPress from None: t=453.54974609999954, value=c, duration=None>
453.5525 	EXP 	New trial (rep=42, index=3): <Trial 171 (3 in rep 42) data={'pos': np.int64(-150), 'corr_resp': 'z', 'thisN': 171, 'thisTrialN': 3, 'thisRepN': 42}>
453.5538 	DATA 	Keypress: c
453.5669 	EXP 	fixation: autoDraw = False
453.5669 	EXP 	line1: autoDraw = False
453.5669 	EXP 	line_2: autoDraw = False
453.5669 	EXP 	line_3: autoDraw = False
453.5669 	EXP 	line4: autoDraw = False
453.5669 	EXP 	probe: autoDraw = False
453.5669 	EXP 	fixation: autoDraw = True
453.6842 	EXP 	Device response: <KeyPress from None: t=453.54974609999954, value=c, duration=0.12115260000064154>
454.5670 	EXP 	fixation: autoDraw = False
454.5670 	EXP 	line1: autoDraw = True
454.5670 	EXP 	line_2: autoDraw = True
454.5670 	EXP 	line_3: autoDraw = True
454.5670 	EXP 	line4: autoDraw = True
455.5673 	INFO 	Keyboard events cleared
455.5671 	EXP 	probe: autoDraw = True
455.9009 	EXP 	Device response: <KeyPress from None: t=455.88815069999964, value=z, duration=None>
455.9013 	EXP 	New trial (rep=43, index=0): <Trial 172 (0 in rep 43) data={'pos': np.int64(-50), 'corr_resp': 'x', 'thisN': 172, 'thisTrialN': 0, 'thisRepN': 43}>
455.9026 	DATA 	Keypress: z
455.9172 	EXP 	fixation: autoDraw = False
455.9172 	EXP 	line1: autoDraw = False
455.9172 	EXP 	line_2: autoDraw = False
455.9172 	EXP 	line_3: autoDraw = False
455.9172 	EXP 	line4: autoDraw = False
455.9172 	EXP 	probe: autoDraw = False
455.9172 	EXP 	fixation: autoDraw = True
456.0509 	EXP 	Device response: <KeyPress from None: t=455.88815069999964, value=z, duration=0.1497575000003053>
456.9009 	EXP 	line1: autoDraw = True
456.9009 	EXP 	line_2: autoDraw = True
456.9009 	EXP 	line_3: autoDraw = True
456.9009 	EXP 	line4: autoDraw = True
456.9170 	EXP 	fixation: autoDraw = False
457.9009 	INFO 	Keyboard events cleared
457.9007 	EXP 	probe: autoDraw = True
458.6172 	EXP 	Device response: <KeyPress from None: t=458.61002110000027, value=x, duration=None>
458.6176 	EXP 	New trial (rep=43, index=1): <Trial 173 (1 in rep 43) data={'pos': np.int64(150), 'corr_resp': 'v', 'thisN': 173, 'thisTrialN': 1, 'thisRepN': 43}>
458.6190 	DATA 	Keypress: x
458.6341 	EXP 	fixation: autoDraw = False
458.6341 	EXP 	line1: autoDraw = False
458.6341 	EXP 	line_2: autoDraw = False
458.6341 	EXP 	line_3: autoDraw = False
458.6341 	EXP 	line4: autoDraw = False
458.6341 	EXP 	probe: autoDraw = False
458.6341 	EXP 	fixation: autoDraw = True
458.8677 	EXP 	Device response: <KeyPress from None: t=458.61002110000027, value=x, duration=0.24541879999924276>
459.6170 	EXP 	line1: autoDraw = True
459.6170 	EXP 	line_2: autoDraw = True
459.6170 	EXP 	line_3: autoDraw = True
459.6170 	EXP 	line4: autoDraw = True
459.6339 	EXP 	fixation: autoDraw = False
460.6172 	INFO 	Keyboard events cleared
460.6171 	EXP 	probe: autoDraw = True
460.9033 	DATA 	Keypress: v
460.9177 	EXP 	Device response: <KeyPress from None: t=460.90168040000026, value=v, duration=None>
460.9181 	EXP 	New trial (rep=43, index=2): <Trial 174 (2 in rep 43) data={'pos': np.int64(50), 'corr_resp': 'c', 'thisN': 174, 'thisTrialN': 2, 'thisRepN': 43}>
460.9336 	EXP 	fixation: autoDraw = False
460.9336 	EXP 	line1: autoDraw = False
460.9336 	EXP 	line_2: autoDraw = False
460.9336 	EXP 	line_3: autoDraw = False
460.9336 	EXP 	line4: autoDraw = False
460.9336 	EXP 	probe: autoDraw = False
460.9336 	EXP 	fixation: autoDraw = True
461.1345 	EXP 	Device response: <KeyPress from None: t=460.90168040000026, value=v, duration=0.23006749999967724>
461.9170 	EXP 	line1: autoDraw = True
461.9170 	EXP 	line_2: autoDraw = True
461.9170 	EXP 	line_3: autoDraw = True
461.9170 	EXP 	line4: autoDraw = True
461.9338 	EXP 	fixation: autoDraw = False
462.9178 	INFO 	Keyboard events cleared
462.9177 	EXP 	probe: autoDraw = True
463.1857 	DATA 	Keypress: c
463.2010 	EXP 	Device response: <KeyPress from None: t=463.1843517999996, value=c, duration=None>
463.2013 	EXP 	New trial (rep=43, index=3): <Trial 175 (3 in rep 43) data={'pos': np.int64(-150), 'corr_resp': 'z', 'thisN': 175, 'thisTrialN': 3, 'thisRepN': 43}>
463.2170 	EXP 	fixation: autoDraw = False
463.2170 	EXP 	line1: autoDraw = False
463.2170 	EXP 	line_2: autoDraw = False
463.2170 	EXP 	line_3: autoDraw = False
463.2170 	EXP 	line4: autoDraw = False
463.2170 	EXP 	probe: autoDraw = False
463.2170 	EXP 	fixation: autoDraw = True
463.4009 	EXP 	Device response: <KeyPress from None: t=463.1843517999996, value=c, duration=0.20583850000002712>
464.2004 	EXP 	line1: autoDraw = True
464.2004 	EXP 	line_2: autoDraw = True
464.2004 	EXP 	line_3: autoDraw = True
464.2004 	EXP 	line4: autoDraw = True
464.2170 	EXP 	fixation: autoDraw = False
465.2015 	INFO 	Keyboard events cleared
465.2013 	EXP 	probe: autoDraw = True
465.5344 	EXP 	Device response: <KeyPress from None: t=465.5273109, value=z, duration=None>
465.5349 	EXP 	New trial (rep=44, index=0): <Trial 176 (0 in rep 44) data={'pos': np.int64(-50), 'corr_resp': 'x', 'thisN': 176, 'thisTrialN': 0, 'thisRepN': 44}>
465.5363 	DATA 	Keypress: z
465.5506 	EXP 	fixation: autoDraw = False
465.5506 	EXP 	line1: autoDraw = False
465.5506 	EXP 	line_2: autoDraw = False
465.5506 	EXP 	line_3: autoDraw = False
465.5506 	EXP 	line4: autoDraw = False
465.5506 	EXP 	probe: autoDraw = False
465.5506 	EXP 	fixation: autoDraw = True
465.7009 	EXP 	Device response: <KeyPress from None: t=465.5273109, value=z, duration=0.1579292999995232>
466.5337 	EXP 	line1: autoDraw = True
466.5337 	EXP 	line_2: autoDraw = True
466.5337 	EXP 	line_3: autoDraw = True
466.5337 	EXP 	line4: autoDraw = True
466.5510 	EXP 	fixation: autoDraw = False
467.5337 	INFO 	Keyboard events cleared
467.5336 	EXP 	probe: autoDraw = True
467.8012 	EXP 	Device response: <KeyPress from None: t=467.7946677, value=x, duration=None>
467.8016 	EXP 	New trial (rep=44, index=1): <Trial 177 (1 in rep 44) data={'pos': np.int64(150), 'corr_resp': 'v', 'thisN': 177, 'thisTrialN': 1, 'thisRepN': 44}>
467.8028 	DATA 	Keypress: x
467.8171 	EXP 	fixation: autoDraw = False
467.8171 	EXP 	line1: autoDraw = False
467.8171 	EXP 	line_2: autoDraw = False
467.8171 	EXP 	line_3: autoDraw = False
467.8171 	EXP 	line4: autoDraw = False
467.8171 	EXP 	probe: autoDraw = False
467.8171 	EXP 	fixation: autoDraw = True
468.1174 	EXP 	Device response: <KeyPress from None: t=467.7946677, value=x, duration=0.30759409999973286>
468.8173 	EXP 	fixation: autoDraw = False
468.8173 	EXP 	line1: autoDraw = True
468.8173 	EXP 	line_2: autoDraw = True
468.8173 	EXP 	line_3: autoDraw = True
468.8173 	EXP 	line4: autoDraw = True
469.8006 	INFO 	Keyboard events cleared
469.8005 	EXP 	probe: autoDraw = True
470.1346 	EXP 	Device response: <KeyPress from None: t=470.1245508000002, value=v, duration=None>
470.1350 	EXP 	New trial (rep=44, index=2): <Trial 178 (2 in rep 44) data={'pos': np.int64(50), 'corr_resp': 'c', 'thisN': 178, 'thisTrialN': 2, 'thisRepN': 44}>
470.1363 	DATA 	Keypress: v
470.1506 	EXP 	fixation: autoDraw = False
470.1506 	EXP 	line1: autoDraw = False
470.1506 	EXP 	line_2: autoDraw = False
470.1506 	EXP 	line_3: autoDraw = False
470.1506 	EXP 	line4: autoDraw = False
470.1506 	EXP 	probe: autoDraw = False
470.1506 	EXP 	fixation: autoDraw = True
470.3510 	EXP 	Device response: <KeyPress from None: t=470.1245508000002, value=v, duration=0.21318669999982376>
471.1339 	EXP 	line1: autoDraw = True
471.1339 	EXP 	line_2: autoDraw = True
471.1339 	EXP 	line_3: autoDraw = True
471.1339 	EXP 	line4: autoDraw = True
471.1510 	EXP 	fixation: autoDraw = False
472.1514 	INFO 	Keyboard events cleared
472.1512 	EXP 	probe: autoDraw = True
472.5029 	DATA 	Keypress: c
472.5177 	EXP 	Device response: <KeyPress from None: t=472.5015249999997, value=c, duration=None>
472.5182 	EXP 	New trial (rep=44, index=3): <Trial 179 (3 in rep 44) data={'pos': np.int64(-150), 'corr_resp': 'z', 'thisN': 179, 'thisTrialN': 3, 'thisRepN': 44}>
472.5330 	EXP 	fixation: autoDraw = False
472.5330 	EXP 	line1: autoDraw = False
472.5330 	EXP 	line_2: autoDraw = False
472.5330 	EXP 	line_3: autoDraw = False
472.5330 	EXP 	line4: autoDraw = False
472.5330 	EXP 	probe: autoDraw = False
472.5330 	EXP 	fixation: autoDraw = True
472.7509 	EXP 	Device response: <KeyPress from None: t=472.5015249999997, value=c, duration=0.2448524000001271>
473.5172 	EXP 	line1: autoDraw = True
473.5172 	EXP 	line_2: autoDraw = True
473.5172 	EXP 	line_3: autoDraw = True
473.5172 	EXP 	line4: autoDraw = True
473.5340 	EXP 	fixation: autoDraw = False
474.5173 	INFO 	Keyboard events cleared
474.5171 	EXP 	probe: autoDraw = True
475.3511 	EXP 	Device response: <KeyPress from None: t=475.34074129999954, value=z, duration=None>
475.3515 	EXP 	New trial (rep=45, index=0): <Trial 180 (0 in rep 45) data={'pos': np.int64(-50), 'corr_resp': 'x', 'thisN': 180, 'thisTrialN': 0, 'thisRepN': 45}>
475.3528 	DATA 	Keypress: z
475.3672 	EXP 	fixation: autoDraw = False
475.3672 	EXP 	line1: autoDraw = False
475.3672 	EXP 	line_2: autoDraw = False
475.3672 	EXP 	line_3: autoDraw = False
475.3672 	EXP 	line4: autoDraw = False
475.3672 	EXP 	probe: autoDraw = False
475.3672 	EXP 	fixation: autoDraw = True
475.4841 	EXP 	Device response: <KeyPress from None: t=475.34074129999954, value=z, duration=0.13602170000012848>
476.3670 	EXP 	fixation: autoDraw = False
476.3670 	EXP 	line1: autoDraw = True
476.3670 	EXP 	line_2: autoDraw = True
476.3670 	EXP 	line_3: autoDraw = True
476.3670 	EXP 	line4: autoDraw = True
477.3503 	INFO 	Keyboard events cleared
477.3502 	EXP 	probe: autoDraw = True
477.6529 	DATA 	Keypress: x
477.6676 	EXP 	Device response: <KeyPress from None: t=477.65141029999995, value=x, duration=None>
477.6680 	EXP 	New trial (rep=45, index=1): <Trial 181 (1 in rep 45) data={'pos': np.int64(150), 'corr_resp': 'v', 'thisN': 181, 'thisTrialN': 1, 'thisRepN': 45}>
477.6846 	EXP 	fixation: autoDraw = False
477.6846 	EXP 	line1: autoDraw = False
477.6846 	EXP 	line_2: autoDraw = False
477.6846 	EXP 	line_3: autoDraw = False
477.6846 	EXP 	line4: autoDraw = False
477.6846 	EXP 	probe: autoDraw = False
477.6846 	EXP 	fixation: autoDraw = True
477.8009 	EXP 	Device response: <KeyPress from None: t=477.65141029999995, value=x, duration=0.14211679999971238>
478.6833 	EXP 	line1: autoDraw = True
478.6833 	EXP 	line_2: autoDraw = True
478.6833 	EXP 	line_3: autoDraw = True
478.6833 	EXP 	line4: autoDraw = True
478.7000 	EXP 	fixation: autoDraw = False
479.6834 	INFO 	Keyboard events cleared
479.6833 	EXP 	probe: autoDraw = True
480.5005 	EXP 	Device response: <KeyPress from None: t=480.4996879999999, value=v, duration=None>
480.5009 	EXP 	New trial (rep=45, index=2): <Trial 182 (2 in rep 45) data={'pos': np.int64(50), 'corr_resp': 'c', 'thisN': 182, 'thisTrialN': 2, 'thisRepN': 45}>
480.5025 	DATA 	Keypress: v
480.5165 	EXP 	fixation: autoDraw = False
480.5165 	EXP 	line1: autoDraw = False
480.5165 	EXP 	line_2: autoDraw = False
480.5165 	EXP 	line_3: autoDraw = False
480.5165 	EXP 	line4: autoDraw = False
480.5165 	EXP 	probe: autoDraw = False
480.5165 	EXP 	fixation: autoDraw = True
480.6340 	EXP 	Device response: <KeyPress from None: t=480.4996879999999, value=v, duration=0.11912459999985003>
481.5006 	EXP 	line1: autoDraw = True
481.5006 	EXP 	line_2: autoDraw = True
481.5006 	EXP 	line_3: autoDraw = True
481.5006 	EXP 	line4: autoDraw = True
481.5170 	EXP 	fixation: autoDraw = False
482.5010 	INFO 	Keyboard events cleared
482.5009 	EXP 	probe: autoDraw = True
482.9511 	EXP 	Device response: <KeyPress from None: t=482.9446678000004, value=c, duration=None>
482.9515 	EXP 	New trial (rep=45, index=3): <Trial 183 (3 in rep 45) data={'pos': np.int64(-150), 'corr_resp': 'z', 'thisN': 183, 'thisTrialN': 3, 'thisRepN': 45}>
482.9528 	DATA 	Keypress: c
482.9676 	EXP 	fixation: autoDraw = False
482.9676 	EXP 	line1: autoDraw = False
482.9676 	EXP 	line_2: autoDraw = False
482.9676 	EXP 	line_3: autoDraw = False
482.9676 	EXP 	line4: autoDraw = False
482.9676 	EXP 	probe: autoDraw = False
482.9676 	EXP 	fixation: autoDraw = True
483.2011 	EXP 	Device response: <KeyPress from None: t=482.9446678000004, value=c, duration=0.25384889999986626>
483.9505 	EXP 	line1: autoDraw = True
483.9505 	EXP 	line_2: autoDraw = True
483.9505 	EXP 	line_3: autoDraw = True
483.9505 	EXP 	line4: autoDraw = True
483.9674 	EXP 	fixation: autoDraw = False
484.9505 	INFO 	Keyboard events cleared
484.9503 	EXP 	probe: autoDraw = True
485.4013 	EXP 	Device response: <KeyPress from None: t=485.3878722999998, value=z, duration=None>
485.4017 	EXP 	New trial (rep=46, index=0): <Trial 184 (0 in rep 46) data={'pos': np.int64(-50), 'corr_resp': 'x', 'thisN': 184, 'thisTrialN': 0, 'thisRepN': 46}>
485.4031 	DATA 	Keypress: z
485.4168 	EXP 	fixation: autoDraw = False
485.4168 	EXP 	line1: autoDraw = False
485.4168 	EXP 	line_2: autoDraw = False
485.4168 	EXP 	line_3: autoDraw = False
485.4168 	EXP 	line4: autoDraw = False
485.4168 	EXP 	probe: autoDraw = False
485.4168 	EXP 	fixation: autoDraw = True
485.5843 	EXP 	Device response: <KeyPress from None: t=485.3878722999998, value=z, duration=0.18383540000013454>
486.4005 	EXP 	line1: autoDraw = True
486.4005 	EXP 	line_2: autoDraw = True
486.4005 	EXP 	line_3: autoDraw = True
486.4005 	EXP 	line4: autoDraw = True
486.4173 	EXP 	fixation: autoDraw = False
487.4007 	INFO 	Keyboard events cleared
487.4005 	EXP 	probe: autoDraw = True
487.6675 	EXP 	Device response: <KeyPress from None: t=487.6646807999996, value=x, duration=None>
487.6679 	EXP 	New trial (rep=46, index=1): <Trial 185 (1 in rep 46) data={'pos': np.int64(150), 'corr_resp': 'v', 'thisN': 185, 'thisTrialN': 1, 'thisRepN': 46}>
487.6691 	DATA 	Keypress: x
487.6839 	EXP 	fixation: autoDraw = False
487.6839 	EXP 	line1: autoDraw = False
487.6839 	EXP 	line_2: autoDraw = False
487.6839 	EXP 	line_3: autoDraw = False
487.6839 	EXP 	line4: autoDraw = False
487.6839 	EXP 	probe: autoDraw = False
487.6839 	EXP 	fixation: autoDraw = True
487.8177 	EXP 	Device response: <KeyPress from None: t=487.6646807999996, value=x, duration=0.14384680000057415>
488.6676 	EXP 	line1: autoDraw = True
488.6676 	EXP 	line_2: autoDraw = True
488.6676 	EXP 	line_3: autoDraw = True
488.6676 	EXP 	line4: autoDraw = True
488.6838 	EXP 	fixation: autoDraw = False
489.6676 	INFO 	Keyboard events cleared
489.6674 	EXP 	probe: autoDraw = True
490.0364 	DATA 	Keypress: v
490.0508 	EXP 	Device response: <KeyPress from None: t=490.0349377000002, value=v, duration=None>
490.0511 	EXP 	New trial (rep=46, index=2): <Trial 186 (2 in rep 46) data={'pos': np.int64(50), 'corr_resp': 'c', 'thisN': 186, 'thisTrialN': 2, 'thisRepN': 46}>
490.0664 	EXP 	fixation: autoDraw = False
490.0664 	EXP 	line1: autoDraw = False
490.0664 	EXP 	line_2: autoDraw = False
490.0664 	EXP 	line_3: autoDraw = False
490.0664 	EXP 	line4: autoDraw = False
490.0664 	EXP 	probe: autoDraw = False
490.0664 	EXP 	fixation: autoDraw = True
490.2013 	EXP 	Device response: <KeyPress from None: t=490.0349377000002, value=v, duration=0.15790519999973185>
491.0505 	EXP 	line1: autoDraw = True
491.0505 	EXP 	line_2: autoDraw = True
491.0505 	EXP 	line_3: autoDraw = True
491.0505 	EXP 	line4: autoDraw = True
491.0672 	EXP 	fixation: autoDraw = False
492.0506 	INFO 	Keyboard events cleared
492.0504 	EXP 	probe: autoDraw = True
492.6679 	EXP 	Device response: <KeyPress from None: t=492.6668559999998, value=c, duration=None>
492.6683 	EXP 	New trial (rep=46, index=3): <Trial 187 (3 in rep 46) data={'pos': np.int64(-150), 'corr_resp': 'z', 'thisN': 187, 'thisTrialN': 3, 'thisRepN': 46}>
492.6696 	DATA 	Keypress: c
492.6840 	EXP 	fixation: autoDraw = False
492.6840 	EXP 	line1: autoDraw = False
492.6840 	EXP 	line_2: autoDraw = False
492.6840 	EXP 	line_3: autoDraw = False
492.6840 	EXP 	line4: autoDraw = False
492.6840 	EXP 	probe: autoDraw = False
492.6840 	EXP 	fixation: autoDraw = True
492.8343 	EXP 	Device response: <KeyPress from None: t=492.6668559999998, value=c, duration=0.16097960000024614>
493.6839 	EXP 	fixation: autoDraw = False
493.6839 	EXP 	line1: autoDraw = True
493.6839 	EXP 	line_2: autoDraw = True
493.6839 	EXP 	line_3: autoDraw = True
493.6839 	EXP 	line4: autoDraw = True
494.6675 	INFO 	Keyboard events cleared
494.6673 	EXP 	probe: autoDraw = True
494.9859 	DATA 	Keypress: z
495.0014 	EXP 	Device response: <KeyPress from None: t=494.98464669999976, value=z, duration=None>
495.0018 	EXP 	New trial (rep=47, index=0): <Trial 188 (0 in rep 47) data={'pos': np.int64(-50), 'corr_resp': 'x', 'thisN': 188, 'thisTrialN': 0, 'thisRepN': 47}>
495.0172 	EXP 	fixation: autoDraw = False
495.0172 	EXP 	line1: autoDraw = False
495.0172 	EXP 	line_2: autoDraw = False
495.0172 	EXP 	line_3: autoDraw = False
495.0172 	EXP 	line4: autoDraw = False
495.0172 	EXP 	probe: autoDraw = False
495.0172 	EXP 	fixation: autoDraw = True
495.1184 	EXP 	Device response: <KeyPress from None: t=494.98464669999976, value=z, duration=0.13210119999985181>
496.0170 	EXP 	fixation: autoDraw = False
496.0170 	EXP 	line1: autoDraw = True
496.0170 	EXP 	line_2: autoDraw = True
496.0170 	EXP 	line_3: autoDraw = True
496.0170 	EXP 	line4: autoDraw = True
497.0172 	INFO 	Keyboard events cleared
497.0170 	EXP 	probe: autoDraw = True
497.3011 	EXP 	Device response: <KeyPress from None: t=497.28649140000016, value=x, duration=None>
497.3015 	EXP 	New trial (rep=47, index=1): <Trial 189 (1 in rep 47) data={'pos': np.int64(150), 'corr_resp': 'v', 'thisN': 189, 'thisTrialN': 1, 'thisRepN': 47}>
497.3028 	DATA 	Keypress: x
497.3175 	EXP 	fixation: autoDraw = False
497.3175 	EXP 	line1: autoDraw = False
497.3175 	EXP 	line_2: autoDraw = False
497.3175 	EXP 	line_3: autoDraw = False
497.3175 	EXP 	line4: autoDraw = False
497.3175 	EXP 	probe: autoDraw = False
497.3175 	EXP 	fixation: autoDraw = True
497.4345 	EXP 	Device response: <KeyPress from None: t=497.28649140000016, value=x, duration=0.13619629999993776>
498.3006 	EXP 	line1: autoDraw = True
498.3006 	EXP 	line_2: autoDraw = True
498.3006 	EXP 	line_3: autoDraw = True
498.3006 	EXP 	line4: autoDraw = True
498.3174 	EXP 	fixation: autoDraw = False
499.3007 	INFO 	Keyboard events cleared
499.3006 	EXP 	probe: autoDraw = True
500.1842 	EXP 	Device response: <KeyPress from None: t=500.1815716000001, value=v, duration=None>
500.1846 	EXP 	New trial (rep=47, index=2): <Trial 190 (2 in rep 47) data={'pos': np.int64(50), 'corr_resp': 'c', 'thisN': 190, 'thisTrialN': 2, 'thisRepN': 47}>
500.1859 	DATA 	Keypress: v
500.2005 	EXP 	fixation: autoDraw = False
500.2005 	EXP 	line1: autoDraw = False
500.2005 	EXP 	line_2: autoDraw = False
500.2005 	EXP 	line_3: autoDraw = False
500.2005 	EXP 	line4: autoDraw = False
500.2005 	EXP 	probe: autoDraw = False
500.2005 	EXP 	fixation: autoDraw = True
500.3182 	EXP 	Device response: <KeyPress from None: t=500.1815716000001, value=v, duration=0.13066579999940586>
501.1840 	EXP 	line1: autoDraw = True
501.1840 	EXP 	line_2: autoDraw = True
501.1840 	EXP 	line_3: autoDraw = True
501.1840 	EXP 	line4: autoDraw = True
501.2009 	EXP 	fixation: autoDraw = False
502.1839 	INFO 	Keyboard events cleared
502.1838 	EXP 	probe: autoDraw = True
502.8344 	EXP 	Device response: <KeyPress from None: t=502.82736730000033, value=c, duration=None>
502.8348 	EXP 	New trial (rep=47, index=3): <Trial 191 (3 in rep 47) data={'pos': np.int64(-150), 'corr_resp': 'z', 'thisN': 191, 'thisTrialN': 3, 'thisRepN': 47}>
502.8362 	DATA 	Keypress: c
502.8505 	EXP 	fixation: autoDraw = False
502.8505 	EXP 	line1: autoDraw = False
502.8505 	EXP 	line_2: autoDraw = False
502.8505 	EXP 	line_3: autoDraw = False
502.8505 	EXP 	line4: autoDraw = False
502.8505 	EXP 	probe: autoDraw = False
502.8505 	EXP 	fixation: autoDraw = True
502.9679 	EXP 	Device response: <KeyPress from None: t=502.82736730000033, value=c, duration=0.12972539999918808>
503.8341 	EXP 	line1: autoDraw = True
503.8341 	EXP 	line_2: autoDraw = True
503.8341 	EXP 	line_3: autoDraw = True
503.8341 	EXP 	line4: autoDraw = True
503.8506 	EXP 	fixation: autoDraw = False
504.8342 	INFO 	Keyboard events cleared
504.8340 	EXP 	probe: autoDraw = True
505.3347 	EXP 	Device response: <KeyPress from None: t=505.3262539999996, value=z, duration=None>
505.3352 	EXP 	New trial (rep=48, index=0): <Trial 192 (0 in rep 48) data={'pos': np.int64(-50), 'corr_resp': 'x', 'thisN': 192, 'thisTrialN': 0, 'thisRepN': 48}>
505.3366 	DATA 	Keypress: z
505.3507 	EXP 	fixation: autoDraw = False
505.3507 	EXP 	line1: autoDraw = False
505.3507 	EXP 	line_2: autoDraw = False
505.3507 	EXP 	line_3: autoDraw = False
505.3507 	EXP 	line4: autoDraw = False
505.3507 	EXP 	probe: autoDraw = False
505.3507 	EXP 	fixation: autoDraw = True
505.4680 	EXP 	Device response: <KeyPress from None: t=505.3262539999996, value=z, duration=0.12999350000063714>
506.3508 	EXP 	fixation: autoDraw = False
506.3508 	EXP 	line1: autoDraw = True
506.3508 	EXP 	line_2: autoDraw = True
506.3508 	EXP 	line_3: autoDraw = True
506.3508 	EXP 	line4: autoDraw = True
507.3511 	INFO 	Keyboard events cleared
507.3509 	EXP 	probe: autoDraw = True
507.6025 	EXP 	Device response: <KeyPress from None: t=507.59960630000023, value=x, duration=None>
507.6028 	EXP 	New trial (rep=48, index=1): <Trial 193 (1 in rep 48) data={'pos': np.int64(150), 'corr_resp': 'v', 'thisN': 193, 'thisTrialN': 1, 'thisRepN': 48}>
507.6041 	DATA 	Keypress: x
507.6169 	EXP 	fixation: autoDraw = False
507.6169 	EXP 	line1: autoDraw = False
507.6169 	EXP 	line_2: autoDraw = False
507.6169 	EXP 	line_3: autoDraw = False
507.6169 	EXP 	line4: autoDraw = False
507.6169 	EXP 	probe: autoDraw = False
507.6169 	EXP 	fixation: autoDraw = True
507.7515 	EXP 	Device response: <KeyPress from None: t=507.59960630000023, value=x, duration=0.15091140000004089>
508.6174 	EXP 	fixation: autoDraw = False
508.6174 	EXP 	line1: autoDraw = True
508.6174 	EXP 	line_2: autoDraw = True
508.6174 	EXP 	line_3: autoDraw = True
508.6174 	EXP 	line4: autoDraw = True
509.6174 	INFO 	Keyboard events cleared
509.6173 	EXP 	probe: autoDraw = True
509.9017 	EXP 	Device response: <KeyPress from None: t=509.8968926999996, value=v, duration=None>
509.9021 	EXP 	New trial (rep=48, index=2): <Trial 194 (2 in rep 48) data={'pos': np.int64(50), 'corr_resp': 'c', 'thisN': 194, 'thisTrialN': 2, 'thisRepN': 48}>
509.9033 	DATA 	Keypress: v
509.9171 	EXP 	fixation: autoDraw = False
509.9171 	EXP 	line1: autoDraw = False
509.9171 	EXP 	line_2: autoDraw = False
509.9171 	EXP 	line_3: autoDraw = False
509.9171 	EXP 	line4: autoDraw = False
509.9171 	EXP 	probe: autoDraw = False
509.9171 	EXP 	fixation: autoDraw = True
510.0679 	EXP 	Device response: <KeyPress from None: t=509.8968926999996, value=v, duration=0.15853530000003957>
510.9172 	EXP 	fixation: autoDraw = False
510.9172 	EXP 	line1: autoDraw = True
510.9172 	EXP 	line_2: autoDraw = True
510.9172 	EXP 	line_3: autoDraw = True
510.9172 	EXP 	line4: autoDraw = True
511.9175 	INFO 	Keyboard events cleared
511.9173 	EXP 	probe: autoDraw = True
512.1679 	EXP 	Device response: <KeyPress from None: t=512.1596896000001, value=c, duration=None>
512.1685 	EXP 	New trial (rep=48, index=3): <Trial 195 (3 in rep 48) data={'pos': np.int64(-150), 'corr_resp': 'z', 'thisN': 195, 'thisTrialN': 3, 'thisRepN': 48}>
512.1697 	DATA 	Keypress: c
512.1839 	EXP 	fixation: autoDraw = False
512.1839 	EXP 	line1: autoDraw = False
512.1839 	EXP 	line_2: autoDraw = False
512.1839 	EXP 	line_3: autoDraw = False
512.1839 	EXP 	line4: autoDraw = False
512.1839 	EXP 	probe: autoDraw = False
512.1839 	EXP 	fixation: autoDraw = True
512.2844 	EXP 	Device response: <KeyPress from None: t=512.1596896000001, value=c, duration=0.12218729999949574>
513.1842 	EXP 	fixation: autoDraw = False
513.1842 	EXP 	line1: autoDraw = True
513.1842 	EXP 	line_2: autoDraw = True
513.1842 	EXP 	line_3: autoDraw = True
513.1842 	EXP 	line4: autoDraw = True
514.1842 	INFO 	Keyboard events cleared
514.1840 	EXP 	probe: autoDraw = True
515.0697 	DATA 	Keypress: z
515.0846 	EXP 	Device response: <KeyPress from None: t=515.0678465000001, value=z, duration=None>
515.0850 	EXP 	New trial (rep=49, index=0): <Trial 196 (0 in rep 49) data={'pos': np.int64(-50), 'corr_resp': 'x', 'thisN': 196, 'thisTrialN': 0, 'thisRepN': 49}>
515.1009 	EXP 	fixation: autoDraw = False
515.1009 	EXP 	line1: autoDraw = False
515.1009 	EXP 	line_2: autoDraw = False
515.1009 	EXP 	line_3: autoDraw = False
515.1009 	EXP 	line4: autoDraw = False
515.1009 	EXP 	probe: autoDraw = False
515.1009 	EXP 	fixation: autoDraw = True
515.2353 	EXP 	Device response: <KeyPress from None: t=515.0678465000001, value=z, duration=0.16029419999995298>
516.0841 	EXP 	line1: autoDraw = True
516.0841 	EXP 	line_2: autoDraw = True
516.0841 	EXP 	line_3: autoDraw = True
516.0841 	EXP 	line4: autoDraw = True
516.1009 	EXP 	fixation: autoDraw = False
517.0843 	INFO 	Keyboard events cleared
517.0841 	EXP 	probe: autoDraw = True
517.8180 	EXP 	Device response: <KeyPress from None: t=517.8032235000001, value=x, duration=None>
517.8183 	EXP 	New trial (rep=49, index=1): <Trial 197 (1 in rep 49) data={'pos': np.int64(150), 'corr_resp': 'v', 'thisN': 197, 'thisTrialN': 1, 'thisRepN': 49}>
517.8197 	DATA 	Keypress: x
517.8346 	EXP 	fixation: autoDraw = False
517.8346 	EXP 	line1: autoDraw = False
517.8346 	EXP 	line_2: autoDraw = False
517.8346 	EXP 	line_3: autoDraw = False
517.8346 	EXP 	line4: autoDraw = False
517.8346 	EXP 	probe: autoDraw = False
517.8346 	EXP 	fixation: autoDraw = True
518.0014 	EXP 	Device response: <KeyPress from None: t=517.8032235000001, value=x, duration=0.19612280000001192>
518.8181 	EXP 	line1: autoDraw = True
518.8181 	EXP 	line_2: autoDraw = True
518.8181 	EXP 	line_3: autoDraw = True
518.8181 	EXP 	line4: autoDraw = True
518.8342 	EXP 	fixation: autoDraw = False
519.8175 	INFO 	Keyboard events cleared
519.8174 	EXP 	probe: autoDraw = True
520.6013 	EXP 	Device response: <KeyPress from None: t=520.5899348000003, value=v, duration=None>
520.6017 	EXP 	New trial (rep=49, index=2): <Trial 198 (2 in rep 49) data={'pos': np.int64(50), 'corr_resp': 'c', 'thisN': 198, 'thisTrialN': 2, 'thisRepN': 49}>
520.6030 	DATA 	Keypress: v
520.6175 	EXP 	fixation: autoDraw = False
520.6175 	EXP 	line1: autoDraw = False
520.6175 	EXP 	line_2: autoDraw = False
520.6175 	EXP 	line_3: autoDraw = False
520.6175 	EXP 	line4: autoDraw = False
520.6175 	EXP 	probe: autoDraw = False
520.6175 	EXP 	fixation: autoDraw = True
520.7346 	EXP 	Device response: <KeyPress from None: t=520.5899348000003, value=v, duration=0.1341969999994035>
521.6009 	EXP 	line1: autoDraw = True
521.6009 	EXP 	line_2: autoDraw = True
521.6009 	EXP 	line_3: autoDraw = True
521.6009 	EXP 	line4: autoDraw = True
521.6177 	EXP 	fixation: autoDraw = False
522.6010 	INFO 	Keyboard events cleared
522.6008 	EXP 	probe: autoDraw = True
522.8682 	EXP 	Device response: <KeyPress from None: t=522.8675139999996, value=c, duration=None>
522.8687 	EXP 	New trial (rep=49, index=3): <Trial 199 (3 in rep 49) data={'pos': np.int64(-150), 'corr_resp': 'z', 'thisN': 199, 'thisTrialN': 3, 'thisRepN': 49}>
522.8700 	DATA 	Keypress: c
522.8842 	EXP 	fixation: autoDraw = False
522.8842 	EXP 	line1: autoDraw = False
522.8842 	EXP 	line_2: autoDraw = False
522.8842 	EXP 	line_3: autoDraw = False
522.8842 	EXP 	line4: autoDraw = False
522.8842 	EXP 	probe: autoDraw = False
522.8842 	EXP 	fixation: autoDraw = True
523.0843 	EXP 	Device response: <KeyPress from None: t=522.8675139999996, value=c, duration=0.21005570000033913>
523.8674 	EXP 	line1: autoDraw = True
523.8674 	EXP 	line_2: autoDraw = True
523.8674 	EXP 	line_3: autoDraw = True
523.8674 	EXP 	line4: autoDraw = True
523.8846 	EXP 	fixation: autoDraw = False
524.8674 	INFO 	Keyboard events cleared
524.8672 	EXP 	probe: autoDraw = True
525.5177 	EXP 	Device response: <KeyPress from None: t=525.5146734999998, value=z, duration=None>
525.5232 	EXP 	Imported conditions.csv as conditions, 4 conditions, 2 params
525.5255 	EXP 	New trial (rep=0, index=0): <Trial 0 (0 in rep 0) data={'pos': np.int64(-50), 'corr_resp': 'x', 'thisN': 0, 'thisTrialN': 0, 'thisRepN': 0}>
525.5269 	DATA 	Keypress: z
525.5344 	EXP 	fixation: autoDraw = False
525.5344 	EXP 	line1: autoDraw = False
525.5344 	EXP 	line_2: autoDraw = False
525.5344 	EXP 	line_3: autoDraw = False
525.5344 	EXP 	line4: autoDraw = False
525.5344 	EXP 	probe: autoDraw = False
525.5344 	EXP 	fixation: autoDraw = True
525.7010 	EXP 	Device response: <KeyPress from None: t=525.5146734999998, value=z, duration=0.17857180000009976>
526.5174 	EXP 	line1: autoDraw = True
526.5174 	EXP 	line_2: autoDraw = True
526.5174 	EXP 	line_3: autoDraw = True
526.5174 	EXP 	line4: autoDraw = True
526.5343 	EXP 	fixation: autoDraw = False
527.5174 	INFO 	Keyboard events cleared
527.5173 	EXP 	probe: autoDraw = True
528.3184 	EXP 	Device response: <KeyPress from None: t=528.3133851000002, value=x, duration=None>
528.3189 	EXP 	New trial (rep=0, index=1): <Trial 1 (1 in rep 0) data={'pos': np.int64(50), 'corr_resp': 'c', 'thisN': 1, 'thisTrialN': 1, 'thisRepN': 0}>
528.3202 	DATA 	Keypress: x
528.3340 	EXP 	fixation: autoDraw = False
528.3340 	EXP 	line1: autoDraw = False
528.3340 	EXP 	line_2: autoDraw = False
528.3340 	EXP 	line_3: autoDraw = False
528.3340 	EXP 	line4: autoDraw = False
528.3340 	EXP 	probe: autoDraw = False
528.3340 	EXP 	fixation: autoDraw = True
528.4679 	EXP 	Device response: <KeyPress from None: t=528.3133851000002, value=x, duration=0.152920799999265>
529.3341 	EXP 	fixation: autoDraw = False
529.3341 	EXP 	line1: autoDraw = True
529.3341 	EXP 	line_2: autoDraw = True
529.3341 	EXP 	line_3: autoDraw = True
529.3341 	EXP 	line4: autoDraw = True
530.3343 	INFO 	Keyboard events cleared
530.3341 	EXP 	probe: autoDraw = True
531.0849 	EXP 	Device response: <KeyPress from None: t=531.0819626000002, value=c, duration=None>
531.0854 	EXP 	New trial (rep=0, index=2): <Trial 2 (2 in rep 0) data={'pos': np.int64(-150), 'corr_resp': 'z', 'thisN': 2, 'thisTrialN': 2, 'thisRepN': 0}>
531.0868 	DATA 	Keypress: c
531.1006 	EXP 	fixation: autoDraw = False
531.1006 	EXP 	line1: autoDraw = False
531.1006 	EXP 	line_2: autoDraw = False
531.1006 	EXP 	line_3: autoDraw = False
531.1006 	EXP 	line4: autoDraw = False
531.1006 	EXP 	probe: autoDraw = False
531.1006 	EXP 	fixation: autoDraw = True
531.2511 	EXP 	Device response: <KeyPress from None: t=531.0819626000002, value=c, duration=0.16582709999966028>
532.1008 	EXP 	fixation: autoDraw = False
532.1008 	EXP 	line1: autoDraw = True
532.1008 	EXP 	line_2: autoDraw = True
532.1008 	EXP 	line_3: autoDraw = True
532.1008 	EXP 	line4: autoDraw = True
533.1013 	INFO 	Keyboard events cleared
533.1011 	EXP 	probe: autoDraw = True
533.9531 	DATA 	Keypress: z
533.9683 	EXP 	Device response: <KeyPress from None: t=533.9522465999999, value=z, duration=None>
533.9686 	EXP 	New trial (rep=0, index=3): <Trial 3 (3 in rep 0) data={'pos': np.int64(150), 'corr_resp': 'v', 'thisN': 3, 'thisTrialN': 3, 'thisRepN': 0}>
533.9841 	EXP 	fixation: autoDraw = False
533.9841 	EXP 	line1: autoDraw = False
533.9841 	EXP 	line_2: autoDraw = False
533.9841 	EXP 	line_3: autoDraw = False
533.9841 	EXP 	line4: autoDraw = False
533.9841 	EXP 	probe: autoDraw = False
533.9841 	EXP 	fixation: autoDraw = True
534.0849 	EXP 	Device response: <KeyPress from None: t=533.9522465999999, value=z, duration=0.13149830000020302>
534.9841 	EXP 	fixation: autoDraw = False
534.9841 	EXP 	line1: autoDraw = True
534.9841 	EXP 	line_2: autoDraw = True
534.9841 	EXP 	line_3: autoDraw = True
534.9841 	EXP 	line4: autoDraw = True
535.9843 	INFO 	Keyboard events cleared
535.9841 	EXP 	probe: autoDraw = True
536.8515 	EXP 	Device response: <KeyPress from None: t=536.8466632999998, value=v, duration=None>
536.8519 	EXP 	New trial (rep=1, index=0): <Trial 4 (0 in rep 1) data={'pos': np.int64(50), 'corr_resp': 'c', 'thisN': 4, 'thisTrialN': 0, 'thisRepN': 1}>
536.8533 	DATA 	Keypress: v
536.8672 	EXP 	fixation: autoDraw = False
536.8672 	EXP 	line1: autoDraw = False
536.8672 	EXP 	line_2: autoDraw = False
536.8672 	EXP 	line_3: autoDraw = False
536.8672 	EXP 	line4: autoDraw = False
536.8672 	EXP 	probe: autoDraw = False
536.8672 	EXP 	fixation: autoDraw = True
536.9180 	EXP 	Device response: <KeyPress from None: t=536.8466632999998, value=v, duration=0.056382599999778904>
537.8514 	EXP 	line1: autoDraw = True
537.8514 	EXP 	line_2: autoDraw = True
537.8514 	EXP 	line_3: autoDraw = True
537.8514 	EXP 	line4: autoDraw = True
537.8675 	EXP 	fixation: autoDraw = False
538.8677 	INFO 	Keyboard events cleared
538.8675 	EXP 	probe: autoDraw = True
539.6514 	EXP 	Device response: <KeyPress from None: t=539.6449141000003, value=c, duration=None>
539.6518 	EXP 	New trial (rep=1, index=1): <Trial 5 (1 in rep 1) data={'pos': np.int64(150), 'corr_resp': 'v', 'thisN': 5, 'thisTrialN': 1, 'thisRepN': 1}>
539.6531 	DATA 	Keypress: c
539.6677 	EXP 	fixation: autoDraw = False
539.6677 	EXP 	line1: autoDraw = False
539.6677 	EXP 	line_2: autoDraw = False
539.6677 	EXP 	line_3: autoDraw = False
539.6677 	EXP 	line4: autoDraw = False
539.6677 	EXP 	probe: autoDraw = False
539.6677 	EXP 	fixation: autoDraw = True
539.7018 	EXP 	Device response: <KeyPress from None: t=539.6449141000003, value=c, duration=0.05494249999992462>
540.6508 	EXP 	line1: autoDraw = True
540.6508 	EXP 	line_2: autoDraw = True
540.6508 	EXP 	line_3: autoDraw = True
540.6508 	EXP 	line4: autoDraw = True
540.6678 	EXP 	fixation: autoDraw = False
541.6509 	INFO 	Keyboard events cleared
541.6508 	EXP 	probe: autoDraw = True
542.7198 	DATA 	Keypress: v
542.7347 	EXP 	Device response: <KeyPress from None: t=542.7188304000001, value=v, duration=None>
542.7351 	EXP 	New trial (rep=1, index=2): <Trial 6 (2 in rep 1) data={'pos': np.int64(-50), 'corr_resp': 'x', 'thisN': 6, 'thisTrialN': 2, 'thisRepN': 1}>
542.7509 	EXP 	fixation: autoDraw = False
542.7509 	EXP 	line1: autoDraw = False
542.7509 	EXP 	line_2: autoDraw = False
542.7509 	EXP 	line_3: autoDraw = False
542.7509 	EXP 	line4: autoDraw = False
542.7509 	EXP 	probe: autoDraw = False
542.7509 	EXP 	fixation: autoDraw = True
542.8015 	EXP 	Device response: <KeyPress from None: t=542.7188304000001, value=v, duration=0.07139970000025642>
543.7341 	EXP 	line1: autoDraw = True
543.7341 	EXP 	line_2: autoDraw = True
543.7341 	EXP 	line_3: autoDraw = True
543.7341 	EXP 	line4: autoDraw = True
543.7509 	EXP 	fixation: autoDraw = False
544.7344 	INFO 	Keyboard events cleared
544.7342 	EXP 	probe: autoDraw = True
545.6183 	EXP 	Device response: <KeyPress from None: t=545.6134555999997, value=x, duration=None>
545.6188 	EXP 	New trial (rep=1, index=3): <Trial 7 (3 in rep 1) data={'pos': np.int64(-150), 'corr_resp': 'z', 'thisN': 7, 'thisTrialN': 3, 'thisRepN': 1}>
545.6202 	DATA 	Keypress: x
545.6338 	EXP 	fixation: autoDraw = False
545.6338 	EXP 	line1: autoDraw = False
545.6338 	EXP 	line_2: autoDraw = False
545.6338 	EXP 	line_3: autoDraw = False
545.6338 	EXP 	line4: autoDraw = False
545.6338 	EXP 	probe: autoDraw = False
545.6338 	EXP 	fixation: autoDraw = True
545.7677 	EXP 	Device response: <KeyPress from None: t=545.6134555999997, value=x, duration=0.15155520000007527>
546.6176 	EXP 	line1: autoDraw = True
546.6176 	EXP 	line_2: autoDraw = True
546.6176 	EXP 	line_3: autoDraw = True
546.6176 	EXP 	line4: autoDraw = True
546.6346 	EXP 	fixation: autoDraw = False
547.6345 	INFO 	Keyboard events cleared
547.6344 	EXP 	probe: autoDraw = True
548.5346 	EXP 	Device response: <KeyPress from None: t=548.5316444, value=z, duration=None>
548.5350 	EXP 	New trial (rep=2, index=0): <Trial 8 (0 in rep 2) data={'pos': np.int64(-150), 'corr_resp': 'z', 'thisN': 8, 'thisTrialN': 0, 'thisRepN': 2}>
548.5364 	DATA 	Keypress: z
548.5512 	EXP 	fixation: autoDraw = False
548.5512 	EXP 	line1: autoDraw = False
548.5512 	EXP 	line_2: autoDraw = False
548.5512 	EXP 	line_3: autoDraw = False
548.5512 	EXP 	line4: autoDraw = False
548.5512 	EXP 	probe: autoDraw = False
548.5512 	EXP 	fixation: autoDraw = True
548.7012 	EXP 	Device response: <KeyPress from None: t=548.5316444, value=z, duration=0.1565032999997129>
549.5343 	EXP 	line1: autoDraw = True
549.5343 	EXP 	line_2: autoDraw = True
549.5343 	EXP 	line_3: autoDraw = True
549.5343 	EXP 	line4: autoDraw = True
549.5513 	EXP 	fixation: autoDraw = False
550.5344 	INFO 	Keyboard events cleared
550.5342 	EXP 	probe: autoDraw = True
551.3681 	EXP 	Device response: <KeyPress from None: t=551.3569127000001, value=z, duration=None>
551.3685 	EXP 	New trial (rep=2, index=1): <Trial 9 (1 in rep 2) data={'pos': np.int64(-50), 'corr_resp': 'x', 'thisN': 9, 'thisTrialN': 1, 'thisRepN': 2}>
551.3699 	DATA 	Keypress: z
551.3843 	EXP 	fixation: autoDraw = False
551.3843 	EXP 	line1: autoDraw = False
551.3843 	EXP 	line_2: autoDraw = False
551.3843 	EXP 	line_3: autoDraw = False
551.3843 	EXP 	line4: autoDraw = False
551.3843 	EXP 	probe: autoDraw = False
551.3843 	EXP 	fixation: autoDraw = True
551.5182 	EXP 	Device response: <KeyPress from None: t=551.3569127000001, value=z, duration=0.15183239999987563>
552.3676 	EXP 	line1: autoDraw = True
552.3676 	EXP 	line_2: autoDraw = True
552.3676 	EXP 	line_3: autoDraw = True
552.3676 	EXP 	line4: autoDraw = True
552.3843 	EXP 	fixation: autoDraw = False
553.3676 	INFO 	Keyboard events cleared
553.3675 	EXP 	probe: autoDraw = True
553.9184 	EXP 	Device response: <KeyPress from None: t=553.9178316999996, value=x, duration=None>
553.9188 	EXP 	New trial (rep=2, index=2): <Trial 10 (2 in rep 2) data={'pos': np.int64(150), 'corr_resp': 'v', 'thisN': 10, 'thisTrialN': 2, 'thisRepN': 2}>
553.9201 	DATA 	Keypress: x
553.9351 	EXP 	fixation: autoDraw = False
553.9351 	EXP 	line1: autoDraw = False
553.9351 	EXP 	line_2: autoDraw = False
553.9351 	EXP 	line_3: autoDraw = False
553.9351 	EXP 	line4: autoDraw = False
553.9351 	EXP 	probe: autoDraw = False
553.9351 	EXP 	fixation: autoDraw = True
554.0847 	EXP 	Device response: <KeyPress from None: t=553.9178316999996, value=x, duration=0.15571520000048622>
554.9344 	EXP 	fixation: autoDraw = False
554.9344 	EXP 	line1: autoDraw = True
554.9344 	EXP 	line_2: autoDraw = True
554.9344 	EXP 	line_3: autoDraw = True
554.9344 	EXP 	line4: autoDraw = True
555.9343 	INFO 	Keyboard events cleared
555.9342 	EXP 	probe: autoDraw = True
556.8016 	EXP 	Device response: <KeyPress from None: t=556.7906288000004, value=v, duration=None>
556.8021 	EXP 	New trial (rep=2, index=3): <Trial 11 (3 in rep 2) data={'pos': np.int64(50), 'corr_resp': 'c', 'thisN': 11, 'thisTrialN': 3, 'thisRepN': 2}>
556.8034 	DATA 	Keypress: v
556.8176 	EXP 	fixation: autoDraw = False
556.8176 	EXP 	line1: autoDraw = False
556.8176 	EXP 	line_2: autoDraw = False
556.8176 	EXP 	line_3: autoDraw = False
556.8176 	EXP 	line4: autoDraw = False
556.8176 	EXP 	probe: autoDraw = False
556.8176 	EXP 	fixation: autoDraw = True
556.9681 	EXP 	Device response: <KeyPress from None: t=556.7906288000004, value=v, duration=0.16669219999948837>
557.8013 	EXP 	line1: autoDraw = True
557.8013 	EXP 	line_2: autoDraw = True
557.8013 	EXP 	line_3: autoDraw = True
557.8013 	EXP 	line4: autoDraw = True
557.8175 	EXP 	fixation: autoDraw = False
558.8012 	INFO 	Keyboard events cleared
558.8010 	EXP 	probe: autoDraw = True
559.1181 	EXP 	Device response: <KeyPress from None: t=559.1063746999998, value=c, duration=None>
559.1185 	EXP 	New trial (rep=3, index=0): <Trial 12 (0 in rep 3) data={'pos': np.int64(-50), 'corr_resp': 'x', 'thisN': 12, 'thisTrialN': 0, 'thisRepN': 3}>
559.1199 	DATA 	Keypress: c
559.1344 	EXP 	fixation: autoDraw = False
559.1344 	EXP 	line1: autoDraw = False
559.1344 	EXP 	line_2: autoDraw = False
559.1344 	EXP 	line_3: autoDraw = False
559.1344 	EXP 	line4: autoDraw = False
559.1344 	EXP 	probe: autoDraw = False
559.1344 	EXP 	fixation: autoDraw = True
559.3181 	EXP 	Device response: <KeyPress from None: t=559.1063746999998, value=c, duration=0.20907119999992574>
560.1178 	EXP 	line1: autoDraw = True
560.1178 	EXP 	line_2: autoDraw = True
560.1178 	EXP 	line_3: autoDraw = True
560.1178 	EXP 	line4: autoDraw = True
560.1341 	EXP 	fixation: autoDraw = False
561.1185 	INFO 	Keyboard events cleared
561.1184 	EXP 	probe: autoDraw = True
561.8015 	EXP 	Device response: <KeyPress from None: t=561.7989317000001, value=x, duration=None>
561.8020 	EXP 	New trial (rep=3, index=1): <Trial 13 (1 in rep 3) data={'pos': np.int64(150), 'corr_resp': 'v', 'thisN': 13, 'thisTrialN': 1, 'thisRepN': 3}>
561.8033 	DATA 	Keypress: x
561.8177 	EXP 	fixation: autoDraw = False
561.8177 	EXP 	line1: autoDraw = False
561.8177 	EXP 	line_2: autoDraw = False
561.8177 	EXP 	line_3: autoDraw = False
561.8177 	EXP 	line4: autoDraw = False
561.8177 	EXP 	probe: autoDraw = False
561.8177 	EXP 	fixation: autoDraw = True
561.9681 	EXP 	Device response: <KeyPress from None: t=561.7989317000001, value=x, duration=0.15998130000025412>
562.8010 	EXP 	line1: autoDraw = True
562.8010 	EXP 	line_2: autoDraw = True
562.8010 	EXP 	line_3: autoDraw = True
562.8010 	EXP 	line4: autoDraw = True
562.8177 	EXP 	fixation: autoDraw = False
563.8011 	INFO 	Keyboard events cleared
563.8010 	EXP 	probe: autoDraw = True
564.8685 	EXP 	Device response: <KeyPress from None: t=564.8548545000003, value=v, duration=None>
564.8690 	EXP 	New trial (rep=3, index=2): <Trial 14 (2 in rep 3) data={'pos': np.int64(50), 'corr_resp': 'c', 'thisN': 14, 'thisTrialN': 2, 'thisRepN': 3}>
564.8703 	DATA 	Keypress: v
564.8842 	EXP 	fixation: autoDraw = False
564.8842 	EXP 	line1: autoDraw = False
564.8842 	EXP 	line_2: autoDraw = False
564.8842 	EXP 	line_3: autoDraw = False
564.8842 	EXP 	line4: autoDraw = False
564.8842 	EXP 	probe: autoDraw = False
564.8842 	EXP 	fixation: autoDraw = True
565.0180 	EXP 	Device response: <KeyPress from None: t=564.8548545000003, value=v, duration=0.14711219999935565>
565.8843 	EXP 	fixation: autoDraw = False
565.8843 	EXP 	line1: autoDraw = True
565.8843 	EXP 	line_2: autoDraw = True
565.8843 	EXP 	line_3: autoDraw = True
565.8843 	EXP 	line4: autoDraw = True
566.8836 	INFO 	Keyboard events cleared
566.8835 	EXP 	probe: autoDraw = True
567.8681 	EXP 	Device response: <KeyPress from None: t=567.8653322999999, value=c, duration=None>
567.8685 	EXP 	New trial (rep=3, index=3): <Trial 15 (3 in rep 3) data={'pos': np.int64(-150), 'corr_resp': 'z', 'thisN': 15, 'thisTrialN': 3, 'thisRepN': 3}>
567.8698 	DATA 	Keypress: c
567.8839 	EXP 	fixation: autoDraw = False
567.8839 	EXP 	line1: autoDraw = False
567.8839 	EXP 	line_2: autoDraw = False
567.8839 	EXP 	line_3: autoDraw = False
567.8839 	EXP 	line4: autoDraw = False
567.8839 	EXP 	probe: autoDraw = False
567.8839 	EXP 	fixation: autoDraw = True
568.0008 	EXP 	Device response: <KeyPress from None: t=567.8653322999999, value=c, duration=0.12387190000026749>
568.8678 	EXP 	line1: autoDraw = True
568.8678 	EXP 	line_2: autoDraw = True
568.8678 	EXP 	line_3: autoDraw = True
568.8678 	EXP 	line4: autoDraw = True
568.8844 	EXP 	fixation: autoDraw = False
569.8680 	INFO 	Keyboard events cleared
569.8678 	EXP 	probe: autoDraw = True
570.6352 	EXP 	Device response: <KeyPress from None: t=570.6342633000004, value=z, duration=None>
570.6356 	EXP 	New trial (rep=4, index=0): <Trial 16 (0 in rep 4) data={'pos': np.int64(-50), 'corr_resp': 'x', 'thisN': 16, 'thisTrialN': 0, 'thisRepN': 4}>
570.6369 	DATA 	Keypress: z
570.6512 	EXP 	fixation: autoDraw = False
570.6512 	EXP 	line1: autoDraw = False
570.6512 	EXP 	line_2: autoDraw = False
570.6512 	EXP 	line_3: autoDraw = False
570.6512 	EXP 	line4: autoDraw = False
570.6512 	EXP 	probe: autoDraw = False
570.6512 	EXP 	fixation: autoDraw = True
570.7852 	EXP 	Device response: <KeyPress from None: t=570.6342633000004, value=z, duration=0.14823469999919325>
571.6342 	EXP 	line1: autoDraw = True
571.6342 	EXP 	line_2: autoDraw = True
571.6342 	EXP 	line_3: autoDraw = True
571.6342 	EXP 	line4: autoDraw = True
571.6512 	EXP 	fixation: autoDraw = False
572.6357 	INFO 	Keyboard events cleared
572.6355 	EXP 	probe: autoDraw = True
573.0351 	EXP 	Device response: <KeyPress from None: t=573.0285244999995, value=x, duration=None>
573.0355 	EXP 	New trial (rep=4, index=1): <Trial 17 (1 in rep 4) data={'pos': np.int64(-150), 'corr_resp': 'z', 'thisN': 17, 'thisTrialN': 1, 'thisRepN': 4}>
573.0368 	DATA 	Keypress: x
573.0511 	EXP 	fixation: autoDraw = False
573.0511 	EXP 	line1: autoDraw = False
573.0511 	EXP 	line_2: autoDraw = False
573.0511 	EXP 	line_3: autoDraw = False
573.0511 	EXP 	line4: autoDraw = False
573.0511 	EXP 	probe: autoDraw = False
573.0511 	EXP 	fixation: autoDraw = True
573.2017 	EXP 	Device response: <KeyPress from None: t=573.0285244999995, value=x, duration=0.15813880000041536>
574.0510 	EXP 	fixation: autoDraw = False
574.0510 	EXP 	line1: autoDraw = True
574.0510 	EXP 	line_2: autoDraw = True
574.0510 	EXP 	line_3: autoDraw = True
574.0510 	EXP 	line4: autoDraw = True
575.0347 	INFO 	Keyboard events cleared
575.0346 	EXP 	probe: autoDraw = True
575.7850 	EXP 	Device response: <KeyPress from None: t=575.7786059999999, value=z, duration=None>
575.7854 	EXP 	New trial (rep=4, index=2): <Trial 18 (2 in rep 4) data={'pos': np.int64(50), 'corr_resp': 'c', 'thisN': 18, 'thisTrialN': 2, 'thisRepN': 4}>
575.7867 	DATA 	Keypress: z
575.8014 	EXP 	fixation: autoDraw = False
575.8014 	EXP 	line1: autoDraw = False
575.8014 	EXP 	line_2: autoDraw = False
575.8014 	EXP 	line_3: autoDraw = False
575.8014 	EXP 	line4: autoDraw = False
575.8014 	EXP 	probe: autoDraw = False
575.8014 	EXP 	fixation: autoDraw = True
575.9525 	EXP 	Device response: <KeyPress from None: t=575.7786059999999, value=z, duration=0.17168020000008255>
576.7843 	EXP 	line1: autoDraw = True
576.7843 	EXP 	line_2: autoDraw = True
576.7843 	EXP 	line_3: autoDraw = True
576.7843 	EXP 	line4: autoDraw = True
576.8012 	EXP 	fixation: autoDraw = False
577.7845 	INFO 	Keyboard events cleared
577.7843 	EXP 	probe: autoDraw = True
578.5514 	EXP 	Device response: <KeyPress from None: t=578.5401874999998, value=c, duration=None>
578.5518 	EXP 	New trial (rep=4, index=3): <Trial 19 (3 in rep 4) data={'pos': np.int64(150), 'corr_resp': 'v', 'thisN': 19, 'thisTrialN': 3, 'thisRepN': 4}>
578.5532 	DATA 	Keypress: c
578.5678 	EXP 	fixation: autoDraw = False
578.5678 	EXP 	line1: autoDraw = False
578.5678 	EXP 	line_2: autoDraw = False
578.5678 	EXP 	line_3: autoDraw = False
578.5678 	EXP 	line4: autoDraw = False
578.5678 	EXP 	probe: autoDraw = False
578.5678 	EXP 	fixation: autoDraw = True
578.7348 	EXP 	Device response: <KeyPress from None: t=578.5401874999998, value=c, duration=0.19211170000016864>
579.5510 	EXP 	line1: autoDraw = True
579.5510 	EXP 	line_2: autoDraw = True
579.5510 	EXP 	line_3: autoDraw = True
579.5510 	EXP 	line4: autoDraw = True
579.5678 	EXP 	fixation: autoDraw = False
580.5512 	INFO 	Keyboard events cleared
580.5510 	EXP 	probe: autoDraw = True
581.3518 	EXP 	Device response: <KeyPress from None: t=581.3384588999998, value=v, duration=None>
581.3522 	EXP 	New trial (rep=5, index=0): <Trial 20 (0 in rep 5) data={'pos': np.int64(-150), 'corr_resp': 'z', 'thisN': 20, 'thisTrialN': 0, 'thisRepN': 5}>
581.3537 	DATA 	Keypress: v
581.3676 	EXP 	fixation: autoDraw = False
581.3676 	EXP 	line1: autoDraw = False
581.3676 	EXP 	line_2: autoDraw = False
581.3676 	EXP 	line_3: autoDraw = False
581.3676 	EXP 	line4: autoDraw = False
581.3676 	EXP 	probe: autoDraw = False
581.3676 	EXP 	fixation: autoDraw = True
581.5017 	EXP 	Device response: <KeyPress from None: t=581.3384588999998, value=v, duration=0.1522506000001158>
582.3685 	EXP 	fixation: autoDraw = False
582.3685 	EXP 	line1: autoDraw = True
582.3685 	EXP 	line_2: autoDraw = True
582.3685 	EXP 	line_3: autoDraw = True
582.3685 	EXP 	line4: autoDraw = True
583.3715 	INFO 	Keyboard events cleared
583.3713 	EXP 	probe: autoDraw = True
584.2018 	EXP 	Device response: <KeyPress from None: t=584.2000449999996, value=z, duration=None>
584.2021 	EXP 	New trial (rep=5, index=1): <Trial 21 (1 in rep 5) data={'pos': np.int64(50), 'corr_resp': 'c', 'thisN': 21, 'thisTrialN': 1, 'thisRepN': 5}>
584.2034 	DATA 	Keypress: z
584.2178 	EXP 	fixation: autoDraw = False
584.2178 	EXP 	line1: autoDraw = False
584.2178 	EXP 	line_2: autoDraw = False
584.2178 	EXP 	line_3: autoDraw = False
584.2178 	EXP 	line4: autoDraw = False
584.2178 	EXP 	probe: autoDraw = False
584.2178 	EXP 	fixation: autoDraw = True
584.4014 	EXP 	Device response: <KeyPress from None: t=584.2000449999996, value=z, duration=0.19848760000058974>
585.2178 	EXP 	fixation: autoDraw = False
585.2178 	EXP 	line1: autoDraw = True
585.2178 	EXP 	line_2: autoDraw = True
585.2178 	EXP 	line_3: autoDraw = True
585.2178 	EXP 	line4: autoDraw = True
586.2013 	INFO 	Keyboard events cleared
586.2012 	EXP 	probe: autoDraw = True
587.2514 	EXP 	Device response: <KeyPress from None: t=587.2489023999997, value=c, duration=None>
587.2517 	EXP 	New trial (rep=5, index=2): <Trial 22 (2 in rep 5) data={'pos': np.int64(-50), 'corr_resp': 'x', 'thisN': 22, 'thisTrialN': 2, 'thisRepN': 5}>
587.2531 	DATA 	Keypress: c
587.2678 	EXP 	fixation: autoDraw = False
587.2678 	EXP 	line1: autoDraw = False
587.2678 	EXP 	line_2: autoDraw = False
587.2678 	EXP 	line_3: autoDraw = False
587.2678 	EXP 	line4: autoDraw = False
587.2678 	EXP 	probe: autoDraw = False
587.2678 	EXP 	fixation: autoDraw = True
587.4684 	EXP 	Device response: <KeyPress from None: t=587.2489023999997, value=c, duration=0.2065468000000692>
588.2510 	EXP 	line1: autoDraw = True
588.2510 	EXP 	line_2: autoDraw = True
588.2510 	EXP 	line_3: autoDraw = True
588.2510 	EXP 	line4: autoDraw = True
588.2677 	EXP 	fixation: autoDraw = False
589.2515 	INFO 	Keyboard events cleared
589.2513 	EXP 	probe: autoDraw = True
589.8187 	DATA 	Keypress: x
589.8358 	EXP 	Device response: <KeyPress from None: t=589.8171615000001, value=x, duration=None>
589.8361 	EXP 	New trial (rep=5, index=3): <Trial 23 (3 in rep 5) data={'pos': np.int64(150), 'corr_resp': 'v', 'thisN': 23, 'thisTrialN': 3, 'thisRepN': 5}>
589.8508 	EXP 	fixation: autoDraw = False
589.8508 	EXP 	line1: autoDraw = False
589.8508 	EXP 	line_2: autoDraw = False
589.8508 	EXP 	line_3: autoDraw = False
589.8508 	EXP 	line4: autoDraw = False
589.8508 	EXP 	probe: autoDraw = False
589.8508 	EXP 	fixation: autoDraw = True
589.9846 	EXP 	Device response: <KeyPress from None: t=589.8171615000001, value=x, duration=0.16009819999999308>
590.8512 	EXP 	fixation: autoDraw = False
590.8512 	EXP 	line1: autoDraw = True
590.8512 	EXP 	line_2: autoDraw = True
590.8512 	EXP 	line_3: autoDraw = True
590.8512 	EXP 	line4: autoDraw = True
591.8513 	INFO 	Keyboard events cleared
591.8512 	EXP 	probe: autoDraw = True
592.7212 	EXP 	Device response: <KeyPress from None: t=592.7140117999998, value=v, duration=None>
592.7217 	EXP 	New trial (rep=6, index=0): <Trial 24 (0 in rep 6) data={'pos': np.int64(-50), 'corr_resp': 'x', 'thisN': 24, 'thisTrialN': 0, 'thisRepN': 6}>
592.7232 	DATA 	Keypress: v
592.7346 	EXP 	fixation: autoDraw = False
592.7346 	EXP 	line1: autoDraw = False
592.7346 	EXP 	line_2: autoDraw = False
592.7346 	EXP 	line_3: autoDraw = False
592.7346 	EXP 	line4: autoDraw = False
592.7346 	EXP 	probe: autoDraw = False
592.7346 	EXP 	fixation: autoDraw = True
592.8519 	EXP 	Device response: <KeyPress from None: t=592.7140117999998, value=v, duration=0.1313863000004858>
593.7344 	EXP 	fixation: autoDraw = False
593.7344 	EXP 	line1: autoDraw = True
593.7344 	EXP 	line_2: autoDraw = True
593.7344 	EXP 	line_3: autoDraw = True
593.7344 	EXP 	line4: autoDraw = True
594.7345 	INFO 	Keyboard events cleared
594.7343 	EXP 	probe: autoDraw = True
595.5697 	DATA 	Keypress: x
595.5854 	EXP 	Device response: <KeyPress from None: t=595.5680303999998, value=x, duration=None>
595.5859 	EXP 	New trial (rep=6, index=1): <Trial 25 (1 in rep 6) data={'pos': np.int64(50), 'corr_resp': 'c', 'thisN': 25, 'thisTrialN': 1, 'thisRepN': 6}>
595.6009 	EXP 	fixation: autoDraw = False
595.6009 	EXP 	line1: autoDraw = False
595.6009 	EXP 	line_2: autoDraw = False
595.6009 	EXP 	line_3: autoDraw = False
595.6009 	EXP 	line4: autoDraw = False
595.6009 	EXP 	probe: autoDraw = False
595.6009 	EXP 	fixation: autoDraw = True
595.7182 	EXP 	Device response: <KeyPress from None: t=595.5680303999998, value=x, duration=0.1418260000000373>
596.6011 	EXP 	fixation: autoDraw = False
596.6011 	EXP 	line1: autoDraw = True
596.6011 	EXP 	line_2: autoDraw = True
596.6011 	EXP 	line_3: autoDraw = True
596.6011 	EXP 	line4: autoDraw = True
597.6013 	INFO 	Keyboard events cleared
597.6012 	EXP 	probe: autoDraw = True
598.5016 	EXP 	Device response: <KeyPress from None: t=598.4984158999996, value=c, duration=None>
598.5020 	EXP 	New trial (rep=6, index=2): <Trial 26 (2 in rep 6) data={'pos': np.int64(-150), 'corr_resp': 'z', 'thisN': 26, 'thisTrialN': 2, 'thisRepN': 6}>
598.5032 	DATA 	Keypress: c
598.5176 	EXP 	fixation: autoDraw = False
598.5176 	EXP 	line1: autoDraw = False
598.5176 	EXP 	line_2: autoDraw = False
598.5176 	EXP 	line_3: autoDraw = False
598.5176 	EXP 	line4: autoDraw = False
598.5176 	EXP 	probe: autoDraw = False
598.5176 	EXP 	fixation: autoDraw = True
598.7016 	EXP 	Device response: <KeyPress from None: t=598.4984158999996, value=c, duration=0.19137980000050447>
599.5011 	EXP 	line1: autoDraw = True
599.5011 	EXP 	line_2: autoDraw = True
599.5011 	EXP 	line_3: autoDraw = True
599.5011 	EXP 	line4: autoDraw = True
599.5179 	EXP 	fixation: autoDraw = False
600.5015 	INFO 	Keyboard events cleared
600.5014 	EXP 	probe: autoDraw = True
601.2522 	EXP 	Device response: <KeyPress from None: t=601.2474462, value=z, duration=None>
601.2526 	EXP 	New trial (rep=6, index=3): <Trial 27 (3 in rep 6) data={'pos': np.int64(150), 'corr_resp': 'v', 'thisN': 27, 'thisTrialN': 3, 'thisRepN': 6}>
601.2539 	DATA 	Keypress: z
601.2680 	EXP 	fixation: autoDraw = False
601.2680 	EXP 	line1: autoDraw = False
601.2680 	EXP 	line_2: autoDraw = False
601.2680 	EXP 	line_3: autoDraw = False
601.2680 	EXP 	line4: autoDraw = False
601.2680 	EXP 	probe: autoDraw = False
601.2680 	EXP 	fixation: autoDraw = True
601.4019 	EXP 	Device response: <KeyPress from None: t=601.2474462, value=z, duration=0.14975070000036794>
602.2508 	EXP 	line1: autoDraw = True
602.2508 	EXP 	line_2: autoDraw = True
602.2508 	EXP 	line_3: autoDraw = True
602.2508 	EXP 	line4: autoDraw = True
602.2682 	EXP 	fixation: autoDraw = False
603.2680 	INFO 	Keyboard events cleared
603.2678 	EXP 	probe: autoDraw = True
604.0853 	EXP 	Device response: <KeyPress from None: t=604.0844784999999, value=v, duration=None>
604.0857 	EXP 	New trial (rep=7, index=0): <Trial 28 (0 in rep 7) data={'pos': np.int64(50), 'corr_resp': 'c', 'thisN': 28, 'thisTrialN': 0, 'thisRepN': 7}>
604.0870 	DATA 	Keypress: v
604.1010 	EXP 	fixation: autoDraw = False
604.1010 	EXP 	line1: autoDraw = False
604.1010 	EXP 	line_2: autoDraw = False
604.1010 	EXP 	line_3: autoDraw = False
604.1010 	EXP 	line4: autoDraw = False
604.1010 	EXP 	probe: autoDraw = False
604.1010 	EXP 	fixation: autoDraw = True
604.2181 	EXP 	Device response: <KeyPress from None: t=604.0844784999999, value=v, duration=0.13090769999962504>
605.1013 	EXP 	fixation: autoDraw = False
605.1013 	EXP 	line1: autoDraw = True
605.1013 	EXP 	line_2: autoDraw = True
605.1013 	EXP 	line_3: autoDraw = True
605.1013 	EXP 	line4: autoDraw = True
606.1015 	INFO 	Keyboard events cleared
606.1014 	EXP 	probe: autoDraw = True
606.8518 	EXP 	Device response: <KeyPress from None: t=606.8512799999999, value=c, duration=None>
606.8522 	EXP 	New trial (rep=7, index=1): <Trial 29 (1 in rep 7) data={'pos': np.int64(-50), 'corr_resp': 'x', 'thisN': 29, 'thisTrialN': 1, 'thisRepN': 7}>
606.8535 	DATA 	Keypress: c
606.8679 	EXP 	fixation: autoDraw = False
606.8679 	EXP 	line1: autoDraw = False
606.8679 	EXP 	line_2: autoDraw = False
606.8679 	EXP 	line_3: autoDraw = False
606.8679 	EXP 	line4: autoDraw = False
606.8679 	EXP 	probe: autoDraw = False
606.8679 	EXP 	fixation: autoDraw = True
607.0183 	EXP 	Device response: <KeyPress from None: t=606.8512799999999, value=c, duration=0.1599287999997614>
607.8511 	EXP 	line1: autoDraw = True
607.8511 	EXP 	line_2: autoDraw = True
607.8511 	EXP 	line_3: autoDraw = True
607.8511 	EXP 	line4: autoDraw = True
607.8679 	EXP 	fixation: autoDraw = False
608.8515 	INFO 	Keyboard events cleared
608.8513 	EXP 	probe: autoDraw = True
609.6018 	EXP 	Device response: <KeyPress from None: t=609.5869217999998, value=x, duration=None>
609.6023 	EXP 	New trial (rep=7, index=2): <Trial 30 (2 in rep 7) data={'pos': np.int64(150), 'corr_resp': 'v', 'thisN': 30, 'thisTrialN': 2, 'thisRepN': 7}>
609.6037 	DATA 	Keypress: x
609.6182 	EXP 	fixation: autoDraw = False
609.6182 	EXP 	line1: autoDraw = False
609.6182 	EXP 	line_2: autoDraw = False
609.6182 	EXP 	line_3: autoDraw = False
609.6182 	EXP 	line4: autoDraw = False
609.6182 	EXP 	probe: autoDraw = False
609.6182 	EXP 	fixation: autoDraw = True
609.7519 	EXP 	Device response: <KeyPress from None: t=609.5869217999998, value=x, duration=0.16032559999985097>
610.6012 	EXP 	line1: autoDraw = True
610.6012 	EXP 	line_2: autoDraw = True
610.6012 	EXP 	line_3: autoDraw = True
610.6012 	EXP 	line4: autoDraw = True
610.6180 	EXP 	fixation: autoDraw = False
611.6013 	INFO 	Keyboard events cleared
611.6012 	EXP 	probe: autoDraw = True
612.5028 	EXP 	Device response: <KeyPress from None: t=612.4969971, value=v, duration=None>
612.5033 	EXP 	New trial (rep=7, index=3): <Trial 31 (3 in rep 7) data={'pos': np.int64(-150), 'corr_resp': 'z', 'thisN': 31, 'thisTrialN': 3, 'thisRepN': 7}>
612.5046 	DATA 	Keypress: v
612.5176 	EXP 	fixation: autoDraw = False
612.5176 	EXP 	line1: autoDraw = False
612.5176 	EXP 	line_2: autoDraw = False
612.5176 	EXP 	line_3: autoDraw = False
612.5176 	EXP 	line4: autoDraw = False
612.5176 	EXP 	probe: autoDraw = False
612.5176 	EXP 	fixation: autoDraw = True
612.6518 	EXP 	Device response: <KeyPress from None: t=612.4969971, value=v, duration=0.14828039999974862>
613.5178 	EXP 	fixation: autoDraw = False
613.5178 	EXP 	line1: autoDraw = True
613.5178 	EXP 	line_2: autoDraw = True
613.5178 	EXP 	line_3: autoDraw = True
613.5178 	EXP 	line4: autoDraw = True
614.5181 	INFO 	Keyboard events cleared
614.5179 	EXP 	probe: autoDraw = True
615.0850 	EXP 	Device response: <KeyPress from None: t=615.0818142999997, value=z, duration=None>
615.0854 	EXP 	New trial (rep=8, index=0): <Trial 32 (0 in rep 8) data={'pos': np.int64(50), 'corr_resp': 'c', 'thisN': 32, 'thisTrialN': 0, 'thisRepN': 8}>
615.0868 	DATA 	Keypress: z
615.1013 	EXP 	fixation: autoDraw = False
615.1013 	EXP 	line1: autoDraw = False
615.1013 	EXP 	line_2: autoDraw = False
615.1013 	EXP 	line_3: autoDraw = False
615.1013 	EXP 	line4: autoDraw = False
615.1013 	EXP 	probe: autoDraw = False
615.1013 	EXP 	fixation: autoDraw = True
615.2349 	EXP 	Device response: <KeyPress from None: t=615.0818142999997, value=z, duration=0.14981450000050245>
616.0842 	EXP 	line1: autoDraw = True
616.0842 	EXP 	line_2: autoDraw = True
616.0842 	EXP 	line_3: autoDraw = True
616.0842 	EXP 	line4: autoDraw = True
616.1008 	EXP 	fixation: autoDraw = False
617.0848 	INFO 	Keyboard events cleared
617.0846 	EXP 	probe: autoDraw = True
617.4179 	EXP 	Device response: <KeyPress from None: t=617.4142337000003, value=c, duration=None>
617.4183 	EXP 	New trial (rep=8, index=1): <Trial 33 (1 in rep 8) data={'pos': np.int64(150), 'corr_resp': 'v', 'thisN': 33, 'thisTrialN': 1, 'thisRepN': 8}>
617.4195 	DATA 	Keypress: c
617.4346 	EXP 	fixation: autoDraw = False
617.4346 	EXP 	line1: autoDraw = False
617.4346 	EXP 	line_2: autoDraw = False
617.4346 	EXP 	line_3: autoDraw = False
617.4346 	EXP 	line4: autoDraw = False
617.4346 	EXP 	probe: autoDraw = False
617.4346 	EXP 	fixation: autoDraw = True
617.5519 	EXP 	Device response: <KeyPress from None: t=617.4142337000003, value=c, duration=0.1312196999997468>
618.4174 	EXP 	line1: autoDraw = True
618.4174 	EXP 	line_2: autoDraw = True
618.4174 	EXP 	line_3: autoDraw = True
618.4174 	EXP 	line4: autoDraw = True
618.4350 	EXP 	fixation: autoDraw = False
619.4181 	INFO 	Keyboard events cleared
619.4179 	EXP 	probe: autoDraw = True
619.9866 	DATA 	Keypress: v
620.0009 	EXP 	Device response: <KeyPress from None: t=619.9849821999996, value=v, duration=None>
620.0014 	EXP 	New trial (rep=8, index=2): <Trial 34 (2 in rep 8) data={'pos': np.int64(-50), 'corr_resp': 'x', 'thisN': 34, 'thisTrialN': 2, 'thisRepN': 8}>
620.0178 	EXP 	fixation: autoDraw = False
620.0178 	EXP 	line1: autoDraw = False
620.0178 	EXP 	line_2: autoDraw = False
620.0178 	EXP 	line_3: autoDraw = False
620.0178 	EXP 	line4: autoDraw = False
620.0178 	EXP 	probe: autoDraw = False
620.0178 	EXP 	fixation: autoDraw = True
620.1353 	EXP 	Device response: <KeyPress from None: t=619.9849821999996, value=v, duration=0.14768540000022767>
621.0012 	EXP 	line1: autoDraw = True
621.0012 	EXP 	line_2: autoDraw = True
621.0012 	EXP 	line_3: autoDraw = True
621.0012 	EXP 	line4: autoDraw = True
621.0178 	EXP 	fixation: autoDraw = False
622.0018 	INFO 	Keyboard events cleared
622.0016 	EXP 	probe: autoDraw = True
622.3848 	EXP 	Device response: <KeyPress from None: t=622.3733494999997, value=x, duration=None>
622.3852 	EXP 	New trial (rep=8, index=3): <Trial 35 (3 in rep 8) data={'pos': np.int64(-150), 'corr_resp': 'z', 'thisN': 35, 'thisTrialN': 3, 'thisRepN': 8}>
622.3864 	DATA 	Keypress: x
622.4013 	EXP 	fixation: autoDraw = False
622.4013 	EXP 	line1: autoDraw = False
622.4013 	EXP 	line_2: autoDraw = False
622.4013 	EXP 	line_3: autoDraw = False
622.4013 	EXP 	line4: autoDraw = False
622.4013 	EXP 	probe: autoDraw = False
622.4013 	EXP 	fixation: autoDraw = True
622.5187 	EXP 	Device response: <KeyPress from None: t=622.3733494999997, value=x, duration=0.13900240000020858>
623.3845 	EXP 	line1: autoDraw = True
623.3845 	EXP 	line_2: autoDraw = True
623.3845 	EXP 	line_3: autoDraw = True
623.3845 	EXP 	line4: autoDraw = True
623.4017 	EXP 	fixation: autoDraw = False
624.3850 	INFO 	Keyboard events cleared
624.3849 	EXP 	probe: autoDraw = True
624.9187 	EXP 	Device response: <KeyPress from None: t=624.9079296999998, value=z, duration=None>
624.9191 	EXP 	New trial (rep=9, index=0): <Trial 36 (0 in rep 9) data={'pos': np.int64(-150), 'corr_resp': 'z', 'thisN': 36, 'thisTrialN': 0, 'thisRepN': 9}>
624.9204 	DATA 	Keypress: z
624.9343 	EXP 	fixation: autoDraw = False
624.9343 	EXP 	line1: autoDraw = False
624.9343 	EXP 	line_2: autoDraw = False
624.9343 	EXP 	line_3: autoDraw = False
624.9343 	EXP 	line4: autoDraw = False
624.9343 	EXP 	probe: autoDraw = False
624.9343 	EXP 	fixation: autoDraw = True
625.0519 	EXP 	Device response: <KeyPress from None: t=624.9079296999998, value=z, duration=0.14115420000052836>
625.9179 	EXP 	line1: autoDraw = True
625.9179 	EXP 	line_2: autoDraw = True
625.9179 	EXP 	line_3: autoDraw = True
625.9179 	EXP 	line4: autoDraw = True
625.9349 	EXP 	fixation: autoDraw = False
626.9350 	INFO 	Keyboard events cleared
626.9348 	EXP 	probe: autoDraw = True
627.6688 	EXP 	Device response: <KeyPress from None: t=627.6624670000001, value=z, duration=None>
627.6693 	EXP 	New trial (rep=9, index=1): <Trial 37 (1 in rep 9) data={'pos': np.int64(150), 'corr_resp': 'v', 'thisN': 37, 'thisTrialN': 1, 'thisRepN': 9}>
627.6708 	DATA 	Keypress: z
627.6846 	EXP 	fixation: autoDraw = False
627.6846 	EXP 	line1: autoDraw = False
627.6846 	EXP 	line_2: autoDraw = False
627.6846 	EXP 	line_3: autoDraw = False
627.6846 	EXP 	line4: autoDraw = False
627.6846 	EXP 	probe: autoDraw = False
627.6846 	EXP 	fixation: autoDraw = True
627.8021 	EXP 	Device response: <KeyPress from None: t=627.6624670000001, value=z, duration=0.13706459999957588>
628.6848 	EXP 	fixation: autoDraw = False
628.6848 	EXP 	line1: autoDraw = True
628.6848 	EXP 	line_2: autoDraw = True
628.6848 	EXP 	line_3: autoDraw = True
628.6848 	EXP 	line4: autoDraw = True
629.6685 	INFO 	Keyboard events cleared
629.6684 	EXP 	probe: autoDraw = True
630.4028 	EXP 	Device response: <KeyPress from None: t=630.3885012000001, value=v, duration=None>
630.4033 	EXP 	New trial (rep=9, index=2): <Trial 38 (2 in rep 9) data={'pos': np.int64(50), 'corr_resp': 'c', 'thisN': 38, 'thisTrialN': 2, 'thisRepN': 9}>
630.4045 	DATA 	Keypress: v
630.4179 	EXP 	fixation: autoDraw = False
630.4179 	EXP 	line1: autoDraw = False
630.4179 	EXP 	line_2: autoDraw = False
630.4179 	EXP 	line_3: autoDraw = False
630.4179 	EXP 	line4: autoDraw = False
630.4179 	EXP 	probe: autoDraw = False
630.4179 	EXP 	fixation: autoDraw = True
630.5855 	EXP 	Device response: <KeyPress from None: t=630.3885012000001, value=v, duration=0.18267639999976382>
631.4181 	EXP 	fixation: autoDraw = False
631.4181 	EXP 	line1: autoDraw = True
631.4181 	EXP 	line_2: autoDraw = True
631.4181 	EXP 	line_3: autoDraw = True
631.4181 	EXP 	line4: autoDraw = True
632.4183 	INFO 	Keyboard events cleared
632.4181 	EXP 	probe: autoDraw = True
632.8207 	DATA 	Keypress: c
632.8348 	EXP 	Device response: <KeyPress from None: t=632.8188978999997, value=c, duration=None>
632.8353 	EXP 	New trial (rep=9, index=3): <Trial 39 (3 in rep 9) data={'pos': np.int64(-50), 'corr_resp': 'x', 'thisN': 39, 'thisTrialN': 3, 'thisRepN': 9}>
632.8505 	EXP 	fixation: autoDraw = False
632.8505 	EXP 	line1: autoDraw = False
632.8505 	EXP 	line_2: autoDraw = False
632.8505 	EXP 	line_3: autoDraw = False
632.8505 	EXP 	line4: autoDraw = False
632.8505 	EXP 	probe: autoDraw = False
632.8505 	EXP 	fixation: autoDraw = True
633.0352 	EXP 	Device response: <KeyPress from None: t=632.8188978999997, value=c, duration=0.20996720000039204>
633.8348 	EXP 	line1: autoDraw = True
633.8348 	EXP 	line_2: autoDraw = True
633.8348 	EXP 	line_3: autoDraw = True
633.8348 	EXP 	line4: autoDraw = True
633.8514 	EXP 	fixation: autoDraw = False
634.8348 	INFO 	Keyboard events cleared
634.8346 	EXP 	probe: autoDraw = True
635.3017 	EXP 	Device response: <KeyPress from None: t=635.2952855000003, value=x, duration=None>
635.3020 	EXP 	New trial (rep=10, index=0): <Trial 40 (0 in rep 10) data={'pos': np.int64(150), 'corr_resp': 'v', 'thisN': 40, 'thisTrialN': 0, 'thisRepN': 10}>
635.3033 	DATA 	Keypress: x
635.3182 	EXP 	fixation: autoDraw = False
635.3182 	EXP 	line1: autoDraw = False
635.3182 	EXP 	line_2: autoDraw = False
635.3182 	EXP 	line_3: autoDraw = False
635.3182 	EXP 	line4: autoDraw = False
635.3182 	EXP 	probe: autoDraw = False
635.3182 	EXP 	fixation: autoDraw = True
635.4522 	EXP 	Device response: <KeyPress from None: t=635.2952855000003, value=x, duration=0.15626999999949476>
636.3014 	EXP 	line1: autoDraw = True
636.3014 	EXP 	line_2: autoDraw = True
636.3014 	EXP 	line_3: autoDraw = True
636.3014 	EXP 	line4: autoDraw = True
636.3180 	EXP 	fixation: autoDraw = False
637.3015 	INFO 	Keyboard events cleared
637.3013 	EXP 	probe: autoDraw = True
638.1516 	EXP 	Device response: <KeyPress from None: t=638.1445273999998, value=v, duration=None>
638.1523 	EXP 	New trial (rep=10, index=1): <Trial 41 (1 in rep 10) data={'pos': np.int64(-50), 'corr_resp': 'x', 'thisN': 41, 'thisTrialN': 1, 'thisRepN': 10}>
638.1538 	DATA 	Keypress: v
638.1677 	EXP 	fixation: autoDraw = False
638.1677 	EXP 	line1: autoDraw = False
638.1677 	EXP 	line_2: autoDraw = False
638.1677 	EXP 	line_3: autoDraw = False
638.1677 	EXP 	line4: autoDraw = False
638.1677 	EXP 	probe: autoDraw = False
638.1677 	EXP 	fixation: autoDraw = True
638.3686 	EXP 	Device response: <KeyPress from None: t=638.1445273999998, value=v, duration=0.21439819999977772>
639.1511 	EXP 	line1: autoDraw = True
639.1511 	EXP 	line_2: autoDraw = True
639.1511 	EXP 	line_3: autoDraw = True
639.1511 	EXP 	line4: autoDraw = True
639.1678 	EXP 	fixation: autoDraw = False
640.1518 	INFO 	Keyboard events cleared
640.1516 	EXP 	probe: autoDraw = True
640.6524 	EXP 	Device response: <KeyPress from None: t=640.6383079999996, value=x, duration=None>
640.6527 	EXP 	New trial (rep=10, index=2): <Trial 42 (2 in rep 10) data={'pos': np.int64(50), 'corr_resp': 'c', 'thisN': 42, 'thisTrialN': 2, 'thisRepN': 10}>
640.6541 	DATA 	Keypress: x
640.6677 	EXP 	fixation: autoDraw = False
640.6677 	EXP 	line1: autoDraw = False
640.6677 	EXP 	line_2: autoDraw = False
640.6677 	EXP 	line_3: autoDraw = False
640.6677 	EXP 	line4: autoDraw = False
640.6677 	EXP 	probe: autoDraw = False
640.6677 	EXP 	fixation: autoDraw = True
640.8188 	EXP 	Device response: <KeyPress from None: t=640.6383079999996, value=x, duration=0.17937870000059775>
641.6681 	EXP 	fixation: autoDraw = False
641.6681 	EXP 	line1: autoDraw = True
641.6681 	EXP 	line_2: autoDraw = True
641.6681 	EXP 	line_3: autoDraw = True
641.6681 	EXP 	line4: autoDraw = True
642.6681 	INFO 	Keyboard events cleared
642.6680 	EXP 	probe: autoDraw = True
643.2852 	EXP 	Device response: <KeyPress from None: t=643.2742737999997, value=c, duration=None>
643.2856 	EXP 	New trial (rep=10, index=3): <Trial 43 (3 in rep 10) data={'pos': np.int64(-150), 'corr_resp': 'z', 'thisN': 43, 'thisTrialN': 3, 'thisRepN': 10}>
643.2868 	DATA 	Keypress: c
643.3015 	EXP 	fixation: autoDraw = False
643.3015 	EXP 	line1: autoDraw = False
643.3015 	EXP 	line_2: autoDraw = False
643.3015 	EXP 	line_3: autoDraw = False
643.3015 	EXP 	line4: autoDraw = False
643.3015 	EXP 	probe: autoDraw = False
643.3015 	EXP 	fixation: autoDraw = True
643.4355 	EXP 	Device response: <KeyPress from None: t=643.2742737999997, value=c, duration=0.1453732999998465>
644.2847 	EXP 	line1: autoDraw = True
644.2847 	EXP 	line_2: autoDraw = True
644.2847 	EXP 	line_3: autoDraw = True
644.2847 	EXP 	line4: autoDraw = True
644.3017 	EXP 	fixation: autoDraw = False
645.2846 	INFO 	Keyboard events cleared
645.2845 	EXP 	probe: autoDraw = True
646.0021 	EXP 	Device response: <KeyPress from None: t=645.9955296999997, value=z, duration=None>
646.0024 	EXP 	New trial (rep=11, index=0): <Trial 44 (0 in rep 11) data={'pos': np.int64(-50), 'corr_resp': 'x', 'thisN': 44, 'thisTrialN': 0, 'thisRepN': 11}>
646.0038 	DATA 	Keypress: z
646.0180 	EXP 	fixation: autoDraw = False
646.0180 	EXP 	line1: autoDraw = False
646.0180 	EXP 	line_2: autoDraw = False
646.0180 	EXP 	line_3: autoDraw = False
646.0180 	EXP 	line4: autoDraw = False
646.0180 	EXP 	probe: autoDraw = False
646.0180 	EXP 	fixation: autoDraw = True
646.1351 	EXP 	Device response: <KeyPress from None: t=645.9955296999997, value=z, duration=0.1277927000001>
647.0181 	EXP 	fixation: autoDraw = False
647.0181 	EXP 	line1: autoDraw = True
647.0181 	EXP 	line_2: autoDraw = True
647.0181 	EXP 	line_3: autoDraw = True
647.0181 	EXP 	line4: autoDraw = True
648.0013 	INFO 	Keyboard events cleared
648.0012 	EXP 	probe: autoDraw = True
648.8374 	DATA 	Keypress: x
648.8520 	EXP 	Device response: <KeyPress from None: t=648.8359105, value=x, duration=None>
648.8525 	EXP 	New trial (rep=11, index=1): <Trial 45 (1 in rep 11) data={'pos': np.int64(50), 'corr_resp': 'c', 'thisN': 45, 'thisTrialN': 1, 'thisRepN': 11}>
648.8681 	EXP 	fixation: autoDraw = False
648.8681 	EXP 	line1: autoDraw = False
648.8681 	EXP 	line_2: autoDraw = False
648.8681 	EXP 	line_3: autoDraw = False
648.8681 	EXP 	line4: autoDraw = False
648.8681 	EXP 	probe: autoDraw = False
648.8681 	EXP 	fixation: autoDraw = True
649.0185 	EXP 	Device response: <KeyPress from None: t=648.8359105, value=x, duration=0.17414519999965705>
649.8513 	EXP 	line1: autoDraw = True
649.8513 	EXP 	line_2: autoDraw = True
649.8513 	EXP 	line_3: autoDraw = True
649.8513 	EXP 	line4: autoDraw = True
649.8679 	EXP 	fixation: autoDraw = False
650.8518 	INFO 	Keyboard events cleared
650.8516 	EXP 	probe: autoDraw = True
651.2703 	DATA 	Keypress: c
651.2851 	EXP 	Device response: <KeyPress from None: t=651.2691224, value=c, duration=None>
651.2855 	EXP 	New trial (rep=11, index=2): <Trial 46 (2 in rep 11) data={'pos': np.int64(-150), 'corr_resp': 'z', 'thisN': 46, 'thisTrialN': 2, 'thisRepN': 11}>
651.3014 	EXP 	fixation: autoDraw = False
651.3014 	EXP 	line1: autoDraw = False
651.3014 	EXP 	line_2: autoDraw = False
651.3014 	EXP 	line_3: autoDraw = False
651.3014 	EXP 	line4: autoDraw = False
651.3014 	EXP 	probe: autoDraw = False
651.3014 	EXP 	fixation: autoDraw = True
651.4352 	EXP 	Device response: <KeyPress from None: t=651.2691224, value=c, duration=0.15348439999979746>
652.2847 	EXP 	line1: autoDraw = True
652.2847 	EXP 	line_2: autoDraw = True
652.2847 	EXP 	line_3: autoDraw = True
652.2847 	EXP 	line4: autoDraw = True
652.3015 	EXP 	fixation: autoDraw = False
653.2846 	INFO 	Keyboard events cleared
653.2844 	EXP 	probe: autoDraw = True
654.1186 	EXP 	Device response: <KeyPress from None: t=654.1038288999998, value=z, duration=None>
654.1190 	EXP 	New trial (rep=11, index=3): <Trial 47 (3 in rep 11) data={'pos': np.int64(150), 'corr_resp': 'v', 'thisN': 47, 'thisTrialN': 3, 'thisRepN': 11}>
654.1202 	DATA 	Keypress: z
654.1348 	EXP 	fixation: autoDraw = False
654.1348 	EXP 	line1: autoDraw = False
654.1348 	EXP 	line_2: autoDraw = False
654.1348 	EXP 	line_3: autoDraw = False
654.1348 	EXP 	line4: autoDraw = False
654.1348 	EXP 	probe: autoDraw = False
654.1348 	EXP 	fixation: autoDraw = True
654.2853 	EXP 	Device response: <KeyPress from None: t=654.1038288999998, value=z, duration=0.1652436000003945>
655.1179 	EXP 	line1: autoDraw = True
655.1179 	EXP 	line_2: autoDraw = True
655.1179 	EXP 	line_3: autoDraw = True
655.1179 	EXP 	line4: autoDraw = True
655.1349 	EXP 	fixation: autoDraw = False
656.1183 	INFO 	Keyboard events cleared
656.1181 	EXP 	probe: autoDraw = True
656.8872 	DATA 	Keypress: v
656.9020 	EXP 	Device response: <KeyPress from None: t=656.8852735, value=v, duration=None>
656.9025 	EXP 	New trial (rep=12, index=0): <Trial 48 (0 in rep 12) data={'pos': np.int64(50), 'corr_resp': 'c', 'thisN': 48, 'thisTrialN': 0, 'thisRepN': 12}>
656.9189 	EXP 	fixation: autoDraw = False
656.9189 	EXP 	line1: autoDraw = False
656.9189 	EXP 	line_2: autoDraw = False
656.9189 	EXP 	line_3: autoDraw = False
656.9189 	EXP 	line4: autoDraw = False
656.9189 	EXP 	probe: autoDraw = False
656.9189 	EXP 	fixation: autoDraw = True
657.0353 	EXP 	Device response: <KeyPress from None: t=656.8852735, value=v, duration=0.13386639999953331>
657.9013 	EXP 	line1: autoDraw = True
657.9013 	EXP 	line_2: autoDraw = True
657.9013 	EXP 	line_3: autoDraw = True
657.9013 	EXP 	line4: autoDraw = True
657.9178 	EXP 	fixation: autoDraw = False
658.9016 	INFO 	Keyboard events cleared
658.9014 	EXP 	probe: autoDraw = True
659.4352 	EXP 	Device response: <KeyPress from None: t=659.4260630999997, value=c, duration=None>
659.4356 	EXP 	New trial (rep=12, index=1): <Trial 49 (1 in rep 12) data={'pos': np.int64(-150), 'corr_resp': 'z', 'thisN': 49, 'thisTrialN': 1, 'thisRepN': 12}>
659.4370 	DATA 	Keypress: c
659.4515 	EXP 	fixation: autoDraw = False
659.4515 	EXP 	line1: autoDraw = False
659.4515 	EXP 	line_2: autoDraw = False
659.4515 	EXP 	line_3: autoDraw = False
659.4515 	EXP 	line4: autoDraw = False
659.4515 	EXP 	probe: autoDraw = False
659.4515 	EXP 	fixation: autoDraw = True
659.6020 	EXP 	Device response: <KeyPress from None: t=659.4260630999997, value=c, duration=0.16037640000013198>
660.4351 	EXP 	line1: autoDraw = True
660.4351 	EXP 	line_2: autoDraw = True
660.4351 	EXP 	line_3: autoDraw = True
660.4351 	EXP 	line4: autoDraw = True
660.4514 	EXP 	fixation: autoDraw = False
661.4516 	INFO 	Keyboard events cleared
661.4514 	EXP 	probe: autoDraw = True
661.8703 	DATA 	Keypress: z
661.8846 	EXP 	Device response: <KeyPress from None: t=661.8698107, value=z, duration=None>
661.8850 	EXP 	New trial (rep=12, index=2): <Trial 50 (2 in rep 12) data={'pos': np.int64(-50), 'corr_resp': 'x', 'thisN': 50, 'thisTrialN': 2, 'thisRepN': 12}>
661.9015 	EXP 	fixation: autoDraw = False
661.9015 	EXP 	line1: autoDraw = False
661.9015 	EXP 	line_2: autoDraw = False
661.9015 	EXP 	line_3: autoDraw = False
661.9015 	EXP 	line4: autoDraw = False
661.9015 	EXP 	probe: autoDraw = False
661.9015 	EXP 	fixation: autoDraw = True
662.0689 	EXP 	Device response: <KeyPress from None: t=661.8698107, value=z, duration=0.18200309999974706>
662.8849 	EXP 	line1: autoDraw = True
662.8849 	EXP 	line_2: autoDraw = True
662.8849 	EXP 	line_3: autoDraw = True
662.8849 	EXP 	line4: autoDraw = True
662.9015 	EXP 	fixation: autoDraw = False
663.8849 	INFO 	Keyboard events cleared
663.8848 	EXP 	probe: autoDraw = True
664.2020 	EXP 	Device response: <KeyPress from None: t=664.1906652999996, value=x, duration=None>
664.2024 	EXP 	New trial (rep=12, index=3): <Trial 51 (3 in rep 12) data={'pos': np.int64(150), 'corr_resp': 'v', 'thisN': 51, 'thisTrialN': 3, 'thisRepN': 12}>
664.2037 	DATA 	Keypress: x
664.2184 	EXP 	fixation: autoDraw = False
664.2184 	EXP 	line1: autoDraw = False
664.2184 	EXP 	line_2: autoDraw = False
664.2184 	EXP 	line_3: autoDraw = False
664.2184 	EXP 	line4: autoDraw = False
664.2184 	EXP 	probe: autoDraw = False
664.2184 	EXP 	fixation: autoDraw = True
664.3854 	EXP 	Device response: <KeyPress from None: t=664.1906652999996, value=x, duration=0.17910790000041743>
665.2015 	EXP 	line1: autoDraw = True
665.2015 	EXP 	line_2: autoDraw = True
665.2015 	EXP 	line_3: autoDraw = True
665.2015 	EXP 	line4: autoDraw = True
665.2184 	EXP 	fixation: autoDraw = False
666.2016 	INFO 	Keyboard events cleared
666.2015 	EXP 	probe: autoDraw = True
667.0520 	EXP 	Device response: <KeyPress from None: t=667.0369367000003, value=v, duration=None>
667.0523 	EXP 	New trial (rep=13, index=0): <Trial 52 (0 in rep 13) data={'pos': np.int64(50), 'corr_resp': 'c', 'thisN': 52, 'thisTrialN': 0, 'thisRepN': 13}>
667.0538 	DATA 	Keypress: v
667.0682 	EXP 	fixation: autoDraw = False
667.0682 	EXP 	line1: autoDraw = False
667.0682 	EXP 	line_2: autoDraw = False
667.0682 	EXP 	line_3: autoDraw = False
667.0682 	EXP 	line4: autoDraw = False
667.0682 	EXP 	probe: autoDraw = False
667.0682 	EXP 	fixation: autoDraw = True
667.2185 	EXP 	Device response: <KeyPress from None: t=667.0369367000003, value=v, duration=0.1784299999999348>
668.0517 	EXP 	line1: autoDraw = True
668.0517 	EXP 	line_2: autoDraw = True
668.0517 	EXP 	line_3: autoDraw = True
668.0517 	EXP 	line4: autoDraw = True
668.0679 	EXP 	fixation: autoDraw = False
669.0517 	INFO 	Keyboard events cleared
669.0515 	EXP 	probe: autoDraw = True
669.3189 	EXP 	Device response: <KeyPress from None: t=669.3043822, value=c, duration=None>
669.3193 	EXP 	New trial (rep=13, index=1): <Trial 53 (1 in rep 13) data={'pos': np.int64(-50), 'corr_resp': 'x', 'thisN': 53, 'thisTrialN': 1, 'thisRepN': 13}>
669.3207 	DATA 	Keypress: c
669.3348 	EXP 	fixation: autoDraw = False
669.3348 	EXP 	line1: autoDraw = False
669.3348 	EXP 	line_2: autoDraw = False
669.3348 	EXP 	line_3: autoDraw = False
669.3348 	EXP 	line4: autoDraw = False
669.3348 	EXP 	probe: autoDraw = False
669.3348 	EXP 	fixation: autoDraw = True
669.5853 	EXP 	Device response: <KeyPress from None: t=669.3043822, value=c, duration=0.27898519999962446>
670.3184 	EXP 	line1: autoDraw = True
670.3184 	EXP 	line_2: autoDraw = True
670.3184 	EXP 	line_3: autoDraw = True
670.3184 	EXP 	line4: autoDraw = True
670.3348 	EXP 	fixation: autoDraw = False
671.3350 	INFO 	Keyboard events cleared
671.3349 	EXP 	probe: autoDraw = True
671.9352 	EXP 	Device response: <KeyPress from None: t=671.9323130000002, value=x, duration=None>
671.9356 	EXP 	New trial (rep=13, index=2): <Trial 54 (2 in rep 13) data={'pos': np.int64(-150), 'corr_resp': 'z', 'thisN': 54, 'thisTrialN': 2, 'thisRepN': 13}>
671.9368 	DATA 	Keypress: x
671.9516 	EXP 	fixation: autoDraw = False
671.9516 	EXP 	line1: autoDraw = False
671.9516 	EXP 	line_2: autoDraw = False
671.9516 	EXP 	line_3: autoDraw = False
671.9516 	EXP 	line4: autoDraw = False
671.9516 	EXP 	probe: autoDraw = False
671.9516 	EXP 	fixation: autoDraw = True
672.1354 	EXP 	Device response: <KeyPress from None: t=671.9323130000002, value=x, duration=0.18931069999962347>
672.9349 	EXP 	line1: autoDraw = True
672.9349 	EXP 	line_2: autoDraw = True
672.9349 	EXP 	line_3: autoDraw = True
672.9349 	EXP 	line4: autoDraw = True
672.9515 	EXP 	fixation: autoDraw = False
673.9350 	INFO 	Keyboard events cleared
673.9349 	EXP 	probe: autoDraw = True
674.3355 	EXP 	Device response: <KeyPress from None: t=674.3322638, value=z, duration=None>
674.3358 	EXP 	New trial (rep=13, index=3): <Trial 55 (3 in rep 13) data={'pos': np.int64(150), 'corr_resp': 'v', 'thisN': 55, 'thisTrialN': 3, 'thisRepN': 13}>
674.3370 	DATA 	Keypress: z
674.3514 	EXP 	fixation: autoDraw = False
674.3514 	EXP 	line1: autoDraw = False
674.3514 	EXP 	line_2: autoDraw = False
674.3514 	EXP 	line_3: autoDraw = False
674.3514 	EXP 	line4: autoDraw = False
674.3514 	EXP 	probe: autoDraw = False
674.3514 	EXP 	fixation: autoDraw = True
674.5022 	EXP 	Device response: <KeyPress from None: t=674.3322638, value=z, duration=0.16119109999999637>
675.3351 	EXP 	line1: autoDraw = True
675.3351 	EXP 	line_2: autoDraw = True
675.3351 	EXP 	line_3: autoDraw = True
675.3351 	EXP 	line4: autoDraw = True
675.3515 	EXP 	fixation: autoDraw = False
676.3352 	INFO 	Keyboard events cleared
676.3351 	EXP 	probe: autoDraw = True
677.0852 	EXP 	Device response: <KeyPress from None: t=677.0819972999998, value=v, duration=None>
677.0855 	EXP 	New trial (rep=14, index=0): <Trial 56 (0 in rep 14) data={'pos': np.int64(-150), 'corr_resp': 'z', 'thisN': 56, 'thisTrialN': 0, 'thisRepN': 14}>
677.0869 	DATA 	Keypress: v
677.1016 	EXP 	fixation: autoDraw = False
677.1016 	EXP 	line1: autoDraw = False
677.1016 	EXP 	line_2: autoDraw = False
677.1016 	EXP 	line_3: autoDraw = False
677.1016 	EXP 	line4: autoDraw = False
677.1016 	EXP 	probe: autoDraw = False
677.1016 	EXP 	fixation: autoDraw = True
677.2526 	EXP 	Device response: <KeyPress from None: t=677.0819972999998, value=v, duration=0.15495840000039607>
678.0849 	EXP 	line1: autoDraw = True
678.0849 	EXP 	line_2: autoDraw = True
678.0849 	EXP 	line_3: autoDraw = True
678.0849 	EXP 	line4: autoDraw = True
678.1015 	EXP 	fixation: autoDraw = False
679.0850 	INFO 	Keyboard events cleared
679.0848 	EXP 	probe: autoDraw = True
679.7040 	DATA 	Keypress: z
679.7188 	EXP 	Device response: <KeyPress from None: t=679.7034021999998, value=z, duration=None>
679.7192 	EXP 	New trial (rep=14, index=1): <Trial 57 (1 in rep 14) data={'pos': np.int64(50), 'corr_resp': 'c', 'thisN': 57, 'thisTrialN': 1, 'thisRepN': 14}>
679.7351 	EXP 	fixation: autoDraw = False
679.7351 	EXP 	line1: autoDraw = False
679.7351 	EXP 	line_2: autoDraw = False
679.7351 	EXP 	line_3: autoDraw = False
679.7351 	EXP 	line4: autoDraw = False
679.7351 	EXP 	probe: autoDraw = False
679.7351 	EXP 	fixation: autoDraw = True
679.8692 	EXP 	Device response: <KeyPress from None: t=679.7034021999998, value=z, duration=0.16124500000023545>
680.7183 	EXP 	line1: autoDraw = True
680.7183 	EXP 	line_2: autoDraw = True
680.7183 	EXP 	line_3: autoDraw = True
680.7183 	EXP 	line4: autoDraw = True
680.7348 	EXP 	fixation: autoDraw = False
681.7187 	INFO 	Keyboard events cleared
681.7186 	EXP 	probe: autoDraw = True
682.4521 	EXP 	Device response: <KeyPress from None: t=682.4395334000001, value=c, duration=None>
682.4525 	EXP 	New trial (rep=14, index=2): <Trial 58 (2 in rep 14) data={'pos': np.int64(-50), 'corr_resp': 'x', 'thisN': 58, 'thisTrialN': 2, 'thisRepN': 14}>
682.4539 	DATA 	Keypress: c
682.4683 	EXP 	fixation: autoDraw = False
682.4683 	EXP 	line1: autoDraw = False
682.4683 	EXP 	line_2: autoDraw = False
682.4683 	EXP 	line_3: autoDraw = False
682.4683 	EXP 	line4: autoDraw = False
682.4683 	EXP 	probe: autoDraw = False
682.4683 	EXP 	fixation: autoDraw = True
682.6191 	EXP 	Device response: <KeyPress from None: t=682.4395334000001, value=c, duration=0.1630091999995784>
683.4517 	EXP 	line1: autoDraw = True
683.4517 	EXP 	line_2: autoDraw = True
683.4517 	EXP 	line_3: autoDraw = True
683.4517 	EXP 	line4: autoDraw = True
683.4683 	EXP 	fixation: autoDraw = False
684.4519 	INFO 	Keyboard events cleared
684.4518 	EXP 	probe: autoDraw = True
685.0023 	EXP 	Device response: <KeyPress from None: t=684.9937078000003, value=x, duration=None>
685.0027 	EXP 	New trial (rep=14, index=3): <Trial 59 (3 in rep 14) data={'pos': np.int64(150), 'corr_resp': 'v', 'thisN': 59, 'thisTrialN': 3, 'thisRepN': 14}>
685.0041 	DATA 	Keypress: x
685.0180 	EXP 	fixation: autoDraw = False
685.0180 	EXP 	line1: autoDraw = False
685.0180 	EXP 	line_2: autoDraw = False
685.0180 	EXP 	line_3: autoDraw = False
685.0180 	EXP 	line4: autoDraw = False
685.0180 	EXP 	probe: autoDraw = False
685.0180 	EXP 	fixation: autoDraw = True
685.1522 	EXP 	Device response: <KeyPress from None: t=684.9937078000003, value=x, duration=0.15798929999982647>
686.0182 	EXP 	fixation: autoDraw = False
686.0182 	EXP 	line1: autoDraw = True
686.0182 	EXP 	line_2: autoDraw = True
686.0182 	EXP 	line_3: autoDraw = True
686.0182 	EXP 	line4: autoDraw = True
687.0020 	INFO 	Keyboard events cleared
687.0018 	EXP 	probe: autoDraw = True
687.8522 	EXP 	Device response: <KeyPress from None: t=687.8435442999998, value=v, duration=None>
687.8526 	EXP 	New trial (rep=15, index=0): <Trial 60 (0 in rep 15) data={'pos': np.int64(-150), 'corr_resp': 'z', 'thisN': 60, 'thisTrialN': 0, 'thisRepN': 15}>
687.8539 	DATA 	Keypress: v
687.8685 	EXP 	fixation: autoDraw = False
687.8685 	EXP 	line1: autoDraw = False
687.8685 	EXP 	line_2: autoDraw = False
687.8685 	EXP 	line_3: autoDraw = False
687.8685 	EXP 	line4: autoDraw = False
687.8685 	EXP 	probe: autoDraw = False
687.8685 	EXP 	fixation: autoDraw = True
688.0186 	EXP 	Device response: <KeyPress from None: t=687.8435442999998, value=v, duration=0.16229960000055144>
688.8517 	EXP 	line1: autoDraw = True
688.8517 	EXP 	line_2: autoDraw = True
688.8517 	EXP 	line_3: autoDraw = True
688.8517 	EXP 	line4: autoDraw = True
688.8685 	EXP 	fixation: autoDraw = False
689.8687 	INFO 	Keyboard events cleared
689.8685 	EXP 	probe: autoDraw = True
690.5185 	EXP 	Device response: <KeyPress from None: t=690.5113233000002, value=z, duration=None>
690.5189 	EXP 	New trial (rep=15, index=1): <Trial 61 (1 in rep 15) data={'pos': np.int64(150), 'corr_resp': 'v', 'thisN': 61, 'thisTrialN': 1, 'thisRepN': 15}>
690.5201 	DATA 	Keypress: z
690.5351 	EXP 	fixation: autoDraw = False
690.5351 	EXP 	line1: autoDraw = False
690.5351 	EXP 	line_2: autoDraw = False
690.5351 	EXP 	line_3: autoDraw = False
690.5351 	EXP 	line4: autoDraw = False
690.5351 	EXP 	probe: autoDraw = False
690.5351 	EXP 	fixation: autoDraw = True
690.6857 	EXP 	Device response: <KeyPress from None: t=690.5113233000002, value=z, duration=0.16189440000016475>
691.5191 	EXP 	line1: autoDraw = True
691.5191 	EXP 	line_2: autoDraw = True
691.5191 	EXP 	line_3: autoDraw = True
691.5191 	EXP 	line4: autoDraw = True
691.5351 	EXP 	fixation: autoDraw = False
692.5188 	INFO 	Keyboard events cleared
692.5186 	EXP 	probe: autoDraw = True
693.2521 	EXP 	Device response: <KeyPress from None: t=693.2380854000003, value=v, duration=None>
693.2524 	EXP 	New trial (rep=15, index=2): <Trial 62 (2 in rep 15) data={'pos': np.int64(50), 'corr_resp': 'c', 'thisN': 62, 'thisTrialN': 2, 'thisRepN': 15}>
693.2539 	DATA 	Keypress: v
693.2684 	EXP 	fixation: autoDraw = False
693.2684 	EXP 	line1: autoDraw = False
693.2684 	EXP 	line_2: autoDraw = False
693.2684 	EXP 	line_3: autoDraw = False
693.2684 	EXP 	line4: autoDraw = False
693.2684 	EXP 	probe: autoDraw = False
693.2684 	EXP 	fixation: autoDraw = True
693.4022 	EXP 	Device response: <KeyPress from None: t=693.2380854000003, value=v, duration=0.15214909999940573>
694.2519 	EXP 	line1: autoDraw = True
694.2519 	EXP 	line_2: autoDraw = True
694.2519 	EXP 	line_3: autoDraw = True
694.2519 	EXP 	line4: autoDraw = True
694.2682 	EXP 	fixation: autoDraw = False
695.2521 	INFO 	Keyboard events cleared
695.2520 	EXP 	probe: autoDraw = True
695.8021 	EXP 	Device response: <KeyPress from None: t=695.7982834000004, value=c, duration=None>
695.8025 	EXP 	New trial (rep=15, index=3): <Trial 63 (3 in rep 15) data={'pos': np.int64(-50), 'corr_resp': 'x', 'thisN': 63, 'thisTrialN': 3, 'thisRepN': 15}>
695.8049 	DATA 	Keypress: c
695.8182 	EXP 	fixation: autoDraw = False
695.8182 	EXP 	line1: autoDraw = False
695.8182 	EXP 	line_2: autoDraw = False
695.8182 	EXP 	line_3: autoDraw = False
695.8182 	EXP 	line4: autoDraw = False
695.8182 	EXP 	probe: autoDraw = False
695.8182 	EXP 	fixation: autoDraw = True
695.9859 	EXP 	Device response: <KeyPress from None: t=695.7982834000004, value=c, duration=0.18084219999946072>
696.8019 	EXP 	line1: autoDraw = True
696.8019 	EXP 	line_2: autoDraw = True
696.8019 	EXP 	line_3: autoDraw = True
696.8019 	EXP 	line4: autoDraw = True
696.8183 	EXP 	fixation: autoDraw = False
697.8021 	INFO 	Keyboard events cleared
697.8020 	EXP 	probe: autoDraw = True
698.6685 	EXP 	Device response: <KeyPress from None: t=698.6608774999995, value=x, duration=None>
698.6689 	EXP 	New trial (rep=16, index=0): <Trial 64 (0 in rep 16) data={'pos': np.int64(-50), 'corr_resp': 'x', 'thisN': 64, 'thisTrialN': 0, 'thisRepN': 16}>
698.6702 	DATA 	Keypress: x
698.6850 	EXP 	fixation: autoDraw = False
698.6850 	EXP 	line1: autoDraw = False
698.6850 	EXP 	line_2: autoDraw = False
698.6850 	EXP 	line_3: autoDraw = False
698.6850 	EXP 	line4: autoDraw = False
698.6850 	EXP 	probe: autoDraw = False
698.6850 	EXP 	fixation: autoDraw = True
698.9186 	EXP 	Device response: <KeyPress from None: t=698.6608774999995, value=x, duration=0.24753770000006625>
699.6685 	EXP 	line1: autoDraw = True
699.6685 	EXP 	line_2: autoDraw = True
699.6685 	EXP 	line_3: autoDraw = True
699.6685 	EXP 	line4: autoDraw = True
699.6850 	EXP 	fixation: autoDraw = False
700.6686 	INFO 	Keyboard events cleared
700.6684 	EXP 	probe: autoDraw = True
701.1183 	EXP 	Device response: <KeyPress from None: t=701.1043627999998, value=x, duration=None>
701.1186 	EXP 	New trial (rep=16, index=1): <Trial 65 (1 in rep 16) data={'pos': np.int64(150), 'corr_resp': 'v', 'thisN': 65, 'thisTrialN': 1, 'thisRepN': 16}>
701.1201 	DATA 	Keypress: x
701.1347 	EXP 	fixation: autoDraw = False
701.1347 	EXP 	line1: autoDraw = False
701.1347 	EXP 	line_2: autoDraw = False
701.1347 	EXP 	line_3: autoDraw = False
701.1347 	EXP 	line4: autoDraw = False
701.1347 	EXP 	probe: autoDraw = False
701.1347 	EXP 	fixation: autoDraw = True
701.2692 	EXP 	Device response: <KeyPress from None: t=701.1043627999998, value=x, duration=0.15409360000012384>
702.1220 	EXP 	line1: autoDraw = True
702.1220 	EXP 	line_2: autoDraw = True
702.1220 	EXP 	line_3: autoDraw = True
702.1220 	EXP 	line4: autoDraw = True
702.1353 	EXP 	fixation: autoDraw = False
703.1185 	INFO 	Keyboard events cleared
703.1184 	EXP 	probe: autoDraw = True
703.8021 	EXP 	Device response: <KeyPress from None: t=703.7949587000003, value=v, duration=None>
703.8025 	EXP 	New trial (rep=16, index=2): <Trial 66 (2 in rep 16) data={'pos': np.int64(-150), 'corr_resp': 'z', 'thisN': 66, 'thisTrialN': 2, 'thisRepN': 16}>
703.8038 	DATA 	Keypress: v
703.8192 	EXP 	fixation: autoDraw = False
703.8192 	EXP 	line1: autoDraw = False
703.8192 	EXP 	line_2: autoDraw = False
703.8192 	EXP 	line_3: autoDraw = False
703.8192 	EXP 	line4: autoDraw = False
703.8192 	EXP 	probe: autoDraw = False
703.8192 	EXP 	fixation: autoDraw = True
703.9687 	EXP 	Device response: <KeyPress from None: t=703.7949587000003, value=v, duration=0.16156449999925826>
704.8017 	EXP 	line1: autoDraw = True
704.8017 	EXP 	line_2: autoDraw = True
704.8017 	EXP 	line_3: autoDraw = True
704.8017 	EXP 	line4: autoDraw = True
704.8186 	EXP 	fixation: autoDraw = False
705.8019 	INFO 	Keyboard events cleared
705.8018 	EXP 	probe: autoDraw = True
706.4357 	EXP 	Device response: <KeyPress from None: t=706.4273180999999, value=z, duration=None>
706.4361 	EXP 	New trial (rep=16, index=3): <Trial 67 (3 in rep 16) data={'pos': np.int64(50), 'corr_resp': 'c', 'thisN': 67, 'thisTrialN': 3, 'thisRepN': 16}>
706.4375 	DATA 	Keypress: z
706.4517 	EXP 	fixation: autoDraw = False
706.4517 	EXP 	line1: autoDraw = False
706.4517 	EXP 	line_2: autoDraw = False
706.4517 	EXP 	line_3: autoDraw = False
706.4517 	EXP 	line4: autoDraw = False
706.4517 	EXP 	probe: autoDraw = False
706.4517 	EXP 	fixation: autoDraw = True
706.5854 	EXP 	Device response: <KeyPress from None: t=706.4273180999999, value=z, duration=0.15416819999973086>
707.4517 	EXP 	fixation: autoDraw = False
707.4517 	EXP 	line1: autoDraw = True
707.4517 	EXP 	line_2: autoDraw = True
707.4517 	EXP 	line_3: autoDraw = True
707.4517 	EXP 	line4: autoDraw = True
708.4519 	INFO 	Keyboard events cleared
708.4517 	EXP 	probe: autoDraw = True
708.9691 	EXP 	Device response: <KeyPress from None: t=708.9629992999999, value=c, duration=None>
708.9695 	EXP 	New trial (rep=17, index=0): <Trial 68 (0 in rep 17) data={'pos': np.int64(150), 'corr_resp': 'v', 'thisN': 68, 'thisTrialN': 0, 'thisRepN': 17}>
708.9708 	DATA 	Keypress: c
708.9851 	EXP 	fixation: autoDraw = False
708.9851 	EXP 	line1: autoDraw = False
708.9851 	EXP 	line_2: autoDraw = False
708.9851 	EXP 	line_3: autoDraw = False
708.9851 	EXP 	line4: autoDraw = False
708.9851 	EXP 	probe: autoDraw = False
708.9851 	EXP 	fixation: autoDraw = True
709.1187 	EXP 	Device response: <KeyPress from None: t=708.9629992999999, value=c, duration=0.14027450000048702>
709.9850 	EXP 	fixation: autoDraw = False
709.9850 	EXP 	line1: autoDraw = True
709.9850 	EXP 	line_2: autoDraw = True
709.9850 	EXP 	line_3: autoDraw = True
709.9850 	EXP 	line4: autoDraw = True
710.9687 	INFO 	Keyboard events cleared
710.9685 	EXP 	probe: autoDraw = True
711.8692 	EXP 	Device response: <KeyPress from None: t=711.8665488999995, value=v, duration=None>
711.8696 	EXP 	New trial (rep=17, index=1): <Trial 69 (1 in rep 17) data={'pos': np.int64(-50), 'corr_resp': 'x', 'thisN': 69, 'thisTrialN': 1, 'thisRepN': 17}>
711.8708 	DATA 	Keypress: v
711.8854 	EXP 	fixation: autoDraw = False
711.8854 	EXP 	line1: autoDraw = False
711.8854 	EXP 	line_2: autoDraw = False
711.8854 	EXP 	line_3: autoDraw = False
711.8854 	EXP 	line4: autoDraw = False
711.8854 	EXP 	probe: autoDraw = False
711.8854 	EXP 	fixation: autoDraw = True
712.0189 	EXP 	Device response: <KeyPress from None: t=711.8665488999995, value=v, duration=0.13656620000074327>
712.8855 	EXP 	fixation: autoDraw = False
712.8855 	EXP 	line1: autoDraw = True
712.8855 	EXP 	line_2: autoDraw = True
712.8855 	EXP 	line_3: autoDraw = True
712.8855 	EXP 	line4: autoDraw = True
713.8685 	INFO 	Keyboard events cleared
713.8684 	EXP 	probe: autoDraw = True
714.6354 	EXP 	Device response: <KeyPress from None: t=714.6316999999999, value=x, duration=None>
714.6357 	EXP 	New trial (rep=17, index=2): <Trial 70 (2 in rep 17) data={'pos': np.int64(-150), 'corr_resp': 'z', 'thisN': 70, 'thisTrialN': 2, 'thisRepN': 17}>
714.6369 	DATA 	Keypress: x
714.6520 	EXP 	fixation: autoDraw = False
714.6520 	EXP 	line1: autoDraw = False
714.6520 	EXP 	line_2: autoDraw = False
714.6520 	EXP 	line_3: autoDraw = False
714.6520 	EXP 	line4: autoDraw = False
714.6520 	EXP 	probe: autoDraw = False
714.6520 	EXP 	fixation: autoDraw = True
714.7862 	EXP 	Device response: <KeyPress from None: t=714.6316999999999, value=x, duration=0.14743389999966894>
715.6351 	EXP 	line1: autoDraw = True
715.6351 	EXP 	line_2: autoDraw = True
715.6351 	EXP 	line_3: autoDraw = True
715.6351 	EXP 	line4: autoDraw = True
715.6516 	EXP 	fixation: autoDraw = False
716.6352 	INFO 	Keyboard events cleared
716.6350 	EXP 	probe: autoDraw = True
717.2690 	EXP 	Device response: <KeyPress from None: t=717.2536527000002, value=z, duration=None>
717.2694 	EXP 	New trial (rep=17, index=3): <Trial 71 (3 in rep 17) data={'pos': np.int64(50), 'corr_resp': 'c', 'thisN': 71, 'thisTrialN': 3, 'thisRepN': 17}>
717.2707 	DATA 	Keypress: z
717.2842 	EXP 	fixation: autoDraw = False
717.2842 	EXP 	line1: autoDraw = False
717.2842 	EXP 	line_2: autoDraw = False
717.2842 	EXP 	line_3: autoDraw = False
717.2842 	EXP 	line4: autoDraw = False
717.2842 	EXP 	probe: autoDraw = False
717.2842 	EXP 	fixation: autoDraw = True
717.4357 	EXP 	Device response: <KeyPress from None: t=717.2536527000002, value=z, duration=0.17115019999982906>
718.2681 	EXP 	line1: autoDraw = True
718.2681 	EXP 	line_2: autoDraw = True
718.2681 	EXP 	line_3: autoDraw = True
718.2681 	EXP 	line4: autoDraw = True
718.2851 	EXP 	fixation: autoDraw = False
719.2689 	INFO 	Keyboard events cleared
719.2688 	EXP 	probe: autoDraw = True
719.9354 	EXP 	Device response: <KeyPress from None: t=719.9282893999998, value=c, duration=None>
719.9359 	EXP 	New trial (rep=18, index=0): <Trial 72 (0 in rep 18) data={'pos': np.int64(-50), 'corr_resp': 'x', 'thisN': 72, 'thisTrialN': 0, 'thisRepN': 18}>
719.9372 	DATA 	Keypress: c
719.9527 	EXP 	fixation: autoDraw = False
719.9527 	EXP 	line1: autoDraw = False
719.9527 	EXP 	line_2: autoDraw = False
719.9527 	EXP 	line_3: autoDraw = False
719.9527 	EXP 	line4: autoDraw = False
719.9527 	EXP 	probe: autoDraw = False
719.9527 	EXP 	fixation: autoDraw = True
720.1190 	EXP 	Device response: <KeyPress from None: t=719.9282893999998, value=c, duration=0.18827450000026147>
720.9351 	EXP 	line1: autoDraw = True
720.9351 	EXP 	line_2: autoDraw = True
720.9351 	EXP 	line_3: autoDraw = True
720.9351 	EXP 	line4: autoDraw = True
720.9520 	EXP 	fixation: autoDraw = False
721.9352 	INFO 	Keyboard events cleared
721.9351 	EXP 	probe: autoDraw = True
723.2692 	EXP 	Device response: <KeyPress from None: t=723.2625937000003, value=x, duration=None>
723.2695 	EXP 	New trial (rep=18, index=1): <Trial 73 (1 in rep 18) data={'pos': np.int64(-150), 'corr_resp': 'z', 'thisN': 73, 'thisTrialN': 1, 'thisRepN': 18}>
723.2708 	DATA 	Keypress: x
723.2852 	EXP 	fixation: autoDraw = False
723.2852 	EXP 	line1: autoDraw = False
723.2852 	EXP 	line_2: autoDraw = False
723.2852 	EXP 	line_3: autoDraw = False
723.2852 	EXP 	line4: autoDraw = False
723.2852 	EXP 	probe: autoDraw = False
723.2852 	EXP 	fixation: autoDraw = True
723.4855 	EXP 	Device response: <KeyPress from None: t=723.2625937000003, value=x, duration=0.21959340000012162>
724.2855 	EXP 	fixation: autoDraw = False
724.2855 	EXP 	line1: autoDraw = True
724.2855 	EXP 	line_2: autoDraw = True
724.2855 	EXP 	line_3: autoDraw = True
724.2855 	EXP 	line4: autoDraw = True
725.2686 	INFO 	Keyboard events cleared
725.2684 	EXP 	probe: autoDraw = True
726.3192 	EXP 	Device response: <KeyPress from None: t=726.3089689999997, value=z, duration=None>
726.3196 	EXP 	New trial (rep=18, index=2): <Trial 74 (2 in rep 18) data={'pos': np.int64(50), 'corr_resp': 'c', 'thisN': 74, 'thisTrialN': 2, 'thisRepN': 18}>
726.3208 	DATA 	Keypress: z
726.3355 	EXP 	fixation: autoDraw = False
726.3355 	EXP 	line1: autoDraw = False
726.3355 	EXP 	line_2: autoDraw = False
726.3355 	EXP 	line_3: autoDraw = False
726.3355 	EXP 	line4: autoDraw = False
726.3355 	EXP 	probe: autoDraw = False
726.3355 	EXP 	fixation: autoDraw = True
726.5024 	EXP 	Device response: <KeyPress from None: t=726.3089689999997, value=z, duration=0.17825160000029427>
727.3184 	EXP 	line1: autoDraw = True
727.3184 	EXP 	line_2: autoDraw = True
727.3184 	EXP 	line_3: autoDraw = True
727.3184 	EXP 	line4: autoDraw = True
727.3349 	EXP 	fixation: autoDraw = False
728.3355 	INFO 	Keyboard events cleared
728.3354 	EXP 	probe: autoDraw = True
729.3189 	EXP 	Device response: <KeyPress from None: t=729.3089589000001, value=c, duration=None>
729.3193 	EXP 	New trial (rep=18, index=3): <Trial 75 (3 in rep 18) data={'pos': np.int64(150), 'corr_resp': 'v', 'thisN': 75, 'thisTrialN': 3, 'thisRepN': 18}>
729.3207 	DATA 	Keypress: c
729.3353 	EXP 	fixation: autoDraw = False
729.3353 	EXP 	line1: autoDraw = False
729.3353 	EXP 	line_2: autoDraw = False
729.3353 	EXP 	line_3: autoDraw = False
729.3353 	EXP 	line4: autoDraw = False
729.3353 	EXP 	probe: autoDraw = False
729.3353 	EXP 	fixation: autoDraw = True
729.5025 	EXP 	Device response: <KeyPress from None: t=729.3089589000001, value=c, duration=0.19279199999982666>
730.3185 	EXP 	line1: autoDraw = True
730.3185 	EXP 	line_2: autoDraw = True
730.3185 	EXP 	line_3: autoDraw = True
730.3185 	EXP 	line4: autoDraw = True
730.3353 	EXP 	fixation: autoDraw = False
731.3187 	INFO 	Keyboard events cleared
731.3186 	EXP 	probe: autoDraw = True
732.3193 	EXP 	Device response: <KeyPress from None: t=732.3174286000003, value=v, duration=None>
732.3197 	EXP 	New trial (rep=19, index=0): <Trial 76 (0 in rep 19) data={'pos': np.int64(50), 'corr_resp': 'c', 'thisN': 76, 'thisTrialN': 0, 'thisRepN': 19}>
732.3210 	DATA 	Keypress: v
732.3355 	EXP 	fixation: autoDraw = False
732.3355 	EXP 	line1: autoDraw = False
732.3355 	EXP 	line_2: autoDraw = False
732.3355 	EXP 	line_3: autoDraw = False
732.3355 	EXP 	line4: autoDraw = False
732.3355 	EXP 	probe: autoDraw = False
732.3355 	EXP 	fixation: autoDraw = True
732.5193 	EXP 	Device response: <KeyPress from None: t=732.3174286000003, value=v, duration=0.19525769999927434>
733.3353 	EXP 	fixation: autoDraw = False
733.3353 	EXP 	line1: autoDraw = True
733.3353 	EXP 	line_2: autoDraw = True
733.3353 	EXP 	line_3: autoDraw = True
733.3353 	EXP 	line4: autoDraw = True
734.3356 	INFO 	Keyboard events cleared
734.3354 	EXP 	probe: autoDraw = True
735.8188 	EXP 	Device response: <KeyPress from None: t=735.8161483000003, value=c, duration=None>
735.8192 	EXP 	New trial (rep=19, index=1): <Trial 77 (1 in rep 19) data={'pos': np.int64(150), 'corr_resp': 'v', 'thisN': 77, 'thisTrialN': 1, 'thisRepN': 19}>
735.8209 	DATA 	Keypress: c
735.8352 	EXP 	fixation: autoDraw = False
735.8352 	EXP 	line1: autoDraw = False
735.8352 	EXP 	line_2: autoDraw = False
735.8352 	EXP 	line_3: autoDraw = False
735.8352 	EXP 	line4: autoDraw = False
735.8352 	EXP 	probe: autoDraw = False
735.8352 	EXP 	fixation: autoDraw = True
736.0025 	EXP 	Device response: <KeyPress from None: t=735.8161483000003, value=c, duration=0.1798224999993181>
736.8182 	EXP 	line1: autoDraw = True
736.8182 	EXP 	line_2: autoDraw = True
736.8182 	EXP 	line_3: autoDraw = True
736.8182 	EXP 	line4: autoDraw = True
736.8352 	EXP 	fixation: autoDraw = False
737.8190 	INFO 	Keyboard events cleared
737.8188 	EXP 	probe: autoDraw = True
738.8520 	EXP 	Device response: <KeyPress from None: t=738.8488730999998, value=v, duration=None>
738.8524 	EXP 	New trial (rep=19, index=2): <Trial 78 (2 in rep 19) data={'pos': np.int64(-50), 'corr_resp': 'x', 'thisN': 78, 'thisTrialN': 2, 'thisRepN': 19}>
738.8538 	DATA 	Keypress: v
738.8693 	EXP 	fixation: autoDraw = False
738.8693 	EXP 	line1: autoDraw = False
738.8693 	EXP 	line_2: autoDraw = False
738.8693 	EXP 	line_3: autoDraw = False
738.8693 	EXP 	line4: autoDraw = False
738.8693 	EXP 	probe: autoDraw = False
738.8693 	EXP 	fixation: autoDraw = True
739.0028 	EXP 	Device response: <KeyPress from None: t=738.8488730999998, value=v, duration=0.14728460000060295>
739.8523 	EXP 	line1: autoDraw = True
739.8523 	EXP 	line_2: autoDraw = True
739.8523 	EXP 	line_3: autoDraw = True
739.8523 	EXP 	line4: autoDraw = True
739.8686 	EXP 	fixation: autoDraw = False
740.8519 	INFO 	Keyboard events cleared
740.8518 	EXP 	probe: autoDraw = True
741.5523 	EXP 	Device response: <KeyPress from None: t=741.5422206000003, value=x, duration=None>
741.5527 	EXP 	New trial (rep=19, index=3): <Trial 79 (3 in rep 19) data={'pos': np.int64(-150), 'corr_resp': 'z', 'thisN': 79, 'thisTrialN': 3, 'thisRepN': 19}>
741.5541 	DATA 	Keypress: x
741.5686 	EXP 	fixation: autoDraw = False
741.5686 	EXP 	line1: autoDraw = False
741.5686 	EXP 	line_2: autoDraw = False
741.5686 	EXP 	line_3: autoDraw = False
741.5686 	EXP 	line4: autoDraw = False
741.5686 	EXP 	probe: autoDraw = False
741.5686 	EXP 	fixation: autoDraw = True
741.7022 	EXP 	Device response: <KeyPress from None: t=741.5422206000003, value=x, duration=0.1508046999997532>
742.5521 	EXP 	line1: autoDraw = True
742.5521 	EXP 	line_2: autoDraw = True
742.5521 	EXP 	line_3: autoDraw = True
742.5521 	EXP 	line4: autoDraw = True
742.5687 	EXP 	fixation: autoDraw = False
743.5523 	INFO 	Keyboard events cleared
743.5522 	EXP 	probe: autoDraw = True
744.3857 	EXP 	Device response: <KeyPress from None: t=744.3725320000003, value=z, duration=None>
744.3861 	EXP 	New trial (rep=20, index=0): <Trial 80 (0 in rep 20) data={'pos': np.int64(50), 'corr_resp': 'c', 'thisN': 80, 'thisTrialN': 0, 'thisRepN': 20}>
744.3873 	DATA 	Keypress: z
744.4020 	EXP 	fixation: autoDraw = False
744.4020 	EXP 	line1: autoDraw = False
744.4020 	EXP 	line_2: autoDraw = False
744.4020 	EXP 	line_3: autoDraw = False
744.4020 	EXP 	line4: autoDraw = False
744.4020 	EXP 	probe: autoDraw = False
744.4020 	EXP 	fixation: autoDraw = True
744.5691 	EXP 	Device response: <KeyPress from None: t=744.3725320000003, value=z, duration=0.18170509999981732>
745.3855 	EXP 	line1: autoDraw = True
745.3855 	EXP 	line_2: autoDraw = True
745.3855 	EXP 	line_3: autoDraw = True
745.3855 	EXP 	line4: autoDraw = True
745.4019 	EXP 	fixation: autoDraw = False
746.3856 	INFO 	Keyboard events cleared
746.3854 	EXP 	probe: autoDraw = True
747.1192 	EXP 	Device response: <KeyPress from None: t=747.1102371999996, value=c, duration=None>
747.1195 	EXP 	New trial (rep=20, index=1): <Trial 81 (1 in rep 20) data={'pos': np.int64(-50), 'corr_resp': 'x', 'thisN': 81, 'thisTrialN': 1, 'thisRepN': 20}>
747.1209 	DATA 	Keypress: c
747.1357 	EXP 	fixation: autoDraw = False
747.1357 	EXP 	line1: autoDraw = False
747.1357 	EXP 	line_2: autoDraw = False
747.1357 	EXP 	line_3: autoDraw = False
747.1357 	EXP 	line4: autoDraw = False
747.1357 	EXP 	probe: autoDraw = False
747.1357 	EXP 	fixation: autoDraw = True
747.2702 	EXP 	Device response: <KeyPress from None: t=747.1102371999996, value=c, duration=0.15809000000081141>
748.1186 	EXP 	line1: autoDraw = True
748.1186 	EXP 	line_2: autoDraw = True
748.1186 	EXP 	line_3: autoDraw = True
748.1186 	EXP 	line4: autoDraw = True
748.1356 	EXP 	fixation: autoDraw = False
749.1345 	INFO 	Keyboard events cleared
749.1344 	EXP 	probe: autoDraw = True
750.6836 	EXP 	Device response: <KeyPress from None: t=750.6733707000003, value=x, duration=None>
750.6839 	EXP 	New trial (rep=20, index=2): <Trial 82 (2 in rep 20) data={'pos': np.int64(150), 'corr_resp': 'v', 'thisN': 82, 'thisTrialN': 2, 'thisRepN': 20}>
750.6852 	DATA 	Keypress: x
750.6998 	EXP 	fixation: autoDraw = False
750.6998 	EXP 	line1: autoDraw = False
750.6998 	EXP 	line_2: autoDraw = False
750.6998 	EXP 	line_3: autoDraw = False
750.6998 	EXP 	line4: autoDraw = False
750.6998 	EXP 	probe: autoDraw = False
750.6998 	EXP 	fixation: autoDraw = True
750.8523 	EXP 	Device response: <KeyPress from None: t=750.6733707000003, value=x, duration=0.1757393999996566>
751.6853 	EXP 	line1: autoDraw = True
751.6853 	EXP 	line_2: autoDraw = True
751.6853 	EXP 	line_3: autoDraw = True
751.6853 	EXP 	line4: autoDraw = True
751.7019 	EXP 	fixation: autoDraw = False
752.6851 	INFO 	Keyboard events cleared
752.6850 	EXP 	probe: autoDraw = True
754.0195 	EXP 	Device response: <KeyPress from None: t=754.0150487999999, value=v, duration=None>
754.0199 	EXP 	New trial (rep=20, index=3): <Trial 83 (3 in rep 20) data={'pos': np.int64(-150), 'corr_resp': 'z', 'thisN': 83, 'thisTrialN': 3, 'thisRepN': 20}>
754.0215 	DATA 	Keypress: v
754.0353 	EXP 	fixation: autoDraw = False
754.0353 	EXP 	line1: autoDraw = False
754.0353 	EXP 	line_2: autoDraw = False
754.0353 	EXP 	line_3: autoDraw = False
754.0353 	EXP 	line4: autoDraw = False
754.0353 	EXP 	probe: autoDraw = False
754.0353 	EXP 	fixation: autoDraw = True
754.2029 	EXP 	Device response: <KeyPress from None: t=754.0150487999999, value=v, duration=0.1750502000004417>
755.0188 	EXP 	line1: autoDraw = True
755.0188 	EXP 	line_2: autoDraw = True
755.0188 	EXP 	line_3: autoDraw = True
755.0188 	EXP 	line4: autoDraw = True
755.0358 	EXP 	fixation: autoDraw = False
756.0185 	INFO 	Keyboard events cleared
756.0184 	EXP 	probe: autoDraw = True
757.2358 	EXP 	Device response: <KeyPress from None: t=757.2256428000001, value=z, duration=None>
757.2362 	EXP 	New trial (rep=21, index=0): <Trial 84 (0 in rep 21) data={'pos': np.int64(50), 'corr_resp': 'c', 'thisN': 84, 'thisTrialN': 0, 'thisRepN': 21}>
757.2376 	DATA 	Keypress: z
757.2520 	EXP 	fixation: autoDraw = False
757.2520 	EXP 	line1: autoDraw = False
757.2520 	EXP 	line_2: autoDraw = False
757.2520 	EXP 	line_3: autoDraw = False
757.2520 	EXP 	line4: autoDraw = False
757.2520 	EXP 	probe: autoDraw = False
757.2520 	EXP 	fixation: autoDraw = True
757.4027 	EXP 	Device response: <KeyPress from None: t=757.2256428000001, value=z, duration=0.17600599999968836>
758.2356 	EXP 	line1: autoDraw = True
758.2356 	EXP 	line_2: autoDraw = True
758.2356 	EXP 	line_3: autoDraw = True
758.2356 	EXP 	line4: autoDraw = True
758.2520 	EXP 	fixation: autoDraw = False
759.2357 	INFO 	Keyboard events cleared
759.2355 	EXP 	probe: autoDraw = True
760.1694 	EXP 	Device response: <KeyPress from None: t=760.1592671999997, value=c, duration=None>
760.1698 	EXP 	New trial (rep=21, index=1): <Trial 85 (1 in rep 21) data={'pos': np.int64(-150), 'corr_resp': 'z', 'thisN': 85, 'thisTrialN': 1, 'thisRepN': 21}>
760.1712 	DATA 	Keypress: c
760.1851 	EXP 	fixation: autoDraw = False
760.1851 	EXP 	line1: autoDraw = False
760.1851 	EXP 	line_2: autoDraw = False
760.1851 	EXP 	line_3: autoDraw = False
760.1851 	EXP 	line4: autoDraw = False
760.1851 	EXP 	probe: autoDraw = False
760.1851 	EXP 	fixation: autoDraw = True
760.3695 	EXP 	Device response: <KeyPress from None: t=760.1592671999997, value=c, duration=0.20065320000048814>
761.1679 	EXP 	line1: autoDraw = True
761.1679 	EXP 	line_2: autoDraw = True
761.1679 	EXP 	line_3: autoDraw = True
761.1679 	EXP 	line4: autoDraw = True
761.1846 	EXP 	fixation: autoDraw = False
762.1693 	INFO 	Keyboard events cleared
762.1690 	EXP 	probe: autoDraw = True
763.0862 	EXP 	Device response: <KeyPress from None: t=763.0775274999996, value=z, duration=None>
763.0866 	EXP 	New trial (rep=21, index=2): <Trial 86 (2 in rep 21) data={'pos': np.int64(-50), 'corr_resp': 'x', 'thisN': 86, 'thisTrialN': 2, 'thisRepN': 21}>
763.0879 	DATA 	Keypress: z
763.1023 	EXP 	fixation: autoDraw = False
763.1023 	EXP 	line1: autoDraw = False
763.1023 	EXP 	line_2: autoDraw = False
763.1023 	EXP 	line_3: autoDraw = False
763.1023 	EXP 	line4: autoDraw = False
763.1023 	EXP 	probe: autoDraw = False
763.1023 	EXP 	fixation: autoDraw = True
763.2533 	EXP 	Device response: <KeyPress from None: t=763.0775274999996, value=z, duration=0.17368890000034298>
764.0856 	EXP 	line1: autoDraw = True
764.0856 	EXP 	line_2: autoDraw = True
764.0856 	EXP 	line_3: autoDraw = True
764.0856 	EXP 	line4: autoDraw = True
764.1023 	EXP 	fixation: autoDraw = False
765.0855 	INFO 	Keyboard events cleared
765.0854 	EXP 	probe: autoDraw = True
765.7188 	EXP 	Device response: <KeyPress from None: t=765.7065315999998, value=x, duration=None>
765.7193 	EXP 	New trial (rep=21, index=3): <Trial 87 (3 in rep 21) data={'pos': np.int64(150), 'corr_resp': 'v', 'thisN': 87, 'thisTrialN': 3, 'thisRepN': 21}>
765.7207 	DATA 	Keypress: x
765.7354 	EXP 	fixation: autoDraw = False
765.7354 	EXP 	line1: autoDraw = False
765.7354 	EXP 	line_2: autoDraw = False
765.7354 	EXP 	line_3: autoDraw = False
765.7354 	EXP 	line4: autoDraw = False
765.7354 	EXP 	probe: autoDraw = False
765.7354 	EXP 	fixation: autoDraw = True
765.8858 	EXP 	Device response: <KeyPress from None: t=765.7065315999998, value=x, duration=0.1683045999998285>
766.7196 	EXP 	line1: autoDraw = True
766.7196 	EXP 	line_2: autoDraw = True
766.7196 	EXP 	line_3: autoDraw = True
766.7196 	EXP 	line4: autoDraw = True
766.7355 	EXP 	fixation: autoDraw = False
767.7197 	INFO 	Keyboard events cleared
767.7195 	EXP 	probe: autoDraw = True
768.5531 	EXP 	Device response: <KeyPress from None: t=768.5483228000003, value=v, duration=None>
768.5535 	EXP 	New trial (rep=22, index=0): <Trial 88 (0 in rep 22) data={'pos': np.int64(50), 'corr_resp': 'c', 'thisN': 88, 'thisTrialN': 0, 'thisRepN': 22}>
768.5548 	DATA 	Keypress: v
768.5692 	EXP 	fixation: autoDraw = False
768.5692 	EXP 	line1: autoDraw = False
768.5692 	EXP 	line_2: autoDraw = False
768.5692 	EXP 	line_3: autoDraw = False
768.5692 	EXP 	line4: autoDraw = False
768.5692 	EXP 	probe: autoDraw = False
768.5692 	EXP 	fixation: autoDraw = True
768.7356 	EXP 	Device response: <KeyPress from None: t=768.5483228000003, value=v, duration=0.18397000000004482>
769.5687 	EXP 	fixation: autoDraw = False
769.5687 	EXP 	line1: autoDraw = True
769.5687 	EXP 	line_2: autoDraw = True
769.5687 	EXP 	line_3: autoDraw = True
769.5687 	EXP 	line4: autoDraw = True
770.5689 	INFO 	Keyboard events cleared
770.5687 	EXP 	probe: autoDraw = True
771.3203 	EXP 	Device response: <KeyPress from None: t=771.3146310000002, value=c, duration=None>
771.3207 	EXP 	New trial (rep=22, index=1): <Trial 89 (1 in rep 22) data={'pos': np.int64(150), 'corr_resp': 'v', 'thisN': 89, 'thisTrialN': 1, 'thisRepN': 22}>
771.3220 	DATA 	Keypress: c
771.3353 	EXP 	fixation: autoDraw = False
771.3353 	EXP 	line1: autoDraw = False
771.3353 	EXP 	line_2: autoDraw = False
771.3353 	EXP 	line_3: autoDraw = False
771.3353 	EXP 	line4: autoDraw = False
771.3353 	EXP 	probe: autoDraw = False
771.3353 	EXP 	fixation: autoDraw = True
771.4361 	EXP 	Device response: <KeyPress from None: t=771.3146310000002, value=c, duration=0.12097349999930884>
772.3354 	EXP 	fixation: autoDraw = False
772.3354 	EXP 	line1: autoDraw = True
772.3354 	EXP 	line_2: autoDraw = True
772.3354 	EXP 	line_3: autoDraw = True
772.3354 	EXP 	line4: autoDraw = True
773.3355 	INFO 	Keyboard events cleared
773.3354 	EXP 	probe: autoDraw = True
774.1191 	EXP 	Device response: <KeyPress from None: t=774.1163673000001, value=v, duration=None>
774.1195 	EXP 	New trial (rep=22, index=2): <Trial 90 (2 in rep 22) data={'pos': np.int64(-150), 'corr_resp': 'z', 'thisN': 90, 'thisTrialN': 2, 'thisRepN': 22}>
774.1208 	DATA 	Keypress: v
774.1360 	EXP 	fixation: autoDraw = False
774.1360 	EXP 	line1: autoDraw = False
774.1360 	EXP 	line_2: autoDraw = False
774.1360 	EXP 	line_3: autoDraw = False
774.1360 	EXP 	line4: autoDraw = False
774.1360 	EXP 	probe: autoDraw = False
774.1360 	EXP 	fixation: autoDraw = True
774.2856 	EXP 	Device response: <KeyPress from None: t=774.1163673000001, value=v, duration=0.15804860000025656>
775.1187 	EXP 	line1: autoDraw = True
775.1187 	EXP 	line_2: autoDraw = True
775.1187 	EXP 	line_3: autoDraw = True
775.1187 	EXP 	line4: autoDraw = True
775.1355 	EXP 	fixation: autoDraw = False
776.1187 	INFO 	Keyboard events cleared
776.1185 	EXP 	probe: autoDraw = True
776.8856 	EXP 	Device response: <KeyPress from None: t=776.8779814, value=z, duration=None>
776.8860 	EXP 	New trial (rep=22, index=3): <Trial 91 (3 in rep 22) data={'pos': np.int64(-50), 'corr_resp': 'x', 'thisN': 91, 'thisTrialN': 3, 'thisRepN': 22}>
776.8875 	DATA 	Keypress: z
776.9022 	EXP 	fixation: autoDraw = False
776.9022 	EXP 	line1: autoDraw = False
776.9022 	EXP 	line_2: autoDraw = False
776.9022 	EXP 	line_3: autoDraw = False
776.9022 	EXP 	line4: autoDraw = False
776.9022 	EXP 	probe: autoDraw = False
776.9022 	EXP 	fixation: autoDraw = True
777.0529 	EXP 	Device response: <KeyPress from None: t=776.8779814, value=z, duration=0.1738814000000275>
777.8853 	EXP 	line1: autoDraw = True
777.8853 	EXP 	line_2: autoDraw = True
777.8853 	EXP 	line_3: autoDraw = True
777.8853 	EXP 	line4: autoDraw = True
777.9021 	EXP 	fixation: autoDraw = False
778.8857 	INFO 	Keyboard events cleared
778.8855 	EXP 	probe: autoDraw = True
780.2693 	EXP 	Device response: <KeyPress from None: t=780.2665719999995, value=x, duration=None>
780.2697 	EXP 	New trial (rep=23, index=0): <Trial 92 (0 in rep 23) data={'pos': np.int64(150), 'corr_resp': 'v', 'thisN': 92, 'thisTrialN': 0, 'thisRepN': 23}>
780.2711 	DATA 	Keypress: x
780.2855 	EXP 	fixation: autoDraw = False
780.2855 	EXP 	line1: autoDraw = False
780.2855 	EXP 	line_2: autoDraw = False
780.2855 	EXP 	line_3: autoDraw = False
780.2855 	EXP 	line4: autoDraw = False
780.2855 	EXP 	probe: autoDraw = False
780.2855 	EXP 	fixation: autoDraw = True
780.4691 	EXP 	Device response: <KeyPress from None: t=780.2665719999995, value=x, duration=0.18839960000059364>
781.2687 	EXP 	line1: autoDraw = True
781.2687 	EXP 	line_2: autoDraw = True
781.2687 	EXP 	line_3: autoDraw = True
781.2687 	EXP 	line4: autoDraw = True
781.2851 	EXP 	fixation: autoDraw = False
782.2687 	INFO 	Keyboard events cleared
782.2686 	EXP 	probe: autoDraw = True
783.3031 	EXP 	Device response: <KeyPress from None: t=783.3017953999997, value=v, duration=None>
783.3035 	EXP 	New trial (rep=23, index=1): <Trial 93 (1 in rep 23) data={'pos': np.int64(-50), 'corr_resp': 'x', 'thisN': 93, 'thisTrialN': 1, 'thisRepN': 23}>
783.3048 	DATA 	Keypress: v
783.3185 	EXP 	fixation: autoDraw = False
783.3185 	EXP 	line1: autoDraw = False
783.3185 	EXP 	line_2: autoDraw = False
783.3185 	EXP 	line_3: autoDraw = False
783.3185 	EXP 	line4: autoDraw = False
783.3185 	EXP 	probe: autoDraw = False
783.3185 	EXP 	fixation: autoDraw = True
783.4525 	EXP 	Device response: <KeyPress from None: t=783.3017953999997, value=v, duration=0.14064460000008694>
784.3188 	EXP 	fixation: autoDraw = False
784.3188 	EXP 	line1: autoDraw = True
784.3188 	EXP 	line_2: autoDraw = True
784.3188 	EXP 	line_3: autoDraw = True
784.3188 	EXP 	line4: autoDraw = True
785.3190 	INFO 	Keyboard events cleared
785.3188 	EXP 	probe: autoDraw = True
786.1359 	EXP 	Device response: <KeyPress from None: t=786.1268911999996, value=x, duration=None>
786.1362 	EXP 	New trial (rep=23, index=2): <Trial 94 (2 in rep 23) data={'pos': np.int64(-150), 'corr_resp': 'z', 'thisN': 94, 'thisTrialN': 2, 'thisRepN': 23}>
786.1376 	DATA 	Keypress: x
786.1521 	EXP 	fixation: autoDraw = False
786.1521 	EXP 	line1: autoDraw = False
786.1521 	EXP 	line_2: autoDraw = False
786.1521 	EXP 	line_3: autoDraw = False
786.1521 	EXP 	line4: autoDraw = False
786.1521 	EXP 	probe: autoDraw = False
786.1521 	EXP 	fixation: autoDraw = True
786.3193 	EXP 	Device response: <KeyPress from None: t=786.1268911999996, value=x, duration=0.17828080000072077>
787.1356 	EXP 	line1: autoDraw = True
787.1356 	EXP 	line_2: autoDraw = True
787.1356 	EXP 	line_3: autoDraw = True
787.1356 	EXP 	line4: autoDraw = True
787.1519 	EXP 	fixation: autoDraw = False
788.1357 	INFO 	Keyboard events cleared
788.1355 	EXP 	probe: autoDraw = True
788.8860 	EXP 	Device response: <KeyPress from None: t=788.8776732999995, value=z, duration=None>
788.8865 	EXP 	New trial (rep=23, index=3): <Trial 95 (3 in rep 23) data={'pos': np.int64(50), 'corr_resp': 'c', 'thisN': 95, 'thisTrialN': 3, 'thisRepN': 23}>
788.8879 	DATA 	Keypress: z
788.9023 	EXP 	fixation: autoDraw = False
788.9023 	EXP 	line1: autoDraw = False
788.9023 	EXP 	line_2: autoDraw = False
788.9023 	EXP 	line_3: autoDraw = False
788.9023 	EXP 	line4: autoDraw = False
788.9023 	EXP 	probe: autoDraw = False
788.9023 	EXP 	fixation: autoDraw = True
789.0361 	EXP 	Device response: <KeyPress from None: t=788.8776732999995, value=z, duration=0.1488362000000052>
789.8855 	EXP 	line1: autoDraw = True
789.8855 	EXP 	line_2: autoDraw = True
789.8855 	EXP 	line_3: autoDraw = True
789.8855 	EXP 	line4: autoDraw = True
789.9024 	EXP 	fixation: autoDraw = False
790.8856 	INFO 	Keyboard events cleared
790.8854 	EXP 	probe: autoDraw = True
791.4356 	EXP 	Device response: <KeyPress from None: t=791.4328311999998, value=c, duration=None>
791.4360 	EXP 	New trial (rep=24, index=0): <Trial 96 (0 in rep 24) data={'pos': np.int64(-150), 'corr_resp': 'z', 'thisN': 96, 'thisTrialN': 0, 'thisRepN': 24}>
791.4372 	DATA 	Keypress: c
791.4527 	EXP 	fixation: autoDraw = False
791.4527 	EXP 	line1: autoDraw = False
791.4527 	EXP 	line_2: autoDraw = False
791.4527 	EXP 	line_3: autoDraw = False
791.4527 	EXP 	line4: autoDraw = False
791.4527 	EXP 	probe: autoDraw = False
791.4527 	EXP 	fixation: autoDraw = True
791.6024 	EXP 	Device response: <KeyPress from None: t=791.4328311999998, value=c, duration=0.15989859999990585>
792.4352 	EXP 	line1: autoDraw = True
792.4352 	EXP 	line_2: autoDraw = True
792.4352 	EXP 	line_3: autoDraw = True
792.4352 	EXP 	line4: autoDraw = True
792.4522 	EXP 	fixation: autoDraw = False
793.4359 	INFO 	Keyboard events cleared
793.4357 	EXP 	probe: autoDraw = True
794.3200 	EXP 	Device response: <KeyPress from None: t=794.3081990000001, value=z, duration=None>
794.3204 	EXP 	New trial (rep=24, index=1): <Trial 97 (1 in rep 24) data={'pos': np.int64(-50), 'corr_resp': 'x', 'thisN': 97, 'thisTrialN': 1, 'thisRepN': 24}>
794.3217 	DATA 	Keypress: z
794.3353 	EXP 	fixation: autoDraw = False
794.3353 	EXP 	line1: autoDraw = False
794.3353 	EXP 	line_2: autoDraw = False
794.3353 	EXP 	line_3: autoDraw = False
794.3353 	EXP 	line4: autoDraw = False
794.3353 	EXP 	probe: autoDraw = False
794.3353 	EXP 	fixation: autoDraw = True
794.4861 	EXP 	Device response: <KeyPress from None: t=794.3081990000001, value=z, duration=0.17518269999982294>
795.3356 	EXP 	fixation: autoDraw = False
795.3356 	EXP 	line1: autoDraw = True
795.3356 	EXP 	line_2: autoDraw = True
795.3356 	EXP 	line_3: autoDraw = True
795.3356 	EXP 	line4: autoDraw = True
796.3359 	INFO 	Keyboard events cleared
796.3357 	EXP 	probe: autoDraw = True
797.1523 	EXP 	Device response: <KeyPress from None: t=797.1379773999997, value=x, duration=None>
797.1527 	EXP 	New trial (rep=24, index=2): <Trial 98 (2 in rep 24) data={'pos': np.int64(50), 'corr_resp': 'c', 'thisN': 98, 'thisTrialN': 2, 'thisRepN': 24}>
797.1541 	DATA 	Keypress: x
797.1686 	EXP 	fixation: autoDraw = False
797.1686 	EXP 	line1: autoDraw = False
797.1686 	EXP 	line_2: autoDraw = False
797.1686 	EXP 	line_3: autoDraw = False
797.1686 	EXP 	line4: autoDraw = False
797.1686 	EXP 	probe: autoDraw = False
797.1686 	EXP 	fixation: autoDraw = True
797.3029 	EXP 	Device response: <KeyPress from None: t=797.1379773999997, value=x, duration=0.16431780000038998>
798.1522 	EXP 	line1: autoDraw = True
798.1522 	EXP 	line_2: autoDraw = True
798.1522 	EXP 	line_3: autoDraw = True
798.1522 	EXP 	line4: autoDraw = True
798.1691 	EXP 	fixation: autoDraw = False
799.1525 	INFO 	Keyboard events cleared
799.1523 	EXP 	probe: autoDraw = True
800.3030 	EXP 	Device response: <KeyPress from None: t=800.2968799, value=c, duration=None>
800.3036 	EXP 	New trial (rep=24, index=3): <Trial 99 (3 in rep 24) data={'pos': np.int64(150), 'corr_resp': 'v', 'thisN': 99, 'thisTrialN': 3, 'thisRepN': 24}>
800.3049 	DATA 	Keypress: c
800.3188 	EXP 	fixation: autoDraw = False
800.3188 	EXP 	line1: autoDraw = False
800.3188 	EXP 	line_2: autoDraw = False
800.3188 	EXP 	line_3: autoDraw = False
800.3188 	EXP 	line4: autoDraw = False
800.3188 	EXP 	probe: autoDraw = False
800.3188 	EXP 	fixation: autoDraw = True
800.4860 	EXP 	Device response: <KeyPress from None: t=800.2968799, value=c, duration=0.1731526000003214>
801.3188 	EXP 	fixation: autoDraw = False
801.3188 	EXP 	line1: autoDraw = True
801.3188 	EXP 	line_2: autoDraw = True
801.3188 	EXP 	line_3: autoDraw = True
801.3188 	EXP 	line4: autoDraw = True
802.3028 	INFO 	Keyboard events cleared
802.3027 	EXP 	probe: autoDraw = True
803.4868 	EXP 	Device response: <KeyPress from None: t=803.4825377999996, value=v, duration=None>
803.4872 	EXP 	New trial (rep=25, index=0): <Trial 100 (0 in rep 25) data={'pos': np.int64(150), 'corr_resp': 'v', 'thisN': 100, 'thisTrialN': 0, 'thisRepN': 25}>
803.4885 	DATA 	Keypress: v
803.5019 	EXP 	fixation: autoDraw = False
803.5019 	EXP 	line1: autoDraw = False
803.5019 	EXP 	line_2: autoDraw = False
803.5019 	EXP 	line_3: autoDraw = False
803.5019 	EXP 	line4: autoDraw = False
803.5019 	EXP 	probe: autoDraw = False
803.5019 	EXP 	fixation: autoDraw = True
803.6693 	EXP 	Device response: <KeyPress from None: t=803.4825377999996, value=v, duration=0.18626399999993737>
804.5023 	EXP 	fixation: autoDraw = False
804.5023 	EXP 	line1: autoDraw = True
804.5023 	EXP 	line_2: autoDraw = True
804.5023 	EXP 	line_3: autoDraw = True
804.5023 	EXP 	line4: autoDraw = True
805.5033 	INFO 	Keyboard events cleared
805.5031 	EXP 	probe: autoDraw = True
806.2359 	EXP 	Device response: <KeyPress from None: t=806.2320750999997, value=v, duration=None>
806.2363 	EXP 	New trial (rep=25, index=1): <Trial 101 (1 in rep 25) data={'pos': np.int64(50), 'corr_resp': 'c', 'thisN': 101, 'thisTrialN': 1, 'thisRepN': 25}>
806.2375 	DATA 	Keypress: v
806.2524 	EXP 	fixation: autoDraw = False
806.2524 	EXP 	line1: autoDraw = False
806.2524 	EXP 	line_2: autoDraw = False
806.2524 	EXP 	line_3: autoDraw = False
806.2524 	EXP 	line4: autoDraw = False
806.2524 	EXP 	probe: autoDraw = False
806.2524 	EXP 	fixation: autoDraw = True
806.3861 	EXP 	Device response: <KeyPress from None: t=806.2320750999997, value=v, duration=0.15124329999980546>
807.2357 	EXP 	line1: autoDraw = True
807.2357 	EXP 	line_2: autoDraw = True
807.2357 	EXP 	line_3: autoDraw = True
807.2357 	EXP 	line4: autoDraw = True
807.2522 	EXP 	fixation: autoDraw = False
808.2358 	INFO 	Keyboard events cleared
808.2357 	EXP 	probe: autoDraw = True
809.0040 	EXP 	Device response: <KeyPress from None: t=808.9983804000003, value=c, duration=None>
809.0044 	EXP 	New trial (rep=25, index=2): <Trial 102 (2 in rep 25) data={'pos': np.int64(-150), 'corr_resp': 'z', 'thisN': 102, 'thisTrialN': 2, 'thisRepN': 25}>
809.0061 	DATA 	Keypress: c
809.0193 	EXP 	fixation: autoDraw = False
809.0193 	EXP 	line1: autoDraw = False
809.0193 	EXP 	line_2: autoDraw = False
809.0193 	EXP 	line_3: autoDraw = False
809.0193 	EXP 	line4: autoDraw = False
809.0193 	EXP 	probe: autoDraw = False
809.0193 	EXP 	fixation: autoDraw = True
809.1863 	EXP 	Device response: <KeyPress from None: t=808.9983804000003, value=c, duration=0.17676659999960975>
810.0186 	EXP 	fixation: autoDraw = False
810.0186 	EXP 	line1: autoDraw = True
810.0186 	EXP 	line_2: autoDraw = True
810.0186 	EXP 	line_3: autoDraw = True
810.0186 	EXP 	line4: autoDraw = True
811.0190 	INFO 	Keyboard events cleared
811.0188 	EXP 	probe: autoDraw = True
811.8027 	EXP 	Device response: <KeyPress from None: t=811.7926927999997, value=z, duration=None>
811.8032 	EXP 	New trial (rep=25, index=3): <Trial 103 (3 in rep 25) data={'pos': np.int64(-50), 'corr_resp': 'x', 'thisN': 103, 'thisTrialN': 3, 'thisRepN': 25}>
811.8048 	DATA 	Keypress: z
811.8190 	EXP 	fixation: autoDraw = False
811.8190 	EXP 	line1: autoDraw = False
811.8190 	EXP 	line_2: autoDraw = False
811.8190 	EXP 	line_3: autoDraw = False
811.8190 	EXP 	line4: autoDraw = False
811.8190 	EXP 	probe: autoDraw = False
811.8190 	EXP 	fixation: autoDraw = True
811.9694 	EXP 	Device response: <KeyPress from None: t=811.7926927999997, value=z, duration=0.17421860000013112>
812.8023 	EXP 	line1: autoDraw = True
812.8023 	EXP 	line_2: autoDraw = True
812.8023 	EXP 	line_3: autoDraw = True
812.8023 	EXP 	line4: autoDraw = True
812.8191 	EXP 	fixation: autoDraw = False
813.8024 	INFO 	Keyboard events cleared
813.8023 	EXP 	probe: autoDraw = True
814.5360 	EXP 	Device response: <KeyPress from None: t=814.5331759000001, value=x, duration=None>
814.5365 	EXP 	New trial (rep=26, index=0): <Trial 104 (0 in rep 26) data={'pos': np.int64(-50), 'corr_resp': 'x', 'thisN': 104, 'thisTrialN': 0, 'thisRepN': 26}>
814.5379 	DATA 	Keypress: x
814.5521 	EXP 	fixation: autoDraw = False
814.5521 	EXP 	line1: autoDraw = False
814.5521 	EXP 	line_2: autoDraw = False
814.5521 	EXP 	line_3: autoDraw = False
814.5521 	EXP 	line4: autoDraw = False
814.5521 	EXP 	probe: autoDraw = False
814.5521 	EXP 	fixation: autoDraw = True
814.7530 	EXP 	Device response: <KeyPress from None: t=814.5331759000001, value=x, duration=0.21772580000015296>
815.5356 	EXP 	line1: autoDraw = True
815.5356 	EXP 	line_2: autoDraw = True
815.5356 	EXP 	line_3: autoDraw = True
815.5356 	EXP 	line4: autoDraw = True
815.5523 	EXP 	fixation: autoDraw = False
816.5358 	INFO 	Keyboard events cleared
816.5356 	EXP 	probe: autoDraw = True
817.2360 	EXP 	Device response: <KeyPress from None: t=817.2289779000002, value=c, duration=None>
817.2365 	EXP 	New trial (rep=26, index=1): <Trial 105 (1 in rep 26) data={'pos': np.int64(50), 'corr_resp': 'c', 'thisN': 105, 'thisTrialN': 1, 'thisRepN': 26}>
817.2378 	DATA 	Keypress: c
817.2526 	EXP 	fixation: autoDraw = False
817.2526 	EXP 	line1: autoDraw = False
817.2526 	EXP 	line_2: autoDraw = False
817.2526 	EXP 	line_3: autoDraw = False
817.2526 	EXP 	line4: autoDraw = False
817.2526 	EXP 	probe: autoDraw = False
817.2526 	EXP 	fixation: autoDraw = True
817.4527 	EXP 	Device response: <KeyPress from None: t=817.2289779000002, value=c, duration=0.20893679999971937>
818.2356 	EXP 	line1: autoDraw = True
818.2356 	EXP 	line_2: autoDraw = True
818.2356 	EXP 	line_3: autoDraw = True
818.2356 	EXP 	line4: autoDraw = True
818.2525 	EXP 	fixation: autoDraw = False
819.2358 	INFO 	Keyboard events cleared
819.2357 	EXP 	probe: autoDraw = True
819.9027 	EXP 	Device response: <KeyPress from None: t=819.8999008000001, value=c, duration=None>
819.9030 	EXP 	New trial (rep=26, index=2): <Trial 106 (2 in rep 26) data={'pos': np.int64(-150), 'corr_resp': 'z', 'thisN': 106, 'thisTrialN': 2, 'thisRepN': 26}>
819.9045 	DATA 	Keypress: c
819.9188 	EXP 	fixation: autoDraw = False
819.9188 	EXP 	line1: autoDraw = False
819.9188 	EXP 	line_2: autoDraw = False
819.9188 	EXP 	line_3: autoDraw = False
819.9188 	EXP 	line4: autoDraw = False
819.9188 	EXP 	probe: autoDraw = False
819.9188 	EXP 	fixation: autoDraw = True
820.0865 	EXP 	Device response: <KeyPress from None: t=819.8999008000001, value=c, duration=0.18206809999992402>
820.9025 	EXP 	line1: autoDraw = True
820.9025 	EXP 	line_2: autoDraw = True
820.9025 	EXP 	line_3: autoDraw = True
820.9025 	EXP 	line4: autoDraw = True
820.9185 	EXP 	fixation: autoDraw = False
821.9027 	INFO 	Keyboard events cleared
821.9026 	EXP 	probe: autoDraw = True
822.8697 	EXP 	Device response: <KeyPress from None: t=822.8630482999997, value=z, duration=None>
822.8701 	EXP 	New trial (rep=26, index=3): <Trial 107 (3 in rep 26) data={'pos': np.int64(150), 'corr_resp': 'v', 'thisN': 107, 'thisTrialN': 3, 'thisRepN': 26}>
822.8715 	DATA 	Keypress: z
822.8857 	EXP 	fixation: autoDraw = False
822.8857 	EXP 	line1: autoDraw = False
822.8857 	EXP 	line_2: autoDraw = False
822.8857 	EXP 	line_3: autoDraw = False
822.8857 	EXP 	line4: autoDraw = False
822.8857 	EXP 	probe: autoDraw = False
822.8857 	EXP 	fixation: autoDraw = True
823.0360 	EXP 	Device response: <KeyPress from None: t=822.8630482999997, value=z, duration=0.17005630000039673>
823.8690 	EXP 	line1: autoDraw = True
823.8690 	EXP 	line_2: autoDraw = True
823.8690 	EXP 	line_3: autoDraw = True
823.8690 	EXP 	line4: autoDraw = True
823.8856 	EXP 	fixation: autoDraw = False
824.8703 	INFO 	Keyboard events cleared
824.8701 	EXP 	probe: autoDraw = True
826.0878 	DATA 	Keypress: v
826.1028 	EXP 	Device response: <KeyPress from None: t=826.0860773000004, value=v, duration=None>
826.1031 	EXP 	New trial (rep=27, index=0): <Trial 108 (0 in rep 27) data={'pos': np.int64(50), 'corr_resp': 'c', 'thisN': 108, 'thisTrialN': 0, 'thisRepN': 27}>
826.1192 	EXP 	fixation: autoDraw = False
826.1192 	EXP 	line1: autoDraw = False
826.1192 	EXP 	line_2: autoDraw = False
826.1192 	EXP 	line_3: autoDraw = False
826.1192 	EXP 	line4: autoDraw = False
826.1192 	EXP 	probe: autoDraw = False
826.1192 	EXP 	fixation: autoDraw = True
826.2526 	EXP 	Device response: <KeyPress from None: t=826.0860773000004, value=v, duration=0.163346499999534>
827.1022 	EXP 	line1: autoDraw = True
827.1022 	EXP 	line_2: autoDraw = True
827.1022 	EXP 	line_3: autoDraw = True
827.1022 	EXP 	line4: autoDraw = True
827.1189 	EXP 	fixation: autoDraw = False
828.1028 	INFO 	Keyboard events cleared
828.1026 	EXP 	probe: autoDraw = True
828.7860 	EXP 	Device response: <KeyPress from None: t=828.7776181999998, value=c, duration=None>
828.7864 	EXP 	New trial (rep=27, index=1): <Trial 109 (1 in rep 27) data={'pos': np.int64(-50), 'corr_resp': 'x', 'thisN': 109, 'thisTrialN': 1, 'thisRepN': 27}>
828.7878 	DATA 	Keypress: c
828.8023 	EXP 	fixation: autoDraw = False
828.8023 	EXP 	line1: autoDraw = False
828.8023 	EXP 	line_2: autoDraw = False
828.8023 	EXP 	line_3: autoDraw = False
828.8023 	EXP 	line4: autoDraw = False
828.8023 	EXP 	probe: autoDraw = False
828.8023 	EXP 	fixation: autoDraw = True
828.9362 	EXP 	Device response: <KeyPress from None: t=828.7776181999998, value=c, duration=0.1442633000006026>
829.7859 	EXP 	line1: autoDraw = True
829.7859 	EXP 	line_2: autoDraw = True
829.7859 	EXP 	line_3: autoDraw = True
829.7859 	EXP 	line4: autoDraw = True
829.8023 	EXP 	fixation: autoDraw = False
830.7860 	INFO 	Keyboard events cleared
830.7859 	EXP 	probe: autoDraw = True
831.6195 	EXP 	Device response: <KeyPress from None: t=831.6052616999996, value=x, duration=None>
831.6199 	EXP 	New trial (rep=27, index=2): <Trial 110 (2 in rep 27) data={'pos': np.int64(-150), 'corr_resp': 'z', 'thisN': 110, 'thisTrialN': 2, 'thisRepN': 27}>
831.6213 	DATA 	Keypress: x
831.6362 	EXP 	fixation: autoDraw = False
831.6362 	EXP 	line1: autoDraw = False
831.6362 	EXP 	line_2: autoDraw = False
831.6362 	EXP 	line_3: autoDraw = False
831.6362 	EXP 	line4: autoDraw = False
831.6362 	EXP 	probe: autoDraw = False
831.6362 	EXP 	fixation: autoDraw = True
831.7861 	EXP 	Device response: <KeyPress from None: t=831.6052616999996, value=x, duration=0.16576609999992797>
832.6192 	EXP 	line1: autoDraw = True
832.6192 	EXP 	line_2: autoDraw = True
832.6192 	EXP 	line_3: autoDraw = True
832.6192 	EXP 	line4: autoDraw = True
832.6358 	EXP 	fixation: autoDraw = False
833.6201 	INFO 	Keyboard events cleared
833.6199 	EXP 	probe: autoDraw = True
834.7860 	EXP 	Device response: <KeyPress from None: t=834.7764567000004, value=z, duration=None>
834.7863 	EXP 	New trial (rep=27, index=3): <Trial 111 (3 in rep 27) data={'pos': np.int64(150), 'corr_resp': 'v', 'thisN': 111, 'thisTrialN': 3, 'thisRepN': 27}>
834.7875 	DATA 	Keypress: z
834.8032 	EXP 	fixation: autoDraw = False
834.8032 	EXP 	line1: autoDraw = False
834.8032 	EXP 	line_2: autoDraw = False
834.8032 	EXP 	line_3: autoDraw = False
834.8032 	EXP 	line4: autoDraw = False
834.8032 	EXP 	probe: autoDraw = False
834.8032 	EXP 	fixation: autoDraw = True
834.9695 	EXP 	Device response: <KeyPress from None: t=834.7764567000004, value=z, duration=0.17740829999911512>
835.7854 	EXP 	line1: autoDraw = True
835.7854 	EXP 	line_2: autoDraw = True
835.7854 	EXP 	line_3: autoDraw = True
835.7854 	EXP 	line4: autoDraw = True
835.8191 	EXP 	fixation: autoDraw = False
836.7868 	INFO 	Keyboard events cleared
836.7866 	EXP 	probe: autoDraw = True
837.6864 	EXP 	Device response: <KeyPress from None: t=837.6721402000003, value=v, duration=None>
837.6867 	EXP 	New trial (rep=28, index=0): <Trial 112 (0 in rep 28) data={'pos': np.int64(-150), 'corr_resp': 'z', 'thisN': 112, 'thisTrialN': 0, 'thisRepN': 28}>
837.6881 	DATA 	Keypress: v
837.7028 	EXP 	fixation: autoDraw = False
837.7028 	EXP 	line1: autoDraw = False
837.7028 	EXP 	line_2: autoDraw = False
837.7028 	EXP 	line_3: autoDraw = False
837.7028 	EXP 	line4: autoDraw = False
837.7028 	EXP 	probe: autoDraw = False
837.7028 	EXP 	fixation: autoDraw = True
837.8530 	EXP 	Device response: <KeyPress from None: t=837.6721402000003, value=v, duration=0.1678420999996888>
838.6858 	EXP 	line1: autoDraw = True
838.6858 	EXP 	line_2: autoDraw = True
838.6858 	EXP 	line_3: autoDraw = True
838.6858 	EXP 	line4: autoDraw = True
838.7025 	EXP 	fixation: autoDraw = False
839.6858 	INFO 	Keyboard events cleared
839.6856 	EXP 	probe: autoDraw = True
840.4362 	EXP 	Device response: <KeyPress from None: t=840.4235264999998, value=z, duration=None>
840.4367 	EXP 	New trial (rep=28, index=1): <Trial 113 (1 in rep 28) data={'pos': np.int64(-50), 'corr_resp': 'x', 'thisN': 113, 'thisTrialN': 1, 'thisRepN': 28}>
840.4380 	DATA 	Keypress: z
840.4527 	EXP 	fixation: autoDraw = False
840.4527 	EXP 	line1: autoDraw = False
840.4527 	EXP 	line_2: autoDraw = False
840.4527 	EXP 	line_3: autoDraw = False
840.4527 	EXP 	line4: autoDraw = False
840.4527 	EXP 	probe: autoDraw = False
840.4527 	EXP 	fixation: autoDraw = True
840.6030 	EXP 	Device response: <KeyPress from None: t=840.4235264999998, value=z, duration=0.16734200000064448>
841.4358 	EXP 	line1: autoDraw = True
841.4358 	EXP 	line_2: autoDraw = True
841.4358 	EXP 	line_3: autoDraw = True
841.4358 	EXP 	line4: autoDraw = True
841.4525 	EXP 	fixation: autoDraw = False
842.4359 	INFO 	Keyboard events cleared
842.4358 	EXP 	probe: autoDraw = True
843.0361 	EXP 	Device response: <KeyPress from None: t=843.0290165999995, value=x, duration=None>
843.0365 	EXP 	New trial (rep=28, index=2): <Trial 114 (2 in rep 28) data={'pos': np.int64(50), 'corr_resp': 'c', 'thisN': 114, 'thisTrialN': 2, 'thisRepN': 28}>
843.0379 	DATA 	Keypress: x
843.0533 	EXP 	fixation: autoDraw = False
843.0533 	EXP 	line1: autoDraw = False
843.0533 	EXP 	line_2: autoDraw = False
843.0533 	EXP 	line_3: autoDraw = False
843.0533 	EXP 	line4: autoDraw = False
843.0533 	EXP 	probe: autoDraw = False
843.0533 	EXP 	fixation: autoDraw = True
843.2029 	EXP 	Device response: <KeyPress from None: t=843.0290165999995, value=x, duration=0.16474510000080045>
844.0359 	EXP 	line1: autoDraw = True
844.0359 	EXP 	line_2: autoDraw = True
844.0359 	EXP 	line_3: autoDraw = True
844.0359 	EXP 	line4: autoDraw = True
844.0527 	EXP 	fixation: autoDraw = False
845.0359 	INFO 	Keyboard events cleared
845.0357 	EXP 	probe: autoDraw = True
845.6022 	EXP 	Device response: <KeyPress from None: t=845.5922793999998, value=c, duration=None>
845.6026 	EXP 	New trial (rep=28, index=3): <Trial 115 (3 in rep 28) data={'pos': np.int64(150), 'corr_resp': 'v', 'thisN': 115, 'thisTrialN': 3, 'thisRepN': 28}>
845.6040 	DATA 	Keypress: c
845.6182 	EXP 	fixation: autoDraw = False
845.6182 	EXP 	line1: autoDraw = False
845.6182 	EXP 	line_2: autoDraw = False
845.6182 	EXP 	line_3: autoDraw = False
845.6182 	EXP 	line4: autoDraw = False
845.6182 	EXP 	probe: autoDraw = False
845.6182 	EXP 	fixation: autoDraw = True
845.7856 	EXP 	Device response: <KeyPress from None: t=845.5922793999998, value=c, duration=0.1777364999998099>
846.6178 	EXP 	fixation: autoDraw = False
846.6178 	EXP 	line1: autoDraw = True
846.6178 	EXP 	line_2: autoDraw = True
846.6178 	EXP 	line_3: autoDraw = True
846.6178 	EXP 	line4: autoDraw = True
847.6181 	INFO 	Keyboard events cleared
847.6179 	EXP 	probe: autoDraw = True
849.2194 	EXP 	Device response: <KeyPress from None: t=849.2154978999997, value=v, duration=None>
849.2198 	EXP 	New trial (rep=29, index=0): <Trial 116 (0 in rep 29) data={'pos': np.int64(50), 'corr_resp': 'c', 'thisN': 116, 'thisTrialN': 0, 'thisRepN': 29}>
849.2212 	DATA 	Keypress: v
849.2355 	EXP 	fixation: autoDraw = False
849.2355 	EXP 	line1: autoDraw = False
849.2355 	EXP 	line_2: autoDraw = False
849.2355 	EXP 	line_3: autoDraw = False
849.2355 	EXP 	line4: autoDraw = False
849.2355 	EXP 	probe: autoDraw = False
849.2355 	EXP 	fixation: autoDraw = True
849.3871 	EXP 	Device response: <KeyPress from None: t=849.2154978999997, value=v, duration=0.16678279999996448>
850.2191 	EXP 	line1: autoDraw = True
850.2191 	EXP 	line_2: autoDraw = True
850.2191 	EXP 	line_3: autoDraw = True
850.2191 	EXP 	line4: autoDraw = True
850.2359 	EXP 	fixation: autoDraw = False
851.2193 	INFO 	Keyboard events cleared
851.2191 	EXP 	probe: autoDraw = True
851.9861 	EXP 	Device response: <KeyPress from None: t=851.9782022999998, value=c, duration=None>
851.9865 	EXP 	New trial (rep=29, index=1): <Trial 117 (1 in rep 29) data={'pos': np.int64(-150), 'corr_resp': 'z', 'thisN': 117, 'thisTrialN': 1, 'thisRepN': 29}>
851.9879 	DATA 	Keypress: c
852.0026 	EXP 	fixation: autoDraw = False
852.0026 	EXP 	line1: autoDraw = False
852.0026 	EXP 	line_2: autoDraw = False
852.0026 	EXP 	line_3: autoDraw = False
852.0026 	EXP 	line4: autoDraw = False
852.0026 	EXP 	probe: autoDraw = False
852.0026 	EXP 	fixation: autoDraw = True
852.0864 	EXP 	Device response: <KeyPress from None: t=851.9782022999998, value=c, duration=0.10212680000040564>
852.9864 	EXP 	line1: autoDraw = True
852.9864 	EXP 	line_2: autoDraw = True
852.9864 	EXP 	line_3: autoDraw = True
852.9864 	EXP 	line4: autoDraw = True
853.0025 	EXP 	fixation: autoDraw = False
853.9861 	INFO 	Keyboard events cleared
853.9859 	EXP 	probe: autoDraw = True
854.8535 	EXP 	Device response: <KeyPress from None: t=854.8515393999996, value=z, duration=None>
854.8539 	EXP 	New trial (rep=29, index=2): <Trial 118 (2 in rep 29) data={'pos': np.int64(150), 'corr_resp': 'v', 'thisN': 118, 'thisTrialN': 2, 'thisRepN': 29}>
854.8553 	DATA 	Keypress: z
854.8692 	EXP 	fixation: autoDraw = False
854.8692 	EXP 	line1: autoDraw = False
854.8692 	EXP 	line_2: autoDraw = False
854.8692 	EXP 	line_3: autoDraw = False
854.8692 	EXP 	line4: autoDraw = False
854.8692 	EXP 	probe: autoDraw = False
854.8692 	EXP 	fixation: autoDraw = True
855.0029 	EXP 	Device response: <KeyPress from None: t=854.8515393999996, value=z, duration=0.13731270000062068>
855.8702 	EXP 	fixation: autoDraw = False
855.8702 	EXP 	line1: autoDraw = True
855.8702 	EXP 	line_2: autoDraw = True
855.8702 	EXP 	line_3: autoDraw = True
855.8702 	EXP 	line4: autoDraw = True
856.8693 	INFO 	Keyboard events cleared
856.8691 	EXP 	probe: autoDraw = True
857.6529 	EXP 	Device response: <KeyPress from None: t=857.6405676000004, value=v, duration=None>
857.6534 	EXP 	New trial (rep=29, index=3): <Trial 119 (3 in rep 29) data={'pos': np.int64(-50), 'corr_resp': 'x', 'thisN': 119, 'thisTrialN': 3, 'thisRepN': 29}>
857.6549 	DATA 	Keypress: v
857.6700 	EXP 	fixation: autoDraw = False
857.6700 	EXP 	line1: autoDraw = False
857.6700 	EXP 	line_2: autoDraw = False
857.6700 	EXP 	line_3: autoDraw = False
857.6700 	EXP 	line4: autoDraw = False
857.6700 	EXP 	probe: autoDraw = False
857.6700 	EXP 	fixation: autoDraw = True
857.7695 	EXP 	Device response: <KeyPress from None: t=857.6405676000004, value=v, duration=0.118487599999753>
858.6525 	EXP 	line1: autoDraw = True
858.6525 	EXP 	line_2: autoDraw = True
858.6525 	EXP 	line_3: autoDraw = True
858.6525 	EXP 	line4: autoDraw = True
858.6692 	EXP 	fixation: autoDraw = False
859.6527 	INFO 	Keyboard events cleared
859.6525 	EXP 	probe: autoDraw = True
860.4695 	EXP 	Device response: <KeyPress from None: t=860.4662723000001, value=x, duration=None>
860.4699 	EXP 	New trial (rep=30, index=0): <Trial 120 (0 in rep 30) data={'pos': np.int64(150), 'corr_resp': 'v', 'thisN': 120, 'thisTrialN': 0, 'thisRepN': 30}>
860.4711 	DATA 	Keypress: x
860.4860 	EXP 	fixation: autoDraw = False
860.4860 	EXP 	line1: autoDraw = False
860.4860 	EXP 	line_2: autoDraw = False
860.4860 	EXP 	line_3: autoDraw = False
860.4860 	EXP 	line4: autoDraw = False
860.4860 	EXP 	probe: autoDraw = False
860.4860 	EXP 	fixation: autoDraw = True
860.6359 	EXP 	Device response: <KeyPress from None: t=860.4662723000001, value=x, duration=0.15940429999955086>
861.4683 	EXP 	line1: autoDraw = True
861.4683 	EXP 	line_2: autoDraw = True
861.4683 	EXP 	line_3: autoDraw = True
861.4683 	EXP 	line4: autoDraw = True
861.4859 	EXP 	fixation: autoDraw = False
862.4695 	INFO 	Keyboard events cleared
862.4693 	EXP 	probe: autoDraw = True
863.2197 	EXP 	Device response: <KeyPress from None: t=863.2087485000002, value=v, duration=None>
863.2201 	EXP 	New trial (rep=30, index=1): <Trial 121 (1 in rep 30) data={'pos': np.int64(50), 'corr_resp': 'c', 'thisN': 121, 'thisTrialN': 1, 'thisRepN': 30}>
863.2214 	DATA 	Keypress: v
863.2359 	EXP 	fixation: autoDraw = False
863.2359 	EXP 	line1: autoDraw = False
863.2359 	EXP 	line_2: autoDraw = False
863.2359 	EXP 	line_3: autoDraw = False
863.2359 	EXP 	line4: autoDraw = False
863.2359 	EXP 	probe: autoDraw = False
863.2359 	EXP 	fixation: autoDraw = True
863.3701 	EXP 	Device response: <KeyPress from None: t=863.2087485000002, value=v, duration=0.15510540000013862>
864.2191 	EXP 	line1: autoDraw = True
864.2191 	EXP 	line_2: autoDraw = True
864.2191 	EXP 	line_3: autoDraw = True
864.2191 	EXP 	line4: autoDraw = True
864.2361 	EXP 	fixation: autoDraw = False
865.2193 	INFO 	Keyboard events cleared
865.2192 	EXP 	probe: autoDraw = True
865.9695 	EXP 	Device response: <KeyPress from None: t=865.9662902, value=c, duration=None>
865.9699 	EXP 	New trial (rep=30, index=2): <Trial 122 (2 in rep 30) data={'pos': np.int64(-50), 'corr_resp': 'x', 'thisN': 122, 'thisTrialN': 2, 'thisRepN': 30}>
865.9713 	DATA 	Keypress: c
865.9858 	EXP 	fixation: autoDraw = False
865.9858 	EXP 	line1: autoDraw = False
865.9858 	EXP 	line_2: autoDraw = False
865.9858 	EXP 	line_3: autoDraw = False
865.9858 	EXP 	line4: autoDraw = False
865.9858 	EXP 	probe: autoDraw = False
865.9858 	EXP 	fixation: autoDraw = True
866.1533 	EXP 	Device response: <KeyPress from None: t=865.9662902, value=c, duration=0.1771466000000146>
866.9694 	EXP 	line1: autoDraw = True
866.9694 	EXP 	line_2: autoDraw = True
866.9694 	EXP 	line_3: autoDraw = True
866.9694 	EXP 	line4: autoDraw = True
866.9858 	EXP 	fixation: autoDraw = False
867.9695 	INFO 	Keyboard events cleared
867.9693 	EXP 	probe: autoDraw = True
868.5546 	DATA 	Keypress: x
868.5699 	EXP 	Device response: <KeyPress from None: t=868.5534699999998, value=x, duration=None>
868.5704 	EXP 	New trial (rep=30, index=3): <Trial 123 (3 in rep 30) data={'pos': np.int64(-150), 'corr_resp': 'z', 'thisN': 123, 'thisTrialN': 3, 'thisRepN': 30}>
868.5856 	EXP 	fixation: autoDraw = False
868.5856 	EXP 	line1: autoDraw = False
868.5856 	EXP 	line_2: autoDraw = False
868.5856 	EXP 	line_3: autoDraw = False
868.5856 	EXP 	line4: autoDraw = False
868.5856 	EXP 	probe: autoDraw = False
868.5856 	EXP 	fixation: autoDraw = True
868.7363 	EXP 	Device response: <KeyPress from None: t=868.5534699999998, value=x, duration=0.1761717999997927>
869.5858 	EXP 	fixation: autoDraw = False
869.5858 	EXP 	line1: autoDraw = True
869.5858 	EXP 	line_2: autoDraw = True
869.5858 	EXP 	line_3: autoDraw = True
869.5858 	EXP 	line4: autoDraw = True
870.5860 	INFO 	Keyboard events cleared
870.5858 	EXP 	probe: autoDraw = True
871.4367 	EXP 	Device response: <KeyPress from None: t=871.4272921000002, value=z, duration=None>
871.4372 	EXP 	New trial (rep=31, index=0): <Trial 124 (0 in rep 31) data={'pos': np.int64(150), 'corr_resp': 'v', 'thisN': 124, 'thisTrialN': 0, 'thisRepN': 31}>
871.4387 	DATA 	Keypress: z
871.4525 	EXP 	fixation: autoDraw = False
871.4525 	EXP 	line1: autoDraw = False
871.4525 	EXP 	line_2: autoDraw = False
871.4525 	EXP 	line_3: autoDraw = False
871.4525 	EXP 	line4: autoDraw = False
871.4525 	EXP 	probe: autoDraw = False
871.4525 	EXP 	fixation: autoDraw = True
871.6197 	EXP 	Device response: <KeyPress from None: t=871.4272921000002, value=z, duration=0.17617969999992056>
872.4525 	EXP 	fixation: autoDraw = False
872.4525 	EXP 	line1: autoDraw = True
872.4525 	EXP 	line_2: autoDraw = True
872.4525 	EXP 	line_3: autoDraw = True
872.4525 	EXP 	line4: autoDraw = True
873.4529 	INFO 	Keyboard events cleared
873.4528 	EXP 	probe: autoDraw = True
874.2030 	EXP 	Device response: <KeyPress from None: t=874.1962979999998, value=v, duration=None>
874.2034 	EXP 	New trial (rep=31, index=1): <Trial 125 (1 in rep 31) data={'pos': np.int64(50), 'corr_resp': 'c', 'thisN': 125, 'thisTrialN': 1, 'thisRepN': 31}>
874.2049 	DATA 	Keypress: v
874.2196 	EXP 	fixation: autoDraw = False
874.2196 	EXP 	line1: autoDraw = False
874.2196 	EXP 	line_2: autoDraw = False
874.2196 	EXP 	line_3: autoDraw = False
874.2196 	EXP 	line4: autoDraw = False
874.2196 	EXP 	probe: autoDraw = False
874.2196 	EXP 	fixation: autoDraw = True
874.3695 	EXP 	Device response: <KeyPress from None: t=874.1962979999998, value=v, duration=0.17043240000020887>
875.2026 	EXP 	line1: autoDraw = True
875.2026 	EXP 	line_2: autoDraw = True
875.2026 	EXP 	line_3: autoDraw = True
875.2026 	EXP 	line4: autoDraw = True
875.2195 	EXP 	fixation: autoDraw = False
876.2028 	INFO 	Keyboard events cleared
876.2026 	EXP 	probe: autoDraw = True
876.8865 	EXP 	Device response: <KeyPress from None: t=876.8838892000003, value=c, duration=None>
876.8868 	EXP 	New trial (rep=31, index=2): <Trial 126 (2 in rep 31) data={'pos': np.int64(-50), 'corr_resp': 'x', 'thisN': 126, 'thisTrialN': 2, 'thisRepN': 31}>
876.8882 	DATA 	Keypress: c
876.9028 	EXP 	fixation: autoDraw = False
876.9028 	EXP 	line1: autoDraw = False
876.9028 	EXP 	line_2: autoDraw = False
876.9028 	EXP 	line_3: autoDraw = False
876.9028 	EXP 	line4: autoDraw = False
876.9028 	EXP 	probe: autoDraw = False
876.9028 	EXP 	fixation: autoDraw = True
877.0530 	EXP 	Device response: <KeyPress from None: t=876.8838892000003, value=c, duration=0.16627840000001015>
877.8860 	EXP 	line1: autoDraw = True
877.8860 	EXP 	line_2: autoDraw = True
877.8860 	EXP 	line_3: autoDraw = True
877.8860 	EXP 	line4: autoDraw = True
877.9027 	EXP 	fixation: autoDraw = False
878.8860 	INFO 	Keyboard events cleared
878.8858 	EXP 	probe: autoDraw = True
879.4364 	EXP 	Device response: <KeyPress from None: t=879.4234231, value=x, duration=None>
879.4368 	EXP 	New trial (rep=31, index=3): <Trial 127 (3 in rep 31) data={'pos': np.int64(-150), 'corr_resp': 'z', 'thisN': 127, 'thisTrialN': 3, 'thisRepN': 31}>
879.4383 	DATA 	Keypress: x
879.4527 	EXP 	fixation: autoDraw = False
879.4527 	EXP 	line1: autoDraw = False
879.4527 	EXP 	line_2: autoDraw = False
879.4527 	EXP 	line_3: autoDraw = False
879.4527 	EXP 	line4: autoDraw = False
879.4527 	EXP 	probe: autoDraw = False
879.4527 	EXP 	fixation: autoDraw = True
879.5871 	EXP 	Device response: <KeyPress from None: t=879.4234231, value=x, duration=0.15957950000029086>
880.4357 	EXP 	line1: autoDraw = True
880.4357 	EXP 	line_2: autoDraw = True
880.4357 	EXP 	line_3: autoDraw = True
880.4357 	EXP 	line4: autoDraw = True
880.4526 	EXP 	fixation: autoDraw = False
881.4360 	INFO 	Keyboard events cleared
881.4358 	EXP 	probe: autoDraw = True
882.2534 	EXP 	Device response: <KeyPress from None: t=882.2506514999995, value=z, duration=None>
882.2538 	EXP 	New trial (rep=32, index=0): <Trial 128 (0 in rep 32) data={'pos': np.int64(-150), 'corr_resp': 'z', 'thisN': 128, 'thisTrialN': 0, 'thisRepN': 32}>
882.2551 	DATA 	Keypress: z
882.2692 	EXP 	fixation: autoDraw = False
882.2692 	EXP 	line1: autoDraw = False
882.2692 	EXP 	line_2: autoDraw = False
882.2692 	EXP 	line_3: autoDraw = False
882.2692 	EXP 	line4: autoDraw = False
882.2692 	EXP 	probe: autoDraw = False
882.2692 	EXP 	fixation: autoDraw = True
882.4531 	EXP 	Device response: <KeyPress from None: t=882.2506514999995, value=z, duration=0.18729670000084297>
883.2527 	EXP 	line1: autoDraw = True
883.2527 	EXP 	line_2: autoDraw = True
883.2527 	EXP 	line_3: autoDraw = True
883.2527 	EXP 	line4: autoDraw = True
883.2694 	EXP 	fixation: autoDraw = False
884.2694 	INFO 	Keyboard events cleared
884.2693 	EXP 	probe: autoDraw = True
885.1528 	EXP 	Device response: <KeyPress from None: t=885.1443773000001, value=z, duration=None>
885.1532 	EXP 	New trial (rep=32, index=1): <Trial 129 (1 in rep 32) data={'pos': np.int64(50), 'corr_resp': 'c', 'thisN': 129, 'thisTrialN': 1, 'thisRepN': 32}>
885.1546 	DATA 	Keypress: z
885.1693 	EXP 	fixation: autoDraw = False
885.1693 	EXP 	line1: autoDraw = False
885.1693 	EXP 	line_2: autoDraw = False
885.1693 	EXP 	line_3: autoDraw = False
885.1693 	EXP 	line4: autoDraw = False
885.1693 	EXP 	probe: autoDraw = False
885.1693 	EXP 	fixation: autoDraw = True
885.3361 	EXP 	Device response: <KeyPress from None: t=885.1443773000001, value=z, duration=0.18790230000013253>
886.1528 	EXP 	line1: autoDraw = True
886.1528 	EXP 	line_2: autoDraw = True
886.1528 	EXP 	line_3: autoDraw = True
886.1528 	EXP 	line4: autoDraw = True
886.1694 	EXP 	fixation: autoDraw = False
887.1531 	INFO 	Keyboard events cleared
887.1529 	EXP 	probe: autoDraw = True
887.9701 	EXP 	Device response: <KeyPress from None: t=887.9556009999997, value=c, duration=None>
887.9705 	EXP 	New trial (rep=32, index=2): <Trial 130 (2 in rep 32) data={'pos': np.int64(150), 'corr_resp': 'v', 'thisN': 130, 'thisTrialN': 2, 'thisRepN': 32}>
887.9722 	DATA 	Keypress: c
887.9863 	EXP 	fixation: autoDraw = False
887.9863 	EXP 	line1: autoDraw = False
887.9863 	EXP 	line_2: autoDraw = False
887.9863 	EXP 	line_3: autoDraw = False
887.9863 	EXP 	line4: autoDraw = False
887.9863 	EXP 	probe: autoDraw = False
887.9863 	EXP 	fixation: autoDraw = True
888.1530 	EXP 	Device response: <KeyPress from None: t=887.9556009999997, value=c, duration=0.19470490000003338>
888.9863 	EXP 	fixation: autoDraw = False
888.9863 	EXP 	line1: autoDraw = True
888.9863 	EXP 	line_2: autoDraw = True
888.9863 	EXP 	line_3: autoDraw = True
888.9863 	EXP 	line4: autoDraw = True
889.9862 	INFO 	Keyboard events cleared
889.9861 	EXP 	probe: autoDraw = True
890.9534 	EXP 	Device response: <KeyPress from None: t=890.9488799999999, value=v, duration=None>
890.9538 	EXP 	New trial (rep=32, index=3): <Trial 131 (3 in rep 32) data={'pos': np.int64(-50), 'corr_resp': 'x', 'thisN': 131, 'thisTrialN': 3, 'thisRepN': 32}>
890.9550 	DATA 	Keypress: v
890.9694 	EXP 	fixation: autoDraw = False
890.9694 	EXP 	line1: autoDraw = False
890.9694 	EXP 	line_2: autoDraw = False
890.9694 	EXP 	line_3: autoDraw = False
890.9694 	EXP 	line4: autoDraw = False
890.9694 	EXP 	probe: autoDraw = False
890.9694 	EXP 	fixation: autoDraw = True
891.1196 	EXP 	Device response: <KeyPress from None: t=890.9488799999999, value=v, duration=0.1678658999999243>
891.9693 	EXP 	fixation: autoDraw = False
891.9693 	EXP 	line1: autoDraw = True
891.9693 	EXP 	line_2: autoDraw = True
891.9693 	EXP 	line_3: autoDraw = True
891.9693 	EXP 	line4: autoDraw = True
892.9532 	INFO 	Keyboard events cleared
892.9531 	EXP 	probe: autoDraw = True
893.9204 	EXP 	Device response: <KeyPress from None: t=893.9165090999995, value=x, duration=None>
893.9208 	EXP 	New trial (rep=33, index=0): <Trial 132 (0 in rep 33) data={'pos': np.int64(-150), 'corr_resp': 'z', 'thisN': 132, 'thisTrialN': 0, 'thisRepN': 33}>
893.9221 	DATA 	Keypress: x
893.9359 	EXP 	fixation: autoDraw = False
893.9359 	EXP 	line1: autoDraw = False
893.9359 	EXP 	line_2: autoDraw = False
893.9359 	EXP 	line_3: autoDraw = False
893.9359 	EXP 	line4: autoDraw = False
893.9359 	EXP 	probe: autoDraw = False
893.9359 	EXP 	fixation: autoDraw = True
894.0867 	EXP 	Device response: <KeyPress from None: t=893.9165090999995, value=x, duration=0.16156900000078167>
894.9358 	EXP 	fixation: autoDraw = False
894.9358 	EXP 	line1: autoDraw = True
894.9358 	EXP 	line_2: autoDraw = True
894.9358 	EXP 	line_3: autoDraw = True
894.9358 	EXP 	line4: autoDraw = True
895.9360 	INFO 	Keyboard events cleared
895.9358 	EXP 	probe: autoDraw = True
896.7036 	EXP 	Device response: <KeyPress from None: t=896.7023680000002, value=z, duration=None>
896.7040 	EXP 	New trial (rep=33, index=1): <Trial 133 (1 in rep 33) data={'pos': np.int64(150), 'corr_resp': 'v', 'thisN': 133, 'thisTrialN': 1, 'thisRepN': 33}>
896.7053 	DATA 	Keypress: z
896.7195 	EXP 	fixation: autoDraw = False
896.7195 	EXP 	line1: autoDraw = False
896.7195 	EXP 	line_2: autoDraw = False
896.7195 	EXP 	line_3: autoDraw = False
896.7195 	EXP 	line4: autoDraw = False
896.7195 	EXP 	probe: autoDraw = False
896.7195 	EXP 	fixation: autoDraw = True
896.8696 	EXP 	Device response: <KeyPress from None: t=896.7023680000002, value=z, duration=0.164444299999559>
897.7027 	EXP 	line1: autoDraw = True
897.7027 	EXP 	line_2: autoDraw = True
897.7027 	EXP 	line_3: autoDraw = True
897.7027 	EXP 	line4: autoDraw = True
897.7194 	EXP 	fixation: autoDraw = False
898.7195 	INFO 	Keyboard events cleared
898.7193 	EXP 	probe: autoDraw = True
899.8547 	DATA 	Keypress: v
899.8693 	EXP 	Device response: <KeyPress from None: t=899.8529602999997, value=v, duration=None>
899.8697 	EXP 	New trial (rep=33, index=2): <Trial 134 (2 in rep 33) data={'pos': np.int64(-50), 'corr_resp': 'x', 'thisN': 134, 'thisTrialN': 2, 'thisRepN': 33}>
899.8859 	EXP 	fixation: autoDraw = False
899.8859 	EXP 	line1: autoDraw = False
899.8859 	EXP 	line_2: autoDraw = False
899.8859 	EXP 	line_3: autoDraw = False
899.8859 	EXP 	line4: autoDraw = False
899.8859 	EXP 	probe: autoDraw = False
899.8859 	EXP 	fixation: autoDraw = True
900.0364 	EXP 	Device response: <KeyPress from None: t=899.8529602999997, value=v, duration=0.1806577000006655>
900.8695 	EXP 	line1: autoDraw = True
900.8695 	EXP 	line_2: autoDraw = True
900.8695 	EXP 	line_3: autoDraw = True
900.8695 	EXP 	line4: autoDraw = True
900.8873 	EXP 	fixation: autoDraw = False
901.8696 	INFO 	Keyboard events cleared
901.8694 	EXP 	probe: autoDraw = True
903.1197 	EXP 	Device response: <KeyPress from None: t=903.1056165999998, value=x, duration=None>
903.1201 	EXP 	New trial (rep=33, index=3): <Trial 135 (3 in rep 33) data={'pos': np.int64(50), 'corr_resp': 'c', 'thisN': 135, 'thisTrialN': 3, 'thisRepN': 33}>
903.1214 	DATA 	Keypress: x
903.1361 	EXP 	fixation: autoDraw = False
903.1361 	EXP 	line1: autoDraw = False
903.1361 	EXP 	line_2: autoDraw = False
903.1361 	EXP 	line_3: autoDraw = False
903.1361 	EXP 	line4: autoDraw = False
903.1361 	EXP 	probe: autoDraw = False
903.1361 	EXP 	fixation: autoDraw = True
903.3036 	EXP 	Device response: <KeyPress from None: t=903.1056165999998, value=x, duration=0.19718180000018037>
904.1198 	EXP 	line1: autoDraw = True
904.1198 	EXP 	line_2: autoDraw = True
904.1198 	EXP 	line_3: autoDraw = True
904.1198 	EXP 	line4: autoDraw = True
904.1361 	EXP 	fixation: autoDraw = False
905.1197 	INFO 	Keyboard events cleared
905.1195 	EXP 	probe: autoDraw = True
906.8540 	EXP 	Device response: <KeyPress from None: t=906.8444904999997, value=c, duration=None>
906.8544 	EXP 	New trial (rep=34, index=0): <Trial 136 (0 in rep 34) data={'pos': np.int64(-50), 'corr_resp': 'x', 'thisN': 136, 'thisTrialN': 0, 'thisRepN': 34}>
906.8557 	DATA 	Keypress: c
906.8699 	EXP 	fixation: autoDraw = False
906.8699 	EXP 	line1: autoDraw = False
906.8699 	EXP 	line_2: autoDraw = False
906.8699 	EXP 	line_3: autoDraw = False
906.8699 	EXP 	line4: autoDraw = False
906.8699 	EXP 	probe: autoDraw = False
906.8699 	EXP 	fixation: autoDraw = True
907.0200 	EXP 	Device response: <KeyPress from None: t=906.8444904999997, value=c, duration=0.1585374000005686>
907.8694 	EXP 	fixation: autoDraw = False
907.8694 	EXP 	line1: autoDraw = True
907.8694 	EXP 	line_2: autoDraw = True
907.8694 	EXP 	line_3: autoDraw = True
907.8694 	EXP 	line4: autoDraw = True
908.8696 	INFO 	Keyboard events cleared
908.8694 	EXP 	probe: autoDraw = True
910.2201 	EXP 	Device response: <KeyPress from None: t=910.2072427000003, value=x, duration=None>
910.2205 	EXP 	New trial (rep=34, index=1): <Trial 137 (1 in rep 34) data={'pos': np.int64(50), 'corr_resp': 'c', 'thisN': 137, 'thisTrialN': 1, 'thisRepN': 34}>
910.2220 	DATA 	Keypress: x
910.2359 	EXP 	fixation: autoDraw = False
910.2359 	EXP 	line1: autoDraw = False
910.2359 	EXP 	line_2: autoDraw = False
910.2359 	EXP 	line_3: autoDraw = False
910.2359 	EXP 	line4: autoDraw = False
910.2359 	EXP 	probe: autoDraw = False
910.2359 	EXP 	fixation: autoDraw = True
910.4037 	EXP 	Device response: <KeyPress from None: t=910.2072427000003, value=x, duration=0.19182849999924656>
911.2362 	EXP 	fixation: autoDraw = False
911.2362 	EXP 	line1: autoDraw = True
911.2362 	EXP 	line_2: autoDraw = True
911.2362 	EXP 	line_3: autoDraw = True
911.2362 	EXP 	line4: autoDraw = True
912.2198 	INFO 	Keyboard events cleared
912.2196 	EXP 	probe: autoDraw = True
913.4533 	EXP 	Device response: <KeyPress from None: t=913.4506277999999, value=c, duration=None>
913.4537 	EXP 	New trial (rep=34, index=2): <Trial 138 (2 in rep 34) data={'pos': np.int64(150), 'corr_resp': 'v', 'thisN': 138, 'thisTrialN': 2, 'thisRepN': 34}>
913.4553 	DATA 	Keypress: c
913.4695 	EXP 	fixation: autoDraw = False
913.4695 	EXP 	line1: autoDraw = False
913.4695 	EXP 	line_2: autoDraw = False
913.4695 	EXP 	line_3: autoDraw = False
913.4695 	EXP 	line4: autoDraw = False
913.4695 	EXP 	probe: autoDraw = False
913.4695 	EXP 	fixation: autoDraw = True
913.6534 	EXP 	Device response: <KeyPress from None: t=913.4506277999999, value=c, duration=0.20045219999974506>
914.4530 	EXP 	line1: autoDraw = True
914.4530 	EXP 	line_2: autoDraw = True
914.4530 	EXP 	line_3: autoDraw = True
914.4530 	EXP 	line4: autoDraw = True
914.4695 	EXP 	fixation: autoDraw = False
915.4530 	INFO 	Keyboard events cleared
915.4528 	EXP 	probe: autoDraw = True
916.7194 	EXP 	Device response: <KeyPress from None: t=916.7059503, value=v, duration=None>
916.7198 	EXP 	New trial (rep=34, index=3): <Trial 139 (3 in rep 34) data={'pos': np.int64(-150), 'corr_resp': 'z', 'thisN': 139, 'thisTrialN': 3, 'thisRepN': 34}>
916.7212 	DATA 	Keypress: v
916.7357 	EXP 	fixation: autoDraw = False
916.7357 	EXP 	line1: autoDraw = False
916.7357 	EXP 	line_2: autoDraw = False
916.7357 	EXP 	line_3: autoDraw = False
916.7357 	EXP 	line4: autoDraw = False
916.7357 	EXP 	probe: autoDraw = False
916.7357 	EXP 	fixation: autoDraw = True
916.8696 	EXP 	Device response: <KeyPress from None: t=916.7059503, value=v, duration=0.1487685000001875>
917.7194 	EXP 	line1: autoDraw = True
917.7194 	EXP 	line_2: autoDraw = True
917.7194 	EXP 	line_3: autoDraw = True
917.7194 	EXP 	line4: autoDraw = True
917.7365 	EXP 	fixation: autoDraw = False
918.7208 	INFO 	Keyboard events cleared
918.7206 	EXP 	probe: autoDraw = True
919.3865 	EXP 	Device response: <KeyPress from None: t=919.3748136000004, value=z, duration=None>
919.3868 	EXP 	New trial (rep=35, index=0): <Trial 140 (0 in rep 35) data={'pos': np.int64(-50), 'corr_resp': 'x', 'thisN': 140, 'thisTrialN': 0, 'thisRepN': 35}>
919.3882 	DATA 	Keypress: z
919.4029 	EXP 	fixation: autoDraw = False
919.4029 	EXP 	line1: autoDraw = False
919.4029 	EXP 	line_2: autoDraw = False
919.4029 	EXP 	line_3: autoDraw = False
919.4029 	EXP 	line4: autoDraw = False
919.4029 	EXP 	probe: autoDraw = False
919.4029 	EXP 	fixation: autoDraw = True
919.5368 	EXP 	Device response: <KeyPress from None: t=919.3748136000004, value=z, duration=0.15579129999969155>
920.3865 	EXP 	line1: autoDraw = True
920.3865 	EXP 	line_2: autoDraw = True
920.3865 	EXP 	line_3: autoDraw = True
920.3865 	EXP 	line4: autoDraw = True
920.4028 	EXP 	fixation: autoDraw = False
921.3864 	INFO 	Keyboard events cleared
921.3863 	EXP 	probe: autoDraw = True
922.4701 	EXP 	Device response: <KeyPress from None: t=922.4551677999998, value=x, duration=None>
922.4705 	EXP 	New trial (rep=35, index=1): <Trial 141 (1 in rep 35) data={'pos': np.int64(-150), 'corr_resp': 'z', 'thisN': 141, 'thisTrialN': 1, 'thisRepN': 35}>
922.4718 	DATA 	Keypress: x
922.4865 	EXP 	fixation: autoDraw = False
922.4865 	EXP 	line1: autoDraw = False
922.4865 	EXP 	line_2: autoDraw = False
922.4865 	EXP 	line_3: autoDraw = False
922.4865 	EXP 	line4: autoDraw = False
922.4865 	EXP 	probe: autoDraw = False
922.4865 	EXP 	fixation: autoDraw = True
922.6535 	EXP 	Device response: <KeyPress from None: t=922.4551677999998, value=x, duration=0.18825569999989966>
923.4700 	EXP 	line1: autoDraw = True
923.4700 	EXP 	line_2: autoDraw = True
923.4700 	EXP 	line_3: autoDraw = True
923.4700 	EXP 	line4: autoDraw = True
923.4866 	EXP 	fixation: autoDraw = False
924.4699 	INFO 	Keyboard events cleared
924.4697 	EXP 	probe: autoDraw = True
925.2369 	EXP 	Device response: <KeyPress from None: t=925.2337024999997, value=z, duration=None>
925.2372 	EXP 	New trial (rep=35, index=2): <Trial 142 (2 in rep 35) data={'pos': np.int64(50), 'corr_resp': 'c', 'thisN': 142, 'thisTrialN': 2, 'thisRepN': 35}>
925.2388 	DATA 	Keypress: z
925.2529 	EXP 	fixation: autoDraw = False
925.2529 	EXP 	line1: autoDraw = False
925.2529 	EXP 	line_2: autoDraw = False
925.2529 	EXP 	line_3: autoDraw = False
925.2529 	EXP 	line4: autoDraw = False
925.2529 	EXP 	probe: autoDraw = False
925.2529 	EXP 	fixation: autoDraw = True
925.4032 	EXP 	Device response: <KeyPress from None: t=925.2337024999997, value=z, duration=0.15569510000023>
926.2361 	EXP 	line1: autoDraw = True
926.2361 	EXP 	line_2: autoDraw = True
926.2361 	EXP 	line_3: autoDraw = True
926.2361 	EXP 	line4: autoDraw = True
926.2528 	EXP 	fixation: autoDraw = False
927.2361 	INFO 	Keyboard events cleared
927.2359 	EXP 	probe: autoDraw = True
928.0539 	EXP 	Device response: <KeyPress from None: t=928.0470893000002, value=c, duration=None>
928.0543 	EXP 	New trial (rep=35, index=3): <Trial 143 (3 in rep 35) data={'pos': np.int64(150), 'corr_resp': 'v', 'thisN': 143, 'thisTrialN': 3, 'thisRepN': 35}>
928.0556 	DATA 	Keypress: c
928.0722 	EXP 	fixation: autoDraw = False
928.0722 	EXP 	line1: autoDraw = False
928.0722 	EXP 	line_2: autoDraw = False
928.0722 	EXP 	line_3: autoDraw = False
928.0722 	EXP 	line4: autoDraw = False
928.0722 	EXP 	probe: autoDraw = False
928.0722 	EXP 	fixation: autoDraw = True
928.2201 	EXP 	Device response: <KeyPress from None: t=928.0470893000002, value=c, duration=0.16443399999934627>
929.0694 	EXP 	line1: autoDraw = True
929.0694 	EXP 	line_2: autoDraw = True
929.0694 	EXP 	line_3: autoDraw = True
929.0694 	EXP 	line4: autoDraw = True
929.0864 	EXP 	fixation: autoDraw = False
930.0697 	INFO 	Keyboard events cleared
930.0695 	EXP 	probe: autoDraw = True
930.8708 	EXP 	Device response: <KeyPress from None: t=930.8572248999999, value=v, duration=None>
930.8712 	EXP 	New trial (rep=36, index=0): <Trial 144 (0 in rep 36) data={'pos': np.int64(-50), 'corr_resp': 'x', 'thisN': 144, 'thisTrialN': 0, 'thisRepN': 36}>
930.8727 	DATA 	Keypress: v
930.8862 	EXP 	fixation: autoDraw = False
930.8862 	EXP 	line1: autoDraw = False
930.8862 	EXP 	line_2: autoDraw = False
930.8862 	EXP 	line_3: autoDraw = False
930.8862 	EXP 	line4: autoDraw = False
930.8862 	EXP 	probe: autoDraw = False
930.8862 	EXP 	fixation: autoDraw = True
931.0198 	EXP 	Device response: <KeyPress from None: t=930.8572248999999, value=v, duration=0.159569499999634>
931.8860 	EXP 	fixation: autoDraw = False
931.8860 	EXP 	line1: autoDraw = True
931.8860 	EXP 	line_2: autoDraw = True
931.8860 	EXP 	line_3: autoDraw = True
931.8860 	EXP 	line4: autoDraw = True
932.8861 	INFO 	Keyboard events cleared
932.8859 	EXP 	probe: autoDraw = True
933.6870 	EXP 	Device response: <KeyPress from None: t=933.6843910999996, value=x, duration=None>
933.6874 	EXP 	New trial (rep=36, index=1): <Trial 145 (1 in rep 36) data={'pos': np.int64(-150), 'corr_resp': 'z', 'thisN': 145, 'thisTrialN': 1, 'thisRepN': 36}>
933.6889 	DATA 	Keypress: x
933.7030 	EXP 	fixation: autoDraw = False
933.7030 	EXP 	line1: autoDraw = False
933.7030 	EXP 	line_2: autoDraw = False
933.7030 	EXP 	line_3: autoDraw = False
933.7030 	EXP 	line4: autoDraw = False
933.7030 	EXP 	probe: autoDraw = False
933.7030 	EXP 	fixation: autoDraw = True
933.8701 	EXP 	Device response: <KeyPress from None: t=933.6843910999996, value=x, duration=0.1760732000002463>
934.7030 	EXP 	fixation: autoDraw = False
934.7030 	EXP 	line1: autoDraw = True
934.7030 	EXP 	line_2: autoDraw = True
934.7030 	EXP 	line_3: autoDraw = True
934.7030 	EXP 	line4: autoDraw = True
935.6867 	INFO 	Keyboard events cleared
935.6865 	EXP 	probe: autoDraw = True
936.6384 	DATA 	Keypress: z
936.6536 	EXP 	Device response: <KeyPress from None: t=936.6370483999999, value=z, duration=None>
936.6540 	EXP 	New trial (rep=36, index=2): <Trial 146 (2 in rep 36) data={'pos': np.int64(50), 'corr_resp': 'c', 'thisN': 146, 'thisTrialN': 2, 'thisRepN': 36}>
936.6727 	EXP 	fixation: autoDraw = False
936.6727 	EXP 	line1: autoDraw = False
936.6727 	EXP 	line_2: autoDraw = False
936.6727 	EXP 	line_3: autoDraw = False
936.6727 	EXP 	line4: autoDraw = False
936.6727 	EXP 	probe: autoDraw = False
936.6727 	EXP 	fixation: autoDraw = True
936.8200 	EXP 	Device response: <KeyPress from None: t=936.6370483999999, value=z, duration=0.17027520000010554>
937.6531 	EXP 	line1: autoDraw = True
937.6531 	EXP 	line_2: autoDraw = True
937.6531 	EXP 	line_3: autoDraw = True
937.6531 	EXP 	line4: autoDraw = True
937.6862 	EXP 	fixation: autoDraw = False
938.6699 	INFO 	Keyboard events cleared
938.6697 	EXP 	probe: autoDraw = True
939.5369 	EXP 	Device response: <KeyPress from None: t=939.5242675, value=c, duration=None>
939.5372 	EXP 	New trial (rep=36, index=3): <Trial 147 (3 in rep 36) data={'pos': np.int64(150), 'corr_resp': 'v', 'thisN': 147, 'thisTrialN': 3, 'thisRepN': 36}>
939.5387 	DATA 	Keypress: c
939.5530 	EXP 	fixation: autoDraw = False
939.5530 	EXP 	line1: autoDraw = False
939.5530 	EXP 	line_2: autoDraw = False
939.5530 	EXP 	line_3: autoDraw = False
939.5530 	EXP 	line4: autoDraw = False
939.5530 	EXP 	probe: autoDraw = False
939.5530 	EXP 	fixation: autoDraw = True
939.6870 	EXP 	Device response: <KeyPress from None: t=939.5242675, value=c, duration=0.15234460000010586>
940.5364 	EXP 	line1: autoDraw = True
940.5364 	EXP 	line_2: autoDraw = True
940.5364 	EXP 	line_3: autoDraw = True
940.5364 	EXP 	line4: autoDraw = True
940.5529 	EXP 	fixation: autoDraw = False
941.5369 	INFO 	Keyboard events cleared
941.5367 	EXP 	probe: autoDraw = True
942.2869 	EXP 	Device response: <KeyPress from None: t=942.2722117000003, value=v, duration=None>
942.2872 	EXP 	New trial (rep=37, index=0): <Trial 148 (0 in rep 37) data={'pos': np.int64(150), 'corr_resp': 'v', 'thisN': 148, 'thisTrialN': 0, 'thisRepN': 37}>
942.2885 	DATA 	Keypress: v
942.3032 	EXP 	fixation: autoDraw = False
942.3032 	EXP 	line1: autoDraw = False
942.3032 	EXP 	line_2: autoDraw = False
942.3032 	EXP 	line_3: autoDraw = False
942.3032 	EXP 	line4: autoDraw = False
942.3032 	EXP 	probe: autoDraw = False
942.3032 	EXP 	fixation: autoDraw = True
942.4207 	EXP 	Device response: <KeyPress from None: t=942.2722117000003, value=v, duration=0.13193709999995917>
943.2863 	EXP 	line1: autoDraw = True
943.2863 	EXP 	line_2: autoDraw = True
943.2863 	EXP 	line_3: autoDraw = True
943.2863 	EXP 	line4: autoDraw = True
943.3030 	EXP 	fixation: autoDraw = False
944.2866 	INFO 	Keyboard events cleared
944.2864 	EXP 	probe: autoDraw = True
945.0218 	DATA 	Keypress: v
945.0370 	EXP 	Device response: <KeyPress from None: t=945.0209156999999, value=v, duration=None>
945.0375 	EXP 	New trial (rep=37, index=1): <Trial 149 (1 in rep 37) data={'pos': np.int64(-150), 'corr_resp': 'z', 'thisN': 149, 'thisTrialN': 1, 'thisRepN': 37}>
945.0527 	EXP 	fixation: autoDraw = False
945.0527 	EXP 	line1: autoDraw = False
945.0527 	EXP 	line_2: autoDraw = False
945.0527 	EXP 	line_3: autoDraw = False
945.0527 	EXP 	line4: autoDraw = False
945.0527 	EXP 	probe: autoDraw = False
945.0527 	EXP 	fixation: autoDraw = True
945.2036 	EXP 	Device response: <KeyPress from None: t=945.0209156999999, value=v, duration=0.16778809999959776>
946.0530 	EXP 	fixation: autoDraw = False
946.0530 	EXP 	line1: autoDraw = True
946.0530 	EXP 	line_2: autoDraw = True
946.0530 	EXP 	line_3: autoDraw = True
946.0530 	EXP 	line4: autoDraw = True
947.0531 	INFO 	Keyboard events cleared
947.0530 	EXP 	probe: autoDraw = True
947.7869 	EXP 	Device response: <KeyPress from None: t=947.7852432999998, value=z, duration=None>
947.7873 	EXP 	New trial (rep=37, index=2): <Trial 150 (2 in rep 37) data={'pos': np.int64(50), 'corr_resp': 'c', 'thisN': 150, 'thisTrialN': 2, 'thisRepN': 37}>
947.7886 	DATA 	Keypress: z
947.8031 	EXP 	fixation: autoDraw = False
947.8031 	EXP 	line1: autoDraw = False
947.8031 	EXP 	line_2: autoDraw = False
947.8031 	EXP 	line_3: autoDraw = False
947.8031 	EXP 	line4: autoDraw = False
947.8031 	EXP 	probe: autoDraw = False
947.8031 	EXP 	fixation: autoDraw = True
947.9703 	EXP 	Device response: <KeyPress from None: t=947.7852432999998, value=z, duration=0.17465460000039457>
948.7872 	EXP 	line1: autoDraw = True
948.7872 	EXP 	line_2: autoDraw = True
948.7872 	EXP 	line_3: autoDraw = True
948.7872 	EXP 	line4: autoDraw = True
948.8032 	EXP 	fixation: autoDraw = False
949.8033 	INFO 	Keyboard events cleared
949.8031 	EXP 	probe: autoDraw = True
950.3534 	EXP 	Device response: <KeyPress from None: t=950.3388627000004, value=c, duration=None>
950.3538 	EXP 	New trial (rep=37, index=3): <Trial 151 (3 in rep 37) data={'pos': np.int64(-50), 'corr_resp': 'x', 'thisN': 151, 'thisTrialN': 3, 'thisRepN': 37}>
950.3551 	DATA 	Keypress: c
950.3699 	EXP 	fixation: autoDraw = False
950.3699 	EXP 	line1: autoDraw = False
950.3699 	EXP 	line_2: autoDraw = False
950.3699 	EXP 	line_3: autoDraw = False
950.3699 	EXP 	line4: autoDraw = False
950.3699 	EXP 	probe: autoDraw = False
950.3699 	EXP 	fixation: autoDraw = True
950.5203 	EXP 	Device response: <KeyPress from None: t=950.3388627000004, value=c, duration=0.16513899999972637>
951.3531 	EXP 	line1: autoDraw = True
951.3531 	EXP 	line_2: autoDraw = True
951.3531 	EXP 	line_3: autoDraw = True
951.3531 	EXP 	line4: autoDraw = True
951.3697 	EXP 	fixation: autoDraw = False
952.3536 	INFO 	Keyboard events cleared
952.3534 	EXP 	probe: autoDraw = True
953.1698 	EXP 	Device response: <KeyPress from None: t=953.1621378, value=x, duration=None>
953.1703 	EXP 	New trial (rep=38, index=0): <Trial 152 (0 in rep 38) data={'pos': np.int64(50), 'corr_resp': 'c', 'thisN': 152, 'thisTrialN': 0, 'thisRepN': 38}>
953.1715 	DATA 	Keypress: x
953.1864 	EXP 	fixation: autoDraw = False
953.1864 	EXP 	line1: autoDraw = False
953.1864 	EXP 	line_2: autoDraw = False
953.1864 	EXP 	line_3: autoDraw = False
953.1864 	EXP 	line4: autoDraw = False
953.1864 	EXP 	probe: autoDraw = False
953.1864 	EXP 	fixation: autoDraw = True
953.3373 	EXP 	Device response: <KeyPress from None: t=953.1621378, value=x, duration=0.17225309999957972>
954.1697 	EXP 	line1: autoDraw = True
954.1697 	EXP 	line_2: autoDraw = True
954.1697 	EXP 	line_3: autoDraw = True
954.1697 	EXP 	line4: autoDraw = True
954.1864 	EXP 	fixation: autoDraw = False
955.1700 	INFO 	Keyboard events cleared
955.1699 	EXP 	probe: autoDraw = True
956.1200 	EXP 	Device response: <KeyPress from None: t=956.1131555000002, value=c, duration=None>
956.1204 	EXP 	New trial (rep=38, index=1): <Trial 153 (1 in rep 38) data={'pos': np.int64(-50), 'corr_resp': 'x', 'thisN': 153, 'thisTrialN': 1, 'thisRepN': 38}>
956.1217 	DATA 	Keypress: c
956.1364 	EXP 	fixation: autoDraw = False
956.1364 	EXP 	line1: autoDraw = False
956.1364 	EXP 	line_2: autoDraw = False
956.1364 	EXP 	line_3: autoDraw = False
956.1364 	EXP 	line4: autoDraw = False
956.1364 	EXP 	probe: autoDraw = False
956.1364 	EXP 	fixation: autoDraw = True
956.3368 	EXP 	Device response: <KeyPress from None: t=956.1131555000002, value=c, duration=0.20824290000018664>
957.1199 	EXP 	line1: autoDraw = True
957.1199 	EXP 	line_2: autoDraw = True
957.1199 	EXP 	line_3: autoDraw = True
957.1199 	EXP 	line4: autoDraw = True
957.1362 	EXP 	fixation: autoDraw = False
958.1200 	INFO 	Keyboard events cleared
958.1198 	EXP 	probe: autoDraw = True
959.5368 	EXP 	Device response: <KeyPress from None: t=959.5283849999996, value=x, duration=None>
959.5371 	EXP 	New trial (rep=38, index=2): <Trial 154 (2 in rep 38) data={'pos': np.int64(150), 'corr_resp': 'v', 'thisN': 154, 'thisTrialN': 2, 'thisRepN': 38}>
959.5384 	DATA 	Keypress: x
959.5531 	EXP 	fixation: autoDraw = False
959.5531 	EXP 	line1: autoDraw = False
959.5531 	EXP 	line_2: autoDraw = False
959.5531 	EXP 	line_3: autoDraw = False
959.5531 	EXP 	line4: autoDraw = False
959.5531 	EXP 	probe: autoDraw = False
959.5531 	EXP 	fixation: autoDraw = True
959.7204 	EXP 	Device response: <KeyPress from None: t=959.5283849999996, value=x, duration=0.18769180000072083>
960.5366 	EXP 	line1: autoDraw = True
960.5366 	EXP 	line_2: autoDraw = True
960.5366 	EXP 	line_3: autoDraw = True
960.5366 	EXP 	line4: autoDraw = True
960.5541 	EXP 	fixation: autoDraw = False
961.5367 	INFO 	Keyboard events cleared
961.5365 	EXP 	probe: autoDraw = True
963.9703 	EXP 	Device response: <KeyPress from None: t=963.9567596999996, value=v, duration=None>
963.9706 	EXP 	New trial (rep=38, index=3): <Trial 155 (3 in rep 38) data={'pos': np.int64(-150), 'corr_resp': 'z', 'thisN': 155, 'thisTrialN': 3, 'thisRepN': 38}>
963.9719 	DATA 	Keypress: v
963.9862 	EXP 	fixation: autoDraw = False
963.9862 	EXP 	line1: autoDraw = False
963.9862 	EXP 	line_2: autoDraw = False
963.9862 	EXP 	line_3: autoDraw = False
963.9862 	EXP 	line4: autoDraw = False
963.9862 	EXP 	probe: autoDraw = False
963.9862 	EXP 	fixation: autoDraw = True
964.1201 	EXP 	Device response: <KeyPress from None: t=963.9567596999996, value=v, duration=0.15445180000006076>
964.9698 	EXP 	line1: autoDraw = True
964.9698 	EXP 	line_2: autoDraw = True
964.9698 	EXP 	line_3: autoDraw = True
964.9698 	EXP 	line4: autoDraw = True
964.9871 	EXP 	fixation: autoDraw = False
965.9700 	INFO 	Keyboard events cleared
965.9699 	EXP 	probe: autoDraw = True
966.9701 	EXP 	Device response: <KeyPress from None: t=966.9673886, value=z, duration=None>
966.9705 	EXP 	New trial (rep=39, index=0): <Trial 156 (0 in rep 39) data={'pos': np.int64(-50), 'corr_resp': 'x', 'thisN': 156, 'thisTrialN': 0, 'thisRepN': 39}>
966.9719 	DATA 	Keypress: z
966.9872 	EXP 	fixation: autoDraw = False
966.9872 	EXP 	line1: autoDraw = False
966.9872 	EXP 	line_2: autoDraw = False
966.9872 	EXP 	line_3: autoDraw = False
966.9872 	EXP 	line4: autoDraw = False
966.9872 	EXP 	probe: autoDraw = False
966.9872 	EXP 	fixation: autoDraw = True
967.1042 	EXP 	Device response: <KeyPress from None: t=966.9673886, value=z, duration=0.13172529999974358>
967.9698 	EXP 	line1: autoDraw = True
967.9698 	EXP 	line_2: autoDraw = True
967.9698 	EXP 	line_3: autoDraw = True
967.9698 	EXP 	line4: autoDraw = True
967.9863 	EXP 	fixation: autoDraw = False
968.9701 	INFO 	Keyboard events cleared
968.9700 	EXP 	probe: autoDraw = True
969.5538 	EXP 	Device response: <KeyPress from None: t=969.5492494999999, value=x, duration=None>
969.5542 	EXP 	New trial (rep=39, index=1): <Trial 157 (1 in rep 39) data={'pos': np.int64(-150), 'corr_resp': 'z', 'thisN': 157, 'thisTrialN': 1, 'thisRepN': 39}>
969.5555 	DATA 	Keypress: x
969.5693 	EXP 	fixation: autoDraw = False
969.5693 	EXP 	line1: autoDraw = False
969.5693 	EXP 	line_2: autoDraw = False
969.5693 	EXP 	line_3: autoDraw = False
969.5693 	EXP 	line4: autoDraw = False
969.5693 	EXP 	probe: autoDraw = False
969.5693 	EXP 	fixation: autoDraw = True
969.7034 	EXP 	Device response: <KeyPress from None: t=969.5492494999999, value=x, duration=0.14690070000051492>
970.5706 	EXP 	fixation: autoDraw = False
970.5706 	EXP 	line1: autoDraw = True
970.5706 	EXP 	line_2: autoDraw = True
970.5706 	EXP 	line_3: autoDraw = True
970.5706 	EXP 	line4: autoDraw = True
971.5702 	INFO 	Keyboard events cleared
971.5701 	EXP 	probe: autoDraw = True
972.3204 	EXP 	Device response: <KeyPress from None: t=972.3111583999998, value=z, duration=None>
972.3209 	EXP 	New trial (rep=39, index=2): <Trial 158 (2 in rep 39) data={'pos': np.int64(50), 'corr_resp': 'c', 'thisN': 158, 'thisTrialN': 2, 'thisRepN': 39}>
972.3223 	DATA 	Keypress: z
972.3371 	EXP 	fixation: autoDraw = False
972.3371 	EXP 	line1: autoDraw = False
972.3371 	EXP 	line_2: autoDraw = False
972.3371 	EXP 	line_3: autoDraw = False
972.3371 	EXP 	line4: autoDraw = False
972.3371 	EXP 	probe: autoDraw = False
972.3371 	EXP 	fixation: autoDraw = True
972.4703 	EXP 	Device response: <KeyPress from None: t=972.3111583999998, value=z, duration=0.15063439999994443>
973.3199 	EXP 	line1: autoDraw = True
973.3199 	EXP 	line_2: autoDraw = True
973.3199 	EXP 	line_3: autoDraw = True
973.3199 	EXP 	line4: autoDraw = True
973.3366 	EXP 	fixation: autoDraw = False
974.3199 	INFO 	Keyboard events cleared
974.3197 	EXP 	probe: autoDraw = True
975.7721 	DATA 	Keypress: c
975.7874 	EXP 	Device response: <KeyPress from None: t=975.7707221000001, value=c, duration=None>
975.7878 	EXP 	New trial (rep=39, index=3): <Trial 159 (3 in rep 39) data={'pos': np.int64(150), 'corr_resp': 'v', 'thisN': 159, 'thisTrialN': 3, 'thisRepN': 39}>
975.8023 	EXP 	fixation: autoDraw = False
975.8023 	EXP 	line1: autoDraw = False
975.8023 	EXP 	line_2: autoDraw = False
975.8023 	EXP 	line_3: autoDraw = False
975.8023 	EXP 	line4: autoDraw = False
975.8023 	EXP 	probe: autoDraw = False
975.8023 	EXP 	fixation: autoDraw = True
975.9534 	EXP 	Device response: <KeyPress from None: t=975.7707221000001, value=c, duration=0.17980489999990823>
976.8033 	EXP 	fixation: autoDraw = False
976.8033 	EXP 	line1: autoDraw = True
976.8033 	EXP 	line_2: autoDraw = True
976.8033 	EXP 	line_3: autoDraw = True
976.8033 	EXP 	line4: autoDraw = True
977.8032 	INFO 	Keyboard events cleared
977.8031 	EXP 	probe: autoDraw = True
978.6373 	EXP 	Device response: <KeyPress from None: t=978.6367779000002, value=v, duration=None>
978.6387 	DATA 	Keypress: v
978.6540 	EXP 	New trial (rep=40, index=0): <Trial 160 (0 in rep 40) data={'pos': np.int64(150), 'corr_resp': 'v', 'thisN': 160, 'thisTrialN': 0, 'thisRepN': 40}>
978.6699 	EXP 	fixation: autoDraw = False
978.6699 	EXP 	line1: autoDraw = False
978.6699 	EXP 	line_2: autoDraw = False
978.6699 	EXP 	line_3: autoDraw = False
978.6699 	EXP 	line4: autoDraw = False
978.6699 	EXP 	probe: autoDraw = False
978.6699 	EXP 	fixation: autoDraw = True
978.7713 	EXP 	Device response: <KeyPress from None: t=978.6367779000002, value=v, duration=0.12894849999975122>
979.6532 	EXP 	line1: autoDraw = True
979.6532 	EXP 	line_2: autoDraw = True
979.6532 	EXP 	line_3: autoDraw = True
979.6532 	EXP 	line4: autoDraw = True
979.6695 	EXP 	fixation: autoDraw = False
980.6542 	INFO 	Keyboard events cleared
980.6540 	EXP 	probe: autoDraw = True
981.4538 	EXP 	Device response: <KeyPress from None: t=981.4388664999997, value=v, duration=None>
981.4542 	EXP 	New trial (rep=40, index=1): <Trial 161 (1 in rep 40) data={'pos': np.int64(-150), 'corr_resp': 'z', 'thisN': 161, 'thisTrialN': 1, 'thisRepN': 40}>
981.4556 	DATA 	Keypress: v
981.4696 	EXP 	fixation: autoDraw = False
981.4696 	EXP 	line1: autoDraw = False
981.4696 	EXP 	line_2: autoDraw = False
981.4696 	EXP 	line_3: autoDraw = False
981.4696 	EXP 	line4: autoDraw = False
981.4696 	EXP 	probe: autoDraw = False
981.4696 	EXP 	fixation: autoDraw = True
981.5534 	EXP 	Device response: <KeyPress from None: t=981.4388664999997, value=v, duration=0.11102980000032403>
982.4532 	EXP 	line1: autoDraw = True
982.4532 	EXP 	line_2: autoDraw = True
982.4532 	EXP 	line_3: autoDraw = True
982.4532 	EXP 	line4: autoDraw = True
982.4701 	EXP 	fixation: autoDraw = False
983.4533 	INFO 	Keyboard events cleared
983.4531 	EXP 	probe: autoDraw = True
984.2035 	EXP 	Device response: <KeyPress from None: t=984.1926186000001, value=z, duration=None>
984.2041 	EXP 	New trial (rep=40, index=2): <Trial 162 (2 in rep 40) data={'pos': np.int64(-50), 'corr_resp': 'x', 'thisN': 162, 'thisTrialN': 2, 'thisRepN': 40}>
984.2055 	DATA 	Keypress: z
984.2199 	EXP 	fixation: autoDraw = False
984.2199 	EXP 	line1: autoDraw = False
984.2199 	EXP 	line_2: autoDraw = False
984.2199 	EXP 	line_3: autoDraw = False
984.2199 	EXP 	line4: autoDraw = False
984.2199 	EXP 	probe: autoDraw = False
984.2199 	EXP 	fixation: autoDraw = True
984.3713 	EXP 	Device response: <KeyPress from None: t=984.1926186000001, value=z, duration=0.17155329999968671>
985.2032 	EXP 	line1: autoDraw = True
985.2032 	EXP 	line_2: autoDraw = True
985.2032 	EXP 	line_3: autoDraw = True
985.2032 	EXP 	line4: autoDraw = True
985.2199 	EXP 	fixation: autoDraw = False
986.2034 	INFO 	Keyboard events cleared
986.2032 	EXP 	probe: autoDraw = True
987.3536 	EXP 	Device response: <KeyPress from None: t=987.3398404, value=x, duration=None>
987.3541 	EXP 	New trial (rep=40, index=3): <Trial 163 (3 in rep 40) data={'pos': np.int64(50), 'corr_resp': 'c', 'thisN': 163, 'thisTrialN': 3, 'thisRepN': 40}>
987.3556 	DATA 	Keypress: x
987.3706 	EXP 	fixation: autoDraw = False
987.3706 	EXP 	line1: autoDraw = False
987.3706 	EXP 	line_2: autoDraw = False
987.3706 	EXP 	line_3: autoDraw = False
987.3706 	EXP 	line4: autoDraw = False
987.3706 	EXP 	probe: autoDraw = False
987.3706 	EXP 	fixation: autoDraw = True
987.5039 	EXP 	Device response: <KeyPress from None: t=987.3398404, value=x, duration=0.16232940000008966>
988.3532 	EXP 	line1: autoDraw = True
988.3532 	EXP 	line_2: autoDraw = True
988.3532 	EXP 	line_3: autoDraw = True
988.3532 	EXP 	line4: autoDraw = True
988.3698 	EXP 	fixation: autoDraw = False
989.3533 	INFO 	Keyboard events cleared
989.3531 	EXP 	probe: autoDraw = True
990.2203 	EXP 	Device response: <KeyPress from None: t=990.2180902999999, value=c, duration=None>
990.2206 	EXP 	New trial (rep=41, index=0): <Trial 164 (0 in rep 41) data={'pos': np.int64(-150), 'corr_resp': 'z', 'thisN': 164, 'thisTrialN': 0, 'thisRepN': 41}>
990.2222 	DATA 	Keypress: c
990.2366 	EXP 	fixation: autoDraw = False
990.2366 	EXP 	line1: autoDraw = False
990.2366 	EXP 	line_2: autoDraw = False
990.2366 	EXP 	line_3: autoDraw = False
990.2366 	EXP 	line4: autoDraw = False
990.2366 	EXP 	probe: autoDraw = False
990.2366 	EXP 	fixation: autoDraw = True
990.3867 	EXP 	Device response: <KeyPress from None: t=990.2180902999999, value=c, duration=0.160979899999802>
991.2198 	EXP 	line1: autoDraw = True
991.2198 	EXP 	line_2: autoDraw = True
991.2198 	EXP 	line_3: autoDraw = True
991.2198 	EXP 	line4: autoDraw = True
991.2365 	EXP 	fixation: autoDraw = False
992.2200 	INFO 	Keyboard events cleared
992.2198 	EXP 	probe: autoDraw = True
993.1210 	EXP 	Device response: <KeyPress from None: t=993.113139, value=z, duration=None>
993.1214 	EXP 	New trial (rep=41, index=1): <Trial 165 (1 in rep 41) data={'pos': np.int64(50), 'corr_resp': 'c', 'thisN': 165, 'thisTrialN': 1, 'thisRepN': 41}>
993.1228 	DATA 	Keypress: z
993.1367 	EXP 	fixation: autoDraw = False
993.1367 	EXP 	line1: autoDraw = False
993.1367 	EXP 	line_2: autoDraw = False
993.1367 	EXP 	line_3: autoDraw = False
993.1367 	EXP 	line4: autoDraw = False
993.1367 	EXP 	probe: autoDraw = False
993.1367 	EXP 	fixation: autoDraw = True
993.2868 	EXP 	Device response: <KeyPress from None: t=993.113139, value=z, duration=0.16443269999945187>
994.1365 	EXP 	fixation: autoDraw = False
994.1365 	EXP 	line1: autoDraw = True
994.1365 	EXP 	line_2: autoDraw = True
994.1365 	EXP 	line_3: autoDraw = True
994.1365 	EXP 	line4: autoDraw = True
995.1369 	INFO 	Keyboard events cleared
995.1367 	EXP 	probe: autoDraw = True
995.7538 	EXP 	Device response: <KeyPress from None: t=995.7384002999997, value=c, duration=None>
995.7543 	EXP 	New trial (rep=41, index=2): <Trial 166 (2 in rep 41) data={'pos': np.int64(150), 'corr_resp': 'v', 'thisN': 166, 'thisTrialN': 2, 'thisRepN': 41}>
995.7556 	DATA 	Keypress: c
995.7691 	EXP 	fixation: autoDraw = False
995.7691 	EXP 	line1: autoDraw = False
995.7691 	EXP 	line_2: autoDraw = False
995.7691 	EXP 	line_3: autoDraw = False
995.7691 	EXP 	line4: autoDraw = False
995.7691 	EXP 	probe: autoDraw = False
995.7691 	EXP 	fixation: autoDraw = True
995.9373 	EXP 	Device response: <KeyPress from None: t=995.7384002999997, value=c, duration=0.19624889999977313>
996.7702 	EXP 	fixation: autoDraw = False
996.7702 	EXP 	line1: autoDraw = True
996.7702 	EXP 	line_2: autoDraw = True
996.7702 	EXP 	line_3: autoDraw = True
996.7702 	EXP 	line4: autoDraw = True
997.7701 	INFO 	Keyboard events cleared
997.7700 	EXP 	probe: autoDraw = True
998.7207 	EXP 	Device response: <KeyPress from None: t=998.7179521999997, value=v, duration=None>
998.7211 	EXP 	New trial (rep=41, index=3): <Trial 167 (3 in rep 41) data={'pos': np.int64(-50), 'corr_resp': 'x', 'thisN': 167, 'thisTrialN': 3, 'thisRepN': 41}>
998.7226 	DATA 	Keypress: v
998.7366 	EXP 	fixation: autoDraw = False
998.7366 	EXP 	line1: autoDraw = False
998.7366 	EXP 	line_2: autoDraw = False
998.7366 	EXP 	line_3: autoDraw = False
998.7366 	EXP 	line4: autoDraw = False
998.7366 	EXP 	probe: autoDraw = False
998.7366 	EXP 	fixation: autoDraw = True
998.8713 	EXP 	Device response: <KeyPress from None: t=998.7179521999997, value=v, duration=0.13623240000015358>
999.7366 	EXP 	fixation: autoDraw = False
999.7366 	EXP 	line1: autoDraw = True
999.7366 	EXP 	line_2: autoDraw = True
999.7366 	EXP 	line_3: autoDraw = True
999.7366 	EXP 	line4: autoDraw = True
1000.7371 	INFO 	Keyboard events cleared
1000.7369 	EXP 	probe: autoDraw = True
1001.4201 	EXP 	Device response: <KeyPress from None: t=1001.4127913000002, value=x, duration=None>
1001.4205 	EXP 	New trial (rep=42, index=0): <Trial 168 (0 in rep 42) data={'pos': np.int64(50), 'corr_resp': 'c', 'thisN': 168, 'thisTrialN': 0, 'thisRepN': 42}>
1001.4217 	DATA 	Keypress: x
1001.4371 	EXP 	fixation: autoDraw = False
1001.4371 	EXP 	line1: autoDraw = False
1001.4371 	EXP 	line_2: autoDraw = False
1001.4371 	EXP 	line_3: autoDraw = False
1001.4371 	EXP 	line4: autoDraw = False
1001.4371 	EXP 	probe: autoDraw = False
1001.4371 	EXP 	fixation: autoDraw = True
1001.5699 	EXP 	Device response: <KeyPress from None: t=1001.4127913000002, value=x, duration=0.15351379999992787>
1002.4202 	EXP 	line1: autoDraw = True
1002.4202 	EXP 	line_2: autoDraw = True
1002.4202 	EXP 	line_3: autoDraw = True
1002.4202 	EXP 	line4: autoDraw = True
1002.4365 	EXP 	fixation: autoDraw = False
1003.4203 	INFO 	Keyboard events cleared
1003.4202 	EXP 	probe: autoDraw = True
1004.1371 	EXP 	Device response: <KeyPress from None: t=1004.1345181999995, value=c, duration=None>
1004.1376 	EXP 	New trial (rep=42, index=1): <Trial 169 (1 in rep 42) data={'pos': np.int64(-150), 'corr_resp': 'z', 'thisN': 169, 'thisTrialN': 1, 'thisRepN': 42}>
1004.1388 	DATA 	Keypress: c
1004.1536 	EXP 	fixation: autoDraw = False
1004.1536 	EXP 	line1: autoDraw = False
1004.1536 	EXP 	line_2: autoDraw = False
1004.1536 	EXP 	line_3: autoDraw = False
1004.1536 	EXP 	line4: autoDraw = False
1004.1536 	EXP 	probe: autoDraw = False
1004.1536 	EXP 	fixation: autoDraw = True
1004.3370 	EXP 	Device response: <KeyPress from None: t=1004.1345181999995, value=c, duration=0.19434730000011768>
1005.1366 	EXP 	line1: autoDraw = True
1005.1366 	EXP 	line_2: autoDraw = True
1005.1366 	EXP 	line_3: autoDraw = True
1005.1366 	EXP 	line4: autoDraw = True
1005.1536 	EXP 	fixation: autoDraw = False
1006.1369 	INFO 	Keyboard events cleared
1006.1368 	EXP 	probe: autoDraw = True
1006.9870 	EXP 	Device response: <KeyPress from None: t=1006.9787727000003, value=z, duration=None>
1006.9874 	EXP 	New trial (rep=42, index=2): <Trial 170 (2 in rep 42) data={'pos': np.int64(-50), 'corr_resp': 'x', 'thisN': 170, 'thisTrialN': 2, 'thisRepN': 42}>
1006.9888 	DATA 	Keypress: z
1007.0033 	EXP 	fixation: autoDraw = False
1007.0033 	EXP 	line1: autoDraw = False
1007.0033 	EXP 	line_2: autoDraw = False
1007.0033 	EXP 	line_3: autoDraw = False
1007.0033 	EXP 	line4: autoDraw = False
1007.0033 	EXP 	probe: autoDraw = False
1007.0033 	EXP 	fixation: autoDraw = True
1007.1369 	EXP 	Device response: <KeyPress from None: t=1006.9787727000003, value=z, duration=0.15110469999945053>
1007.9867 	EXP 	line1: autoDraw = True
1007.9867 	EXP 	line_2: autoDraw = True
1007.9867 	EXP 	line_3: autoDraw = True
1007.9867 	EXP 	line4: autoDraw = True
1008.0034 	EXP 	fixation: autoDraw = False
1008.9869 	INFO 	Keyboard events cleared
1008.9868 	EXP 	probe: autoDraw = True
1009.4223 	DATA 	Keypress: x
1009.4364 	EXP 	Device response: <KeyPress from None: t=1009.4209090000004, value=x, duration=None>
1009.4368 	EXP 	New trial (rep=42, index=3): <Trial 171 (3 in rep 42) data={'pos': np.int64(150), 'corr_resp': 'v', 'thisN': 171, 'thisTrialN': 3, 'thisRepN': 42}>
1009.4531 	EXP 	fixation: autoDraw = False
1009.4531 	EXP 	line1: autoDraw = False
1009.4531 	EXP 	line_2: autoDraw = False
1009.4531 	EXP 	line_3: autoDraw = False
1009.4531 	EXP 	line4: autoDraw = False
1009.4531 	EXP 	probe: autoDraw = False
1009.4531 	EXP 	fixation: autoDraw = True
1009.6038 	EXP 	Device response: <KeyPress from None: t=1009.4209090000004, value=x, duration=0.1684559999994235>
1010.4368 	EXP 	line1: autoDraw = True
1010.4368 	EXP 	line_2: autoDraw = True
1010.4368 	EXP 	line_3: autoDraw = True
1010.4368 	EXP 	line4: autoDraw = True
1010.4532 	EXP 	fixation: autoDraw = False
1011.4366 	INFO 	Keyboard events cleared
1011.4364 	EXP 	probe: autoDraw = True
1012.5874 	EXP 	Device response: <KeyPress from None: t=1012.578829, value=v, duration=None>
1012.5879 	EXP 	New trial (rep=43, index=0): <Trial 172 (0 in rep 43) data={'pos': np.int64(150), 'corr_resp': 'v', 'thisN': 172, 'thisTrialN': 0, 'thisRepN': 43}>
1012.5892 	DATA 	Keypress: v
1012.6033 	EXP 	fixation: autoDraw = False
1012.6033 	EXP 	line1: autoDraw = False
1012.6033 	EXP 	line_2: autoDraw = False
1012.6033 	EXP 	line_3: autoDraw = False
1012.6033 	EXP 	line4: autoDraw = False
1012.6033 	EXP 	probe: autoDraw = False
1012.6033 	EXP 	fixation: autoDraw = True
1012.7542 	EXP 	Device response: <KeyPress from None: t=1012.578829, value=v, duration=0.17079370000010385>
1013.6033 	EXP 	fixation: autoDraw = False
1013.6033 	EXP 	line1: autoDraw = True
1013.6033 	EXP 	line_2: autoDraw = True
1013.6033 	EXP 	line_3: autoDraw = True
1013.6033 	EXP 	line4: autoDraw = True
1014.5865 	INFO 	Keyboard events cleared
1014.5864 	EXP 	probe: autoDraw = True
1015.3535 	EXP 	Device response: <KeyPress from None: t=1015.3398477000001, value=v, duration=None>
1015.3539 	EXP 	New trial (rep=43, index=1): <Trial 173 (1 in rep 43) data={'pos': np.int64(50), 'corr_resp': 'c', 'thisN': 173, 'thisTrialN': 1, 'thisRepN': 43}>
1015.3551 	DATA 	Keypress: v
1015.3709 	EXP 	fixation: autoDraw = False
1015.3709 	EXP 	line1: autoDraw = False
1015.3709 	EXP 	line_2: autoDraw = False
1015.3709 	EXP 	line_3: autoDraw = False
1015.3709 	EXP 	line4: autoDraw = False
1015.3709 	EXP 	probe: autoDraw = False
1015.3709 	EXP 	fixation: autoDraw = True
1015.4871 	EXP 	Device response: <KeyPress from None: t=1015.3398477000001, value=v, duration=0.1363973999996233>
1016.3535 	EXP 	line1: autoDraw = True
1016.3535 	EXP 	line_2: autoDraw = True
1016.3535 	EXP 	line_3: autoDraw = True
1016.3535 	EXP 	line4: autoDraw = True
1016.3711 	EXP 	fixation: autoDraw = False
1017.3536 	INFO 	Keyboard events cleared
1017.3534 	EXP 	probe: autoDraw = True
1017.7539 	EXP 	Device response: <KeyPress from None: t=1017.7410571, value=c, duration=None>
1017.7543 	EXP 	New trial (rep=43, index=2): <Trial 174 (2 in rep 43) data={'pos': np.int64(-150), 'corr_resp': 'z', 'thisN': 174, 'thisTrialN': 2, 'thisRepN': 43}>
1017.7556 	DATA 	Keypress: c
1017.7701 	EXP 	fixation: autoDraw = False
1017.7701 	EXP 	line1: autoDraw = False
1017.7701 	EXP 	line_2: autoDraw = False
1017.7701 	EXP 	line_3: autoDraw = False
1017.7701 	EXP 	line4: autoDraw = False
1017.7701 	EXP 	probe: autoDraw = False
1017.7701 	EXP 	fixation: autoDraw = True
1017.9373 	EXP 	Device response: <KeyPress from None: t=1017.7410571, value=c, duration=0.19405120000010356>
1018.7534 	EXP 	line1: autoDraw = True
1018.7534 	EXP 	line_2: autoDraw = True
1018.7534 	EXP 	line_3: autoDraw = True
1018.7534 	EXP 	line4: autoDraw = True
1018.7700 	EXP 	fixation: autoDraw = False
1019.7541 	INFO 	Keyboard events cleared
1019.7539 	EXP 	probe: autoDraw = True
1020.3207 	EXP 	Device response: <KeyPress from None: t=1020.3094245000002, value=z, duration=None>
1020.3211 	EXP 	New trial (rep=43, index=3): <Trial 175 (3 in rep 43) data={'pos': np.int64(-50), 'corr_resp': 'x', 'thisN': 175, 'thisTrialN': 3, 'thisRepN': 43}>
1020.3223 	DATA 	Keypress: z
1020.3368 	EXP 	fixation: autoDraw = False
1020.3368 	EXP 	line1: autoDraw = False
1020.3368 	EXP 	line_2: autoDraw = False
1020.3368 	EXP 	line_3: autoDraw = False
1020.3368 	EXP 	line4: autoDraw = False
1020.3368 	EXP 	probe: autoDraw = False
1020.3368 	EXP 	fixation: autoDraw = True
1020.4708 	EXP 	Device response: <KeyPress from None: t=1020.3094245000002, value=z, duration=0.14635069999985717>
1021.3200 	EXP 	line1: autoDraw = True
1021.3200 	EXP 	line_2: autoDraw = True
1021.3200 	EXP 	line_3: autoDraw = True
1021.3200 	EXP 	line4: autoDraw = True
1021.3368 	EXP 	fixation: autoDraw = False
1022.3372 	INFO 	Keyboard events cleared
1022.3370 	EXP 	probe: autoDraw = True
1022.8706 	EXP 	Device response: <KeyPress from None: t=1022.8570572999997, value=x, duration=None>
1022.8710 	EXP 	New trial (rep=44, index=0): <Trial 176 (0 in rep 44) data={'pos': np.int64(-150), 'corr_resp': 'z', 'thisN': 176, 'thisTrialN': 0, 'thisRepN': 44}>
1022.8725 	DATA 	Keypress: x
1022.8868 	EXP 	fixation: autoDraw = False
1022.8868 	EXP 	line1: autoDraw = False
1022.8868 	EXP 	line_2: autoDraw = False
1022.8868 	EXP 	line_3: autoDraw = False
1022.8868 	EXP 	line4: autoDraw = False
1022.8868 	EXP 	probe: autoDraw = False
1022.8868 	EXP 	fixation: autoDraw = True
1023.0372 	EXP 	Device response: <KeyPress from None: t=1022.8570572999997, value=x, duration=0.1775788000004468>
1023.8719 	EXP 	line1: autoDraw = True
1023.8719 	EXP 	line_2: autoDraw = True
1023.8719 	EXP 	line_3: autoDraw = True
1023.8719 	EXP 	line4: autoDraw = True
1023.8871 	EXP 	fixation: autoDraw = False
1024.8704 	INFO 	Keyboard events cleared
1024.8702 	EXP 	probe: autoDraw = True
1025.4882 	EXP 	Device response: <KeyPress from None: t=1025.4809520999997, value=z, duration=None>
1025.4886 	EXP 	New trial (rep=44, index=1): <Trial 177 (1 in rep 44) data={'pos': np.int64(-50), 'corr_resp': 'x', 'thisN': 177, 'thisTrialN': 1, 'thisRepN': 44}>
1025.4899 	DATA 	Keypress: z
1025.5033 	EXP 	fixation: autoDraw = False
1025.5033 	EXP 	line1: autoDraw = False
1025.5033 	EXP 	line_2: autoDraw = False
1025.5033 	EXP 	line_3: autoDraw = False
1025.5033 	EXP 	line4: autoDraw = False
1025.5033 	EXP 	probe: autoDraw = False
1025.5033 	EXP 	fixation: autoDraw = True
1025.6542 	EXP 	Device response: <KeyPress from None: t=1025.4809520999997, value=z, duration=0.17252240000016172>
1026.5033 	EXP 	fixation: autoDraw = False
1026.5033 	EXP 	line1: autoDraw = True
1026.5033 	EXP 	line_2: autoDraw = True
1026.5033 	EXP 	line_3: autoDraw = True
1026.5033 	EXP 	line4: autoDraw = True
1027.5036 	INFO 	Keyboard events cleared
1027.5034 	EXP 	probe: autoDraw = True
1028.0716 	EXP 	Device response: <KeyPress from None: t=1028.0642336, value=x, duration=None>
1028.0720 	EXP 	New trial (rep=44, index=2): <Trial 178 (2 in rep 44) data={'pos': np.int64(150), 'corr_resp': 'v', 'thisN': 178, 'thisTrialN': 2, 'thisRepN': 44}>
1028.0733 	DATA 	Keypress: x
1028.0866 	EXP 	fixation: autoDraw = False
1028.0866 	EXP 	line1: autoDraw = False
1028.0866 	EXP 	line_2: autoDraw = False
1028.0866 	EXP 	line_3: autoDraw = False
1028.0866 	EXP 	line4: autoDraw = False
1028.0866 	EXP 	probe: autoDraw = False
1028.0866 	EXP 	fixation: autoDraw = True
1028.2543 	EXP 	Device response: <KeyPress from None: t=1028.0642336, value=x, duration=0.18937089999963064>
1029.0868 	EXP 	fixation: autoDraw = False
1029.0868 	EXP 	line1: autoDraw = True
1029.0868 	EXP 	line_2: autoDraw = True
1029.0868 	EXP 	line_3: autoDraw = True
1029.0868 	EXP 	line4: autoDraw = True
1030.0867 	INFO 	Keyboard events cleared
1030.0865 	EXP 	probe: autoDraw = True
1030.9217 	EXP 	Device response: <KeyPress from None: t=1030.9191214000002, value=v, duration=None>
1030.9221 	EXP 	New trial (rep=44, index=3): <Trial 179 (3 in rep 44) data={'pos': np.int64(50), 'corr_resp': 'c', 'thisN': 179, 'thisTrialN': 3, 'thisRepN': 44}>
1030.9234 	DATA 	Keypress: v
1030.9365 	EXP 	fixation: autoDraw = False
1030.9365 	EXP 	line1: autoDraw = False
1030.9365 	EXP 	line_2: autoDraw = False
1030.9365 	EXP 	line_3: autoDraw = False
1030.9365 	EXP 	line4: autoDraw = False
1030.9365 	EXP 	probe: autoDraw = False
1030.9365 	EXP 	fixation: autoDraw = True
1031.0706 	EXP 	Device response: <KeyPress from None: t=1030.9191214000002, value=v, duration=0.1348649999999907>
1031.9368 	EXP 	fixation: autoDraw = False
1031.9368 	EXP 	line1: autoDraw = True
1031.9368 	EXP 	line_2: autoDraw = True
1031.9368 	EXP 	line_3: autoDraw = True
1031.9368 	EXP 	line4: autoDraw = True
1032.9369 	INFO 	Keyboard events cleared
1032.9367 	EXP 	probe: autoDraw = True
1033.7542 	EXP 	Device response: <KeyPress from None: t=1033.7536085000002, value=c, duration=None>
1033.7547 	EXP 	New trial (rep=45, index=0): <Trial 180 (0 in rep 45) data={'pos': np.int64(-150), 'corr_resp': 'z', 'thisN': 180, 'thisTrialN': 0, 'thisRepN': 45}>
1033.7559 	DATA 	Keypress: c
1033.7702 	EXP 	fixation: autoDraw = False
1033.7702 	EXP 	line1: autoDraw = False
1033.7702 	EXP 	line_2: autoDraw = False
1033.7702 	EXP 	line_3: autoDraw = False
1033.7702 	EXP 	line4: autoDraw = False
1033.7702 	EXP 	probe: autoDraw = False
1033.7702 	EXP 	fixation: autoDraw = True
1033.8703 	EXP 	Device response: <KeyPress from None: t=1033.7536085000002, value=c, duration=0.11388949999945908>
1034.7702 	EXP 	fixation: autoDraw = False
1034.7702 	EXP 	line1: autoDraw = True
1034.7702 	EXP 	line_2: autoDraw = True
1034.7702 	EXP 	line_3: autoDraw = True
1034.7702 	EXP 	line4: autoDraw = True
1035.7705 	INFO 	Keyboard events cleared
1035.7703 	EXP 	probe: autoDraw = True
1036.3885 	DATA 	Keypress: z
1036.4041 	EXP 	Device response: <KeyPress from None: t=1036.3878661999997, value=z, duration=None>
1036.4045 	EXP 	New trial (rep=45, index=1): <Trial 181 (1 in rep 45) data={'pos': np.int64(150), 'corr_resp': 'v', 'thisN': 181, 'thisTrialN': 1, 'thisRepN': 45}>
1036.4204 	EXP 	fixation: autoDraw = False
1036.4204 	EXP 	line1: autoDraw = False
1036.4204 	EXP 	line_2: autoDraw = False
1036.4204 	EXP 	line_3: autoDraw = False
1036.4204 	EXP 	line4: autoDraw = False
1036.4204 	EXP 	probe: autoDraw = False
1036.4204 	EXP 	fixation: autoDraw = True
1036.5373 	EXP 	Device response: <KeyPress from None: t=1036.3878661999997, value=z, duration=0.1338341999999102>
1037.4035 	EXP 	line1: autoDraw = True
1037.4035 	EXP 	line_2: autoDraw = True
1037.4035 	EXP 	line_3: autoDraw = True
1037.4035 	EXP 	line4: autoDraw = True
1037.4203 	EXP 	fixation: autoDraw = False
1038.4036 	INFO 	Keyboard events cleared
1038.4035 	EXP 	probe: autoDraw = True
1039.3539 	EXP 	Device response: <KeyPress from None: t=1039.3399682, value=v, duration=None>
1039.3544 	EXP 	New trial (rep=45, index=2): <Trial 182 (2 in rep 45) data={'pos': np.int64(-50), 'corr_resp': 'x', 'thisN': 182, 'thisTrialN': 2, 'thisRepN': 45}>
1039.3558 	DATA 	Keypress: v
1039.3703 	EXP 	fixation: autoDraw = False
1039.3703 	EXP 	line1: autoDraw = False
1039.3703 	EXP 	line_2: autoDraw = False
1039.3703 	EXP 	line_3: autoDraw = False
1039.3703 	EXP 	line4: autoDraw = False
1039.3703 	EXP 	probe: autoDraw = False
1039.3703 	EXP 	fixation: autoDraw = True
1039.4876 	EXP 	Device response: <KeyPress from None: t=1039.3399682, value=v, duration=0.1383310999999594>
1040.3534 	EXP 	line1: autoDraw = True
1040.3534 	EXP 	line_2: autoDraw = True
1040.3534 	EXP 	line_3: autoDraw = True
1040.3534 	EXP 	line4: autoDraw = True
1040.3702 	EXP 	fixation: autoDraw = False
1041.3538 	INFO 	Keyboard events cleared
1041.3536 	EXP 	probe: autoDraw = True
1042.0707 	EXP 	Device response: <KeyPress from None: t=1042.0556622000004, value=x, duration=None>
1042.0712 	EXP 	New trial (rep=45, index=3): <Trial 183 (3 in rep 45) data={'pos': np.int64(50), 'corr_resp': 'c', 'thisN': 183, 'thisTrialN': 3, 'thisRepN': 45}>
1042.0725 	DATA 	Keypress: x
1042.0868 	EXP 	fixation: autoDraw = False
1042.0868 	EXP 	line1: autoDraw = False
1042.0868 	EXP 	line_2: autoDraw = False
1042.0868 	EXP 	line_3: autoDraw = False
1042.0868 	EXP 	line4: autoDraw = False
1042.0868 	EXP 	probe: autoDraw = False
1042.0868 	EXP 	fixation: autoDraw = True
1042.2039 	EXP 	Device response: <KeyPress from None: t=1042.0556622000004, value=x, duration=0.1461907999992036>
1043.0703 	EXP 	line1: autoDraw = True
1043.0703 	EXP 	line_2: autoDraw = True
1043.0703 	EXP 	line_3: autoDraw = True
1043.0703 	EXP 	line4: autoDraw = True
1043.0868 	EXP 	fixation: autoDraw = False
1044.0704 	INFO 	Keyboard events cleared
1044.0703 	EXP 	probe: autoDraw = True
1044.8206 	EXP 	Device response: <KeyPress from None: t=1044.8064594999996, value=c, duration=None>
1044.8209 	EXP 	New trial (rep=46, index=0): <Trial 184 (0 in rep 46) data={'pos': np.int64(-50), 'corr_resp': 'x', 'thisN': 184, 'thisTrialN': 0, 'thisRepN': 46}>
1044.8223 	DATA 	Keypress: c
1044.8368 	EXP 	fixation: autoDraw = False
1044.8368 	EXP 	line1: autoDraw = False
1044.8368 	EXP 	line_2: autoDraw = False
1044.8368 	EXP 	line_3: autoDraw = False
1044.8368 	EXP 	line4: autoDraw = False
1044.8368 	EXP 	probe: autoDraw = False
1044.8368 	EXP 	fixation: autoDraw = True
1044.9371 	EXP 	Device response: <KeyPress from None: t=1044.8064594999996, value=c, duration=0.11406450000049517>
1045.8201 	EXP 	line1: autoDraw = True
1045.8201 	EXP 	line_2: autoDraw = True
1045.8201 	EXP 	line_3: autoDraw = True
1045.8201 	EXP 	line4: autoDraw = True
1045.8368 	EXP 	fixation: autoDraw = False
1046.8205 	INFO 	Keyboard events cleared
1046.8203 	EXP 	probe: autoDraw = True
1047.4036 	EXP 	Device response: <KeyPress from None: t=1047.3948735000004, value=x, duration=None>
1047.4040 	EXP 	New trial (rep=46, index=1): <Trial 185 (1 in rep 46) data={'pos': np.int64(50), 'corr_resp': 'c', 'thisN': 185, 'thisTrialN': 1, 'thisRepN': 46}>
1047.4054 	DATA 	Keypress: x
1047.4202 	EXP 	fixation: autoDraw = False
1047.4202 	EXP 	line1: autoDraw = False
1047.4202 	EXP 	line_2: autoDraw = False
1047.4202 	EXP 	line_3: autoDraw = False
1047.4202 	EXP 	line4: autoDraw = False
1047.4202 	EXP 	probe: autoDraw = False
1047.4202 	EXP 	fixation: autoDraw = True
1047.5547 	EXP 	Device response: <KeyPress from None: t=1047.3948735000004, value=x, duration=0.1564632999998139>
1048.4040 	EXP 	line1: autoDraw = True
1048.4040 	EXP 	line_2: autoDraw = True
1048.4040 	EXP 	line_3: autoDraw = True
1048.4040 	EXP 	line4: autoDraw = True
1048.4201 	EXP 	fixation: autoDraw = False
1049.4038 	INFO 	Keyboard events cleared
1049.4037 	EXP 	probe: autoDraw = True
1049.8373 	EXP 	Device response: <KeyPress from None: t=1049.8263955000002, value=c, duration=None>
1049.8377 	EXP 	New trial (rep=46, index=2): <Trial 186 (2 in rep 46) data={'pos': np.int64(150), 'corr_resp': 'v', 'thisN': 186, 'thisTrialN': 2, 'thisRepN': 46}>
1049.8390 	DATA 	Keypress: c
1049.8537 	EXP 	fixation: autoDraw = False
1049.8537 	EXP 	line1: autoDraw = False
1049.8537 	EXP 	line_2: autoDraw = False
1049.8537 	EXP 	line_3: autoDraw = False
1049.8537 	EXP 	line4: autoDraw = False
1049.8537 	EXP 	probe: autoDraw = False
1049.8537 	EXP 	fixation: autoDraw = True
1049.9555 	EXP 	Device response: <KeyPress from None: t=1049.8263955000002, value=c, duration=0.12671139999929437>
1050.8369 	EXP 	line1: autoDraw = True
1050.8369 	EXP 	line_2: autoDraw = True
1050.8369 	EXP 	line_3: autoDraw = True
1050.8369 	EXP 	line4: autoDraw = True
1050.8532 	EXP 	fixation: autoDraw = False
1051.8373 	INFO 	Keyboard events cleared
1051.8371 	EXP 	probe: autoDraw = True
1052.6060 	DATA 	Keypress: v
1052.6203 	EXP 	Device response: <KeyPress from None: t=1052.6040516000003, value=v, duration=None>
1052.6209 	EXP 	New trial (rep=46, index=3): <Trial 187 (3 in rep 46) data={'pos': np.int64(-150), 'corr_resp': 'z', 'thisN': 187, 'thisTrialN': 3, 'thisRepN': 46}>
1052.6366 	EXP 	fixation: autoDraw = False
1052.6366 	EXP 	line1: autoDraw = False
1052.6366 	EXP 	line_2: autoDraw = False
1052.6366 	EXP 	line_3: autoDraw = False
1052.6366 	EXP 	line4: autoDraw = False
1052.6366 	EXP 	probe: autoDraw = False
1052.6366 	EXP 	fixation: autoDraw = True
1052.7707 	EXP 	Device response: <KeyPress from None: t=1052.6040516000003, value=v, duration=0.1506296999996266>
1053.6202 	EXP 	line1: autoDraw = True
1053.6202 	EXP 	line_2: autoDraw = True
1053.6202 	EXP 	line_3: autoDraw = True
1053.6202 	EXP 	line4: autoDraw = True
1053.6370 	EXP 	fixation: autoDraw = False
1054.6203 	INFO 	Keyboard events cleared
1054.6202 	EXP 	probe: autoDraw = True
1055.2725 	DATA 	Keypress: z
1055.2873 	EXP 	Device response: <KeyPress from None: t=1055.2713158999995, value=z, duration=None>
1055.2877 	EXP 	New trial (rep=47, index=0): <Trial 188 (0 in rep 47) data={'pos': np.int64(150), 'corr_resp': 'v', 'thisN': 188, 'thisTrialN': 0, 'thisRepN': 47}>
1055.3036 	EXP 	fixation: autoDraw = False
1055.3036 	EXP 	line1: autoDraw = False
1055.3036 	EXP 	line_2: autoDraw = False
1055.3036 	EXP 	line_3: autoDraw = False
1055.3036 	EXP 	line4: autoDraw = False
1055.3036 	EXP 	probe: autoDraw = False
1055.3036 	EXP 	fixation: autoDraw = True
1055.4212 	EXP 	Device response: <KeyPress from None: t=1055.2713158999995, value=z, duration=0.14803290000054403>
1056.2872 	EXP 	line1: autoDraw = True
1056.2872 	EXP 	line_2: autoDraw = True
1056.2872 	EXP 	line_3: autoDraw = True
1056.2872 	EXP 	line4: autoDraw = True
1056.3036 	EXP 	fixation: autoDraw = False
1057.2874 	INFO 	Keyboard events cleared
1057.2872 	EXP 	probe: autoDraw = True
1058.0550 	EXP 	Device response: <KeyPress from None: t=1058.0536650000004, value=v, duration=None>
1058.0554 	EXP 	New trial (rep=47, index=1): <Trial 189 (1 in rep 47) data={'pos': np.int64(-150), 'corr_resp': 'z', 'thisN': 189, 'thisTrialN': 1, 'thisRepN': 47}>
1058.0567 	DATA 	Keypress: v
1058.0700 	EXP 	fixation: autoDraw = False
1058.0700 	EXP 	line1: autoDraw = False
1058.0700 	EXP 	line_2: autoDraw = False
1058.0700 	EXP 	line_3: autoDraw = False
1058.0700 	EXP 	line4: autoDraw = False
1058.0700 	EXP 	probe: autoDraw = False
1058.0700 	EXP 	fixation: autoDraw = True
1058.1874 	EXP 	Device response: <KeyPress from None: t=1058.0536650000004, value=v, duration=0.12727929999982734>
1059.0705 	EXP 	fixation: autoDraw = False
1059.0705 	EXP 	line1: autoDraw = True
1059.0705 	EXP 	line_2: autoDraw = True
1059.0705 	EXP 	line_3: autoDraw = True
1059.0705 	EXP 	line4: autoDraw = True
1060.0540 	INFO 	Keyboard events cleared
1060.0538 	EXP 	probe: autoDraw = True
1060.7709 	EXP 	Device response: <KeyPress from None: t=1060.7662388999997, value=z, duration=None>
1060.7713 	EXP 	New trial (rep=47, index=2): <Trial 190 (2 in rep 47) data={'pos': np.int64(-50), 'corr_resp': 'x', 'thisN': 190, 'thisTrialN': 2, 'thisRepN': 47}>
1060.7725 	DATA 	Keypress: z
1060.7870 	EXP 	fixation: autoDraw = False
1060.7870 	EXP 	line1: autoDraw = False
1060.7870 	EXP 	line_2: autoDraw = False
1060.7870 	EXP 	line_3: autoDraw = False
1060.7870 	EXP 	line4: autoDraw = False
1060.7870 	EXP 	probe: autoDraw = False
1060.7870 	EXP 	fixation: autoDraw = True
1060.9375 	EXP 	Device response: <KeyPress from None: t=1060.7662388999997, value=z, duration=0.1581082000002425>
1061.7702 	EXP 	line1: autoDraw = True
1061.7702 	EXP 	line_2: autoDraw = True
1061.7702 	EXP 	line_3: autoDraw = True
1061.7702 	EXP 	line4: autoDraw = True
1061.7869 	EXP 	fixation: autoDraw = False
1062.7705 	INFO 	Keyboard events cleared
1062.7703 	EXP 	probe: autoDraw = True
1063.3719 	EXP 	Device response: <KeyPress from None: t=1063.3697659, value=x, duration=None>
1063.3723 	EXP 	New trial (rep=47, index=3): <Trial 191 (3 in rep 47) data={'pos': np.int64(50), 'corr_resp': 'c', 'thisN': 191, 'thisTrialN': 3, 'thisRepN': 47}>
1063.3735 	DATA 	Keypress: x
1063.3868 	EXP 	fixation: autoDraw = False
1063.3868 	EXP 	line1: autoDraw = False
1063.3868 	EXP 	line_2: autoDraw = False
1063.3868 	EXP 	line_3: autoDraw = False
1063.3868 	EXP 	line4: autoDraw = False
1063.3868 	EXP 	probe: autoDraw = False
1063.3868 	EXP 	fixation: autoDraw = True
1063.5540 	EXP 	Device response: <KeyPress from None: t=1063.3697659, value=x, duration=0.17007050000029267>
1064.3869 	EXP 	fixation: autoDraw = False
1064.3869 	EXP 	line1: autoDraw = True
1064.3869 	EXP 	line_2: autoDraw = True
1064.3869 	EXP 	line_3: autoDraw = True
1064.3869 	EXP 	line4: autoDraw = True
1065.3871 	INFO 	Keyboard events cleared
1065.3869 	EXP 	probe: autoDraw = True
1065.9708 	EXP 	Device response: <KeyPress from None: t=1065.9566606999997, value=c, duration=None>
1065.9711 	EXP 	New trial (rep=48, index=0): <Trial 192 (0 in rep 48) data={'pos': np.int64(150), 'corr_resp': 'v', 'thisN': 192, 'thisTrialN': 0, 'thisRepN': 48}>
1065.9723 	DATA 	Keypress: c
1065.9871 	EXP 	fixation: autoDraw = False
1065.9871 	EXP 	line1: autoDraw = False
1065.9871 	EXP 	line_2: autoDraw = False
1065.9871 	EXP 	line_3: autoDraw = False
1065.9871 	EXP 	line4: autoDraw = False
1065.9871 	EXP 	probe: autoDraw = False
1065.9871 	EXP 	fixation: autoDraw = True
1066.1043 	EXP 	Device response: <KeyPress from None: t=1065.9566606999997, value=c, duration=0.13837169999987964>
1066.9702 	EXP 	line1: autoDraw = True
1066.9702 	EXP 	line_2: autoDraw = True
1066.9702 	EXP 	line_3: autoDraw = True
1066.9702 	EXP 	line4: autoDraw = True
1066.9869 	EXP 	fixation: autoDraw = False
1067.9704 	INFO 	Keyboard events cleared
1067.9702 	EXP 	probe: autoDraw = True
1068.7212 	EXP 	Device response: <KeyPress from None: t=1068.7089718999996, value=v, duration=None>
1068.7216 	EXP 	New trial (rep=48, index=1): <Trial 193 (1 in rep 48) data={'pos': np.int64(-50), 'corr_resp': 'x', 'thisN': 193, 'thisTrialN': 1, 'thisRepN': 48}>
1068.7228 	DATA 	Keypress: v
1068.7370 	EXP 	fixation: autoDraw = False
1068.7370 	EXP 	line1: autoDraw = False
1068.7370 	EXP 	line_2: autoDraw = False
1068.7370 	EXP 	line_3: autoDraw = False
1068.7370 	EXP 	line4: autoDraw = False
1068.7370 	EXP 	probe: autoDraw = False
1068.7370 	EXP 	fixation: autoDraw = True
1068.8708 	EXP 	Device response: <KeyPress from None: t=1068.7089718999996, value=v, duration=0.15862590000051568>
1069.7378 	EXP 	fixation: autoDraw = False
1069.7378 	EXP 	line1: autoDraw = True
1069.7378 	EXP 	line_2: autoDraw = True
1069.7378 	EXP 	line_3: autoDraw = True
1069.7378 	EXP 	line4: autoDraw = True
1070.7375 	INFO 	Keyboard events cleared
1070.7374 	EXP 	probe: autoDraw = True
1071.2710 	EXP 	Device response: <KeyPress from None: t=1071.2577542999998, value=x, duration=None>
1071.2714 	EXP 	New trial (rep=48, index=2): <Trial 194 (2 in rep 48) data={'pos': np.int64(-150), 'corr_resp': 'z', 'thisN': 194, 'thisTrialN': 2, 'thisRepN': 48}>
1071.2729 	DATA 	Keypress: x
1071.2869 	EXP 	fixation: autoDraw = False
1071.2869 	EXP 	line1: autoDraw = False
1071.2869 	EXP 	line_2: autoDraw = False
1071.2869 	EXP 	line_3: autoDraw = False
1071.2869 	EXP 	line4: autoDraw = False
1071.2869 	EXP 	probe: autoDraw = False
1071.2869 	EXP 	fixation: autoDraw = True
1071.4876 	EXP 	Device response: <KeyPress from None: t=1071.2577542999998, value=x, duration=0.2270662999999331>
1072.2874 	EXP 	fixation: autoDraw = False
1072.2874 	EXP 	line1: autoDraw = True
1072.2874 	EXP 	line_2: autoDraw = True
1072.2874 	EXP 	line_3: autoDraw = True
1072.2874 	EXP 	line4: autoDraw = True
1073.2705 	INFO 	Keyboard events cleared
1073.2703 	EXP 	probe: autoDraw = True
1073.9540 	EXP 	Device response: <KeyPress from None: t=1073.9512074000004, value=z, duration=None>
1073.9543 	EXP 	New trial (rep=48, index=3): <Trial 195 (3 in rep 48) data={'pos': np.int64(50), 'corr_resp': 'c', 'thisN': 195, 'thisTrialN': 3, 'thisRepN': 48}>
1073.9558 	DATA 	Keypress: z
1073.9706 	EXP 	fixation: autoDraw = False
1073.9706 	EXP 	line1: autoDraw = False
1073.9706 	EXP 	line_2: autoDraw = False
1073.9706 	EXP 	line_3: autoDraw = False
1073.9706 	EXP 	line4: autoDraw = False
1073.9706 	EXP 	probe: autoDraw = False
1073.9706 	EXP 	fixation: autoDraw = True
1074.1540 	EXP 	Device response: <KeyPress from None: t=1073.9512074000004, value=z, duration=0.18679229999997915>
1074.9537 	EXP 	line1: autoDraw = True
1074.9537 	EXP 	line_2: autoDraw = True
1074.9537 	EXP 	line_3: autoDraw = True
1074.9537 	EXP 	line4: autoDraw = True
1074.9705 	EXP 	fixation: autoDraw = False
1075.9544 	INFO 	Keyboard events cleared
1075.9542 	EXP 	probe: autoDraw = True
1076.4048 	EXP 	Device response: <KeyPress from None: t=1076.400439, value=c, duration=None>
1076.4052 	EXP 	New trial (rep=49, index=0): <Trial 196 (0 in rep 49) data={'pos': np.int64(-50), 'corr_resp': 'x', 'thisN': 196, 'thisTrialN': 0, 'thisRepN': 49}>
1076.4068 	DATA 	Keypress: c
1076.4208 	EXP 	fixation: autoDraw = False
1076.4208 	EXP 	line1: autoDraw = False
1076.4208 	EXP 	line_2: autoDraw = False
1076.4208 	EXP 	line_3: autoDraw = False
1076.4208 	EXP 	line4: autoDraw = False
1076.4208 	EXP 	probe: autoDraw = False
1076.4208 	EXP 	fixation: autoDraw = True
1076.5543 	EXP 	Device response: <KeyPress from None: t=1076.400439, value=c, duration=0.15183049999996>
1077.4203 	EXP 	fixation: autoDraw = False
1077.4203 	EXP 	line1: autoDraw = True
1077.4203 	EXP 	line_2: autoDraw = True
1077.4203 	EXP 	line_3: autoDraw = True
1077.4203 	EXP 	line4: autoDraw = True
1078.4204 	INFO 	Keyboard events cleared
1078.4203 	EXP 	probe: autoDraw = True
1079.2375 	EXP 	Device response: <KeyPress from None: t=1079.2345819000002, value=x, duration=None>
1079.2379 	EXP 	New trial (rep=49, index=1): <Trial 197 (1 in rep 49) data={'pos': np.int64(-150), 'corr_resp': 'z', 'thisN': 197, 'thisTrialN': 1, 'thisRepN': 49}>
1079.2394 	DATA 	Keypress: x
1079.2542 	EXP 	fixation: autoDraw = False
1079.2542 	EXP 	line1: autoDraw = False
1079.2542 	EXP 	line_2: autoDraw = False
1079.2542 	EXP 	line_3: autoDraw = False
1079.2542 	EXP 	line4: autoDraw = False
1079.2542 	EXP 	probe: autoDraw = False
1079.2542 	EXP 	fixation: autoDraw = True
1079.3878 	EXP 	Device response: <KeyPress from None: t=1079.2345819000002, value=x, duration=0.15064449999954377>
1080.2371 	EXP 	line1: autoDraw = True
1080.2371 	EXP 	line_2: autoDraw = True
1080.2371 	EXP 	line_3: autoDraw = True
1080.2371 	EXP 	line4: autoDraw = True
1080.2538 	EXP 	fixation: autoDraw = False
1081.2369 	INFO 	Keyboard events cleared
1081.2367 	EXP 	probe: autoDraw = True
1081.9714 	EXP 	Device response: <KeyPress from None: t=1081.9673519999997, value=z, duration=None>
1081.9718 	EXP 	New trial (rep=49, index=2): <Trial 198 (2 in rep 49) data={'pos': np.int64(150), 'corr_resp': 'v', 'thisN': 198, 'thisTrialN': 2, 'thisRepN': 49}>
1081.9731 	DATA 	Keypress: z
1081.9869 	EXP 	fixation: autoDraw = False
1081.9869 	EXP 	line1: autoDraw = False
1081.9869 	EXP 	line_2: autoDraw = False
1081.9869 	EXP 	line_3: autoDraw = False
1081.9869 	EXP 	line4: autoDraw = False
1081.9869 	EXP 	probe: autoDraw = False
1081.9869 	EXP 	fixation: autoDraw = True
1082.1543 	EXP 	Device response: <KeyPress from None: t=1081.9673519999997, value=z, duration=0.1704665000006571>
1082.9872 	EXP 	fixation: autoDraw = False
1082.9872 	EXP 	line1: autoDraw = True
1082.9872 	EXP 	line_2: autoDraw = True
1082.9872 	EXP 	line_3: autoDraw = True
1082.9872 	EXP 	line4: autoDraw = True
1083.9873 	INFO 	Keyboard events cleared
1083.9872 	EXP 	probe: autoDraw = True
1084.8718 	EXP 	Device response: <KeyPress from None: t=1084.8691685000003, value=v, duration=None>
1084.8722 	EXP 	New trial (rep=49, index=3): <Trial 199 (3 in rep 49) data={'pos': np.int64(50), 'corr_resp': 'c', 'thisN': 199, 'thisTrialN': 3, 'thisRepN': 49}>
1084.8735 	DATA 	Keypress: v
1084.8870 	EXP 	fixation: autoDraw = False
1084.8870 	EXP 	line1: autoDraw = False
1084.8870 	EXP 	line_2: autoDraw = False
1084.8870 	EXP 	line_3: autoDraw = False
1084.8870 	EXP 	line4: autoDraw = False
1084.8870 	EXP 	probe: autoDraw = False
1084.8870 	EXP 	fixation: autoDraw = True
1085.0043 	EXP 	Device response: <KeyPress from None: t=1084.8691685000003, value=v, duration=0.1238268999995853>
1085.8870 	EXP 	fixation: autoDraw = False
1085.8870 	EXP 	line1: autoDraw = True
1085.8870 	EXP 	line_2: autoDraw = True
1085.8870 	EXP 	line_3: autoDraw = True
1085.8870 	EXP 	line4: autoDraw = True
1086.8873 	INFO 	Keyboard events cleared
1086.8871 	EXP 	probe: autoDraw = True
1087.3381 	EXP 	Device response: <KeyPress from None: t=1087.3365072999995, value=c, duration=None>
1087.3393 	DATA 	Keypress: c
1087.3536 	EXP 	fixation: autoDraw = False
1087.3536 	EXP 	line1: autoDraw = False
1087.3536 	EXP 	line_2: autoDraw = False
1087.3536 	EXP 	line_3: autoDraw = False
1087.3536 	EXP 	line4: autoDraw = False
1087.3536 	EXP 	probe: autoDraw = False
1087.3538 	EXP 	untitled: status = STOPPED
1087.5429 	INFO 	saved data to 'C:\\Users\\DELL\\Desktop\\psychopie_final\\motor sequence\\data\\par_3_mtr_seq_untitled_2025-10-01_20h32.23.763.csv'
1087.5500 	INFO 	saved data to C:\Users\DELL\Desktop\psychopie_final\motor sequence\data\par_3_mtr_seq_untitled_2025-10-01_20h32.23.763.psydat
1087.9058 	WARNING 	Stopping key buffers but this could be dangerous ifother keyboards rely on the same.
1088.0020 	WARNING 	Stopping key buffers but this could be dangerous ifother keyboards rely on the same.
