31.6654 	INFO 	Loaded monitor calibration from ['2025_08_11 19:48']
31.6975 	WARNING 	User requested fullscreen with size [1024  768], but screen is actually [1920, 1080]. Using actual size
32.0088 	INFO 	Using renderer 'AMD Radeon(TM) Graphics' for graphics
32.0088 	INFO 	OpenGL version supported by driver is 4..
32.0742 	EXP 	Created window1 = Window(allowGUI=False, allowStencil=False, autoLog=True, backendConf=UNKNOWN, backgroundFit=<method-wrapper '__getattribute__' of attributeSetter object at 0x0000026194E8FB50>, backgroundImage=<method-wrapper '__getattribute__' of attributeSetter object at 0x0000026194E8FAF0>, bitsMode=UNKNOWN, blendMode='avg', bpc=(8, 8, 8), color=array([0, 0, 0]), colorSpace='rgb', depthBits=8, fullscr=True, gamma=None, gammaErrorPolicy='raise', infoMsg=UNKNOWN, lms=UNKNOWN, monitor=<psychopy.monitors.calibTools.Monitor object at 0x0000026194F5D3F0>, multiSample=False, name='window1', numSamples=2, pos=[np.float64(0.0), np.float64(0.0)], screen=0, size=array([1920, 1080]), stencilBits=0, stereo=False, title='PsychoPy', units='height', useFBO=True, useRetina=False, viewOri=0.0, viewPos=None, viewScale=None, waitBlanking=True, winType='pyglet')
32.0744 	EXP 	window1: backgroundImage = ''
32.0744 	EXP 	window1: backgroundFit = 'none'
32.8987 	EXP 	window1: Attempting to measure frame rate of screen (0) ...
32.8988 	EXP 	window1: recordFrameIntervals = False
33.1564 	EXP 	window1: recordFrameIntervals = True
33.3406 	EXP 	Screen (0) actual frame rate measured at 59.75Hz
33.3407 	EXP 	window1: recordFrameIntervals = False
33.4284 	INFO 	keyboard.Keyboard is using ptb backend.
33.4287 	INFO 	keyboard.Keyboard is using ptb backend.
33.4289 	EXP 	untitled: status = STARTED
33.4357 	EXP 	Created fixation = ShapeStim(__class__=<class 'psychopy.visual.shape.ShapeStim'>, anchor=('center', 'center'), autoDraw=False, autoLog=True, closeShape=True, color=method-wrapper(...), colorSpace='rgb', contrast=None, depth=0.0, draggable=False, fillColor=array([1, 1, 1]), fillColorSpace='rgb', fillRGB=array([1, 1, 1]), interpolate=True, lineColor=array([1., 1., 1.]), lineColorSpace='rgb', lineRGB=array([1, 1, 1]), lineWidth=1.0, name='fixation', opacity=1, ori=0.0, pos=array([0., 0.]), size=array([10., 10.]), units='pix', vertices=ndarray(...), win=Window(...), windingRule=None)
33.4381 	EXP 	Created line1 = Rect(__class__=<class 'psychopy.visual.rect.Rect'>, anchor=('center', 'center'), autoDraw=False, autoLog=True, closeShape=True, color=method-wrapper(...), colorSpace='rgb', contrast=None, depth=-1.0, draggable=False, fillColor=array([1, 1, 1]), fillColorSpace='rgb', fillRGB=array([1, 1, 1]), interpolate=True, lineColor=array([1., 1., 1.]), lineColorSpace='rgb', lineRGB=array([1, 1, 1]), lineWidth=1.0, name='line1', opacity=1, ori=90.0, pos=array([-150.,    0.]), size=array([100.,  10.]), units='pix', vertices=ndarray(...), win=Window(...))
33.4402 	EXP 	Created line_2 = Rect(__class__=<class 'psychopy.visual.rect.Rect'>, anchor=('center', 'center'), autoDraw=False, autoLog=True, closeShape=True, color=method-wrapper(...), colorSpace='rgb', contrast=None, depth=-2.0, draggable=False, fillColor=array([1, 1, 1]), fillColorSpace='rgb', fillRGB=array([1, 1, 1]), interpolate=True, lineColor=array([1., 1., 1.]), lineColorSpace='rgb', lineRGB=array([1, 1, 1]), lineWidth=1.0, name='line_2', opacity=1, ori=90.0, pos=array([-50.,   0.]), size=array([100.,  10.]), units='pix', vertices=ndarray(...), win=Window(...))
33.4423 	EXP 	Created line_3 = Rect(__class__=<class 'psychopy.visual.rect.Rect'>, anchor=('center', 'center'), autoDraw=False, autoLog=True, closeShape=True, color=method-wrapper(...), colorSpace='rgb', contrast=None, depth=-3.0, draggable=False, fillColor=array([1, 1, 1]), fillColorSpace='rgb', fillRGB=array([1, 1, 1]), interpolate=True, lineColor=array([1., 1., 1.]), lineColorSpace='rgb', lineRGB=array([1, 1, 1]), lineWidth=1.0, name='line_3', opacity=1, ori=90.0, pos=array([50.,  0.]), size=array([100.,  10.]), units='pix', vertices=ndarray(...), win=Window(...))
33.4444 	EXP 	Created line4 = Rect(__class__=<class 'psychopy.visual.rect.Rect'>, anchor=('center', 'center'), autoDraw=False, autoLog=True, closeShape=True, color=method-wrapper(...), colorSpace='rgb', contrast=None, depth=-4.0, draggable=False, fillColor=array([1, 1, 1]), fillColorSpace='rgb', fillRGB=array([1, 1, 1]), interpolate=True, lineColor=array([1., 1., 1.]), lineColorSpace='rgb', lineRGB=array([1, 1, 1]), lineWidth=1.0, name='line4', opacity=1, ori=90.0, pos=array([150.,   0.]), size=array([100.,  10.]), units='pix', vertices=ndarray(...), win=Window(...))
33.4473 	EXP 	Created probe = ShapeStim(__class__=<class 'psychopy.visual.shape.ShapeStim'>, anchor=('center', 'center'), autoDraw=False, autoLog=True, closeShape=True, color=method-wrapper(...), colorSpace='rgb', contrast=None, depth=-5.0, draggable=False, fillColor=array([1, 1, 1]), fillColorSpace='rgb', fillRGB=array([1, 1, 1]), interpolate=True, lineColor=array([1., 1., 1.]), lineColorSpace='rgb', lineRGB=array([1, 1, 1]), lineWidth=1.0, name='probe', opacity=1, ori=0.0, pos=array([0., 0.]), size=array([10., 10.]), units='pix', vertices=ndarray(...), win=Window(...), windingRule=None)
33.4503 	EXP 	Created fixation = ShapeStim(__class__=<class 'psychopy.visual.shape.ShapeStim'>, anchor=('center', 'center'), autoDraw=False, autoLog=True, closeShape=True, color=method-wrapper(...), colorSpace='rgb', contrast=None, depth=0.0, draggable=False, fillColor=array([1, 1, 1]), fillColorSpace='rgb', fillRGB=array([1, 1, 1]), interpolate=True, lineColor=array([1., 1., 1.]), lineColorSpace='rgb', lineRGB=array([1, 1, 1]), lineWidth=1.0, name='fixation', opacity=1, ori=0.0, pos=array([0., 0.]), size=array([10., 10.]), units='pix', vertices=ndarray(...), win=Window(...), windingRule=None)
33.4525 	EXP 	Created line1 = Rect(__class__=<class 'psychopy.visual.rect.Rect'>, anchor=('center', 'center'), autoDraw=False, autoLog=True, closeShape=True, color=method-wrapper(...), colorSpace='rgb', contrast=None, depth=-1.0, draggable=False, fillColor=array([1, 1, 1]), fillColorSpace='rgb', fillRGB=array([1, 1, 1]), interpolate=True, lineColor=array([1., 1., 1.]), lineColorSpace='rgb', lineRGB=array([1, 1, 1]), lineWidth=1.0, name='line1', opacity=1, ori=90.0, pos=array([-150.,    0.]), size=array([100.,  10.]), units='pix', vertices=ndarray(...), win=Window(...))
33.4546 	EXP 	Created line_2 = Rect(__class__=<class 'psychopy.visual.rect.Rect'>, anchor=('center', 'center'), autoDraw=False, autoLog=True, closeShape=True, color=method-wrapper(...), colorSpace='rgb', contrast=None, depth=-2.0, draggable=False, fillColor=array([1, 1, 1]), fillColorSpace='rgb', fillRGB=array([1, 1, 1]), interpolate=True, lineColor=array([1., 1., 1.]), lineColorSpace='rgb', lineRGB=array([1, 1, 1]), lineWidth=1.0, name='line_2', opacity=1, ori=90.0, pos=array([-50.,   0.]), size=array([100.,  10.]), units='pix', vertices=ndarray(...), win=Window(...))
33.4567 	EXP 	Created line_3 = Rect(__class__=<class 'psychopy.visual.rect.Rect'>, anchor=('center', 'center'), autoDraw=False, autoLog=True, closeShape=True, color=method-wrapper(...), colorSpace='rgb', contrast=None, depth=-3.0, draggable=False, fillColor=array([1, 1, 1]), fillColorSpace='rgb', fillRGB=array([1, 1, 1]), interpolate=True, lineColor=array([1., 1., 1.]), lineColorSpace='rgb', lineRGB=array([1, 1, 1]), lineWidth=1.0, name='line_3', opacity=1, ori=90.0, pos=array([50.,  0.]), size=array([100.,  10.]), units='pix', vertices=ndarray(...), win=Window(...))
33.4588 	EXP 	Created line4 = Rect(__class__=<class 'psychopy.visual.rect.Rect'>, anchor=('center', 'center'), autoDraw=False, autoLog=True, closeShape=True, color=method-wrapper(...), colorSpace='rgb', contrast=None, depth=-4.0, draggable=False, fillColor=array([1, 1, 1]), fillColorSpace='rgb', fillRGB=array([1, 1, 1]), interpolate=True, lineColor=array([1., 1., 1.]), lineColorSpace='rgb', lineRGB=array([1, 1, 1]), lineWidth=1.0, name='line4', opacity=1, ori=90.0, pos=array([150.,   0.]), size=array([100.,  10.]), units='pix', vertices=ndarray(...), win=Window(...))
33.4615 	EXP 	Created probe = ShapeStim(__class__=<class 'psychopy.visual.shape.ShapeStim'>, anchor=('center', 'center'), autoDraw=False, autoLog=True, closeShape=True, color=method-wrapper(...), colorSpace='rgb', contrast=None, depth=-5.0, draggable=False, fillColor=array([1, 1, 1]), fillColorSpace='rgb', fillRGB=array([1, 1, 1]), interpolate=True, lineColor=array([1., 1., 1.]), lineColorSpace='rgb', lineRGB=array([1, 1, 1]), lineWidth=1.0, name='probe', opacity=1, ori=0.0, pos=array([0., 0.]), size=array([10., 10.]), units='pix', vertices=ndarray(...), win=Window(...), windingRule=None)
0.0167 	EXP 	Imported conditions.csv as conditions, 4 conditions, 2 params
0.0189 	EXP 	New trial (rep=0, index=0): <Trial 0 (0 in rep 0) data={'pos': np.int64(-50), 'corr_resp': 'x', 'thisN': 0, 'thisTrialN': 0, 'thisRepN': 0}>
0.0289 	EXP 	fixation: autoDraw = True
1.0116 	EXP 	line1: autoDraw = True
1.0116 	EXP 	line_2: autoDraw = True
1.0116 	EXP 	line_3: autoDraw = True
1.0116 	EXP 	line4: autoDraw = True
1.0284 	EXP 	fixation: autoDraw = False
2.0119 	INFO 	Keyboard events cleared
2.0117 	EXP 	probe: autoDraw = True
3.3374 	EXP 	Device response: <KeyPress from None: t=3.316576199999872, value=x, duration=None>
3.3379 	EXP 	New trial (rep=0, index=1): <Trial 1 (1 in rep 0) data={'pos': np.int64(150), 'corr_resp': 'v', 'thisN': 1, 'thisTrialN': 1, 'thisRepN': 0}>
3.3395 	DATA 	Keypress: x
3.3471 	EXP 	fixation: autoDraw = False
3.3471 	EXP 	line1: autoDraw = False
3.3471 	EXP 	line_2: autoDraw = False
3.3471 	EXP 	line_3: autoDraw = False
3.3471 	EXP 	line4: autoDraw = False
3.3471 	EXP 	probe: autoDraw = False
3.3471 	EXP 	fixation: autoDraw = True
3.4290 	EXP 	Device response: <KeyPress from None: t=3.316576199999872, value=x, duration=0.10971770000014658>
4.3451 	EXP 	line1: autoDraw = True
4.3451 	EXP 	line_2: autoDraw = True
4.3451 	EXP 	line_3: autoDraw = True
4.3451 	EXP 	line4: autoDraw = True
4.3618 	EXP 	fixation: autoDraw = False
5.3452 	INFO 	Keyboard events cleared
5.3450 	EXP 	probe: autoDraw = True
6.2958 	EXP 	Device response: <KeyPress from None: t=6.294982099999743, value=v, duration=None>
6.2961 	EXP 	New trial (rep=0, index=2): <Trial 2 (2 in rep 0) data={'pos': np.int64(50), 'corr_resp': 'c', 'thisN': 2, 'thisTrialN': 2, 'thisRepN': 0}>
6.2975 	DATA 	Keypress: v
6.3114 	EXP 	fixation: autoDraw = False
6.3114 	EXP 	line1: autoDraw = False
6.3114 	EXP 	line_2: autoDraw = False
6.3114 	EXP 	line_3: autoDraw = False
6.3114 	EXP 	line4: autoDraw = False
6.3114 	EXP 	probe: autoDraw = False
6.3114 	EXP 	fixation: autoDraw = True
6.3291 	EXP 	Device response: <KeyPress from None: t=6.294982099999743, value=v, duration=0.03314360000013039>
7.3118 	EXP 	fixation: autoDraw = False
7.3118 	EXP 	line1: autoDraw = True
7.3118 	EXP 	line_2: autoDraw = True
7.3118 	EXP 	line_3: autoDraw = True
7.3118 	EXP 	line4: autoDraw = True
8.2952 	INFO 	Keyboard events cleared
8.2950 	EXP 	probe: autoDraw = True
9.0963 	EXP 	Device response: <KeyPress from None: t=9.086899299999914, value=c, duration=None>
9.0967 	EXP 	New trial (rep=0, index=3): <Trial 3 (3 in rep 0) data={'pos': np.int64(-150), 'corr_resp': 'z', 'thisN': 3, 'thisTrialN': 3, 'thisRepN': 0}>
9.0981 	DATA 	Keypress: c
9.1117 	EXP 	fixation: autoDraw = False
9.1117 	EXP 	line1: autoDraw = False
9.1117 	EXP 	line_2: autoDraw = False
9.1117 	EXP 	line_3: autoDraw = False
9.1117 	EXP 	line4: autoDraw = False
9.1117 	EXP 	probe: autoDraw = False
9.1117 	EXP 	fixation: autoDraw = True
9.1787 	EXP 	Device response: <KeyPress from None: t=9.086899299999914, value=c, duration=0.08185090000006312>
10.1118 	EXP 	fixation: autoDraw = False
10.1118 	EXP 	line1: autoDraw = True
10.1118 	EXP 	line_2: autoDraw = True
10.1118 	EXP 	line_3: autoDraw = True
10.1118 	EXP 	line4: autoDraw = True
11.1119 	INFO 	Keyboard events cleared
11.1118 	EXP 	probe: autoDraw = True
11.9457 	EXP 	Device response: <KeyPress from None: t=11.943178399999852, value=z, duration=None>
11.9461 	EXP 	New trial (rep=1, index=0): <Trial 4 (0 in rep 1) data={'pos': np.int64(-50), 'corr_resp': 'x', 'thisN': 4, 'thisTrialN': 0, 'thisRepN': 1}>
11.9476 	DATA 	Keypress: z
11.9620 	EXP 	fixation: autoDraw = False
11.9620 	EXP 	line1: autoDraw = False
11.9620 	EXP 	line_2: autoDraw = False
11.9620 	EXP 	line_3: autoDraw = False
11.9620 	EXP 	line4: autoDraw = False
11.9620 	EXP 	probe: autoDraw = False
11.9620 	EXP 	fixation: autoDraw = True
12.0451 	EXP 	Device response: <KeyPress from None: t=11.943178399999852, value=z, duration=0.09448990000009871>
12.9451 	EXP 	line1: autoDraw = True
12.9451 	EXP 	line_2: autoDraw = True
12.9451 	EXP 	line_3: autoDraw = True
12.9451 	EXP 	line4: autoDraw = True
12.9620 	EXP 	fixation: autoDraw = False
13.9452 	INFO 	Keyboard events cleared
13.9451 	EXP 	probe: autoDraw = True
14.7948 	EXP 	Device response: <KeyPress from None: t=14.782315399999788, value=x, duration=None>
14.7953 	EXP 	New trial (rep=1, index=1): <Trial 5 (1 in rep 1) data={'pos': np.int64(150), 'corr_resp': 'v', 'thisN': 5, 'thisTrialN': 1, 'thisRepN': 1}>
14.7967 	DATA 	Keypress: x
14.8117 	EXP 	fixation: autoDraw = False
14.8117 	EXP 	line1: autoDraw = False
14.8117 	EXP 	line_2: autoDraw = False
14.8117 	EXP 	line_3: autoDraw = False
14.8117 	EXP 	line4: autoDraw = False
14.8117 	EXP 	probe: autoDraw = False
14.8117 	EXP 	fixation: autoDraw = True
14.8622 	EXP 	Device response: <KeyPress from None: t=14.782315399999788, value=x, duration=0.06881720000001224>
15.7952 	EXP 	line1: autoDraw = True
15.7952 	EXP 	line_2: autoDraw = True
15.7952 	EXP 	line_3: autoDraw = True
15.7952 	EXP 	line4: autoDraw = True
15.8117 	EXP 	fixation: autoDraw = False
16.7956 	INFO 	Keyboard events cleared
16.7955 	EXP 	probe: autoDraw = True
17.6142 	DATA 	Keypress: v
17.6291 	EXP 	Device response: <KeyPress from None: t=17.612290199999734, value=v, duration=None>
17.6295 	EXP 	New trial (rep=1, index=2): <Trial 6 (2 in rep 1) data={'pos': np.int64(50), 'corr_resp': 'c', 'thisN': 6, 'thisTrialN': 2, 'thisRepN': 1}>
17.6451 	EXP 	fixation: autoDraw = False
17.6451 	EXP 	line1: autoDraw = False
17.6451 	EXP 	line_2: autoDraw = False
17.6451 	EXP 	line_3: autoDraw = False
17.6451 	EXP 	line4: autoDraw = False
17.6451 	EXP 	probe: autoDraw = False
17.6451 	EXP 	fixation: autoDraw = True
17.6955 	EXP 	Device response: <KeyPress from None: t=17.612290199999734, value=v, duration=0.06778320000012172>
18.6285 	EXP 	line1: autoDraw = True
18.6285 	EXP 	line_2: autoDraw = True
18.6285 	EXP 	line_3: autoDraw = True
18.6285 	EXP 	line4: autoDraw = True
18.6451 	EXP 	fixation: autoDraw = False
19.6451 	INFO 	Keyboard events cleared
19.6450 	EXP 	probe: autoDraw = True
20.9458 	EXP 	Device response: <KeyPress from None: t=20.94378710000001, value=c, duration=None>
20.9461 	EXP 	New trial (rep=1, index=3): <Trial 7 (3 in rep 1) data={'pos': np.int64(-150), 'corr_resp': 'z', 'thisN': 7, 'thisTrialN': 3, 'thisRepN': 1}>
20.9477 	DATA 	Keypress: c
20.9618 	EXP 	fixation: autoDraw = False
20.9618 	EXP 	line1: autoDraw = False
20.9618 	EXP 	line_2: autoDraw = False
20.9618 	EXP 	line_3: autoDraw = False
20.9618 	EXP 	line4: autoDraw = False
20.9618 	EXP 	probe: autoDraw = False
20.9618 	EXP 	fixation: autoDraw = True
21.0122 	EXP 	Device response: <KeyPress from None: t=20.94378710000001, value=c, duration=0.055562499999723514>
21.9451 	EXP 	line1: autoDraw = True
21.9451 	EXP 	line_2: autoDraw = True
21.9451 	EXP 	line_3: autoDraw = True
21.9451 	EXP 	line4: autoDraw = True
21.9617 	EXP 	fixation: autoDraw = False
22.9452 	INFO 	Keyboard events cleared
22.9451 	EXP 	probe: autoDraw = True
23.9623 	EXP 	Device response: <KeyPress from None: t=23.959491099999923, value=z, duration=None>
23.9626 	EXP 	New trial (rep=2, index=0): <Trial 8 (0 in rep 2) data={'pos': np.int64(-50), 'corr_resp': 'x', 'thisN': 8, 'thisTrialN': 0, 'thisRepN': 2}>
23.9641 	DATA 	Keypress: z
23.9785 	EXP 	fixation: autoDraw = False
23.9785 	EXP 	line1: autoDraw = False
23.9785 	EXP 	line_2: autoDraw = False
23.9785 	EXP 	line_3: autoDraw = False
23.9785 	EXP 	line4: autoDraw = False
23.9785 	EXP 	probe: autoDraw = False
23.9785 	EXP 	fixation: autoDraw = True
24.0292 	EXP 	Device response: <KeyPress from None: t=23.959491099999923, value=z, duration=0.05327279999983148>
24.9619 	EXP 	line1: autoDraw = True
24.9619 	EXP 	line_2: autoDraw = True
24.9619 	EXP 	line_3: autoDraw = True
24.9619 	EXP 	line4: autoDraw = True
24.9784 	EXP 	fixation: autoDraw = False
25.9621 	INFO 	Keyboard events cleared
25.9619 	EXP 	probe: autoDraw = True
27.0780 	EXP 	Device response: <KeyPress from None: t=27.064337499999965, value=x, duration=None>
27.0785 	EXP 	New trial (rep=2, index=1): <Trial 9 (1 in rep 2) data={'pos': np.int64(150), 'corr_resp': 'v', 'thisN': 9, 'thisTrialN': 1, 'thisRepN': 2}>
27.0800 	DATA 	Keypress: x
27.0952 	EXP 	fixation: autoDraw = False
27.0952 	EXP 	line1: autoDraw = False
27.0952 	EXP 	line_2: autoDraw = False
27.0952 	EXP 	line_3: autoDraw = False
27.0952 	EXP 	line4: autoDraw = False
27.0952 	EXP 	probe: autoDraw = False
27.0952 	EXP 	fixation: autoDraw = True
27.1459 	EXP 	Device response: <KeyPress from None: t=27.064337499999965, value=x, duration=0.08080440000003364>
28.0784 	EXP 	line1: autoDraw = True
28.0784 	EXP 	line_2: autoDraw = True
28.0784 	EXP 	line_3: autoDraw = True
28.0784 	EXP 	line4: autoDraw = True
28.0951 	EXP 	fixation: autoDraw = False
29.0786 	INFO 	Keyboard events cleared
29.0785 	EXP 	probe: autoDraw = True
29.7958 	EXP 	Device response: <KeyPress from None: t=29.795004300000073, value=v, duration=None>
29.7962 	EXP 	New trial (rep=2, index=2): <Trial 10 (2 in rep 2) data={'pos': np.int64(50), 'corr_resp': 'c', 'thisN': 10, 'thisTrialN': 2, 'thisRepN': 2}>
29.7975 	DATA 	Keypress: v
29.8118 	EXP 	fixation: autoDraw = False
29.8118 	EXP 	line1: autoDraw = False
29.8118 	EXP 	line_2: autoDraw = False
29.8118 	EXP 	line_3: autoDraw = False
29.8118 	EXP 	line4: autoDraw = False
29.8118 	EXP 	probe: autoDraw = False
29.8118 	EXP 	fixation: autoDraw = True
29.8790 	EXP 	Device response: <KeyPress from None: t=29.795004300000073, value=v, duration=0.08173420000002807>
30.7955 	EXP 	line1: autoDraw = True
30.7955 	EXP 	line_2: autoDraw = True
30.7955 	EXP 	line_3: autoDraw = True
30.7955 	EXP 	line4: autoDraw = True
30.8118 	EXP 	fixation: autoDraw = False
31.7951 	INFO 	Keyboard events cleared
31.7950 	EXP 	probe: autoDraw = True
32.5124 	EXP 	Device response: <KeyPress from None: t=32.49952399999984, value=c, duration=None>
32.5128 	EXP 	New trial (rep=2, index=3): <Trial 11 (3 in rep 2) data={'pos': np.int64(-150), 'corr_resp': 'z', 'thisN': 11, 'thisTrialN': 3, 'thisRepN': 2}>
32.5142 	DATA 	Keypress: c
32.5290 	EXP 	fixation: autoDraw = False
32.5290 	EXP 	line1: autoDraw = False
32.5290 	EXP 	line_2: autoDraw = False
32.5290 	EXP 	line_3: autoDraw = False
32.5290 	EXP 	line4: autoDraw = False
32.5290 	EXP 	probe: autoDraw = False
32.5290 	EXP 	fixation: autoDraw = True
32.5789 	EXP 	Device response: <KeyPress from None: t=32.49952399999984, value=c, duration=0.06954140000016196>
33.5119 	EXP 	line1: autoDraw = True
33.5119 	EXP 	line_2: autoDraw = True
33.5119 	EXP 	line_3: autoDraw = True
33.5119 	EXP 	line4: autoDraw = True
33.5279 	EXP 	fixation: autoDraw = False
34.5120 	INFO 	Keyboard events cleared
34.5118 	EXP 	probe: autoDraw = True
35.3122 	EXP 	Device response: <KeyPress from None: t=35.30365239999992, value=z, duration=None>
35.3125 	EXP 	New trial (rep=3, index=0): <Trial 12 (0 in rep 3) data={'pos': np.int64(-50), 'corr_resp': 'x', 'thisN': 12, 'thisTrialN': 0, 'thisRepN': 3}>
35.3138 	DATA 	Keypress: z
35.3290 	EXP 	fixation: autoDraw = False
35.3290 	EXP 	line1: autoDraw = False
35.3290 	EXP 	line_2: autoDraw = False
35.3290 	EXP 	line_3: autoDraw = False
35.3290 	EXP 	line4: autoDraw = False
35.3290 	EXP 	probe: autoDraw = False
35.3290 	EXP 	fixation: autoDraw = True
35.3954 	EXP 	Device response: <KeyPress from None: t=35.30365239999992, value=z, duration=0.08803290000014385>
36.3121 	EXP 	line1: autoDraw = True
36.3121 	EXP 	line_2: autoDraw = True
36.3121 	EXP 	line_3: autoDraw = True
36.3121 	EXP 	line4: autoDraw = True
36.3285 	EXP 	fixation: autoDraw = False
37.3122 	INFO 	Keyboard events cleared
37.3120 	EXP 	probe: autoDraw = True
38.0292 	EXP 	Device response: <KeyPress from None: t=38.02653539999983, value=x, duration=None>
38.0296 	EXP 	New trial (rep=3, index=1): <Trial 13 (1 in rep 3) data={'pos': np.int64(150), 'corr_resp': 'v', 'thisN': 13, 'thisTrialN': 1, 'thisRepN': 3}>
38.0310 	DATA 	Keypress: x
38.0452 	EXP 	fixation: autoDraw = False
38.0452 	EXP 	line1: autoDraw = False
38.0452 	EXP 	line_2: autoDraw = False
38.0452 	EXP 	line_3: autoDraw = False
38.0452 	EXP 	line4: autoDraw = False
38.0452 	EXP 	probe: autoDraw = False
38.0452 	EXP 	fixation: autoDraw = True
38.0797 	EXP 	Device response: <KeyPress from None: t=38.02653539999983, value=x, duration=0.045565500000066095>
39.0286 	EXP 	line1: autoDraw = True
39.0286 	EXP 	line_2: autoDraw = True
39.0286 	EXP 	line_3: autoDraw = True
39.0286 	EXP 	line4: autoDraw = True
39.0450 	EXP 	fixation: autoDraw = False
40.0288 	INFO 	Keyboard events cleared
40.0286 	EXP 	probe: autoDraw = True
40.7294 	EXP 	Device response: <KeyPress from None: t=40.72838189999993, value=v, duration=None>
40.7298 	EXP 	New trial (rep=3, index=2): <Trial 14 (2 in rep 3) data={'pos': np.int64(50), 'corr_resp': 'c', 'thisN': 14, 'thisTrialN': 2, 'thisRepN': 3}>
40.7312 	DATA 	Keypress: v
40.7450 	EXP 	fixation: autoDraw = False
40.7450 	EXP 	line1: autoDraw = False
40.7450 	EXP 	line_2: autoDraw = False
40.7450 	EXP 	line_3: autoDraw = False
40.7450 	EXP 	line4: autoDraw = False
40.7450 	EXP 	probe: autoDraw = False
40.7450 	EXP 	fixation: autoDraw = True
40.8126 	EXP 	Device response: <KeyPress from None: t=40.72838189999993, value=v, duration=0.08297760000004928>
41.7451 	EXP 	fixation: autoDraw = False
41.7451 	EXP 	line1: autoDraw = True
41.7451 	EXP 	line_2: autoDraw = True
41.7451 	EXP 	line_3: autoDraw = True
41.7451 	EXP 	line4: autoDraw = True
42.7453 	INFO 	Keyboard events cleared
42.7452 	EXP 	probe: autoDraw = True
43.5126 	EXP 	Device response: <KeyPress from None: t=43.51001300000007, value=c, duration=None>
43.5130 	EXP 	New trial (rep=3, index=3): <Trial 15 (3 in rep 3) data={'pos': np.int64(-150), 'corr_resp': 'z', 'thisN': 15, 'thisTrialN': 3, 'thisRepN': 3}>
43.5144 	DATA 	Keypress: c
43.5285 	EXP 	fixation: autoDraw = False
43.5285 	EXP 	line1: autoDraw = False
43.5285 	EXP 	line_2: autoDraw = False
43.5285 	EXP 	line_3: autoDraw = False
43.5285 	EXP 	line4: autoDraw = False
43.5285 	EXP 	probe: autoDraw = False
43.5285 	EXP 	fixation: autoDraw = True
43.6123 	EXP 	Device response: <KeyPress from None: t=43.51001300000007, value=c, duration=0.08608489999960511>
44.5119 	EXP 	line1: autoDraw = True
44.5119 	EXP 	line_2: autoDraw = True
44.5119 	EXP 	line_3: autoDraw = True
44.5119 	EXP 	line4: autoDraw = True
44.5283 	EXP 	fixation: autoDraw = False
45.5121 	INFO 	Keyboard events cleared
45.5119 	EXP 	probe: autoDraw = True
46.2290 	EXP 	Device response: <KeyPress from None: t=46.21941190000007, value=z, duration=None>
46.2293 	EXP 	New trial (rep=4, index=0): <Trial 16 (0 in rep 4) data={'pos': np.int64(-50), 'corr_resp': 'x', 'thisN': 16, 'thisTrialN': 0, 'thisRepN': 4}>
46.2308 	DATA 	Keypress: z
46.2462 	EXP 	fixation: autoDraw = False
46.2462 	EXP 	line1: autoDraw = False
46.2462 	EXP 	line_2: autoDraw = False
46.2462 	EXP 	line_3: autoDraw = False
46.2462 	EXP 	line4: autoDraw = False
46.2462 	EXP 	probe: autoDraw = False
46.2462 	EXP 	fixation: autoDraw = True
46.3124 	EXP 	Device response: <KeyPress from None: t=46.21941190000007, value=z, duration=0.07848669999975755>
47.2290 	EXP 	line1: autoDraw = True
47.2290 	EXP 	line_2: autoDraw = True
47.2290 	EXP 	line_3: autoDraw = True
47.2290 	EXP 	line4: autoDraw = True
47.2454 	EXP 	fixation: autoDraw = False
48.2287 	INFO 	Keyboard events cleared
48.2286 	EXP 	probe: autoDraw = True
48.9622 	EXP 	Device response: <KeyPress from None: t=48.95529540000007, value=x, duration=None>
48.9626 	EXP 	New trial (rep=4, index=1): <Trial 17 (1 in rep 4) data={'pos': np.int64(150), 'corr_resp': 'v', 'thisN': 17, 'thisTrialN': 1, 'thisRepN': 4}>
48.9638 	DATA 	Keypress: x
48.9794 	EXP 	fixation: autoDraw = False
48.9794 	EXP 	line1: autoDraw = False
48.9794 	EXP 	line_2: autoDraw = False
48.9794 	EXP 	line_3: autoDraw = False
48.9794 	EXP 	line4: autoDraw = False
48.9794 	EXP 	probe: autoDraw = False
48.9794 	EXP 	fixation: autoDraw = True
49.0457 	EXP 	Device response: <KeyPress from None: t=48.95529540000007, value=x, duration=0.08718099999987317>
49.9619 	EXP 	line1: autoDraw = True
49.9619 	EXP 	line_2: autoDraw = True
49.9619 	EXP 	line_3: autoDraw = True
49.9619 	EXP 	line4: autoDraw = True
49.9786 	EXP 	fixation: autoDraw = False
50.9621 	INFO 	Keyboard events cleared
50.9619 	EXP 	probe: autoDraw = True
51.7622 	EXP 	Device response: <KeyPress from None: t=51.75052989999995, value=v, duration=None>
51.7626 	EXP 	New trial (rep=4, index=2): <Trial 18 (2 in rep 4) data={'pos': np.int64(50), 'corr_resp': 'c', 'thisN': 18, 'thisTrialN': 2, 'thisRepN': 4}>
51.7639 	DATA 	Keypress: v
51.7786 	EXP 	fixation: autoDraw = False
51.7786 	EXP 	line1: autoDraw = False
51.7786 	EXP 	line_2: autoDraw = False
51.7786 	EXP 	line_3: autoDraw = False
51.7786 	EXP 	line4: autoDraw = False
51.7786 	EXP 	probe: autoDraw = False
51.7786 	EXP 	fixation: autoDraw = True
51.8457 	EXP 	Device response: <KeyPress from None: t=51.75052989999995, value=v, duration=0.08363980000012816>
52.7621 	EXP 	line1: autoDraw = True
52.7621 	EXP 	line_2: autoDraw = True
52.7621 	EXP 	line_3: autoDraw = True
52.7621 	EXP 	line4: autoDraw = True
52.7785 	EXP 	fixation: autoDraw = False
53.7622 	INFO 	Keyboard events cleared
53.7620 	EXP 	probe: autoDraw = True
54.5791 	EXP 	Device response: <KeyPress from None: t=54.57004989999996, value=c, duration=None>
54.5795 	EXP 	New trial (rep=4, index=3): <Trial 19 (3 in rep 4) data={'pos': np.int64(-150), 'corr_resp': 'z', 'thisN': 19, 'thisTrialN': 3, 'thisRepN': 4}>
54.5810 	DATA 	Keypress: c
54.5953 	EXP 	fixation: autoDraw = False
54.5953 	EXP 	line1: autoDraw = False
54.5953 	EXP 	line_2: autoDraw = False
54.5953 	EXP 	line_3: autoDraw = False
54.5953 	EXP 	line4: autoDraw = False
54.5953 	EXP 	probe: autoDraw = False
54.5953 	EXP 	fixation: autoDraw = True
54.6625 	EXP 	Device response: <KeyPress from None: t=54.57004989999996, value=c, duration=0.08947919999991427>
55.5785 	EXP 	line1: autoDraw = True
55.5785 	EXP 	line_2: autoDraw = True
55.5785 	EXP 	line_3: autoDraw = True
55.5785 	EXP 	line4: autoDraw = True
55.5954 	EXP 	fixation: autoDraw = False
56.5790 	INFO 	Keyboard events cleared
56.5788 	EXP 	probe: autoDraw = True
57.3647 	DATA 	Keypress: z
57.3790 	EXP 	Device response: <KeyPress from None: t=57.36251659999971, value=z, duration=None>
57.3795 	EXP 	New trial (rep=5, index=0): <Trial 20 (0 in rep 5) data={'pos': np.int64(-50), 'corr_resp': 'x', 'thisN': 20, 'thisTrialN': 0, 'thisRepN': 5}>
57.3960 	EXP 	fixation: autoDraw = False
57.3960 	EXP 	line1: autoDraw = False
57.3960 	EXP 	line_2: autoDraw = False
57.3960 	EXP 	line_3: autoDraw = False
57.3960 	EXP 	line4: autoDraw = False
57.3960 	EXP 	probe: autoDraw = False
57.3960 	EXP 	fixation: autoDraw = True
57.4793 	EXP 	Device response: <KeyPress from None: t=57.36251659999971, value=z, duration=0.10428810000030353>
58.3779 	EXP 	line1: autoDraw = True
58.3779 	EXP 	line_2: autoDraw = True
58.3779 	EXP 	line_3: autoDraw = True
58.3779 	EXP 	line4: autoDraw = True
58.4119 	EXP 	fixation: autoDraw = False
59.3786 	INFO 	Keyboard events cleared
59.3784 	EXP 	probe: autoDraw = True
60.0626 	EXP 	Device response: <KeyPress from None: t=60.05476409999983, value=x, duration=None>
60.0630 	EXP 	New trial (rep=5, index=1): <Trial 21 (1 in rep 5) data={'pos': np.int64(150), 'corr_resp': 'v', 'thisN': 21, 'thisTrialN': 1, 'thisRepN': 5}>
60.0643 	DATA 	Keypress: x
60.0786 	EXP 	fixation: autoDraw = False
60.0786 	EXP 	line1: autoDraw = False
60.0786 	EXP 	line_2: autoDraw = False
60.0786 	EXP 	line_3: autoDraw = False
60.0786 	EXP 	line4: autoDraw = False
60.0786 	EXP 	probe: autoDraw = False
60.0786 	EXP 	fixation: autoDraw = True
60.1462 	EXP 	Device response: <KeyPress from None: t=60.05476409999983, value=x, duration=0.08490960000017367>
61.0620 	EXP 	line1: autoDraw = True
61.0620 	EXP 	line_2: autoDraw = True
61.0620 	EXP 	line_3: autoDraw = True
61.0620 	EXP 	line4: autoDraw = True
61.0786 	EXP 	fixation: autoDraw = False
62.0624 	INFO 	Keyboard events cleared
62.0622 	EXP 	probe: autoDraw = True
63.0459 	EXP 	Device response: <KeyPress from None: t=63.03140230000008, value=v, duration=None>
63.0464 	EXP 	New trial (rep=5, index=2): <Trial 22 (2 in rep 5) data={'pos': np.int64(50), 'corr_resp': 'c', 'thisN': 22, 'thisTrialN': 2, 'thisRepN': 5}>
63.0477 	DATA 	Keypress: v
63.0621 	EXP 	fixation: autoDraw = False
63.0621 	EXP 	line1: autoDraw = False
63.0621 	EXP 	line_2: autoDraw = False
63.0621 	EXP 	line_3: autoDraw = False
63.0621 	EXP 	line4: autoDraw = False
63.0621 	EXP 	probe: autoDraw = False
63.0621 	EXP 	fixation: autoDraw = True
63.1628 	EXP 	Device response: <KeyPress from None: t=63.03140230000008, value=v, duration=0.11525819999997111>
64.0453 	EXP 	line1: autoDraw = True
64.0453 	EXP 	line_2: autoDraw = True
64.0453 	EXP 	line_3: autoDraw = True
64.0453 	EXP 	line4: autoDraw = True
64.0617 	EXP 	fixation: autoDraw = False
65.0455 	INFO 	Keyboard events cleared
65.0453 	EXP 	probe: autoDraw = True
65.8290 	EXP 	Device response: <KeyPress from None: t=65.82581179999988, value=c, duration=None>
65.8293 	EXP 	New trial (rep=5, index=3): <Trial 23 (3 in rep 5) data={'pos': np.int64(-150), 'corr_resp': 'z', 'thisN': 23, 'thisTrialN': 3, 'thisRepN': 5}>
65.8306 	DATA 	Keypress: c
65.8452 	EXP 	fixation: autoDraw = False
65.8452 	EXP 	line1: autoDraw = False
65.8452 	EXP 	line_2: autoDraw = False
65.8452 	EXP 	line_3: autoDraw = False
65.8452 	EXP 	line4: autoDraw = False
65.8452 	EXP 	probe: autoDraw = False
65.8452 	EXP 	fixation: autoDraw = True
65.9292 	EXP 	Device response: <KeyPress from None: t=65.82581179999988, value=c, duration=0.08670329999995374>
66.8288 	EXP 	line1: autoDraw = True
66.8288 	EXP 	line_2: autoDraw = True
66.8288 	EXP 	line_3: autoDraw = True
66.8288 	EXP 	line4: autoDraw = True
66.8455 	EXP 	fixation: autoDraw = False
67.8291 	INFO 	Keyboard events cleared
67.8289 	EXP 	probe: autoDraw = True
68.7793 	EXP 	Device response: <KeyPress from None: t=68.76458509999975, value=z, duration=None>
68.7797 	EXP 	New trial (rep=6, index=0): <Trial 24 (0 in rep 6) data={'pos': np.int64(-50), 'corr_resp': 'x', 'thisN': 24, 'thisTrialN': 0, 'thisRepN': 6}>
68.7813 	DATA 	Keypress: z
68.7958 	EXP 	fixation: autoDraw = False
68.7958 	EXP 	line1: autoDraw = False
68.7958 	EXP 	line_2: autoDraw = False
68.7958 	EXP 	line_3: autoDraw = False
68.7958 	EXP 	line4: autoDraw = False
68.7958 	EXP 	probe: autoDraw = False
68.7958 	EXP 	fixation: autoDraw = True
68.8624 	EXP 	Device response: <KeyPress from None: t=68.76458509999975, value=z, duration=0.08825620000015988>
69.7787 	EXP 	line1: autoDraw = True
69.7787 	EXP 	line_2: autoDraw = True
69.7787 	EXP 	line_3: autoDraw = True
69.7787 	EXP 	line4: autoDraw = True
69.7954 	EXP 	fixation: autoDraw = False
70.7788 	INFO 	Keyboard events cleared
70.7786 	EXP 	probe: autoDraw = True
71.4625 	EXP 	Device response: <KeyPress from None: t=71.45200139999997, value=x, duration=None>
71.4629 	EXP 	New trial (rep=6, index=1): <Trial 25 (1 in rep 6) data={'pos': np.int64(150), 'corr_resp': 'v', 'thisN': 25, 'thisTrialN': 1, 'thisRepN': 6}>
71.4643 	DATA 	Keypress: x
71.4789 	EXP 	fixation: autoDraw = False
71.4789 	EXP 	line1: autoDraw = False
71.4789 	EXP 	line_2: autoDraw = False
71.4789 	EXP 	line_3: autoDraw = False
71.4789 	EXP 	line4: autoDraw = False
71.4789 	EXP 	probe: autoDraw = False
71.4789 	EXP 	fixation: autoDraw = True
71.5626 	EXP 	Device response: <KeyPress from None: t=71.45200139999997, value=x, duration=0.09609000000000378>
72.4620 	EXP 	line1: autoDraw = True
72.4620 	EXP 	line_2: autoDraw = True
72.4620 	EXP 	line_3: autoDraw = True
72.4620 	EXP 	line4: autoDraw = True
72.4788 	EXP 	fixation: autoDraw = False
73.4622 	INFO 	Keyboard events cleared
73.4621 	EXP 	probe: autoDraw = True
74.2966 	EXP 	Device response: <KeyPress from None: t=74.28957880000007, value=v, duration=None>
74.2970 	EXP 	New trial (rep=6, index=2): <Trial 26 (2 in rep 6) data={'pos': np.int64(50), 'corr_resp': 'c', 'thisN': 26, 'thisTrialN': 2, 'thisRepN': 6}>
74.2983 	DATA 	Keypress: v
74.3120 	EXP 	fixation: autoDraw = False
74.3120 	EXP 	line1: autoDraw = False
74.3120 	EXP 	line_2: autoDraw = False
74.3120 	EXP 	line_3: autoDraw = False
74.3120 	EXP 	line4: autoDraw = False
74.3120 	EXP 	probe: autoDraw = False
74.3120 	EXP 	fixation: autoDraw = True
74.3793 	EXP 	Device response: <KeyPress from None: t=74.28957880000007, value=v, duration=0.07399439999971946>
75.3120 	EXP 	fixation: autoDraw = False
75.3120 	EXP 	line1: autoDraw = True
75.3120 	EXP 	line_2: autoDraw = True
75.3120 	EXP 	line_3: autoDraw = True
75.3120 	EXP 	line4: autoDraw = True
76.3124 	INFO 	Keyboard events cleared
76.3122 	EXP 	probe: autoDraw = True
77.1310 	DATA 	Keypress: c
77.1461 	EXP 	Device response: <KeyPress from None: t=77.12995709999996, value=c, duration=None>
77.1465 	EXP 	New trial (rep=6, index=3): <Trial 27 (3 in rep 6) data={'pos': np.int64(-150), 'corr_resp': 'z', 'thisN': 27, 'thisTrialN': 3, 'thisRepN': 6}>
77.1612 	EXP 	fixation: autoDraw = False
77.1612 	EXP 	line1: autoDraw = False
77.1612 	EXP 	line_2: autoDraw = False
77.1612 	EXP 	line_3: autoDraw = False
77.1612 	EXP 	line4: autoDraw = False
77.1612 	EXP 	probe: autoDraw = False
77.1612 	EXP 	fixation: autoDraw = True
77.2290 	EXP 	Device response: <KeyPress from None: t=77.12995709999996, value=c, duration=0.08482249999997293>
78.1623 	EXP 	fixation: autoDraw = False
78.1623 	EXP 	line1: autoDraw = True
78.1623 	EXP 	line_2: autoDraw = True
78.1623 	EXP 	line_3: autoDraw = True
78.1623 	EXP 	line4: autoDraw = True
79.1456 	INFO 	Keyboard events cleared
79.1454 	EXP 	probe: autoDraw = True
79.9792 	EXP 	Device response: <KeyPress from None: t=79.96515920000002, value=z, duration=None>
79.9796 	EXP 	New trial (rep=7, index=0): <Trial 28 (0 in rep 7) data={'pos': np.int64(-50), 'corr_resp': 'x', 'thisN': 28, 'thisTrialN': 0, 'thisRepN': 7}>
79.9811 	DATA 	Keypress: z
79.9954 	EXP 	fixation: autoDraw = False
79.9954 	EXP 	line1: autoDraw = False
79.9954 	EXP 	line_2: autoDraw = False
79.9954 	EXP 	line_3: autoDraw = False
79.9954 	EXP 	line4: autoDraw = False
79.9954 	EXP 	probe: autoDraw = False
79.9954 	EXP 	fixation: autoDraw = True
80.0624 	EXP 	Device response: <KeyPress from None: t=79.96515920000002, value=z, duration=0.09342040000001361>
80.9798 	EXP 	line1: autoDraw = True
80.9798 	EXP 	line_2: autoDraw = True
80.9798 	EXP 	line_3: autoDraw = True
80.9798 	EXP 	line4: autoDraw = True
80.9957 	EXP 	fixation: autoDraw = False
81.9956 	INFO 	Keyboard events cleared
81.9954 	EXP 	probe: autoDraw = True
82.6643 	DATA 	Keypress: x
82.6793 	EXP 	Device response: <KeyPress from None: t=82.66256769999973, value=x, duration=None>
82.6797 	EXP 	New trial (rep=7, index=1): <Trial 29 (1 in rep 7) data={'pos': np.int64(150), 'corr_resp': 'v', 'thisN': 29, 'thisTrialN': 1, 'thisRepN': 7}>
82.6954 	EXP 	fixation: autoDraw = False
82.6954 	EXP 	line1: autoDraw = False
82.6954 	EXP 	line_2: autoDraw = False
82.6954 	EXP 	line_3: autoDraw = False
82.6954 	EXP 	line4: autoDraw = False
82.6954 	EXP 	probe: autoDraw = False
82.6954 	EXP 	fixation: autoDraw = True
82.7463 	EXP 	Device response: <KeyPress from None: t=82.66256769999973, value=x, duration=0.08313829999997324>
83.6787 	EXP 	line1: autoDraw = True
83.6787 	EXP 	line_2: autoDraw = True
83.6787 	EXP 	line_3: autoDraw = True
83.6787 	EXP 	line4: autoDraw = True
83.6955 	EXP 	fixation: autoDraw = False
84.6789 	INFO 	Keyboard events cleared
84.6787 	EXP 	probe: autoDraw = True
85.4124 	EXP 	Device response: <KeyPress from None: t=85.40889739999966, value=v, duration=None>
85.4128 	EXP 	New trial (rep=7, index=2): <Trial 30 (2 in rep 7) data={'pos': np.int64(50), 'corr_resp': 'c', 'thisN': 30, 'thisTrialN': 2, 'thisRepN': 7}>
85.4141 	DATA 	Keypress: v
85.4292 	EXP 	fixation: autoDraw = False
85.4292 	EXP 	line1: autoDraw = False
85.4292 	EXP 	line_2: autoDraw = False
85.4292 	EXP 	line_3: autoDraw = False
85.4292 	EXP 	line4: autoDraw = False
85.4292 	EXP 	probe: autoDraw = False
85.4292 	EXP 	fixation: autoDraw = True
85.5296 	EXP 	Device response: <KeyPress from None: t=85.40889739999966, value=v, duration=0.10682790000009845>
86.4121 	EXP 	line1: autoDraw = True
86.4121 	EXP 	line_2: autoDraw = True
86.4121 	EXP 	line_3: autoDraw = True
86.4121 	EXP 	line4: autoDraw = True
86.4294 	EXP 	fixation: autoDraw = False
87.4122 	INFO 	Keyboard events cleared
87.4120 	EXP 	probe: autoDraw = True
88.2627 	EXP 	Device response: <KeyPress from None: t=88.25444519999974, value=c, duration=None>
88.2631 	EXP 	New trial (rep=7, index=3): <Trial 31 (3 in rep 7) data={'pos': np.int64(-150), 'corr_resp': 'z', 'thisN': 31, 'thisTrialN': 3, 'thisRepN': 7}>
88.2646 	DATA 	Keypress: c
88.2788 	EXP 	fixation: autoDraw = False
88.2788 	EXP 	line1: autoDraw = False
88.2788 	EXP 	line_2: autoDraw = False
88.2788 	EXP 	line_3: autoDraw = False
88.2788 	EXP 	line4: autoDraw = False
88.2788 	EXP 	probe: autoDraw = False
88.2788 	EXP 	fixation: autoDraw = True
88.3628 	EXP 	Device response: <KeyPress from None: t=88.25444519999974, value=c, duration=0.10606529999995473>
89.2622 	EXP 	line1: autoDraw = True
89.2622 	EXP 	line_2: autoDraw = True
89.2622 	EXP 	line_3: autoDraw = True
89.2622 	EXP 	line4: autoDraw = True
89.2787 	EXP 	fixation: autoDraw = False
90.2623 	INFO 	Keyboard events cleared
90.2621 	EXP 	probe: autoDraw = True
91.0789 	EXP 	Device response: <KeyPress from None: t=91.07565169999998, value=z, duration=None>
91.0793 	EXP 	New trial (rep=8, index=0): <Trial 32 (0 in rep 8) data={'pos': np.int64(-50), 'corr_resp': 'x', 'thisN': 32, 'thisTrialN': 0, 'thisRepN': 8}>
91.0808 	DATA 	Keypress: z
91.0965 	EXP 	fixation: autoDraw = False
91.0965 	EXP 	line1: autoDraw = False
91.0965 	EXP 	line_2: autoDraw = False
91.0965 	EXP 	line_3: autoDraw = False
91.0965 	EXP 	line4: autoDraw = False
91.0965 	EXP 	probe: autoDraw = False
91.0965 	EXP 	fixation: autoDraw = True
91.1792 	EXP 	Device response: <KeyPress from None: t=91.07565169999998, value=z, duration=0.097036499999831>
92.0789 	EXP 	line1: autoDraw = True
92.0789 	EXP 	line_2: autoDraw = True
92.0789 	EXP 	line_3: autoDraw = True
92.0789 	EXP 	line4: autoDraw = True
92.0957 	EXP 	fixation: autoDraw = False
93.0791 	INFO 	Keyboard events cleared
93.0789 	EXP 	probe: autoDraw = True
93.7462 	EXP 	Device response: <KeyPress from None: t=93.74530389999973, value=x, duration=None>
93.7466 	EXP 	New trial (rep=8, index=1): <Trial 33 (1 in rep 8) data={'pos': np.int64(150), 'corr_resp': 'v', 'thisN': 33, 'thisTrialN': 1, 'thisRepN': 8}>
93.7479 	DATA 	Keypress: x
93.7624 	EXP 	fixation: autoDraw = False
93.7624 	EXP 	line1: autoDraw = False
93.7624 	EXP 	line_2: autoDraw = False
93.7624 	EXP 	line_3: autoDraw = False
93.7624 	EXP 	line4: autoDraw = False
93.7624 	EXP 	probe: autoDraw = False
93.7624 	EXP 	fixation: autoDraw = True
93.8463 	EXP 	Device response: <KeyPress from None: t=93.74530389999973, value=x, duration=0.0999789000002238>
94.7622 	EXP 	fixation: autoDraw = False
94.7622 	EXP 	line1: autoDraw = True
94.7622 	EXP 	line_2: autoDraw = True
94.7622 	EXP 	line_3: autoDraw = True
94.7622 	EXP 	line4: autoDraw = True
95.7456 	INFO 	Keyboard events cleared
95.7455 	EXP 	probe: autoDraw = True
96.4977 	DATA 	Keypress: v
96.5128 	EXP 	Device response: <KeyPress from None: t=96.49698709999984, value=v, duration=None>
96.5132 	EXP 	New trial (rep=8, index=2): <Trial 34 (2 in rep 8) data={'pos': np.int64(50), 'corr_resp': 'c', 'thisN': 34, 'thisTrialN': 2, 'thisRepN': 8}>
96.5287 	EXP 	fixation: autoDraw = False
96.5287 	EXP 	line1: autoDraw = False
96.5287 	EXP 	line_2: autoDraw = False
96.5287 	EXP 	line_3: autoDraw = False
96.5287 	EXP 	line4: autoDraw = False
96.5287 	EXP 	probe: autoDraw = False
96.5287 	EXP 	fixation: autoDraw = True
96.6126 	EXP 	Device response: <KeyPress from None: t=96.49698709999984, value=v, duration=0.10110119999990275>
97.5122 	EXP 	line1: autoDraw = True
97.5122 	EXP 	line_2: autoDraw = True
97.5122 	EXP 	line_3: autoDraw = True
97.5122 	EXP 	line4: autoDraw = True
97.5290 	EXP 	fixation: autoDraw = False
98.5123 	INFO 	Keyboard events cleared
98.5122 	EXP 	probe: autoDraw = True
99.1960 	EXP 	Device response: <KeyPress from None: t=99.19339809999974, value=c, duration=None>
99.1964 	EXP 	New trial (rep=8, index=3): <Trial 35 (3 in rep 8) data={'pos': np.int64(-150), 'corr_resp': 'z', 'thisN': 35, 'thisTrialN': 3, 'thisRepN': 8}>
99.1978 	DATA 	Keypress: c
99.2123 	EXP 	fixation: autoDraw = False
99.2123 	EXP 	line1: autoDraw = False
99.2123 	EXP 	line_2: autoDraw = False
99.2123 	EXP 	line_3: autoDraw = False
99.2123 	EXP 	line4: autoDraw = False
99.2123 	EXP 	probe: autoDraw = False
99.2123 	EXP 	fixation: autoDraw = True
99.2797 	EXP 	Device response: <KeyPress from None: t=99.19339809999974, value=c, duration=0.08000230000016018>
100.1955 	EXP 	line1: autoDraw = True
100.1955 	EXP 	line_2: autoDraw = True
100.1955 	EXP 	line_3: autoDraw = True
100.1955 	EXP 	line4: autoDraw = True
100.2121 	EXP 	fixation: autoDraw = False
101.1957 	INFO 	Keyboard events cleared
101.1955 	EXP 	probe: autoDraw = True
101.9126 	EXP 	Device response: <KeyPress from None: t=101.90569950000008, value=z, duration=None>
101.9130 	EXP 	New trial (rep=9, index=0): <Trial 36 (0 in rep 9) data={'pos': np.int64(-50), 'corr_resp': 'x', 'thisN': 36, 'thisTrialN': 0, 'thisRepN': 9}>
101.9144 	DATA 	Keypress: z
101.9289 	EXP 	fixation: autoDraw = False
101.9289 	EXP 	line1: autoDraw = False
101.9289 	EXP 	line_2: autoDraw = False
101.9289 	EXP 	line_3: autoDraw = False
101.9289 	EXP 	line4: autoDraw = False
101.9289 	EXP 	probe: autoDraw = False
101.9289 	EXP 	fixation: autoDraw = True
101.9792 	EXP 	Device response: <KeyPress from None: t=101.90569950000008, value=z, duration=0.07063559999960489>
102.9121 	EXP 	line1: autoDraw = True
102.9121 	EXP 	line_2: autoDraw = True
102.9121 	EXP 	line_3: autoDraw = True
102.9121 	EXP 	line4: autoDraw = True
102.9288 	EXP 	fixation: autoDraw = False
103.9123 	INFO 	Keyboard events cleared
103.9121 	EXP 	probe: autoDraw = True
104.7125 	EXP 	Device response: <KeyPress from None: t=104.70879829999967, value=x, duration=None>
104.7129 	EXP 	New trial (rep=9, index=1): <Trial 37 (1 in rep 9) data={'pos': np.int64(150), 'corr_resp': 'v', 'thisN': 37, 'thisTrialN': 1, 'thisRepN': 9}>
104.7142 	DATA 	Keypress: x
104.7286 	EXP 	fixation: autoDraw = False
104.7286 	EXP 	line1: autoDraw = False
104.7286 	EXP 	line_2: autoDraw = False
104.7286 	EXP 	line_3: autoDraw = False
104.7286 	EXP 	line4: autoDraw = False
104.7286 	EXP 	probe: autoDraw = False
104.7286 	EXP 	fixation: autoDraw = True
104.7794 	EXP 	Device response: <KeyPress from None: t=104.70879829999967, value=x, duration=0.06011290000014924>
105.7122 	EXP 	line1: autoDraw = True
105.7122 	EXP 	line_2: autoDraw = True
105.7122 	EXP 	line_3: autoDraw = True
105.7122 	EXP 	line4: autoDraw = True
105.7288 	EXP 	fixation: autoDraw = False
106.7123 	INFO 	Keyboard events cleared
106.7121 	EXP 	probe: autoDraw = True
107.5794 	EXP 	Device response: <KeyPress from None: t=107.56922129999975, value=v, duration=None>
107.5799 	EXP 	New trial (rep=9, index=2): <Trial 38 (2 in rep 9) data={'pos': np.int64(50), 'corr_resp': 'c', 'thisN': 38, 'thisTrialN': 2, 'thisRepN': 9}>
107.5813 	DATA 	Keypress: v
107.5956 	EXP 	fixation: autoDraw = False
107.5956 	EXP 	line1: autoDraw = False
107.5956 	EXP 	line_2: autoDraw = False
107.5956 	EXP 	line_3: autoDraw = False
107.5956 	EXP 	line4: autoDraw = False
107.5956 	EXP 	probe: autoDraw = False
107.5956 	EXP 	fixation: autoDraw = True
107.6629 	EXP 	Device response: <KeyPress from None: t=107.56922129999975, value=v, duration=0.07947590000003402>
108.5955 	EXP 	fixation: autoDraw = False
108.5955 	EXP 	line1: autoDraw = True
108.5955 	EXP 	line_2: autoDraw = True
108.5955 	EXP 	line_3: autoDraw = True
108.5955 	EXP 	line4: autoDraw = True
109.5792 	INFO 	Keyboard events cleared
109.5790 	EXP 	probe: autoDraw = True
111.3645 	DATA 	Keypress: c
111.3796 	EXP 	Device response: <KeyPress from None: t=111.36309579999988, value=c, duration=None>
111.3800 	EXP 	New trial (rep=9, index=3): <Trial 39 (3 in rep 9) data={'pos': np.int64(-150), 'corr_resp': 'z', 'thisN': 39, 'thisTrialN': 3, 'thisRepN': 9}>
111.3946 	EXP 	fixation: autoDraw = False
111.3946 	EXP 	line1: autoDraw = False
111.3946 	EXP 	line_2: autoDraw = False
111.3946 	EXP 	line_3: autoDraw = False
111.3946 	EXP 	line4: autoDraw = False
111.3946 	EXP 	probe: autoDraw = False
111.3946 	EXP 	fixation: autoDraw = True
111.4453 	EXP 	Device response: <KeyPress from None: t=111.36309579999988, value=c, duration=0.07561660000010306>
112.3789 	EXP 	line1: autoDraw = True
112.3789 	EXP 	line_2: autoDraw = True
112.3789 	EXP 	line_3: autoDraw = True
112.3789 	EXP 	line4: autoDraw = True
112.3956 	EXP 	fixation: autoDraw = False
113.3793 	INFO 	Keyboard events cleared
113.3792 	EXP 	probe: autoDraw = True
114.2147 	DATA 	Keypress: z
114.2296 	EXP 	Device response: <KeyPress from None: t=114.21386489999986, value=z, duration=None>
114.2300 	EXP 	New trial (rep=10, index=0): <Trial 40 (0 in rep 10) data={'pos': np.int64(-50), 'corr_resp': 'x', 'thisN': 40, 'thisTrialN': 0, 'thisRepN': 10}>
114.2457 	EXP 	fixation: autoDraw = False
114.2457 	EXP 	line1: autoDraw = False
114.2457 	EXP 	line_2: autoDraw = False
114.2457 	EXP 	line_3: autoDraw = False
114.2457 	EXP 	line4: autoDraw = False
114.2457 	EXP 	probe: autoDraw = False
114.2457 	EXP 	fixation: autoDraw = True
114.2626 	EXP 	Device response: <KeyPress from None: t=114.21386489999986, value=z, duration=0.0395701000002191>
115.2290 	EXP 	line1: autoDraw = True
115.2290 	EXP 	line_2: autoDraw = True
115.2290 	EXP 	line_3: autoDraw = True
115.2290 	EXP 	line4: autoDraw = True
115.2458 	EXP 	fixation: autoDraw = False
116.2292 	INFO 	Keyboard events cleared
116.2290 	EXP 	probe: autoDraw = True
117.1625 	EXP 	Device response: <KeyPress from None: t=117.14862959999982, value=x, duration=None>
117.1634 	EXP 	New trial (rep=10, index=1): <Trial 41 (1 in rep 10) data={'pos': np.int64(150), 'corr_resp': 'v', 'thisN': 41, 'thisTrialN': 1, 'thisRepN': 10}>
117.1648 	DATA 	Keypress: x
117.1788 	EXP 	fixation: autoDraw = False
117.1788 	EXP 	line1: autoDraw = False
117.1788 	EXP 	line_2: autoDraw = False
117.1788 	EXP 	line_3: autoDraw = False
117.1788 	EXP 	line4: autoDraw = False
117.1788 	EXP 	probe: autoDraw = False
117.1788 	EXP 	fixation: autoDraw = True
117.2627 	EXP 	Device response: <KeyPress from None: t=117.14862959999982, value=x, duration=0.10441690000016024>
118.1788 	EXP 	fixation: autoDraw = False
118.1788 	EXP 	line1: autoDraw = True
118.1788 	EXP 	line_2: autoDraw = True
118.1788 	EXP 	line_3: autoDraw = True
118.1788 	EXP 	line4: autoDraw = True
119.1623 	INFO 	Keyboard events cleared
119.1622 	EXP 	probe: autoDraw = True
120.1128 	EXP 	Device response: <KeyPress from None: t=120.09950039999967, value=v, duration=None>
120.1132 	EXP 	New trial (rep=10, index=2): <Trial 42 (2 in rep 10) data={'pos': np.int64(50), 'corr_resp': 'c', 'thisN': 42, 'thisTrialN': 2, 'thisRepN': 10}>
120.1146 	DATA 	Keypress: v
120.1290 	EXP 	fixation: autoDraw = False
120.1290 	EXP 	line1: autoDraw = False
120.1290 	EXP 	line_2: autoDraw = False
120.1290 	EXP 	line_3: autoDraw = False
120.1290 	EXP 	line4: autoDraw = False
120.1290 	EXP 	probe: autoDraw = False
120.1290 	EXP 	fixation: autoDraw = True
120.1794 	EXP 	Device response: <KeyPress from None: t=120.09950039999967, value=v, duration=0.07149680000020453>
121.1123 	EXP 	line1: autoDraw = True
121.1123 	EXP 	line_2: autoDraw = True
121.1123 	EXP 	line_3: autoDraw = True
121.1123 	EXP 	line4: autoDraw = True
121.1289 	EXP 	fixation: autoDraw = False
122.1126 	INFO 	Keyboard events cleared
122.1125 	EXP 	probe: autoDraw = True
122.9296 	EXP 	Device response: <KeyPress from None: t=122.92696829999977, value=c, duration=None>
122.9300 	EXP 	New trial (rep=10, index=3): <Trial 43 (3 in rep 10) data={'pos': np.int64(-150), 'corr_resp': 'z', 'thisN': 43, 'thisTrialN': 3, 'thisRepN': 10}>
122.9314 	DATA 	Keypress: c
122.9455 	EXP 	fixation: autoDraw = False
122.9455 	EXP 	line1: autoDraw = False
122.9455 	EXP 	line_2: autoDraw = False
122.9455 	EXP 	line_3: autoDraw = False
122.9455 	EXP 	line4: autoDraw = False
122.9455 	EXP 	probe: autoDraw = False
122.9455 	EXP 	fixation: autoDraw = True
122.9963 	EXP 	Device response: <KeyPress from None: t=122.92696829999977, value=c, duration=0.06293240000013611>
123.9458 	EXP 	fixation: autoDraw = False
123.9458 	EXP 	line1: autoDraw = True
123.9458 	EXP 	line_2: autoDraw = True
123.9458 	EXP 	line_3: autoDraw = True
123.9458 	EXP 	line4: autoDraw = True
124.9455 	INFO 	Keyboard events cleared
124.9454 	EXP 	probe: autoDraw = True
125.7294 	EXP 	Device response: <KeyPress from None: t=125.7165431999997, value=z, duration=None>
125.7298 	EXP 	New trial (rep=11, index=0): <Trial 44 (0 in rep 11) data={'pos': np.int64(-50), 'corr_resp': 'x', 'thisN': 44, 'thisTrialN': 0, 'thisRepN': 11}>
125.7311 	DATA 	Keypress: z
125.7457 	EXP 	fixation: autoDraw = False
125.7457 	EXP 	line1: autoDraw = False
125.7457 	EXP 	line_2: autoDraw = False
125.7457 	EXP 	line_3: autoDraw = False
125.7457 	EXP 	line4: autoDraw = False
125.7457 	EXP 	probe: autoDraw = False
125.7457 	EXP 	fixation: autoDraw = True
125.7953 	EXP 	Device response: <KeyPress from None: t=125.7165431999997, value=z, duration=0.06334000000015294>
126.7295 	EXP 	line1: autoDraw = True
126.7295 	EXP 	line_2: autoDraw = True
126.7295 	EXP 	line_3: autoDraw = True
126.7295 	EXP 	line4: autoDraw = True
126.7458 	EXP 	fixation: autoDraw = False
127.7293 	INFO 	Keyboard events cleared
127.7291 	EXP 	probe: autoDraw = True
128.5126 	EXP 	Device response: <KeyPress from None: t=128.49900679999973, value=x, duration=None>
128.5130 	EXP 	New trial (rep=11, index=1): <Trial 45 (1 in rep 11) data={'pos': np.int64(150), 'corr_resp': 'v', 'thisN': 45, 'thisTrialN': 1, 'thisRepN': 11}>
128.5145 	DATA 	Keypress: x
128.5283 	EXP 	fixation: autoDraw = False
128.5283 	EXP 	line1: autoDraw = False
128.5283 	EXP 	line_2: autoDraw = False
128.5283 	EXP 	line_3: autoDraw = False
128.5283 	EXP 	line4: autoDraw = False
128.5283 	EXP 	probe: autoDraw = False
128.5283 	EXP 	fixation: autoDraw = True
128.5786 	EXP 	Device response: <KeyPress from None: t=128.49900679999973, value=x, duration=0.06427890000031766>
129.5124 	EXP 	line1: autoDraw = True
129.5124 	EXP 	line_2: autoDraw = True
129.5124 	EXP 	line_3: autoDraw = True
129.5124 	EXP 	line4: autoDraw = True
129.5293 	EXP 	fixation: autoDraw = False
130.5125 	INFO 	Keyboard events cleared
130.5124 	EXP 	probe: autoDraw = True
131.2129 	EXP 	Device response: <KeyPress from None: t=131.2102832999999, value=v, duration=None>
131.2132 	EXP 	New trial (rep=11, index=2): <Trial 46 (2 in rep 11) data={'pos': np.int64(50), 'corr_resp': 'c', 'thisN': 46, 'thisTrialN': 2, 'thisRepN': 11}>
131.2148 	DATA 	Keypress: v
131.2293 	EXP 	fixation: autoDraw = False
131.2293 	EXP 	line1: autoDraw = False
131.2293 	EXP 	line_2: autoDraw = False
131.2293 	EXP 	line_3: autoDraw = False
131.2293 	EXP 	line4: autoDraw = False
131.2293 	EXP 	probe: autoDraw = False
131.2293 	EXP 	fixation: autoDraw = True
131.2961 	EXP 	Device response: <KeyPress from None: t=131.2102832999999, value=v, duration=0.07763389999990977>
132.2124 	EXP 	line1: autoDraw = True
132.2124 	EXP 	line_2: autoDraw = True
132.2124 	EXP 	line_3: autoDraw = True
132.2124 	EXP 	line4: autoDraw = True
132.2287 	EXP 	fixation: autoDraw = False
133.2132 	INFO 	Keyboard events cleared
133.2130 	EXP 	probe: autoDraw = True
134.5129 	EXP 	Device response: <KeyPress from None: t=134.5065912, value=c, duration=None>
134.5133 	EXP 	New trial (rep=11, index=3): <Trial 47 (3 in rep 11) data={'pos': np.int64(-150), 'corr_resp': 'z', 'thisN': 47, 'thisTrialN': 3, 'thisRepN': 11}>
134.5148 	DATA 	Keypress: c
134.5288 	EXP 	fixation: autoDraw = False
134.5288 	EXP 	line1: autoDraw = False
134.5288 	EXP 	line_2: autoDraw = False
134.5288 	EXP 	line_3: autoDraw = False
134.5288 	EXP 	line4: autoDraw = False
134.5288 	EXP 	probe: autoDraw = False
134.5288 	EXP 	fixation: autoDraw = True
134.5793 	EXP 	Device response: <KeyPress from None: t=134.5065912, value=c, duration=0.06347370000003139>
135.5128 	EXP 	line1: autoDraw = True
135.5128 	EXP 	line_2: autoDraw = True
135.5128 	EXP 	line_3: autoDraw = True
135.5128 	EXP 	line4: autoDraw = True
135.5290 	EXP 	fixation: autoDraw = False
136.5127 	INFO 	Keyboard events cleared
136.5125 	EXP 	probe: autoDraw = True
137.2463 	EXP 	Device response: <KeyPress from None: t=137.2436601999998, value=z, duration=None>
137.2467 	EXP 	New trial (rep=12, index=0): <Trial 48 (0 in rep 12) data={'pos': np.int64(-50), 'corr_resp': 'x', 'thisN': 48, 'thisTrialN': 0, 'thisRepN': 12}>
137.2481 	DATA 	Keypress: z
137.2624 	EXP 	fixation: autoDraw = False
137.2624 	EXP 	line1: autoDraw = False
137.2624 	EXP 	line_2: autoDraw = False
137.2624 	EXP 	line_3: autoDraw = False
137.2624 	EXP 	line4: autoDraw = False
137.2624 	EXP 	probe: autoDraw = False
137.2624 	EXP 	fixation: autoDraw = True
137.3127 	EXP 	Device response: <KeyPress from None: t=137.2436601999998, value=z, duration=0.061092700000244804>
138.2459 	EXP 	line1: autoDraw = True
138.2459 	EXP 	line_2: autoDraw = True
138.2459 	EXP 	line_3: autoDraw = True
138.2459 	EXP 	line4: autoDraw = True
138.2626 	EXP 	fixation: autoDraw = False
139.2461 	INFO 	Keyboard events cleared
139.2459 	EXP 	probe: autoDraw = True
140.1130 	EXP 	Device response: <KeyPress from None: t=140.09895789999973, value=x, duration=None>
140.1134 	EXP 	New trial (rep=12, index=1): <Trial 49 (1 in rep 12) data={'pos': np.int64(150), 'corr_resp': 'v', 'thisN': 49, 'thisTrialN': 1, 'thisRepN': 12}>
140.1147 	DATA 	Keypress: x
140.1293 	EXP 	fixation: autoDraw = False
140.1293 	EXP 	line1: autoDraw = False
140.1293 	EXP 	line_2: autoDraw = False
140.1293 	EXP 	line_3: autoDraw = False
140.1293 	EXP 	line4: autoDraw = False
140.1293 	EXP 	probe: autoDraw = False
140.1293 	EXP 	fixation: autoDraw = True
140.2313 	EXP 	Device response: <KeyPress from None: t=140.09895789999973, value=x, duration=0.11693220000006477>
141.1130 	EXP 	line1: autoDraw = True
141.1130 	EXP 	line_2: autoDraw = True
141.1130 	EXP 	line_3: autoDraw = True
141.1130 	EXP 	line4: autoDraw = True
141.1292 	EXP 	fixation: autoDraw = False
142.1125 	INFO 	Keyboard events cleared
142.1124 	EXP 	probe: autoDraw = True
142.8963 	EXP 	Device response: <KeyPress from None: t=142.89431289999993, value=v, duration=None>
142.8967 	EXP 	New trial (rep=12, index=2): <Trial 50 (2 in rep 12) data={'pos': np.int64(50), 'corr_resp': 'c', 'thisN': 50, 'thisTrialN': 2, 'thisRepN': 12}>
142.8981 	DATA 	Keypress: v
142.9125 	EXP 	fixation: autoDraw = False
142.9125 	EXP 	line1: autoDraw = False
142.9125 	EXP 	line_2: autoDraw = False
142.9125 	EXP 	line_3: autoDraw = False
142.9125 	EXP 	line4: autoDraw = False
142.9125 	EXP 	probe: autoDraw = False
142.9125 	EXP 	fixation: autoDraw = True
142.9958 	EXP 	Device response: <KeyPress from None: t=142.89431289999993, value=v, duration=0.08686009999973976>
143.8959 	EXP 	line1: autoDraw = True
143.8959 	EXP 	line_2: autoDraw = True
143.8959 	EXP 	line_3: autoDraw = True
143.8959 	EXP 	line4: autoDraw = True
143.9126 	EXP 	fixation: autoDraw = False
144.8961 	INFO 	Keyboard events cleared
144.8959 	EXP 	probe: autoDraw = True
145.5961 	EXP 	Device response: <KeyPress from None: t=145.59328060000007, value=c, duration=None>
145.5965 	EXP 	New trial (rep=12, index=3): <Trial 51 (3 in rep 12) data={'pos': np.int64(-150), 'corr_resp': 'z', 'thisN': 51, 'thisTrialN': 3, 'thisRepN': 12}>
145.5980 	DATA 	Keypress: c
145.6124 	EXP 	fixation: autoDraw = False
145.6124 	EXP 	line1: autoDraw = False
145.6124 	EXP 	line_2: autoDraw = False
145.6124 	EXP 	line_3: autoDraw = False
145.6124 	EXP 	line4: autoDraw = False
145.6124 	EXP 	probe: autoDraw = False
145.6124 	EXP 	fixation: autoDraw = True
145.6962 	EXP 	Device response: <KeyPress from None: t=145.59328060000007, value=c, duration=0.09223679999968226>
146.5958 	EXP 	line1: autoDraw = True
146.5958 	EXP 	line_2: autoDraw = True
146.5958 	EXP 	line_3: autoDraw = True
146.5958 	EXP 	line4: autoDraw = True
146.6124 	EXP 	fixation: autoDraw = False
147.5959 	INFO 	Keyboard events cleared
147.5957 	EXP 	probe: autoDraw = True
148.4296 	EXP 	Device response: <KeyPress from None: t=148.4158926, value=z, duration=None>
148.4300 	EXP 	New trial (rep=13, index=0): <Trial 52 (0 in rep 13) data={'pos': np.int64(-50), 'corr_resp': 'x', 'thisN': 52, 'thisTrialN': 0, 'thisRepN': 13}>
148.4313 	DATA 	Keypress: z
148.4461 	EXP 	fixation: autoDraw = False
148.4461 	EXP 	line1: autoDraw = False
148.4461 	EXP 	line_2: autoDraw = False
148.4461 	EXP 	line_3: autoDraw = False
148.4461 	EXP 	line4: autoDraw = False
148.4461 	EXP 	probe: autoDraw = False
148.4461 	EXP 	fixation: autoDraw = True
148.5130 	EXP 	Device response: <KeyPress from None: t=148.4158926, value=z, duration=0.0820131999998921>
149.4292 	EXP 	line1: autoDraw = True
149.4292 	EXP 	line_2: autoDraw = True
149.4292 	EXP 	line_3: autoDraw = True
149.4292 	EXP 	line4: autoDraw = True
149.4459 	EXP 	fixation: autoDraw = False
150.4295 	INFO 	Keyboard events cleared
150.4293 	EXP 	probe: autoDraw = True
151.2463 	EXP 	Device response: <KeyPress from None: t=151.24326399999973, value=x, duration=None>
151.2468 	EXP 	New trial (rep=13, index=1): <Trial 53 (1 in rep 13) data={'pos': np.int64(150), 'corr_resp': 'v', 'thisN': 53, 'thisTrialN': 1, 'thisRepN': 13}>
151.2483 	DATA 	Keypress: x
151.2618 	EXP 	fixation: autoDraw = False
151.2618 	EXP 	line1: autoDraw = False
151.2618 	EXP 	line_2: autoDraw = False
151.2618 	EXP 	line_3: autoDraw = False
151.2618 	EXP 	line4: autoDraw = False
151.2618 	EXP 	probe: autoDraw = False
151.2618 	EXP 	fixation: autoDraw = True
151.3298 	EXP 	Device response: <KeyPress from None: t=151.24326399999973, value=x, duration=0.07153890000017782>
152.2454 	EXP 	line1: autoDraw = True
152.2454 	EXP 	line_2: autoDraw = True
152.2454 	EXP 	line_3: autoDraw = True
152.2454 	EXP 	line4: autoDraw = True
152.2624 	EXP 	fixation: autoDraw = False
153.2460 	INFO 	Keyboard events cleared
153.2458 	EXP 	probe: autoDraw = True
154.0814 	DATA 	Keypress: v
154.0964 	EXP 	Device response: <KeyPress from None: t=154.0798176999997, value=v, duration=None>
154.0968 	EXP 	New trial (rep=13, index=2): <Trial 54 (2 in rep 13) data={'pos': np.int64(50), 'corr_resp': 'c', 'thisN': 54, 'thisTrialN': 2, 'thisRepN': 13}>
154.1126 	EXP 	fixation: autoDraw = False
154.1126 	EXP 	line1: autoDraw = False
154.1126 	EXP 	line_2: autoDraw = False
154.1126 	EXP 	line_3: autoDraw = False
154.1126 	EXP 	line4: autoDraw = False
154.1126 	EXP 	probe: autoDraw = False
154.1126 	EXP 	fixation: autoDraw = True
154.1628 	EXP 	Device response: <KeyPress from None: t=154.0798176999997, value=v, duration=0.07517300000017713>
155.0958 	EXP 	line1: autoDraw = True
155.0958 	EXP 	line_2: autoDraw = True
155.0958 	EXP 	line_3: autoDraw = True
155.0958 	EXP 	line4: autoDraw = True
155.1125 	EXP 	fixation: autoDraw = False
156.0960 	INFO 	Keyboard events cleared
156.0958 	EXP 	probe: autoDraw = True
157.2631 	EXP 	Device response: <KeyPress from None: t=157.25116669999989, value=c, duration=None>
157.2635 	EXP 	New trial (rep=13, index=3): <Trial 55 (3 in rep 13) data={'pos': np.int64(-150), 'corr_resp': 'z', 'thisN': 55, 'thisTrialN': 3, 'thisRepN': 13}>
157.2648 	DATA 	Keypress: c
157.2791 	EXP 	fixation: autoDraw = False
157.2791 	EXP 	line1: autoDraw = False
157.2791 	EXP 	line_2: autoDraw = False
157.2791 	EXP 	line_3: autoDraw = False
157.2791 	EXP 	line4: autoDraw = False
157.2791 	EXP 	probe: autoDraw = False
157.2791 	EXP 	fixation: autoDraw = True
157.3964 	EXP 	Device response: <KeyPress from None: t=157.25116669999989, value=c, duration=0.13686619999998584>
158.2626 	EXP 	line1: autoDraw = True
158.2626 	EXP 	line_2: autoDraw = True
158.2626 	EXP 	line_3: autoDraw = True
158.2626 	EXP 	line4: autoDraw = True
158.2791 	EXP 	fixation: autoDraw = False
159.2627 	INFO 	Keyboard events cleared
159.2625 	EXP 	probe: autoDraw = True
159.9630 	EXP 	Device response: <KeyPress from None: t=159.95674929999996, value=z, duration=None>
159.9634 	EXP 	New trial (rep=14, index=0): <Trial 56 (0 in rep 14) data={'pos': np.int64(-50), 'corr_resp': 'x', 'thisN': 56, 'thisTrialN': 0, 'thisRepN': 14}>
159.9647 	DATA 	Keypress: z
159.9784 	EXP 	fixation: autoDraw = False
159.9784 	EXP 	line1: autoDraw = False
159.9784 	EXP 	line_2: autoDraw = False
159.9784 	EXP 	line_3: autoDraw = False
159.9784 	EXP 	line4: autoDraw = False
159.9784 	EXP 	probe: autoDraw = False
159.9784 	EXP 	fixation: autoDraw = True
160.0629 	EXP 	Device response: <KeyPress from None: t=159.95674929999996, value=z, duration=0.0910834999999679>
160.9623 	EXP 	line1: autoDraw = True
160.9623 	EXP 	line_2: autoDraw = True
160.9623 	EXP 	line_3: autoDraw = True
160.9623 	EXP 	line4: autoDraw = True
160.9792 	EXP 	fixation: autoDraw = False
161.9628 	INFO 	Keyboard events cleared
161.9627 	EXP 	probe: autoDraw = True
162.6295 	EXP 	Device response: <KeyPress from None: t=162.62244800000008, value=x, duration=None>
162.6300 	EXP 	New trial (rep=14, index=1): <Trial 57 (1 in rep 14) data={'pos': np.int64(150), 'corr_resp': 'v', 'thisN': 57, 'thisTrialN': 1, 'thisRepN': 14}>
162.6314 	DATA 	Keypress: x
162.6458 	EXP 	fixation: autoDraw = False
162.6458 	EXP 	line1: autoDraw = False
162.6458 	EXP 	line_2: autoDraw = False
162.6458 	EXP 	line_3: autoDraw = False
162.6458 	EXP 	line4: autoDraw = False
162.6458 	EXP 	probe: autoDraw = False
162.6458 	EXP 	fixation: autoDraw = True
162.7463 	EXP 	Device response: <KeyPress from None: t=162.62244800000008, value=x, duration=0.11037439999972776>
163.6293 	EXP 	line1: autoDraw = True
163.6293 	EXP 	line_2: autoDraw = True
163.6293 	EXP 	line_3: autoDraw = True
163.6293 	EXP 	line4: autoDraw = True
163.6461 	EXP 	fixation: autoDraw = False
164.6295 	INFO 	Keyboard events cleared
164.6293 	EXP 	probe: autoDraw = True
165.3652 	DATA 	Keypress: v
165.3804 	EXP 	Device response: <KeyPress from None: t=165.36469289999968, value=v, duration=None>
165.3809 	EXP 	New trial (rep=14, index=2): <Trial 58 (2 in rep 14) data={'pos': np.int64(50), 'corr_resp': 'c', 'thisN': 58, 'thisTrialN': 2, 'thisRepN': 14}>
165.3949 	EXP 	fixation: autoDraw = False
165.3949 	EXP 	line1: autoDraw = False
165.3949 	EXP 	line_2: autoDraw = False
165.3949 	EXP 	line_3: autoDraw = False
165.3949 	EXP 	line4: autoDraw = False
165.3949 	EXP 	probe: autoDraw = False
165.3949 	EXP 	fixation: autoDraw = True
165.4639 	EXP 	Device response: <KeyPress from None: t=165.36469289999968, value=v, duration=0.08646960000032777>
166.3958 	EXP 	fixation: autoDraw = False
166.3958 	EXP 	line1: autoDraw = True
166.3958 	EXP 	line_2: autoDraw = True
166.3958 	EXP 	line_3: autoDraw = True
166.3958 	EXP 	line4: autoDraw = True
167.3960 	INFO 	Keyboard events cleared
167.3958 	EXP 	probe: autoDraw = True
168.1962 	EXP 	Device response: <KeyPress from None: t=168.18891099999973, value=c, duration=None>
168.1967 	EXP 	New trial (rep=14, index=3): <Trial 59 (3 in rep 14) data={'pos': np.int64(-150), 'corr_resp': 'z', 'thisN': 59, 'thisTrialN': 3, 'thisRepN': 14}>
168.1981 	DATA 	Keypress: c
168.2129 	EXP 	fixation: autoDraw = False
168.2129 	EXP 	line1: autoDraw = False
168.2129 	EXP 	line_2: autoDraw = False
168.2129 	EXP 	line_3: autoDraw = False
168.2129 	EXP 	line4: autoDraw = False
168.2129 	EXP 	probe: autoDraw = False
168.2129 	EXP 	fixation: autoDraw = True
168.2808 	EXP 	Device response: <KeyPress from None: t=168.18891099999973, value=c, duration=0.08996320000005653>
169.1959 	EXP 	line1: autoDraw = True
169.1959 	EXP 	line_2: autoDraw = True
169.1959 	EXP 	line_3: autoDraw = True
169.1959 	EXP 	line4: autoDraw = True
169.2125 	EXP 	fixation: autoDraw = False
170.1959 	INFO 	Keyboard events cleared
170.1958 	EXP 	probe: autoDraw = True
170.9799 	EXP 	Device response: <KeyPress from None: t=170.96855509999978, value=z, duration=None>
170.9803 	EXP 	New trial (rep=15, index=0): <Trial 60 (0 in rep 15) data={'pos': np.int64(-50), 'corr_resp': 'x', 'thisN': 60, 'thisTrialN': 0, 'thisRepN': 15}>
170.9817 	DATA 	Keypress: z
170.9959 	EXP 	fixation: autoDraw = False
170.9959 	EXP 	line1: autoDraw = False
170.9959 	EXP 	line_2: autoDraw = False
170.9959 	EXP 	line_3: autoDraw = False
170.9959 	EXP 	line4: autoDraw = False
170.9959 	EXP 	probe: autoDraw = False
170.9959 	EXP 	fixation: autoDraw = True
171.0295 	EXP 	Device response: <KeyPress from None: t=170.96855509999978, value=z, duration=0.054355799999939336>
171.9963 	EXP 	fixation: autoDraw = False
171.9963 	EXP 	line1: autoDraw = True
171.9963 	EXP 	line_2: autoDraw = True
171.9963 	EXP 	line_3: autoDraw = True
171.9963 	EXP 	line4: autoDraw = True
172.9794 	INFO 	Keyboard events cleared
172.9792 	EXP 	probe: autoDraw = True
173.9465 	EXP 	Device response: <KeyPress from None: t=173.9459469999997, value=x, duration=None>
173.9469 	EXP 	New trial (rep=15, index=1): <Trial 61 (1 in rep 15) data={'pos': np.int64(150), 'corr_resp': 'v', 'thisN': 61, 'thisTrialN': 1, 'thisRepN': 15}>
173.9482 	DATA 	Keypress: x
173.9626 	EXP 	fixation: autoDraw = False
173.9626 	EXP 	line1: autoDraw = False
173.9626 	EXP 	line_2: autoDraw = False
173.9626 	EXP 	line_3: autoDraw = False
173.9626 	EXP 	line4: autoDraw = False
173.9626 	EXP 	probe: autoDraw = False
173.9626 	EXP 	fixation: autoDraw = True
174.1130 	EXP 	Device response: <KeyPress from None: t=173.9459469999997, value=x, duration=0.15798840000024938>
174.9460 	EXP 	line1: autoDraw = True
174.9460 	EXP 	line_2: autoDraw = True
174.9460 	EXP 	line_3: autoDraw = True
174.9460 	EXP 	line4: autoDraw = True
174.9626 	EXP 	fixation: autoDraw = False
175.9461 	INFO 	Keyboard events cleared
175.9459 	EXP 	probe: autoDraw = True
176.7481 	DATA 	Keypress: v
176.7626 	EXP 	Device response: <KeyPress from None: t=176.74690819999978, value=v, duration=None>
176.7631 	EXP 	New trial (rep=15, index=2): <Trial 62 (2 in rep 15) data={'pos': np.int64(50), 'corr_resp': 'c', 'thisN': 62, 'thisTrialN': 2, 'thisRepN': 15}>
176.7791 	EXP 	fixation: autoDraw = False
176.7791 	EXP 	line1: autoDraw = False
176.7791 	EXP 	line_2: autoDraw = False
176.7791 	EXP 	line_3: autoDraw = False
176.7791 	EXP 	line4: autoDraw = False
176.7791 	EXP 	probe: autoDraw = False
176.7791 	EXP 	fixation: autoDraw = True
176.8127 	EXP 	Device response: <KeyPress from None: t=176.74690819999978, value=v, duration=0.05829700000003868>
177.7626 	EXP 	line1: autoDraw = True
177.7626 	EXP 	line_2: autoDraw = True
177.7626 	EXP 	line_3: autoDraw = True
177.7626 	EXP 	line4: autoDraw = True
177.7792 	EXP 	fixation: autoDraw = False
178.7629 	INFO 	Keyboard events cleared
178.7628 	EXP 	probe: autoDraw = True
179.5471 	EXP 	Device response: <KeyPress from None: t=179.5423824999998, value=c, duration=None>
179.5475 	EXP 	New trial (rep=15, index=3): <Trial 63 (3 in rep 15) data={'pos': np.int64(-150), 'corr_resp': 'z', 'thisN': 63, 'thisTrialN': 3, 'thisRepN': 15}>
179.5493 	DATA 	Keypress: c
179.5625 	EXP 	fixation: autoDraw = False
179.5625 	EXP 	line1: autoDraw = False
179.5625 	EXP 	line_2: autoDraw = False
179.5625 	EXP 	line_3: autoDraw = False
179.5625 	EXP 	line4: autoDraw = False
179.5625 	EXP 	probe: autoDraw = False
179.5625 	EXP 	fixation: autoDraw = True
179.6468 	EXP 	Device response: <KeyPress from None: t=179.5423824999998, value=c, duration=0.097239300000183>
180.5626 	EXP 	fixation: autoDraw = False
180.5626 	EXP 	line1: autoDraw = True
180.5626 	EXP 	line_2: autoDraw = True
180.5626 	EXP 	line_3: autoDraw = True
180.5626 	EXP 	line4: autoDraw = True
181.5628 	INFO 	Keyboard events cleared
181.5626 	EXP 	probe: autoDraw = True
182.2796 	EXP 	Device response: <KeyPress from None: t=182.26774179999984, value=z, duration=None>
182.2800 	EXP 	New trial (rep=16, index=0): <Trial 64 (0 in rep 16) data={'pos': np.int64(-50), 'corr_resp': 'x', 'thisN': 64, 'thisTrialN': 0, 'thisRepN': 16}>
182.2815 	DATA 	Keypress: z
182.2959 	EXP 	fixation: autoDraw = False
182.2959 	EXP 	line1: autoDraw = False
182.2959 	EXP 	line_2: autoDraw = False
182.2959 	EXP 	line_3: autoDraw = False
182.2959 	EXP 	line4: autoDraw = False
182.2959 	EXP 	probe: autoDraw = False
182.2959 	EXP 	fixation: autoDraw = True
182.3300 	EXP 	Device response: <KeyPress from None: t=182.26774179999984, value=z, duration=0.05608680000023014>
183.2793 	EXP 	line1: autoDraw = True
183.2793 	EXP 	line_2: autoDraw = True
183.2793 	EXP 	line_3: autoDraw = True
183.2793 	EXP 	line4: autoDraw = True
183.2958 	EXP 	fixation: autoDraw = False
184.2795 	INFO 	Keyboard events cleared
184.2793 	EXP 	probe: autoDraw = True
184.9464 	EXP 	Device response: <KeyPress from None: t=184.9350672999999, value=x, duration=None>
184.9468 	EXP 	New trial (rep=16, index=1): <Trial 65 (1 in rep 16) data={'pos': np.int64(150), 'corr_resp': 'v', 'thisN': 65, 'thisTrialN': 1, 'thisRepN': 16}>
184.9483 	DATA 	Keypress: x
184.9627 	EXP 	fixation: autoDraw = False
184.9627 	EXP 	line1: autoDraw = False
184.9627 	EXP 	line_2: autoDraw = False
184.9627 	EXP 	line_3: autoDraw = False
184.9627 	EXP 	line4: autoDraw = False
184.9627 	EXP 	probe: autoDraw = False
184.9627 	EXP 	fixation: autoDraw = True
185.0133 	EXP 	Device response: <KeyPress from None: t=184.9350672999999, value=x, duration=0.07503219999989597>
185.9460 	EXP 	line1: autoDraw = True
185.9460 	EXP 	line_2: autoDraw = True
185.9460 	EXP 	line_3: autoDraw = True
185.9460 	EXP 	line4: autoDraw = True
185.9627 	EXP 	fixation: autoDraw = False
186.9461 	INFO 	Keyboard events cleared
186.9459 	EXP 	probe: autoDraw = True
187.6963 	EXP 	Device response: <KeyPress from None: t=187.68933449999986, value=v, duration=None>
187.6967 	EXP 	New trial (rep=16, index=2): <Trial 66 (2 in rep 16) data={'pos': np.int64(50), 'corr_resp': 'c', 'thisN': 66, 'thisTrialN': 2, 'thisRepN': 16}>
187.6981 	DATA 	Keypress: v
187.7126 	EXP 	fixation: autoDraw = False
187.7126 	EXP 	line1: autoDraw = False
187.7126 	EXP 	line_2: autoDraw = False
187.7126 	EXP 	line_3: autoDraw = False
187.7126 	EXP 	line4: autoDraw = False
187.7126 	EXP 	probe: autoDraw = False
187.7126 	EXP 	fixation: autoDraw = True
187.7966 	EXP 	Device response: <KeyPress from None: t=187.68933449999986, value=v, duration=0.09668229999988398>
188.6960 	EXP 	line1: autoDraw = True
188.6960 	EXP 	line_2: autoDraw = True
188.6960 	EXP 	line_3: autoDraw = True
188.6960 	EXP 	line4: autoDraw = True
188.7129 	EXP 	fixation: autoDraw = False
189.6962 	INFO 	Keyboard events cleared
189.6961 	EXP 	probe: autoDraw = True
190.6798 	EXP 	Device response: <KeyPress from None: t=190.67713269999967, value=c, duration=None>
190.6802 	EXP 	New trial (rep=16, index=3): <Trial 67 (3 in rep 16) data={'pos': np.int64(-150), 'corr_resp': 'z', 'thisN': 67, 'thisTrialN': 3, 'thisRepN': 16}>
190.6816 	DATA 	Keypress: c
190.6960 	EXP 	fixation: autoDraw = False
190.6960 	EXP 	line1: autoDraw = False
190.6960 	EXP 	line_2: autoDraw = False
190.6960 	EXP 	line_3: autoDraw = False
190.6960 	EXP 	line4: autoDraw = False
190.6960 	EXP 	probe: autoDraw = False
190.6960 	EXP 	fixation: autoDraw = True
190.8296 	EXP 	Device response: <KeyPress from None: t=190.67713269999967, value=c, duration=0.1454700000003868>
191.6794 	EXP 	line1: autoDraw = True
191.6794 	EXP 	line_2: autoDraw = True
191.6794 	EXP 	line_3: autoDraw = True
191.6794 	EXP 	line4: autoDraw = True
191.6960 	EXP 	fixation: autoDraw = False
192.6795 	INFO 	Keyboard events cleared
192.6793 	EXP 	probe: autoDraw = True
193.5135 	EXP 	Device response: <KeyPress from None: t=193.51081320000003, value=z, duration=None>
193.5139 	EXP 	New trial (rep=17, index=0): <Trial 68 (0 in rep 17) data={'pos': np.int64(-50), 'corr_resp': 'x', 'thisN': 68, 'thisTrialN': 0, 'thisRepN': 17}>
193.5159 	DATA 	Keypress: z
193.5285 	EXP 	fixation: autoDraw = False
193.5285 	EXP 	line1: autoDraw = False
193.5285 	EXP 	line_2: autoDraw = False
193.5285 	EXP 	line_3: autoDraw = False
193.5285 	EXP 	line4: autoDraw = False
193.5285 	EXP 	probe: autoDraw = False
193.5285 	EXP 	fixation: autoDraw = True
193.6464 	EXP 	Device response: <KeyPress from None: t=193.51081320000003, value=z, duration=0.12458819999983461>
194.5126 	EXP 	line1: autoDraw = True
194.5126 	EXP 	line_2: autoDraw = True
194.5126 	EXP 	line_3: autoDraw = True
194.5126 	EXP 	line4: autoDraw = True
194.5297 	EXP 	fixation: autoDraw = False
195.5296 	INFO 	Keyboard events cleared
195.5294 	EXP 	probe: autoDraw = True
196.2965 	EXP 	Device response: <KeyPress from None: t=196.28332409999985, value=x, duration=None>
196.2969 	EXP 	New trial (rep=17, index=1): <Trial 69 (1 in rep 17) data={'pos': np.int64(150), 'corr_resp': 'v', 'thisN': 69, 'thisTrialN': 1, 'thisRepN': 17}>
196.2982 	DATA 	Keypress: x
196.3127 	EXP 	fixation: autoDraw = False
196.3127 	EXP 	line1: autoDraw = False
196.3127 	EXP 	line_2: autoDraw = False
196.3127 	EXP 	line_3: autoDraw = False
196.3127 	EXP 	line4: autoDraw = False
196.3127 	EXP 	probe: autoDraw = False
196.3127 	EXP 	fixation: autoDraw = True
196.3798 	EXP 	Device response: <KeyPress from None: t=196.28332409999985, value=x, duration=0.08258030000024519>
197.2962 	EXP 	line1: autoDraw = True
197.2962 	EXP 	line_2: autoDraw = True
197.2962 	EXP 	line_3: autoDraw = True
197.2962 	EXP 	line4: autoDraw = True
197.3131 	EXP 	fixation: autoDraw = False
198.2964 	INFO 	Keyboard events cleared
198.2963 	EXP 	probe: autoDraw = True
199.1470 	EXP 	Device response: <KeyPress from None: t=199.13662750000003, value=v, duration=None>
199.1474 	EXP 	New trial (rep=17, index=2): <Trial 70 (2 in rep 17) data={'pos': np.int64(50), 'corr_resp': 'c', 'thisN': 70, 'thisTrialN': 2, 'thisRepN': 17}>
199.1486 	DATA 	Keypress: v
199.1636 	EXP 	fixation: autoDraw = False
199.1636 	EXP 	line1: autoDraw = False
199.1636 	EXP 	line_2: autoDraw = False
199.1636 	EXP 	line_3: autoDraw = False
199.1636 	EXP 	line4: autoDraw = False
199.1636 	EXP 	probe: autoDraw = False
199.1636 	EXP 	fixation: autoDraw = True
199.2468 	EXP 	Device response: <KeyPress from None: t=199.13662750000003, value=v, duration=0.0955417000000125>
200.1629 	EXP 	line1: autoDraw = True
200.1629 	EXP 	line_2: autoDraw = True
200.1629 	EXP 	line_3: autoDraw = True
200.1629 	EXP 	line4: autoDraw = True
200.1794 	EXP 	fixation: autoDraw = False
201.1628 	INFO 	Keyboard events cleared
201.1627 	EXP 	probe: autoDraw = True
202.1966 	EXP 	Device response: <KeyPress from None: t=202.1869999999999, value=c, duration=None>
202.1969 	EXP 	New trial (rep=17, index=3): <Trial 71 (3 in rep 17) data={'pos': np.int64(-150), 'corr_resp': 'z', 'thisN': 71, 'thisTrialN': 3, 'thisRepN': 17}>
202.1984 	DATA 	Keypress: c
202.2127 	EXP 	fixation: autoDraw = False
202.2127 	EXP 	line1: autoDraw = False
202.2127 	EXP 	line_2: autoDraw = False
202.2127 	EXP 	line_3: autoDraw = False
202.2127 	EXP 	line4: autoDraw = False
202.2127 	EXP 	probe: autoDraw = False
202.2127 	EXP 	fixation: autoDraw = True
202.3302 	EXP 	Device response: <KeyPress from None: t=202.1869999999999, value=c, duration=0.13726489999999103>
203.1961 	EXP 	line1: autoDraw = True
203.1961 	EXP 	line_2: autoDraw = True
203.1961 	EXP 	line_3: autoDraw = True
203.1961 	EXP 	line4: autoDraw = True
203.2127 	EXP 	fixation: autoDraw = False
204.1963 	INFO 	Keyboard events cleared
204.1961 	EXP 	probe: autoDraw = True
205.1299 	EXP 	Device response: <KeyPress from None: t=205.12725469999987, value=z, duration=None>
205.1303 	EXP 	New trial (rep=18, index=0): <Trial 72 (0 in rep 18) data={'pos': np.int64(-50), 'corr_resp': 'x', 'thisN': 72, 'thisTrialN': 0, 'thisRepN': 18}>
205.1317 	DATA 	Keypress: z
205.1463 	EXP 	fixation: autoDraw = False
205.1463 	EXP 	line1: autoDraw = False
205.1463 	EXP 	line_2: autoDraw = False
205.1463 	EXP 	line_3: autoDraw = False
205.1463 	EXP 	line4: autoDraw = False
205.1463 	EXP 	probe: autoDraw = False
205.1463 	EXP 	fixation: autoDraw = True
205.2468 	EXP 	Device response: <KeyPress from None: t=205.12725469999987, value=z, duration=0.11831919999985985>
206.1294 	EXP 	line1: autoDraw = True
206.1294 	EXP 	line_2: autoDraw = True
206.1294 	EXP 	line_3: autoDraw = True
206.1294 	EXP 	line4: autoDraw = True
206.1471 	EXP 	fixation: autoDraw = False
207.1306 	INFO 	Keyboard events cleared
207.1305 	EXP 	probe: autoDraw = True
207.8634 	EXP 	Device response: <KeyPress from None: t=207.86132210000005, value=x, duration=None>
207.8637 	EXP 	New trial (rep=18, index=1): <Trial 73 (1 in rep 18) data={'pos': np.int64(150), 'corr_resp': 'v', 'thisN': 73, 'thisTrialN': 1, 'thisRepN': 18}>
207.8654 	DATA 	Keypress: x
207.8796 	EXP 	fixation: autoDraw = False
207.8796 	EXP 	line1: autoDraw = False
207.8796 	EXP 	line_2: autoDraw = False
207.8796 	EXP 	line_3: autoDraw = False
207.8796 	EXP 	line4: autoDraw = False
207.8796 	EXP 	probe: autoDraw = False
207.8796 	EXP 	fixation: autoDraw = True
207.9303 	EXP 	Device response: <KeyPress from None: t=207.86132210000005, value=x, duration=0.06747279999990496>
208.8627 	EXP 	line1: autoDraw = True
208.8627 	EXP 	line_2: autoDraw = True
208.8627 	EXP 	line_3: autoDraw = True
208.8627 	EXP 	line4: autoDraw = True
208.8794 	EXP 	fixation: autoDraw = False
209.8629 	INFO 	Keyboard events cleared
209.8628 	EXP 	probe: autoDraw = True
210.5468 	EXP 	Device response: <KeyPress from None: t=210.54192879999982, value=v, duration=None>
210.5473 	EXP 	New trial (rep=18, index=2): <Trial 74 (2 in rep 18) data={'pos': np.int64(50), 'corr_resp': 'c', 'thisN': 74, 'thisTrialN': 2, 'thisRepN': 18}>
210.5490 	DATA 	Keypress: v
210.5622 	EXP 	fixation: autoDraw = False
210.5622 	EXP 	line1: autoDraw = False
210.5622 	EXP 	line_2: autoDraw = False
210.5622 	EXP 	line_3: autoDraw = False
210.5622 	EXP 	line4: autoDraw = False
210.5622 	EXP 	probe: autoDraw = False
210.5622 	EXP 	fixation: autoDraw = True
210.6632 	EXP 	Device response: <KeyPress from None: t=210.54192879999982, value=v, duration=0.11859189999995579>
211.5625 	EXP 	fixation: autoDraw = False
211.5625 	EXP 	line1: autoDraw = True
211.5625 	EXP 	line_2: autoDraw = True
211.5625 	EXP 	line_3: autoDraw = True
211.5625 	EXP 	line4: autoDraw = True
212.5466 	INFO 	Keyboard events cleared
212.5464 	EXP 	probe: autoDraw = True
213.3467 	EXP 	Device response: <KeyPress from None: t=213.3377806999997, value=v, duration=None>
213.3472 	EXP 	New trial (rep=18, index=3): <Trial 75 (3 in rep 18) data={'pos': np.int64(-150), 'corr_resp': 'z', 'thisN': 75, 'thisTrialN': 3, 'thisRepN': 18}>
213.3486 	DATA 	Keypress: v
213.3630 	EXP 	fixation: autoDraw = False
213.3630 	EXP 	line1: autoDraw = False
213.3630 	EXP 	line_2: autoDraw = False
213.3630 	EXP 	line_3: autoDraw = False
213.3630 	EXP 	line4: autoDraw = False
213.3630 	EXP 	probe: autoDraw = False
213.3630 	EXP 	fixation: autoDraw = True
213.4301 	EXP 	Device response: <KeyPress from None: t=213.3377806999997, value=v, duration=0.08057140000028085>
214.3461 	EXP 	line1: autoDraw = True
214.3461 	EXP 	line_2: autoDraw = True
214.3461 	EXP 	line_3: autoDraw = True
214.3461 	EXP 	line4: autoDraw = True
214.3628 	EXP 	fixation: autoDraw = False
215.3467 	INFO 	Keyboard events cleared
215.3465 	EXP 	probe: autoDraw = True
216.3136 	EXP 	Device response: <KeyPress from None: t=216.31271100000004, value=z, duration=None>
216.3139 	EXP 	New trial (rep=19, index=0): <Trial 76 (0 in rep 19) data={'pos': np.int64(-50), 'corr_resp': 'x', 'thisN': 76, 'thisTrialN': 0, 'thisRepN': 19}>
216.3153 	DATA 	Keypress: z
216.3291 	EXP 	fixation: autoDraw = False
216.3291 	EXP 	line1: autoDraw = False
216.3291 	EXP 	line_2: autoDraw = False
216.3291 	EXP 	line_3: autoDraw = False
216.3291 	EXP 	line4: autoDraw = False
216.3291 	EXP 	probe: autoDraw = False
216.3291 	EXP 	fixation: autoDraw = True
216.4301 	EXP 	Device response: <KeyPress from None: t=216.31271100000004, value=z, duration=0.111010399999941>
217.3297 	EXP 	fixation: autoDraw = False
217.3297 	EXP 	line1: autoDraw = True
217.3297 	EXP 	line_2: autoDraw = True
217.3297 	EXP 	line_3: autoDraw = True
217.3297 	EXP 	line4: autoDraw = True
218.3130 	INFO 	Keyboard events cleared
218.3128 	EXP 	probe: autoDraw = True
219.0471 	EXP 	Device response: <KeyPress from None: t=219.04583030000003, value=x, duration=None>
219.0475 	EXP 	New trial (rep=19, index=1): <Trial 77 (1 in rep 19) data={'pos': np.int64(150), 'corr_resp': 'v', 'thisN': 77, 'thisTrialN': 1, 'thisRepN': 19}>
219.0489 	DATA 	Keypress: x
219.0630 	EXP 	fixation: autoDraw = False
219.0630 	EXP 	line1: autoDraw = False
219.0630 	EXP 	line_2: autoDraw = False
219.0630 	EXP 	line_3: autoDraw = False
219.0630 	EXP 	line4: autoDraw = False
219.0630 	EXP 	probe: autoDraw = False
219.0630 	EXP 	fixation: autoDraw = True
219.1466 	EXP 	Device response: <KeyPress from None: t=219.04583030000003, value=x, duration=0.08467819999987114>
220.0630 	EXP 	fixation: autoDraw = False
220.0630 	EXP 	line1: autoDraw = True
220.0630 	EXP 	line_2: autoDraw = True
220.0630 	EXP 	line_3: autoDraw = True
220.0630 	EXP 	line4: autoDraw = True
221.0630 	INFO 	Keyboard events cleared
221.0628 	EXP 	probe: autoDraw = True
221.8133 	EXP 	Device response: <KeyPress from None: t=221.80353160000004, value=v, duration=None>
221.8138 	EXP 	New trial (rep=19, index=2): <Trial 78 (2 in rep 19) data={'pos': np.int64(50), 'corr_resp': 'c', 'thisN': 78, 'thisTrialN': 2, 'thisRepN': 19}>
221.8153 	DATA 	Keypress: v
221.8303 	EXP 	fixation: autoDraw = False
221.8303 	EXP 	line1: autoDraw = False
221.8303 	EXP 	line_2: autoDraw = False
221.8303 	EXP 	line_3: autoDraw = False
221.8303 	EXP 	line4: autoDraw = False
221.8303 	EXP 	probe: autoDraw = False
221.8303 	EXP 	fixation: autoDraw = True
221.9297 	EXP 	Device response: <KeyPress from None: t=221.80353160000004, value=v, duration=0.11493209999980536>
222.8126 	EXP 	line1: autoDraw = True
222.8126 	EXP 	line_2: autoDraw = True
222.8126 	EXP 	line_3: autoDraw = True
222.8126 	EXP 	line4: autoDraw = True
222.8465 	EXP 	fixation: autoDraw = False
223.8129 	INFO 	Keyboard events cleared
223.8128 	EXP 	probe: autoDraw = True
224.7471 	EXP 	Device response: <KeyPress from None: t=224.7461199999998, value=c, duration=None>
224.7475 	EXP 	New trial (rep=19, index=3): <Trial 79 (3 in rep 19) data={'pos': np.int64(-150), 'corr_resp': 'z', 'thisN': 79, 'thisTrialN': 3, 'thisRepN': 19}>
224.7488 	DATA 	Keypress: c
224.7625 	EXP 	fixation: autoDraw = False
224.7625 	EXP 	line1: autoDraw = False
224.7625 	EXP 	line_2: autoDraw = False
224.7625 	EXP 	line_3: autoDraw = False
224.7625 	EXP 	line4: autoDraw = False
224.7625 	EXP 	probe: autoDraw = False
224.7625 	EXP 	fixation: autoDraw = True
224.8962 	EXP 	Device response: <KeyPress from None: t=224.7461199999998, value=c, duration=0.14269980000017313>
225.7463 	EXP 	line1: autoDraw = True
225.7463 	EXP 	line_2: autoDraw = True
225.7463 	EXP 	line_3: autoDraw = True
225.7463 	EXP 	line4: autoDraw = True
225.7630 	EXP 	fixation: autoDraw = False
226.7626 	INFO 	Keyboard events cleared
226.7624 	EXP 	probe: autoDraw = True
227.5474 	EXP 	Device response: <KeyPress from None: t=227.54089599999998, value=z, duration=None>
227.5478 	EXP 	New trial (rep=20, index=0): <Trial 80 (0 in rep 20) data={'pos': np.int64(-50), 'corr_resp': 'x', 'thisN': 80, 'thisTrialN': 0, 'thisRepN': 20}>
227.5498 	DATA 	Keypress: z
227.5634 	EXP 	fixation: autoDraw = False
227.5634 	EXP 	line1: autoDraw = False
227.5634 	EXP 	line_2: autoDraw = False
227.5634 	EXP 	line_3: autoDraw = False
227.5634 	EXP 	line4: autoDraw = False
227.5634 	EXP 	probe: autoDraw = False
227.5634 	EXP 	fixation: autoDraw = True
227.6644 	EXP 	Device response: <KeyPress from None: t=227.54089599999998, value=z, duration=0.11826320000000123>
228.5629 	EXP 	fixation: autoDraw = False
228.5629 	EXP 	line1: autoDraw = True
228.5629 	EXP 	line_2: autoDraw = True
228.5629 	EXP 	line_3: autoDraw = True
228.5629 	EXP 	line4: autoDraw = True
229.5462 	INFO 	Keyboard events cleared
229.5460 	EXP 	probe: autoDraw = True
230.2467 	EXP 	Device response: <KeyPress from None: t=230.23309070000005, value=x, duration=None>
230.2471 	EXP 	New trial (rep=20, index=1): <Trial 81 (1 in rep 20) data={'pos': np.int64(150), 'corr_resp': 'v', 'thisN': 81, 'thisTrialN': 1, 'thisRepN': 20}>
230.2484 	DATA 	Keypress: x
230.2628 	EXP 	fixation: autoDraw = False
230.2628 	EXP 	line1: autoDraw = False
230.2628 	EXP 	line_2: autoDraw = False
230.2628 	EXP 	line_3: autoDraw = False
230.2628 	EXP 	line4: autoDraw = False
230.2628 	EXP 	probe: autoDraw = False
230.2628 	EXP 	fixation: autoDraw = True
230.3466 	EXP 	Device response: <KeyPress from None: t=230.23309070000005, value=x, duration=0.10346819999995205>
231.2460 	EXP 	line1: autoDraw = True
231.2460 	EXP 	line_2: autoDraw = True
231.2460 	EXP 	line_3: autoDraw = True
231.2460 	EXP 	line4: autoDraw = True
231.2630 	EXP 	fixation: autoDraw = False
232.2464 	INFO 	Keyboard events cleared
232.2462 	EXP 	probe: autoDraw = True
233.1470 	EXP 	Device response: <KeyPress from None: t=233.13247079999974, value=v, duration=None>
233.1474 	EXP 	New trial (rep=20, index=2): <Trial 82 (2 in rep 20) data={'pos': np.int64(50), 'corr_resp': 'c', 'thisN': 82, 'thisTrialN': 2, 'thisRepN': 20}>
233.1488 	DATA 	Keypress: v
233.1626 	EXP 	fixation: autoDraw = False
233.1626 	EXP 	line1: autoDraw = False
233.1626 	EXP 	line_2: autoDraw = False
233.1626 	EXP 	line_3: autoDraw = False
233.1626 	EXP 	line4: autoDraw = False
233.1626 	EXP 	probe: autoDraw = False
233.1626 	EXP 	fixation: autoDraw = True
233.2804 	EXP 	Device response: <KeyPress from None: t=233.13247079999974, value=v, duration=0.13633670000035636>
234.1464 	EXP 	line1: autoDraw = True
234.1464 	EXP 	line_2: autoDraw = True
234.1464 	EXP 	line_3: autoDraw = True
234.1464 	EXP 	line4: autoDraw = True
234.1627 	EXP 	fixation: autoDraw = False
235.1630 	INFO 	Keyboard events cleared
235.1629 	EXP 	probe: autoDraw = True
235.8811 	EXP 	Device response: <KeyPress from None: t=235.875763, value=c, duration=None>
235.8816 	EXP 	New trial (rep=20, index=3): <Trial 83 (3 in rep 20) data={'pos': np.int64(-150), 'corr_resp': 'z', 'thisN': 83, 'thisTrialN': 3, 'thisRepN': 20}>
235.8829 	DATA 	Keypress: c
235.8961 	EXP 	fixation: autoDraw = False
235.8961 	EXP 	line1: autoDraw = False
235.8961 	EXP 	line_2: autoDraw = False
235.8961 	EXP 	line_3: autoDraw = False
235.8961 	EXP 	line4: autoDraw = False
235.8961 	EXP 	probe: autoDraw = False
235.8961 	EXP 	fixation: autoDraw = True
236.0292 	EXP 	Device response: <KeyPress from None: t=235.875763, value=c, duration=0.1385694999999032>
236.8962 	EXP 	fixation: autoDraw = False
236.8962 	EXP 	line1: autoDraw = True
236.8962 	EXP 	line_2: autoDraw = True
236.8962 	EXP 	line_3: autoDraw = True
236.8962 	EXP 	line4: autoDraw = True
237.8963 	INFO 	Keyboard events cleared
237.8962 	EXP 	probe: autoDraw = True
238.6965 	EXP 	Device response: <KeyPress from None: t=238.69316309999977, value=z, duration=None>
238.6969 	EXP 	New trial (rep=21, index=0): <Trial 84 (0 in rep 21) data={'pos': np.int64(-50), 'corr_resp': 'x', 'thisN': 84, 'thisTrialN': 0, 'thisRepN': 21}>
238.6984 	DATA 	Keypress: z
238.7129 	EXP 	fixation: autoDraw = False
238.7129 	EXP 	line1: autoDraw = False
238.7129 	EXP 	line_2: autoDraw = False
238.7129 	EXP 	line_3: autoDraw = False
238.7129 	EXP 	line4: autoDraw = False
238.7129 	EXP 	probe: autoDraw = False
238.7129 	EXP 	fixation: autoDraw = True
238.8133 	EXP 	Device response: <KeyPress from None: t=238.69316309999977, value=z, duration=0.11219410000012431>
239.6968 	EXP 	line1: autoDraw = True
239.6968 	EXP 	line_2: autoDraw = True
239.6968 	EXP 	line_3: autoDraw = True
239.6968 	EXP 	line4: autoDraw = True
239.7126 	EXP 	fixation: autoDraw = False
240.6961 	INFO 	Keyboard events cleared
240.6960 	EXP 	probe: autoDraw = True
241.4965 	EXP 	Device response: <KeyPress from None: t=241.4849119999999, value=x, duration=None>
241.4970 	EXP 	New trial (rep=21, index=1): <Trial 85 (1 in rep 21) data={'pos': np.int64(150), 'corr_resp': 'v', 'thisN': 85, 'thisTrialN': 1, 'thisRepN': 21}>
241.4985 	DATA 	Keypress: x
241.5127 	EXP 	fixation: autoDraw = False
241.5127 	EXP 	line1: autoDraw = False
241.5127 	EXP 	line_2: autoDraw = False
241.5127 	EXP 	line_3: autoDraw = False
241.5127 	EXP 	line4: autoDraw = False
241.5127 	EXP 	probe: autoDraw = False
241.5127 	EXP 	fixation: autoDraw = True
241.5800 	EXP 	Device response: <KeyPress from None: t=241.4849119999999, value=x, duration=0.08876550000013594>
242.4961 	EXP 	line1: autoDraw = True
242.4961 	EXP 	line_2: autoDraw = True
242.4961 	EXP 	line_3: autoDraw = True
242.4961 	EXP 	line4: autoDraw = True
242.5126 	EXP 	fixation: autoDraw = False
243.4963 	INFO 	Keyboard events cleared
243.4962 	EXP 	probe: autoDraw = True
244.2137 	EXP 	Device response: <KeyPress from None: t=244.20725189999985, value=v, duration=None>
244.2140 	EXP 	New trial (rep=21, index=2): <Trial 86 (2 in rep 21) data={'pos': np.int64(50), 'corr_resp': 'c', 'thisN': 86, 'thisTrialN': 2, 'thisRepN': 21}>
244.2153 	DATA 	Keypress: v
244.2291 	EXP 	fixation: autoDraw = False
244.2291 	EXP 	line1: autoDraw = False
244.2291 	EXP 	line_2: autoDraw = False
244.2291 	EXP 	line_3: autoDraw = False
244.2291 	EXP 	line4: autoDraw = False
244.2291 	EXP 	probe: autoDraw = False
244.2291 	EXP 	fixation: autoDraw = True
244.3637 	EXP 	Device response: <KeyPress from None: t=244.20725189999985, value=v, duration=0.15180099999997765>
245.2127 	EXP 	line1: autoDraw = True
245.2127 	EXP 	line_2: autoDraw = True
245.2127 	EXP 	line_3: autoDraw = True
245.2127 	EXP 	line4: autoDraw = True
245.2295 	EXP 	fixation: autoDraw = False
246.2297 	INFO 	Keyboard events cleared
246.2295 	EXP 	probe: autoDraw = True
247.2468 	EXP 	Device response: <KeyPress from None: t=247.24420669999972, value=c, duration=None>
247.2472 	EXP 	New trial (rep=21, index=3): <Trial 87 (3 in rep 21) data={'pos': np.int64(-150), 'corr_resp': 'z', 'thisN': 87, 'thisTrialN': 3, 'thisRepN': 21}>
247.2487 	DATA 	Keypress: c
247.2629 	EXP 	fixation: autoDraw = False
247.2629 	EXP 	line1: autoDraw = False
247.2629 	EXP 	line_2: autoDraw = False
247.2629 	EXP 	line_3: autoDraw = False
247.2629 	EXP 	line4: autoDraw = False
247.2629 	EXP 	probe: autoDraw = False
247.2629 	EXP 	fixation: autoDraw = True
247.3978 	EXP 	Device response: <KeyPress from None: t=247.24420669999972, value=c, duration=0.13612779999994018>
248.2466 	EXP 	line1: autoDraw = True
248.2466 	EXP 	line_2: autoDraw = True
248.2466 	EXP 	line_3: autoDraw = True
248.2466 	EXP 	line4: autoDraw = True
248.2627 	EXP 	fixation: autoDraw = False
249.2631 	INFO 	Keyboard events cleared
249.2629 	EXP 	probe: autoDraw = True
250.0970 	EXP 	Device response: <KeyPress from None: t=250.0907761999997, value=z, duration=None>
250.0974 	EXP 	New trial (rep=22, index=0): <Trial 88 (0 in rep 22) data={'pos': np.int64(-50), 'corr_resp': 'x', 'thisN': 88, 'thisTrialN': 0, 'thisRepN': 22}>
250.0989 	DATA 	Keypress: z
250.1134 	EXP 	fixation: autoDraw = False
250.1134 	EXP 	line1: autoDraw = False
250.1134 	EXP 	line_2: autoDraw = False
250.1134 	EXP 	line_3: autoDraw = False
250.1134 	EXP 	line4: autoDraw = False
250.1134 	EXP 	probe: autoDraw = False
250.1134 	EXP 	fixation: autoDraw = True
250.2132 	EXP 	Device response: <KeyPress from None: t=250.0907761999997, value=z, duration=0.11941200000001118>
251.1129 	EXP 	fixation: autoDraw = False
251.1129 	EXP 	line1: autoDraw = True
251.1129 	EXP 	line_2: autoDraw = True
251.1129 	EXP 	line_3: autoDraw = True
251.1129 	EXP 	line4: autoDraw = True
252.0968 	INFO 	Keyboard events cleared
252.0964 	EXP 	probe: autoDraw = True
252.8801 	EXP 	Device response: <KeyPress from None: t=252.87002819999998, value=x, duration=None>
252.8805 	EXP 	New trial (rep=22, index=1): <Trial 89 (1 in rep 22) data={'pos': np.int64(150), 'corr_resp': 'v', 'thisN': 89, 'thisTrialN': 1, 'thisRepN': 22}>
252.8819 	DATA 	Keypress: x
252.8963 	EXP 	fixation: autoDraw = False
252.8963 	EXP 	line1: autoDraw = False
252.8963 	EXP 	line_2: autoDraw = False
252.8963 	EXP 	line_3: autoDraw = False
252.8963 	EXP 	line4: autoDraw = False
252.8963 	EXP 	probe: autoDraw = False
252.8963 	EXP 	fixation: autoDraw = True
253.0134 	EXP 	Device response: <KeyPress from None: t=252.87002819999998, value=x, duration=0.1341628000000128>
253.8797 	EXP 	line1: autoDraw = True
253.8797 	EXP 	line_2: autoDraw = True
253.8797 	EXP 	line_3: autoDraw = True
253.8797 	EXP 	line4: autoDraw = True
253.8964 	EXP 	fixation: autoDraw = False
254.8799 	INFO 	Keyboard events cleared
254.8798 	EXP 	probe: autoDraw = True
255.6137 	EXP 	Device response: <KeyPress from None: t=255.61092819999976, value=v, duration=None>
255.6141 	EXP 	New trial (rep=22, index=2): <Trial 90 (2 in rep 22) data={'pos': np.int64(50), 'corr_resp': 'c', 'thisN': 90, 'thisTrialN': 2, 'thisRepN': 22}>
255.6155 	DATA 	Keypress: v
255.6298 	EXP 	fixation: autoDraw = False
255.6298 	EXP 	line1: autoDraw = False
255.6298 	EXP 	line_2: autoDraw = False
255.6298 	EXP 	line_3: autoDraw = False
255.6298 	EXP 	line4: autoDraw = False
255.6298 	EXP 	probe: autoDraw = False
255.6298 	EXP 	fixation: autoDraw = True
255.7307 	EXP 	Device response: <KeyPress from None: t=255.61092819999976, value=v, duration=0.11053100000026461>
256.6131 	EXP 	line1: autoDraw = True
256.6131 	EXP 	line_2: autoDraw = True
256.6131 	EXP 	line_3: autoDraw = True
256.6131 	EXP 	line4: autoDraw = True
256.6297 	EXP 	fixation: autoDraw = False
257.6133 	INFO 	Keyboard events cleared
257.6131 	EXP 	probe: autoDraw = True
258.5303 	EXP 	Device response: <KeyPress from None: t=258.5156234000001, value=c, duration=None>
258.5307 	EXP 	New trial (rep=22, index=3): <Trial 91 (3 in rep 22) data={'pos': np.int64(-150), 'corr_resp': 'z', 'thisN': 91, 'thisTrialN': 3, 'thisRepN': 22}>
258.5322 	DATA 	Keypress: c
258.5462 	EXP 	fixation: autoDraw = False
258.5462 	EXP 	line1: autoDraw = False
258.5462 	EXP 	line_2: autoDraw = False
258.5462 	EXP 	line_3: autoDraw = False
258.5462 	EXP 	line4: autoDraw = False
258.5462 	EXP 	probe: autoDraw = False
258.5462 	EXP 	fixation: autoDraw = True
258.6636 	EXP 	Device response: <KeyPress from None: t=258.5156234000001, value=c, duration=0.1338778999997885>
259.5298 	EXP 	line1: autoDraw = True
259.5298 	EXP 	line_2: autoDraw = True
259.5298 	EXP 	line_3: autoDraw = True
259.5298 	EXP 	line4: autoDraw = True
259.5463 	EXP 	fixation: autoDraw = False
260.5301 	INFO 	Keyboard events cleared
260.5300 	EXP 	probe: autoDraw = True
261.3140 	EXP 	Device response: <KeyPress from None: t=261.3121861999998, value=z, duration=None>
261.3144 	EXP 	New trial (rep=23, index=0): <Trial 92 (0 in rep 23) data={'pos': np.int64(-50), 'corr_resp': 'x', 'thisN': 92, 'thisTrialN': 0, 'thisRepN': 23}>
261.3157 	DATA 	Keypress: z
261.3294 	EXP 	fixation: autoDraw = False
261.3294 	EXP 	line1: autoDraw = False
261.3294 	EXP 	line_2: autoDraw = False
261.3294 	EXP 	line_3: autoDraw = False
261.3294 	EXP 	line4: autoDraw = False
261.3294 	EXP 	probe: autoDraw = False
261.3294 	EXP 	fixation: autoDraw = True
261.4300 	EXP 	Device response: <KeyPress from None: t=261.3121861999998, value=z, duration=0.11431119999997463>
262.3297 	EXP 	fixation: autoDraw = False
262.3297 	EXP 	line1: autoDraw = True
262.3297 	EXP 	line_2: autoDraw = True
262.3297 	EXP 	line_3: autoDraw = True
262.3297 	EXP 	line4: autoDraw = True
263.3299 	INFO 	Keyboard events cleared
263.3297 	EXP 	probe: autoDraw = True
264.0636 	EXP 	Device response: <KeyPress from None: t=264.05742929999997, value=x, duration=None>
264.0641 	EXP 	New trial (rep=23, index=1): <Trial 93 (1 in rep 23) data={'pos': np.int64(150), 'corr_resp': 'v', 'thisN': 93, 'thisTrialN': 1, 'thisRepN': 23}>
264.0656 	DATA 	Keypress: x
264.0797 	EXP 	fixation: autoDraw = False
264.0797 	EXP 	line1: autoDraw = False
264.0797 	EXP 	line_2: autoDraw = False
264.0797 	EXP 	line_3: autoDraw = False
264.0797 	EXP 	line4: autoDraw = False
264.0797 	EXP 	probe: autoDraw = False
264.0797 	EXP 	fixation: autoDraw = True
264.1638 	EXP 	Device response: <KeyPress from None: t=264.05742929999997, value=x, duration=0.10135970000010275>
265.0630 	EXP 	line1: autoDraw = True
265.0630 	EXP 	line_2: autoDraw = True
265.0630 	EXP 	line_3: autoDraw = True
265.0630 	EXP 	line4: autoDraw = True
265.0799 	EXP 	fixation: autoDraw = False
266.0632 	INFO 	Keyboard events cleared
266.0630 	EXP 	probe: autoDraw = True
266.9156 	DATA 	Keypress: v
266.9302 	EXP 	Device response: <KeyPress from None: t=266.9137347000001, value=v, duration=None>
266.9306 	EXP 	New trial (rep=23, index=2): <Trial 94 (2 in rep 23) data={'pos': np.int64(50), 'corr_resp': 'c', 'thisN': 94, 'thisTrialN': 2, 'thisRepN': 23}>
266.9465 	EXP 	fixation: autoDraw = False
266.9465 	EXP 	line1: autoDraw = False
266.9465 	EXP 	line_2: autoDraw = False
266.9465 	EXP 	line_3: autoDraw = False
266.9465 	EXP 	line4: autoDraw = False
266.9465 	EXP 	probe: autoDraw = False
266.9465 	EXP 	fixation: autoDraw = True
267.0480 	EXP 	Device response: <KeyPress from None: t=266.9137347000001, value=v, duration=0.12501759999986461>
267.9296 	EXP 	line1: autoDraw = True
267.9296 	EXP 	line_2: autoDraw = True
267.9296 	EXP 	line_3: autoDraw = True
267.9296 	EXP 	line4: autoDraw = True
267.9464 	EXP 	fixation: autoDraw = False
268.9466 	INFO 	Keyboard events cleared
268.9465 	EXP 	probe: autoDraw = True
270.1636 	EXP 	Device response: <KeyPress from None: t=270.15169259999993, value=c, duration=None>
270.1640 	EXP 	New trial (rep=23, index=3): <Trial 95 (3 in rep 23) data={'pos': np.int64(-150), 'corr_resp': 'z', 'thisN': 95, 'thisTrialN': 3, 'thisRepN': 23}>
270.1654 	DATA 	Keypress: c
270.1796 	EXP 	fixation: autoDraw = False
270.1796 	EXP 	line1: autoDraw = False
270.1796 	EXP 	line_2: autoDraw = False
270.1796 	EXP 	line_3: autoDraw = False
270.1796 	EXP 	line4: autoDraw = False
270.1796 	EXP 	probe: autoDraw = False
270.1796 	EXP 	fixation: autoDraw = True
270.3965 	EXP 	Device response: <KeyPress from None: t=270.15169259999993, value=c, duration=0.24189419999993333>
271.1624 	EXP 	line1: autoDraw = True
271.1624 	EXP 	line_2: autoDraw = True
271.1624 	EXP 	line_3: autoDraw = True
271.1624 	EXP 	line4: autoDraw = True
271.1800 	EXP 	fixation: autoDraw = False
272.1633 	INFO 	Keyboard events cleared
272.1631 	EXP 	probe: autoDraw = True
273.2140 	EXP 	Device response: <KeyPress from None: t=273.20904139999993, value=z, duration=None>
273.2144 	EXP 	New trial (rep=24, index=0): <Trial 96 (0 in rep 24) data={'pos': np.int64(-50), 'corr_resp': 'x', 'thisN': 96, 'thisTrialN': 0, 'thisRepN': 24}>
273.2158 	DATA 	Keypress: z
273.2291 	EXP 	fixation: autoDraw = False
273.2291 	EXP 	line1: autoDraw = False
273.2291 	EXP 	line_2: autoDraw = False
273.2291 	EXP 	line_3: autoDraw = False
273.2291 	EXP 	line4: autoDraw = False
273.2291 	EXP 	probe: autoDraw = False
273.2291 	EXP 	fixation: autoDraw = True
273.2635 	EXP 	Device response: <KeyPress from None: t=273.20904139999993, value=z, duration=0.052016999999978>
274.2298 	EXP 	fixation: autoDraw = False
274.2298 	EXP 	line1: autoDraw = True
274.2298 	EXP 	line_2: autoDraw = True
274.2298 	EXP 	line_3: autoDraw = True
274.2298 	EXP 	line4: autoDraw = True
275.2299 	INFO 	Keyboard events cleared
275.2298 	EXP 	probe: autoDraw = True
275.9134 	EXP 	Device response: <KeyPress from None: t=275.9105489999997, value=x, duration=None>
275.9138 	EXP 	New trial (rep=24, index=1): <Trial 97 (1 in rep 24) data={'pos': np.int64(150), 'corr_resp': 'v', 'thisN': 97, 'thisTrialN': 1, 'thisRepN': 24}>
275.9151 	DATA 	Keypress: x
275.9299 	EXP 	fixation: autoDraw = False
275.9299 	EXP 	line1: autoDraw = False
275.9299 	EXP 	line_2: autoDraw = False
275.9299 	EXP 	line_3: autoDraw = False
275.9299 	EXP 	line4: autoDraw = False
275.9299 	EXP 	probe: autoDraw = False
275.9299 	EXP 	fixation: autoDraw = True
275.9978 	EXP 	Device response: <KeyPress from None: t=275.9105489999997, value=x, duration=0.08180029999994076>
276.9131 	EXP 	line1: autoDraw = True
276.9131 	EXP 	line_2: autoDraw = True
276.9131 	EXP 	line_3: autoDraw = True
276.9131 	EXP 	line4: autoDraw = True
276.9300 	EXP 	fixation: autoDraw = False
277.9134 	INFO 	Keyboard events cleared
277.9133 	EXP 	probe: autoDraw = True
278.6304 	EXP 	Device response: <KeyPress from None: t=278.6179076999997, value=v, duration=None>
278.6307 	EXP 	New trial (rep=24, index=2): <Trial 98 (2 in rep 24) data={'pos': np.int64(50), 'corr_resp': 'c', 'thisN': 98, 'thisTrialN': 2, 'thisRepN': 24}>
278.6321 	DATA 	Keypress: v
278.6493 	EXP 	fixation: autoDraw = False
278.6493 	EXP 	line1: autoDraw = False
278.6493 	EXP 	line_2: autoDraw = False
278.6493 	EXP 	line_3: autoDraw = False
278.6493 	EXP 	line4: autoDraw = False
278.6493 	EXP 	probe: autoDraw = False
278.6493 	EXP 	fixation: autoDraw = True
278.6970 	EXP 	Device response: <KeyPress from None: t=278.6179076999997, value=v, duration=0.07648540000036519>
279.6300 	EXP 	line1: autoDraw = True
279.6300 	EXP 	line_2: autoDraw = True
279.6300 	EXP 	line_3: autoDraw = True
279.6300 	EXP 	line4: autoDraw = True
279.6633 	EXP 	fixation: autoDraw = False
280.6298 	INFO 	Keyboard events cleared
280.6297 	EXP 	probe: autoDraw = True
281.5636 	EXP 	Device response: <KeyPress from None: t=281.5555900999998, value=c, duration=None>
281.5640 	EXP 	New trial (rep=24, index=3): <Trial 99 (3 in rep 24) data={'pos': np.int64(-150), 'corr_resp': 'z', 'thisN': 99, 'thisTrialN': 3, 'thisRepN': 24}>
281.5652 	DATA 	Keypress: c
281.5798 	EXP 	fixation: autoDraw = False
281.5798 	EXP 	line1: autoDraw = False
281.5798 	EXP 	line_2: autoDraw = False
281.5798 	EXP 	line_3: autoDraw = False
281.5798 	EXP 	line4: autoDraw = False
281.5798 	EXP 	probe: autoDraw = False
281.5798 	EXP 	fixation: autoDraw = True
281.6800 	EXP 	Device response: <KeyPress from None: t=281.5555900999998, value=c, duration=0.1169051000001673>
282.5631 	EXP 	line1: autoDraw = True
282.5631 	EXP 	line_2: autoDraw = True
282.5631 	EXP 	line_3: autoDraw = True
282.5631 	EXP 	line4: autoDraw = True
282.5801 	EXP 	fixation: autoDraw = False
283.5633 	INFO 	Keyboard events cleared
283.5631 	EXP 	probe: autoDraw = True
284.3471 	EXP 	Device response: <KeyPress from None: t=284.34508800000003, value=z, duration=None>
284.3475 	EXP 	New trial (rep=25, index=0): <Trial 100 (0 in rep 25) data={'pos': np.int64(-50), 'corr_resp': 'x', 'thisN': 100, 'thisTrialN': 0, 'thisRepN': 25}>
284.3489 	DATA 	Keypress: z
284.3632 	EXP 	fixation: autoDraw = False
284.3632 	EXP 	line1: autoDraw = False
284.3632 	EXP 	line_2: autoDraw = False
284.3632 	EXP 	line_3: autoDraw = False
284.3632 	EXP 	line4: autoDraw = False
284.3632 	EXP 	probe: autoDraw = False
284.3632 	EXP 	fixation: autoDraw = True
284.4304 	EXP 	Device response: <KeyPress from None: t=284.34508800000003, value=z, duration=0.07304209999983868>
285.3465 	EXP 	line1: autoDraw = True
285.3465 	EXP 	line_2: autoDraw = True
285.3465 	EXP 	line_3: autoDraw = True
285.3465 	EXP 	line4: autoDraw = True
285.3632 	EXP 	fixation: autoDraw = False
286.3466 	INFO 	Keyboard events cleared
286.3464 	EXP 	probe: autoDraw = True
287.3468 	EXP 	Device response: <KeyPress from None: t=287.3438000000001, value=x, duration=None>
287.3473 	EXP 	New trial (rep=25, index=1): <Trial 101 (1 in rep 25) data={'pos': np.int64(150), 'corr_resp': 'v', 'thisN': 101, 'thisTrialN': 1, 'thisRepN': 25}>
287.3487 	DATA 	Keypress: x
287.3636 	EXP 	fixation: autoDraw = False
287.3636 	EXP 	line1: autoDraw = False
287.3636 	EXP 	line_2: autoDraw = False
287.3636 	EXP 	line_3: autoDraw = False
287.3636 	EXP 	line4: autoDraw = False
287.3636 	EXP 	probe: autoDraw = False
287.3636 	EXP 	fixation: autoDraw = True
287.4137 	EXP 	Device response: <KeyPress from None: t=287.3438000000001, value=x, duration=0.06761639999967883>
288.3464 	EXP 	line1: autoDraw = True
288.3464 	EXP 	line_2: autoDraw = True
288.3464 	EXP 	line_3: autoDraw = True
288.3464 	EXP 	line4: autoDraw = True
288.3633 	EXP 	fixation: autoDraw = False
289.3466 	INFO 	Keyboard events cleared
289.3465 	EXP 	probe: autoDraw = True
290.1318 	DATA 	Keypress: v
290.1474 	EXP 	Device response: <KeyPress from None: t=290.1302341999999, value=v, duration=None>
290.1478 	EXP 	New trial (rep=25, index=2): <Trial 102 (2 in rep 25) data={'pos': np.int64(50), 'corr_resp': 'c', 'thisN': 102, 'thisTrialN': 2, 'thisRepN': 25}>
290.1629 	EXP 	fixation: autoDraw = False
290.1629 	EXP 	line1: autoDraw = False
290.1629 	EXP 	line_2: autoDraw = False
290.1629 	EXP 	line_3: autoDraw = False
290.1629 	EXP 	line4: autoDraw = False
290.1629 	EXP 	probe: autoDraw = False
290.1629 	EXP 	fixation: autoDraw = True
290.2801 	EXP 	Device response: <KeyPress from None: t=290.1302341999999, value=v, duration=0.1464867999998205>
291.1638 	EXP 	fixation: autoDraw = False
291.1638 	EXP 	line1: autoDraw = True
291.1638 	EXP 	line_2: autoDraw = True
291.1638 	EXP 	line_3: autoDraw = True
291.1638 	EXP 	line4: autoDraw = True
292.1636 	INFO 	Keyboard events cleared
292.1634 	EXP 	probe: autoDraw = True
293.0305 	EXP 	Device response: <KeyPress from None: t=293.02995740000006, value=c, duration=None>
293.0310 	EXP 	New trial (rep=25, index=3): <Trial 103 (3 in rep 25) data={'pos': np.int64(-150), 'corr_resp': 'z', 'thisN': 103, 'thisTrialN': 3, 'thisRepN': 25}>
293.0322 	DATA 	Keypress: c
293.0470 	EXP 	fixation: autoDraw = False
293.0470 	EXP 	line1: autoDraw = False
293.0470 	EXP 	line_2: autoDraw = False
293.0470 	EXP 	line_3: autoDraw = False
293.0470 	EXP 	line4: autoDraw = False
293.0470 	EXP 	probe: autoDraw = False
293.0470 	EXP 	fixation: autoDraw = True
293.1134 	EXP 	Device response: <KeyPress from None: t=293.02995740000006, value=c, duration=0.0721214999998665>
294.0301 	EXP 	line1: autoDraw = True
294.0301 	EXP 	line_2: autoDraw = True
294.0301 	EXP 	line_3: autoDraw = True
294.0301 	EXP 	line4: autoDraw = True
294.0465 	EXP 	fixation: autoDraw = False
295.0303 	INFO 	Keyboard events cleared
295.0301 	EXP 	probe: autoDraw = True
295.9140 	EXP 	Device response: <KeyPress from None: t=295.90950459999976, value=z, duration=None>
295.9143 	EXP 	New trial (rep=26, index=0): <Trial 104 (0 in rep 26) data={'pos': np.int64(-50), 'corr_resp': 'x', 'thisN': 104, 'thisTrialN': 0, 'thisRepN': 26}>
295.9155 	DATA 	Keypress: z
295.9305 	EXP 	fixation: autoDraw = False
295.9305 	EXP 	line1: autoDraw = False
295.9305 	EXP 	line_2: autoDraw = False
295.9305 	EXP 	line_3: autoDraw = False
295.9305 	EXP 	line4: autoDraw = False
295.9305 	EXP 	probe: autoDraw = False
295.9305 	EXP 	fixation: autoDraw = True
295.9970 	EXP 	Device response: <KeyPress from None: t=295.90950459999976, value=z, duration=0.07593470000028901>
296.9300 	EXP 	fixation: autoDraw = False
296.9300 	EXP 	line1: autoDraw = True
296.9300 	EXP 	line_2: autoDraw = True
296.9300 	EXP 	line_3: autoDraw = True
296.9300 	EXP 	line4: autoDraw = True
297.9135 	INFO 	Keyboard events cleared
297.9133 	EXP 	probe: autoDraw = True
298.7971 	EXP 	Device response: <KeyPress from None: t=298.7833359000001, value=x, duration=None>
298.7974 	EXP 	New trial (rep=26, index=1): <Trial 105 (1 in rep 26) data={'pos': np.int64(150), 'corr_resp': 'v', 'thisN': 105, 'thisTrialN': 1, 'thisRepN': 26}>
298.7987 	DATA 	Keypress: x
298.8133 	EXP 	fixation: autoDraw = False
298.8133 	EXP 	line1: autoDraw = False
298.8133 	EXP 	line_2: autoDraw = False
298.8133 	EXP 	line_3: autoDraw = False
298.8133 	EXP 	line4: autoDraw = False
298.8133 	EXP 	probe: autoDraw = False
298.8133 	EXP 	fixation: autoDraw = True
298.8635 	EXP 	Device response: <KeyPress from None: t=298.7833359000001, value=x, duration=0.07402239999964877>
299.7965 	EXP 	line1: autoDraw = True
299.7965 	EXP 	line_2: autoDraw = True
299.7965 	EXP 	line_3: autoDraw = True
299.7965 	EXP 	line4: autoDraw = True
299.8133 	EXP 	fixation: autoDraw = False
300.7967 	INFO 	Keyboard events cleared
300.7966 	EXP 	probe: autoDraw = True
301.6802 	EXP 	Device response: <KeyPress from None: t=301.67358379999996, value=v, duration=None>
301.6805 	EXP 	New trial (rep=26, index=2): <Trial 106 (2 in rep 26) data={'pos': np.int64(50), 'corr_resp': 'c', 'thisN': 106, 'thisTrialN': 2, 'thisRepN': 26}>
301.6819 	DATA 	Keypress: v
301.6966 	EXP 	fixation: autoDraw = False
301.6966 	EXP 	line1: autoDraw = False
301.6966 	EXP 	line_2: autoDraw = False
301.6966 	EXP 	line_3: autoDraw = False
301.6966 	EXP 	line4: autoDraw = False
301.6966 	EXP 	probe: autoDraw = False
301.6966 	EXP 	fixation: autoDraw = True
301.7641 	EXP 	Device response: <KeyPress from None: t=301.67358379999996, value=v, duration=0.08976159999974698>
302.6800 	EXP 	line1: autoDraw = True
302.6800 	EXP 	line_2: autoDraw = True
302.6800 	EXP 	line_3: autoDraw = True
302.6800 	EXP 	line4: autoDraw = True
302.6965 	EXP 	fixation: autoDraw = False
303.6798 	INFO 	Keyboard events cleared
303.6797 	EXP 	probe: autoDraw = True
305.3324 	DATA 	Keypress: c
305.3471 	EXP 	Device response: <KeyPress from None: t=305.33105309999974, value=c, duration=None>
305.3476 	EXP 	New trial (rep=26, index=3): <Trial 107 (3 in rep 26) data={'pos': np.int64(-150), 'corr_resp': 'z', 'thisN': 107, 'thisTrialN': 3, 'thisRepN': 26}>
305.3623 	EXP 	fixation: autoDraw = False
305.3623 	EXP 	line1: autoDraw = False
305.3623 	EXP 	line_2: autoDraw = False
305.3623 	EXP 	line_3: autoDraw = False
305.3623 	EXP 	line4: autoDraw = False
305.3623 	EXP 	probe: autoDraw = False
305.3623 	EXP 	fixation: autoDraw = True
305.4638 	EXP 	Device response: <KeyPress from None: t=305.33105309999974, value=c, duration=0.12635790000013003>
306.3466 	EXP 	line1: autoDraw = True
306.3466 	EXP 	line_2: autoDraw = True
306.3466 	EXP 	line_3: autoDraw = True
306.3466 	EXP 	line4: autoDraw = True
306.3635 	EXP 	fixation: autoDraw = False
307.3468 	INFO 	Keyboard events cleared
307.3466 	EXP 	probe: autoDraw = True
308.0805 	EXP 	Device response: <KeyPress from None: t=308.0743177999998, value=z, duration=None>
308.0809 	EXP 	New trial (rep=27, index=0): <Trial 108 (0 in rep 27) data={'pos': np.int64(-50), 'corr_resp': 'x', 'thisN': 108, 'thisTrialN': 0, 'thisRepN': 27}>
308.0827 	DATA 	Keypress: z
308.0968 	EXP 	fixation: autoDraw = False
308.0968 	EXP 	line1: autoDraw = False
308.0968 	EXP 	line_2: autoDraw = False
308.0968 	EXP 	line_3: autoDraw = False
308.0968 	EXP 	line4: autoDraw = False
308.0968 	EXP 	probe: autoDraw = False
308.0968 	EXP 	fixation: autoDraw = True
308.1973 	EXP 	Device response: <KeyPress from None: t=308.0743177999998, value=z, duration=0.12018250000028274>
309.0799 	EXP 	line1: autoDraw = True
309.0799 	EXP 	line_2: autoDraw = True
309.0799 	EXP 	line_3: autoDraw = True
309.0799 	EXP 	line4: autoDraw = True
309.0966 	EXP 	fixation: autoDraw = False
310.0801 	INFO 	Keyboard events cleared
310.0800 	EXP 	probe: autoDraw = True
310.7158 	DATA 	Keypress: x
310.7305 	EXP 	Device response: <KeyPress from None: t=310.71462169999995, value=x, duration=None>
310.7309 	EXP 	New trial (rep=27, index=1): <Trial 109 (1 in rep 27) data={'pos': np.int64(150), 'corr_resp': 'v', 'thisN': 109, 'thisTrialN': 1, 'thisRepN': 27}>
310.7463 	EXP 	fixation: autoDraw = False
310.7463 	EXP 	line1: autoDraw = False
310.7463 	EXP 	line_2: autoDraw = False
310.7463 	EXP 	line_3: autoDraw = False
310.7463 	EXP 	line4: autoDraw = False
310.7463 	EXP 	probe: autoDraw = False
310.7463 	EXP 	fixation: autoDraw = True
310.7981 	EXP 	Device response: <KeyPress from None: t=310.71462169999995, value=x, duration=0.07819079999990208>
311.7299 	EXP 	line1: autoDraw = True
311.7299 	EXP 	line_2: autoDraw = True
311.7299 	EXP 	line_3: autoDraw = True
311.7299 	EXP 	line4: autoDraw = True
311.7466 	EXP 	fixation: autoDraw = False
312.7301 	INFO 	Keyboard events cleared
312.7299 	EXP 	probe: autoDraw = True
313.6822 	DATA 	Keypress: v
313.6972 	EXP 	Device response: <KeyPress from None: t=313.6808126000001, value=v, duration=None>
313.6975 	EXP 	New trial (rep=27, index=2): <Trial 110 (2 in rep 27) data={'pos': np.int64(50), 'corr_resp': 'c', 'thisN': 110, 'thisTrialN': 2, 'thisRepN': 27}>
313.7134 	EXP 	fixation: autoDraw = False
313.7134 	EXP 	line1: autoDraw = False
313.7134 	EXP 	line_2: autoDraw = False
313.7134 	EXP 	line_3: autoDraw = False
313.7134 	EXP 	line4: autoDraw = False
313.7134 	EXP 	probe: autoDraw = False
313.7134 	EXP 	fixation: autoDraw = True
313.7968 	EXP 	Device response: <KeyPress from None: t=313.6808126000001, value=v, duration=0.11308899999994537>
314.6966 	EXP 	line1: autoDraw = True
314.6966 	EXP 	line_2: autoDraw = True
314.6966 	EXP 	line_3: autoDraw = True
314.6966 	EXP 	line4: autoDraw = True
314.7134 	EXP 	fixation: autoDraw = False
315.6968 	INFO 	Keyboard events cleared
315.6967 	EXP 	probe: autoDraw = True
316.6809 	EXP 	Device response: <KeyPress from None: t=316.67460649999975, value=c, duration=None>
316.6812 	EXP 	New trial (rep=27, index=3): <Trial 111 (3 in rep 27) data={'pos': np.int64(-150), 'corr_resp': 'z', 'thisN': 111, 'thisTrialN': 3, 'thisRepN': 27}>
316.6825 	DATA 	Keypress: c
316.6961 	EXP 	fixation: autoDraw = False
316.6961 	EXP 	line1: autoDraw = False
316.6961 	EXP 	line_2: autoDraw = False
316.6961 	EXP 	line_3: autoDraw = False
316.6961 	EXP 	line4: autoDraw = False
316.6961 	EXP 	probe: autoDraw = False
316.6961 	EXP 	fixation: autoDraw = True
316.7641 	EXP 	Device response: <KeyPress from None: t=316.67460649999975, value=c, duration=0.08764289999999164>
317.6967 	EXP 	fixation: autoDraw = False
317.6967 	EXP 	line1: autoDraw = True
317.6967 	EXP 	line_2: autoDraw = True
317.6967 	EXP 	line_3: autoDraw = True
317.6967 	EXP 	line4: autoDraw = True
318.6809 	INFO 	Keyboard events cleared
318.6807 	EXP 	probe: autoDraw = True
319.6637 	EXP 	Device response: <KeyPress from None: t=319.6603193000001, value=z, duration=None>
319.6641 	EXP 	New trial (rep=28, index=0): <Trial 112 (0 in rep 28) data={'pos': np.int64(-50), 'corr_resp': 'x', 'thisN': 112, 'thisTrialN': 0, 'thisRepN': 28}>
319.6654 	DATA 	Keypress: z
319.6801 	EXP 	fixation: autoDraw = False
319.6801 	EXP 	line1: autoDraw = False
319.6801 	EXP 	line_2: autoDraw = False
319.6801 	EXP 	line_3: autoDraw = False
319.6801 	EXP 	line4: autoDraw = False
319.6801 	EXP 	probe: autoDraw = False
319.6801 	EXP 	fixation: autoDraw = True
319.7806 	EXP 	Device response: <KeyPress from None: t=319.6603193000001, value=z, duration=0.1080709999996543>
320.6634 	EXP 	line1: autoDraw = True
320.6634 	EXP 	line_2: autoDraw = True
320.6634 	EXP 	line_3: autoDraw = True
320.6634 	EXP 	line4: autoDraw = True
320.6802 	EXP 	fixation: autoDraw = False
321.6635 	INFO 	Keyboard events cleared
321.6634 	EXP 	probe: autoDraw = True
322.4305 	EXP 	Device response: <KeyPress from None: t=322.42808579999974, value=x, duration=None>
322.4309 	EXP 	New trial (rep=28, index=1): <Trial 113 (1 in rep 28) data={'pos': np.int64(150), 'corr_resp': 'v', 'thisN': 113, 'thisTrialN': 1, 'thisRepN': 28}>
322.4323 	DATA 	Keypress: x
322.4468 	EXP 	fixation: autoDraw = False
322.4468 	EXP 	line1: autoDraw = False
322.4468 	EXP 	line_2: autoDraw = False
322.4468 	EXP 	line_3: autoDraw = False
322.4468 	EXP 	line4: autoDraw = False
322.4468 	EXP 	probe: autoDraw = False
322.4468 	EXP 	fixation: autoDraw = True
322.5305 	EXP 	Device response: <KeyPress from None: t=322.42808579999974, value=x, duration=0.08616060000031212>
323.4302 	EXP 	line1: autoDraw = True
323.4302 	EXP 	line_2: autoDraw = True
323.4302 	EXP 	line_3: autoDraw = True
323.4302 	EXP 	line4: autoDraw = True
323.4466 	EXP 	fixation: autoDraw = False
324.4304 	INFO 	Keyboard events cleared
324.4302 	EXP 	probe: autoDraw = True
326.1142 	EXP 	Device response: <KeyPress from None: t=326.1077636, value=v, duration=None>
326.1146 	EXP 	New trial (rep=28, index=2): <Trial 114 (2 in rep 28) data={'pos': np.int64(50), 'corr_resp': 'c', 'thisN': 114, 'thisTrialN': 2, 'thisRepN': 28}>
326.1159 	DATA 	Keypress: v
326.1299 	EXP 	fixation: autoDraw = False
326.1299 	EXP 	line1: autoDraw = False
326.1299 	EXP 	line_2: autoDraw = False
326.1299 	EXP 	line_3: autoDraw = False
326.1299 	EXP 	line4: autoDraw = False
326.1299 	EXP 	probe: autoDraw = False
326.1299 	EXP 	fixation: autoDraw = True
326.2138 	EXP 	Device response: <KeyPress from None: t=326.1077636, value=v, duration=0.09979840000005424>
327.1299 	EXP 	fixation: autoDraw = False
327.1299 	EXP 	line1: autoDraw = True
327.1299 	EXP 	line_2: autoDraw = True
327.1299 	EXP 	line_3: autoDraw = True
327.1299 	EXP 	line4: autoDraw = True
328.1302 	INFO 	Keyboard events cleared
328.1300 	EXP 	probe: autoDraw = True
329.2154 	DATA 	Keypress: c
329.2306 	EXP 	Device response: <KeyPress from None: t=329.21439569999984, value=c, duration=None>
329.2309 	EXP 	New trial (rep=28, index=3): <Trial 115 (3 in rep 28) data={'pos': np.int64(-150), 'corr_resp': 'z', 'thisN': 115, 'thisTrialN': 3, 'thisRepN': 28}>
329.2471 	EXP 	fixation: autoDraw = False
329.2471 	EXP 	line1: autoDraw = False
329.2471 	EXP 	line_2: autoDraw = False
329.2471 	EXP 	line_3: autoDraw = False
329.2471 	EXP 	line4: autoDraw = False
329.2471 	EXP 	probe: autoDraw = False
329.2471 	EXP 	fixation: autoDraw = True
329.2976 	EXP 	Device response: <KeyPress from None: t=329.21439569999984, value=c, duration=0.06973280000011073>
330.2300 	EXP 	line1: autoDraw = True
330.2300 	EXP 	line_2: autoDraw = True
330.2300 	EXP 	line_3: autoDraw = True
330.2300 	EXP 	line4: autoDraw = True
330.2469 	EXP 	fixation: autoDraw = False
331.2302 	INFO 	Keyboard events cleared
331.2301 	EXP 	probe: autoDraw = True
331.8640 	EXP 	Device response: <KeyPress from None: t=331.8530326, value=z, duration=None>
331.8645 	EXP 	New trial (rep=29, index=0): <Trial 116 (0 in rep 29) data={'pos': np.int64(-50), 'corr_resp': 'x', 'thisN': 116, 'thisTrialN': 0, 'thisRepN': 29}>
331.8664 	DATA 	Keypress: z
331.8805 	EXP 	fixation: autoDraw = False
331.8805 	EXP 	line1: autoDraw = False
331.8805 	EXP 	line_2: autoDraw = False
331.8805 	EXP 	line_3: autoDraw = False
331.8805 	EXP 	line4: autoDraw = False
331.8805 	EXP 	probe: autoDraw = False
331.8805 	EXP 	fixation: autoDraw = True
331.9139 	EXP 	Device response: <KeyPress from None: t=331.8530326, value=z, duration=0.05013879999978599>
332.8637 	EXP 	line1: autoDraw = True
332.8637 	EXP 	line_2: autoDraw = True
332.8637 	EXP 	line_3: autoDraw = True
332.8637 	EXP 	line4: autoDraw = True
332.8800 	EXP 	fixation: autoDraw = False
333.8638 	INFO 	Keyboard events cleared
333.8636 	EXP 	probe: autoDraw = True
334.5140 	EXP 	Device response: <KeyPress from None: t=334.50786289999996, value=x, duration=None>
334.5144 	EXP 	New trial (rep=29, index=1): <Trial 117 (1 in rep 29) data={'pos': np.int64(150), 'corr_resp': 'v', 'thisN': 117, 'thisTrialN': 1, 'thisRepN': 29}>
334.5156 	DATA 	Keypress: x
334.5302 	EXP 	fixation: autoDraw = False
334.5302 	EXP 	line1: autoDraw = False
334.5302 	EXP 	line_2: autoDraw = False
334.5302 	EXP 	line_3: autoDraw = False
334.5302 	EXP 	line4: autoDraw = False
334.5302 	EXP 	probe: autoDraw = False
334.5302 	EXP 	fixation: autoDraw = True
334.5972 	EXP 	Device response: <KeyPress from None: t=334.50786289999996, value=x, duration=0.07901839999976801>
335.5133 	EXP 	line1: autoDraw = True
335.5133 	EXP 	line_2: autoDraw = True
335.5133 	EXP 	line_3: autoDraw = True
335.5133 	EXP 	line4: autoDraw = True
335.5302 	EXP 	fixation: autoDraw = False
336.5303 	INFO 	Keyboard events cleared
336.5301 	EXP 	probe: autoDraw = True
337.4138 	EXP 	Device response: <KeyPress from None: t=337.4108126000001, value=v, duration=None>
337.4141 	EXP 	New trial (rep=29, index=2): <Trial 118 (2 in rep 29) data={'pos': np.int64(50), 'corr_resp': 'c', 'thisN': 118, 'thisTrialN': 2, 'thisRepN': 29}>
337.4153 	DATA 	Keypress: v
337.4300 	EXP 	fixation: autoDraw = False
337.4300 	EXP 	line1: autoDraw = False
337.4300 	EXP 	line_2: autoDraw = False
337.4300 	EXP 	line_3: autoDraw = False
337.4300 	EXP 	line4: autoDraw = False
337.4300 	EXP 	probe: autoDraw = False
337.4300 	EXP 	fixation: autoDraw = True
337.6306 	EXP 	Device response: <KeyPress from None: t=337.4108126000001, value=v, duration=0.21299349999981132>
338.4136 	EXP 	line1: autoDraw = True
338.4136 	EXP 	line_2: autoDraw = True
338.4136 	EXP 	line_3: autoDraw = True
338.4136 	EXP 	line4: autoDraw = True
338.4300 	EXP 	fixation: autoDraw = False
339.4137 	INFO 	Keyboard events cleared
339.4135 	EXP 	probe: autoDraw = True
340.0971 	EXP 	Device response: <KeyPress from None: t=340.08686080000007, value=c, duration=None>
340.0974 	EXP 	New trial (rep=29, index=3): <Trial 119 (3 in rep 29) data={'pos': np.int64(-150), 'corr_resp': 'z', 'thisN': 119, 'thisTrialN': 3, 'thisRepN': 29}>
340.0988 	DATA 	Keypress: c
340.1135 	EXP 	fixation: autoDraw = False
340.1135 	EXP 	line1: autoDraw = False
340.1135 	EXP 	line_2: autoDraw = False
340.1135 	EXP 	line_3: autoDraw = False
340.1135 	EXP 	line4: autoDraw = False
340.1135 	EXP 	probe: autoDraw = False
340.1135 	EXP 	fixation: autoDraw = True
340.1981 	EXP 	Device response: <KeyPress from None: t=340.08686080000007, value=c, duration=0.10566189999963171>
341.0976 	EXP 	line1: autoDraw = True
341.0976 	EXP 	line_2: autoDraw = True
341.0976 	EXP 	line_3: autoDraw = True
341.0976 	EXP 	line4: autoDraw = True
341.1134 	EXP 	fixation: autoDraw = False
342.0969 	INFO 	Keyboard events cleared
342.0968 	EXP 	probe: autoDraw = True
342.9808 	EXP 	Device response: <KeyPress from None: t=342.96633889999976, value=z, duration=None>
342.9812 	EXP 	New trial (rep=30, index=0): <Trial 120 (0 in rep 30) data={'pos': np.int64(-50), 'corr_resp': 'x', 'thisN': 120, 'thisTrialN': 0, 'thisRepN': 30}>
342.9826 	DATA 	Keypress: z
342.9968 	EXP 	fixation: autoDraw = False
342.9968 	EXP 	line1: autoDraw = False
342.9968 	EXP 	line_2: autoDraw = False
342.9968 	EXP 	line_3: autoDraw = False
342.9968 	EXP 	line4: autoDraw = False
342.9968 	EXP 	probe: autoDraw = False
342.9968 	EXP 	fixation: autoDraw = True
343.0976 	EXP 	Device response: <KeyPress from None: t=342.96633889999976, value=z, duration=0.12944450000031793>
343.9801 	EXP 	line1: autoDraw = True
343.9801 	EXP 	line_2: autoDraw = True
343.9801 	EXP 	line_3: autoDraw = True
343.9801 	EXP 	line4: autoDraw = True
343.9967 	EXP 	fixation: autoDraw = False
344.9801 	INFO 	Keyboard events cleared
344.9799 	EXP 	probe: autoDraw = True
345.7637 	EXP 	Device response: <KeyPress from None: t=345.7548732, value=x, duration=None>
345.7641 	EXP 	New trial (rep=30, index=1): <Trial 121 (1 in rep 30) data={'pos': np.int64(150), 'corr_resp': 'v', 'thisN': 121, 'thisTrialN': 1, 'thisRepN': 30}>
345.7653 	DATA 	Keypress: x
345.7802 	EXP 	fixation: autoDraw = False
345.7802 	EXP 	line1: autoDraw = False
345.7802 	EXP 	line_2: autoDraw = False
345.7802 	EXP 	line_3: autoDraw = False
345.7802 	EXP 	line4: autoDraw = False
345.7802 	EXP 	probe: autoDraw = False
345.7802 	EXP 	fixation: autoDraw = True
345.8640 	EXP 	Device response: <KeyPress from None: t=345.7548732, value=x, duration=0.10028800000009142>
346.7638 	EXP 	line1: autoDraw = True
346.7638 	EXP 	line_2: autoDraw = True
346.7638 	EXP 	line_3: autoDraw = True
346.7638 	EXP 	line4: autoDraw = True
346.7801 	EXP 	fixation: autoDraw = False
347.7639 	INFO 	Keyboard events cleared
347.7637 	EXP 	probe: autoDraw = True
348.6472 	EXP 	Device response: <KeyPress from None: t=348.64100129999997, value=v, duration=None>
348.6475 	EXP 	New trial (rep=30, index=2): <Trial 122 (2 in rep 30) data={'pos': np.int64(50), 'corr_resp': 'c', 'thisN': 122, 'thisTrialN': 2, 'thisRepN': 30}>
348.6487 	DATA 	Keypress: v
348.6640 	EXP 	fixation: autoDraw = False
348.6640 	EXP 	line1: autoDraw = False
348.6640 	EXP 	line_2: autoDraw = False
348.6640 	EXP 	line_3: autoDraw = False
348.6640 	EXP 	line4: autoDraw = False
348.6640 	EXP 	probe: autoDraw = False
348.6640 	EXP 	fixation: autoDraw = True
348.6977 	EXP 	Device response: <KeyPress from None: t=348.64100129999997, value=v, duration=0.054039600000123755>
349.6468 	EXP 	line1: autoDraw = True
349.6468 	EXP 	line_2: autoDraw = True
349.6468 	EXP 	line_3: autoDraw = True
349.6468 	EXP 	line4: autoDraw = True
349.6635 	EXP 	fixation: autoDraw = False
350.6470 	INFO 	Keyboard events cleared
350.6468 	EXP 	probe: autoDraw = True
351.4805 	EXP 	Device response: <KeyPress from None: t=351.47280569999975, value=c, duration=None>
351.4808 	EXP 	New trial (rep=30, index=3): <Trial 123 (3 in rep 30) data={'pos': np.int64(-150), 'corr_resp': 'z', 'thisN': 123, 'thisTrialN': 3, 'thisRepN': 30}>
351.4821 	DATA 	Keypress: c
351.4966 	EXP 	fixation: autoDraw = False
351.4966 	EXP 	line1: autoDraw = False
351.4966 	EXP 	line_2: autoDraw = False
351.4966 	EXP 	line_3: autoDraw = False
351.4966 	EXP 	line4: autoDraw = False
351.4966 	EXP 	probe: autoDraw = False
351.4966 	EXP 	fixation: autoDraw = True
351.5308 	EXP 	Device response: <KeyPress from None: t=351.47280569999975, value=c, duration=0.05231180000009772>
352.4802 	EXP 	line1: autoDraw = True
352.4802 	EXP 	line_2: autoDraw = True
352.4802 	EXP 	line_3: autoDraw = True
352.4802 	EXP 	line4: autoDraw = True
352.4967 	EXP 	fixation: autoDraw = False
353.4803 	INFO 	Keyboard events cleared
353.4801 	EXP 	probe: autoDraw = True
354.2973 	EXP 	Device response: <KeyPress from None: t=354.2862276999999, value=z, duration=None>
354.2978 	EXP 	New trial (rep=31, index=0): <Trial 124 (0 in rep 31) data={'pos': np.int64(-50), 'corr_resp': 'x', 'thisN': 124, 'thisTrialN': 0, 'thisRepN': 31}>
354.2992 	DATA 	Keypress: z
354.3134 	EXP 	fixation: autoDraw = False
354.3134 	EXP 	line1: autoDraw = False
354.3134 	EXP 	line_2: autoDraw = False
354.3134 	EXP 	line_3: autoDraw = False
354.3134 	EXP 	line4: autoDraw = False
354.3134 	EXP 	probe: autoDraw = False
354.3134 	EXP 	fixation: autoDraw = True
354.3640 	EXP 	Device response: <KeyPress from None: t=354.2862276999999, value=z, duration=0.06598769999982323>
355.2969 	EXP 	line1: autoDraw = True
355.2969 	EXP 	line_2: autoDraw = True
355.2969 	EXP 	line_3: autoDraw = True
355.2969 	EXP 	line4: autoDraw = True
355.3132 	EXP 	fixation: autoDraw = False
356.2969 	INFO 	Keyboard events cleared
356.2968 	EXP 	probe: autoDraw = True
357.0643 	EXP 	Device response: <KeyPress from None: t=357.05301869999994, value=x, duration=None>
357.0646 	EXP 	New trial (rep=31, index=1): <Trial 125 (1 in rep 31) data={'pos': np.int64(150), 'corr_resp': 'v', 'thisN': 125, 'thisTrialN': 1, 'thisRepN': 31}>
357.0662 	DATA 	Keypress: x
357.0802 	EXP 	fixation: autoDraw = False
357.0802 	EXP 	line1: autoDraw = False
357.0802 	EXP 	line_2: autoDraw = False
357.0802 	EXP 	line_3: autoDraw = False
357.0802 	EXP 	line4: autoDraw = False
357.0802 	EXP 	probe: autoDraw = False
357.0802 	EXP 	fixation: autoDraw = True
357.1304 	EXP 	Device response: <KeyPress from None: t=357.05301869999994, value=x, duration=0.07380179999972825>
358.0636 	EXP 	line1: autoDraw = True
358.0636 	EXP 	line_2: autoDraw = True
358.0636 	EXP 	line_3: autoDraw = True
358.0636 	EXP 	line4: autoDraw = True
358.0802 	EXP 	fixation: autoDraw = False
359.0638 	INFO 	Keyboard events cleared
359.0637 	EXP 	probe: autoDraw = True
359.9641 	EXP 	Device response: <KeyPress from None: t=359.9488002999997, value=v, duration=None>
359.9645 	EXP 	New trial (rep=31, index=2): <Trial 126 (2 in rep 31) data={'pos': np.int64(50), 'corr_resp': 'c', 'thisN': 126, 'thisTrialN': 2, 'thisRepN': 31}>
359.9659 	DATA 	Keypress: v
359.9805 	EXP 	fixation: autoDraw = False
359.9805 	EXP 	line1: autoDraw = False
359.9805 	EXP 	line_2: autoDraw = False
359.9805 	EXP 	line_3: autoDraw = False
359.9805 	EXP 	line4: autoDraw = False
359.9805 	EXP 	probe: autoDraw = False
359.9805 	EXP 	fixation: autoDraw = True
360.1638 	EXP 	Device response: <KeyPress from None: t=359.9488002999997, value=v, duration=0.20796240000026955>
360.9806 	EXP 	fixation: autoDraw = False
360.9806 	EXP 	line1: autoDraw = True
360.9806 	EXP 	line_2: autoDraw = True
360.9806 	EXP 	line_3: autoDraw = True
360.9806 	EXP 	line4: autoDraw = True
361.9638 	INFO 	Keyboard events cleared
361.9636 	EXP 	probe: autoDraw = True
362.8974 	EXP 	Device response: <KeyPress from None: t=362.8851774, value=c, duration=None>
362.8977 	EXP 	New trial (rep=31, index=3): <Trial 127 (3 in rep 31) data={'pos': np.int64(-150), 'corr_resp': 'z', 'thisN': 127, 'thisTrialN': 3, 'thisRepN': 31}>
362.8991 	DATA 	Keypress: c
362.9140 	EXP 	fixation: autoDraw = False
362.9140 	EXP 	line1: autoDraw = False
362.9140 	EXP 	line_2: autoDraw = False
362.9140 	EXP 	line_3: autoDraw = False
362.9140 	EXP 	line4: autoDraw = False
362.9140 	EXP 	probe: autoDraw = False
362.9140 	EXP 	fixation: autoDraw = True
363.0477 	EXP 	Device response: <KeyPress from None: t=362.8851774, value=c, duration=0.15027259999988019>
363.8971 	EXP 	line1: autoDraw = True
363.8971 	EXP 	line_2: autoDraw = True
363.8971 	EXP 	line_3: autoDraw = True
363.8971 	EXP 	line4: autoDraw = True
363.9136 	EXP 	fixation: autoDraw = False
364.8972 	INFO 	Keyboard events cleared
364.8971 	EXP 	probe: autoDraw = True
365.7471 	EXP 	Device response: <KeyPress from None: t=365.73951929999976, value=z, duration=None>
365.7475 	EXP 	New trial (rep=32, index=0): <Trial 128 (0 in rep 32) data={'pos': np.int64(-50), 'corr_resp': 'x', 'thisN': 128, 'thisTrialN': 0, 'thisRepN': 32}>
365.7489 	DATA 	Keypress: z
365.7636 	EXP 	fixation: autoDraw = False
365.7636 	EXP 	line1: autoDraw = False
365.7636 	EXP 	line_2: autoDraw = False
365.7636 	EXP 	line_3: autoDraw = False
365.7636 	EXP 	line4: autoDraw = False
365.7636 	EXP 	probe: autoDraw = False
365.7636 	EXP 	fixation: autoDraw = True
365.8643 	EXP 	Device response: <KeyPress from None: t=365.73951929999976, value=z, duration=0.11699090000001888>
366.7469 	EXP 	line1: autoDraw = True
366.7469 	EXP 	line_2: autoDraw = True
366.7469 	EXP 	line_3: autoDraw = True
366.7469 	EXP 	line4: autoDraw = True
366.7636 	EXP 	fixation: autoDraw = False
367.7471 	INFO 	Keyboard events cleared
367.7469 	EXP 	probe: autoDraw = True
368.4310 	EXP 	Device response: <KeyPress from None: t=368.4264739, value=x, duration=None>
368.4313 	EXP 	New trial (rep=32, index=1): <Trial 129 (1 in rep 32) data={'pos': np.int64(150), 'corr_resp': 'v', 'thisN': 129, 'thisTrialN': 1, 'thisRepN': 32}>
368.4326 	DATA 	Keypress: x
368.4470 	EXP 	fixation: autoDraw = False
368.4470 	EXP 	line1: autoDraw = False
368.4470 	EXP 	line_2: autoDraw = False
368.4470 	EXP 	line_3: autoDraw = False
368.4470 	EXP 	line4: autoDraw = False
368.4470 	EXP 	probe: autoDraw = False
368.4470 	EXP 	fixation: autoDraw = True
368.5301 	EXP 	Device response: <KeyPress from None: t=368.4264739, value=x, duration=0.08977239999967424>
369.4304 	EXP 	line1: autoDraw = True
369.4304 	EXP 	line_2: autoDraw = True
369.4304 	EXP 	line_3: autoDraw = True
369.4304 	EXP 	line4: autoDraw = True
369.4470 	EXP 	fixation: autoDraw = False
370.4305 	INFO 	Keyboard events cleared
370.4303 	EXP 	probe: autoDraw = True
371.2473 	EXP 	Device response: <KeyPress from None: t=371.23864249999997, value=v, duration=None>
371.2477 	EXP 	New trial (rep=32, index=2): <Trial 130 (2 in rep 32) data={'pos': np.int64(50), 'corr_resp': 'c', 'thisN': 130, 'thisTrialN': 2, 'thisRepN': 32}>
371.2491 	DATA 	Keypress: v
371.2640 	EXP 	fixation: autoDraw = False
371.2640 	EXP 	line1: autoDraw = False
371.2640 	EXP 	line_2: autoDraw = False
371.2640 	EXP 	line_3: autoDraw = False
371.2640 	EXP 	line4: autoDraw = False
371.2640 	EXP 	probe: autoDraw = False
371.2640 	EXP 	fixation: autoDraw = True
371.3307 	EXP 	Device response: <KeyPress from None: t=371.23864249999997, value=v, duration=0.08066520000011224>
372.2470 	EXP 	line1: autoDraw = True
372.2470 	EXP 	line_2: autoDraw = True
372.2470 	EXP 	line_3: autoDraw = True
372.2470 	EXP 	line4: autoDraw = True
372.2637 	EXP 	fixation: autoDraw = False
373.2471 	INFO 	Keyboard events cleared
373.2469 	EXP 	probe: autoDraw = True
373.9642 	EXP 	Device response: <KeyPress from None: t=373.9615761, value=c, duration=None>
373.9646 	EXP 	New trial (rep=32, index=3): <Trial 131 (3 in rep 32) data={'pos': np.int64(-150), 'corr_resp': 'z', 'thisN': 131, 'thisTrialN': 3, 'thisRepN': 32}>
373.9660 	DATA 	Keypress: c
373.9804 	EXP 	fixation: autoDraw = False
373.9804 	EXP 	line1: autoDraw = False
373.9804 	EXP 	line_2: autoDraw = False
373.9804 	EXP 	line_3: autoDraw = False
373.9804 	EXP 	line4: autoDraw = False
373.9804 	EXP 	probe: autoDraw = False
373.9804 	EXP 	fixation: autoDraw = True
374.0476 	EXP 	Device response: <KeyPress from None: t=373.9615761, value=c, duration=0.06906200000003082>
374.9636 	EXP 	line1: autoDraw = True
374.9636 	EXP 	line_2: autoDraw = True
374.9636 	EXP 	line_3: autoDraw = True
374.9636 	EXP 	line4: autoDraw = True
374.9803 	EXP 	fixation: autoDraw = False
375.9640 	INFO 	Keyboard events cleared
375.9639 	EXP 	probe: autoDraw = True
377.2142 	EXP 	Device response: <KeyPress from None: t=377.2116702999997, value=z, duration=None>
377.2146 	EXP 	New trial (rep=33, index=0): <Trial 132 (0 in rep 33) data={'pos': np.int64(-50), 'corr_resp': 'x', 'thisN': 132, 'thisTrialN': 0, 'thisRepN': 33}>
377.2159 	DATA 	Keypress: z
377.2305 	EXP 	fixation: autoDraw = False
377.2305 	EXP 	line1: autoDraw = False
377.2305 	EXP 	line_2: autoDraw = False
377.2305 	EXP 	line_3: autoDraw = False
377.2305 	EXP 	line4: autoDraw = False
377.2305 	EXP 	probe: autoDraw = False
377.2305 	EXP 	fixation: autoDraw = True
377.2977 	EXP 	Device response: <KeyPress from None: t=377.2116702999997, value=z, duration=0.0836751000001641>
378.2136 	EXP 	line1: autoDraw = True
378.2136 	EXP 	line_2: autoDraw = True
378.2136 	EXP 	line_3: autoDraw = True
378.2136 	EXP 	line4: autoDraw = True
378.2303 	EXP 	fixation: autoDraw = False
379.2138 	INFO 	Keyboard events cleared
379.2136 	EXP 	probe: autoDraw = True
379.9973 	EXP 	Device response: <KeyPress from None: t=379.99444559999984, value=x, duration=None>
379.9978 	EXP 	New trial (rep=33, index=1): <Trial 133 (1 in rep 33) data={'pos': np.int64(150), 'corr_resp': 'v', 'thisN': 133, 'thisTrialN': 1, 'thisRepN': 33}>
379.9993 	DATA 	Keypress: x
380.0138 	EXP 	fixation: autoDraw = False
380.0138 	EXP 	line1: autoDraw = False
380.0138 	EXP 	line_2: autoDraw = False
380.0138 	EXP 	line_3: autoDraw = False
380.0138 	EXP 	line4: autoDraw = False
380.0138 	EXP 	probe: autoDraw = False
380.0138 	EXP 	fixation: autoDraw = True
380.0644 	EXP 	Device response: <KeyPress from None: t=379.99444559999984, value=x, duration=0.06909110000015062>
380.9970 	EXP 	line1: autoDraw = True
380.9970 	EXP 	line_2: autoDraw = True
380.9970 	EXP 	line_3: autoDraw = True
380.9970 	EXP 	line4: autoDraw = True
381.0137 	EXP 	fixation: autoDraw = False
381.9969 	INFO 	Keyboard events cleared
381.9967 	EXP 	probe: autoDraw = True
382.9325 	DATA 	Keypress: v
382.9471 	EXP 	Device response: <KeyPress from None: t=382.93213209999976, value=v, duration=None>
382.9475 	EXP 	New trial (rep=33, index=2): <Trial 134 (2 in rep 33) data={'pos': np.int64(50), 'corr_resp': 'c', 'thisN': 134, 'thisTrialN': 2, 'thisRepN': 33}>
382.9639 	EXP 	fixation: autoDraw = False
382.9639 	EXP 	line1: autoDraw = False
382.9639 	EXP 	line_2: autoDraw = False
382.9639 	EXP 	line_3: autoDraw = False
382.9639 	EXP 	line4: autoDraw = False
382.9639 	EXP 	probe: autoDraw = False
382.9639 	EXP 	fixation: autoDraw = True
383.0301 	EXP 	Device response: <KeyPress from None: t=382.93213209999976, value=v, duration=0.08299430000033681>
383.9471 	EXP 	line1: autoDraw = True
383.9471 	EXP 	line_2: autoDraw = True
383.9471 	EXP 	line_3: autoDraw = True
383.9471 	EXP 	line4: autoDraw = True
383.9637 	EXP 	fixation: autoDraw = False
384.9473 	INFO 	Keyboard events cleared
384.9471 	EXP 	probe: autoDraw = True
386.6309 	EXP 	Device response: <KeyPress from None: t=386.6222466999998, value=c, duration=None>
386.6312 	EXP 	New trial (rep=33, index=3): <Trial 135 (3 in rep 33) data={'pos': np.int64(-150), 'corr_resp': 'z', 'thisN': 135, 'thisTrialN': 3, 'thisRepN': 33}>
386.6328 	DATA 	Keypress: c
386.6471 	EXP 	fixation: autoDraw = False
386.6471 	EXP 	line1: autoDraw = False
386.6471 	EXP 	line_2: autoDraw = False
386.6471 	EXP 	line_3: autoDraw = False
386.6471 	EXP 	line4: autoDraw = False
386.6471 	EXP 	probe: autoDraw = False
386.6471 	EXP 	fixation: autoDraw = True
386.8475 	EXP 	Device response: <KeyPress from None: t=386.6222466999998, value=c, duration=0.21486700000014025>
387.6304 	EXP 	line1: autoDraw = True
387.6304 	EXP 	line_2: autoDraw = True
387.6304 	EXP 	line_3: autoDraw = True
387.6304 	EXP 	line4: autoDraw = True
387.6471 	EXP 	fixation: autoDraw = False
388.6305 	INFO 	Keyboard events cleared
388.6304 	EXP 	probe: autoDraw = True
389.4826 	DATA 	Keypress: z
389.4977 	EXP 	Device response: <KeyPress from None: t=389.4814358999997, value=z, duration=None>
389.4981 	EXP 	New trial (rep=34, index=0): <Trial 136 (0 in rep 34) data={'pos': np.int64(-50), 'corr_resp': 'x', 'thisN': 136, 'thisTrialN': 0, 'thisRepN': 34}>
389.5136 	EXP 	fixation: autoDraw = False
389.5136 	EXP 	line1: autoDraw = False
389.5136 	EXP 	line_2: autoDraw = False
389.5136 	EXP 	line_3: autoDraw = False
389.5136 	EXP 	line4: autoDraw = False
389.5136 	EXP 	probe: autoDraw = False
389.5136 	EXP 	fixation: autoDraw = True
389.5641 	EXP 	Device response: <KeyPress from None: t=389.4814358999997, value=z, duration=0.06711540000014793>
390.4972 	EXP 	line1: autoDraw = True
390.4972 	EXP 	line_2: autoDraw = True
390.4972 	EXP 	line_3: autoDraw = True
390.4972 	EXP 	line4: autoDraw = True
390.5140 	EXP 	fixation: autoDraw = False
391.4974 	INFO 	Keyboard events cleared
391.4972 	EXP 	probe: autoDraw = True
392.1827 	DATA 	Keypress: x
392.1977 	EXP 	Device response: <KeyPress from None: t=392.1818435, value=x, duration=None>
392.1981 	EXP 	New trial (rep=34, index=1): <Trial 137 (1 in rep 34) data={'pos': np.int64(150), 'corr_resp': 'v', 'thisN': 137, 'thisTrialN': 1, 'thisRepN': 34}>
392.2137 	EXP 	fixation: autoDraw = False
392.2137 	EXP 	line1: autoDraw = False
392.2137 	EXP 	line_2: autoDraw = False
392.2137 	EXP 	line_3: autoDraw = False
392.2137 	EXP 	line4: autoDraw = False
392.2137 	EXP 	probe: autoDraw = False
392.2137 	EXP 	fixation: autoDraw = True
392.2473 	EXP 	Device response: <KeyPress from None: t=392.1818435, value=x, duration=0.0627292999997735>
393.1972 	EXP 	line1: autoDraw = True
393.1972 	EXP 	line_2: autoDraw = True
393.1972 	EXP 	line_3: autoDraw = True
393.1972 	EXP 	line4: autoDraw = True
393.2137 	EXP 	fixation: autoDraw = False
394.1973 	INFO 	Keyboard events cleared
394.1971 	EXP 	probe: autoDraw = True
394.9975 	EXP 	Device response: <KeyPress from None: t=394.9875090999999, value=v, duration=None>
394.9979 	EXP 	New trial (rep=34, index=2): <Trial 138 (2 in rep 34) data={'pos': np.int64(50), 'corr_resp': 'c', 'thisN': 138, 'thisTrialN': 2, 'thisRepN': 34}>
394.9992 	DATA 	Keypress: v
395.0140 	EXP 	fixation: autoDraw = False
395.0140 	EXP 	line1: autoDraw = False
395.0140 	EXP 	line_2: autoDraw = False
395.0140 	EXP 	line_3: autoDraw = False
395.0140 	EXP 	line4: autoDraw = False
395.0140 	EXP 	probe: autoDraw = False
395.0140 	EXP 	fixation: autoDraw = True
395.0979 	EXP 	Device response: <KeyPress from None: t=394.9875090999999, value=v, duration=0.10166939999999158>
395.9971 	EXP 	line1: autoDraw = True
395.9971 	EXP 	line_2: autoDraw = True
395.9971 	EXP 	line_3: autoDraw = True
395.9971 	EXP 	line4: autoDraw = True
396.0136 	EXP 	fixation: autoDraw = False
396.9970 	INFO 	Keyboard events cleared
396.9968 	EXP 	probe: autoDraw = True
397.7813 	EXP 	Device response: <KeyPress from None: t=397.76996329999974, value=c, duration=None>
397.7817 	EXP 	New trial (rep=34, index=3): <Trial 139 (3 in rep 34) data={'pos': np.int64(-150), 'corr_resp': 'z', 'thisN': 139, 'thisTrialN': 3, 'thisRepN': 34}>
397.7832 	DATA 	Keypress: c
397.7972 	EXP 	fixation: autoDraw = False
397.7972 	EXP 	line1: autoDraw = False
397.7972 	EXP 	line_2: autoDraw = False
397.7972 	EXP 	line_3: autoDraw = False
397.7972 	EXP 	line4: autoDraw = False
397.7972 	EXP 	probe: autoDraw = False
397.7972 	EXP 	fixation: autoDraw = True
397.8477 	EXP 	Device response: <KeyPress from None: t=397.76996329999974, value=c, duration=0.06916380000029676>
398.7804 	EXP 	line1: autoDraw = True
398.7804 	EXP 	line_2: autoDraw = True
398.7804 	EXP 	line_3: autoDraw = True
398.7804 	EXP 	line4: autoDraw = True
398.7972 	EXP 	fixation: autoDraw = False
399.7806 	INFO 	Keyboard events cleared
399.7804 	EXP 	probe: autoDraw = True
400.7644 	EXP 	Device response: <KeyPress from None: t=400.7544527, value=z, duration=None>
400.7648 	EXP 	New trial (rep=35, index=0): <Trial 140 (0 in rep 35) data={'pos': np.int64(-50), 'corr_resp': 'x', 'thisN': 140, 'thisTrialN': 0, 'thisRepN': 35}>
400.7662 	DATA 	Keypress: z
400.7804 	EXP 	fixation: autoDraw = False
400.7804 	EXP 	line1: autoDraw = False
400.7804 	EXP 	line_2: autoDraw = False
400.7804 	EXP 	line_3: autoDraw = False
400.7804 	EXP 	line4: autoDraw = False
400.7804 	EXP 	probe: autoDraw = False
400.7804 	EXP 	fixation: autoDraw = True
400.8988 	EXP 	Device response: <KeyPress from None: t=400.7544527, value=z, duration=0.13090729999976247>
401.7639 	EXP 	line1: autoDraw = True
401.7639 	EXP 	line_2: autoDraw = True
401.7639 	EXP 	line_3: autoDraw = True
401.7639 	EXP 	line4: autoDraw = True
401.7804 	EXP 	fixation: autoDraw = False
402.7642 	INFO 	Keyboard events cleared
402.7641 	EXP 	probe: autoDraw = True
403.6310 	EXP 	Device response: <KeyPress from None: t=403.62009839999973, value=x, duration=None>
403.6313 	EXP 	New trial (rep=35, index=1): <Trial 141 (1 in rep 35) data={'pos': np.int64(150), 'corr_resp': 'v', 'thisN': 141, 'thisTrialN': 1, 'thisRepN': 35}>
403.6327 	DATA 	Keypress: x
403.6472 	EXP 	fixation: autoDraw = False
403.6472 	EXP 	line1: autoDraw = False
403.6472 	EXP 	line_2: autoDraw = False
403.6472 	EXP 	line_3: autoDraw = False
403.6472 	EXP 	line4: autoDraw = False
403.6472 	EXP 	probe: autoDraw = False
403.6472 	EXP 	fixation: autoDraw = True
403.7144 	EXP 	Device response: <KeyPress from None: t=403.62009839999973, value=x, duration=0.0849542000000838>
404.6305 	EXP 	line1: autoDraw = True
404.6305 	EXP 	line_2: autoDraw = True
404.6305 	EXP 	line_3: autoDraw = True
404.6305 	EXP 	line4: autoDraw = True
404.6471 	EXP 	fixation: autoDraw = False
405.6306 	INFO 	Keyboard events cleared
405.6304 	EXP 	probe: autoDraw = True
406.4809 	EXP 	Device response: <KeyPress from None: t=406.4673364, value=v, duration=None>
406.4813 	EXP 	New trial (rep=35, index=2): <Trial 142 (2 in rep 35) data={'pos': np.int64(50), 'corr_resp': 'c', 'thisN': 142, 'thisTrialN': 2, 'thisRepN': 35}>
406.4825 	DATA 	Keypress: v
406.4974 	EXP 	fixation: autoDraw = False
406.4974 	EXP 	line1: autoDraw = False
406.4974 	EXP 	line_2: autoDraw = False
406.4974 	EXP 	line_3: autoDraw = False
406.4974 	EXP 	line4: autoDraw = False
406.4974 	EXP 	probe: autoDraw = False
406.4974 	EXP 	fixation: autoDraw = True
406.5478 	EXP 	Device response: <KeyPress from None: t=406.4673364, value=v, duration=0.07823519999965356>
407.4805 	EXP 	line1: autoDraw = True
407.4805 	EXP 	line_2: autoDraw = True
407.4805 	EXP 	line_3: autoDraw = True
407.4805 	EXP 	line4: autoDraw = True
407.4973 	EXP 	fixation: autoDraw = False
408.4806 	INFO 	Keyboard events cleared
408.4804 	EXP 	probe: autoDraw = True
409.2311 	EXP 	Device response: <KeyPress from None: t=409.2206391999998, value=c, duration=None>
409.2316 	EXP 	New trial (rep=35, index=3): <Trial 143 (3 in rep 35) data={'pos': np.int64(-150), 'corr_resp': 'z', 'thisN': 143, 'thisTrialN': 3, 'thisRepN': 35}>
409.2329 	DATA 	Keypress: c
409.2471 	EXP 	fixation: autoDraw = False
409.2471 	EXP 	line1: autoDraw = False
409.2471 	EXP 	line_2: autoDraw = False
409.2471 	EXP 	line_3: autoDraw = False
409.2471 	EXP 	line4: autoDraw = False
409.2471 	EXP 	probe: autoDraw = False
409.2471 	EXP 	fixation: autoDraw = True
409.3307 	EXP 	Device response: <KeyPress from None: t=409.2206391999998, value=c, duration=0.10196040000028006>
410.2302 	EXP 	line1: autoDraw = True
410.2302 	EXP 	line_2: autoDraw = True
410.2302 	EXP 	line_3: autoDraw = True
410.2302 	EXP 	line4: autoDraw = True
410.2474 	EXP 	fixation: autoDraw = False
411.2474 	INFO 	Keyboard events cleared
411.2473 	EXP 	probe: autoDraw = True
412.1144 	EXP 	Device response: <KeyPress from None: t=412.11145179999994, value=z, duration=None>
412.1147 	EXP 	New trial (rep=36, index=0): <Trial 144 (0 in rep 36) data={'pos': np.int64(-50), 'corr_resp': 'x', 'thisN': 144, 'thisTrialN': 0, 'thisRepN': 36}>
412.1162 	DATA 	Keypress: z
412.1309 	EXP 	fixation: autoDraw = False
412.1309 	EXP 	line1: autoDraw = False
412.1309 	EXP 	line_2: autoDraw = False
412.1309 	EXP 	line_3: autoDraw = False
412.1309 	EXP 	line4: autoDraw = False
412.1309 	EXP 	probe: autoDraw = False
412.1309 	EXP 	fixation: autoDraw = True
412.2144 	EXP 	Device response: <KeyPress from None: t=412.11145179999994, value=z, duration=0.09237129999974059>
413.1138 	EXP 	line1: autoDraw = True
413.1138 	EXP 	line_2: autoDraw = True
413.1138 	EXP 	line_3: autoDraw = True
413.1138 	EXP 	line4: autoDraw = True
413.1305 	EXP 	fixation: autoDraw = False
414.1140 	INFO 	Keyboard events cleared
414.1138 	EXP 	probe: autoDraw = True
414.8995 	DATA 	Keypress: x
414.9144 	EXP 	Device response: <KeyPress from None: t=414.8983740999997, value=x, duration=None>
414.9148 	EXP 	New trial (rep=36, index=1): <Trial 145 (1 in rep 36) data={'pos': np.int64(150), 'corr_resp': 'v', 'thisN': 145, 'thisTrialN': 1, 'thisRepN': 36}>
414.9306 	EXP 	fixation: autoDraw = False
414.9306 	EXP 	line1: autoDraw = False
414.9306 	EXP 	line_2: autoDraw = False
414.9306 	EXP 	line_3: autoDraw = False
414.9306 	EXP 	line4: autoDraw = False
414.9306 	EXP 	probe: autoDraw = False
414.9306 	EXP 	fixation: autoDraw = True
414.9808 	EXP 	Device response: <KeyPress from None: t=414.8983740999997, value=x, duration=0.07980610000004162>
415.9138 	EXP 	line1: autoDraw = True
415.9138 	EXP 	line_2: autoDraw = True
415.9138 	EXP 	line_3: autoDraw = True
415.9138 	EXP 	line4: autoDraw = True
415.9304 	EXP 	fixation: autoDraw = False
416.9140 	INFO 	Keyboard events cleared
416.9138 	EXP 	probe: autoDraw = True
417.7819 	EXP 	Device response: <KeyPress from None: t=417.7748246000001, value=v, duration=None>
417.7823 	EXP 	New trial (rep=36, index=2): <Trial 146 (2 in rep 36) data={'pos': np.int64(50), 'corr_resp': 'c', 'thisN': 146, 'thisTrialN': 2, 'thisRepN': 36}>
417.7836 	DATA 	Keypress: v
417.7970 	EXP 	fixation: autoDraw = False
417.7970 	EXP 	line1: autoDraw = False
417.7970 	EXP 	line_2: autoDraw = False
417.7970 	EXP 	line_3: autoDraw = False
417.7970 	EXP 	line4: autoDraw = False
417.7970 	EXP 	probe: autoDraw = False
417.7970 	EXP 	fixation: autoDraw = True
417.8313 	EXP 	Device response: <KeyPress from None: t=417.7748246000001, value=v, duration=0.053770199999689794>
418.7975 	EXP 	fixation: autoDraw = False
418.7975 	EXP 	line1: autoDraw = True
418.7975 	EXP 	line_2: autoDraw = True
418.7975 	EXP 	line_3: autoDraw = True
418.7975 	EXP 	line4: autoDraw = True
419.7972 	INFO 	Keyboard events cleared
419.7970 	EXP 	probe: autoDraw = True
421.1646 	EXP 	Device response: <KeyPress from None: t=421.1581613999997, value=c, duration=None>
421.1650 	EXP 	New trial (rep=36, index=3): <Trial 147 (3 in rep 36) data={'pos': np.int64(-150), 'corr_resp': 'z', 'thisN': 147, 'thisTrialN': 3, 'thisRepN': 36}>
421.1663 	DATA 	Keypress: c
421.1807 	EXP 	fixation: autoDraw = False
421.1807 	EXP 	line1: autoDraw = False
421.1807 	EXP 	line_2: autoDraw = False
421.1807 	EXP 	line_3: autoDraw = False
421.1807 	EXP 	line4: autoDraw = False
421.1807 	EXP 	probe: autoDraw = False
421.1807 	EXP 	fixation: autoDraw = True
421.3485 	EXP 	Device response: <KeyPress from None: t=421.1581613999997, value=c, duration=0.18397920000006707>
422.1635 	EXP 	line1: autoDraw = True
422.1635 	EXP 	line_2: autoDraw = True
422.1635 	EXP 	line_3: autoDraw = True
422.1635 	EXP 	line4: autoDraw = True
422.1804 	EXP 	fixation: autoDraw = False
423.1807 	INFO 	Keyboard events cleared
423.1805 	EXP 	probe: autoDraw = True
423.9979 	EXP 	Device response: <KeyPress from None: t=423.99005009999973, value=z, duration=None>
423.9983 	EXP 	New trial (rep=37, index=0): <Trial 148 (0 in rep 37) data={'pos': np.int64(-50), 'corr_resp': 'x', 'thisN': 148, 'thisTrialN': 0, 'thisRepN': 37}>
423.9997 	DATA 	Keypress: z
424.0140 	EXP 	fixation: autoDraw = False
424.0140 	EXP 	line1: autoDraw = False
424.0140 	EXP 	line_2: autoDraw = False
424.0140 	EXP 	line_3: autoDraw = False
424.0140 	EXP 	line4: autoDraw = False
424.0140 	EXP 	probe: autoDraw = False
424.0140 	EXP 	fixation: autoDraw = True
424.0813 	EXP 	Device response: <KeyPress from None: t=423.99005009999973, value=z, duration=0.09001030000035826>
424.9974 	EXP 	line1: autoDraw = True
424.9974 	EXP 	line_2: autoDraw = True
424.9974 	EXP 	line_3: autoDraw = True
424.9974 	EXP 	line4: autoDraw = True
425.0141 	EXP 	fixation: autoDraw = False
425.9975 	INFO 	Keyboard events cleared
425.9973 	EXP 	probe: autoDraw = True
427.9810 	EXP 	Device response: <KeyPress from None: t=427.9720769999999, value=x, duration=None>
427.9814 	EXP 	New trial (rep=37, index=1): <Trial 149 (1 in rep 37) data={'pos': np.int64(150), 'corr_resp': 'v', 'thisN': 149, 'thisTrialN': 1, 'thisRepN': 37}>
427.9826 	DATA 	Keypress: x
427.9973 	EXP 	fixation: autoDraw = False
427.9973 	EXP 	line1: autoDraw = False
427.9973 	EXP 	line_2: autoDraw = False
427.9973 	EXP 	line_3: autoDraw = False
427.9973 	EXP 	line4: autoDraw = False
427.9973 	EXP 	probe: autoDraw = False
427.9973 	EXP 	fixation: autoDraw = True
428.0643 	EXP 	Device response: <KeyPress from None: t=427.9720769999999, value=x, duration=0.08913910000001124>
428.9804 	EXP 	line1: autoDraw = True
428.9804 	EXP 	line_2: autoDraw = True
428.9804 	EXP 	line_3: autoDraw = True
428.9804 	EXP 	line4: autoDraw = True
428.9972 	EXP 	fixation: autoDraw = False
429.9807 	INFO 	Keyboard events cleared
429.9805 	EXP 	probe: autoDraw = True
430.7473 	EXP 	Device response: <KeyPress from None: t=430.7340193, value=v, duration=None>
430.7477 	EXP 	New trial (rep=37, index=2): <Trial 150 (2 in rep 37) data={'pos': np.int64(50), 'corr_resp': 'c', 'thisN': 150, 'thisTrialN': 2, 'thisRepN': 37}>
430.7491 	DATA 	Keypress: v
430.7639 	EXP 	fixation: autoDraw = False
430.7639 	EXP 	line1: autoDraw = False
430.7639 	EXP 	line_2: autoDraw = False
430.7639 	EXP 	line_3: autoDraw = False
430.7639 	EXP 	line4: autoDraw = False
430.7639 	EXP 	probe: autoDraw = False
430.7639 	EXP 	fixation: autoDraw = True
430.8312 	EXP 	Device response: <KeyPress from None: t=430.7340193, value=v, duration=0.08551170000009733>
431.7473 	EXP 	line1: autoDraw = True
431.7473 	EXP 	line_2: autoDraw = True
431.7473 	EXP 	line_3: autoDraw = True
431.7473 	EXP 	line4: autoDraw = True
431.7637 	EXP 	fixation: autoDraw = False
432.7474 	INFO 	Keyboard events cleared
432.7473 	EXP 	probe: autoDraw = True
434.0311 	EXP 	Device response: <KeyPress from None: t=434.0171673, value=c, duration=None>
434.0315 	EXP 	New trial (rep=37, index=3): <Trial 151 (3 in rep 37) data={'pos': np.int64(-150), 'corr_resp': 'z', 'thisN': 151, 'thisTrialN': 3, 'thisRepN': 37}>
434.0329 	DATA 	Keypress: c
434.0473 	EXP 	fixation: autoDraw = False
434.0473 	EXP 	line1: autoDraw = False
434.0473 	EXP 	line_2: autoDraw = False
434.0473 	EXP 	line_3: autoDraw = False
434.0473 	EXP 	line4: autoDraw = False
434.0473 	EXP 	probe: autoDraw = False
434.0473 	EXP 	fixation: autoDraw = True
434.0814 	EXP 	Device response: <KeyPress from None: t=434.0171673, value=c, duration=0.0615551000000778>
435.0309 	EXP 	line1: autoDraw = True
435.0309 	EXP 	line_2: autoDraw = True
435.0309 	EXP 	line_3: autoDraw = True
435.0309 	EXP 	line4: autoDraw = True
435.0473 	EXP 	fixation: autoDraw = False
436.0308 	INFO 	Keyboard events cleared
436.0306 	EXP 	probe: autoDraw = True
437.2653 	EXP 	Device response: <KeyPress from None: t=437.2601990999997, value=z, duration=None>
437.2657 	EXP 	New trial (rep=38, index=0): <Trial 152 (0 in rep 38) data={'pos': np.int64(-50), 'corr_resp': 'x', 'thisN': 152, 'thisTrialN': 0, 'thisRepN': 38}>
437.2670 	DATA 	Keypress: z
437.2804 	EXP 	fixation: autoDraw = False
437.2804 	EXP 	line1: autoDraw = False
437.2804 	EXP 	line_2: autoDraw = False
437.2804 	EXP 	line_3: autoDraw = False
437.2804 	EXP 	line4: autoDraw = False
437.2804 	EXP 	probe: autoDraw = False
437.2804 	EXP 	fixation: autoDraw = True
437.3648 	EXP 	Device response: <KeyPress from None: t=437.2601990999997, value=z, duration=0.09831760000042777>
438.2804 	EXP 	fixation: autoDraw = False
438.2804 	EXP 	line1: autoDraw = True
438.2804 	EXP 	line_2: autoDraw = True
438.2804 	EXP 	line_3: autoDraw = True
438.2804 	EXP 	line4: autoDraw = True
439.2814 	INFO 	Keyboard events cleared
439.2812 	EXP 	probe: autoDraw = True
440.2812 	EXP 	Device response: <KeyPress from None: t=440.2784466999997, value=x, duration=None>
440.2815 	EXP 	New trial (rep=38, index=1): <Trial 153 (1 in rep 38) data={'pos': np.int64(150), 'corr_resp': 'v', 'thisN': 153, 'thisTrialN': 1, 'thisRepN': 38}>
440.2829 	DATA 	Keypress: x
440.2975 	EXP 	fixation: autoDraw = False
440.2975 	EXP 	line1: autoDraw = False
440.2975 	EXP 	line_2: autoDraw = False
440.2975 	EXP 	line_3: autoDraw = False
440.2975 	EXP 	line4: autoDraw = False
440.2975 	EXP 	probe: autoDraw = False
440.2975 	EXP 	fixation: autoDraw = True
440.3813 	EXP 	Device response: <KeyPress from None: t=440.2784466999997, value=x, duration=0.09974190000002636>
441.2808 	EXP 	line1: autoDraw = True
441.2808 	EXP 	line_2: autoDraw = True
441.2808 	EXP 	line_3: autoDraw = True
441.2808 	EXP 	line4: autoDraw = True
441.2973 	EXP 	fixation: autoDraw = False
442.2809 	INFO 	Keyboard events cleared
442.2807 	EXP 	probe: autoDraw = True
443.2812 	EXP 	Device response: <KeyPress from None: t=443.26637119999987, value=v, duration=None>
443.2815 	EXP 	New trial (rep=38, index=2): <Trial 154 (2 in rep 38) data={'pos': np.int64(50), 'corr_resp': 'c', 'thisN': 154, 'thisTrialN': 2, 'thisRepN': 38}>
443.2827 	DATA 	Keypress: v
443.2974 	EXP 	fixation: autoDraw = False
443.2974 	EXP 	line1: autoDraw = False
443.2974 	EXP 	line_2: autoDraw = False
443.2974 	EXP 	line_3: autoDraw = False
443.2974 	EXP 	line4: autoDraw = False
443.2974 	EXP 	probe: autoDraw = False
443.2974 	EXP 	fixation: autoDraw = True
443.3479 	EXP 	Device response: <KeyPress from None: t=443.26637119999987, value=v, duration=0.07339779999983875>
444.2807 	EXP 	line1: autoDraw = True
444.2807 	EXP 	line_2: autoDraw = True
444.2807 	EXP 	line_3: autoDraw = True
444.2807 	EXP 	line4: autoDraw = True
444.2971 	EXP 	fixation: autoDraw = False
445.2808 	INFO 	Keyboard events cleared
445.2806 	EXP 	probe: autoDraw = True
446.2160 	DATA 	Keypress: c
446.2305 	EXP 	Device response: <KeyPress from None: t=446.2141517, value=c, duration=None>
446.2309 	EXP 	New trial (rep=38, index=3): <Trial 155 (3 in rep 38) data={'pos': np.int64(-150), 'corr_resp': 'z', 'thisN': 155, 'thisTrialN': 3, 'thisRepN': 38}>
446.2476 	EXP 	fixation: autoDraw = False
446.2476 	EXP 	line1: autoDraw = False
446.2476 	EXP 	line_2: autoDraw = False
446.2476 	EXP 	line_3: autoDraw = False
446.2476 	EXP 	line4: autoDraw = False
446.2476 	EXP 	probe: autoDraw = False
446.2476 	EXP 	fixation: autoDraw = True
446.2803 	EXP 	Device response: <KeyPress from None: t=446.2141517, value=c, duration=0.05697830000008253>
447.2307 	EXP 	line1: autoDraw = True
447.2307 	EXP 	line_2: autoDraw = True
447.2307 	EXP 	line_3: autoDraw = True
447.2307 	EXP 	line4: autoDraw = True
447.2474 	EXP 	fixation: autoDraw = False
448.2309 	INFO 	Keyboard events cleared
448.2307 	EXP 	probe: autoDraw = True
449.1145 	EXP 	Device response: <KeyPress from None: t=449.1020074999997, value=z, duration=None>
449.1149 	EXP 	New trial (rep=39, index=0): <Trial 156 (0 in rep 39) data={'pos': np.int64(-50), 'corr_resp': 'x', 'thisN': 156, 'thisTrialN': 0, 'thisRepN': 39}>
449.1163 	DATA 	Keypress: z
449.1308 	EXP 	fixation: autoDraw = False
449.1308 	EXP 	line1: autoDraw = False
449.1308 	EXP 	line_2: autoDraw = False
449.1308 	EXP 	line_3: autoDraw = False
449.1308 	EXP 	line4: autoDraw = False
449.1308 	EXP 	probe: autoDraw = False
449.1308 	EXP 	fixation: autoDraw = True
449.1646 	EXP 	Device response: <KeyPress from None: t=449.1020074999997, value=z, duration=0.04700990000037564>
450.1140 	EXP 	line1: autoDraw = True
450.1140 	EXP 	line_2: autoDraw = True
450.1140 	EXP 	line_3: autoDraw = True
450.1140 	EXP 	line4: autoDraw = True
450.1307 	EXP 	fixation: autoDraw = False
451.1142 	INFO 	Keyboard events cleared
451.1140 	EXP 	probe: autoDraw = True
452.0476 	EXP 	Device response: <KeyPress from None: t=452.04520550000007, value=x, duration=None>
452.0480 	EXP 	New trial (rep=39, index=1): <Trial 157 (1 in rep 39) data={'pos': np.int64(150), 'corr_resp': 'v', 'thisN': 157, 'thisTrialN': 1, 'thisRepN': 39}>
452.0495 	DATA 	Keypress: x
452.0644 	EXP 	fixation: autoDraw = False
452.0644 	EXP 	line1: autoDraw = False
452.0644 	EXP 	line_2: autoDraw = False
452.0644 	EXP 	line_3: autoDraw = False
452.0644 	EXP 	line4: autoDraw = False
452.0644 	EXP 	probe: autoDraw = False
452.0644 	EXP 	fixation: autoDraw = True
452.1479 	EXP 	Device response: <KeyPress from None: t=452.04520550000007, value=x, duration=0.08676079999986541>
453.0472 	EXP 	line1: autoDraw = True
453.0472 	EXP 	line_2: autoDraw = True
453.0472 	EXP 	line_3: autoDraw = True
453.0472 	EXP 	line4: autoDraw = True
453.0645 	EXP 	fixation: autoDraw = False
454.0472 	INFO 	Keyboard events cleared
454.0471 	EXP 	probe: autoDraw = True
454.8655 	EXP 	Device response: <KeyPress from None: t=454.8496704999998, value=v, duration=None>
454.8659 	EXP 	New trial (rep=39, index=2): <Trial 158 (2 in rep 39) data={'pos': np.int64(50), 'corr_resp': 'c', 'thisN': 158, 'thisTrialN': 2, 'thisRepN': 39}>
454.8673 	DATA 	Keypress: v
454.8806 	EXP 	fixation: autoDraw = False
454.8806 	EXP 	line1: autoDraw = False
454.8806 	EXP 	line_2: autoDraw = False
454.8806 	EXP 	line_3: autoDraw = False
454.8806 	EXP 	line4: autoDraw = False
454.8806 	EXP 	probe: autoDraw = False
454.8806 	EXP 	fixation: autoDraw = True
454.8978 	EXP 	Device response: <KeyPress from None: t=454.8496704999998, value=v, duration=0.045394600000236096>
455.8805 	EXP 	fixation: autoDraw = False
455.8805 	EXP 	line1: autoDraw = True
455.8805 	EXP 	line_2: autoDraw = True
455.8805 	EXP 	line_3: autoDraw = True
455.8805 	EXP 	line4: autoDraw = True
456.8812 	INFO 	Keyboard events cleared
456.8810 	EXP 	probe: autoDraw = True
458.1147 	EXP 	Device response: <KeyPress from None: t=458.10885740000003, value=c, duration=None>
458.1150 	EXP 	New trial (rep=39, index=3): <Trial 159 (3 in rep 39) data={'pos': np.int64(-150), 'corr_resp': 'z', 'thisN': 159, 'thisTrialN': 3, 'thisRepN': 39}>
458.1163 	DATA 	Keypress: c
458.1307 	EXP 	fixation: autoDraw = False
458.1307 	EXP 	line1: autoDraw = False
458.1307 	EXP 	line_2: autoDraw = False
458.1307 	EXP 	line_3: autoDraw = False
458.1307 	EXP 	line4: autoDraw = False
458.1307 	EXP 	probe: autoDraw = False
458.1307 	EXP 	fixation: autoDraw = True
458.2322 	EXP 	Device response: <KeyPress from None: t=458.10885740000003, value=c, duration=0.11070159999962925>
459.1140 	EXP 	line1: autoDraw = True
459.1140 	EXP 	line_2: autoDraw = True
459.1140 	EXP 	line_3: autoDraw = True
459.1140 	EXP 	line4: autoDraw = True
459.1309 	EXP 	fixation: autoDraw = False
460.1309 	INFO 	Keyboard events cleared
460.1308 	EXP 	probe: autoDraw = True
460.9478 	EXP 	Device response: <KeyPress from None: t=460.93798879999986, value=z, duration=None>
460.9483 	EXP 	New trial (rep=40, index=0): <Trial 160 (0 in rep 40) data={'pos': np.int64(-50), 'corr_resp': 'x', 'thisN': 160, 'thisTrialN': 0, 'thisRepN': 40}>
460.9497 	DATA 	Keypress: z
460.9642 	EXP 	fixation: autoDraw = False
460.9642 	EXP 	line1: autoDraw = False
460.9642 	EXP 	line_2: autoDraw = False
460.9642 	EXP 	line_3: autoDraw = False
460.9642 	EXP 	line4: autoDraw = False
460.9642 	EXP 	probe: autoDraw = False
460.9642 	EXP 	fixation: autoDraw = True
461.0148 	EXP 	Device response: <KeyPress from None: t=460.93798879999986, value=z, duration=0.0680981000000429>
461.9480 	EXP 	line1: autoDraw = True
461.9480 	EXP 	line_2: autoDraw = True
461.9480 	EXP 	line_3: autoDraw = True
461.9480 	EXP 	line4: autoDraw = True
461.9642 	EXP 	fixation: autoDraw = False
462.9473 	INFO 	Keyboard events cleared
462.9471 	EXP 	probe: autoDraw = True
463.7644 	EXP 	Device response: <KeyPress from None: t=463.7577819999997, value=x, duration=None>
463.7647 	EXP 	New trial (rep=40, index=1): <Trial 161 (1 in rep 40) data={'pos': np.int64(150), 'corr_resp': 'v', 'thisN': 161, 'thisTrialN': 1, 'thisRepN': 40}>
463.7659 	DATA 	Keypress: x
463.7812 	EXP 	fixation: autoDraw = False
463.7812 	EXP 	line1: autoDraw = False
463.7812 	EXP 	line_2: autoDraw = False
463.7812 	EXP 	line_3: autoDraw = False
463.7812 	EXP 	line4: autoDraw = False
463.7812 	EXP 	probe: autoDraw = False
463.7812 	EXP 	fixation: autoDraw = True
463.8312 	EXP 	Device response: <KeyPress from None: t=463.7577819999997, value=x, duration=0.06351320000021587>
464.7641 	EXP 	line1: autoDraw = True
464.7641 	EXP 	line_2: autoDraw = True
464.7641 	EXP 	line_3: autoDraw = True
464.7641 	EXP 	line4: autoDraw = True
464.7810 	EXP 	fixation: autoDraw = False
465.7642 	INFO 	Keyboard events cleared
465.7641 	EXP 	probe: autoDraw = True
466.7815 	EXP 	Device response: <KeyPress from None: t=466.7770507, value=v, duration=None>
466.7818 	EXP 	New trial (rep=40, index=2): <Trial 162 (2 in rep 40) data={'pos': np.int64(50), 'corr_resp': 'c', 'thisN': 162, 'thisTrialN': 2, 'thisRepN': 40}>
466.7833 	DATA 	Keypress: v
466.7974 	EXP 	fixation: autoDraw = False
466.7974 	EXP 	line1: autoDraw = False
466.7974 	EXP 	line_2: autoDraw = False
466.7974 	EXP 	line_3: autoDraw = False
466.7974 	EXP 	line4: autoDraw = False
466.7974 	EXP 	probe: autoDraw = False
466.7974 	EXP 	fixation: autoDraw = True
466.8809 	EXP 	Device response: <KeyPress from None: t=466.7770507, value=v, duration=0.08939959999997882>
467.7808 	EXP 	line1: autoDraw = True
467.7808 	EXP 	line_2: autoDraw = True
467.7808 	EXP 	line_3: autoDraw = True
467.7808 	EXP 	line4: autoDraw = True
467.7975 	EXP 	fixation: autoDraw = False
468.7808 	INFO 	Keyboard events cleared
468.7807 	EXP 	probe: autoDraw = True
469.9317 	EXP 	Device response: <KeyPress from None: t=469.9306308, value=c, duration=None>
469.9321 	EXP 	New trial (rep=40, index=3): <Trial 163 (3 in rep 40) data={'pos': np.int64(-150), 'corr_resp': 'z', 'thisN': 163, 'thisTrialN': 3, 'thisRepN': 40}>
469.9334 	DATA 	Keypress: c
469.9476 	EXP 	fixation: autoDraw = False
469.9476 	EXP 	line1: autoDraw = False
469.9476 	EXP 	line_2: autoDraw = False
469.9476 	EXP 	line_3: autoDraw = False
469.9476 	EXP 	line4: autoDraw = False
469.9476 	EXP 	probe: autoDraw = False
469.9476 	EXP 	fixation: autoDraw = True
470.0143 	EXP 	Device response: <KeyPress from None: t=469.9306308, value=c, duration=0.07301430000006803>
470.9476 	EXP 	fixation: autoDraw = False
470.9476 	EXP 	line1: autoDraw = True
470.9476 	EXP 	line_2: autoDraw = True
470.9476 	EXP 	line_3: autoDraw = True
470.9476 	EXP 	line4: autoDraw = True
471.9309 	INFO 	Keyboard events cleared
471.9308 	EXP 	probe: autoDraw = True
472.9645 	EXP 	Device response: <KeyPress from None: t=472.94999830000006, value=z, duration=None>
472.9648 	EXP 	New trial (rep=41, index=0): <Trial 164 (0 in rep 41) data={'pos': np.int64(-50), 'corr_resp': 'x', 'thisN': 164, 'thisTrialN': 0, 'thisRepN': 41}>
472.9663 	DATA 	Keypress: z
472.9810 	EXP 	fixation: autoDraw = False
472.9810 	EXP 	line1: autoDraw = False
472.9810 	EXP 	line_2: autoDraw = False
472.9810 	EXP 	line_3: autoDraw = False
472.9810 	EXP 	line4: autoDraw = False
472.9810 	EXP 	probe: autoDraw = False
472.9810 	EXP 	fixation: autoDraw = True
473.0813 	EXP 	Device response: <KeyPress from None: t=472.94999830000006, value=z, duration=0.12026659999992262>
473.9641 	EXP 	line1: autoDraw = True
473.9641 	EXP 	line_2: autoDraw = True
473.9641 	EXP 	line_3: autoDraw = True
473.9641 	EXP 	line4: autoDraw = True
473.9814 	EXP 	fixation: autoDraw = False
474.9644 	INFO 	Keyboard events cleared
474.9642 	EXP 	probe: autoDraw = True
476.0480 	EXP 	Device response: <KeyPress from None: t=476.0391703, value=x, duration=None>
476.0484 	EXP 	New trial (rep=41, index=1): <Trial 165 (1 in rep 41) data={'pos': np.int64(150), 'corr_resp': 'v', 'thisN': 165, 'thisTrialN': 1, 'thisRepN': 41}>
476.0497 	DATA 	Keypress: x
476.0639 	EXP 	fixation: autoDraw = False
476.0639 	EXP 	line1: autoDraw = False
476.0639 	EXP 	line_2: autoDraw = False
476.0639 	EXP 	line_3: autoDraw = False
476.0639 	EXP 	line4: autoDraw = False
476.0639 	EXP 	probe: autoDraw = False
476.0639 	EXP 	fixation: autoDraw = True
476.1315 	EXP 	Device response: <KeyPress from None: t=476.0391703, value=x, duration=0.07664470000008805>
477.0475 	EXP 	line1: autoDraw = True
477.0475 	EXP 	line_2: autoDraw = True
477.0475 	EXP 	line_3: autoDraw = True
477.0475 	EXP 	line4: autoDraw = True
477.0643 	EXP 	fixation: autoDraw = False
478.0477 	INFO 	Keyboard events cleared
478.0475 	EXP 	probe: autoDraw = True
478.7479 	EXP 	Device response: <KeyPress from None: t=478.7386256, value=v, duration=None>
478.7482 	EXP 	New trial (rep=41, index=2): <Trial 166 (2 in rep 41) data={'pos': np.int64(50), 'corr_resp': 'c', 'thisN': 166, 'thisTrialN': 2, 'thisRepN': 41}>
478.7494 	DATA 	Keypress: v
478.7632 	EXP 	fixation: autoDraw = False
478.7632 	EXP 	line1: autoDraw = False
478.7632 	EXP 	line_2: autoDraw = False
478.7632 	EXP 	line_3: autoDraw = False
478.7632 	EXP 	line4: autoDraw = False
478.7632 	EXP 	probe: autoDraw = False
478.7632 	EXP 	fixation: autoDraw = True
478.8149 	EXP 	Device response: <KeyPress from None: t=478.7386256, value=v, duration=0.06522059999997509>
479.7477 	EXP 	line1: autoDraw = True
479.7477 	EXP 	line_2: autoDraw = True
479.7477 	EXP 	line_3: autoDraw = True
479.7477 	EXP 	line4: autoDraw = True
479.7642 	EXP 	fixation: autoDraw = False
480.7475 	INFO 	Keyboard events cleared
480.7473 	EXP 	probe: autoDraw = True
481.6819 	EXP 	Device response: <KeyPress from None: t=481.68038549999983, value=c, duration=None>
481.6823 	EXP 	New trial (rep=41, index=3): <Trial 167 (3 in rep 41) data={'pos': np.int64(-150), 'corr_resp': 'z', 'thisN': 167, 'thisTrialN': 3, 'thisRepN': 41}>
481.6838 	DATA 	Keypress: c
481.6971 	EXP 	fixation: autoDraw = False
481.6971 	EXP 	line1: autoDraw = False
481.6971 	EXP 	line_2: autoDraw = False
481.6971 	EXP 	line_3: autoDraw = False
481.6971 	EXP 	line4: autoDraw = False
481.6971 	EXP 	probe: autoDraw = False
481.6971 	EXP 	fixation: autoDraw = True
481.7971 	EXP 	Device response: <KeyPress from None: t=481.68038549999983, value=c, duration=0.10052219999988665>
482.6976 	EXP 	fixation: autoDraw = False
482.6976 	EXP 	line1: autoDraw = True
482.6976 	EXP 	line_2: autoDraw = True
482.6976 	EXP 	line_3: autoDraw = True
482.6976 	EXP 	line4: autoDraw = True
483.6977 	INFO 	Keyboard events cleared
483.6975 	EXP 	probe: autoDraw = True
484.5146 	EXP 	Device response: <KeyPress from None: t=484.5118993000001, value=z, duration=None>
484.5150 	EXP 	New trial (rep=42, index=0): <Trial 168 (0 in rep 42) data={'pos': np.int64(-50), 'corr_resp': 'x', 'thisN': 168, 'thisTrialN': 0, 'thisRepN': 42}>
484.5163 	DATA 	Keypress: z
484.5311 	EXP 	fixation: autoDraw = False
484.5311 	EXP 	line1: autoDraw = False
484.5311 	EXP 	line_2: autoDraw = False
484.5311 	EXP 	line_3: autoDraw = False
484.5311 	EXP 	line4: autoDraw = False
484.5311 	EXP 	probe: autoDraw = False
484.5311 	EXP 	fixation: autoDraw = True
484.5826 	EXP 	Device response: <KeyPress from None: t=484.5118993000001, value=z, duration=0.05418409999992946>
485.5142 	EXP 	line1: autoDraw = True
485.5142 	EXP 	line_2: autoDraw = True
485.5142 	EXP 	line_3: autoDraw = True
485.5142 	EXP 	line4: autoDraw = True
485.5309 	EXP 	fixation: autoDraw = False
486.5144 	INFO 	Keyboard events cleared
486.5142 	EXP 	probe: autoDraw = True
487.7650 	EXP 	Device response: <KeyPress from None: t=487.7645884999997, value=x, duration=None>
487.7654 	EXP 	New trial (rep=42, index=1): <Trial 169 (1 in rep 42) data={'pos': np.int64(150), 'corr_resp': 'v', 'thisN': 169, 'thisTrialN': 1, 'thisRepN': 42}>
487.7667 	DATA 	Keypress: x
487.7809 	EXP 	fixation: autoDraw = False
487.7809 	EXP 	line1: autoDraw = False
487.7809 	EXP 	line_2: autoDraw = False
487.7809 	EXP 	line_3: autoDraw = False
487.7809 	EXP 	line4: autoDraw = False
487.7809 	EXP 	probe: autoDraw = False
487.7809 	EXP 	fixation: autoDraw = True
487.8479 	EXP 	Device response: <KeyPress from None: t=487.7645884999997, value=x, duration=0.07123520000004646>
488.7808 	EXP 	fixation: autoDraw = False
488.7808 	EXP 	line1: autoDraw = True
488.7808 	EXP 	line_2: autoDraw = True
488.7808 	EXP 	line_3: autoDraw = True
488.7808 	EXP 	line4: autoDraw = True
489.7811 	INFO 	Keyboard events cleared
489.7809 	EXP 	probe: autoDraw = True
490.8316 	EXP 	Device response: <KeyPress from None: t=490.8163887999999, value=v, duration=None>
490.8320 	EXP 	New trial (rep=42, index=2): <Trial 170 (2 in rep 42) data={'pos': np.int64(50), 'corr_resp': 'c', 'thisN': 170, 'thisTrialN': 2, 'thisRepN': 42}>
490.8335 	DATA 	Keypress: v
490.8476 	EXP 	fixation: autoDraw = False
490.8476 	EXP 	line1: autoDraw = False
490.8476 	EXP 	line_2: autoDraw = False
490.8476 	EXP 	line_3: autoDraw = False
490.8476 	EXP 	line4: autoDraw = False
490.8476 	EXP 	probe: autoDraw = False
490.8476 	EXP 	fixation: autoDraw = True
490.8986 	EXP 	Device response: <KeyPress from None: t=490.8163887999999, value=v, duration=0.08021730000018579>
491.8314 	EXP 	line1: autoDraw = True
491.8314 	EXP 	line_2: autoDraw = True
491.8314 	EXP 	line_3: autoDraw = True
491.8314 	EXP 	line4: autoDraw = True
491.8479 	EXP 	fixation: autoDraw = False
492.8310 	INFO 	Keyboard events cleared
492.8308 	EXP 	probe: autoDraw = True
493.9331 	DATA 	Keypress: c
493.9479 	EXP 	Device response: <KeyPress from None: t=493.9319483999998, value=c, duration=None>
493.9482 	EXP 	New trial (rep=42, index=3): <Trial 171 (3 in rep 42) data={'pos': np.int64(-150), 'corr_resp': 'z', 'thisN': 171, 'thisTrialN': 3, 'thisRepN': 42}>
493.9642 	EXP 	fixation: autoDraw = False
493.9642 	EXP 	line1: autoDraw = False
493.9642 	EXP 	line_2: autoDraw = False
493.9642 	EXP 	line_3: autoDraw = False
493.9642 	EXP 	line4: autoDraw = False
493.9642 	EXP 	probe: autoDraw = False
493.9642 	EXP 	fixation: autoDraw = True
494.0814 	EXP 	Device response: <KeyPress from None: t=493.9319483999998, value=c, duration=0.13928960000021107>
494.9484 	EXP 	line1: autoDraw = True
494.9484 	EXP 	line_2: autoDraw = True
494.9484 	EXP 	line_3: autoDraw = True
494.9484 	EXP 	line4: autoDraw = True
494.9647 	EXP 	fixation: autoDraw = False
495.9478 	INFO 	Keyboard events cleared
495.9476 	EXP 	probe: autoDraw = True
496.7983 	EXP 	Device response: <KeyPress from None: t=496.7934987999997, value=z, duration=None>
496.7987 	EXP 	New trial (rep=43, index=0): <Trial 172 (0 in rep 43) data={'pos': np.int64(-50), 'corr_resp': 'x', 'thisN': 172, 'thisTrialN': 0, 'thisRepN': 43}>
496.8001 	DATA 	Keypress: z
496.8143 	EXP 	fixation: autoDraw = False
496.8143 	EXP 	line1: autoDraw = False
496.8143 	EXP 	line_2: autoDraw = False
496.8143 	EXP 	line_3: autoDraw = False
496.8143 	EXP 	line4: autoDraw = False
496.8143 	EXP 	probe: autoDraw = False
496.8143 	EXP 	fixation: autoDraw = True
496.8648 	EXP 	Device response: <KeyPress from None: t=496.7934987999997, value=z, duration=0.06008150000025125>
497.8142 	EXP 	fixation: autoDraw = False
497.8142 	EXP 	line1: autoDraw = True
497.8142 	EXP 	line_2: autoDraw = True
497.8142 	EXP 	line_3: autoDraw = True
497.8142 	EXP 	line4: autoDraw = True
498.7977 	INFO 	Keyboard events cleared
498.7975 	EXP 	probe: autoDraw = True
499.5152 	EXP 	Device response: <KeyPress from None: t=499.5065835999999, value=x, duration=None>
499.5156 	EXP 	New trial (rep=43, index=1): <Trial 173 (1 in rep 43) data={'pos': np.int64(150), 'corr_resp': 'v', 'thisN': 173, 'thisTrialN': 1, 'thisRepN': 43}>
499.5171 	DATA 	Keypress: x
499.5306 	EXP 	fixation: autoDraw = False
499.5306 	EXP 	line1: autoDraw = False
499.5306 	EXP 	line_2: autoDraw = False
499.5306 	EXP 	line_3: autoDraw = False
499.5306 	EXP 	line4: autoDraw = False
499.5306 	EXP 	probe: autoDraw = False
499.5306 	EXP 	fixation: autoDraw = True
499.5650 	EXP 	Device response: <KeyPress from None: t=499.5065835999999, value=x, duration=0.05270810000001802>
500.5313 	EXP 	fixation: autoDraw = False
500.5313 	EXP 	line1: autoDraw = True
500.5313 	EXP 	line_2: autoDraw = True
500.5313 	EXP 	line_3: autoDraw = True
500.5313 	EXP 	line4: autoDraw = True
501.5315 	INFO 	Keyboard events cleared
501.5313 	EXP 	probe: autoDraw = True
502.4148 	EXP 	Device response: <KeyPress from None: t=502.40175469999986, value=v, duration=None>
502.4152 	EXP 	New trial (rep=43, index=2): <Trial 174 (2 in rep 43) data={'pos': np.int64(50), 'corr_resp': 'c', 'thisN': 174, 'thisTrialN': 2, 'thisRepN': 43}>
502.4165 	DATA 	Keypress: v
502.4317 	EXP 	fixation: autoDraw = False
502.4317 	EXP 	line1: autoDraw = False
502.4317 	EXP 	line_2: autoDraw = False
502.4317 	EXP 	line_3: autoDraw = False
502.4317 	EXP 	line4: autoDraw = False
502.4317 	EXP 	probe: autoDraw = False
502.4317 	EXP 	fixation: autoDraw = True
502.4651 	EXP 	Device response: <KeyPress from None: t=502.40175469999986, value=v, duration=0.05581449999999677>
503.4142 	EXP 	line1: autoDraw = True
503.4142 	EXP 	line_2: autoDraw = True
503.4142 	EXP 	line_3: autoDraw = True
503.4142 	EXP 	line4: autoDraw = True
503.4313 	EXP 	fixation: autoDraw = False
504.4144 	INFO 	Keyboard events cleared
504.4143 	EXP 	probe: autoDraw = True
505.2152 	EXP 	Device response: <KeyPress from None: t=505.21092769999996, value=c, duration=None>
505.2156 	EXP 	New trial (rep=43, index=3): <Trial 175 (3 in rep 43) data={'pos': np.int64(-150), 'corr_resp': 'z', 'thisN': 175, 'thisTrialN': 3, 'thisRepN': 43}>
505.2169 	DATA 	Keypress: c
505.2311 	EXP 	fixation: autoDraw = False
505.2311 	EXP 	line1: autoDraw = False
505.2311 	EXP 	line_2: autoDraw = False
505.2311 	EXP 	line_3: autoDraw = False
505.2311 	EXP 	line4: autoDraw = False
505.2311 	EXP 	probe: autoDraw = False
505.2311 	EXP 	fixation: autoDraw = True
505.2824 	EXP 	Device response: <KeyPress from None: t=505.21092769999996, value=c, duration=0.06943360000013854>
506.2309 	EXP 	fixation: autoDraw = False
506.2309 	EXP 	line1: autoDraw = True
506.2309 	EXP 	line_2: autoDraw = True
506.2309 	EXP 	line_3: autoDraw = True
506.2309 	EXP 	line4: autoDraw = True
507.2312 	INFO 	Keyboard events cleared
507.2310 	EXP 	probe: autoDraw = True
508.1335 	DATA 	Keypress: z
508.1483 	EXP 	Device response: <KeyPress from None: t=508.132842, value=z, duration=None>
508.1486 	EXP 	New trial (rep=44, index=0): <Trial 176 (0 in rep 44) data={'pos': np.int64(-50), 'corr_resp': 'x', 'thisN': 176, 'thisTrialN': 0, 'thisRepN': 44}>
508.1648 	EXP 	fixation: autoDraw = False
508.1648 	EXP 	line1: autoDraw = False
508.1648 	EXP 	line_2: autoDraw = False
508.1648 	EXP 	line_3: autoDraw = False
508.1648 	EXP 	line4: autoDraw = False
508.1648 	EXP 	probe: autoDraw = False
508.1648 	EXP 	fixation: autoDraw = True
508.2150 	EXP 	Device response: <KeyPress from None: t=508.132842, value=z, duration=0.07252079999989292>
509.1476 	EXP 	line1: autoDraw = True
509.1476 	EXP 	line_2: autoDraw = True
509.1476 	EXP 	line_3: autoDraw = True
509.1476 	EXP 	line4: autoDraw = True
509.1644 	EXP 	fixation: autoDraw = False
510.1511 	INFO 	Keyboard events cleared
510.1510 	EXP 	probe: autoDraw = True
511.0315 	EXP 	Device response: <KeyPress from None: t=511.0172015999997, value=x, duration=None>
511.0319 	EXP 	New trial (rep=44, index=1): <Trial 177 (1 in rep 44) data={'pos': np.int64(150), 'corr_resp': 'v', 'thisN': 177, 'thisTrialN': 1, 'thisRepN': 44}>
511.0332 	DATA 	Keypress: x
511.0477 	EXP 	fixation: autoDraw = False
511.0477 	EXP 	line1: autoDraw = False
511.0477 	EXP 	line_2: autoDraw = False
511.0477 	EXP 	line_3: autoDraw = False
511.0477 	EXP 	line4: autoDraw = False
511.0477 	EXP 	probe: autoDraw = False
511.0477 	EXP 	fixation: autoDraw = True
511.0982 	EXP 	Device response: <KeyPress from None: t=511.0172015999997, value=x, duration=0.06945960000030027>
512.0309 	EXP 	line1: autoDraw = True
512.0309 	EXP 	line_2: autoDraw = True
512.0309 	EXP 	line_3: autoDraw = True
512.0309 	EXP 	line4: autoDraw = True
512.0473 	EXP 	fixation: autoDraw = False
513.0312 	INFO 	Keyboard events cleared
513.0310 	EXP 	probe: autoDraw = True
513.8333 	DATA 	Keypress: v
513.8482 	EXP 	Device response: <KeyPress from None: t=513.8326625, value=v, duration=None>
513.8485 	EXP 	New trial (rep=44, index=2): <Trial 178 (2 in rep 44) data={'pos': np.int64(50), 'corr_resp': 'c', 'thisN': 178, 'thisTrialN': 2, 'thisRepN': 44}>
513.8647 	EXP 	fixation: autoDraw = False
513.8647 	EXP 	line1: autoDraw = False
513.8647 	EXP 	line_2: autoDraw = False
513.8647 	EXP 	line_3: autoDraw = False
513.8647 	EXP 	line4: autoDraw = False
513.8647 	EXP 	probe: autoDraw = False
513.8647 	EXP 	fixation: autoDraw = True
513.8982 	EXP 	Device response: <KeyPress from None: t=513.8326625, value=v, duration=0.05195529999991777>
514.8476 	EXP 	line1: autoDraw = True
514.8476 	EXP 	line_2: autoDraw = True
514.8476 	EXP 	line_3: autoDraw = True
514.8476 	EXP 	line4: autoDraw = True
514.8644 	EXP 	fixation: autoDraw = False
515.8479 	INFO 	Keyboard events cleared
515.8477 	EXP 	probe: autoDraw = True
516.7483 	EXP 	Device response: <KeyPress from None: t=516.7340988000001, value=c, duration=None>
516.7487 	EXP 	New trial (rep=44, index=3): <Trial 179 (3 in rep 44) data={'pos': np.int64(-150), 'corr_resp': 'z', 'thisN': 179, 'thisTrialN': 3, 'thisRepN': 44}>
516.7502 	DATA 	Keypress: c
516.7644 	EXP 	fixation: autoDraw = False
516.7644 	EXP 	line1: autoDraw = False
516.7644 	EXP 	line_2: autoDraw = False
516.7644 	EXP 	line_3: autoDraw = False
516.7644 	EXP 	line4: autoDraw = False
516.7644 	EXP 	probe: autoDraw = False
516.7644 	EXP 	fixation: autoDraw = True
516.8149 	EXP 	Device response: <KeyPress from None: t=516.7340988000001, value=c, duration=0.066056899999694>
517.7478 	EXP 	line1: autoDraw = True
517.7478 	EXP 	line_2: autoDraw = True
517.7478 	EXP 	line_3: autoDraw = True
517.7478 	EXP 	line4: autoDraw = True
517.7643 	EXP 	fixation: autoDraw = False
518.7479 	INFO 	Keyboard events cleared
518.7478 	EXP 	probe: autoDraw = True
519.5992 	EXP 	Device response: <KeyPress from None: t=519.5975355, value=z, duration=None>
519.5997 	EXP 	New trial (rep=45, index=0): <Trial 180 (0 in rep 45) data={'pos': np.int64(-50), 'corr_resp': 'x', 'thisN': 180, 'thisTrialN': 0, 'thisRepN': 45}>
519.6011 	DATA 	Keypress: z
519.6145 	EXP 	fixation: autoDraw = False
519.6145 	EXP 	line1: autoDraw = False
519.6145 	EXP 	line_2: autoDraw = False
519.6145 	EXP 	line_3: autoDraw = False
519.6145 	EXP 	line4: autoDraw = False
519.6145 	EXP 	probe: autoDraw = False
519.6145 	EXP 	fixation: autoDraw = True
519.6647 	EXP 	Device response: <KeyPress from None: t=519.5975355, value=z, duration=0.0578986000000441>
520.6144 	EXP 	fixation: autoDraw = False
520.6144 	EXP 	line1: autoDraw = True
520.6144 	EXP 	line_2: autoDraw = True
520.6144 	EXP 	line_3: autoDraw = True
520.6144 	EXP 	line4: autoDraw = True
521.6147 	INFO 	Keyboard events cleared
521.6146 	EXP 	probe: autoDraw = True
522.6650 	EXP 	Device response: <KeyPress from None: t=522.6523580999997, value=x, duration=None>
522.6653 	EXP 	New trial (rep=45, index=1): <Trial 181 (1 in rep 45) data={'pos': np.int64(150), 'corr_resp': 'v', 'thisN': 181, 'thisTrialN': 1, 'thisRepN': 45}>
522.6665 	DATA 	Keypress: x
522.6810 	EXP 	fixation: autoDraw = False
522.6810 	EXP 	line1: autoDraw = False
522.6810 	EXP 	line_2: autoDraw = False
522.6810 	EXP 	line_3: autoDraw = False
522.6810 	EXP 	line4: autoDraw = False
522.6810 	EXP 	probe: autoDraw = False
522.6810 	EXP 	fixation: autoDraw = True
522.7483 	EXP 	Device response: <KeyPress from None: t=522.6523580999997, value=x, duration=0.08447620000015377>
523.6645 	EXP 	line1: autoDraw = True
523.6645 	EXP 	line_2: autoDraw = True
523.6645 	EXP 	line_3: autoDraw = True
523.6645 	EXP 	line4: autoDraw = True
523.6813 	EXP 	fixation: autoDraw = False
524.6815 	INFO 	Keyboard events cleared
524.6813 	EXP 	probe: autoDraw = True
525.6834 	DATA 	Keypress: v
525.6978 	EXP 	Device response: <KeyPress from None: t=525.6829438999998, value=v, duration=None>
525.6982 	EXP 	New trial (rep=45, index=2): <Trial 182 (2 in rep 45) data={'pos': np.int64(50), 'corr_resp': 'c', 'thisN': 182, 'thisTrialN': 2, 'thisRepN': 45}>
525.7148 	EXP 	fixation: autoDraw = False
525.7148 	EXP 	line1: autoDraw = False
525.7148 	EXP 	line_2: autoDraw = False
525.7148 	EXP 	line_3: autoDraw = False
525.7148 	EXP 	line4: autoDraw = False
525.7148 	EXP 	probe: autoDraw = False
525.7148 	EXP 	fixation: autoDraw = True
525.7660 	EXP 	Device response: <KeyPress from None: t=525.6829438999998, value=v, duration=0.06531399999994392>
526.6975 	EXP 	line1: autoDraw = True
526.6975 	EXP 	line_2: autoDraw = True
526.6975 	EXP 	line_3: autoDraw = True
526.6975 	EXP 	line4: autoDraw = True
526.7145 	EXP 	fixation: autoDraw = False
527.6975 	INFO 	Keyboard events cleared
527.6974 	EXP 	probe: autoDraw = True
528.5653 	EXP 	Device response: <KeyPress from None: t=528.5557301999997, value=c, duration=None>
528.5658 	EXP 	New trial (rep=45, index=3): <Trial 183 (3 in rep 45) data={'pos': np.int64(-150), 'corr_resp': 'z', 'thisN': 183, 'thisTrialN': 3, 'thisRepN': 45}>
528.5675 	DATA 	Keypress: c
528.5817 	EXP 	fixation: autoDraw = False
528.5817 	EXP 	line1: autoDraw = False
528.5817 	EXP 	line_2: autoDraw = False
528.5817 	EXP 	line_3: autoDraw = False
528.5817 	EXP 	line4: autoDraw = False
528.5817 	EXP 	probe: autoDraw = False
528.5817 	EXP 	fixation: autoDraw = True
528.6495 	EXP 	Device response: <KeyPress from None: t=528.5557301999997, value=c, duration=0.07695540000031542>
529.5812 	EXP 	fixation: autoDraw = False
529.5812 	EXP 	line1: autoDraw = True
529.5812 	EXP 	line_2: autoDraw = True
529.5812 	EXP 	line_3: autoDraw = True
529.5812 	EXP 	line4: autoDraw = True
530.5813 	INFO 	Keyboard events cleared
530.5811 	EXP 	probe: autoDraw = True
531.3817 	EXP 	Device response: <KeyPress from None: t=531.3674707, value=z, duration=None>
531.3821 	EXP 	New trial (rep=46, index=0): <Trial 184 (0 in rep 46) data={'pos': np.int64(-50), 'corr_resp': 'x', 'thisN': 184, 'thisTrialN': 0, 'thisRepN': 46}>
531.3835 	DATA 	Keypress: z
531.3979 	EXP 	fixation: autoDraw = False
531.3979 	EXP 	line1: autoDraw = False
531.3979 	EXP 	line_2: autoDraw = False
531.3979 	EXP 	line_3: autoDraw = False
531.3979 	EXP 	line4: autoDraw = False
531.3979 	EXP 	probe: autoDraw = False
531.3979 	EXP 	fixation: autoDraw = True
531.4650 	EXP 	Device response: <KeyPress from None: t=531.3674707, value=z, duration=0.08223670000006678>
532.3812 	EXP 	line1: autoDraw = True
532.3812 	EXP 	line_2: autoDraw = True
532.3812 	EXP 	line_3: autoDraw = True
532.3812 	EXP 	line4: autoDraw = True
532.3978 	EXP 	fixation: autoDraw = False
533.3813 	INFO 	Keyboard events cleared
533.3812 	EXP 	probe: autoDraw = True
534.0494 	EXP 	Device response: <KeyPress from None: t=534.0471300999998, value=x, duration=None>
534.0499 	EXP 	New trial (rep=46, index=1): <Trial 185 (1 in rep 46) data={'pos': np.int64(150), 'corr_resp': 'v', 'thisN': 185, 'thisTrialN': 1, 'thisRepN': 46}>
534.0512 	DATA 	Keypress: x
534.0643 	EXP 	fixation: autoDraw = False
534.0643 	EXP 	line1: autoDraw = False
534.0643 	EXP 	line_2: autoDraw = False
534.0643 	EXP 	line_3: autoDraw = False
534.0643 	EXP 	line4: autoDraw = False
534.0643 	EXP 	probe: autoDraw = False
534.0643 	EXP 	fixation: autoDraw = True
534.1316 	EXP 	Device response: <KeyPress from None: t=534.0471300999998, value=x, duration=0.07355250000000524>
535.0643 	EXP 	fixation: autoDraw = False
535.0643 	EXP 	line1: autoDraw = True
535.0643 	EXP 	line_2: autoDraw = True
535.0643 	EXP 	line_3: autoDraw = True
535.0643 	EXP 	line4: autoDraw = True
536.0651 	INFO 	Keyboard events cleared
536.0649 	EXP 	probe: autoDraw = True
537.0154 	EXP 	Device response: <KeyPress from None: t=537.0146783999999, value=v, duration=None>
537.0157 	EXP 	New trial (rep=46, index=2): <Trial 186 (2 in rep 46) data={'pos': np.int64(50), 'corr_resp': 'c', 'thisN': 186, 'thisTrialN': 2, 'thisRepN': 46}>
537.0170 	DATA 	Keypress: v
537.0311 	EXP 	fixation: autoDraw = False
537.0311 	EXP 	line1: autoDraw = False
537.0311 	EXP 	line_2: autoDraw = False
537.0311 	EXP 	line_3: autoDraw = False
537.0311 	EXP 	line4: autoDraw = False
537.0311 	EXP 	probe: autoDraw = False
537.0311 	EXP 	fixation: autoDraw = True
537.1151 	EXP 	Device response: <KeyPress from None: t=537.0146783999999, value=v, duration=0.09851509999998598>
538.0149 	EXP 	line1: autoDraw = True
538.0149 	EXP 	line_2: autoDraw = True
538.0149 	EXP 	line_3: autoDraw = True
538.0149 	EXP 	line4: autoDraw = True
538.0312 	EXP 	fixation: autoDraw = False
539.0314 	INFO 	Keyboard events cleared
539.0312 	EXP 	probe: autoDraw = True
539.9813 	EXP 	Device response: <KeyPress from None: t=539.9780995000001, value=c, duration=None>
539.9816 	EXP 	New trial (rep=46, index=3): <Trial 187 (3 in rep 46) data={'pos': np.int64(-150), 'corr_resp': 'z', 'thisN': 187, 'thisTrialN': 3, 'thisRepN': 46}>
539.9828 	DATA 	Keypress: c
539.9978 	EXP 	fixation: autoDraw = False
539.9978 	EXP 	line1: autoDraw = False
539.9978 	EXP 	line_2: autoDraw = False
539.9978 	EXP 	line_3: autoDraw = False
539.9978 	EXP 	line4: autoDraw = False
539.9978 	EXP 	probe: autoDraw = False
539.9978 	EXP 	fixation: autoDraw = True
540.0817 	EXP 	Device response: <KeyPress from None: t=539.9780995000001, value=c, duration=0.0875130999997964>
540.9813 	EXP 	line1: autoDraw = True
540.9813 	EXP 	line_2: autoDraw = True
540.9813 	EXP 	line_3: autoDraw = True
540.9813 	EXP 	line4: autoDraw = True
540.9977 	EXP 	fixation: autoDraw = False
541.9815 	INFO 	Keyboard events cleared
541.9813 	EXP 	probe: autoDraw = True
542.7653 	EXP 	Device response: <KeyPress from None: t=542.7647158999998, value=z, duration=None>
542.7657 	EXP 	New trial (rep=47, index=0): <Trial 188 (0 in rep 47) data={'pos': np.int64(-50), 'corr_resp': 'x', 'thisN': 188, 'thisTrialN': 0, 'thisRepN': 47}>
542.7670 	DATA 	Keypress: z
542.7812 	EXP 	fixation: autoDraw = False
542.7812 	EXP 	line1: autoDraw = False
542.7812 	EXP 	line_2: autoDraw = False
542.7812 	EXP 	line_3: autoDraw = False
542.7812 	EXP 	line4: autoDraw = False
542.7812 	EXP 	probe: autoDraw = False
542.7812 	EXP 	fixation: autoDraw = True
542.8653 	EXP 	Device response: <KeyPress from None: t=542.7647158999998, value=z, duration=0.09606100000019069>
543.7812 	EXP 	fixation: autoDraw = False
543.7812 	EXP 	line1: autoDraw = True
543.7812 	EXP 	line_2: autoDraw = True
543.7812 	EXP 	line_3: autoDraw = True
543.7812 	EXP 	line4: autoDraw = True
544.7649 	INFO 	Keyboard events cleared
544.7648 	EXP 	probe: autoDraw = True
546.0485 	EXP 	Device response: <KeyPress from None: t=546.0461676999998, value=x, duration=None>
546.0489 	EXP 	New trial (rep=47, index=1): <Trial 189 (1 in rep 47) data={'pos': np.int64(150), 'corr_resp': 'v', 'thisN': 189, 'thisTrialN': 1, 'thisRepN': 47}>
546.0502 	DATA 	Keypress: x
546.0646 	EXP 	fixation: autoDraw = False
546.0646 	EXP 	line1: autoDraw = False
546.0646 	EXP 	line_2: autoDraw = False
546.0646 	EXP 	line_3: autoDraw = False
546.0646 	EXP 	line4: autoDraw = False
546.0646 	EXP 	probe: autoDraw = False
546.0646 	EXP 	fixation: autoDraw = True
546.1647 	EXP 	Device response: <KeyPress from None: t=546.0461676999998, value=x, duration=0.10481939999999668>
547.0479 	EXP 	line1: autoDraw = True
547.0479 	EXP 	line_2: autoDraw = True
547.0479 	EXP 	line_3: autoDraw = True
547.0479 	EXP 	line4: autoDraw = True
547.0646 	EXP 	fixation: autoDraw = False
548.0480 	INFO 	Keyboard events cleared
548.0479 	EXP 	probe: autoDraw = True
549.0151 	EXP 	Device response: <KeyPress from None: t=549.0040147999998, value=v, duration=None>
549.0155 	EXP 	New trial (rep=47, index=2): <Trial 190 (2 in rep 47) data={'pos': np.int64(50), 'corr_resp': 'c', 'thisN': 190, 'thisTrialN': 2, 'thisRepN': 47}>
549.0169 	DATA 	Keypress: v
549.0312 	EXP 	fixation: autoDraw = False
549.0312 	EXP 	line1: autoDraw = False
549.0312 	EXP 	line_2: autoDraw = False
549.0312 	EXP 	line_3: autoDraw = False
549.0312 	EXP 	line4: autoDraw = False
549.0312 	EXP 	probe: autoDraw = False
549.0312 	EXP 	fixation: autoDraw = True
549.1149 	EXP 	Device response: <KeyPress from None: t=549.0040147999998, value=v, duration=0.102965900000072>
550.0142 	EXP 	line1: autoDraw = True
550.0142 	EXP 	line_2: autoDraw = True
550.0142 	EXP 	line_3: autoDraw = True
550.0142 	EXP 	line4: autoDraw = True
550.0311 	EXP 	fixation: autoDraw = False
551.0145 	INFO 	Keyboard events cleared
551.0144 	EXP 	probe: autoDraw = True
552.0318 	EXP 	Device response: <KeyPress from None: t=552.0180428999997, value=c, duration=None>
552.0321 	EXP 	New trial (rep=47, index=3): <Trial 191 (3 in rep 47) data={'pos': np.int64(-150), 'corr_resp': 'z', 'thisN': 191, 'thisTrialN': 3, 'thisRepN': 47}>
552.0335 	DATA 	Keypress: c
552.0479 	EXP 	fixation: autoDraw = False
552.0479 	EXP 	line1: autoDraw = False
552.0479 	EXP 	line_2: autoDraw = False
552.0479 	EXP 	line_3: autoDraw = False
552.0479 	EXP 	line4: autoDraw = False
552.0479 	EXP 	probe: autoDraw = False
552.0479 	EXP 	fixation: autoDraw = True
552.1486 	EXP 	Device response: <KeyPress from None: t=552.0180428999997, value=c, duration=0.12131040000031135>
553.0315 	EXP 	line1: autoDraw = True
553.0315 	EXP 	line_2: autoDraw = True
553.0315 	EXP 	line_3: autoDraw = True
553.0315 	EXP 	line4: autoDraw = True
553.0476 	EXP 	fixation: autoDraw = False
554.0316 	INFO 	Keyboard events cleared
554.0314 	EXP 	probe: autoDraw = True
554.8650 	EXP 	Device response: <KeyPress from None: t=554.8550151999998, value=z, duration=None>
554.8654 	EXP 	New trial (rep=48, index=0): <Trial 192 (0 in rep 48) data={'pos': np.int64(-50), 'corr_resp': 'x', 'thisN': 192, 'thisTrialN': 0, 'thisRepN': 48}>
554.8669 	DATA 	Keypress: z
554.8811 	EXP 	fixation: autoDraw = False
554.8811 	EXP 	line1: autoDraw = False
554.8811 	EXP 	line_2: autoDraw = False
554.8811 	EXP 	line_3: autoDraw = False
554.8811 	EXP 	line4: autoDraw = False
554.8811 	EXP 	probe: autoDraw = False
554.8811 	EXP 	fixation: autoDraw = True
554.9484 	EXP 	Device response: <KeyPress from None: t=554.8550151999998, value=z, duration=0.09077810000007958>
555.8646 	EXP 	line1: autoDraw = True
555.8646 	EXP 	line_2: autoDraw = True
555.8646 	EXP 	line_3: autoDraw = True
555.8646 	EXP 	line4: autoDraw = True
555.8813 	EXP 	fixation: autoDraw = False
556.8652 	INFO 	Keyboard events cleared
556.8651 	EXP 	probe: autoDraw = True
557.5670 	DATA 	Keypress: x
557.5843 	EXP 	Device response: <KeyPress from None: t=557.5657385999998, value=x, duration=None>
557.5847 	EXP 	New trial (rep=48, index=1): <Trial 193 (1 in rep 48) data={'pos': np.int64(150), 'corr_resp': 'v', 'thisN': 193, 'thisTrialN': 1, 'thisRepN': 48}>
557.5970 	EXP 	fixation: autoDraw = False
557.5970 	EXP 	line1: autoDraw = False
557.5970 	EXP 	line_2: autoDraw = False
557.5970 	EXP 	line_3: autoDraw = False
557.5970 	EXP 	line4: autoDraw = False
557.5970 	EXP 	probe: autoDraw = False
557.5970 	EXP 	fixation: autoDraw = True
557.6482 	EXP 	Device response: <KeyPress from None: t=557.5657385999998, value=x, duration=0.07518079999999827>
558.5980 	EXP 	fixation: autoDraw = False
558.5980 	EXP 	line1: autoDraw = True
558.5980 	EXP 	line_2: autoDraw = True
558.5980 	EXP 	line_3: autoDraw = True
558.5980 	EXP 	line4: autoDraw = True
559.5988 	INFO 	Keyboard events cleared
559.5986 	EXP 	probe: autoDraw = True
560.5818 	EXP 	Device response: <KeyPress from None: t=560.5703475, value=v, duration=None>
560.5823 	EXP 	New trial (rep=48, index=2): <Trial 194 (2 in rep 48) data={'pos': np.int64(50), 'corr_resp': 'c', 'thisN': 194, 'thisTrialN': 2, 'thisRepN': 48}>
560.5836 	DATA 	Keypress: v
560.5980 	EXP 	fixation: autoDraw = False
560.5980 	EXP 	line1: autoDraw = False
560.5980 	EXP 	line_2: autoDraw = False
560.5980 	EXP 	line_3: autoDraw = False
560.5980 	EXP 	line4: autoDraw = False
560.5980 	EXP 	probe: autoDraw = False
560.5980 	EXP 	fixation: autoDraw = True
560.6485 	EXP 	Device response: <KeyPress from None: t=560.5703475, value=v, duration=0.06580949999988661>
561.5813 	EXP 	line1: autoDraw = True
561.5813 	EXP 	line_2: autoDraw = True
561.5813 	EXP 	line_3: autoDraw = True
561.5813 	EXP 	line4: autoDraw = True
561.5982 	EXP 	fixation: autoDraw = False
562.5816 	INFO 	Keyboard events cleared
562.5814 	EXP 	probe: autoDraw = True
563.4488 	EXP 	Device response: <KeyPress from None: t=563.4438548999997, value=c, duration=None>
563.4492 	EXP 	New trial (rep=48, index=3): <Trial 195 (3 in rep 48) data={'pos': np.int64(-150), 'corr_resp': 'z', 'thisN': 195, 'thisTrialN': 3, 'thisRepN': 48}>
563.4504 	DATA 	Keypress: c
563.4650 	EXP 	fixation: autoDraw = False
563.4650 	EXP 	line1: autoDraw = False
563.4650 	EXP 	line_2: autoDraw = False
563.4650 	EXP 	line_3: autoDraw = False
563.4650 	EXP 	line4: autoDraw = False
563.4650 	EXP 	probe: autoDraw = False
563.4650 	EXP 	fixation: autoDraw = True
563.5319 	EXP 	Device response: <KeyPress from None: t=563.4438548999997, value=c, duration=0.07170970000015586>
564.4655 	EXP 	fixation: autoDraw = False
564.4655 	EXP 	line1: autoDraw = True
564.4655 	EXP 	line_2: autoDraw = True
564.4655 	EXP 	line_3: autoDraw = True
564.4655 	EXP 	line4: autoDraw = True
565.4648 	INFO 	Keyboard events cleared
565.4647 	EXP 	probe: autoDraw = True
566.4985 	EXP 	Device response: <KeyPress from None: t=566.4868071000001, value=z, duration=None>
566.4989 	EXP 	New trial (rep=49, index=0): <Trial 196 (0 in rep 49) data={'pos': np.int64(-50), 'corr_resp': 'x', 'thisN': 196, 'thisTrialN': 0, 'thisRepN': 49}>
566.5002 	DATA 	Keypress: z
566.5148 	EXP 	fixation: autoDraw = False
566.5148 	EXP 	line1: autoDraw = False
566.5148 	EXP 	line_2: autoDraw = False
566.5148 	EXP 	line_3: autoDraw = False
566.5148 	EXP 	line4: autoDraw = False
566.5148 	EXP 	probe: autoDraw = False
566.5148 	EXP 	fixation: autoDraw = True
566.5820 	EXP 	Device response: <KeyPress from None: t=566.4868071000001, value=z, duration=0.09055979999993724>
567.4980 	EXP 	line1: autoDraw = True
567.4980 	EXP 	line_2: autoDraw = True
567.4980 	EXP 	line_3: autoDraw = True
567.4980 	EXP 	line4: autoDraw = True
567.5147 	EXP 	fixation: autoDraw = False
568.4981 	INFO 	Keyboard events cleared
568.4980 	EXP 	probe: autoDraw = True
569.2313 	EXP 	Device response: <KeyPress from None: t=569.2269486999999, value=x, duration=None>
569.2317 	EXP 	New trial (rep=49, index=1): <Trial 197 (1 in rep 49) data={'pos': np.int64(150), 'corr_resp': 'v', 'thisN': 197, 'thisTrialN': 1, 'thisRepN': 49}>
569.2331 	DATA 	Keypress: x
569.2477 	EXP 	fixation: autoDraw = False
569.2477 	EXP 	line1: autoDraw = False
569.2477 	EXP 	line_2: autoDraw = False
569.2477 	EXP 	line_3: autoDraw = False
569.2477 	EXP 	line4: autoDraw = False
569.2477 	EXP 	probe: autoDraw = False
569.2477 	EXP 	fixation: autoDraw = True
569.3150 	EXP 	Device response: <KeyPress from None: t=569.2269486999999, value=x, duration=0.08064359999980297>
570.2313 	EXP 	line1: autoDraw = True
570.2313 	EXP 	line_2: autoDraw = True
570.2313 	EXP 	line_3: autoDraw = True
570.2313 	EXP 	line4: autoDraw = True
570.2480 	EXP 	fixation: autoDraw = False
571.2315 	INFO 	Keyboard events cleared
571.2313 	EXP 	probe: autoDraw = True
572.1321 	EXP 	Device response: <KeyPress from None: t=572.1179803999999, value=v, duration=None>
572.1324 	EXP 	New trial (rep=49, index=2): <Trial 198 (2 in rep 49) data={'pos': np.int64(50), 'corr_resp': 'c', 'thisN': 198, 'thisTrialN': 2, 'thisRepN': 49}>
572.1338 	DATA 	Keypress: v
572.1479 	EXP 	fixation: autoDraw = False
572.1479 	EXP 	line1: autoDraw = False
572.1479 	EXP 	line_2: autoDraw = False
572.1479 	EXP 	line_3: autoDraw = False
572.1479 	EXP 	line4: autoDraw = False
572.1479 	EXP 	probe: autoDraw = False
572.1479 	EXP 	fixation: autoDraw = True
572.1986 	EXP 	Device response: <KeyPress from None: t=572.1179803999999, value=v, duration=0.0781499999998232>
573.1315 	EXP 	line1: autoDraw = True
573.1315 	EXP 	line_2: autoDraw = True
573.1315 	EXP 	line_3: autoDraw = True
573.1315 	EXP 	line4: autoDraw = True
573.1481 	EXP 	fixation: autoDraw = False
574.1313 	INFO 	Keyboard events cleared
574.1312 	EXP 	probe: autoDraw = True
575.2153 	EXP 	Device response: <KeyPress from None: t=575.2017255999999, value=c, duration=None>
575.2157 	EXP 	New trial (rep=49, index=3): <Trial 199 (3 in rep 49) data={'pos': np.int64(-150), 'corr_resp': 'z', 'thisN': 199, 'thisTrialN': 3, 'thisRepN': 49}>
575.2171 	DATA 	Keypress: c
575.2314 	EXP 	fixation: autoDraw = False
575.2314 	EXP 	line1: autoDraw = False
575.2314 	EXP 	line_2: autoDraw = False
575.2314 	EXP 	line_3: autoDraw = False
575.2314 	EXP 	line4: autoDraw = False
575.2314 	EXP 	probe: autoDraw = False
575.2314 	EXP 	fixation: autoDraw = True
575.3317 	EXP 	Device response: <KeyPress from None: t=575.2017255999999, value=c, duration=0.12138700000014069>
576.2144 	EXP 	line1: autoDraw = True
576.2144 	EXP 	line_2: autoDraw = True
576.2144 	EXP 	line_3: autoDraw = True
576.2144 	EXP 	line4: autoDraw = True
576.2314 	EXP 	fixation: autoDraw = False
577.2152 	INFO 	Keyboard events cleared
577.2149 	EXP 	probe: autoDraw = True
578.2651 	EXP 	Device response: <KeyPress from None: t=578.2551562999997, value=z, duration=None>
578.2703 	EXP 	Imported conditions.csv as conditions, 4 conditions, 2 params
578.2727 	EXP 	New trial (rep=0, index=0): <Trial 0 (0 in rep 0) data={'pos': np.int64(150), 'corr_resp': 'v', 'thisN': 0, 'thisTrialN': 0, 'thisRepN': 0}>
578.2740 	DATA 	Keypress: z
578.2814 	EXP 	fixation: autoDraw = False
578.2814 	EXP 	line1: autoDraw = False
578.2814 	EXP 	line_2: autoDraw = False
578.2814 	EXP 	line_3: autoDraw = False
578.2814 	EXP 	line4: autoDraw = False
578.2814 	EXP 	probe: autoDraw = False
578.2814 	EXP 	fixation: autoDraw = True
578.3648 	EXP 	Device response: <KeyPress from None: t=578.2551562999997, value=z, duration=0.1019549000002371>
579.2650 	EXP 	line1: autoDraw = True
579.2650 	EXP 	line_2: autoDraw = True
579.2650 	EXP 	line_3: autoDraw = True
579.2650 	EXP 	line4: autoDraw = True
579.2821 	EXP 	fixation: autoDraw = False
580.2650 	INFO 	Keyboard events cleared
580.2648 	EXP 	probe: autoDraw = True
581.4486 	EXP 	Device response: <KeyPress from None: t=581.4370003999998, value=v, duration=None>
581.4490 	EXP 	New trial (rep=0, index=1): <Trial 1 (1 in rep 0) data={'pos': np.int64(-150), 'corr_resp': 'z', 'thisN': 1, 'thisTrialN': 1, 'thisRepN': 0}>
581.4503 	DATA 	Keypress: v
581.4649 	EXP 	fixation: autoDraw = False
581.4649 	EXP 	line1: autoDraw = False
581.4649 	EXP 	line_2: autoDraw = False
581.4649 	EXP 	line_3: autoDraw = False
581.4649 	EXP 	line4: autoDraw = False
581.4649 	EXP 	probe: autoDraw = False
581.4649 	EXP 	fixation: autoDraw = True
581.5986 	EXP 	Device response: <KeyPress from None: t=581.4370003999998, value=v, duration=0.15919450000001234>
582.4481 	EXP 	line1: autoDraw = True
582.4481 	EXP 	line_2: autoDraw = True
582.4481 	EXP 	line_3: autoDraw = True
582.4481 	EXP 	line4: autoDraw = True
582.4648 	EXP 	fixation: autoDraw = False
583.4483 	INFO 	Keyboard events cleared
583.4481 	EXP 	probe: autoDraw = True
584.2322 	EXP 	Device response: <KeyPress from None: t=584.2221574999999, value=z, duration=None>
584.2327 	EXP 	New trial (rep=0, index=2): <Trial 2 (2 in rep 0) data={'pos': np.int64(-50), 'corr_resp': 'x', 'thisN': 2, 'thisTrialN': 2, 'thisRepN': 0}>
584.2341 	DATA 	Keypress: z
584.2480 	EXP 	fixation: autoDraw = False
584.2480 	EXP 	line1: autoDraw = False
584.2480 	EXP 	line_2: autoDraw = False
584.2480 	EXP 	line_3: autoDraw = False
584.2480 	EXP 	line4: autoDraw = False
584.2480 	EXP 	probe: autoDraw = False
584.2480 	EXP 	fixation: autoDraw = True
584.3152 	EXP 	Device response: <KeyPress from None: t=584.2221574999999, value=z, duration=0.0785264000001007>
585.2484 	EXP 	fixation: autoDraw = False
585.2484 	EXP 	line1: autoDraw = True
585.2484 	EXP 	line_2: autoDraw = True
585.2484 	EXP 	line_3: autoDraw = True
585.2484 	EXP 	line4: autoDraw = True
586.2320 	INFO 	Keyboard events cleared
586.2318 	EXP 	probe: autoDraw = True
587.1654 	EXP 	Device response: <KeyPress from None: t=587.1519900999997, value=x, duration=None>
587.1658 	EXP 	New trial (rep=0, index=3): <Trial 3 (3 in rep 0) data={'pos': np.int64(50), 'corr_resp': 'c', 'thisN': 3, 'thisTrialN': 3, 'thisRepN': 0}>
587.1672 	DATA 	Keypress: x
587.1814 	EXP 	fixation: autoDraw = False
587.1814 	EXP 	line1: autoDraw = False
587.1814 	EXP 	line_2: autoDraw = False
587.1814 	EXP 	line_3: autoDraw = False
587.1814 	EXP 	line4: autoDraw = False
587.1814 	EXP 	probe: autoDraw = False
587.1814 	EXP 	fixation: autoDraw = True
587.2485 	EXP 	Device response: <KeyPress from None: t=587.1519900999997, value=x, duration=0.08523740000009639>
588.1653 	EXP 	line1: autoDraw = True
588.1653 	EXP 	line_2: autoDraw = True
588.1653 	EXP 	line_3: autoDraw = True
588.1653 	EXP 	line4: autoDraw = True
588.1815 	EXP 	fixation: autoDraw = False
589.1649 	INFO 	Keyboard events cleared
589.1648 	EXP 	probe: autoDraw = True
590.1322 	EXP 	Device response: <KeyPress from None: t=590.1251119999997, value=c, duration=None>
590.1326 	EXP 	New trial (rep=1, index=0): <Trial 4 (0 in rep 1) data={'pos': np.int64(-150), 'corr_resp': 'z', 'thisN': 4, 'thisTrialN': 0, 'thisRepN': 1}>
590.1341 	DATA 	Keypress: c
590.1480 	EXP 	fixation: autoDraw = False
590.1480 	EXP 	line1: autoDraw = False
590.1480 	EXP 	line_2: autoDraw = False
590.1480 	EXP 	line_3: autoDraw = False
590.1480 	EXP 	line4: autoDraw = False
590.1480 	EXP 	probe: autoDraw = False
590.1480 	EXP 	fixation: autoDraw = True
590.2652 	EXP 	Device response: <KeyPress from None: t=590.1251119999997, value=c, duration=0.13730310000028112>
591.1481 	EXP 	fixation: autoDraw = False
591.1481 	EXP 	line1: autoDraw = True
591.1481 	EXP 	line_2: autoDraw = True
591.1481 	EXP 	line_3: autoDraw = True
591.1481 	EXP 	line4: autoDraw = True
592.1318 	INFO 	Keyboard events cleared
592.1317 	EXP 	probe: autoDraw = True
593.0152 	EXP 	Device response: <KeyPress from None: t=593.0065577999999, value=z, duration=None>
593.0156 	EXP 	New trial (rep=1, index=1): <Trial 5 (1 in rep 1) data={'pos': np.int64(50), 'corr_resp': 'c', 'thisN': 5, 'thisTrialN': 1, 'thisRepN': 1}>
593.0168 	DATA 	Keypress: z
593.0320 	EXP 	fixation: autoDraw = False
593.0320 	EXP 	line1: autoDraw = False
593.0320 	EXP 	line_2: autoDraw = False
593.0320 	EXP 	line_3: autoDraw = False
593.0320 	EXP 	line4: autoDraw = False
593.0320 	EXP 	probe: autoDraw = False
593.0320 	EXP 	fixation: autoDraw = True
593.0985 	EXP 	Device response: <KeyPress from None: t=593.0065577999999, value=z, duration=0.0809900999997808>
594.0161 	EXP 	line1: autoDraw = True
594.0161 	EXP 	line_2: autoDraw = True
594.0161 	EXP 	line_3: autoDraw = True
594.0161 	EXP 	line4: autoDraw = True
594.0320 	EXP 	fixation: autoDraw = False
595.0148 	INFO 	Keyboard events cleared
595.0147 	EXP 	probe: autoDraw = True
595.9334 	DATA 	Keypress: c
595.9480 	EXP 	Device response: <KeyPress from None: t=595.9318266999999, value=c, duration=None>
595.9485 	EXP 	New trial (rep=1, index=2): <Trial 6 (2 in rep 1) data={'pos': np.int64(-50), 'corr_resp': 'x', 'thisN': 6, 'thisTrialN': 2, 'thisRepN': 1}>
595.9645 	EXP 	fixation: autoDraw = False
595.9645 	EXP 	line1: autoDraw = False
595.9645 	EXP 	line_2: autoDraw = False
595.9645 	EXP 	line_3: autoDraw = False
595.9645 	EXP 	line4: autoDraw = False
595.9645 	EXP 	probe: autoDraw = False
595.9645 	EXP 	fixation: autoDraw = True
595.9987 	EXP 	Device response: <KeyPress from None: t=595.9318266999999, value=c, duration=0.06421080000018264>
596.9483 	EXP 	line1: autoDraw = True
596.9483 	EXP 	line_2: autoDraw = True
596.9483 	EXP 	line_3: autoDraw = True
596.9483 	EXP 	line4: autoDraw = True
596.9650 	EXP 	fixation: autoDraw = False
597.9484 	INFO 	Keyboard events cleared
597.9482 	EXP 	probe: autoDraw = True
599.0157 	EXP 	Device response: <KeyPress from None: t=599.0093398999998, value=x, duration=None>
599.0161 	EXP 	New trial (rep=1, index=3): <Trial 7 (3 in rep 1) data={'pos': np.int64(150), 'corr_resp': 'v', 'thisN': 7, 'thisTrialN': 3, 'thisRepN': 1}>
599.0176 	DATA 	Keypress: x
599.0316 	EXP 	fixation: autoDraw = False
599.0316 	EXP 	line1: autoDraw = False
599.0316 	EXP 	line_2: autoDraw = False
599.0316 	EXP 	line_3: autoDraw = False
599.0316 	EXP 	line4: autoDraw = False
599.0316 	EXP 	probe: autoDraw = False
599.0316 	EXP 	fixation: autoDraw = True
599.0987 	EXP 	Device response: <KeyPress from None: t=599.0093398999998, value=x, duration=0.07318340000028911>
600.0315 	EXP 	fixation: autoDraw = False
600.0315 	EXP 	line1: autoDraw = True
600.0315 	EXP 	line_2: autoDraw = True
600.0315 	EXP 	line_3: autoDraw = True
600.0315 	EXP 	line4: autoDraw = True
601.0316 	INFO 	Keyboard events cleared
601.0314 	EXP 	probe: autoDraw = True
601.8673 	DATA 	Keypress: v
601.8820 	EXP 	Device response: <KeyPress from None: t=601.8654376999998, value=v, duration=None>
601.8824 	EXP 	New trial (rep=2, index=0): <Trial 8 (0 in rep 2) data={'pos': np.int64(50), 'corr_resp': 'c', 'thisN': 8, 'thisTrialN': 0, 'thisRepN': 2}>
601.8982 	EXP 	fixation: autoDraw = False
601.8982 	EXP 	line1: autoDraw = False
601.8982 	EXP 	line_2: autoDraw = False
601.8982 	EXP 	line_3: autoDraw = False
601.8982 	EXP 	line4: autoDraw = False
601.8982 	EXP 	probe: autoDraw = False
601.8982 	EXP 	fixation: autoDraw = True
601.9318 	EXP 	Device response: <KeyPress from None: t=601.8654376999998, value=v, duration=0.054880799999864394>
602.8816 	EXP 	line1: autoDraw = True
602.8816 	EXP 	line_2: autoDraw = True
602.8816 	EXP 	line_3: autoDraw = True
602.8816 	EXP 	line4: autoDraw = True
602.8981 	EXP 	fixation: autoDraw = False
603.8817 	INFO 	Keyboard events cleared
603.8815 	EXP 	probe: autoDraw = True
605.0671 	DATA 	Keypress: c
605.0820 	EXP 	Device response: <KeyPress from None: t=605.0665620999998, value=c, duration=None>
605.0824 	EXP 	New trial (rep=2, index=1): <Trial 9 (1 in rep 2) data={'pos': np.int64(-150), 'corr_resp': 'z', 'thisN': 9, 'thisTrialN': 1, 'thisRepN': 2}>
605.0973 	EXP 	fixation: autoDraw = False
605.0973 	EXP 	line1: autoDraw = False
605.0973 	EXP 	line_2: autoDraw = False
605.0973 	EXP 	line_3: autoDraw = False
605.0973 	EXP 	line4: autoDraw = False
605.0973 	EXP 	probe: autoDraw = False
605.0973 	EXP 	fixation: autoDraw = True
605.1985 	EXP 	Device response: <KeyPress from None: t=605.0665620999998, value=c, duration=0.12340679999988424>
606.0815 	EXP 	line1: autoDraw = True
606.0815 	EXP 	line_2: autoDraw = True
606.0815 	EXP 	line_3: autoDraw = True
606.0815 	EXP 	line4: autoDraw = True
606.0983 	EXP 	fixation: autoDraw = False
607.0819 	INFO 	Keyboard events cleared
607.0817 	EXP 	probe: autoDraw = True
607.8153 	EXP 	Device response: <KeyPress from None: t=607.8010470999998, value=z, duration=None>
607.8157 	EXP 	New trial (rep=2, index=2): <Trial 10 (2 in rep 2) data={'pos': np.int64(-50), 'corr_resp': 'x', 'thisN': 10, 'thisTrialN': 2, 'thisRepN': 2}>
607.8171 	DATA 	Keypress: z
607.8315 	EXP 	fixation: autoDraw = False
607.8315 	EXP 	line1: autoDraw = False
607.8315 	EXP 	line_2: autoDraw = False
607.8315 	EXP 	line_3: autoDraw = False
607.8315 	EXP 	line4: autoDraw = False
607.8315 	EXP 	probe: autoDraw = False
607.8315 	EXP 	fixation: autoDraw = True
607.9163 	EXP 	Device response: <KeyPress from None: t=607.8010470999998, value=z, duration=0.11353420000023107>
608.8146 	EXP 	line1: autoDraw = True
608.8146 	EXP 	line_2: autoDraw = True
608.8146 	EXP 	line_3: autoDraw = True
608.8146 	EXP 	line4: autoDraw = True
608.8316 	EXP 	fixation: autoDraw = False
609.8148 	INFO 	Keyboard events cleared
609.8146 	EXP 	probe: autoDraw = True
610.8487 	EXP 	Device response: <KeyPress from None: t=610.8340374999998, value=x, duration=None>
610.8491 	EXP 	New trial (rep=2, index=3): <Trial 11 (3 in rep 2) data={'pos': np.int64(150), 'corr_resp': 'v', 'thisN': 11, 'thisTrialN': 3, 'thisRepN': 2}>
610.8504 	DATA 	Keypress: x
610.8652 	EXP 	fixation: autoDraw = False
610.8652 	EXP 	line1: autoDraw = False
610.8652 	EXP 	line_2: autoDraw = False
610.8652 	EXP 	line_3: autoDraw = False
610.8652 	EXP 	line4: autoDraw = False
610.8652 	EXP 	probe: autoDraw = False
610.8652 	EXP 	fixation: autoDraw = True
610.9154 	EXP 	Device response: <KeyPress from None: t=610.8340374999998, value=x, duration=0.06432050000012168>
611.8484 	EXP 	line1: autoDraw = True
611.8484 	EXP 	line_2: autoDraw = True
611.8484 	EXP 	line_3: autoDraw = True
611.8484 	EXP 	line4: autoDraw = True
611.8651 	EXP 	fixation: autoDraw = False
612.8489 	INFO 	Keyboard events cleared
612.8487 	EXP 	probe: autoDraw = True
613.5820 	EXP 	Device response: <KeyPress from None: t=613.5672992999998, value=v, duration=None>
613.5824 	EXP 	New trial (rep=3, index=0): <Trial 12 (0 in rep 3) data={'pos': np.int64(50), 'corr_resp': 'c', 'thisN': 12, 'thisTrialN': 0, 'thisRepN': 3}>
613.5838 	DATA 	Keypress: v
613.5975 	EXP 	fixation: autoDraw = False
613.5975 	EXP 	line1: autoDraw = False
613.5975 	EXP 	line_2: autoDraw = False
613.5975 	EXP 	line_3: autoDraw = False
613.5975 	EXP 	line4: autoDraw = False
613.5975 	EXP 	probe: autoDraw = False
613.5975 	EXP 	fixation: autoDraw = True
613.6487 	EXP 	Device response: <KeyPress from None: t=613.5672992999998, value=v, duration=0.0732892000000902>
614.5816 	EXP 	line1: autoDraw = True
614.5816 	EXP 	line_2: autoDraw = True
614.5816 	EXP 	line_3: autoDraw = True
614.5816 	EXP 	line4: autoDraw = True
614.5984 	EXP 	fixation: autoDraw = False
615.5818 	INFO 	Keyboard events cleared
615.5816 	EXP 	probe: autoDraw = True
616.4319 	EXP 	Device response: <KeyPress from None: t=616.4248665999999, value=c, duration=None>
616.4323 	EXP 	New trial (rep=3, index=1): <Trial 13 (1 in rep 3) data={'pos': np.int64(-50), 'corr_resp': 'x', 'thisN': 13, 'thisTrialN': 1, 'thisRepN': 3}>
616.4338 	DATA 	Keypress: c
616.4485 	EXP 	fixation: autoDraw = False
616.4485 	EXP 	line1: autoDraw = False
616.4485 	EXP 	line_2: autoDraw = False
616.4485 	EXP 	line_3: autoDraw = False
616.4485 	EXP 	line4: autoDraw = False
616.4485 	EXP 	probe: autoDraw = False
616.4485 	EXP 	fixation: autoDraw = True
616.4981 	EXP 	Device response: <KeyPress from None: t=616.4248665999999, value=c, duration=0.05757690000018556>
617.4316 	EXP 	line1: autoDraw = True
617.4316 	EXP 	line_2: autoDraw = True
617.4316 	EXP 	line_3: autoDraw = True
617.4316 	EXP 	line4: autoDraw = True
617.4483 	EXP 	fixation: autoDraw = False
618.4317 	INFO 	Keyboard events cleared
618.4316 	EXP 	probe: autoDraw = True
619.3818 	EXP 	Device response: <KeyPress from None: t=619.3790476999998, value=x, duration=None>
619.3822 	EXP 	New trial (rep=3, index=2): <Trial 14 (2 in rep 3) data={'pos': np.int64(-150), 'corr_resp': 'z', 'thisN': 14, 'thisTrialN': 2, 'thisRepN': 3}>
619.3836 	DATA 	Keypress: x
619.3981 	EXP 	fixation: autoDraw = False
619.3981 	EXP 	line1: autoDraw = False
619.3981 	EXP 	line_2: autoDraw = False
619.3981 	EXP 	line_3: autoDraw = False
619.3981 	EXP 	line4: autoDraw = False
619.3981 	EXP 	probe: autoDraw = False
619.3981 	EXP 	fixation: autoDraw = True
619.4321 	EXP 	Device response: <KeyPress from None: t=619.3790476999998, value=x, duration=0.050421100000221486>
620.3817 	EXP 	line1: autoDraw = True
620.3817 	EXP 	line_2: autoDraw = True
620.3817 	EXP 	line_3: autoDraw = True
620.3817 	EXP 	line4: autoDraw = True
620.3983 	EXP 	fixation: autoDraw = False
621.3819 	INFO 	Keyboard events cleared
621.3817 	EXP 	probe: autoDraw = True
622.2488 	EXP 	Device response: <KeyPress from None: t=622.2356342999997, value=z, duration=None>
622.2491 	EXP 	New trial (rep=3, index=3): <Trial 15 (3 in rep 3) data={'pos': np.int64(150), 'corr_resp': 'v', 'thisN': 15, 'thisTrialN': 3, 'thisRepN': 3}>
622.2505 	DATA 	Keypress: z
622.2651 	EXP 	fixation: autoDraw = False
622.2651 	EXP 	line1: autoDraw = False
622.2651 	EXP 	line_2: autoDraw = False
622.2651 	EXP 	line_3: autoDraw = False
622.2651 	EXP 	line4: autoDraw = False
622.2651 	EXP 	probe: autoDraw = False
622.2651 	EXP 	fixation: autoDraw = True
622.3154 	EXP 	Device response: <KeyPress from None: t=622.2356342999997, value=z, duration=0.06694820000029722>
623.2483 	EXP 	line1: autoDraw = True
623.2483 	EXP 	line_2: autoDraw = True
623.2483 	EXP 	line_3: autoDraw = True
623.2483 	EXP 	line4: autoDraw = True
623.2650 	EXP 	fixation: autoDraw = False
624.2487 	INFO 	Keyboard events cleared
624.2485 	EXP 	probe: autoDraw = True
625.1990 	EXP 	Device response: <KeyPress from None: t=625.1862022999999, value=v, duration=None>
625.1994 	EXP 	New trial (rep=4, index=0): <Trial 16 (0 in rep 4) data={'pos': np.int64(-150), 'corr_resp': 'z', 'thisN': 16, 'thisTrialN': 0, 'thisRepN': 4}>
625.2007 	DATA 	Keypress: v
625.2151 	EXP 	fixation: autoDraw = False
625.2151 	EXP 	line1: autoDraw = False
625.2151 	EXP 	line_2: autoDraw = False
625.2151 	EXP 	line_3: autoDraw = False
625.2151 	EXP 	line4: autoDraw = False
625.2151 	EXP 	probe: autoDraw = False
625.2151 	EXP 	fixation: autoDraw = True
625.2665 	EXP 	Device response: <KeyPress from None: t=625.1862022999999, value=v, duration=0.06852470000012545>
626.2150 	EXP 	fixation: autoDraw = False
626.2150 	EXP 	line1: autoDraw = True
626.2150 	EXP 	line_2: autoDraw = True
626.2150 	EXP 	line_3: autoDraw = True
626.2150 	EXP 	line4: autoDraw = True
627.2149 	INFO 	Keyboard events cleared
627.2147 	EXP 	probe: autoDraw = True
628.7157 	EXP 	Device response: <KeyPress from None: t=628.7067543999997, value=z, duration=None>
628.7161 	EXP 	New trial (rep=4, index=1): <Trial 17 (1 in rep 4) data={'pos': np.int64(150), 'corr_resp': 'v', 'thisN': 17, 'thisTrialN': 1, 'thisRepN': 4}>
628.7174 	DATA 	Keypress: z
628.7317 	EXP 	fixation: autoDraw = False
628.7317 	EXP 	line1: autoDraw = False
628.7317 	EXP 	line_2: autoDraw = False
628.7317 	EXP 	line_3: autoDraw = False
628.7317 	EXP 	line4: autoDraw = False
628.7317 	EXP 	probe: autoDraw = False
628.7317 	EXP 	fixation: autoDraw = True
628.7652 	EXP 	Device response: <KeyPress from None: t=628.7067543999997, value=z, duration=0.055564200000389974>
629.7319 	EXP 	fixation: autoDraw = False
629.7319 	EXP 	line1: autoDraw = True
629.7319 	EXP 	line_2: autoDraw = True
629.7319 	EXP 	line_3: autoDraw = True
629.7319 	EXP 	line4: autoDraw = True
630.7319 	INFO 	Keyboard events cleared
630.7318 	EXP 	probe: autoDraw = True
631.5322 	EXP 	Device response: <KeyPress from None: t=631.5175807, value=v, duration=None>
631.5326 	EXP 	New trial (rep=4, index=2): <Trial 18 (2 in rep 4) data={'pos': np.int64(-50), 'corr_resp': 'x', 'thisN': 18, 'thisTrialN': 2, 'thisRepN': 4}>
631.5339 	DATA 	Keypress: v
631.5475 	EXP 	fixation: autoDraw = False
631.5475 	EXP 	line1: autoDraw = False
631.5475 	EXP 	line_2: autoDraw = False
631.5475 	EXP 	line_3: autoDraw = False
631.5475 	EXP 	line4: autoDraw = False
631.5475 	EXP 	probe: autoDraw = False
631.5475 	EXP 	fixation: autoDraw = True
631.6154 	EXP 	Device response: <KeyPress from None: t=631.5175807, value=v, duration=0.08313459999999395>
632.5480 	EXP 	fixation: autoDraw = False
632.5480 	EXP 	line1: autoDraw = True
632.5480 	EXP 	line_2: autoDraw = True
632.5480 	EXP 	line_3: autoDraw = True
632.5480 	EXP 	line4: autoDraw = True
633.5318 	INFO 	Keyboard events cleared
633.5317 	EXP 	probe: autoDraw = True
634.4324 	EXP 	Device response: <KeyPress from None: t=634.4276076000001, value=x, duration=None>
634.4328 	EXP 	New trial (rep=4, index=3): <Trial 19 (3 in rep 4) data={'pos': np.int64(50), 'corr_resp': 'c', 'thisN': 19, 'thisTrialN': 3, 'thisRepN': 4}>
634.4340 	DATA 	Keypress: x
634.4478 	EXP 	fixation: autoDraw = False
634.4478 	EXP 	line1: autoDraw = False
634.4478 	EXP 	line_2: autoDraw = False
634.4478 	EXP 	line_3: autoDraw = False
634.4478 	EXP 	line4: autoDraw = False
634.4478 	EXP 	probe: autoDraw = False
634.4478 	EXP 	fixation: autoDraw = True
634.5320 	EXP 	Device response: <KeyPress from None: t=634.4276076000001, value=x, duration=0.09158099999967817>
635.4317 	EXP 	line1: autoDraw = True
635.4317 	EXP 	line_2: autoDraw = True
635.4317 	EXP 	line_3: autoDraw = True
635.4317 	EXP 	line4: autoDraw = True
635.4483 	EXP 	fixation: autoDraw = False
636.4321 	INFO 	Keyboard events cleared
636.4320 	EXP 	probe: autoDraw = True
637.5488 	EXP 	Device response: <KeyPress from None: t=637.5449329999997, value=c, duration=None>
637.5492 	EXP 	New trial (rep=5, index=0): <Trial 20 (0 in rep 5) data={'pos': np.int64(50), 'corr_resp': 'c', 'thisN': 20, 'thisTrialN': 0, 'thisRepN': 5}>
637.5505 	DATA 	Keypress: c
637.5652 	EXP 	fixation: autoDraw = False
637.5652 	EXP 	line1: autoDraw = False
637.5652 	EXP 	line_2: autoDraw = False
637.5652 	EXP 	line_3: autoDraw = False
637.5652 	EXP 	line4: autoDraw = False
637.5652 	EXP 	probe: autoDraw = False
637.5652 	EXP 	fixation: autoDraw = True
637.7822 	EXP 	Device response: <KeyPress from None: t=637.5449329999997, value=c, duration=0.22138910000012402>
638.5483 	EXP 	line1: autoDraw = True
638.5483 	EXP 	line_2: autoDraw = True
638.5483 	EXP 	line_3: autoDraw = True
638.5483 	EXP 	line4: autoDraw = True
638.5651 	EXP 	fixation: autoDraw = False
639.5485 	INFO 	Keyboard events cleared
639.5483 	EXP 	probe: autoDraw = True
640.5826 	EXP 	Device response: <KeyPress from None: t=640.5719123999997, value=c, duration=None>
640.5829 	EXP 	New trial (rep=5, index=1): <Trial 21 (1 in rep 5) data={'pos': np.int64(-50), 'corr_resp': 'x', 'thisN': 21, 'thisTrialN': 1, 'thisRepN': 5}>
640.5842 	DATA 	Keypress: c
640.5990 	EXP 	fixation: autoDraw = False
640.5990 	EXP 	line1: autoDraw = False
640.5990 	EXP 	line_2: autoDraw = False
640.5990 	EXP 	line_3: autoDraw = False
640.5990 	EXP 	line4: autoDraw = False
640.5990 	EXP 	probe: autoDraw = False
640.5990 	EXP 	fixation: autoDraw = True
640.7313 	EXP 	Device response: <KeyPress from None: t=640.5719123999997, value=c, duration=0.14343550000012328>
641.5820 	EXP 	line1: autoDraw = True
641.5820 	EXP 	line_2: autoDraw = True
641.5820 	EXP 	line_3: autoDraw = True
641.5820 	EXP 	line4: autoDraw = True
641.5983 	EXP 	fixation: autoDraw = False
642.5985 	INFO 	Keyboard events cleared
642.5984 	EXP 	probe: autoDraw = True
643.3656 	EXP 	Device response: <KeyPress from None: t=643.3592513999997, value=x, duration=None>
643.3659 	EXP 	New trial (rep=5, index=2): <Trial 22 (2 in rep 5) data={'pos': np.int64(-150), 'corr_resp': 'z', 'thisN': 22, 'thisTrialN': 2, 'thisRepN': 5}>
643.3673 	DATA 	Keypress: x
643.3819 	EXP 	fixation: autoDraw = False
643.3819 	EXP 	line1: autoDraw = False
643.3819 	EXP 	line_2: autoDraw = False
643.3819 	EXP 	line_3: autoDraw = False
643.3819 	EXP 	line4: autoDraw = False
643.3819 	EXP 	probe: autoDraw = False
643.3819 	EXP 	fixation: autoDraw = True
643.4981 	EXP 	Device response: <KeyPress from None: t=643.3592513999997, value=x, duration=0.12415540000029068>
644.3649 	EXP 	line1: autoDraw = True
644.3649 	EXP 	line_2: autoDraw = True
644.3649 	EXP 	line_3: autoDraw = True
644.3649 	EXP 	line4: autoDraw = True
644.3821 	EXP 	fixation: autoDraw = False
645.3654 	INFO 	Keyboard events cleared
645.3652 	EXP 	probe: autoDraw = True
646.1488 	EXP 	Device response: <KeyPress from None: t=646.1482870999998, value=z, duration=None>
646.1492 	EXP 	New trial (rep=5, index=3): <Trial 23 (3 in rep 5) data={'pos': np.int64(150), 'corr_resp': 'v', 'thisN': 23, 'thisTrialN': 3, 'thisRepN': 5}>
646.1508 	DATA 	Keypress: z
646.1652 	EXP 	fixation: autoDraw = False
646.1652 	EXP 	line1: autoDraw = False
646.1652 	EXP 	line_2: autoDraw = False
646.1652 	EXP 	line_3: autoDraw = False
646.1652 	EXP 	line4: autoDraw = False
646.1652 	EXP 	probe: autoDraw = False
646.1652 	EXP 	fixation: autoDraw = True
646.2657 	EXP 	Device response: <KeyPress from None: t=646.1482870999998, value=z, duration=0.10424109999985376>
647.1484 	EXP 	line1: autoDraw = True
647.1484 	EXP 	line_2: autoDraw = True
647.1484 	EXP 	line_3: autoDraw = True
647.1484 	EXP 	line4: autoDraw = True
647.1657 	EXP 	fixation: autoDraw = False
648.1485 	INFO 	Keyboard events cleared
648.1483 	EXP 	probe: autoDraw = True
648.8656 	EXP 	Device response: <KeyPress from None: t=648.8512430999999, value=v, duration=None>
648.8660 	EXP 	New trial (rep=6, index=0): <Trial 24 (0 in rep 6) data={'pos': np.int64(50), 'corr_resp': 'c', 'thisN': 24, 'thisTrialN': 0, 'thisRepN': 6}>
648.8674 	DATA 	Keypress: v
648.8823 	EXP 	fixation: autoDraw = False
648.8823 	EXP 	line1: autoDraw = False
648.8823 	EXP 	line_2: autoDraw = False
648.8823 	EXP 	line_3: autoDraw = False
648.8823 	EXP 	line4: autoDraw = False
648.8823 	EXP 	probe: autoDraw = False
648.8823 	EXP 	fixation: autoDraw = True
648.9487 	EXP 	Device response: <KeyPress from None: t=648.8512430999999, value=v, duration=0.08486379999976634>
649.8651 	EXP 	line1: autoDraw = True
649.8651 	EXP 	line_2: autoDraw = True
649.8651 	EXP 	line_3: autoDraw = True
649.8651 	EXP 	line4: autoDraw = True
649.8818 	EXP 	fixation: autoDraw = False
650.8652 	INFO 	Keyboard events cleared
650.8651 	EXP 	probe: autoDraw = True
651.9671 	DATA 	Keypress: c
651.9817 	EXP 	Device response: <KeyPress from None: t=651.9659764999997, value=c, duration=None>
651.9821 	EXP 	New trial (rep=6, index=1): <Trial 25 (1 in rep 6) data={'pos': np.int64(-50), 'corr_resp': 'x', 'thisN': 25, 'thisTrialN': 1, 'thisRepN': 6}>
651.9985 	EXP 	fixation: autoDraw = False
651.9985 	EXP 	line1: autoDraw = False
651.9985 	EXP 	line_2: autoDraw = False
651.9985 	EXP 	line_3: autoDraw = False
651.9985 	EXP 	line4: autoDraw = False
651.9985 	EXP 	probe: autoDraw = False
651.9985 	EXP 	fixation: autoDraw = True
652.0822 	EXP 	Device response: <KeyPress from None: t=651.9659764999997, value=c, duration=0.10626600000023245>
652.9818 	EXP 	line1: autoDraw = True
652.9818 	EXP 	line_2: autoDraw = True
652.9818 	EXP 	line_3: autoDraw = True
652.9818 	EXP 	line4: autoDraw = True
652.9985 	EXP 	fixation: autoDraw = False
653.9820 	INFO 	Keyboard events cleared
653.9819 	EXP 	probe: autoDraw = True
654.8656 	EXP 	Device response: <KeyPress from None: t=654.8514424, value=x, duration=None>
654.8660 	EXP 	New trial (rep=6, index=2): <Trial 26 (2 in rep 6) data={'pos': np.int64(-150), 'corr_resp': 'z', 'thisN': 26, 'thisTrialN': 2, 'thisRepN': 6}>
654.8673 	DATA 	Keypress: x
654.8821 	EXP 	fixation: autoDraw = False
654.8821 	EXP 	line1: autoDraw = False
654.8821 	EXP 	line_2: autoDraw = False
654.8821 	EXP 	line_3: autoDraw = False
654.8821 	EXP 	line4: autoDraw = False
654.8821 	EXP 	probe: autoDraw = False
654.8821 	EXP 	fixation: autoDraw = True
654.9989 	EXP 	Device response: <KeyPress from None: t=654.8514424, value=x, duration=0.13749289999987013>
655.8651 	EXP 	line1: autoDraw = True
655.8651 	EXP 	line_2: autoDraw = True
655.8651 	EXP 	line_3: autoDraw = True
655.8651 	EXP 	line4: autoDraw = True
655.8852 	EXP 	fixation: autoDraw = False
656.8655 	INFO 	Keyboard events cleared
656.8653 	EXP 	probe: autoDraw = True
657.7823 	EXP 	Device response: <KeyPress from None: t=657.7717229, value=z, duration=None>
657.7827 	EXP 	New trial (rep=6, index=3): <Trial 27 (3 in rep 6) data={'pos': np.int64(150), 'corr_resp': 'v', 'thisN': 27, 'thisTrialN': 3, 'thisRepN': 6}>
657.7840 	DATA 	Keypress: z
657.7982 	EXP 	fixation: autoDraw = False
657.7982 	EXP 	line1: autoDraw = False
657.7982 	EXP 	line_2: autoDraw = False
657.7982 	EXP 	line_3: autoDraw = False
657.7982 	EXP 	line4: autoDraw = False
657.7982 	EXP 	probe: autoDraw = False
657.7982 	EXP 	fixation: autoDraw = True
657.9157 	EXP 	Device response: <KeyPress from None: t=657.7717229, value=z, duration=0.12755740000011428>
658.7818 	EXP 	line1: autoDraw = True
658.7818 	EXP 	line_2: autoDraw = True
658.7818 	EXP 	line_3: autoDraw = True
658.7818 	EXP 	line4: autoDraw = True
658.7987 	EXP 	fixation: autoDraw = False
659.7820 	INFO 	Keyboard events cleared
659.7818 	EXP 	probe: autoDraw = True
660.5010 	DATA 	Keypress: v
660.5163 	EXP 	Device response: <KeyPress from None: t=660.4993442, value=v, duration=None>
660.5167 	EXP 	New trial (rep=7, index=0): <Trial 28 (0 in rep 7) data={'pos': np.int64(-50), 'corr_resp': 'x', 'thisN': 28, 'thisTrialN': 0, 'thisRepN': 7}>
660.5316 	EXP 	fixation: autoDraw = False
660.5316 	EXP 	line1: autoDraw = False
660.5316 	EXP 	line_2: autoDraw = False
660.5316 	EXP 	line_3: autoDraw = False
660.5316 	EXP 	line4: autoDraw = False
660.5316 	EXP 	probe: autoDraw = False
660.5316 	EXP 	fixation: autoDraw = True
660.5822 	EXP 	Device response: <KeyPress from None: t=660.4993442, value=v, duration=0.07445689999985916>
661.5321 	EXP 	fixation: autoDraw = False
661.5321 	EXP 	line1: autoDraw = True
661.5321 	EXP 	line_2: autoDraw = True
661.5321 	EXP 	line_3: autoDraw = True
661.5321 	EXP 	line4: autoDraw = True
662.5320 	INFO 	Keyboard events cleared
662.5319 	EXP 	probe: autoDraw = True
663.2491 	EXP 	Device response: <KeyPress from None: t=663.2353195000001, value=x, duration=None>
663.2496 	EXP 	New trial (rep=7, index=1): <Trial 29 (1 in rep 7) data={'pos': np.int64(50), 'corr_resp': 'c', 'thisN': 29, 'thisTrialN': 1, 'thisRepN': 7}>
663.2510 	DATA 	Keypress: x
663.2660 	EXP 	fixation: autoDraw = False
663.2660 	EXP 	line1: autoDraw = False
663.2660 	EXP 	line_2: autoDraw = False
663.2660 	EXP 	line_3: autoDraw = False
663.2660 	EXP 	line4: autoDraw = False
663.2660 	EXP 	probe: autoDraw = False
663.2660 	EXP 	fixation: autoDraw = True
663.3321 	EXP 	Device response: <KeyPress from None: t=663.2353195000001, value=x, duration=0.08810909999965588>
664.2486 	EXP 	line1: autoDraw = True
664.2486 	EXP 	line_2: autoDraw = True
664.2486 	EXP 	line_3: autoDraw = True
664.2486 	EXP 	line4: autoDraw = True
664.2654 	EXP 	fixation: autoDraw = False
665.2486 	INFO 	Keyboard events cleared
665.2485 	EXP 	probe: autoDraw = True
666.0495 	EXP 	Device response: <KeyPress from None: t=666.0397008, value=c, duration=None>
666.0498 	EXP 	New trial (rep=7, index=2): <Trial 30 (2 in rep 7) data={'pos': np.int64(150), 'corr_resp': 'v', 'thisN': 30, 'thisTrialN': 2, 'thisRepN': 7}>
666.0516 	DATA 	Keypress: c
666.0650 	EXP 	fixation: autoDraw = False
666.0650 	EXP 	line1: autoDraw = False
666.0650 	EXP 	line_2: autoDraw = False
666.0650 	EXP 	line_3: autoDraw = False
666.0650 	EXP 	line4: autoDraw = False
666.0650 	EXP 	probe: autoDraw = False
666.0650 	EXP 	fixation: autoDraw = True
666.1327 	EXP 	Device response: <KeyPress from None: t=666.0397008, value=c, duration=0.08811509999986811>
667.0649 	EXP 	fixation: autoDraw = False
667.0649 	EXP 	line1: autoDraw = True
667.0649 	EXP 	line_2: autoDraw = True
667.0649 	EXP 	line_3: autoDraw = True
667.0649 	EXP 	line4: autoDraw = True
668.0653 	INFO 	Keyboard events cleared
668.0651 	EXP 	probe: autoDraw = True
668.9154 	EXP 	Device response: <KeyPress from None: t=668.9032499999998, value=v, duration=None>
668.9157 	EXP 	New trial (rep=7, index=3): <Trial 31 (3 in rep 7) data={'pos': np.int64(-150), 'corr_resp': 'z', 'thisN': 31, 'thisTrialN': 3, 'thisRepN': 7}>
668.9169 	DATA 	Keypress: v
668.9317 	EXP 	fixation: autoDraw = False
668.9317 	EXP 	line1: autoDraw = False
668.9317 	EXP 	line_2: autoDraw = False
668.9317 	EXP 	line_3: autoDraw = False
668.9317 	EXP 	line4: autoDraw = False
668.9317 	EXP 	probe: autoDraw = False
668.9317 	EXP 	fixation: autoDraw = True
668.9822 	EXP 	Device response: <KeyPress from None: t=668.9032499999998, value=v, duration=0.07592120000026625>
669.9152 	EXP 	line1: autoDraw = True
669.9152 	EXP 	line_2: autoDraw = True
669.9152 	EXP 	line_3: autoDraw = True
669.9152 	EXP 	line4: autoDraw = True
669.9318 	EXP 	fixation: autoDraw = False
670.9156 	INFO 	Keyboard events cleared
670.9154 	EXP 	probe: autoDraw = True
673.2824 	EXP 	Device response: <KeyPress from None: t=673.2766274, value=z, duration=None>
673.2828 	EXP 	New trial (rep=8, index=0): <Trial 32 (0 in rep 8) data={'pos': np.int64(50), 'corr_resp': 'c', 'thisN': 32, 'thisTrialN': 0, 'thisRepN': 8}>
673.2840 	DATA 	Keypress: z
673.2985 	EXP 	fixation: autoDraw = False
673.2985 	EXP 	line1: autoDraw = False
673.2985 	EXP 	line_2: autoDraw = False
673.2985 	EXP 	line_3: autoDraw = False
673.2985 	EXP 	line4: autoDraw = False
673.2985 	EXP 	probe: autoDraw = False
673.2985 	EXP 	fixation: autoDraw = True
673.4324 	EXP 	Device response: <KeyPress from None: t=673.2766274, value=z, duration=0.14352199999984805>
674.2819 	EXP 	line1: autoDraw = True
674.2819 	EXP 	line_2: autoDraw = True
674.2819 	EXP 	line_3: autoDraw = True
674.2819 	EXP 	line4: autoDraw = True
674.2987 	EXP 	fixation: autoDraw = False
675.2821 	INFO 	Keyboard events cleared
675.2820 	EXP 	probe: autoDraw = True
676.6654 	EXP 	Device response: <KeyPress from None: t=676.6584951999998, value=c, duration=None>
676.6658 	EXP 	New trial (rep=8, index=1): <Trial 33 (1 in rep 8) data={'pos': np.int64(-50), 'corr_resp': 'x', 'thisN': 33, 'thisTrialN': 1, 'thisRepN': 8}>
676.6672 	DATA 	Keypress: c
676.6820 	EXP 	fixation: autoDraw = False
676.6820 	EXP 	line1: autoDraw = False
676.6820 	EXP 	line_2: autoDraw = False
676.6820 	EXP 	line_3: autoDraw = False
676.6820 	EXP 	line4: autoDraw = False
676.6820 	EXP 	probe: autoDraw = False
676.6820 	EXP 	fixation: autoDraw = True
676.8156 	EXP 	Device response: <KeyPress from None: t=676.6584951999998, value=c, duration=0.14126840000017182>
677.6652 	EXP 	line1: autoDraw = True
677.6652 	EXP 	line_2: autoDraw = True
677.6652 	EXP 	line_3: autoDraw = True
677.6652 	EXP 	line4: autoDraw = True
677.6819 	EXP 	fixation: autoDraw = False
678.6663 	INFO 	Keyboard events cleared
678.6662 	EXP 	probe: autoDraw = True
679.1987 	EXP 	Device response: <KeyPress from None: t=679.1911373999997, value=x, duration=None>
679.1990 	EXP 	New trial (rep=8, index=2): <Trial 34 (2 in rep 8) data={'pos': np.int64(-150), 'corr_resp': 'z', 'thisN': 34, 'thisTrialN': 2, 'thisRepN': 8}>
679.2004 	DATA 	Keypress: x
679.2153 	EXP 	fixation: autoDraw = False
679.2153 	EXP 	line1: autoDraw = False
679.2153 	EXP 	line_2: autoDraw = False
679.2153 	EXP 	line_3: autoDraw = False
679.2153 	EXP 	line4: autoDraw = False
679.2153 	EXP 	probe: autoDraw = False
679.2153 	EXP 	fixation: autoDraw = True
679.3493 	EXP 	Device response: <KeyPress from None: t=679.1911373999997, value=x, duration=0.14984240000012505>
680.1986 	EXP 	line1: autoDraw = True
680.1986 	EXP 	line_2: autoDraw = True
680.1986 	EXP 	line_3: autoDraw = True
680.1986 	EXP 	line4: autoDraw = True
680.2152 	EXP 	fixation: autoDraw = False
681.1990 	INFO 	Keyboard events cleared
681.1988 	EXP 	probe: autoDraw = True
681.5823 	EXP 	Device response: <KeyPress from None: t=681.5685395999999, value=z, duration=None>
681.5827 	EXP 	New trial (rep=8, index=3): <Trial 35 (3 in rep 8) data={'pos': np.int64(150), 'corr_resp': 'v', 'thisN': 35, 'thisTrialN': 3, 'thisRepN': 8}>
681.5841 	DATA 	Keypress: z
681.5987 	EXP 	fixation: autoDraw = False
681.5987 	EXP 	line1: autoDraw = False
681.5987 	EXP 	line_2: autoDraw = False
681.5987 	EXP 	line_3: autoDraw = False
681.5987 	EXP 	line4: autoDraw = False
681.5987 	EXP 	probe: autoDraw = False
681.5987 	EXP 	fixation: autoDraw = True
681.7159 	EXP 	Device response: <KeyPress from None: t=681.5685395999999, value=z, duration=0.14088420000007318>
682.5829 	EXP 	line1: autoDraw = True
682.5829 	EXP 	line_2: autoDraw = True
682.5829 	EXP 	line_3: autoDraw = True
682.5829 	EXP 	line4: autoDraw = True
682.5985 	EXP 	fixation: autoDraw = False
683.5822 	INFO 	Keyboard events cleared
683.5821 	EXP 	probe: autoDraw = True
683.9660 	EXP 	Device response: <KeyPress from None: t=683.9526754999997, value=v, duration=None>
683.9664 	EXP 	New trial (rep=9, index=0): <Trial 36 (0 in rep 9) data={'pos': np.int64(-150), 'corr_resp': 'z', 'thisN': 36, 'thisTrialN': 0, 'thisRepN': 9}>
683.9678 	DATA 	Keypress: v
683.9820 	EXP 	fixation: autoDraw = False
683.9820 	EXP 	line1: autoDraw = False
683.9820 	EXP 	line_2: autoDraw = False
683.9820 	EXP 	line_3: autoDraw = False
683.9820 	EXP 	line4: autoDraw = False
683.9820 	EXP 	probe: autoDraw = False
683.9820 	EXP 	fixation: autoDraw = True
684.0994 	EXP 	Device response: <KeyPress from None: t=683.9526754999997, value=v, duration=0.13640190000023722>
684.9650 	EXP 	line1: autoDraw = True
684.9650 	EXP 	line_2: autoDraw = True
684.9650 	EXP 	line_3: autoDraw = True
684.9650 	EXP 	line4: autoDraw = True
684.9819 	EXP 	fixation: autoDraw = False
685.9654 	INFO 	Keyboard events cleared
685.9653 	EXP 	probe: autoDraw = True
686.8659 	EXP 	Device response: <KeyPress from None: t=686.8542861000001, value=z, duration=None>
686.8663 	EXP 	New trial (rep=9, index=1): <Trial 37 (1 in rep 9) data={'pos': np.int64(150), 'corr_resp': 'v', 'thisN': 37, 'thisTrialN': 1, 'thisRepN': 9}>
686.8676 	DATA 	Keypress: z
686.8822 	EXP 	fixation: autoDraw = False
686.8822 	EXP 	line1: autoDraw = False
686.8822 	EXP 	line_2: autoDraw = False
686.8822 	EXP 	line_3: autoDraw = False
686.8822 	EXP 	line4: autoDraw = False
686.8822 	EXP 	probe: autoDraw = False
686.8822 	EXP 	fixation: autoDraw = True
687.0156 	EXP 	Device response: <KeyPress from None: t=686.8542861000001, value=z, duration=0.15851329999986774>
687.8654 	EXP 	line1: autoDraw = True
687.8654 	EXP 	line_2: autoDraw = True
687.8654 	EXP 	line_3: autoDraw = True
687.8654 	EXP 	line4: autoDraw = True
687.8822 	EXP 	fixation: autoDraw = False
688.8655 	INFO 	Keyboard events cleared
688.8654 	EXP 	probe: autoDraw = True
689.2323 	EXP 	Device response: <KeyPress from None: t=689.229738, value=v, duration=None>
689.2331 	EXP 	New trial (rep=9, index=2): <Trial 38 (2 in rep 9) data={'pos': np.int64(50), 'corr_resp': 'c', 'thisN': 38, 'thisTrialN': 2, 'thisRepN': 9}>
689.2344 	DATA 	Keypress: v
689.2488 	EXP 	fixation: autoDraw = False
689.2488 	EXP 	line1: autoDraw = False
689.2488 	EXP 	line_2: autoDraw = False
689.2488 	EXP 	line_3: autoDraw = False
689.2488 	EXP 	line4: autoDraw = False
689.2488 	EXP 	probe: autoDraw = False
689.2488 	EXP 	fixation: autoDraw = True
689.4489 	EXP 	Device response: <KeyPress from None: t=689.229738, value=v, duration=0.2157904000000599>
690.2317 	EXP 	line1: autoDraw = True
690.2317 	EXP 	line_2: autoDraw = True
690.2317 	EXP 	line_3: autoDraw = True
690.2317 	EXP 	line4: autoDraw = True
690.2485 	EXP 	fixation: autoDraw = False
691.2321 	INFO 	Keyboard events cleared
691.2320 	EXP 	probe: autoDraw = True
691.7658 	EXP 	Device response: <KeyPress from None: t=691.7547357999997, value=c, duration=None>
691.7662 	EXP 	New trial (rep=9, index=3): <Trial 39 (3 in rep 9) data={'pos': np.int64(-50), 'corr_resp': 'x', 'thisN': 39, 'thisTrialN': 3, 'thisRepN': 9}>
691.7676 	DATA 	Keypress: c
691.7820 	EXP 	fixation: autoDraw = False
691.7820 	EXP 	line1: autoDraw = False
691.7820 	EXP 	line_2: autoDraw = False
691.7820 	EXP 	line_3: autoDraw = False
691.7820 	EXP 	line4: autoDraw = False
691.7820 	EXP 	probe: autoDraw = False
691.7820 	EXP 	fixation: autoDraw = True
691.9489 	EXP 	Device response: <KeyPress from None: t=691.7547357999997, value=c, duration=0.19108360000018365>
692.7653 	EXP 	line1: autoDraw = True
692.7653 	EXP 	line_2: autoDraw = True
692.7653 	EXP 	line_3: autoDraw = True
692.7653 	EXP 	line4: autoDraw = True
692.7820 	EXP 	fixation: autoDraw = False
693.7655 	INFO 	Keyboard events cleared
693.7653 	EXP 	probe: autoDraw = True
694.0340 	DATA 	Keypress: x
694.0492 	EXP 	Device response: <KeyPress from None: t=694.0331464999999, value=x, duration=None>
694.0497 	EXP 	New trial (rep=10, index=0): <Trial 40 (0 in rep 10) data={'pos': np.int64(-150), 'corr_resp': 'z', 'thisN': 40, 'thisTrialN': 0, 'thisRepN': 10}>
694.0655 	EXP 	fixation: autoDraw = False
694.0655 	EXP 	line1: autoDraw = False
694.0655 	EXP 	line_2: autoDraw = False
694.0655 	EXP 	line_3: autoDraw = False
694.0655 	EXP 	line4: autoDraw = False
694.0655 	EXP 	probe: autoDraw = False
694.0655 	EXP 	fixation: autoDraw = True
694.1834 	EXP 	Device response: <KeyPress from None: t=694.0331464999999, value=x, duration=0.148305000000164>
695.0486 	EXP 	line1: autoDraw = True
695.0486 	EXP 	line_2: autoDraw = True
695.0486 	EXP 	line_3: autoDraw = True
695.0486 	EXP 	line4: autoDraw = True
695.0648 	EXP 	fixation: autoDraw = False
696.0488 	INFO 	Keyboard events cleared
696.0486 	EXP 	probe: autoDraw = True
696.5346 	DATA 	Keypress: z
696.5489 	EXP 	Device response: <KeyPress from None: t=696.5336831, value=z, duration=None>
696.5493 	EXP 	New trial (rep=10, index=1): <Trial 41 (1 in rep 10) data={'pos': np.int64(-50), 'corr_resp': 'x', 'thisN': 41, 'thisTrialN': 1, 'thisRepN': 10}>
696.5654 	EXP 	fixation: autoDraw = False
696.5654 	EXP 	line1: autoDraw = False
696.5654 	EXP 	line_2: autoDraw = False
696.5654 	EXP 	line_3: autoDraw = False
696.5654 	EXP 	line4: autoDraw = False
696.5654 	EXP 	probe: autoDraw = False
696.5654 	EXP 	fixation: autoDraw = True
696.6992 	EXP 	Device response: <KeyPress from None: t=696.5336831, value=z, duration=0.16433989999995902>
697.5486 	EXP 	line1: autoDraw = True
697.5486 	EXP 	line_2: autoDraw = True
697.5486 	EXP 	line_3: autoDraw = True
697.5486 	EXP 	line4: autoDraw = True
697.5653 	EXP 	fixation: autoDraw = False
698.5491 	INFO 	Keyboard events cleared
698.5489 	EXP 	probe: autoDraw = True
698.8328 	EXP 	Device response: <KeyPress from None: t=698.8316070999999, value=x, duration=None>
698.8332 	EXP 	New trial (rep=10, index=2): <Trial 42 (2 in rep 10) data={'pos': np.int64(150), 'corr_resp': 'v', 'thisN': 42, 'thisTrialN': 2, 'thisRepN': 10}>
698.8345 	DATA 	Keypress: x
698.8487 	EXP 	fixation: autoDraw = False
698.8487 	EXP 	line1: autoDraw = False
698.8487 	EXP 	line_2: autoDraw = False
698.8487 	EXP 	line_3: autoDraw = False
698.8487 	EXP 	line4: autoDraw = False
698.8487 	EXP 	probe: autoDraw = False
698.8487 	EXP 	fixation: autoDraw = True
698.9987 	EXP 	Device response: <KeyPress from None: t=698.8316070999999, value=x, duration=0.15971649999983129>
699.8320 	EXP 	line1: autoDraw = True
699.8320 	EXP 	line_2: autoDraw = True
699.8320 	EXP 	line_3: autoDraw = True
699.8320 	EXP 	line4: autoDraw = True
699.8491 	EXP 	fixation: autoDraw = False
700.8489 	INFO 	Keyboard events cleared
700.8487 	EXP 	probe: autoDraw = True
701.6997 	EXP 	Device response: <KeyPress from None: t=701.6970492, value=v, duration=None>
701.7002 	EXP 	New trial (rep=10, index=3): <Trial 43 (3 in rep 10) data={'pos': np.int64(50), 'corr_resp': 'c', 'thisN': 43, 'thisTrialN': 3, 'thisRepN': 10}>
701.7021 	DATA 	Keypress: v
701.7149 	EXP 	fixation: autoDraw = False
701.7149 	EXP 	line1: autoDraw = False
701.7149 	EXP 	line_2: autoDraw = False
701.7149 	EXP 	line_3: autoDraw = False
701.7149 	EXP 	line4: autoDraw = False
701.7149 	EXP 	probe: autoDraw = False
701.7149 	EXP 	fixation: autoDraw = True
701.8325 	EXP 	Device response: <KeyPress from None: t=701.6970492, value=v, duration=0.11965559999998732>
702.7153 	EXP 	fixation: autoDraw = False
702.7153 	EXP 	line1: autoDraw = True
702.7153 	EXP 	line_2: autoDraw = True
702.7153 	EXP 	line_3: autoDraw = True
702.7153 	EXP 	line4: autoDraw = True
703.7155 	INFO 	Keyboard events cleared
703.7154 	EXP 	probe: autoDraw = True
704.5160 	EXP 	Device response: <KeyPress from None: t=704.5016805, value=c, duration=None>
704.5164 	EXP 	New trial (rep=11, index=0): <Trial 44 (0 in rep 11) data={'pos': np.int64(150), 'corr_resp': 'v', 'thisN': 44, 'thisTrialN': 0, 'thisRepN': 11}>
704.5178 	DATA 	Keypress: c
704.5320 	EXP 	fixation: autoDraw = False
704.5320 	EXP 	line1: autoDraw = False
704.5320 	EXP 	line_2: autoDraw = False
704.5320 	EXP 	line_3: autoDraw = False
704.5320 	EXP 	line4: autoDraw = False
704.5320 	EXP 	probe: autoDraw = False
704.5320 	EXP 	fixation: autoDraw = True
704.5989 	EXP 	Device response: <KeyPress from None: t=704.5016805, value=c, duration=0.09340569999994841>
705.5154 	EXP 	line1: autoDraw = True
705.5154 	EXP 	line_2: autoDraw = True
705.5154 	EXP 	line_3: autoDraw = True
705.5154 	EXP 	line4: autoDraw = True
705.5320 	EXP 	fixation: autoDraw = False
706.5153 	INFO 	Keyboard events cleared
706.5151 	EXP 	probe: autoDraw = True
706.9160 	EXP 	Device response: <KeyPress from None: t=706.9024706999999, value=b, duration=None>
706.9164 	EXP 	New trial (rep=11, index=1): <Trial 45 (1 in rep 11) data={'pos': np.int64(-50), 'corr_resp': 'x', 'thisN': 45, 'thisTrialN': 1, 'thisRepN': 11}>
706.9179 	DATA 	Keypress: b
706.9322 	EXP 	fixation: autoDraw = False
706.9322 	EXP 	line1: autoDraw = False
706.9322 	EXP 	line_2: autoDraw = False
706.9322 	EXP 	line_3: autoDraw = False
706.9322 	EXP 	line4: autoDraw = False
706.9322 	EXP 	probe: autoDraw = False
706.9322 	EXP 	fixation: autoDraw = True
707.0823 	EXP 	Device response: <KeyPress from None: t=706.9024706999999, value=b, duration=0.17662010000003647>
707.9154 	EXP 	line1: autoDraw = True
707.9154 	EXP 	line_2: autoDraw = True
707.9154 	EXP 	line_3: autoDraw = True
707.9154 	EXP 	line4: autoDraw = True
707.9320 	EXP 	fixation: autoDraw = False
708.9156 	INFO 	Keyboard events cleared
708.9154 	EXP 	probe: autoDraw = True
710.6838 	EXP 	Device response: <KeyPress from None: t=710.6817430000001, value=x, duration=None>
710.6842 	EXP 	New trial (rep=11, index=2): <Trial 46 (2 in rep 11) data={'pos': np.int64(50), 'corr_resp': 'c', 'thisN': 46, 'thisTrialN': 2, 'thisRepN': 11}>
710.6855 	DATA 	Keypress: x
710.6986 	EXP 	fixation: autoDraw = False
710.6986 	EXP 	line1: autoDraw = False
710.6986 	EXP 	line_2: autoDraw = False
710.6986 	EXP 	line_3: autoDraw = False
710.6986 	EXP 	line4: autoDraw = False
710.6986 	EXP 	probe: autoDraw = False
710.6986 	EXP 	fixation: autoDraw = True
710.7992 	EXP 	Device response: <KeyPress from None: t=710.6817430000001, value=x, duration=0.10329439999986789>
711.6988 	EXP 	fixation: autoDraw = False
711.6988 	EXP 	line1: autoDraw = True
711.6988 	EXP 	line_2: autoDraw = True
711.6988 	EXP 	line_3: autoDraw = True
711.6988 	EXP 	line4: autoDraw = True
712.6987 	INFO 	Keyboard events cleared
712.6985 	EXP 	probe: autoDraw = True
713.7678 	DATA 	Keypress: c
713.7825 	EXP 	Device response: <KeyPress from None: t=713.766494, value=c, duration=None>
713.7830 	EXP 	New trial (rep=11, index=3): <Trial 47 (3 in rep 11) data={'pos': np.int64(-150), 'corr_resp': 'z', 'thisN': 47, 'thisTrialN': 3, 'thisRepN': 11}>
713.7990 	EXP 	fixation: autoDraw = False
713.7990 	EXP 	line1: autoDraw = False
713.7990 	EXP 	line_2: autoDraw = False
713.7990 	EXP 	line_3: autoDraw = False
713.7990 	EXP 	line4: autoDraw = False
713.7990 	EXP 	probe: autoDraw = False
713.7990 	EXP 	fixation: autoDraw = True
713.9823 	EXP 	Device response: <KeyPress from None: t=713.766494, value=c, duration=0.20689979999997377>
714.7821 	EXP 	line1: autoDraw = True
714.7821 	EXP 	line_2: autoDraw = True
714.7821 	EXP 	line_3: autoDraw = True
714.7821 	EXP 	line4: autoDraw = True
714.7989 	EXP 	fixation: autoDraw = False
715.7822 	INFO 	Keyboard events cleared
715.7820 	EXP 	probe: autoDraw = True
716.4327 	EXP 	Device response: <KeyPress from None: t=716.4300534999998, value=z, duration=None>
716.4331 	EXP 	New trial (rep=12, index=0): <Trial 48 (0 in rep 12) data={'pos': np.int64(-150), 'corr_resp': 'z', 'thisN': 48, 'thisTrialN': 0, 'thisRepN': 12}>
716.4346 	DATA 	Keypress: z
716.4490 	EXP 	fixation: autoDraw = False
716.4490 	EXP 	line1: autoDraw = False
716.4490 	EXP 	line_2: autoDraw = False
716.4490 	EXP 	line_3: autoDraw = False
716.4490 	EXP 	line4: autoDraw = False
716.4490 	EXP 	probe: autoDraw = False
716.4490 	EXP 	fixation: autoDraw = True
716.5329 	EXP 	Device response: <KeyPress from None: t=716.4300534999998, value=z, duration=0.10114870000006704>
717.4321 	EXP 	line1: autoDraw = True
717.4321 	EXP 	line_2: autoDraw = True
717.4321 	EXP 	line_3: autoDraw = True
717.4321 	EXP 	line4: autoDraw = True
717.4496 	EXP 	fixation: autoDraw = False
718.4332 	INFO 	Keyboard events cleared
718.4330 	EXP 	probe: autoDraw = True
718.8825 	EXP 	Device response: <KeyPress from None: t=718.8718233999998, value=z, duration=None>
718.8830 	EXP 	New trial (rep=12, index=1): <Trial 49 (1 in rep 12) data={'pos': np.int64(-50), 'corr_resp': 'x', 'thisN': 49, 'thisTrialN': 1, 'thisRepN': 12}>
718.8845 	DATA 	Keypress: z
718.8989 	EXP 	fixation: autoDraw = False
718.8989 	EXP 	line1: autoDraw = False
718.8989 	EXP 	line_2: autoDraw = False
718.8989 	EXP 	line_3: autoDraw = False
718.8989 	EXP 	line4: autoDraw = False
718.8989 	EXP 	probe: autoDraw = False
718.8989 	EXP 	fixation: autoDraw = True
719.1159 	EXP 	Device response: <KeyPress from None: t=718.8718233999998, value=z, duration=0.24154170000019803>
719.8821 	EXP 	line1: autoDraw = True
719.8821 	EXP 	line_2: autoDraw = True
719.8821 	EXP 	line_3: autoDraw = True
719.8821 	EXP 	line4: autoDraw = True
719.8988 	EXP 	fixation: autoDraw = False
720.8989 	INFO 	Keyboard events cleared
720.8988 	EXP 	probe: autoDraw = True
721.4164 	EXP 	Device response: <KeyPress from None: t=721.4102712999997, value=x, duration=None>
721.4167 	EXP 	New trial (rep=12, index=2): <Trial 50 (2 in rep 12) data={'pos': np.int64(150), 'corr_resp': 'v', 'thisN': 50, 'thisTrialN': 2, 'thisRepN': 12}>
721.4180 	DATA 	Keypress: x
721.4321 	EXP 	fixation: autoDraw = False
721.4321 	EXP 	line1: autoDraw = False
721.4321 	EXP 	line_2: autoDraw = False
721.4321 	EXP 	line_3: autoDraw = False
721.4321 	EXP 	line4: autoDraw = False
721.4321 	EXP 	probe: autoDraw = False
721.4321 	EXP 	fixation: autoDraw = True
721.7159 	EXP 	Device response: <KeyPress from None: t=721.4102712999997, value=x, duration=0.29150620000018534>
722.4321 	EXP 	fixation: autoDraw = False
722.4321 	EXP 	line1: autoDraw = True
722.4321 	EXP 	line_2: autoDraw = True
722.4321 	EXP 	line_3: autoDraw = True
722.4321 	EXP 	line4: autoDraw = True
723.4327 	INFO 	Keyboard events cleared
723.4325 	EXP 	probe: autoDraw = True
724.2997 	EXP 	Device response: <KeyPress from None: t=724.2884454, value=v, duration=None>
724.3001 	EXP 	New trial (rep=12, index=3): <Trial 51 (3 in rep 12) data={'pos': np.int64(50), 'corr_resp': 'c', 'thisN': 51, 'thisTrialN': 3, 'thisRepN': 12}>
724.3017 	DATA 	Keypress: v
724.3153 	EXP 	fixation: autoDraw = False
724.3153 	EXP 	line1: autoDraw = False
724.3153 	EXP 	line_2: autoDraw = False
724.3153 	EXP 	line_3: autoDraw = False
724.3153 	EXP 	line4: autoDraw = False
724.3153 	EXP 	probe: autoDraw = False
724.3153 	EXP 	fixation: autoDraw = True
724.3659 	EXP 	Device response: <KeyPress from None: t=724.2884454, value=v, duration=0.06797809999989113>
725.2990 	EXP 	line1: autoDraw = True
725.2990 	EXP 	line_2: autoDraw = True
725.2990 	EXP 	line_3: autoDraw = True
725.2990 	EXP 	line4: autoDraw = True
725.3155 	EXP 	fixation: autoDraw = False
726.2987 	INFO 	Keyboard events cleared
726.2986 	EXP 	probe: autoDraw = True
727.0817 	EXP 	Device response: <KeyPress from None: t=727.0691695, value=c, duration=None>
727.0821 	EXP 	New trial (rep=13, index=0): <Trial 52 (0 in rep 13) data={'pos': np.int64(-150), 'corr_resp': 'z', 'thisN': 52, 'thisTrialN': 0, 'thisRepN': 13}>
727.0835 	DATA 	Keypress: c
727.0988 	EXP 	fixation: autoDraw = False
727.0988 	EXP 	line1: autoDraw = False
727.0988 	EXP 	line_2: autoDraw = False
727.0988 	EXP 	line_3: autoDraw = False
727.0988 	EXP 	line4: autoDraw = False
727.0988 	EXP 	probe: autoDraw = False
727.0988 	EXP 	fixation: autoDraw = True
727.1993 	EXP 	Device response: <KeyPress from None: t=727.0691695, value=c, duration=0.1214612999997371>
728.0823 	EXP 	line1: autoDraw = True
728.0823 	EXP 	line_2: autoDraw = True
728.0823 	EXP 	line_3: autoDraw = True
728.0823 	EXP 	line4: autoDraw = True
728.0988 	EXP 	fixation: autoDraw = False
729.0826 	INFO 	Keyboard events cleared
729.0824 	EXP 	probe: autoDraw = True
729.9844 	DATA 	Keypress: z
729.9986 	EXP 	Device response: <KeyPress from None: t=729.9832214999997, value=z, duration=None>
729.9990 	EXP 	New trial (rep=13, index=1): <Trial 53 (1 in rep 13) data={'pos': np.int64(150), 'corr_resp': 'v', 'thisN': 53, 'thisTrialN': 1, 'thisRepN': 13}>
730.0157 	EXP 	fixation: autoDraw = False
730.0157 	EXP 	line1: autoDraw = False
730.0157 	EXP 	line_2: autoDraw = False
730.0157 	EXP 	line_3: autoDraw = False
730.0157 	EXP 	line4: autoDraw = False
730.0157 	EXP 	probe: autoDraw = False
730.0157 	EXP 	fixation: autoDraw = True
730.0826 	EXP 	Device response: <KeyPress from None: t=729.9832214999997, value=z, duration=0.09246810000013284>
730.9989 	EXP 	line1: autoDraw = True
730.9989 	EXP 	line_2: autoDraw = True
730.9989 	EXP 	line_3: autoDraw = True
730.9989 	EXP 	line4: autoDraw = True
731.0155 	EXP 	fixation: autoDraw = False
731.9993 	INFO 	Keyboard events cleared
731.9991 	EXP 	probe: autoDraw = True
732.9846 	DATA 	Keypress: v
732.9985 	EXP 	Device response: <KeyPress from None: t=732.9826727, value=v, duration=None>
732.9989 	EXP 	New trial (rep=13, index=2): <Trial 54 (2 in rep 13) data={'pos': np.int64(50), 'corr_resp': 'c', 'thisN': 54, 'thisTrialN': 2, 'thisRepN': 13}>
733.0155 	EXP 	fixation: autoDraw = False
733.0155 	EXP 	line1: autoDraw = False
733.0155 	EXP 	line_2: autoDraw = False
733.0155 	EXP 	line_3: autoDraw = False
733.0155 	EXP 	line4: autoDraw = False
733.0155 	EXP 	probe: autoDraw = False
733.0155 	EXP 	fixation: autoDraw = True
733.1163 	EXP 	Device response: <KeyPress from None: t=732.9826727, value=v, duration=0.11967509999976755>
733.9989 	EXP 	line1: autoDraw = True
733.9989 	EXP 	line_2: autoDraw = True
733.9989 	EXP 	line_3: autoDraw = True
733.9989 	EXP 	line4: autoDraw = True
734.0156 	EXP 	fixation: autoDraw = False
734.9990 	INFO 	Keyboard events cleared
734.9989 	EXP 	probe: autoDraw = True
735.6504 	EXP 	Device response: <KeyPress from None: t=735.6451428, value=c, duration=None>
735.6508 	EXP 	New trial (rep=13, index=3): <Trial 55 (3 in rep 13) data={'pos': np.int64(-50), 'corr_resp': 'x', 'thisN': 55, 'thisTrialN': 3, 'thisRepN': 13}>
735.6522 	DATA 	Keypress: c
735.6655 	EXP 	fixation: autoDraw = False
735.6655 	EXP 	line1: autoDraw = False
735.6655 	EXP 	line_2: autoDraw = False
735.6655 	EXP 	line_3: autoDraw = False
735.6655 	EXP 	line4: autoDraw = False
735.6655 	EXP 	probe: autoDraw = False
735.6655 	EXP 	fixation: autoDraw = True
735.7994 	EXP 	Device response: <KeyPress from None: t=735.6451428, value=c, duration=0.14814039999964734>
736.6655 	EXP 	fixation: autoDraw = False
736.6655 	EXP 	line1: autoDraw = True
736.6655 	EXP 	line_2: autoDraw = True
736.6655 	EXP 	line_3: autoDraw = True
736.6655 	EXP 	line4: autoDraw = True
737.6493 	INFO 	Keyboard events cleared
737.6491 	EXP 	probe: autoDraw = True
738.3015 	DATA 	Keypress: x
738.3158 	EXP 	Device response: <KeyPress from None: t=738.3001480999997, value=x, duration=None>
738.3162 	EXP 	New trial (rep=14, index=0): <Trial 56 (0 in rep 14) data={'pos': np.int64(-150), 'corr_resp': 'z', 'thisN': 56, 'thisTrialN': 0, 'thisRepN': 14}>
738.3322 	EXP 	fixation: autoDraw = False
738.3322 	EXP 	line1: autoDraw = False
738.3322 	EXP 	line_2: autoDraw = False
738.3322 	EXP 	line_3: autoDraw = False
738.3322 	EXP 	line4: autoDraw = False
738.3322 	EXP 	probe: autoDraw = False
738.3322 	EXP 	fixation: autoDraw = True
738.3661 	EXP 	Device response: <KeyPress from None: t=738.3001480999997, value=x, duration=0.056503000000247994>
739.3153 	EXP 	line1: autoDraw = True
739.3153 	EXP 	line_2: autoDraw = True
739.3153 	EXP 	line_3: autoDraw = True
739.3153 	EXP 	line4: autoDraw = True
739.3322 	EXP 	fixation: autoDraw = False
740.3155 	INFO 	Keyboard events cleared
740.3154 	EXP 	probe: autoDraw = True
741.1180 	DATA 	Keypress: z
741.1325 	EXP 	Device response: <KeyPress from None: t=741.1171326999997, value=z, duration=None>
741.1329 	EXP 	New trial (rep=14, index=1): <Trial 57 (1 in rep 14) data={'pos': np.int64(50), 'corr_resp': 'c', 'thisN': 57, 'thisTrialN': 1, 'thisRepN': 14}>
741.1491 	EXP 	fixation: autoDraw = False
741.1491 	EXP 	line1: autoDraw = False
741.1491 	EXP 	line_2: autoDraw = False
741.1491 	EXP 	line_3: autoDraw = False
741.1491 	EXP 	line4: autoDraw = False
741.1491 	EXP 	probe: autoDraw = False
741.1491 	EXP 	fixation: autoDraw = True
741.2496 	EXP 	Device response: <KeyPress from None: t=741.1171326999997, value=z, duration=0.12190310000005411>
742.1491 	EXP 	fixation: autoDraw = False
742.1491 	EXP 	line1: autoDraw = True
742.1491 	EXP 	line_2: autoDraw = True
742.1491 	EXP 	line_3: autoDraw = True
742.1491 	EXP 	line4: autoDraw = True
743.1324 	INFO 	Keyboard events cleared
743.1322 	EXP 	probe: autoDraw = True
744.1520 	DATA 	Keypress: c
744.1657 	EXP 	Device response: <KeyPress from None: t=744.1507871999997, value=c, duration=None>
744.1661 	EXP 	New trial (rep=14, index=2): <Trial 58 (2 in rep 14) data={'pos': np.int64(150), 'corr_resp': 'v', 'thisN': 58, 'thisTrialN': 2, 'thisRepN': 14}>
744.1821 	EXP 	fixation: autoDraw = False
744.1821 	EXP 	line1: autoDraw = False
744.1821 	EXP 	line_2: autoDraw = False
744.1821 	EXP 	line_3: autoDraw = False
744.1821 	EXP 	line4: autoDraw = False
744.1821 	EXP 	probe: autoDraw = False
744.1821 	EXP 	fixation: autoDraw = True
744.3160 	EXP 	Device response: <KeyPress from None: t=744.1507871999997, value=c, duration=0.1525405000002138>
745.1657 	EXP 	line1: autoDraw = True
745.1657 	EXP 	line_2: autoDraw = True
745.1657 	EXP 	line_3: autoDraw = True
745.1657 	EXP 	line4: autoDraw = True
745.1822 	EXP 	fixation: autoDraw = False
746.1659 	INFO 	Keyboard events cleared
746.1657 	EXP 	probe: autoDraw = True
746.5663 	EXP 	Device response: <KeyPress from None: t=746.5636881999999, value=c, duration=None>
746.5668 	EXP 	New trial (rep=14, index=3): <Trial 59 (3 in rep 14) data={'pos': np.int64(-50), 'corr_resp': 'x', 'thisN': 59, 'thisTrialN': 3, 'thisRepN': 14}>
746.5680 	DATA 	Keypress: c
746.5825 	EXP 	fixation: autoDraw = False
746.5825 	EXP 	line1: autoDraw = False
746.5825 	EXP 	line_2: autoDraw = False
746.5825 	EXP 	line_3: autoDraw = False
746.5825 	EXP 	line4: autoDraw = False
746.5825 	EXP 	probe: autoDraw = False
746.5825 	EXP 	fixation: autoDraw = True
746.8160 	EXP 	Device response: <KeyPress from None: t=746.5636881999999, value=c, duration=0.23716539999986708>
747.5824 	EXP 	fixation: autoDraw = False
747.5824 	EXP 	line1: autoDraw = True
747.5824 	EXP 	line_2: autoDraw = True
747.5824 	EXP 	line_3: autoDraw = True
747.5824 	EXP 	line4: autoDraw = True
748.5825 	INFO 	Keyboard events cleared
748.5823 	EXP 	probe: autoDraw = True
750.0830 	EXP 	Device response: <KeyPress from None: t=750.0704747999998, value=x, duration=None>
750.0835 	EXP 	New trial (rep=15, index=0): <Trial 60 (0 in rep 15) data={'pos': np.int64(150), 'corr_resp': 'v', 'thisN': 60, 'thisTrialN': 0, 'thisRepN': 15}>
750.0848 	DATA 	Keypress: x
750.0990 	EXP 	fixation: autoDraw = False
750.0990 	EXP 	line1: autoDraw = False
750.0990 	EXP 	line_2: autoDraw = False
750.0990 	EXP 	line_3: autoDraw = False
750.0990 	EXP 	line4: autoDraw = False
750.0990 	EXP 	probe: autoDraw = False
750.0990 	EXP 	fixation: autoDraw = True
750.1992 	EXP 	Device response: <KeyPress from None: t=750.0704747999998, value=x, duration=0.12599050000017087>
751.0990 	EXP 	fixation: autoDraw = False
751.0990 	EXP 	line1: autoDraw = True
751.0990 	EXP 	line_2: autoDraw = True
751.0990 	EXP 	line_3: autoDraw = True
751.0990 	EXP 	line4: autoDraw = True
752.0824 	INFO 	Keyboard events cleared
752.0823 	EXP 	probe: autoDraw = True
752.8665 	EXP 	Device response: <KeyPress from None: t=752.8656627999999, value=v, duration=None>
752.8668 	EXP 	New trial (rep=15, index=1): <Trial 61 (1 in rep 15) data={'pos': np.int64(50), 'corr_resp': 'c', 'thisN': 61, 'thisTrialN': 1, 'thisRepN': 15}>
752.8681 	DATA 	Keypress: v
752.8823 	EXP 	fixation: autoDraw = False
752.8823 	EXP 	line1: autoDraw = False
752.8823 	EXP 	line_2: autoDraw = False
752.8823 	EXP 	line_3: autoDraw = False
752.8823 	EXP 	line4: autoDraw = False
752.8823 	EXP 	probe: autoDraw = False
752.8823 	EXP 	fixation: autoDraw = True
752.9826 	EXP 	Device response: <KeyPress from None: t=752.8656627999999, value=v, duration=0.10230570000021544>
753.8822 	EXP 	fixation: autoDraw = False
753.8822 	EXP 	line1: autoDraw = True
753.8822 	EXP 	line_2: autoDraw = True
753.8822 	EXP 	line_3: autoDraw = True
753.8822 	EXP 	line4: autoDraw = True
754.8825 	INFO 	Keyboard events cleared
754.8824 	EXP 	probe: autoDraw = True
755.6832 	EXP 	Device response: <KeyPress from None: t=755.6805933999999, value=c, duration=None>
755.6836 	EXP 	New trial (rep=15, index=2): <Trial 62 (2 in rep 15) data={'pos': np.int64(-150), 'corr_resp': 'z', 'thisN': 62, 'thisTrialN': 2, 'thisRepN': 15}>
755.6849 	DATA 	Keypress: c
755.7008 	EXP 	fixation: autoDraw = False
755.7008 	EXP 	line1: autoDraw = False
755.7008 	EXP 	line_2: autoDraw = False
755.7008 	EXP 	line_3: autoDraw = False
755.7008 	EXP 	line4: autoDraw = False
755.7008 	EXP 	probe: autoDraw = False
755.7008 	EXP 	fixation: autoDraw = True
755.7664 	EXP 	Device response: <KeyPress from None: t=755.6805933999999, value=c, duration=0.08442239999976664>
756.6992 	EXP 	line1: autoDraw = True
756.6992 	EXP 	line_2: autoDraw = True
756.6992 	EXP 	line_3: autoDraw = True
756.6992 	EXP 	line4: autoDraw = True
756.7156 	EXP 	fixation: autoDraw = False
757.6992 	INFO 	Keyboard events cleared
757.6990 	EXP 	probe: autoDraw = True
758.5338 	EXP 	Device response: <KeyPress from None: t=758.5266908999997, value=z, duration=None>
758.5343 	EXP 	New trial (rep=15, index=3): <Trial 63 (3 in rep 15) data={'pos': np.int64(-50), 'corr_resp': 'x', 'thisN': 63, 'thisTrialN': 3, 'thisRepN': 15}>
758.5356 	DATA 	Keypress: z
758.5497 	EXP 	fixation: autoDraw = False
758.5497 	EXP 	line1: autoDraw = False
758.5497 	EXP 	line_2: autoDraw = False
758.5497 	EXP 	line_3: autoDraw = False
758.5497 	EXP 	line4: autoDraw = False
758.5497 	EXP 	probe: autoDraw = False
758.5497 	EXP 	fixation: autoDraw = True
758.6328 	EXP 	Device response: <KeyPress from None: t=758.5266908999997, value=z, duration=0.0955538000002889>
759.5491 	EXP 	fixation: autoDraw = False
759.5491 	EXP 	line1: autoDraw = True
759.5491 	EXP 	line_2: autoDraw = True
759.5491 	EXP 	line_3: autoDraw = True
759.5491 	EXP 	line4: autoDraw = True
760.5494 	INFO 	Keyboard events cleared
760.5493 	EXP 	probe: autoDraw = True
761.4996 	EXP 	Device response: <KeyPress from None: t=761.4938115, value=x, duration=None>
761.5000 	EXP 	New trial (rep=16, index=0): <Trial 64 (0 in rep 16) data={'pos': np.int64(-150), 'corr_resp': 'z', 'thisN': 64, 'thisTrialN': 0, 'thisRepN': 16}>
761.5015 	DATA 	Keypress: x
761.5157 	EXP 	fixation: autoDraw = False
761.5157 	EXP 	line1: autoDraw = False
761.5157 	EXP 	line_2: autoDraw = False
761.5157 	EXP 	line_3: autoDraw = False
761.5157 	EXP 	line4: autoDraw = False
761.5157 	EXP 	probe: autoDraw = False
761.5157 	EXP 	fixation: autoDraw = True
761.5992 	EXP 	Device response: <KeyPress from None: t=761.4938115, value=x, duration=0.10257240000009915>
762.4990 	EXP 	line1: autoDraw = True
762.4990 	EXP 	line_2: autoDraw = True
762.4990 	EXP 	line_3: autoDraw = True
762.4990 	EXP 	line4: autoDraw = True
762.5159 	EXP 	fixation: autoDraw = False
763.4992 	INFO 	Keyboard events cleared
763.4990 	EXP 	probe: autoDraw = True
764.3161 	EXP 	Device response: <KeyPress from None: t=764.3134375, value=z, duration=None>
764.3165 	EXP 	New trial (rep=16, index=1): <Trial 65 (1 in rep 16) data={'pos': np.int64(50), 'corr_resp': 'c', 'thisN': 65, 'thisTrialN': 1, 'thisRepN': 16}>
764.3182 	DATA 	Keypress: z
764.3325 	EXP 	fixation: autoDraw = False
764.3325 	EXP 	line1: autoDraw = False
764.3325 	EXP 	line_2: autoDraw = False
764.3325 	EXP 	line_3: autoDraw = False
764.3325 	EXP 	line4: autoDraw = False
764.3325 	EXP 	probe: autoDraw = False
764.3325 	EXP 	fixation: autoDraw = True
764.5663 	EXP 	Device response: <KeyPress from None: t=764.3134375, value=z, duration=0.23589330000004338>
765.3154 	EXP 	line1: autoDraw = True
765.3154 	EXP 	line_2: autoDraw = True
765.3154 	EXP 	line_3: autoDraw = True
765.3154 	EXP 	line4: autoDraw = True
765.3324 	EXP 	fixation: autoDraw = False
766.3157 	INFO 	Keyboard events cleared
766.3156 	EXP 	probe: autoDraw = True
767.2828 	EXP 	Device response: <KeyPress from None: t=767.2802388, value=c, duration=None>
767.2832 	EXP 	New trial (rep=16, index=2): <Trial 66 (2 in rep 16) data={'pos': np.int64(-50), 'corr_resp': 'x', 'thisN': 66, 'thisTrialN': 2, 'thisRepN': 16}>
767.2847 	DATA 	Keypress: c
767.2989 	EXP 	fixation: autoDraw = False
767.2989 	EXP 	line1: autoDraw = False
767.2989 	EXP 	line_2: autoDraw = False
767.2989 	EXP 	line_3: autoDraw = False
767.2989 	EXP 	line4: autoDraw = False
767.2989 	EXP 	probe: autoDraw = False
767.2989 	EXP 	fixation: autoDraw = True
767.4330 	EXP 	Device response: <KeyPress from None: t=767.2802388, value=c, duration=0.14115099999980885>
768.2823 	EXP 	line1: autoDraw = True
768.2823 	EXP 	line_2: autoDraw = True
768.2823 	EXP 	line_3: autoDraw = True
768.2823 	EXP 	line4: autoDraw = True
768.2991 	EXP 	fixation: autoDraw = False
769.2825 	INFO 	Keyboard events cleared
769.2824 	EXP 	probe: autoDraw = True
769.6497 	EXP 	Device response: <KeyPress from None: t=769.6478420999997, value=x, duration=None>
769.6501 	EXP 	New trial (rep=16, index=3): <Trial 67 (3 in rep 16) data={'pos': np.int64(150), 'corr_resp': 'v', 'thisN': 67, 'thisTrialN': 3, 'thisRepN': 16}>
769.6514 	DATA 	Keypress: x
769.6659 	EXP 	fixation: autoDraw = False
769.6659 	EXP 	line1: autoDraw = False
769.6659 	EXP 	line_2: autoDraw = False
769.6659 	EXP 	line_3: autoDraw = False
769.6659 	EXP 	line4: autoDraw = False
769.6659 	EXP 	probe: autoDraw = False
769.6659 	EXP 	fixation: autoDraw = True
769.7997 	EXP 	Device response: <KeyPress from None: t=769.6478420999997, value=x, duration=0.14897960000007515>
770.6487 	EXP 	line1: autoDraw = True
770.6487 	EXP 	line_2: autoDraw = True
770.6487 	EXP 	line_3: autoDraw = True
770.6487 	EXP 	line4: autoDraw = True
770.6658 	EXP 	fixation: autoDraw = False
771.6492 	INFO 	Keyboard events cleared
771.6490 	EXP 	probe: autoDraw = True
772.8829 	EXP 	Device response: <KeyPress from None: t=772.8716224, value=v, duration=None>
772.8833 	EXP 	New trial (rep=17, index=0): <Trial 68 (0 in rep 17) data={'pos': np.int64(50), 'corr_resp': 'c', 'thisN': 68, 'thisTrialN': 0, 'thisRepN': 17}>
772.8847 	DATA 	Keypress: v
772.8991 	EXP 	fixation: autoDraw = False
772.8991 	EXP 	line1: autoDraw = False
772.8991 	EXP 	line_2: autoDraw = False
772.8991 	EXP 	line_3: autoDraw = False
772.8991 	EXP 	line4: autoDraw = False
772.8991 	EXP 	probe: autoDraw = False
772.8991 	EXP 	fixation: autoDraw = True
772.9662 	EXP 	Device response: <KeyPress from None: t=772.8716224, value=v, duration=0.08355699999992794>
773.8827 	EXP 	line1: autoDraw = True
773.8827 	EXP 	line_2: autoDraw = True
773.8827 	EXP 	line_3: autoDraw = True
773.8827 	EXP 	line4: autoDraw = True
773.9015 	EXP 	fixation: autoDraw = False
774.8826 	INFO 	Keyboard events cleared
774.8824 	EXP 	probe: autoDraw = True
775.5995 	EXP 	Device response: <KeyPress from None: t=775.5892961999998, value=c, duration=None>
775.5999 	EXP 	New trial (rep=17, index=1): <Trial 69 (1 in rep 17) data={'pos': np.int64(150), 'corr_resp': 'v', 'thisN': 69, 'thisTrialN': 1, 'thisRepN': 17}>
775.6013 	DATA 	Keypress: c
775.6157 	EXP 	fixation: autoDraw = False
775.6157 	EXP 	line1: autoDraw = False
775.6157 	EXP 	line_2: autoDraw = False
775.6157 	EXP 	line_3: autoDraw = False
775.6157 	EXP 	line4: autoDraw = False
775.6157 	EXP 	probe: autoDraw = False
775.6157 	EXP 	fixation: autoDraw = True
775.6664 	EXP 	Device response: <KeyPress from None: t=775.5892961999998, value=c, duration=0.07475010000007387>
776.5991 	EXP 	line1: autoDraw = True
776.5991 	EXP 	line_2: autoDraw = True
776.5991 	EXP 	line_3: autoDraw = True
776.5991 	EXP 	line4: autoDraw = True
776.6157 	EXP 	fixation: autoDraw = False
777.5995 	INFO 	Keyboard events cleared
777.5993 	EXP 	probe: autoDraw = True
778.0996 	EXP 	Device response: <KeyPress from None: t=778.0941555999998, value=v, duration=None>
778.1000 	EXP 	New trial (rep=17, index=2): <Trial 70 (2 in rep 17) data={'pos': np.int64(-150), 'corr_resp': 'z', 'thisN': 70, 'thisTrialN': 2, 'thisRepN': 17}>
778.1017 	DATA 	Keypress: v
778.1162 	EXP 	fixation: autoDraw = False
778.1162 	EXP 	line1: autoDraw = False
778.1162 	EXP 	line_2: autoDraw = False
778.1162 	EXP 	line_3: autoDraw = False
778.1162 	EXP 	line4: autoDraw = False
778.1162 	EXP 	probe: autoDraw = False
778.1162 	EXP 	fixation: autoDraw = True
778.2663 	EXP 	Device response: <KeyPress from None: t=778.0941555999998, value=v, duration=0.17030100000010862>
779.0992 	EXP 	line1: autoDraw = True
779.0992 	EXP 	line_2: autoDraw = True
779.0992 	EXP 	line_3: autoDraw = True
779.0992 	EXP 	line4: autoDraw = True
779.1159 	EXP 	fixation: autoDraw = False
780.0995 	INFO 	Keyboard events cleared
780.0994 	EXP 	probe: autoDraw = True
780.8495 	EXP 	Device response: <KeyPress from None: t=780.8461594999999, value=z, duration=None>
780.8499 	EXP 	New trial (rep=17, index=3): <Trial 71 (3 in rep 17) data={'pos': np.int64(-50), 'corr_resp': 'x', 'thisN': 71, 'thisTrialN': 3, 'thisRepN': 17}>
780.8511 	DATA 	Keypress: z
780.8658 	EXP 	fixation: autoDraw = False
780.8658 	EXP 	line1: autoDraw = False
780.8658 	EXP 	line_2: autoDraw = False
780.8658 	EXP 	line_3: autoDraw = False
780.8658 	EXP 	line4: autoDraw = False
780.8658 	EXP 	probe: autoDraw = False
780.8658 	EXP 	fixation: autoDraw = True
780.9328 	EXP 	Device response: <KeyPress from None: t=780.8461594999999, value=z, duration=0.08292940000001181>
781.8492 	EXP 	line1: autoDraw = True
781.8492 	EXP 	line_2: autoDraw = True
781.8492 	EXP 	line_3: autoDraw = True
781.8492 	EXP 	line4: autoDraw = True
781.8657 	EXP 	fixation: autoDraw = False
782.8494 	INFO 	Keyboard events cleared
782.8492 	EXP 	probe: autoDraw = True
783.6328 	EXP 	Device response: <KeyPress from None: t=783.6297056999997, value=x, duration=None>
783.6332 	EXP 	New trial (rep=18, index=0): <Trial 72 (0 in rep 18) data={'pos': np.int64(150), 'corr_resp': 'v', 'thisN': 72, 'thisTrialN': 0, 'thisRepN': 18}>
783.6344 	DATA 	Keypress: x
783.6493 	EXP 	fixation: autoDraw = False
783.6493 	EXP 	line1: autoDraw = False
783.6493 	EXP 	line_2: autoDraw = False
783.6493 	EXP 	line_3: autoDraw = False
783.6493 	EXP 	line4: autoDraw = False
783.6493 	EXP 	probe: autoDraw = False
783.6493 	EXP 	fixation: autoDraw = True
783.6995 	EXP 	Device response: <KeyPress from None: t=783.6297056999997, value=x, duration=0.0670684000001529>
784.6329 	EXP 	line1: autoDraw = True
784.6329 	EXP 	line_2: autoDraw = True
784.6329 	EXP 	line_3: autoDraw = True
784.6329 	EXP 	line4: autoDraw = True
784.6492 	EXP 	fixation: autoDraw = False
785.6323 	INFO 	Keyboard events cleared
785.6321 	EXP 	probe: autoDraw = True
786.4004 	EXP 	Device response: <KeyPress from None: t=786.3847007999998, value=v, duration=None>
786.4008 	EXP 	New trial (rep=18, index=1): <Trial 73 (1 in rep 18) data={'pos': np.int64(-50), 'corr_resp': 'x', 'thisN': 73, 'thisTrialN': 1, 'thisRepN': 18}>
786.4021 	DATA 	Keypress: v
786.4157 	EXP 	fixation: autoDraw = False
786.4157 	EXP 	line1: autoDraw = False
786.4157 	EXP 	line_2: autoDraw = False
786.4157 	EXP 	line_3: autoDraw = False
786.4157 	EXP 	line4: autoDraw = False
786.4157 	EXP 	probe: autoDraw = False
786.4157 	EXP 	fixation: autoDraw = True
786.5162 	EXP 	Device response: <KeyPress from None: t=786.3847007999998, value=v, duration=0.1289861000000201>
787.4158 	EXP 	fixation: autoDraw = False
787.4158 	EXP 	line1: autoDraw = True
787.4158 	EXP 	line_2: autoDraw = True
787.4158 	EXP 	line_3: autoDraw = True
787.4158 	EXP 	line4: autoDraw = True
788.4162 	INFO 	Keyboard events cleared
788.4160 	EXP 	probe: autoDraw = True
789.4338 	EXP 	Device response: <KeyPress from None: t=789.4267098999999, value=x, duration=None>
789.4342 	EXP 	New trial (rep=18, index=2): <Trial 74 (2 in rep 18) data={'pos': np.int64(-150), 'corr_resp': 'z', 'thisN': 74, 'thisTrialN': 2, 'thisRepN': 18}>
789.4355 	DATA 	Keypress: x
789.4497 	EXP 	fixation: autoDraw = False
789.4497 	EXP 	line1: autoDraw = False
789.4497 	EXP 	line_2: autoDraw = False
789.4497 	EXP 	line_3: autoDraw = False
789.4497 	EXP 	line4: autoDraw = False
789.4497 	EXP 	probe: autoDraw = False
789.4497 	EXP 	fixation: autoDraw = True
789.5164 	EXP 	Device response: <KeyPress from None: t=789.4267098999999, value=x, duration=0.08725240000012491>
790.4493 	EXP 	fixation: autoDraw = False
790.4493 	EXP 	line1: autoDraw = True
790.4493 	EXP 	line_2: autoDraw = True
790.4493 	EXP 	line_3: autoDraw = True
790.4493 	EXP 	line4: autoDraw = True
791.4494 	INFO 	Keyboard events cleared
791.4493 	EXP 	probe: autoDraw = True
792.1345 	DATA 	Keypress: z
792.1500 	EXP 	Device response: <KeyPress from None: t=792.1339588999999, value=z, duration=None>
792.1504 	EXP 	New trial (rep=18, index=3): <Trial 75 (3 in rep 18) data={'pos': np.int64(50), 'corr_resp': 'c', 'thisN': 75, 'thisTrialN': 3, 'thisRepN': 18}>
792.1665 	EXP 	fixation: autoDraw = False
792.1665 	EXP 	line1: autoDraw = False
792.1665 	EXP 	line_2: autoDraw = False
792.1665 	EXP 	line_3: autoDraw = False
792.1665 	EXP 	line4: autoDraw = False
792.1665 	EXP 	probe: autoDraw = False
792.1665 	EXP 	fixation: autoDraw = True
792.2330 	EXP 	Device response: <KeyPress from None: t=792.1339588999999, value=z, duration=0.0857915999999932>
793.1656 	EXP 	fixation: autoDraw = False
793.1656 	EXP 	line1: autoDraw = True
793.1656 	EXP 	line_2: autoDraw = True
793.1656 	EXP 	line_3: autoDraw = True
793.1656 	EXP 	line4: autoDraw = True
794.1666 	INFO 	Keyboard events cleared
794.1664 	EXP 	probe: autoDraw = True
795.3330 	EXP 	Device response: <KeyPress from None: t=795.3198775000001, value=c, duration=None>
795.3334 	EXP 	New trial (rep=19, index=0): <Trial 76 (0 in rep 19) data={'pos': np.int64(150), 'corr_resp': 'v', 'thisN': 76, 'thisTrialN': 0, 'thisRepN': 19}>
795.3348 	DATA 	Keypress: c
795.3491 	EXP 	fixation: autoDraw = False
795.3491 	EXP 	line1: autoDraw = False
795.3491 	EXP 	line_2: autoDraw = False
795.3491 	EXP 	line_3: autoDraw = False
795.3491 	EXP 	line4: autoDraw = False
795.3491 	EXP 	probe: autoDraw = False
795.3491 	EXP 	fixation: autoDraw = True
795.4661 	EXP 	Device response: <KeyPress from None: t=795.3198775000001, value=c, duration=0.13819789999979548>
796.3325 	EXP 	line1: autoDraw = True
796.3325 	EXP 	line_2: autoDraw = True
796.3325 	EXP 	line_3: autoDraw = True
796.3325 	EXP 	line4: autoDraw = True
796.3492 	EXP 	fixation: autoDraw = False
797.3328 	INFO 	Keyboard events cleared
797.3327 	EXP 	probe: autoDraw = True
798.2520 	DATA 	Keypress: v
798.2659 	EXP 	Device response: <KeyPress from None: t=798.2497856, value=v, duration=None>
798.2663 	EXP 	New trial (rep=19, index=1): <Trial 77 (1 in rep 19) data={'pos': np.int64(-50), 'corr_resp': 'x', 'thisN': 77, 'thisTrialN': 1, 'thisRepN': 19}>
798.2826 	EXP 	fixation: autoDraw = False
798.2826 	EXP 	line1: autoDraw = False
798.2826 	EXP 	line_2: autoDraw = False
798.2826 	EXP 	line_3: autoDraw = False
798.2826 	EXP 	line4: autoDraw = False
798.2826 	EXP 	probe: autoDraw = False
798.2826 	EXP 	fixation: autoDraw = True
798.3328 	EXP 	Device response: <KeyPress from None: t=798.2497856, value=v, duration=0.079210399999738>
799.2663 	EXP 	line1: autoDraw = True
799.2663 	EXP 	line_2: autoDraw = True
799.2663 	EXP 	line_3: autoDraw = True
799.2663 	EXP 	line4: autoDraw = True
799.2825 	EXP 	fixation: autoDraw = False
800.2660 	INFO 	Keyboard events cleared
800.2658 	EXP 	probe: autoDraw = True
801.1830 	EXP 	Device response: <KeyPress from None: t=801.1803185999997, value=x, duration=None>
801.1835 	EXP 	New trial (rep=19, index=2): <Trial 78 (2 in rep 19) data={'pos': np.int64(-150), 'corr_resp': 'z', 'thisN': 78, 'thisTrialN': 2, 'thisRepN': 19}>
801.1847 	DATA 	Keypress: x
801.1993 	EXP 	fixation: autoDraw = False
801.1993 	EXP 	line1: autoDraw = False
801.1993 	EXP 	line_2: autoDraw = False
801.1993 	EXP 	line_3: autoDraw = False
801.1993 	EXP 	line4: autoDraw = False
801.1993 	EXP 	probe: autoDraw = False
801.1993 	EXP 	fixation: autoDraw = True
801.2501 	EXP 	Device response: <KeyPress from None: t=801.1803185999997, value=x, duration=0.06478740000011385>
802.1825 	EXP 	line1: autoDraw = True
802.1825 	EXP 	line_2: autoDraw = True
802.1825 	EXP 	line_3: autoDraw = True
802.1825 	EXP 	line4: autoDraw = True
802.1995 	EXP 	fixation: autoDraw = False
803.1826 	INFO 	Keyboard events cleared
803.1824 	EXP 	probe: autoDraw = True
803.8664 	EXP 	Device response: <KeyPress from None: t=803.8563741999997, value=z, duration=None>
803.8667 	EXP 	New trial (rep=19, index=3): <Trial 79 (3 in rep 19) data={'pos': np.int64(50), 'corr_resp': 'c', 'thisN': 79, 'thisTrialN': 3, 'thisRepN': 19}>
803.8682 	DATA 	Keypress: z
803.8826 	EXP 	fixation: autoDraw = False
803.8826 	EXP 	line1: autoDraw = False
803.8826 	EXP 	line_2: autoDraw = False
803.8826 	EXP 	line_3: autoDraw = False
803.8826 	EXP 	line4: autoDraw = False
803.8826 	EXP 	probe: autoDraw = False
803.8826 	EXP 	fixation: autoDraw = True
803.9496 	EXP 	Device response: <KeyPress from None: t=803.8563741999997, value=z, duration=0.09081740000010541>
804.8663 	EXP 	line1: autoDraw = True
804.8663 	EXP 	line_2: autoDraw = True
804.8663 	EXP 	line_3: autoDraw = True
804.8663 	EXP 	line4: autoDraw = True
804.8832 	EXP 	fixation: autoDraw = False
805.8659 	INFO 	Keyboard events cleared
805.8657 	EXP 	probe: autoDraw = True
806.6831 	EXP 	Device response: <KeyPress from None: t=806.6805645, value=c, duration=None>
806.6835 	EXP 	New trial (rep=20, index=0): <Trial 80 (0 in rep 20) data={'pos': np.int64(-50), 'corr_resp': 'x', 'thisN': 80, 'thisTrialN': 0, 'thisRepN': 20}>
806.6849 	DATA 	Keypress: c
806.6993 	EXP 	fixation: autoDraw = False
806.6993 	EXP 	line1: autoDraw = False
806.6993 	EXP 	line_2: autoDraw = False
806.6993 	EXP 	line_3: autoDraw = False
806.6993 	EXP 	line4: autoDraw = False
806.6993 	EXP 	probe: autoDraw = False
806.6993 	EXP 	fixation: autoDraw = True
806.7997 	EXP 	Device response: <KeyPress from None: t=806.6805645, value=c, duration=0.10475050000013653>
807.6826 	EXP 	line1: autoDraw = True
807.6826 	EXP 	line_2: autoDraw = True
807.6826 	EXP 	line_3: autoDraw = True
807.6826 	EXP 	line4: autoDraw = True
807.6992 	EXP 	fixation: autoDraw = False
808.6828 	INFO 	Keyboard events cleared
808.6826 	EXP 	probe: autoDraw = True
809.1665 	EXP 	Device response: <KeyPress from None: t=809.1620911, value=x, duration=None>
809.1670 	EXP 	New trial (rep=20, index=1): <Trial 81 (1 in rep 20) data={'pos': np.int64(150), 'corr_resp': 'v', 'thisN': 81, 'thisTrialN': 1, 'thisRepN': 20}>
809.1685 	DATA 	Keypress: x
809.1825 	EXP 	fixation: autoDraw = False
809.1825 	EXP 	line1: autoDraw = False
809.1825 	EXP 	line_2: autoDraw = False
809.1825 	EXP 	line_3: autoDraw = False
809.1825 	EXP 	line4: autoDraw = False
809.1825 	EXP 	probe: autoDraw = False
809.1825 	EXP 	fixation: autoDraw = True
809.3663 	EXP 	Device response: <KeyPress from None: t=809.1620911, value=x, duration=0.20366899999999077>
810.1661 	EXP 	line1: autoDraw = True
810.1661 	EXP 	line_2: autoDraw = True
810.1661 	EXP 	line_3: autoDraw = True
810.1661 	EXP 	line4: autoDraw = True
810.1827 	EXP 	fixation: autoDraw = False
811.1661 	INFO 	Keyboard events cleared
811.1659 	EXP 	probe: autoDraw = True
812.8162 	EXP 	Device response: <KeyPress from None: t=812.8018002999997, value=c, duration=None>
812.8166 	EXP 	New trial (rep=20, index=2): <Trial 82 (2 in rep 20) data={'pos': np.int64(50), 'corr_resp': 'c', 'thisN': 82, 'thisTrialN': 2, 'thisRepN': 20}>
812.8178 	DATA 	Keypress: c
812.8329 	EXP 	fixation: autoDraw = False
812.8329 	EXP 	line1: autoDraw = False
812.8329 	EXP 	line_2: autoDraw = False
812.8329 	EXP 	line_3: autoDraw = False
812.8329 	EXP 	line4: autoDraw = False
812.8329 	EXP 	probe: autoDraw = False
812.8329 	EXP 	fixation: autoDraw = True
812.9659 	EXP 	Device response: <KeyPress from None: t=812.8018002999997, value=c, duration=0.16092610000032437>
813.8163 	EXP 	line1: autoDraw = True
813.8163 	EXP 	line_2: autoDraw = True
813.8163 	EXP 	line_3: autoDraw = True
813.8163 	EXP 	line4: autoDraw = True
813.8329 	EXP 	fixation: autoDraw = False
814.8162 	INFO 	Keyboard events cleared
814.8161 	EXP 	probe: autoDraw = True
815.7156 	EXP 	Device response: <KeyPress from None: t=815.7008397999998, value=c, duration=None>
815.7160 	EXP 	New trial (rep=20, index=3): <Trial 83 (3 in rep 20) data={'pos': np.int64(-150), 'corr_resp': 'z', 'thisN': 83, 'thisTrialN': 3, 'thisRepN': 20}>
815.7174 	DATA 	Keypress: c
815.7326 	EXP 	fixation: autoDraw = False
815.7326 	EXP 	line1: autoDraw = False
815.7326 	EXP 	line_2: autoDraw = False
815.7326 	EXP 	line_3: autoDraw = False
815.7326 	EXP 	line4: autoDraw = False
815.7326 	EXP 	probe: autoDraw = False
815.7326 	EXP 	fixation: autoDraw = True
815.8164 	EXP 	Device response: <KeyPress from None: t=815.7008397999998, value=c, duration=0.11251440000023649>
816.7160 	EXP 	line1: autoDraw = True
816.7160 	EXP 	line_2: autoDraw = True
816.7160 	EXP 	line_3: autoDraw = True
816.7160 	EXP 	line4: autoDraw = True
816.7326 	EXP 	fixation: autoDraw = False
817.7171 	INFO 	Keyboard events cleared
817.7169 	EXP 	probe: autoDraw = True
818.7177 	EXP 	Device response: <KeyPress from None: t=818.7103827999999, value=z, duration=None>
818.7181 	EXP 	New trial (rep=21, index=0): <Trial 84 (0 in rep 21) data={'pos': np.int64(-150), 'corr_resp': 'z', 'thisN': 84, 'thisTrialN': 0, 'thisRepN': 21}>
818.7194 	DATA 	Keypress: z
818.7325 	EXP 	fixation: autoDraw = False
818.7325 	EXP 	line1: autoDraw = False
818.7325 	EXP 	line_2: autoDraw = False
818.7325 	EXP 	line_3: autoDraw = False
818.7325 	EXP 	line4: autoDraw = False
818.7325 	EXP 	probe: autoDraw = False
818.7325 	EXP 	fixation: autoDraw = True
818.8333 	EXP 	Device response: <KeyPress from None: t=818.7103827999999, value=z, duration=0.11338690000002316>
819.7326 	EXP 	fixation: autoDraw = False
819.7326 	EXP 	line1: autoDraw = True
819.7326 	EXP 	line_2: autoDraw = True
819.7326 	EXP 	line_3: autoDraw = True
819.7326 	EXP 	line4: autoDraw = True
820.7328 	INFO 	Keyboard events cleared
820.7327 	EXP 	probe: autoDraw = True
821.1657 	EXP 	Device response: <KeyPress from None: t=821.1518843999997, value=z, duration=None>
821.1661 	EXP 	New trial (rep=21, index=1): <Trial 85 (1 in rep 21) data={'pos': np.int64(50), 'corr_resp': 'c', 'thisN': 85, 'thisTrialN': 1, 'thisRepN': 21}>
821.1674 	DATA 	Keypress: z
821.1836 	EXP 	fixation: autoDraw = False
821.1836 	EXP 	line1: autoDraw = False
821.1836 	EXP 	line_2: autoDraw = False
821.1836 	EXP 	line_3: autoDraw = False
821.1836 	EXP 	line4: autoDraw = False
821.1836 	EXP 	probe: autoDraw = False
821.1836 	EXP 	fixation: autoDraw = True
821.3666 	EXP 	Device response: <KeyPress from None: t=821.1518843999997, value=z, duration=0.20837120000032883>
822.1666 	EXP 	line1: autoDraw = True
822.1666 	EXP 	line_2: autoDraw = True
822.1666 	EXP 	line_3: autoDraw = True
822.1666 	EXP 	line4: autoDraw = True
822.1825 	EXP 	fixation: autoDraw = False
823.1662 	INFO 	Keyboard events cleared
823.1660 	EXP 	probe: autoDraw = True
824.4167 	EXP 	Device response: <KeyPress from None: t=824.4016612999999, value=c, duration=None>
824.4171 	EXP 	New trial (rep=21, index=2): <Trial 86 (2 in rep 21) data={'pos': np.int64(-50), 'corr_resp': 'x', 'thisN': 86, 'thisTrialN': 2, 'thisRepN': 21}>
824.4184 	DATA 	Keypress: c
824.4328 	EXP 	fixation: autoDraw = False
824.4328 	EXP 	line1: autoDraw = False
824.4328 	EXP 	line_2: autoDraw = False
824.4328 	EXP 	line_3: autoDraw = False
824.4328 	EXP 	line4: autoDraw = False
824.4328 	EXP 	probe: autoDraw = False
824.4328 	EXP 	fixation: autoDraw = True
824.5163 	EXP 	Device response: <KeyPress from None: t=824.4016612999999, value=c, duration=0.11189270000022589>
825.4162 	EXP 	line1: autoDraw = True
825.4162 	EXP 	line_2: autoDraw = True
825.4162 	EXP 	line_3: autoDraw = True
825.4162 	EXP 	line4: autoDraw = True
825.4327 	EXP 	fixation: autoDraw = False
826.4163 	INFO 	Keyboard events cleared
826.4161 	EXP 	probe: autoDraw = True
827.2834 	EXP 	Device response: <KeyPress from None: t=827.2697457999998, value=x, duration=None>
827.2839 	EXP 	New trial (rep=21, index=3): <Trial 87 (3 in rep 21) data={'pos': np.int64(150), 'corr_resp': 'v', 'thisN': 87, 'thisTrialN': 3, 'thisRepN': 21}>
827.2852 	DATA 	Keypress: x
827.2994 	EXP 	fixation: autoDraw = False
827.2994 	EXP 	line1: autoDraw = False
827.2994 	EXP 	line_2: autoDraw = False
827.2994 	EXP 	line_3: autoDraw = False
827.2994 	EXP 	line4: autoDraw = False
827.2994 	EXP 	probe: autoDraw = False
827.2994 	EXP 	fixation: autoDraw = True
827.4170 	EXP 	Device response: <KeyPress from None: t=827.2697457999998, value=x, duration=0.1441978000002564>
828.2825 	EXP 	line1: autoDraw = True
828.2825 	EXP 	line_2: autoDraw = True
828.2825 	EXP 	line_3: autoDraw = True
828.2825 	EXP 	line4: autoDraw = True
828.2991 	EXP 	fixation: autoDraw = False
829.2829 	INFO 	Keyboard events cleared
829.2828 	EXP 	probe: autoDraw = True
830.7339 	EXP 	Device response: <KeyPress from None: t=830.7300405000001, value=v, duration=None>
830.7344 	EXP 	New trial (rep=22, index=0): <Trial 88 (0 in rep 22) data={'pos': np.int64(-50), 'corr_resp': 'x', 'thisN': 88, 'thisTrialN': 0, 'thisRepN': 22}>
830.7357 	DATA 	Keypress: v
830.7493 	EXP 	fixation: autoDraw = False
830.7493 	EXP 	line1: autoDraw = False
830.7493 	EXP 	line_2: autoDraw = False
830.7493 	EXP 	line_3: autoDraw = False
830.7493 	EXP 	line4: autoDraw = False
830.7493 	EXP 	probe: autoDraw = False
830.7493 	EXP 	fixation: autoDraw = True
830.8497 	EXP 	Device response: <KeyPress from None: t=830.7300405000001, value=v, duration=0.11589349999985643>
831.7494 	EXP 	fixation: autoDraw = False
831.7494 	EXP 	line1: autoDraw = True
831.7494 	EXP 	line_2: autoDraw = True
831.7494 	EXP 	line_3: autoDraw = True
831.7494 	EXP 	line4: autoDraw = True
832.7497 	INFO 	Keyboard events cleared
832.7495 	EXP 	probe: autoDraw = True
833.4667 	EXP 	Device response: <KeyPress from None: t=833.4641643, value=x, duration=None>
833.4672 	EXP 	New trial (rep=22, index=1): <Trial 89 (1 in rep 22) data={'pos': np.int64(-150), 'corr_resp': 'z', 'thisN': 89, 'thisTrialN': 1, 'thisRepN': 22}>
833.4688 	DATA 	Keypress: x
833.4829 	EXP 	fixation: autoDraw = False
833.4829 	EXP 	line1: autoDraw = False
833.4829 	EXP 	line_2: autoDraw = False
833.4829 	EXP 	line_3: autoDraw = False
833.4829 	EXP 	line4: autoDraw = False
833.4829 	EXP 	probe: autoDraw = False
833.4829 	EXP 	fixation: autoDraw = True
833.5663 	EXP 	Device response: <KeyPress from None: t=833.4641643, value=x, duration=0.08607600000004823>
834.4661 	EXP 	line1: autoDraw = True
834.4661 	EXP 	line_2: autoDraw = True
834.4661 	EXP 	line_3: autoDraw = True
834.4661 	EXP 	line4: autoDraw = True
834.4828 	EXP 	fixation: autoDraw = False
835.4829 	INFO 	Keyboard events cleared
835.4827 	EXP 	probe: autoDraw = True
836.5815 	EXP 	Device response: <KeyPress from None: t=836.5768933999998, value=z, duration=None>
836.5818 	EXP 	New trial (rep=22, index=2): <Trial 90 (2 in rep 22) data={'pos': np.int64(150), 'corr_resp': 'v', 'thisN': 90, 'thisTrialN': 2, 'thisRepN': 22}>
836.5831 	DATA 	Keypress: z
836.5975 	EXP 	fixation: autoDraw = False
836.5975 	EXP 	line1: autoDraw = False
836.5975 	EXP 	line_2: autoDraw = False
836.5975 	EXP 	line_3: autoDraw = False
836.5975 	EXP 	line4: autoDraw = False
836.5975 	EXP 	probe: autoDraw = False
836.5975 	EXP 	fixation: autoDraw = True
836.6643 	EXP 	Device response: <KeyPress from None: t=836.5768933999998, value=z, duration=0.08397400000012567>
837.5829 	EXP 	line1: autoDraw = True
837.5829 	EXP 	line_2: autoDraw = True
837.5829 	EXP 	line_3: autoDraw = True
837.5829 	EXP 	line4: autoDraw = True
837.5994 	EXP 	fixation: autoDraw = False
838.5830 	INFO 	Keyboard events cleared
838.5828 	EXP 	probe: autoDraw = True
839.8184 	DATA 	Keypress: v
839.8333 	EXP 	Device response: <KeyPress from None: t=839.8175793, value=v, duration=None>
839.8337 	EXP 	New trial (rep=22, index=3): <Trial 91 (3 in rep 22) data={'pos': np.int64(50), 'corr_resp': 'c', 'thisN': 91, 'thisTrialN': 3, 'thisRepN': 22}>
839.8486 	EXP 	fixation: autoDraw = False
839.8486 	EXP 	line1: autoDraw = False
839.8486 	EXP 	line_2: autoDraw = False
839.8486 	EXP 	line_3: autoDraw = False
839.8486 	EXP 	line4: autoDraw = False
839.8486 	EXP 	probe: autoDraw = False
839.8486 	EXP 	fixation: autoDraw = True
839.9164 	EXP 	Device response: <KeyPress from None: t=839.8175793, value=v, duration=0.09629409999979543>
840.8496 	EXP 	fixation: autoDraw = False
840.8496 	EXP 	line1: autoDraw = True
840.8496 	EXP 	line_2: autoDraw = True
840.8496 	EXP 	line_3: autoDraw = True
840.8496 	EXP 	line4: autoDraw = True
841.8329 	INFO 	Keyboard events cleared
841.8327 	EXP 	probe: autoDraw = True
844.0001 	EXP 	Device response: <KeyPress from None: t=843.9869236, value=c, duration=None>
844.0005 	EXP 	New trial (rep=23, index=0): <Trial 92 (0 in rep 23) data={'pos': np.int64(150), 'corr_resp': 'v', 'thisN': 92, 'thisTrialN': 0, 'thisRepN': 23}>
844.0018 	DATA 	Keypress: c
844.0161 	EXP 	fixation: autoDraw = False
844.0161 	EXP 	line1: autoDraw = False
844.0161 	EXP 	line_2: autoDraw = False
844.0161 	EXP 	line_3: autoDraw = False
844.0161 	EXP 	line4: autoDraw = False
844.0161 	EXP 	probe: autoDraw = False
844.0161 	EXP 	fixation: autoDraw = True
844.0668 	EXP 	Device response: <KeyPress from None: t=843.9869236, value=c, duration=0.07347519999984797>
844.9999 	EXP 	line1: autoDraw = True
844.9999 	EXP 	line_2: autoDraw = True
844.9999 	EXP 	line_3: autoDraw = True
844.9999 	EXP 	line4: autoDraw = True
845.0164 	EXP 	fixation: autoDraw = False
846.0001 	INFO 	Keyboard events cleared
845.9999 	EXP 	probe: autoDraw = True
846.8667 	EXP 	Device response: <KeyPress from None: t=846.8539264000001, value=v, duration=None>
846.8671 	EXP 	New trial (rep=23, index=1): <Trial 93 (1 in rep 23) data={'pos': np.int64(-150), 'corr_resp': 'z', 'thisN': 93, 'thisTrialN': 1, 'thisRepN': 23}>
846.8684 	DATA 	Keypress: v
846.8830 	EXP 	fixation: autoDraw = False
846.8830 	EXP 	line1: autoDraw = False
846.8830 	EXP 	line_2: autoDraw = False
846.8830 	EXP 	line_3: autoDraw = False
846.8830 	EXP 	line4: autoDraw = False
846.8830 	EXP 	probe: autoDraw = False
846.8830 	EXP 	fixation: autoDraw = True
846.9338 	EXP 	Device response: <KeyPress from None: t=846.8539264000001, value=v, duration=0.07545259999960763>
847.8662 	EXP 	line1: autoDraw = True
847.8662 	EXP 	line_2: autoDraw = True
847.8662 	EXP 	line_3: autoDraw = True
847.8662 	EXP 	line4: autoDraw = True
847.8829 	EXP 	fixation: autoDraw = False
848.8663 	INFO 	Keyboard events cleared
848.8661 	EXP 	probe: autoDraw = True
849.7497 	EXP 	Device response: <KeyPress from None: t=849.7430569999997, value=z, duration=None>
849.7501 	EXP 	New trial (rep=23, index=2): <Trial 94 (2 in rep 23) data={'pos': np.int64(-50), 'corr_resp': 'x', 'thisN': 94, 'thisTrialN': 2, 'thisRepN': 23}>
849.7515 	DATA 	Keypress: z
849.7663 	EXP 	fixation: autoDraw = False
849.7663 	EXP 	line1: autoDraw = False
849.7663 	EXP 	line_2: autoDraw = False
849.7663 	EXP 	line_3: autoDraw = False
849.7663 	EXP 	line4: autoDraw = False
849.7663 	EXP 	probe: autoDraw = False
849.7663 	EXP 	fixation: autoDraw = True
849.8334 	EXP 	Device response: <KeyPress from None: t=849.7430569999997, value=z, duration=0.07466420000037033>
850.7497 	EXP 	line1: autoDraw = True
850.7497 	EXP 	line_2: autoDraw = True
850.7497 	EXP 	line_3: autoDraw = True
850.7497 	EXP 	line4: autoDraw = True
850.7661 	EXP 	fixation: autoDraw = False
851.7497 	INFO 	Keyboard events cleared
851.7495 	EXP 	probe: autoDraw = True
852.7833 	EXP 	Device response: <KeyPress from None: t=852.7683351999999, value=x, duration=None>
852.7838 	EXP 	New trial (rep=23, index=3): <Trial 95 (3 in rep 23) data={'pos': np.int64(50), 'corr_resp': 'c', 'thisN': 95, 'thisTrialN': 3, 'thisRepN': 23}>
852.7852 	DATA 	Keypress: x
852.8002 	EXP 	fixation: autoDraw = False
852.8002 	EXP 	line1: autoDraw = False
852.8002 	EXP 	line_2: autoDraw = False
852.8002 	EXP 	line_3: autoDraw = False
852.8002 	EXP 	line4: autoDraw = False
852.8002 	EXP 	probe: autoDraw = False
852.8002 	EXP 	fixation: autoDraw = True
852.8336 	EXP 	Device response: <KeyPress from None: t=852.7683351999999, value=x, duration=0.05167359999995824>
853.7831 	EXP 	line1: autoDraw = True
853.7831 	EXP 	line_2: autoDraw = True
853.7831 	EXP 	line_3: autoDraw = True
853.7831 	EXP 	line4: autoDraw = True
853.7996 	EXP 	fixation: autoDraw = False
854.7830 	INFO 	Keyboard events cleared
854.7828 	EXP 	probe: autoDraw = True
859.0001 	EXP 	Device response: <KeyPress from None: t=858.9973935999997, value=c, duration=None>
859.0005 	EXP 	New trial (rep=24, index=0): <Trial 96 (0 in rep 24) data={'pos': np.int64(150), 'corr_resp': 'v', 'thisN': 96, 'thisTrialN': 0, 'thisRepN': 24}>
859.0019 	DATA 	Keypress: c
859.0160 	EXP 	fixation: autoDraw = False
859.0160 	EXP 	line1: autoDraw = False
859.0160 	EXP 	line_2: autoDraw = False
859.0160 	EXP 	line_3: autoDraw = False
859.0160 	EXP 	line4: autoDraw = False
859.0160 	EXP 	probe: autoDraw = False
859.0160 	EXP 	fixation: autoDraw = True
859.1501 	EXP 	Device response: <KeyPress from None: t=858.9973935999997, value=c, duration=0.142016500000409>
859.9995 	EXP 	line1: autoDraw = True
859.9995 	EXP 	line_2: autoDraw = True
859.9995 	EXP 	line_3: autoDraw = True
859.9995 	EXP 	line4: autoDraw = True
860.0162 	EXP 	fixation: autoDraw = False
860.9999 	INFO 	Keyboard events cleared
860.9998 	EXP 	probe: autoDraw = True
862.3169 	EXP 	Device response: <KeyPress from None: t=862.3163089999998, value=v, duration=None>
862.3173 	EXP 	New trial (rep=24, index=1): <Trial 97 (1 in rep 24) data={'pos': np.int64(50), 'corr_resp': 'c', 'thisN': 97, 'thisTrialN': 1, 'thisRepN': 24}>
862.3187 	DATA 	Keypress: v
862.3331 	EXP 	fixation: autoDraw = False
862.3331 	EXP 	line1: autoDraw = False
862.3331 	EXP 	line_2: autoDraw = False
862.3331 	EXP 	line_3: autoDraw = False
862.3331 	EXP 	line4: autoDraw = False
862.3331 	EXP 	probe: autoDraw = False
862.3331 	EXP 	fixation: autoDraw = True
862.4164 	EXP 	Device response: <KeyPress from None: t=862.3163089999998, value=v, duration=0.09742310000001453>
863.3163 	EXP 	line1: autoDraw = True
863.3163 	EXP 	line_2: autoDraw = True
863.3163 	EXP 	line_3: autoDraw = True
863.3163 	EXP 	line4: autoDraw = True
863.3327 	EXP 	fixation: autoDraw = False
864.3170 	INFO 	Keyboard events cleared
864.3168 	EXP 	probe: autoDraw = True
865.0498 	EXP 	Device response: <KeyPress from None: t=865.0466045999997, value=c, duration=None>
865.0502 	EXP 	New trial (rep=24, index=2): <Trial 98 (2 in rep 24) data={'pos': np.int64(-150), 'corr_resp': 'z', 'thisN': 98, 'thisTrialN': 2, 'thisRepN': 24}>
865.0518 	DATA 	Keypress: c
865.0664 	EXP 	fixation: autoDraw = False
865.0664 	EXP 	line1: autoDraw = False
865.0664 	EXP 	line_2: autoDraw = False
865.0664 	EXP 	line_3: autoDraw = False
865.0664 	EXP 	line4: autoDraw = False
865.0664 	EXP 	probe: autoDraw = False
865.0664 	EXP 	fixation: autoDraw = True
865.1509 	EXP 	Device response: <KeyPress from None: t=865.0466045999997, value=c, duration=0.08650940000006813>
866.0497 	EXP 	line1: autoDraw = True
866.0497 	EXP 	line_2: autoDraw = True
866.0497 	EXP 	line_3: autoDraw = True
866.0497 	EXP 	line4: autoDraw = True
866.0662 	EXP 	fixation: autoDraw = False
867.0497 	INFO 	Keyboard events cleared
867.0496 	EXP 	probe: autoDraw = True
867.8506 	EXP 	Device response: <KeyPress from None: t=867.8492716000001, value=z, duration=None>
867.8510 	EXP 	New trial (rep=24, index=3): <Trial 99 (3 in rep 24) data={'pos': np.int64(-50), 'corr_resp': 'x', 'thisN': 99, 'thisTrialN': 3, 'thisRepN': 24}>
867.8523 	DATA 	Keypress: z
867.8660 	EXP 	fixation: autoDraw = False
867.8660 	EXP 	line1: autoDraw = False
867.8660 	EXP 	line_2: autoDraw = False
867.8660 	EXP 	line_3: autoDraw = False
867.8660 	EXP 	line4: autoDraw = False
867.8660 	EXP 	probe: autoDraw = False
867.8660 	EXP 	fixation: autoDraw = True
867.9669 	EXP 	Device response: <KeyPress from None: t=867.8492716000001, value=z, duration=0.11150259999976697>
868.8663 	EXP 	fixation: autoDraw = False
868.8663 	EXP 	line1: autoDraw = True
868.8663 	EXP 	line_2: autoDraw = True
868.8663 	EXP 	line_3: autoDraw = True
868.8663 	EXP 	line4: autoDraw = True
869.8664 	INFO 	Keyboard events cleared
869.8662 	EXP 	probe: autoDraw = True
870.7184 	DATA 	Keypress: x
870.7335 	EXP 	Device response: <KeyPress from None: t=870.7175964999997, value=x, duration=None>
870.7339 	EXP 	New trial (rep=25, index=0): <Trial 100 (0 in rep 25) data={'pos': np.int64(50), 'corr_resp': 'c', 'thisN': 100, 'thisTrialN': 0, 'thisRepN': 25}>
870.7501 	EXP 	fixation: autoDraw = False
870.7501 	EXP 	line1: autoDraw = False
870.7501 	EXP 	line_2: autoDraw = False
870.7501 	EXP 	line_3: autoDraw = False
870.7501 	EXP 	line4: autoDraw = False
870.7501 	EXP 	probe: autoDraw = False
870.7501 	EXP 	fixation: autoDraw = True
870.8335 	EXP 	Device response: <KeyPress from None: t=870.7175964999997, value=x, duration=0.10189620000028299>
871.7328 	EXP 	line1: autoDraw = True
871.7328 	EXP 	line_2: autoDraw = True
871.7328 	EXP 	line_3: autoDraw = True
871.7328 	EXP 	line4: autoDraw = True
871.7498 	EXP 	fixation: autoDraw = False
872.7332 	INFO 	Keyboard events cleared
872.7330 	EXP 	probe: autoDraw = True
873.5999 	EXP 	Device response: <KeyPress from None: t=873.5897775999997, value=c, duration=None>
873.6004 	EXP 	New trial (rep=25, index=1): <Trial 101 (1 in rep 25) data={'pos': np.int64(150), 'corr_resp': 'v', 'thisN': 101, 'thisTrialN': 1, 'thisRepN': 25}>
873.6016 	DATA 	Keypress: c
873.6163 	EXP 	fixation: autoDraw = False
873.6163 	EXP 	line1: autoDraw = False
873.6163 	EXP 	line_2: autoDraw = False
873.6163 	EXP 	line_3: autoDraw = False
873.6163 	EXP 	line4: autoDraw = False
873.6163 	EXP 	probe: autoDraw = False
873.6163 	EXP 	fixation: autoDraw = True
873.6999 	EXP 	Device response: <KeyPress from None: t=873.5897775999997, value=c, duration=0.10707640000009633>
874.5998 	EXP 	line1: autoDraw = True
874.5998 	EXP 	line_2: autoDraw = True
874.5998 	EXP 	line_3: autoDraw = True
874.5998 	EXP 	line4: autoDraw = True
874.6166 	EXP 	fixation: autoDraw = False
875.5997 	INFO 	Keyboard events cleared
875.5996 	EXP 	probe: autoDraw = True
876.4002 	EXP 	Device response: <KeyPress from None: t=876.3996327, value=v, duration=None>
876.4006 	EXP 	New trial (rep=25, index=2): <Trial 102 (2 in rep 25) data={'pos': np.int64(-50), 'corr_resp': 'x', 'thisN': 102, 'thisTrialN': 2, 'thisRepN': 25}>
876.4019 	DATA 	Keypress: v
876.4164 	EXP 	fixation: autoDraw = False
876.4164 	EXP 	line1: autoDraw = False
876.4164 	EXP 	line_2: autoDraw = False
876.4164 	EXP 	line_3: autoDraw = False
876.4164 	EXP 	line4: autoDraw = False
876.4164 	EXP 	probe: autoDraw = False
876.4164 	EXP 	fixation: autoDraw = True
876.4834 	EXP 	Device response: <KeyPress from None: t=876.3996327, value=v, duration=0.06942609999987326>
877.4168 	EXP 	fixation: autoDraw = False
877.4168 	EXP 	line1: autoDraw = True
877.4168 	EXP 	line_2: autoDraw = True
877.4168 	EXP 	line_3: autoDraw = True
877.4168 	EXP 	line4: autoDraw = True
878.4002 	INFO 	Keyboard events cleared
878.4000 	EXP 	probe: autoDraw = True
879.8667 	EXP 	Device response: <KeyPress from None: t=879.8553462999998, value=x, duration=None>
879.8671 	EXP 	New trial (rep=25, index=3): <Trial 103 (3 in rep 25) data={'pos': np.int64(-150), 'corr_resp': 'z', 'thisN': 103, 'thisTrialN': 3, 'thisRepN': 25}>
879.8685 	DATA 	Keypress: x
879.8830 	EXP 	fixation: autoDraw = False
879.8830 	EXP 	line1: autoDraw = False
879.8830 	EXP 	line_2: autoDraw = False
879.8830 	EXP 	line_3: autoDraw = False
879.8830 	EXP 	line4: autoDraw = False
879.8830 	EXP 	probe: autoDraw = False
879.8830 	EXP 	fixation: autoDraw = True
880.0174 	EXP 	Device response: <KeyPress from None: t=879.8553462999998, value=x, duration=0.15396349999991799>
880.8664 	EXP 	line1: autoDraw = True
880.8664 	EXP 	line_2: autoDraw = True
880.8664 	EXP 	line_3: autoDraw = True
880.8664 	EXP 	line4: autoDraw = True
880.8832 	EXP 	fixation: autoDraw = False
881.8666 	INFO 	Keyboard events cleared
881.8664 	EXP 	probe: autoDraw = True
882.7836 	EXP 	Device response: <KeyPress from None: t=882.7720615999997, value=z, duration=None>
882.7840 	EXP 	New trial (rep=26, index=0): <Trial 104 (0 in rep 26) data={'pos': np.int64(50), 'corr_resp': 'c', 'thisN': 104, 'thisTrialN': 0, 'thisRepN': 26}>
882.7854 	DATA 	Keypress: z
882.7997 	EXP 	fixation: autoDraw = False
882.7997 	EXP 	line1: autoDraw = False
882.7997 	EXP 	line_2: autoDraw = False
882.7997 	EXP 	line_3: autoDraw = False
882.7997 	EXP 	line4: autoDraw = False
882.7997 	EXP 	probe: autoDraw = False
882.7997 	EXP 	fixation: autoDraw = True
882.8172 	EXP 	Device response: <KeyPress from None: t=882.7720615999997, value=z, duration=0.04417560000001686>
883.7995 	EXP 	fixation: autoDraw = False
883.7995 	EXP 	line1: autoDraw = True
883.7995 	EXP 	line_2: autoDraw = True
883.7995 	EXP 	line_3: autoDraw = True
883.7995 	EXP 	line4: autoDraw = True
884.7834 	INFO 	Keyboard events cleared
884.7832 	EXP 	probe: autoDraw = True
885.5834 	EXP 	Device response: <KeyPress from None: t=885.5807888999998, value=c, duration=None>
885.5838 	EXP 	New trial (rep=26, index=1): <Trial 105 (1 in rep 26) data={'pos': np.int64(150), 'corr_resp': 'v', 'thisN': 105, 'thisTrialN': 1, 'thisRepN': 26}>
885.5852 	DATA 	Keypress: c
885.5998 	EXP 	fixation: autoDraw = False
885.5998 	EXP 	line1: autoDraw = False
885.5998 	EXP 	line_2: autoDraw = False
885.5998 	EXP 	line_3: autoDraw = False
885.5998 	EXP 	line4: autoDraw = False
885.5998 	EXP 	probe: autoDraw = False
885.5998 	EXP 	fixation: autoDraw = True
885.6334 	EXP 	Device response: <KeyPress from None: t=885.5807888999998, value=c, duration=0.04569080000010217>
886.5827 	EXP 	line1: autoDraw = True
886.5827 	EXP 	line_2: autoDraw = True
886.5827 	EXP 	line_3: autoDraw = True
886.5827 	EXP 	line4: autoDraw = True
886.5997 	EXP 	fixation: autoDraw = False
887.5838 	INFO 	Keyboard events cleared
887.5837 	EXP 	probe: autoDraw = True
888.6668 	EXP 	Device response: <KeyPress from None: t=888.6538009000001, value=v, duration=None>
888.6672 	EXP 	New trial (rep=26, index=2): <Trial 106 (2 in rep 26) data={'pos': np.int64(-50), 'corr_resp': 'x', 'thisN': 106, 'thisTrialN': 2, 'thisRepN': 26}>
888.6686 	DATA 	Keypress: v
888.6831 	EXP 	fixation: autoDraw = False
888.6831 	EXP 	line1: autoDraw = False
888.6831 	EXP 	line_2: autoDraw = False
888.6831 	EXP 	line_3: autoDraw = False
888.6831 	EXP 	line4: autoDraw = False
888.6831 	EXP 	probe: autoDraw = False
888.6831 	EXP 	fixation: autoDraw = True
888.7670 	EXP 	Device response: <KeyPress from None: t=888.6538009000001, value=v, duration=0.0981339999998454>
889.6664 	EXP 	line1: autoDraw = True
889.6664 	EXP 	line_2: autoDraw = True
889.6664 	EXP 	line_3: autoDraw = True
889.6664 	EXP 	line4: autoDraw = True
889.6830 	EXP 	fixation: autoDraw = False
890.6674 	INFO 	Keyboard events cleared
890.6672 	EXP 	probe: autoDraw = True
891.6002 	EXP 	Device response: <KeyPress from None: t=891.5975458999997, value=x, duration=None>
891.6005 	EXP 	New trial (rep=26, index=3): <Trial 107 (3 in rep 26) data={'pos': np.int64(-150), 'corr_resp': 'z', 'thisN': 107, 'thisTrialN': 3, 'thisRepN': 26}>
891.6019 	DATA 	Keypress: x
891.6164 	EXP 	fixation: autoDraw = False
891.6164 	EXP 	line1: autoDraw = False
891.6164 	EXP 	line_2: autoDraw = False
891.6164 	EXP 	line_3: autoDraw = False
891.6164 	EXP 	line4: autoDraw = False
891.6164 	EXP 	probe: autoDraw = False
891.6164 	EXP 	fixation: autoDraw = True
891.6670 	EXP 	Device response: <KeyPress from None: t=891.5975458999997, value=x, duration=0.05920630000036908>
892.5997 	EXP 	line1: autoDraw = True
892.5997 	EXP 	line_2: autoDraw = True
892.5997 	EXP 	line_3: autoDraw = True
892.5997 	EXP 	line4: autoDraw = True
892.6164 	EXP 	fixation: autoDraw = False
893.5996 	INFO 	Keyboard events cleared
893.5994 	EXP 	probe: autoDraw = True
895.3516 	DATA 	Keypress: z
895.3677 	EXP 	Device response: <KeyPress from None: t=895.3499784999999, value=z, duration=None>
895.3681 	EXP 	New trial (rep=27, index=0): <Trial 108 (0 in rep 27) data={'pos': np.int64(-150), 'corr_resp': 'z', 'thisN': 108, 'thisTrialN': 0, 'thisRepN': 27}>
895.3831 	EXP 	fixation: autoDraw = False
895.3831 	EXP 	line1: autoDraw = False
895.3831 	EXP 	line_2: autoDraw = False
895.3831 	EXP 	line_3: autoDraw = False
895.3831 	EXP 	line4: autoDraw = False
895.3831 	EXP 	probe: autoDraw = False
895.3831 	EXP 	fixation: autoDraw = True
895.4003 	EXP 	Device response: <KeyPress from None: t=895.3499784999999, value=z, duration=0.04393590000017866>
896.3832 	EXP 	fixation: autoDraw = False
896.3832 	EXP 	line1: autoDraw = True
896.3832 	EXP 	line_2: autoDraw = True
896.3832 	EXP 	line_3: autoDraw = True
896.3832 	EXP 	line4: autoDraw = True
897.3832 	INFO 	Keyboard events cleared
897.3830 	EXP 	probe: autoDraw = True
898.3668 	EXP 	Device response: <KeyPress from None: t=898.3523984999997, value=z, duration=None>
898.3672 	EXP 	New trial (rep=27, index=1): <Trial 109 (1 in rep 27) data={'pos': np.int64(-50), 'corr_resp': 'x', 'thisN': 109, 'thisTrialN': 1, 'thisRepN': 27}>
898.3686 	DATA 	Keypress: z
898.3829 	EXP 	fixation: autoDraw = False
898.3829 	EXP 	line1: autoDraw = False
898.3829 	EXP 	line_2: autoDraw = False
898.3829 	EXP 	line_3: autoDraw = False
898.3829 	EXP 	line4: autoDraw = False
898.3829 	EXP 	probe: autoDraw = False
898.3829 	EXP 	fixation: autoDraw = True
898.4171 	EXP 	Device response: <KeyPress from None: t=898.3523984999997, value=z, duration=0.055406000000402855>
899.3664 	EXP 	line1: autoDraw = True
899.3664 	EXP 	line_2: autoDraw = True
899.3664 	EXP 	line_3: autoDraw = True
899.3664 	EXP 	line4: autoDraw = True
899.3832 	EXP 	fixation: autoDraw = False
900.3833 	INFO 	Keyboard events cleared
900.3831 	EXP 	probe: autoDraw = True
902.5338 	EXP 	Device response: <KeyPress from None: t=902.5310497, value=x, duration=None>
902.5342 	EXP 	New trial (rep=27, index=2): <Trial 110 (2 in rep 27) data={'pos': np.int64(50), 'corr_resp': 'c', 'thisN': 110, 'thisTrialN': 2, 'thisRepN': 27}>
902.5354 	DATA 	Keypress: x
902.5494 	EXP 	fixation: autoDraw = False
902.5494 	EXP 	line1: autoDraw = False
902.5494 	EXP 	line_2: autoDraw = False
902.5494 	EXP 	line_3: autoDraw = False
902.5494 	EXP 	line4: autoDraw = False
902.5494 	EXP 	probe: autoDraw = False
902.5494 	EXP 	fixation: autoDraw = True
902.6500 	EXP 	Device response: <KeyPress from None: t=902.5310497, value=x, duration=0.11188270000002376>
903.5329 	EXP 	line1: autoDraw = True
903.5329 	EXP 	line_2: autoDraw = True
903.5329 	EXP 	line_3: autoDraw = True
903.5329 	EXP 	line4: autoDraw = True
903.5497 	EXP 	fixation: autoDraw = False
904.5334 	INFO 	Keyboard events cleared
904.5332 	EXP 	probe: autoDraw = True
905.7673 	EXP 	Device response: <KeyPress from None: t=905.7608987999997, value=c, duration=None>
905.7677 	EXP 	New trial (rep=27, index=3): <Trial 111 (3 in rep 27) data={'pos': np.int64(150), 'corr_resp': 'v', 'thisN': 111, 'thisTrialN': 3, 'thisRepN': 27}>
905.7691 	DATA 	Keypress: c
905.7832 	EXP 	fixation: autoDraw = False
905.7832 	EXP 	line1: autoDraw = False
905.7832 	EXP 	line_2: autoDraw = False
905.7832 	EXP 	line_3: autoDraw = False
905.7832 	EXP 	line4: autoDraw = False
905.7832 	EXP 	probe: autoDraw = False
905.7832 	EXP 	fixation: autoDraw = True
905.9003 	EXP 	Device response: <KeyPress from None: t=905.7608987999997, value=c, duration=0.13042140000015934>
906.7666 	EXP 	line1: autoDraw = True
906.7666 	EXP 	line_2: autoDraw = True
906.7666 	EXP 	line_3: autoDraw = True
906.7666 	EXP 	line4: autoDraw = True
906.7831 	EXP 	fixation: autoDraw = False
907.7831 	INFO 	Keyboard events cleared
907.7830 	EXP 	probe: autoDraw = True
909.5506 	EXP 	Device response: <KeyPress from None: t=909.5363090000001, value=v, duration=None>
909.5510 	EXP 	New trial (rep=28, index=0): <Trial 112 (0 in rep 28) data={'pos': np.int64(-150), 'corr_resp': 'z', 'thisN': 112, 'thisTrialN': 0, 'thisRepN': 28}>
909.5524 	DATA 	Keypress: v
909.5672 	EXP 	fixation: autoDraw = False
909.5672 	EXP 	line1: autoDraw = False
909.5672 	EXP 	line_2: autoDraw = False
909.5672 	EXP 	line_3: autoDraw = False
909.5672 	EXP 	line4: autoDraw = False
909.5672 	EXP 	probe: autoDraw = False
909.5672 	EXP 	fixation: autoDraw = True
909.6170 	EXP 	Device response: <KeyPress from None: t=909.5363090000001, value=v, duration=0.07815439999967566>
910.5500 	EXP 	line1: autoDraw = True
910.5500 	EXP 	line_2: autoDraw = True
910.5500 	EXP 	line_3: autoDraw = True
910.5500 	EXP 	line4: autoDraw = True
910.5664 	EXP 	fixation: autoDraw = False
911.5501 	INFO 	Keyboard events cleared
911.5499 	EXP 	probe: autoDraw = True
912.2504 	EXP 	Device response: <KeyPress from None: t=912.2498658999998, value=z, duration=None>
912.2508 	EXP 	New trial (rep=28, index=1): <Trial 113 (1 in rep 28) data={'pos': np.int64(150), 'corr_resp': 'v', 'thisN': 113, 'thisTrialN': 1, 'thisRepN': 28}>
912.2523 	DATA 	Keypress: z
912.2672 	EXP 	fixation: autoDraw = False
912.2672 	EXP 	line1: autoDraw = False
912.2672 	EXP 	line_2: autoDraw = False
912.2672 	EXP 	line_3: autoDraw = False
912.2672 	EXP 	line4: autoDraw = False
912.2672 	EXP 	probe: autoDraw = False
912.2672 	EXP 	fixation: autoDraw = True
912.3336 	EXP 	Device response: <KeyPress from None: t=912.2498658999998, value=z, duration=0.07487209999999322>
913.2498 	EXP 	line1: autoDraw = True
913.2498 	EXP 	line_2: autoDraw = True
913.2498 	EXP 	line_3: autoDraw = True
913.2498 	EXP 	line4: autoDraw = True
913.2666 	EXP 	fixation: autoDraw = False
914.2667 	INFO 	Keyboard events cleared
914.2666 	EXP 	probe: autoDraw = True
915.2168 	EXP 	Device response: <KeyPress from None: t=915.2083405999997, value=v, duration=None>
915.2173 	EXP 	New trial (rep=28, index=2): <Trial 114 (2 in rep 28) data={'pos': np.int64(50), 'corr_resp': 'c', 'thisN': 114, 'thisTrialN': 2, 'thisRepN': 28}>
915.2188 	DATA 	Keypress: v
915.2333 	EXP 	fixation: autoDraw = False
915.2333 	EXP 	line1: autoDraw = False
915.2333 	EXP 	line_2: autoDraw = False
915.2333 	EXP 	line_3: autoDraw = False
915.2333 	EXP 	line4: autoDraw = False
915.2333 	EXP 	probe: autoDraw = False
915.2333 	EXP 	fixation: autoDraw = True
915.2837 	EXP 	Device response: <KeyPress from None: t=915.2083405999997, value=v, duration=0.06495010000026014>
916.2165 	EXP 	line1: autoDraw = True
916.2165 	EXP 	line_2: autoDraw = True
916.2165 	EXP 	line_3: autoDraw = True
916.2165 	EXP 	line4: autoDraw = True
916.2334 	EXP 	fixation: autoDraw = False
917.2166 	INFO 	Keyboard events cleared
917.2165 	EXP 	probe: autoDraw = True
918.2501 	EXP 	Device response: <KeyPress from None: t=918.2427611999997, value=c, duration=None>
918.2505 	EXP 	New trial (rep=28, index=3): <Trial 115 (3 in rep 28) data={'pos': np.int64(-50), 'corr_resp': 'x', 'thisN': 115, 'thisTrialN': 3, 'thisRepN': 28}>
918.2520 	DATA 	Keypress: c
918.2665 	EXP 	fixation: autoDraw = False
918.2665 	EXP 	line1: autoDraw = False
918.2665 	EXP 	line_2: autoDraw = False
918.2665 	EXP 	line_3: autoDraw = False
918.2665 	EXP 	line4: autoDraw = False
918.2665 	EXP 	probe: autoDraw = False
918.2665 	EXP 	fixation: autoDraw = True
918.3169 	EXP 	Device response: <KeyPress from None: t=918.2427611999997, value=c, duration=0.05964250000033644>
919.2499 	EXP 	line1: autoDraw = True
919.2499 	EXP 	line_2: autoDraw = True
919.2499 	EXP 	line_3: autoDraw = True
919.2499 	EXP 	line4: autoDraw = True
919.2665 	EXP 	fixation: autoDraw = False
920.2501 	INFO 	Keyboard events cleared
920.2499 	EXP 	probe: autoDraw = True
924.5694 	DATA 	Keypress: x
924.5838 	EXP 	Device response: <KeyPress from None: t=924.5686129000001, value=x, duration=None>
924.5842 	EXP 	New trial (rep=29, index=0): <Trial 116 (0 in rep 29) data={'pos': np.int64(150), 'corr_resp': 'v', 'thisN': 116, 'thisTrialN': 0, 'thisRepN': 29}>
924.5998 	EXP 	fixation: autoDraw = False
924.5998 	EXP 	line1: autoDraw = False
924.5998 	EXP 	line_2: autoDraw = False
924.5998 	EXP 	line_3: autoDraw = False
924.5998 	EXP 	line4: autoDraw = False
924.5998 	EXP 	probe: autoDraw = False
924.5998 	EXP 	fixation: autoDraw = True
924.6666 	EXP 	Device response: <KeyPress from None: t=924.5686129000001, value=x, duration=0.0814975999996932>
925.5833 	EXP 	line1: autoDraw = True
925.5833 	EXP 	line_2: autoDraw = True
925.5833 	EXP 	line_3: autoDraw = True
925.5833 	EXP 	line4: autoDraw = True
925.6005 	EXP 	fixation: autoDraw = False
926.5831 	INFO 	Keyboard events cleared
926.5829 	EXP 	probe: autoDraw = True
927.5006 	EXP 	Device response: <KeyPress from None: t=927.4923097000001, value=v, duration=None>
927.5010 	EXP 	New trial (rep=29, index=1): <Trial 117 (1 in rep 29) data={'pos': np.int64(-50), 'corr_resp': 'x', 'thisN': 117, 'thisTrialN': 1, 'thisRepN': 29}>
927.5025 	DATA 	Keypress: v
927.5164 	EXP 	fixation: autoDraw = False
927.5164 	EXP 	line1: autoDraw = False
927.5164 	EXP 	line_2: autoDraw = False
927.5164 	EXP 	line_3: autoDraw = False
927.5164 	EXP 	line4: autoDraw = False
927.5164 	EXP 	probe: autoDraw = False
927.5164 	EXP 	fixation: autoDraw = True
927.6003 	EXP 	Device response: <KeyPress from None: t=927.4923097000001, value=v, duration=0.10507759999973132>
928.5000 	EXP 	line1: autoDraw = True
928.5000 	EXP 	line_2: autoDraw = True
928.5000 	EXP 	line_3: autoDraw = True
928.5000 	EXP 	line4: autoDraw = True
928.5165 	EXP 	fixation: autoDraw = False
929.5001 	INFO 	Keyboard events cleared
929.4999 	EXP 	probe: autoDraw = True
930.2171 	EXP 	Device response: <KeyPress from None: t=930.2038638999998, value=x, duration=None>
930.2175 	EXP 	New trial (rep=29, index=2): <Trial 118 (2 in rep 29) data={'pos': np.int64(50), 'corr_resp': 'c', 'thisN': 118, 'thisTrialN': 2, 'thisRepN': 29}>
930.2187 	DATA 	Keypress: x
930.2333 	EXP 	fixation: autoDraw = False
930.2333 	EXP 	line1: autoDraw = False
930.2333 	EXP 	line_2: autoDraw = False
930.2333 	EXP 	line_3: autoDraw = False
930.2333 	EXP 	line4: autoDraw = False
930.2333 	EXP 	probe: autoDraw = False
930.2333 	EXP 	fixation: autoDraw = True
930.3506 	EXP 	Device response: <KeyPress from None: t=930.2038638999998, value=x, duration=0.13180800000009185>
931.2166 	EXP 	line1: autoDraw = True
931.2166 	EXP 	line_2: autoDraw = True
931.2166 	EXP 	line_3: autoDraw = True
931.2166 	EXP 	line4: autoDraw = True
931.2333 	EXP 	fixation: autoDraw = False
932.2166 	INFO 	Keyboard events cleared
932.2165 	EXP 	probe: autoDraw = True
936.3839 	EXP 	Device response: <KeyPress from None: t=936.3816772, value=c, duration=None>
936.3844 	EXP 	New trial (rep=29, index=3): <Trial 119 (3 in rep 29) data={'pos': np.int64(-150), 'corr_resp': 'z', 'thisN': 119, 'thisTrialN': 3, 'thisRepN': 29}>
936.3858 	DATA 	Keypress: c
936.4006 	EXP 	fixation: autoDraw = False
936.4006 	EXP 	line1: autoDraw = False
936.4006 	EXP 	line_2: autoDraw = False
936.4006 	EXP 	line_3: autoDraw = False
936.4006 	EXP 	line4: autoDraw = False
936.4006 	EXP 	probe: autoDraw = False
936.4006 	EXP 	fixation: autoDraw = True
936.5337 	EXP 	Device response: <KeyPress from None: t=936.3816772, value=c, duration=0.13967800000000352>
937.3999 	EXP 	fixation: autoDraw = False
937.3999 	EXP 	line1: autoDraw = True
937.3999 	EXP 	line_2: autoDraw = True
937.3999 	EXP 	line_3: autoDraw = True
937.3999 	EXP 	line4: autoDraw = True
938.3836 	INFO 	Keyboard events cleared
938.3835 	EXP 	probe: autoDraw = True
939.5006 	EXP 	Device response: <KeyPress from None: t=939.4942398999997, value=z, duration=None>
939.5010 	EXP 	New trial (rep=30, index=0): <Trial 120 (0 in rep 30) data={'pos': np.int64(-50), 'corr_resp': 'x', 'thisN': 120, 'thisTrialN': 0, 'thisRepN': 30}>
939.5024 	DATA 	Keypress: z
939.5168 	EXP 	fixation: autoDraw = False
939.5168 	EXP 	line1: autoDraw = False
939.5168 	EXP 	line_2: autoDraw = False
939.5168 	EXP 	line_3: autoDraw = False
939.5168 	EXP 	line4: autoDraw = False
939.5168 	EXP 	probe: autoDraw = False
939.5168 	EXP 	fixation: autoDraw = True
939.6194 	EXP 	Device response: <KeyPress from None: t=939.4942398999997, value=z, duration=0.122263500000372>
940.5000 	EXP 	line1: autoDraw = True
940.5000 	EXP 	line_2: autoDraw = True
940.5000 	EXP 	line_3: autoDraw = True
940.5000 	EXP 	line4: autoDraw = True
940.5166 	EXP 	fixation: autoDraw = False
941.5002 	INFO 	Keyboard events cleared
941.5000 	EXP 	probe: autoDraw = True
942.5006 	EXP 	Device response: <KeyPress from None: t=942.4923028999997, value=x, duration=None>
942.5009 	EXP 	New trial (rep=30, index=1): <Trial 121 (1 in rep 30) data={'pos': np.int64(-150), 'corr_resp': 'z', 'thisN': 121, 'thisTrialN': 1, 'thisRepN': 30}>
942.5023 	DATA 	Keypress: x
942.5168 	EXP 	fixation: autoDraw = False
942.5168 	EXP 	line1: autoDraw = False
942.5168 	EXP 	line_2: autoDraw = False
942.5168 	EXP 	line_3: autoDraw = False
942.5168 	EXP 	line4: autoDraw = False
942.5168 	EXP 	probe: autoDraw = False
942.5168 	EXP 	fixation: autoDraw = True
942.6172 	EXP 	Device response: <KeyPress from None: t=942.4923028999997, value=x, duration=0.12186610000026121>
943.5002 	EXP 	line1: autoDraw = True
943.5002 	EXP 	line_2: autoDraw = True
943.5002 	EXP 	line_3: autoDraw = True
943.5002 	EXP 	line4: autoDraw = True
943.5166 	EXP 	fixation: autoDraw = False
944.5167 	INFO 	Keyboard events cleared
944.5166 	EXP 	probe: autoDraw = True
945.3357 	DATA 	Keypress: z
945.3510 	EXP 	Device response: <KeyPress from None: t=945.3337056, value=z, duration=None>
945.3513 	EXP 	New trial (rep=30, index=2): <Trial 122 (2 in rep 30) data={'pos': np.int64(50), 'corr_resp': 'c', 'thisN': 122, 'thisTrialN': 2, 'thisRepN': 30}>
945.3664 	EXP 	fixation: autoDraw = False
945.3664 	EXP 	line1: autoDraw = False
945.3664 	EXP 	line_2: autoDraw = False
945.3664 	EXP 	line_3: autoDraw = False
945.3664 	EXP 	line4: autoDraw = False
945.3664 	EXP 	probe: autoDraw = False
945.3664 	EXP 	fixation: autoDraw = True
945.4677 	EXP 	Device response: <KeyPress from None: t=945.3337056, value=z, duration=0.12144949999992605>
946.3667 	EXP 	fixation: autoDraw = False
946.3667 	EXP 	line1: autoDraw = True
946.3667 	EXP 	line_2: autoDraw = True
946.3667 	EXP 	line_3: autoDraw = True
946.3667 	EXP 	line4: autoDraw = True
947.0341 	EXP 	Device response: <KeyPress from None: t=947.0332653999999, value=z, duration=None>
947.0353 	DATA 	Keypress: z
947.1340 	EXP 	Device response: <KeyPress from None: t=947.0332653999999, value=z, duration=0.0844544000001406>
947.3669 	INFO 	Keyboard events cleared
947.3667 	EXP 	probe: autoDraw = True
948.7674 	EXP 	Device response: <KeyPress from None: t=948.7562816, value=c, duration=None>
948.7677 	EXP 	New trial (rep=30, index=3): <Trial 123 (3 in rep 30) data={'pos': np.int64(150), 'corr_resp': 'v', 'thisN': 123, 'thisTrialN': 3, 'thisRepN': 30}>
948.7690 	DATA 	Keypress: c
948.7833 	EXP 	fixation: autoDraw = False
948.7833 	EXP 	line1: autoDraw = False
948.7833 	EXP 	line_2: autoDraw = False
948.7833 	EXP 	line_3: autoDraw = False
948.7833 	EXP 	line4: autoDraw = False
948.7833 	EXP 	probe: autoDraw = False
948.7833 	EXP 	fixation: autoDraw = True
948.8505 	EXP 	Device response: <KeyPress from None: t=948.7562816, value=c, duration=0.08484880000014527>
949.7833 	EXP 	fixation: autoDraw = False
949.7833 	EXP 	line1: autoDraw = True
949.7833 	EXP 	line_2: autoDraw = True
949.7833 	EXP 	line_3: autoDraw = True
949.7833 	EXP 	line4: autoDraw = True
950.7668 	INFO 	Keyboard events cleared
950.7667 	EXP 	probe: autoDraw = True
951.5339 	EXP 	Device response: <KeyPress from None: t=951.5202986999998, value=v, duration=None>
951.5344 	EXP 	New trial (rep=31, index=0): <Trial 124 (0 in rep 31) data={'pos': np.int64(50), 'corr_resp': 'c', 'thisN': 124, 'thisTrialN': 0, 'thisRepN': 31}>
951.5358 	DATA 	Keypress: v
951.5501 	EXP 	fixation: autoDraw = False
951.5501 	EXP 	line1: autoDraw = False
951.5501 	EXP 	line_2: autoDraw = False
951.5501 	EXP 	line_3: autoDraw = False
951.5501 	EXP 	line4: autoDraw = False
951.5501 	EXP 	probe: autoDraw = False
951.5501 	EXP 	fixation: autoDraw = True
951.6506 	EXP 	Device response: <KeyPress from None: t=951.5202986999998, value=v, duration=0.11832780000031562>
952.5333 	EXP 	line1: autoDraw = True
952.5333 	EXP 	line_2: autoDraw = True
952.5333 	EXP 	line_3: autoDraw = True
952.5333 	EXP 	line4: autoDraw = True
952.5500 	EXP 	fixation: autoDraw = False
953.5503 	INFO 	Keyboard events cleared
953.5502 	EXP 	probe: autoDraw = True
954.3009 	EXP 	Device response: <KeyPress from None: t=954.3003097000001, value=c, duration=None>
954.3012 	EXP 	New trial (rep=31, index=1): <Trial 125 (1 in rep 31) data={'pos': np.int64(-150), 'corr_resp': 'z', 'thisN': 125, 'thisTrialN': 1, 'thisRepN': 31}>
954.3025 	DATA 	Keypress: c
954.3167 	EXP 	fixation: autoDraw = False
954.3167 	EXP 	line1: autoDraw = False
954.3167 	EXP 	line_2: autoDraw = False
954.3167 	EXP 	line_3: autoDraw = False
954.3167 	EXP 	line4: autoDraw = False
954.3167 	EXP 	probe: autoDraw = False
954.3167 	EXP 	fixation: autoDraw = True
954.4341 	EXP 	Device response: <KeyPress from None: t=954.3003097000001, value=c, duration=0.13152279999985694>
955.3166 	EXP 	fixation: autoDraw = False
955.3166 	EXP 	line1: autoDraw = True
955.3166 	EXP 	line_2: autoDraw = True
955.3166 	EXP 	line_3: autoDraw = True
955.3166 	EXP 	line4: autoDraw = True
956.3168 	INFO 	Keyboard events cleared
956.3167 	EXP 	probe: autoDraw = True
957.0025 	DATA 	Keypress: z
957.0180 	EXP 	Device response: <KeyPress from None: t=957.0016273000001, value=z, duration=None>
957.0185 	EXP 	New trial (rep=31, index=2): <Trial 126 (2 in rep 31) data={'pos': np.int64(150), 'corr_resp': 'v', 'thisN': 126, 'thisTrialN': 2, 'thisRepN': 31}>
957.0342 	EXP 	fixation: autoDraw = False
957.0342 	EXP 	line1: autoDraw = False
957.0342 	EXP 	line_2: autoDraw = False
957.0342 	EXP 	line_3: autoDraw = False
957.0342 	EXP 	line4: autoDraw = False
957.0342 	EXP 	probe: autoDraw = False
957.0342 	EXP 	fixation: autoDraw = True
957.1838 	EXP 	Device response: <KeyPress from None: t=957.0016273000001, value=z, duration=0.16687409999985903>
958.0334 	EXP 	fixation: autoDraw = False
958.0334 	EXP 	line1: autoDraw = True
958.0334 	EXP 	line_2: autoDraw = True
958.0334 	EXP 	line_3: autoDraw = True
958.0334 	EXP 	line4: autoDraw = True
959.0169 	INFO 	Keyboard events cleared
959.0167 	EXP 	probe: autoDraw = True
959.7353 	DATA 	Keypress: v
959.7506 	EXP 	Device response: <KeyPress from None: t=959.7344382000001, value=v, duration=None>
959.7510 	EXP 	New trial (rep=31, index=3): <Trial 127 (3 in rep 31) data={'pos': np.int64(-50), 'corr_resp': 'x', 'thisN': 127, 'thisTrialN': 3, 'thisRepN': 31}>
959.7665 	EXP 	fixation: autoDraw = False
959.7665 	EXP 	line1: autoDraw = False
959.7665 	EXP 	line_2: autoDraw = False
959.7665 	EXP 	line_3: autoDraw = False
959.7665 	EXP 	line4: autoDraw = False
959.7665 	EXP 	probe: autoDraw = False
959.7665 	EXP 	fixation: autoDraw = True
959.8336 	EXP 	Device response: <KeyPress from None: t=959.7344382000001, value=v, duration=0.09267319999980828>
960.7501 	EXP 	line1: autoDraw = True
960.7501 	EXP 	line_2: autoDraw = True
960.7501 	EXP 	line_3: autoDraw = True
960.7501 	EXP 	line4: autoDraw = True
960.7667 	EXP 	fixation: autoDraw = False
961.7502 	INFO 	Keyboard events cleared
961.7501 	EXP 	probe: autoDraw = True
962.5692 	DATA 	Keypress: x
962.5841 	EXP 	Device response: <KeyPress from None: t=962.5675252000001, value=x, duration=None>
962.5845 	EXP 	New trial (rep=32, index=0): <Trial 128 (0 in rep 32) data={'pos': np.int64(150), 'corr_resp': 'v', 'thisN': 128, 'thisTrialN': 0, 'thisRepN': 32}>
962.6001 	EXP 	fixation: autoDraw = False
962.6001 	EXP 	line1: autoDraw = False
962.6001 	EXP 	line_2: autoDraw = False
962.6001 	EXP 	line_3: autoDraw = False
962.6001 	EXP 	line4: autoDraw = False
962.6001 	EXP 	probe: autoDraw = False
962.6001 	EXP 	fixation: autoDraw = True
962.6669 	EXP 	Device response: <KeyPress from None: t=962.5675252000001, value=x, duration=0.09610789999987901>
963.5837 	EXP 	line1: autoDraw = True
963.5837 	EXP 	line_2: autoDraw = True
963.5837 	EXP 	line_3: autoDraw = True
963.5837 	EXP 	line4: autoDraw = True
963.6003 	EXP 	fixation: autoDraw = False
964.6008 	INFO 	Keyboard events cleared
964.6006 	EXP 	probe: autoDraw = True
965.5341 	EXP 	Device response: <KeyPress from None: t=965.5276509, value=v, duration=None>
965.5344 	EXP 	New trial (rep=32, index=1): <Trial 129 (1 in rep 32) data={'pos': np.int64(-50), 'corr_resp': 'x', 'thisN': 129, 'thisTrialN': 1, 'thisRepN': 32}>
965.5359 	DATA 	Keypress: v
965.5503 	EXP 	fixation: autoDraw = False
965.5503 	EXP 	line1: autoDraw = False
965.5503 	EXP 	line_2: autoDraw = False
965.5503 	EXP 	line_3: autoDraw = False
965.5503 	EXP 	line4: autoDraw = False
965.5503 	EXP 	probe: autoDraw = False
965.5503 	EXP 	fixation: autoDraw = True
966.0173 	EXP 	Device response: <KeyPress from None: t=965.5276509, value=v, duration=0.4865845999997873>
966.5335 	EXP 	line1: autoDraw = True
966.5335 	EXP 	line_2: autoDraw = True
966.5335 	EXP 	line_3: autoDraw = True
966.5335 	EXP 	line4: autoDraw = True
966.5502 	EXP 	fixation: autoDraw = False
967.5336 	INFO 	Keyboard events cleared
967.5334 	EXP 	probe: autoDraw = True
968.5839 	EXP 	Device response: <KeyPress from None: t=968.5762857999998, value=x, duration=None>
968.5843 	EXP 	New trial (rep=32, index=2): <Trial 130 (2 in rep 32) data={'pos': np.int64(50), 'corr_resp': 'c', 'thisN': 130, 'thisTrialN': 2, 'thisRepN': 32}>
968.5856 	DATA 	Keypress: x
968.6000 	EXP 	fixation: autoDraw = False
968.6000 	EXP 	line1: autoDraw = False
968.6000 	EXP 	line_2: autoDraw = False
968.6000 	EXP 	line_3: autoDraw = False
968.6000 	EXP 	line4: autoDraw = False
968.6000 	EXP 	probe: autoDraw = False
968.6000 	EXP 	fixation: autoDraw = True
968.6670 	EXP 	Device response: <KeyPress from None: t=968.5762857999998, value=x, duration=0.08292050000000017>
969.5837 	EXP 	line1: autoDraw = True
969.5837 	EXP 	line_2: autoDraw = True
969.5837 	EXP 	line_3: autoDraw = True
969.5837 	EXP 	line4: autoDraw = True
969.6000 	EXP 	fixation: autoDraw = False
970.5835 	INFO 	Keyboard events cleared
970.5834 	EXP 	probe: autoDraw = True
971.7023 	DATA 	Keypress: c
971.7173 	EXP 	Device response: <KeyPress from None: t=971.7010731999999, value=c, duration=None>
971.7176 	EXP 	New trial (rep=32, index=3): <Trial 131 (3 in rep 32) data={'pos': np.int64(-150), 'corr_resp': 'z', 'thisN': 131, 'thisTrialN': 3, 'thisRepN': 32}>
971.7335 	EXP 	fixation: autoDraw = False
971.7335 	EXP 	line1: autoDraw = False
971.7335 	EXP 	line_2: autoDraw = False
971.7335 	EXP 	line_3: autoDraw = False
971.7335 	EXP 	line4: autoDraw = False
971.7335 	EXP 	probe: autoDraw = False
971.7335 	EXP 	fixation: autoDraw = True
971.8177 	EXP 	Device response: <KeyPress from None: t=971.7010731999999, value=c, duration=0.10941229999980351>
972.7168 	EXP 	line1: autoDraw = True
972.7168 	EXP 	line_2: autoDraw = True
972.7168 	EXP 	line_3: autoDraw = True
972.7168 	EXP 	line4: autoDraw = True
972.7334 	EXP 	fixation: autoDraw = False
973.7172 	INFO 	Keyboard events cleared
973.7170 	EXP 	probe: autoDraw = True
975.0506 	EXP 	Device response: <KeyPress from None: t=975.0419093, value=z, duration=None>
975.0510 	EXP 	New trial (rep=33, index=0): <Trial 132 (0 in rep 33) data={'pos': np.int64(-50), 'corr_resp': 'x', 'thisN': 132, 'thisTrialN': 0, 'thisRepN': 33}>
975.0525 	DATA 	Keypress: z
975.0669 	EXP 	fixation: autoDraw = False
975.0669 	EXP 	line1: autoDraw = False
975.0669 	EXP 	line_2: autoDraw = False
975.0669 	EXP 	line_3: autoDraw = False
975.0669 	EXP 	line4: autoDraw = False
975.0669 	EXP 	probe: autoDraw = False
975.0669 	EXP 	fixation: autoDraw = True
975.2337 	EXP 	Device response: <KeyPress from None: t=975.0419093, value=z, duration=0.18390839999983655>
976.0500 	EXP 	line1: autoDraw = True
976.0500 	EXP 	line_2: autoDraw = True
976.0500 	EXP 	line_3: autoDraw = True
976.0500 	EXP 	line4: autoDraw = True
976.0669 	EXP 	fixation: autoDraw = False
977.0505 	INFO 	Keyboard events cleared
977.0503 	EXP 	probe: autoDraw = True
978.1508 	EXP 	Device response: <KeyPress from None: t=978.1429091, value=x, duration=None>
978.1512 	EXP 	New trial (rep=33, index=1): <Trial 133 (1 in rep 33) data={'pos': np.int64(-150), 'corr_resp': 'z', 'thisN': 133, 'thisTrialN': 1, 'thisRepN': 33}>
978.1525 	DATA 	Keypress: x
978.1670 	EXP 	fixation: autoDraw = False
978.1670 	EXP 	line1: autoDraw = False
978.1670 	EXP 	line_2: autoDraw = False
978.1670 	EXP 	line_3: autoDraw = False
978.1670 	EXP 	line4: autoDraw = False
978.1670 	EXP 	probe: autoDraw = False
978.1670 	EXP 	fixation: autoDraw = True
978.2674 	EXP 	Device response: <KeyPress from None: t=978.1429091, value=x, duration=0.11588309999979174>
979.1501 	EXP 	line1: autoDraw = True
979.1501 	EXP 	line_2: autoDraw = True
979.1501 	EXP 	line_3: autoDraw = True
979.1501 	EXP 	line4: autoDraw = True
979.1667 	EXP 	fixation: autoDraw = False
980.1532 	INFO 	Keyboard events cleared
980.1530 	EXP 	probe: autoDraw = True
981.0011 	EXP 	Device response: <KeyPress from None: t=980.9963776, value=z, duration=None>
981.0015 	EXP 	New trial (rep=33, index=2): <Trial 134 (2 in rep 33) data={'pos': np.int64(150), 'corr_resp': 'v', 'thisN': 134, 'thisTrialN': 2, 'thisRepN': 33}>
981.0027 	DATA 	Keypress: z
981.0167 	EXP 	fixation: autoDraw = False
981.0167 	EXP 	line1: autoDraw = False
981.0167 	EXP 	line_2: autoDraw = False
981.0167 	EXP 	line_3: autoDraw = False
981.0167 	EXP 	line4: autoDraw = False
981.0167 	EXP 	probe: autoDraw = False
981.0167 	EXP 	fixation: autoDraw = True
981.1675 	EXP 	Device response: <KeyPress from None: t=980.9963776, value=z, duration=0.16834250000010798>
982.0001 	EXP 	line1: autoDraw = True
982.0001 	EXP 	line_2: autoDraw = True
982.0001 	EXP 	line_3: autoDraw = True
982.0001 	EXP 	line4: autoDraw = True
982.0166 	EXP 	fixation: autoDraw = False
983.0169 	INFO 	Keyboard events cleared
983.0167 	EXP 	probe: autoDraw = True
983.9675 	EXP 	Device response: <KeyPress from None: t=983.9648603999999, value=v, duration=None>
983.9679 	EXP 	New trial (rep=33, index=3): <Trial 135 (3 in rep 33) data={'pos': np.int64(50), 'corr_resp': 'c', 'thisN': 135, 'thisTrialN': 3, 'thisRepN': 33}>
983.9693 	DATA 	Keypress: v
983.9833 	EXP 	fixation: autoDraw = False
983.9833 	EXP 	line1: autoDraw = False
983.9833 	EXP 	line_2: autoDraw = False
983.9833 	EXP 	line_3: autoDraw = False
983.9833 	EXP 	line4: autoDraw = False
983.9833 	EXP 	probe: autoDraw = False
983.9833 	EXP 	fixation: autoDraw = True
984.0673 	EXP 	Device response: <KeyPress from None: t=983.9648603999999, value=v, duration=0.08925420000014128>
984.9668 	EXP 	line1: autoDraw = True
984.9668 	EXP 	line_2: autoDraw = True
984.9668 	EXP 	line_3: autoDraw = True
984.9668 	EXP 	line4: autoDraw = True
984.9835 	EXP 	fixation: autoDraw = False
985.9671 	INFO 	Keyboard events cleared
985.9669 	EXP 	probe: autoDraw = True
986.9839 	EXP 	Device response: <KeyPress from None: t=986.97291, value=c, duration=None>
986.9843 	EXP 	New trial (rep=34, index=0): <Trial 136 (0 in rep 34) data={'pos': np.int64(150), 'corr_resp': 'v', 'thisN': 136, 'thisTrialN': 0, 'thisRepN': 34}>
986.9856 	DATA 	Keypress: c
987.0003 	EXP 	fixation: autoDraw = False
987.0003 	EXP 	line1: autoDraw = False
987.0003 	EXP 	line_2: autoDraw = False
987.0003 	EXP 	line_3: autoDraw = False
987.0003 	EXP 	line4: autoDraw = False
987.0003 	EXP 	probe: autoDraw = False
987.0003 	EXP 	fixation: autoDraw = True
987.0840 	EXP 	Device response: <KeyPress from None: t=986.97291, value=c, duration=0.10862820000011197>
987.9837 	EXP 	line1: autoDraw = True
987.9837 	EXP 	line_2: autoDraw = True
987.9837 	EXP 	line_3: autoDraw = True
987.9837 	EXP 	line4: autoDraw = True
988.0002 	EXP 	fixation: autoDraw = False
988.9839 	INFO 	Keyboard events cleared
988.9837 	EXP 	probe: autoDraw = True
989.7672 	EXP 	Device response: <KeyPress from None: t=989.7610586999999, value=v, duration=None>
989.7676 	EXP 	New trial (rep=34, index=1): <Trial 137 (1 in rep 34) data={'pos': np.int64(-150), 'corr_resp': 'z', 'thisN': 137, 'thisTrialN': 1, 'thisRepN': 34}>
989.7688 	DATA 	Keypress: v
989.7837 	EXP 	fixation: autoDraw = False
989.7837 	EXP 	line1: autoDraw = False
989.7837 	EXP 	line_2: autoDraw = False
989.7837 	EXP 	line_3: autoDraw = False
989.7837 	EXP 	line4: autoDraw = False
989.7837 	EXP 	probe: autoDraw = False
989.7837 	EXP 	fixation: autoDraw = True
989.8675 	EXP 	Device response: <KeyPress from None: t=989.7610586999999, value=v, duration=0.1017200999999659>
990.7669 	EXP 	line1: autoDraw = True
990.7669 	EXP 	line_2: autoDraw = True
990.7669 	EXP 	line_3: autoDraw = True
990.7669 	EXP 	line4: autoDraw = True
990.7835 	EXP 	fixation: autoDraw = False
991.7670 	INFO 	Keyboard events cleared
991.7668 	EXP 	probe: autoDraw = True
992.7508 	EXP 	Device response: <KeyPress from None: t=992.7374163999998, value=z, duration=None>
992.7512 	EXP 	New trial (rep=34, index=2): <Trial 138 (2 in rep 34) data={'pos': np.int64(50), 'corr_resp': 'c', 'thisN': 138, 'thisTrialN': 2, 'thisRepN': 34}>
992.7528 	DATA 	Keypress: z
992.7672 	EXP 	fixation: autoDraw = False
992.7672 	EXP 	line1: autoDraw = False
992.7672 	EXP 	line_2: autoDraw = False
992.7672 	EXP 	line_3: autoDraw = False
992.7672 	EXP 	line4: autoDraw = False
992.7672 	EXP 	probe: autoDraw = False
992.7672 	EXP 	fixation: autoDraw = True
992.8840 	EXP 	Device response: <KeyPress from None: t=992.7374163999998, value=z, duration=0.140494100000069>
993.7670 	EXP 	fixation: autoDraw = False
993.7670 	EXP 	line1: autoDraw = True
993.7670 	EXP 	line_2: autoDraw = True
993.7670 	EXP 	line_3: autoDraw = True
993.7670 	EXP 	line4: autoDraw = True
994.7502 	INFO 	Keyboard events cleared
994.7500 	EXP 	probe: autoDraw = True
996.3679 	EXP 	Device response: <KeyPress from None: t=996.3530053999998, value=c, duration=None>
996.3683 	EXP 	New trial (rep=34, index=3): <Trial 139 (3 in rep 34) data={'pos': np.int64(-50), 'corr_resp': 'x', 'thisN': 139, 'thisTrialN': 3, 'thisRepN': 34}>
996.3697 	DATA 	Keypress: c
996.3837 	EXP 	fixation: autoDraw = False
996.3837 	EXP 	line1: autoDraw = False
996.3837 	EXP 	line_2: autoDraw = False
996.3837 	EXP 	line_3: autoDraw = False
996.3837 	EXP 	line4: autoDraw = False
996.3837 	EXP 	probe: autoDraw = False
996.3837 	EXP 	fixation: autoDraw = True
996.4843 	EXP 	Device response: <KeyPress from None: t=996.3530053999998, value=c, duration=0.12035420000029262>
997.3834 	EXP 	fixation: autoDraw = False
997.3834 	EXP 	line1: autoDraw = True
997.3834 	EXP 	line_2: autoDraw = True
997.3834 	EXP 	line_3: autoDraw = True
997.3834 	EXP 	line4: autoDraw = True
998.3836 	INFO 	Keyboard events cleared
998.3834 	EXP 	probe: autoDraw = True
1000.3507 	EXP 	Device response: <KeyPress from None: t=1000.3395519999999, value=x, duration=None>
1000.3511 	EXP 	New trial (rep=35, index=0): <Trial 140 (0 in rep 35) data={'pos': np.int64(-150), 'corr_resp': 'z', 'thisN': 140, 'thisTrialN': 0, 'thisRepN': 35}>
1000.3523 	DATA 	Keypress: x
1000.3672 	EXP 	fixation: autoDraw = False
1000.3672 	EXP 	line1: autoDraw = False
1000.3672 	EXP 	line_2: autoDraw = False
1000.3672 	EXP 	line_3: autoDraw = False
1000.3672 	EXP 	line4: autoDraw = False
1000.3672 	EXP 	probe: autoDraw = False
1000.3672 	EXP 	fixation: autoDraw = True
1000.4849 	EXP 	Device response: <KeyPress from None: t=1000.3395519999999, value=x, duration=0.14151570000012725>
1001.3503 	EXP 	line1: autoDraw = True
1001.3503 	EXP 	line_2: autoDraw = True
1001.3503 	EXP 	line_3: autoDraw = True
1001.3503 	EXP 	line4: autoDraw = True
1001.3669 	EXP 	fixation: autoDraw = False
1002.3504 	INFO 	Keyboard events cleared
1002.3502 	EXP 	probe: autoDraw = True
1003.3011 	EXP 	Device response: <KeyPress from None: t=1003.2875841999999, value=z, duration=None>
1003.3015 	EXP 	New trial (rep=35, index=1): <Trial 141 (1 in rep 35) data={'pos': np.int64(50), 'corr_resp': 'c', 'thisN': 141, 'thisTrialN': 1, 'thisRepN': 35}>
1003.3027 	DATA 	Keypress: z
1003.3169 	EXP 	fixation: autoDraw = False
1003.3169 	EXP 	line1: autoDraw = False
1003.3169 	EXP 	line_2: autoDraw = False
1003.3169 	EXP 	line_3: autoDraw = False
1003.3169 	EXP 	line4: autoDraw = False
1003.3169 	EXP 	probe: autoDraw = False
1003.3169 	EXP 	fixation: autoDraw = True
1003.4341 	EXP 	Device response: <KeyPress from None: t=1003.2875841999999, value=z, duration=0.13287810000019817>
1004.3169 	EXP 	fixation: autoDraw = False
1004.3169 	EXP 	line1: autoDraw = True
1004.3169 	EXP 	line_2: autoDraw = True
1004.3169 	EXP 	line_3: autoDraw = True
1004.3169 	EXP 	line4: autoDraw = True
1005.3007 	INFO 	Keyboard events cleared
1005.3005 	EXP 	probe: autoDraw = True
1006.2842 	EXP 	Device response: <KeyPress from None: t=1006.2754058, value=c, duration=None>
1006.2846 	EXP 	New trial (rep=35, index=2): <Trial 142 (2 in rep 35) data={'pos': np.int64(150), 'corr_resp': 'v', 'thisN': 142, 'thisTrialN': 2, 'thisRepN': 35}>
1006.2859 	DATA 	Keypress: c
1006.3015 	EXP 	fixation: autoDraw = False
1006.3015 	EXP 	line1: autoDraw = False
1006.3015 	EXP 	line_2: autoDraw = False
1006.3015 	EXP 	line_3: autoDraw = False
1006.3015 	EXP 	line4: autoDraw = False
1006.3015 	EXP 	probe: autoDraw = False
1006.3015 	EXP 	fixation: autoDraw = True
1006.3681 	EXP 	Device response: <KeyPress from None: t=1006.2754058, value=c, duration=0.08302400000002308>
1007.2838 	EXP 	line1: autoDraw = True
1007.2838 	EXP 	line_2: autoDraw = True
1007.2838 	EXP 	line_3: autoDraw = True
1007.2838 	EXP 	line4: autoDraw = True
1007.3174 	EXP 	fixation: autoDraw = False
1008.2838 	INFO 	Keyboard events cleared
1008.2836 	EXP 	probe: autoDraw = True
1009.1010 	EXP 	Device response: <KeyPress from None: t=1009.0987686999997, value=v, duration=None>
1009.1013 	EXP 	New trial (rep=35, index=3): <Trial 143 (3 in rep 35) data={'pos': np.int64(-50), 'corr_resp': 'x', 'thisN': 143, 'thisTrialN': 3, 'thisRepN': 35}>
1009.1028 	DATA 	Keypress: v
1009.1179 	EXP 	fixation: autoDraw = False
1009.1179 	EXP 	line1: autoDraw = False
1009.1179 	EXP 	line_2: autoDraw = False
1009.1179 	EXP 	line_3: autoDraw = False
1009.1179 	EXP 	line4: autoDraw = False
1009.1179 	EXP 	probe: autoDraw = False
1009.1179 	EXP 	fixation: autoDraw = True
1009.1840 	EXP 	Device response: <KeyPress from None: t=1009.0987686999997, value=v, duration=0.07620420000012018>
1010.1004 	EXP 	line1: autoDraw = True
1010.1004 	EXP 	line_2: autoDraw = True
1010.1004 	EXP 	line_3: autoDraw = True
1010.1004 	EXP 	line4: autoDraw = True
1010.1172 	EXP 	fixation: autoDraw = False
1011.1171 	INFO 	Keyboard events cleared
1011.1169 	EXP 	probe: autoDraw = True
1012.0838 	EXP 	Device response: <KeyPress from None: t=1012.0750779, value=x, duration=None>
1012.0842 	EXP 	New trial (rep=36, index=0): <Trial 144 (0 in rep 36) data={'pos': np.int64(50), 'corr_resp': 'c', 'thisN': 144, 'thisTrialN': 0, 'thisRepN': 36}>
1012.0854 	DATA 	Keypress: x
1012.1002 	EXP 	fixation: autoDraw = False
1012.1002 	EXP 	line1: autoDraw = False
1012.1002 	EXP 	line_2: autoDraw = False
1012.1002 	EXP 	line_3: autoDraw = False
1012.1002 	EXP 	line4: autoDraw = False
1012.1002 	EXP 	probe: autoDraw = False
1012.1002 	EXP 	fixation: autoDraw = True
1012.2009 	EXP 	Device response: <KeyPress from None: t=1012.0750779, value=x, duration=0.1231247999999141>
1013.0845 	EXP 	line1: autoDraw = True
1013.0845 	EXP 	line_2: autoDraw = True
1013.0845 	EXP 	line_3: autoDraw = True
1013.0845 	EXP 	line4: autoDraw = True
1013.1001 	EXP 	fixation: autoDraw = False
1014.0841 	INFO 	Keyboard events cleared
1014.0839 	EXP 	probe: autoDraw = True
1015.1678 	EXP 	Device response: <KeyPress from None: t=1015.162836, value=c, duration=None>
1015.1682 	EXP 	New trial (rep=36, index=1): <Trial 145 (1 in rep 36) data={'pos': np.int64(150), 'corr_resp': 'v', 'thisN': 145, 'thisTrialN': 1, 'thisRepN': 36}>
1015.1698 	DATA 	Keypress: c
1015.1838 	EXP 	fixation: autoDraw = False
1015.1838 	EXP 	line1: autoDraw = False
1015.1838 	EXP 	line_2: autoDraw = False
1015.1838 	EXP 	line_3: autoDraw = False
1015.1838 	EXP 	line4: autoDraw = False
1015.1838 	EXP 	probe: autoDraw = False
1015.1838 	EXP 	fixation: autoDraw = True
1015.2682 	EXP 	Device response: <KeyPress from None: t=1015.162836, value=c, duration=0.09706939999978204>
1016.1837 	EXP 	fixation: autoDraw = False
1016.1837 	EXP 	line1: autoDraw = True
1016.1837 	EXP 	line_2: autoDraw = True
1016.1837 	EXP 	line_3: autoDraw = True
1016.1837 	EXP 	line4: autoDraw = True
1017.1671 	INFO 	Keyboard events cleared
1017.1670 	EXP 	probe: autoDraw = True
1018.0686 	EXP 	Device response: <KeyPress from None: t=1018.0662913000001, value=v, duration=None>
1018.0690 	EXP 	New trial (rep=36, index=2): <Trial 146 (2 in rep 36) data={'pos': np.int64(-150), 'corr_resp': 'z', 'thisN': 146, 'thisTrialN': 2, 'thisRepN': 36}>
1018.0703 	DATA 	Keypress: v
1018.0837 	EXP 	fixation: autoDraw = False
1018.0837 	EXP 	line1: autoDraw = False
1018.0837 	EXP 	line_2: autoDraw = False
1018.0837 	EXP 	line_3: autoDraw = False
1018.0837 	EXP 	line4: autoDraw = False
1018.0837 	EXP 	probe: autoDraw = False
1018.0837 	EXP 	fixation: autoDraw = True
1018.1841 	EXP 	Device response: <KeyPress from None: t=1018.0662913000001, value=v, duration=0.10329679999995278>
1019.0837 	EXP 	fixation: autoDraw = False
1019.0837 	EXP 	line1: autoDraw = True
1019.0837 	EXP 	line_2: autoDraw = True
1019.0837 	EXP 	line_3: autoDraw = True
1019.0837 	EXP 	line4: autoDraw = True
1020.0839 	INFO 	Keyboard events cleared
1020.0837 	EXP 	probe: autoDraw = True
1020.8345 	EXP 	Device response: <KeyPress from None: t=1020.8339252999999, value=z, duration=None>
1020.8349 	EXP 	New trial (rep=36, index=3): <Trial 147 (3 in rep 36) data={'pos': np.int64(-50), 'corr_resp': 'x', 'thisN': 147, 'thisTrialN': 3, 'thisRepN': 36}>
1020.8361 	DATA 	Keypress: z
1020.8502 	EXP 	fixation: autoDraw = False
1020.8502 	EXP 	line1: autoDraw = False
1020.8502 	EXP 	line_2: autoDraw = False
1020.8502 	EXP 	line_3: autoDraw = False
1020.8502 	EXP 	line4: autoDraw = False
1020.8502 	EXP 	probe: autoDraw = False
1020.8502 	EXP 	fixation: autoDraw = True
1021.0012 	EXP 	Device response: <KeyPress from None: t=1020.8339252999999, value=z, duration=0.16585880000002362>
1021.8503 	EXP 	fixation: autoDraw = False
1021.8503 	EXP 	line1: autoDraw = True
1021.8503 	EXP 	line_2: autoDraw = True
1021.8503 	EXP 	line_3: autoDraw = True
1021.8503 	EXP 	line4: autoDraw = True
1022.8506 	INFO 	Keyboard events cleared
1022.8504 	EXP 	probe: autoDraw = True
1023.6010 	EXP 	Device response: <KeyPress from None: t=1023.5895191, value=x, duration=None>
1023.6013 	EXP 	New trial (rep=37, index=0): <Trial 148 (0 in rep 37) data={'pos': np.int64(50), 'corr_resp': 'c', 'thisN': 148, 'thisTrialN': 0, 'thisRepN': 37}>
1023.6026 	DATA 	Keypress: x
1023.6174 	EXP 	fixation: autoDraw = False
1023.6174 	EXP 	line1: autoDraw = False
1023.6174 	EXP 	line_2: autoDraw = False
1023.6174 	EXP 	line_3: autoDraw = False
1023.6174 	EXP 	line4: autoDraw = False
1023.6174 	EXP 	probe: autoDraw = False
1023.6174 	EXP 	fixation: autoDraw = True
1023.7509 	EXP 	Device response: <KeyPress from None: t=1023.5895191, value=x, duration=0.15878509999993184>
1024.6005 	EXP 	line1: autoDraw = True
1024.6005 	EXP 	line_2: autoDraw = True
1024.6005 	EXP 	line_3: autoDraw = True
1024.6005 	EXP 	line4: autoDraw = True
1024.6172 	EXP 	fixation: autoDraw = False
1025.6173 	INFO 	Keyboard events cleared
1025.6172 	EXP 	probe: autoDraw = True
1026.5675 	EXP 	Device response: <KeyPress from None: t=1026.5541973, value=c, duration=None>
1026.5680 	EXP 	New trial (rep=37, index=1): <Trial 149 (1 in rep 37) data={'pos': np.int64(-150), 'corr_resp': 'z', 'thisN': 149, 'thisTrialN': 1, 'thisRepN': 37}>
1026.5694 	DATA 	Keypress: c
1026.5847 	EXP 	fixation: autoDraw = False
1026.5847 	EXP 	line1: autoDraw = False
1026.5847 	EXP 	line_2: autoDraw = False
1026.5847 	EXP 	line_3: autoDraw = False
1026.5847 	EXP 	line4: autoDraw = False
1026.5847 	EXP 	probe: autoDraw = False
1026.5847 	EXP 	fixation: autoDraw = True
1026.6839 	EXP 	Device response: <KeyPress from None: t=1026.5541973, value=c, duration=0.12524949999988166>
1027.5675 	EXP 	line1: autoDraw = True
1027.5675 	EXP 	line_2: autoDraw = True
1027.5675 	EXP 	line_3: autoDraw = True
1027.5675 	EXP 	line4: autoDraw = True
1027.5837 	EXP 	fixation: autoDraw = False
1028.5674 	INFO 	Keyboard events cleared
1028.5672 	EXP 	probe: autoDraw = True
1029.3841 	EXP 	Device response: <KeyPress from None: t=1029.3716999999997, value=z, duration=None>
1029.3846 	EXP 	New trial (rep=37, index=2): <Trial 150 (2 in rep 37) data={'pos': np.int64(150), 'corr_resp': 'v', 'thisN': 150, 'thisTrialN': 2, 'thisRepN': 37}>
1029.3859 	DATA 	Keypress: z
1029.4003 	EXP 	fixation: autoDraw = False
1029.4003 	EXP 	line1: autoDraw = False
1029.4003 	EXP 	line_2: autoDraw = False
1029.4003 	EXP 	line_3: autoDraw = False
1029.4003 	EXP 	line4: autoDraw = False
1029.4003 	EXP 	probe: autoDraw = False
1029.4003 	EXP 	fixation: autoDraw = True
1029.5178 	EXP 	Device response: <KeyPress from None: t=1029.3716999999997, value=z, duration=0.14426760000014838>
1030.3838 	EXP 	line1: autoDraw = True
1030.3838 	EXP 	line_2: autoDraw = True
1030.3838 	EXP 	line_3: autoDraw = True
1030.3838 	EXP 	line4: autoDraw = True
1030.4001 	EXP 	fixation: autoDraw = False
1031.3841 	INFO 	Keyboard events cleared
1031.3839 	EXP 	probe: autoDraw = True
1032.3677 	EXP 	Device response: <KeyPress from None: t=1032.3547252999997, value=v, duration=None>
1032.3681 	EXP 	New trial (rep=37, index=3): <Trial 151 (3 in rep 37) data={'pos': np.int64(-50), 'corr_resp': 'x', 'thisN': 151, 'thisTrialN': 3, 'thisRepN': 37}>
1032.3694 	DATA 	Keypress: v
1032.3838 	EXP 	fixation: autoDraw = False
1032.3838 	EXP 	line1: autoDraw = False
1032.3838 	EXP 	line_2: autoDraw = False
1032.3838 	EXP 	line_3: autoDraw = False
1032.3838 	EXP 	line4: autoDraw = False
1032.3838 	EXP 	probe: autoDraw = False
1032.3838 	EXP 	fixation: autoDraw = True
1032.4844 	EXP 	Device response: <KeyPress from None: t=1032.3547252999997, value=v, duration=0.11957370000027367>
1033.3672 	EXP 	line1: autoDraw = True
1033.3672 	EXP 	line_2: autoDraw = True
1033.3672 	EXP 	line_3: autoDraw = True
1033.3672 	EXP 	line4: autoDraw = True
1033.3838 	EXP 	fixation: autoDraw = False
1034.3681 	INFO 	Keyboard events cleared
1034.3679 	EXP 	probe: autoDraw = True
1035.5200 	DATA 	Keypress: x
1035.5342 	EXP 	Device response: <KeyPress from None: t=1035.5185864999999, value=x, duration=None>
1035.5347 	EXP 	New trial (rep=38, index=0): <Trial 152 (0 in rep 38) data={'pos': np.int64(50), 'corr_resp': 'c', 'thisN': 152, 'thisTrialN': 0, 'thisRepN': 38}>
1035.5506 	EXP 	fixation: autoDraw = False
1035.5506 	EXP 	line1: autoDraw = False
1035.5506 	EXP 	line_2: autoDraw = False
1035.5506 	EXP 	line_3: autoDraw = False
1035.5506 	EXP 	line4: autoDraw = False
1035.5506 	EXP 	probe: autoDraw = False
1035.5506 	EXP 	fixation: autoDraw = True
1035.6349 	EXP 	Device response: <KeyPress from None: t=1035.5185864999999, value=x, duration=0.10446200000023964>
1036.5505 	EXP 	fixation: autoDraw = False
1036.5505 	EXP 	line1: autoDraw = True
1036.5505 	EXP 	line_2: autoDraw = True
1036.5505 	EXP 	line_3: autoDraw = True
1036.5505 	EXP 	line4: autoDraw = True
1037.5339 	INFO 	Keyboard events cleared
1037.5337 	EXP 	probe: autoDraw = True
1038.3192 	DATA 	Keypress: c
1038.3344 	EXP 	Device response: <KeyPress from None: t=1038.3176897999997, value=c, duration=None>
1038.3348 	EXP 	New trial (rep=38, index=1): <Trial 153 (1 in rep 38) data={'pos': np.int64(-150), 'corr_resp': 'z', 'thisN': 153, 'thisTrialN': 1, 'thisRepN': 38}>
1038.3504 	EXP 	fixation: autoDraw = False
1038.3504 	EXP 	line1: autoDraw = False
1038.3504 	EXP 	line_2: autoDraw = False
1038.3504 	EXP 	line_3: autoDraw = False
1038.3504 	EXP 	line4: autoDraw = False
1038.3504 	EXP 	probe: autoDraw = False
1038.3504 	EXP 	fixation: autoDraw = True
1038.4177 	EXP 	Device response: <KeyPress from None: t=1038.3176897999997, value=c, duration=0.09444680000024164>
1039.3334 	EXP 	line1: autoDraw = True
1039.3334 	EXP 	line_2: autoDraw = True
1039.3334 	EXP 	line_3: autoDraw = True
1039.3334 	EXP 	line4: autoDraw = True
1039.3505 	EXP 	fixation: autoDraw = False
1040.3348 	INFO 	Keyboard events cleared
1040.3345 	EXP 	probe: autoDraw = True
1041.7177 	EXP 	Device response: <KeyPress from None: t=1041.7029770999998, value=z, duration=None>
1041.7182 	EXP 	New trial (rep=38, index=2): <Trial 154 (2 in rep 38) data={'pos': np.int64(-50), 'corr_resp': 'x', 'thisN': 154, 'thisTrialN': 2, 'thisRepN': 38}>
1041.7196 	DATA 	Keypress: z
1041.7342 	EXP 	fixation: autoDraw = False
1041.7342 	EXP 	line1: autoDraw = False
1041.7342 	EXP 	line_2: autoDraw = False
1041.7342 	EXP 	line_3: autoDraw = False
1041.7342 	EXP 	line4: autoDraw = False
1041.7342 	EXP 	probe: autoDraw = False
1041.7342 	EXP 	fixation: autoDraw = True
1041.8843 	EXP 	Device response: <KeyPress from None: t=1041.7029770999998, value=z, duration=0.16577700000016193>
1042.7200 	EXP 	line1: autoDraw = True
1042.7200 	EXP 	line_2: autoDraw = True
1042.7200 	EXP 	line_3: autoDraw = True
1042.7200 	EXP 	line4: autoDraw = True
1042.7340 	EXP 	fixation: autoDraw = False
1043.7175 	INFO 	Keyboard events cleared
1043.7174 	EXP 	probe: autoDraw = True
1044.7342 	EXP 	Device response: <KeyPress from None: t=1044.7311597999997, value=x, duration=None>
1044.7345 	EXP 	New trial (rep=38, index=3): <Trial 155 (3 in rep 38) data={'pos': np.int64(150), 'corr_resp': 'v', 'thisN': 155, 'thisTrialN': 3, 'thisRepN': 38}>
1044.7358 	DATA 	Keypress: x
1044.7507 	EXP 	fixation: autoDraw = False
1044.7507 	EXP 	line1: autoDraw = False
1044.7507 	EXP 	line_2: autoDraw = False
1044.7507 	EXP 	line_3: autoDraw = False
1044.7507 	EXP 	line4: autoDraw = False
1044.7507 	EXP 	probe: autoDraw = False
1044.7507 	EXP 	fixation: autoDraw = True
1044.9011 	EXP 	Device response: <KeyPress from None: t=1044.7311597999997, value=x, duration=0.15463940000017828>
1045.7338 	EXP 	line1: autoDraw = True
1045.7338 	EXP 	line_2: autoDraw = True
1045.7338 	EXP 	line_3: autoDraw = True
1045.7338 	EXP 	line4: autoDraw = True
1045.7507 	EXP 	fixation: autoDraw = False
1046.7340 	INFO 	Keyboard events cleared
1046.7339 	EXP 	probe: autoDraw = True
1047.6178 	EXP 	Device response: <KeyPress from None: t=1047.604291, value=v, duration=None>
1047.6182 	EXP 	New trial (rep=39, index=0): <Trial 156 (0 in rep 39) data={'pos': np.int64(-50), 'corr_resp': 'x', 'thisN': 156, 'thisTrialN': 0, 'thisRepN': 39}>
1047.6197 	DATA 	Keypress: v
1047.6341 	EXP 	fixation: autoDraw = False
1047.6341 	EXP 	line1: autoDraw = False
1047.6341 	EXP 	line_2: autoDraw = False
1047.6341 	EXP 	line_3: autoDraw = False
1047.6341 	EXP 	line4: autoDraw = False
1047.6341 	EXP 	probe: autoDraw = False
1047.6341 	EXP 	fixation: autoDraw = True
1047.7343 	EXP 	Device response: <KeyPress from None: t=1047.604291, value=v, duration=0.11691079999991416>
1048.6174 	EXP 	line1: autoDraw = True
1048.6174 	EXP 	line_2: autoDraw = True
1048.6174 	EXP 	line_3: autoDraw = True
1048.6174 	EXP 	line4: autoDraw = True
1048.6340 	EXP 	fixation: autoDraw = False
1049.6175 	INFO 	Keyboard events cleared
1049.6173 	EXP 	probe: autoDraw = True
1050.8516 	EXP 	Device response: <KeyPress from None: t=1050.8492594999998, value=x, duration=None>
1050.8521 	EXP 	New trial (rep=39, index=1): <Trial 157 (1 in rep 39) data={'pos': np.int64(50), 'corr_resp': 'c', 'thisN': 157, 'thisTrialN': 1, 'thisRepN': 39}>
1050.8535 	DATA 	Keypress: x
1050.8670 	EXP 	fixation: autoDraw = False
1050.8670 	EXP 	line1: autoDraw = False
1050.8670 	EXP 	line_2: autoDraw = False
1050.8670 	EXP 	line_3: autoDraw = False
1050.8670 	EXP 	line4: autoDraw = False
1050.8670 	EXP 	probe: autoDraw = False
1050.8670 	EXP 	fixation: autoDraw = True
1050.9518 	EXP 	Device response: <KeyPress from None: t=1050.8492594999998, value=x, duration=0.09303390000013678>
1051.8673 	EXP 	fixation: autoDraw = False
1051.8673 	EXP 	line1: autoDraw = True
1051.8673 	EXP 	line_2: autoDraw = True
1051.8673 	EXP 	line_3: autoDraw = True
1051.8673 	EXP 	line4: autoDraw = True
1052.8506 	INFO 	Keyboard events cleared
1052.8504 	EXP 	probe: autoDraw = True
1053.7511 	EXP 	Device response: <KeyPress from None: t=1053.7381252, value=c, duration=None>
1053.7515 	EXP 	New trial (rep=39, index=2): <Trial 158 (2 in rep 39) data={'pos': np.int64(-150), 'corr_resp': 'z', 'thisN': 158, 'thisTrialN': 2, 'thisRepN': 39}>
1053.7528 	DATA 	Keypress: c
1053.7672 	EXP 	fixation: autoDraw = False
1053.7672 	EXP 	line1: autoDraw = False
1053.7672 	EXP 	line_2: autoDraw = False
1053.7672 	EXP 	line_3: autoDraw = False
1053.7672 	EXP 	line4: autoDraw = False
1053.7672 	EXP 	probe: autoDraw = False
1053.7672 	EXP 	fixation: autoDraw = True
1053.8841 	EXP 	Device response: <KeyPress from None: t=1053.7381252, value=c, duration=0.142509699999664>
1054.7505 	EXP 	line1: autoDraw = True
1054.7505 	EXP 	line_2: autoDraw = True
1054.7505 	EXP 	line_3: autoDraw = True
1054.7505 	EXP 	line4: autoDraw = True
1054.7672 	EXP 	fixation: autoDraw = False
1055.7509 	INFO 	Keyboard events cleared
1055.7508 	EXP 	probe: autoDraw = True
1056.6695 	DATA 	Keypress: z
1056.6839 	EXP 	Device response: <KeyPress from None: t=1056.6684774, value=z, duration=None>
1056.6842 	EXP 	New trial (rep=39, index=3): <Trial 159 (3 in rep 39) data={'pos': np.int64(150), 'corr_resp': 'v', 'thisN': 159, 'thisTrialN': 3, 'thisRepN': 39}>
1056.7006 	EXP 	fixation: autoDraw = False
1056.7006 	EXP 	line1: autoDraw = False
1056.7006 	EXP 	line_2: autoDraw = False
1056.7006 	EXP 	line_3: autoDraw = False
1056.7006 	EXP 	line4: autoDraw = False
1056.7006 	EXP 	probe: autoDraw = False
1056.7006 	EXP 	fixation: autoDraw = True
1056.8348 	EXP 	Device response: <KeyPress from None: t=1056.6684774, value=z, duration=0.16062479999982315>
1057.6843 	EXP 	line1: autoDraw = True
1057.6843 	EXP 	line_2: autoDraw = True
1057.6843 	EXP 	line_3: autoDraw = True
1057.6843 	EXP 	line4: autoDraw = True
1057.7006 	EXP 	fixation: autoDraw = False
1058.6841 	INFO 	Keyboard events cleared
1058.6839 	EXP 	probe: autoDraw = True
1059.4847 	EXP 	Device response: <KeyPress from None: t=1059.4721771, value=v, duration=None>
1059.4850 	EXP 	New trial (rep=40, index=0): <Trial 160 (0 in rep 40) data={'pos': np.int64(50), 'corr_resp': 'c', 'thisN': 160, 'thisTrialN': 0, 'thisRepN': 40}>
1059.4865 	DATA 	Keypress: v
1059.5006 	EXP 	fixation: autoDraw = False
1059.5006 	EXP 	line1: autoDraw = False
1059.5006 	EXP 	line_2: autoDraw = False
1059.5006 	EXP 	line_3: autoDraw = False
1059.5006 	EXP 	line4: autoDraw = False
1059.5006 	EXP 	probe: autoDraw = False
1059.5006 	EXP 	fixation: autoDraw = True
1059.5843 	EXP 	Device response: <KeyPress from None: t=1059.4721771, value=v, duration=0.10420209999983854>
1060.4840 	EXP 	line1: autoDraw = True
1060.4840 	EXP 	line_2: autoDraw = True
1060.4840 	EXP 	line_3: autoDraw = True
1060.4840 	EXP 	line4: autoDraw = True
1060.5004 	EXP 	fixation: autoDraw = False
1061.4841 	INFO 	Keyboard events cleared
1061.4840 	EXP 	probe: autoDraw = True
1063.0511 	EXP 	Device response: <KeyPress from None: t=1063.0361841999998, value=c, duration=None>
1063.0515 	EXP 	New trial (rep=40, index=1): <Trial 161 (1 in rep 40) data={'pos': np.int64(-150), 'corr_resp': 'z', 'thisN': 161, 'thisTrialN': 1, 'thisRepN': 40}>
1063.0529 	DATA 	Keypress: c
1063.0674 	EXP 	fixation: autoDraw = False
1063.0674 	EXP 	line1: autoDraw = False
1063.0674 	EXP 	line_2: autoDraw = False
1063.0674 	EXP 	line_3: autoDraw = False
1063.0674 	EXP 	line4: autoDraw = False
1063.0674 	EXP 	probe: autoDraw = False
1063.0674 	EXP 	fixation: autoDraw = True
1063.1513 	EXP 	Device response: <KeyPress from None: t=1063.0361841999998, value=c, duration=0.11197770000035234>
1064.0506 	EXP 	line1: autoDraw = True
1064.0506 	EXP 	line_2: autoDraw = True
1064.0506 	EXP 	line_3: autoDraw = True
1064.0506 	EXP 	line4: autoDraw = True
1064.0673 	EXP 	fixation: autoDraw = False
1065.0508 	INFO 	Keyboard events cleared
1065.0506 	EXP 	probe: autoDraw = True
1065.7676 	EXP 	Device response: <KeyPress from None: t=1065.7640471999998, value=z, duration=None>
1065.7679 	EXP 	New trial (rep=40, index=2): <Trial 162 (2 in rep 40) data={'pos': np.int64(-50), 'corr_resp': 'x', 'thisN': 162, 'thisTrialN': 2, 'thisRepN': 40}>
1065.7694 	DATA 	Keypress: z
1065.7838 	EXP 	fixation: autoDraw = False
1065.7838 	EXP 	line1: autoDraw = False
1065.7838 	EXP 	line_2: autoDraw = False
1065.7838 	EXP 	line_3: autoDraw = False
1065.7838 	EXP 	line4: autoDraw = False
1065.7838 	EXP 	probe: autoDraw = False
1065.7838 	EXP 	fixation: autoDraw = True
1065.9177 	EXP 	Device response: <KeyPress from None: t=1065.7640471999998, value=z, duration=0.14135239999995974>
1066.7676 	EXP 	line1: autoDraw = True
1066.7676 	EXP 	line_2: autoDraw = True
1066.7676 	EXP 	line_3: autoDraw = True
1066.7676 	EXP 	line4: autoDraw = True
1066.7839 	EXP 	fixation: autoDraw = False
1067.7676 	INFO 	Keyboard events cleared
1067.7675 	EXP 	probe: autoDraw = True
1068.6178 	EXP 	Device response: <KeyPress from None: t=1068.6151347999999, value=x, duration=None>
1068.6182 	EXP 	New trial (rep=40, index=3): <Trial 163 (3 in rep 40) data={'pos': np.int64(150), 'corr_resp': 'v', 'thisN': 163, 'thisTrialN': 3, 'thisRepN': 40}>
1068.6197 	DATA 	Keypress: x
1068.6342 	EXP 	fixation: autoDraw = False
1068.6342 	EXP 	line1: autoDraw = False
1068.6342 	EXP 	line_2: autoDraw = False
1068.6342 	EXP 	line_3: autoDraw = False
1068.6342 	EXP 	line4: autoDraw = False
1068.6342 	EXP 	probe: autoDraw = False
1068.6342 	EXP 	fixation: autoDraw = True
1068.7680 	EXP 	Device response: <KeyPress from None: t=1068.6151347999999, value=x, duration=0.1502411999999822>
1069.6173 	EXP 	line1: autoDraw = True
1069.6173 	EXP 	line_2: autoDraw = True
1069.6173 	EXP 	line_3: autoDraw = True
1069.6173 	EXP 	line4: autoDraw = True
1069.6366 	EXP 	fixation: autoDraw = False
1070.6166 	INFO 	Keyboard events cleared
1070.6164 	EXP 	probe: autoDraw = True
1071.4015 	EXP 	Device response: <KeyPress from None: t=1071.3924466999997, value=v, duration=None>
1071.4018 	EXP 	New trial (rep=41, index=0): <Trial 164 (0 in rep 41) data={'pos': np.int64(-50), 'corr_resp': 'x', 'thisN': 164, 'thisTrialN': 0, 'thisRepN': 41}>
1071.4032 	DATA 	Keypress: v
1071.4173 	EXP 	fixation: autoDraw = False
1071.4173 	EXP 	line1: autoDraw = False
1071.4173 	EXP 	line_2: autoDraw = False
1071.4173 	EXP 	line_3: autoDraw = False
1071.4173 	EXP 	line4: autoDraw = False
1071.4173 	EXP 	probe: autoDraw = False
1071.4173 	EXP 	fixation: autoDraw = True
1071.4678 	EXP 	Device response: <KeyPress from None: t=1071.3924466999997, value=v, duration=0.060484900000119524>
1072.4008 	EXP 	line1: autoDraw = True
1072.4008 	EXP 	line_2: autoDraw = True
1072.4008 	EXP 	line_3: autoDraw = True
1072.4008 	EXP 	line4: autoDraw = True
1072.4175 	EXP 	fixation: autoDraw = False
1073.4176 	INFO 	Keyboard events cleared
1073.4175 	EXP 	probe: autoDraw = True
1074.1847 	EXP 	Device response: <KeyPress from None: t=1074.1828093999998, value=x, duration=None>
1074.1851 	EXP 	New trial (rep=41, index=1): <Trial 165 (1 in rep 41) data={'pos': np.int64(-150), 'corr_resp': 'z', 'thisN': 165, 'thisTrialN': 1, 'thisRepN': 41}>
1074.1866 	DATA 	Keypress: x
1074.2009 	EXP 	fixation: autoDraw = False
1074.2009 	EXP 	line1: autoDraw = False
1074.2009 	EXP 	line_2: autoDraw = False
1074.2009 	EXP 	line_3: autoDraw = False
1074.2009 	EXP 	line4: autoDraw = False
1074.2009 	EXP 	probe: autoDraw = False
1074.2009 	EXP 	fixation: autoDraw = True
1074.3178 	EXP 	Device response: <KeyPress from None: t=1074.1828093999998, value=x, duration=0.11957860000029541>
1075.1840 	EXP 	line1: autoDraw = True
1075.1840 	EXP 	line_2: autoDraw = True
1075.1840 	EXP 	line_3: autoDraw = True
1075.1840 	EXP 	line4: autoDraw = True
1075.2009 	EXP 	fixation: autoDraw = False
1076.2010 	INFO 	Keyboard events cleared
1076.2009 	EXP 	probe: autoDraw = True
1076.7183 	EXP 	Device response: <KeyPress from None: t=1076.7150996999999, value=z, duration=None>
1076.7188 	EXP 	New trial (rep=41, index=2): <Trial 166 (2 in rep 41) data={'pos': np.int64(50), 'corr_resp': 'c', 'thisN': 166, 'thisTrialN': 2, 'thisRepN': 41}>
1076.7204 	DATA 	Keypress: z
1076.7341 	EXP 	fixation: autoDraw = False
1076.7341 	EXP 	line1: autoDraw = False
1076.7341 	EXP 	line_2: autoDraw = False
1076.7341 	EXP 	line_3: autoDraw = False
1076.7341 	EXP 	line4: autoDraw = False
1076.7341 	EXP 	probe: autoDraw = False
1076.7341 	EXP 	fixation: autoDraw = True
1076.9177 	EXP 	Device response: <KeyPress from None: t=1076.7150996999999, value=z, duration=0.1862236000001758>
1077.7340 	EXP 	fixation: autoDraw = False
1077.7340 	EXP 	line1: autoDraw = True
1077.7340 	EXP 	line_2: autoDraw = True
1077.7340 	EXP 	line_3: autoDraw = True
1077.7340 	EXP 	line4: autoDraw = True
1078.7343 	INFO 	Keyboard events cleared
1078.7341 	EXP 	probe: autoDraw = True
1081.1011 	EXP 	Device response: <KeyPress from None: t=1081.0896352, value=c, duration=None>
1081.1018 	EXP 	New trial (rep=41, index=3): <Trial 167 (3 in rep 41) data={'pos': np.int64(150), 'corr_resp': 'v', 'thisN': 167, 'thisTrialN': 3, 'thisRepN': 41}>
1081.1030 	DATA 	Keypress: c
1081.1169 	EXP 	fixation: autoDraw = False
1081.1169 	EXP 	line1: autoDraw = False
1081.1169 	EXP 	line_2: autoDraw = False
1081.1169 	EXP 	line_3: autoDraw = False
1081.1169 	EXP 	line4: autoDraw = False
1081.1169 	EXP 	probe: autoDraw = False
1081.1169 	EXP 	fixation: autoDraw = True
1081.2016 	EXP 	Device response: <KeyPress from None: t=1081.0896352, value=c, duration=0.1069499000000178>
1082.1009 	EXP 	line1: autoDraw = True
1082.1009 	EXP 	line_2: autoDraw = True
1082.1009 	EXP 	line_3: autoDraw = True
1082.1009 	EXP 	line4: autoDraw = True
1082.1175 	EXP 	fixation: autoDraw = False
1083.1010 	INFO 	Keyboard events cleared
1083.1009 	EXP 	probe: autoDraw = True
1084.1012 	EXP 	Device response: <KeyPress from None: t=1084.0868065, value=v, duration=None>
1084.1015 	EXP 	New trial (rep=42, index=0): <Trial 168 (0 in rep 42) data={'pos': np.int64(150), 'corr_resp': 'v', 'thisN': 168, 'thisTrialN': 0, 'thisRepN': 42}>
1084.1028 	DATA 	Keypress: v
1084.1175 	EXP 	fixation: autoDraw = False
1084.1175 	EXP 	line1: autoDraw = False
1084.1175 	EXP 	line_2: autoDraw = False
1084.1175 	EXP 	line_3: autoDraw = False
1084.1175 	EXP 	line4: autoDraw = False
1084.1175 	EXP 	probe: autoDraw = False
1084.1175 	EXP 	fixation: autoDraw = True
1084.2011 	EXP 	Device response: <KeyPress from None: t=1084.0868065, value=v, duration=0.10878909999973985>
1085.1010 	EXP 	line1: autoDraw = True
1085.1010 	EXP 	line_2: autoDraw = True
1085.1010 	EXP 	line_3: autoDraw = True
1085.1010 	EXP 	line4: autoDraw = True
1085.1174 	EXP 	fixation: autoDraw = False
1086.1068 	INFO 	Keyboard events cleared
1086.1064 	EXP 	probe: autoDraw = True
1086.9185 	EXP 	Device response: <KeyPress from None: t=1086.9172936999998, value=v, duration=None>
1086.9190 	EXP 	New trial (rep=42, index=1): <Trial 169 (1 in rep 42) data={'pos': np.int64(-50), 'corr_resp': 'x', 'thisN': 169, 'thisTrialN': 1, 'thisRepN': 42}>
1086.9208 	DATA 	Keypress: v
1086.9335 	EXP 	fixation: autoDraw = False
1086.9335 	EXP 	line1: autoDraw = False
1086.9335 	EXP 	line_2: autoDraw = False
1086.9335 	EXP 	line_3: autoDraw = False
1086.9335 	EXP 	line4: autoDraw = False
1086.9335 	EXP 	probe: autoDraw = False
1086.9335 	EXP 	fixation: autoDraw = True
1087.0181 	EXP 	Device response: <KeyPress from None: t=1086.9172936999998, value=v, duration=0.09981879999986631>
1087.9340 	EXP 	fixation: autoDraw = False
1087.9340 	EXP 	line1: autoDraw = True
1087.9340 	EXP 	line_2: autoDraw = True
1087.9340 	EXP 	line_3: autoDraw = True
1087.9340 	EXP 	line4: autoDraw = True
1088.9341 	INFO 	Keyboard events cleared
1088.9340 	EXP 	probe: autoDraw = True
1089.7848 	EXP 	Device response: <KeyPress from None: t=1089.7793833, value=x, duration=None>
1089.7853 	EXP 	New trial (rep=42, index=2): <Trial 170 (2 in rep 42) data={'pos': np.int64(50), 'corr_resp': 'c', 'thisN': 170, 'thisTrialN': 2, 'thisRepN': 42}>
1089.7866 	DATA 	Keypress: x
1089.8007 	EXP 	fixation: autoDraw = False
1089.8007 	EXP 	line1: autoDraw = False
1089.8007 	EXP 	line_2: autoDraw = False
1089.8007 	EXP 	line_3: autoDraw = False
1089.8007 	EXP 	line4: autoDraw = False
1089.8007 	EXP 	probe: autoDraw = False
1089.8007 	EXP 	fixation: autoDraw = True
1089.9010 	EXP 	Device response: <KeyPress from None: t=1089.7793833, value=x, duration=0.1132644999997865>
1090.8008 	EXP 	fixation: autoDraw = False
1090.8008 	EXP 	line1: autoDraw = True
1090.8008 	EXP 	line_2: autoDraw = True
1090.8008 	EXP 	line_3: autoDraw = True
1090.8008 	EXP 	line4: autoDraw = True
1091.8010 	INFO 	Keyboard events cleared
1091.8009 	EXP 	probe: autoDraw = True
1093.9181 	EXP 	Device response: <KeyPress from None: t=1093.9161667999997, value=c, duration=None>
1093.9184 	EXP 	New trial (rep=42, index=3): <Trial 171 (3 in rep 42) data={'pos': np.int64(-150), 'corr_resp': 'z', 'thisN': 171, 'thisTrialN': 3, 'thisRepN': 42}>
1093.9199 	DATA 	Keypress: c
1093.9339 	EXP 	fixation: autoDraw = False
1093.9339 	EXP 	line1: autoDraw = False
1093.9339 	EXP 	line_2: autoDraw = False
1093.9339 	EXP 	line_3: autoDraw = False
1093.9339 	EXP 	line4: autoDraw = False
1093.9339 	EXP 	probe: autoDraw = False
1093.9339 	EXP 	fixation: autoDraw = True
1093.9838 	EXP 	Device response: <KeyPress from None: t=1093.9161667999997, value=c, duration=0.0527844000002915>
1094.9173 	EXP 	line1: autoDraw = True
1094.9173 	EXP 	line_2: autoDraw = True
1094.9173 	EXP 	line_3: autoDraw = True
1094.9173 	EXP 	line4: autoDraw = True
1094.9342 	EXP 	fixation: autoDraw = False
1095.9177 	INFO 	Keyboard events cleared
1095.9175 	EXP 	probe: autoDraw = True
1096.8182 	EXP 	Device response: <KeyPress from None: t=1096.8135815, value=z, duration=None>
1096.8186 	EXP 	New trial (rep=43, index=0): <Trial 172 (0 in rep 43) data={'pos': np.int64(-150), 'corr_resp': 'z', 'thisN': 172, 'thisTrialN': 0, 'thisRepN': 43}>
1096.8198 	DATA 	Keypress: z
1096.8343 	EXP 	fixation: autoDraw = False
1096.8343 	EXP 	line1: autoDraw = False
1096.8343 	EXP 	line_2: autoDraw = False
1096.8343 	EXP 	line_3: autoDraw = False
1096.8343 	EXP 	line4: autoDraw = False
1096.8343 	EXP 	probe: autoDraw = False
1096.8343 	EXP 	fixation: autoDraw = True
1096.9343 	EXP 	Device response: <KeyPress from None: t=1096.8135815, value=z, duration=0.11789859999998953>
1097.8341 	EXP 	fixation: autoDraw = False
1097.8341 	EXP 	line1: autoDraw = True
1097.8341 	EXP 	line_2: autoDraw = True
1097.8341 	EXP 	line_3: autoDraw = True
1097.8341 	EXP 	line4: autoDraw = True
1098.8178 	INFO 	Keyboard events cleared
1098.8177 	EXP 	probe: autoDraw = True
1101.7181 	EXP 	Device response: <KeyPress from None: t=1101.7086019999997, value=z, duration=None>
1101.7186 	EXP 	New trial (rep=43, index=1): <Trial 173 (1 in rep 43) data={'pos': np.int64(50), 'corr_resp': 'c', 'thisN': 173, 'thisTrialN': 1, 'thisRepN': 43}>
1101.7200 	DATA 	Keypress: z
1101.7344 	EXP 	fixation: autoDraw = False
1101.7344 	EXP 	line1: autoDraw = False
1101.7344 	EXP 	line_2: autoDraw = False
1101.7344 	EXP 	line_3: autoDraw = False
1101.7344 	EXP 	line4: autoDraw = False
1101.7344 	EXP 	probe: autoDraw = False
1101.7344 	EXP 	fixation: autoDraw = True
1101.8681 	EXP 	Device response: <KeyPress from None: t=1101.7086019999997, value=z, duration=0.1443423000000621>
1102.7350 	EXP 	fixation: autoDraw = False
1102.7350 	EXP 	line1: autoDraw = True
1102.7350 	EXP 	line_2: autoDraw = True
1102.7350 	EXP 	line_3: autoDraw = True
1102.7350 	EXP 	line4: autoDraw = True
1103.7177 	INFO 	Keyboard events cleared
1103.7175 	EXP 	probe: autoDraw = True
1107.6862 	DATA 	Keypress: x
1107.7013 	EXP 	Device response: <KeyPress from None: t=1107.6846228, value=x, duration=None>
1107.7016 	EXP 	New trial (rep=43, index=2): <Trial 174 (2 in rep 43) data={'pos': np.int64(-50), 'corr_resp': 'x', 'thisN': 174, 'thisTrialN': 2, 'thisRepN': 43}>
1107.7175 	EXP 	fixation: autoDraw = False
1107.7175 	EXP 	line1: autoDraw = False
1107.7175 	EXP 	line_2: autoDraw = False
1107.7175 	EXP 	line_3: autoDraw = False
1107.7175 	EXP 	line4: autoDraw = False
1107.7175 	EXP 	probe: autoDraw = False
1107.7175 	EXP 	fixation: autoDraw = True
1107.7846 	EXP 	Device response: <KeyPress from None: t=1107.6846228, value=x, duration=0.08554349999985789>
1108.7009 	EXP 	line1: autoDraw = True
1108.7009 	EXP 	line_2: autoDraw = True
1108.7009 	EXP 	line_3: autoDraw = True
1108.7009 	EXP 	line4: autoDraw = True
1108.7175 	EXP 	fixation: autoDraw = False
1109.7010 	INFO 	Keyboard events cleared
1109.7009 	EXP 	probe: autoDraw = True
1110.6510 	EXP 	Device response: <KeyPress from None: t=1110.643537, value=x, duration=None>
1110.6514 	EXP 	New trial (rep=43, index=3): <Trial 175 (3 in rep 43) data={'pos': np.int64(150), 'corr_resp': 'v', 'thisN': 175, 'thisTrialN': 3, 'thisRepN': 43}>
1110.6528 	DATA 	Keypress: x
1110.6677 	EXP 	fixation: autoDraw = False
1110.6677 	EXP 	line1: autoDraw = False
1110.6677 	EXP 	line_2: autoDraw = False
1110.6677 	EXP 	line_3: autoDraw = False
1110.6677 	EXP 	line4: autoDraw = False
1110.6677 	EXP 	probe: autoDraw = False
1110.6677 	EXP 	fixation: autoDraw = True
1110.7346 	EXP 	Device response: <KeyPress from None: t=1110.643537, value=x, duration=0.08868949999987308>
1111.6510 	EXP 	line1: autoDraw = True
1111.6510 	EXP 	line_2: autoDraw = True
1111.6510 	EXP 	line_3: autoDraw = True
1111.6510 	EXP 	line4: autoDraw = True
1111.6677 	EXP 	fixation: autoDraw = False
1112.6510 	INFO 	Keyboard events cleared
1112.6509 	EXP 	probe: autoDraw = True
1113.6198 	DATA 	Keypress: v
1113.6348 	EXP 	Device response: <KeyPress from None: t=1113.6179275999998, value=v, duration=None>
1113.6351 	EXP 	New trial (rep=44, index=0): <Trial 176 (0 in rep 44) data={'pos': np.int64(150), 'corr_resp': 'v', 'thisN': 176, 'thisTrialN': 0, 'thisRepN': 44}>
1113.6507 	EXP 	fixation: autoDraw = False
1113.6507 	EXP 	line1: autoDraw = False
1113.6507 	EXP 	line_2: autoDraw = False
1113.6507 	EXP 	line_3: autoDraw = False
1113.6507 	EXP 	line4: autoDraw = False
1113.6507 	EXP 	probe: autoDraw = False
1113.6507 	EXP 	fixation: autoDraw = True
1113.7349 	EXP 	Device response: <KeyPress from None: t=1113.6179275999998, value=v, duration=0.11629579999998896>
1114.6342 	EXP 	line1: autoDraw = True
1114.6342 	EXP 	line_2: autoDraw = True
1114.6342 	EXP 	line_3: autoDraw = True
1114.6342 	EXP 	line4: autoDraw = True
1114.6508 	EXP 	fixation: autoDraw = False
1115.6346 	INFO 	Keyboard events cleared
1115.6344 	EXP 	probe: autoDraw = True
1116.5344 	EXP 	Device response: <KeyPress from None: t=1116.5317116, value=v, duration=None>
1116.5348 	EXP 	New trial (rep=44, index=1): <Trial 177 (1 in rep 44) data={'pos': np.int64(-50), 'corr_resp': 'x', 'thisN': 177, 'thisTrialN': 1, 'thisRepN': 44}>
1116.5362 	DATA 	Keypress: v
1116.5509 	EXP 	fixation: autoDraw = False
1116.5509 	EXP 	line1: autoDraw = False
1116.5509 	EXP 	line_2: autoDraw = False
1116.5509 	EXP 	line_3: autoDraw = False
1116.5509 	EXP 	line4: autoDraw = False
1116.5509 	EXP 	probe: autoDraw = False
1116.5509 	EXP 	fixation: autoDraw = True
1116.6183 	EXP 	Device response: <KeyPress from None: t=1116.5317116, value=v, duration=0.08194159999993644>
1117.5344 	EXP 	line1: autoDraw = True
1117.5344 	EXP 	line_2: autoDraw = True
1117.5344 	EXP 	line_3: autoDraw = True
1117.5344 	EXP 	line4: autoDraw = True
1117.5509 	EXP 	fixation: autoDraw = False
1118.5345 	INFO 	Keyboard events cleared
1118.5343 	EXP 	probe: autoDraw = True
1119.3512 	EXP 	Device response: <KeyPress from None: t=1119.3477288999998, value=x, duration=None>
1119.3515 	EXP 	New trial (rep=44, index=2): <Trial 178 (2 in rep 44) data={'pos': np.int64(-150), 'corr_resp': 'z', 'thisN': 178, 'thisTrialN': 2, 'thisRepN': 44}>
1119.3528 	DATA 	Keypress: x
1119.3677 	EXP 	fixation: autoDraw = False
1119.3677 	EXP 	line1: autoDraw = False
1119.3677 	EXP 	line_2: autoDraw = False
1119.3677 	EXP 	line_3: autoDraw = False
1119.3677 	EXP 	line4: autoDraw = False
1119.3677 	EXP 	probe: autoDraw = False
1119.3677 	EXP 	fixation: autoDraw = True
1119.4182 	EXP 	Device response: <KeyPress from None: t=1119.3477288999998, value=x, duration=0.05505029999994804>
1120.3510 	EXP 	line1: autoDraw = True
1120.3510 	EXP 	line_2: autoDraw = True
1120.3510 	EXP 	line_3: autoDraw = True
1120.3510 	EXP 	line4: autoDraw = True
1120.3677 	EXP 	fixation: autoDraw = False
1121.3511 	INFO 	Keyboard events cleared
1121.3509 	EXP 	probe: autoDraw = True
1121.8703 	DATA 	Keypress: z
1121.8845 	EXP 	Device response: <KeyPress from None: t=1121.8685645, value=z, duration=None>
1121.8849 	EXP 	New trial (rep=44, index=3): <Trial 179 (3 in rep 44) data={'pos': np.int64(50), 'corr_resp': 'c', 'thisN': 179, 'thisTrialN': 3, 'thisRepN': 44}>
1121.9012 	EXP 	fixation: autoDraw = False
1121.9012 	EXP 	line1: autoDraw = False
1121.9012 	EXP 	line_2: autoDraw = False
1121.9012 	EXP 	line_3: autoDraw = False
1121.9012 	EXP 	line4: autoDraw = False
1121.9012 	EXP 	probe: autoDraw = False
1121.9012 	EXP 	fixation: autoDraw = True
1122.0676 	EXP 	Device response: <KeyPress from None: t=1121.8685645, value=z, duration=0.18747259999963717>
1122.8843 	EXP 	line1: autoDraw = True
1122.8843 	EXP 	line_2: autoDraw = True
1122.8843 	EXP 	line_3: autoDraw = True
1122.8843 	EXP 	line4: autoDraw = True
1122.9009 	EXP 	fixation: autoDraw = False
1123.8842 	INFO 	Keyboard events cleared
1123.8841 	EXP 	probe: autoDraw = True
1124.7846 	EXP 	Device response: <KeyPress from None: t=1124.7704834, value=c, duration=None>
1124.7849 	EXP 	New trial (rep=45, index=0): <Trial 180 (0 in rep 45) data={'pos': np.int64(-50), 'corr_resp': 'x', 'thisN': 180, 'thisTrialN': 0, 'thisRepN': 45}>
1124.7861 	DATA 	Keypress: c
1124.8008 	EXP 	fixation: autoDraw = False
1124.8008 	EXP 	line1: autoDraw = False
1124.8008 	EXP 	line_2: autoDraw = False
1124.8008 	EXP 	line_3: autoDraw = False
1124.8008 	EXP 	line4: autoDraw = False
1124.8008 	EXP 	probe: autoDraw = False
1124.8008 	EXP 	fixation: autoDraw = True
1124.9347 	EXP 	Device response: <KeyPress from None: t=1124.7704834, value=c, duration=0.1509142999998403>
1125.7844 	EXP 	line1: autoDraw = True
1125.7844 	EXP 	line_2: autoDraw = True
1125.7844 	EXP 	line_3: autoDraw = True
1125.7844 	EXP 	line4: autoDraw = True
1125.8010 	EXP 	fixation: autoDraw = False
1126.7846 	INFO 	Keyboard events cleared
1126.7844 	EXP 	probe: autoDraw = True
1127.6182 	EXP 	Device response: <KeyPress from None: t=1127.6032485, value=x, duration=None>
1127.6186 	EXP 	New trial (rep=45, index=1): <Trial 181 (1 in rep 45) data={'pos': np.int64(-150), 'corr_resp': 'z', 'thisN': 181, 'thisTrialN': 1, 'thisRepN': 45}>
1127.6200 	DATA 	Keypress: x
1127.6342 	EXP 	fixation: autoDraw = False
1127.6342 	EXP 	line1: autoDraw = False
1127.6342 	EXP 	line_2: autoDraw = False
1127.6342 	EXP 	line_3: autoDraw = False
1127.6342 	EXP 	line4: autoDraw = False
1127.6342 	EXP 	probe: autoDraw = False
1127.6342 	EXP 	fixation: autoDraw = True
1127.7515 	EXP 	Device response: <KeyPress from None: t=1127.6032485, value=x, duration=0.13307339999983014>
1128.6177 	EXP 	line1: autoDraw = True
1128.6177 	EXP 	line_2: autoDraw = True
1128.6177 	EXP 	line_3: autoDraw = True
1128.6177 	EXP 	line4: autoDraw = True
1128.6343 	EXP 	fixation: autoDraw = False
1129.6339 	INFO 	Keyboard events cleared
1129.6337 	EXP 	probe: autoDraw = True
1130.2513 	EXP 	Device response: <KeyPress from None: t=1130.2440109, value=z, duration=None>
1130.2516 	EXP 	New trial (rep=45, index=2): <Trial 182 (2 in rep 45) data={'pos': np.int64(50), 'corr_resp': 'c', 'thisN': 182, 'thisTrialN': 2, 'thisRepN': 45}>
1130.2531 	DATA 	Keypress: z
1130.2674 	EXP 	fixation: autoDraw = False
1130.2674 	EXP 	line1: autoDraw = False
1130.2674 	EXP 	line_2: autoDraw = False
1130.2674 	EXP 	line_3: autoDraw = False
1130.2674 	EXP 	line4: autoDraw = False
1130.2674 	EXP 	probe: autoDraw = False
1130.2674 	EXP 	fixation: autoDraw = True
1130.4008 	EXP 	Device response: <KeyPress from None: t=1130.2440109, value=z, duration=0.1500277999998616>
1131.2518 	EXP 	line1: autoDraw = True
1131.2518 	EXP 	line_2: autoDraw = True
1131.2518 	EXP 	line_3: autoDraw = True
1131.2518 	EXP 	line4: autoDraw = True
1131.2679 	EXP 	fixation: autoDraw = False
1132.2512 	INFO 	Keyboard events cleared
1132.2511 	EXP 	probe: autoDraw = True
1134.1679 	EXP 	Device response: <KeyPress from None: t=1134.1647594, value=c, duration=None>
1134.1683 	EXP 	New trial (rep=45, index=3): <Trial 183 (3 in rep 45) data={'pos': np.int64(150), 'corr_resp': 'v', 'thisN': 183, 'thisTrialN': 3, 'thisRepN': 45}>
1134.1697 	DATA 	Keypress: c
1134.1845 	EXP 	fixation: autoDraw = False
1134.1845 	EXP 	line1: autoDraw = False
1134.1845 	EXP 	line_2: autoDraw = False
1134.1845 	EXP 	line_3: autoDraw = False
1134.1845 	EXP 	line4: autoDraw = False
1134.1845 	EXP 	probe: autoDraw = False
1134.1845 	EXP 	fixation: autoDraw = True
1134.3011 	EXP 	Device response: <KeyPress from None: t=1134.1647594, value=c, duration=0.12877379999963523>
1135.1677 	EXP 	line1: autoDraw = True
1135.1677 	EXP 	line_2: autoDraw = True
1135.1677 	EXP 	line_3: autoDraw = True
1135.1677 	EXP 	line4: autoDraw = True
1135.1844 	EXP 	fixation: autoDraw = False
1136.1680 	INFO 	Keyboard events cleared
1136.1679 	EXP 	probe: autoDraw = True
1137.3350 	EXP 	Device response: <KeyPress from None: t=1137.3304220999999, value=v, duration=None>
1137.3354 	EXP 	New trial (rep=46, index=0): <Trial 184 (0 in rep 46) data={'pos': np.int64(-50), 'corr_resp': 'x', 'thisN': 184, 'thisTrialN': 0, 'thisRepN': 46}>
1137.3366 	DATA 	Keypress: v
1137.3505 	EXP 	fixation: autoDraw = False
1137.3505 	EXP 	line1: autoDraw = False
1137.3505 	EXP 	line_2: autoDraw = False
1137.3505 	EXP 	line_3: autoDraw = False
1137.3505 	EXP 	line4: autoDraw = False
1137.3505 	EXP 	probe: autoDraw = False
1137.3505 	EXP 	fixation: autoDraw = True
1137.4347 	EXP 	Device response: <KeyPress from None: t=1137.3304220999999, value=v, duration=0.10368980000021111>
1138.3343 	EXP 	line1: autoDraw = True
1138.3343 	EXP 	line_2: autoDraw = True
1138.3343 	EXP 	line_3: autoDraw = True
1138.3343 	EXP 	line4: autoDraw = True
1138.3507 	EXP 	fixation: autoDraw = False
1139.3347 	INFO 	Keyboard events cleared
1139.3346 	EXP 	probe: autoDraw = True
1140.2514 	EXP 	Device response: <KeyPress from None: t=1140.2429695, value=x, duration=None>
1140.2517 	EXP 	New trial (rep=46, index=1): <Trial 185 (1 in rep 46) data={'pos': np.int64(50), 'corr_resp': 'c', 'thisN': 185, 'thisTrialN': 1, 'thisRepN': 46}>
1140.2530 	DATA 	Keypress: x
1140.2677 	EXP 	fixation: autoDraw = False
1140.2677 	EXP 	line1: autoDraw = False
1140.2677 	EXP 	line_2: autoDraw = False
1140.2677 	EXP 	line_3: autoDraw = False
1140.2677 	EXP 	line4: autoDraw = False
1140.2677 	EXP 	probe: autoDraw = False
1140.2677 	EXP 	fixation: autoDraw = True
1140.3683 	EXP 	Device response: <KeyPress from None: t=1140.2429695, value=x, duration=0.10873919999994541>
1141.2508 	EXP 	line1: autoDraw = True
1141.2508 	EXP 	line_2: autoDraw = True
1141.2508 	EXP 	line_3: autoDraw = True
1141.2508 	EXP 	line4: autoDraw = True
1141.2677 	EXP 	fixation: autoDraw = False
1142.2514 	INFO 	Keyboard events cleared
1142.2513 	EXP 	probe: autoDraw = True
1144.0518 	EXP 	Device response: <KeyPress from None: t=1144.0430526999999, value=c, duration=None>
1144.0522 	EXP 	New trial (rep=46, index=2): <Trial 186 (2 in rep 46) data={'pos': np.int64(-150), 'corr_resp': 'z', 'thisN': 186, 'thisTrialN': 2, 'thisRepN': 46}>
1144.0536 	DATA 	Keypress: c
1144.0679 	EXP 	fixation: autoDraw = False
1144.0679 	EXP 	line1: autoDraw = False
1144.0679 	EXP 	line_2: autoDraw = False
1144.0679 	EXP 	line_3: autoDraw = False
1144.0679 	EXP 	line4: autoDraw = False
1144.0679 	EXP 	probe: autoDraw = False
1144.0679 	EXP 	fixation: autoDraw = True
1144.2010 	EXP 	Device response: <KeyPress from None: t=1144.0430526999999, value=c, duration=0.1417028000000755>
1145.0676 	EXP 	fixation: autoDraw = False
1145.0676 	EXP 	line1: autoDraw = True
1145.0676 	EXP 	line_2: autoDraw = True
1145.0676 	EXP 	line_3: autoDraw = True
1145.0676 	EXP 	line4: autoDraw = True
1146.0512 	INFO 	Keyboard events cleared
1146.0510 	EXP 	probe: autoDraw = True
1147.4192 	EXP 	Device response: <KeyPress from None: t=1147.4172094, value=z, duration=None>
1147.4196 	EXP 	New trial (rep=46, index=3): <Trial 187 (3 in rep 46) data={'pos': np.int64(150), 'corr_resp': 'v', 'thisN': 187, 'thisTrialN': 3, 'thisRepN': 46}>
1147.4209 	DATA 	Keypress: z
1147.4348 	EXP 	fixation: autoDraw = False
1147.4348 	EXP 	line1: autoDraw = False
1147.4348 	EXP 	line_2: autoDraw = False
1147.4348 	EXP 	line_3: autoDraw = False
1147.4348 	EXP 	line4: autoDraw = False
1147.4348 	EXP 	probe: autoDraw = False
1147.4348 	EXP 	fixation: autoDraw = True
1147.5681 	EXP 	Device response: <KeyPress from None: t=1147.4172094, value=z, duration=0.13966219999974783>
1148.4346 	EXP 	fixation: autoDraw = False
1148.4346 	EXP 	line1: autoDraw = True
1148.4346 	EXP 	line_2: autoDraw = True
1148.4346 	EXP 	line_3: autoDraw = True
1148.4346 	EXP 	line4: autoDraw = True
1149.4351 	INFO 	Keyboard events cleared
1149.4350 	EXP 	probe: autoDraw = True
1150.5869 	DATA 	Keypress: v
1150.6015 	EXP 	Device response: <KeyPress from None: t=1150.5857615999998, value=v, duration=None>
1150.6020 	EXP 	New trial (rep=47, index=0): <Trial 188 (0 in rep 47) data={'pos': np.int64(-150), 'corr_resp': 'z', 'thisN': 188, 'thisTrialN': 0, 'thisRepN': 47}>
1150.6178 	EXP 	fixation: autoDraw = False
1150.6178 	EXP 	line1: autoDraw = False
1150.6178 	EXP 	line_2: autoDraw = False
1150.6178 	EXP 	line_3: autoDraw = False
1150.6178 	EXP 	line4: autoDraw = False
1150.6178 	EXP 	probe: autoDraw = False
1150.6178 	EXP 	fixation: autoDraw = True
1150.7347 	EXP 	Device response: <KeyPress from None: t=1150.5857615999998, value=v, duration=0.13934689999996408>
1151.6010 	EXP 	line1: autoDraw = True
1151.6010 	EXP 	line_2: autoDraw = True
1151.6010 	EXP 	line_3: autoDraw = True
1151.6010 	EXP 	line4: autoDraw = True
1151.6177 	EXP 	fixation: autoDraw = False
1152.6013 	INFO 	Keyboard events cleared
1152.6011 	EXP 	probe: autoDraw = True
1153.2530 	DATA 	Keypress: z
1153.2685 	EXP 	Device response: <KeyPress from None: t=1153.2514637999998, value=z, duration=None>
1153.2689 	EXP 	New trial (rep=47, index=1): <Trial 189 (1 in rep 47) data={'pos': np.int64(50), 'corr_resp': 'c', 'thisN': 189, 'thisTrialN': 1, 'thisRepN': 47}>
1153.2844 	EXP 	fixation: autoDraw = False
1153.2844 	EXP 	line1: autoDraw = False
1153.2844 	EXP 	line_2: autoDraw = False
1153.2844 	EXP 	line_3: autoDraw = False
1153.2844 	EXP 	line4: autoDraw = False
1153.2844 	EXP 	probe: autoDraw = False
1153.2844 	EXP 	fixation: autoDraw = True
1153.4181 	EXP 	Device response: <KeyPress from None: t=1153.2514637999998, value=z, duration=0.16413850000026287>
1154.2677 	EXP 	line1: autoDraw = True
1154.2677 	EXP 	line_2: autoDraw = True
1154.2677 	EXP 	line_3: autoDraw = True
1154.2677 	EXP 	line4: autoDraw = True
1154.2701 	DATA 	Keypress: z
1154.2845 	EXP 	fixation: autoDraw = False
1154.2851 	EXP 	Device response: <KeyPress from None: t=1154.2689369999998, value=z, duration=None>
1154.4184 	EXP 	Device response: <KeyPress from None: t=1154.2689369999998, value=z, duration=0.13733779999984108>
1155.2679 	INFO 	Keyboard events cleared
1155.2677 	EXP 	probe: autoDraw = True
1157.4687 	EXP 	Device response: <KeyPress from None: t=1157.4622601, value=c, duration=None>
1157.4690 	EXP 	New trial (rep=47, index=2): <Trial 190 (2 in rep 47) data={'pos': np.int64(150), 'corr_resp': 'v', 'thisN': 190, 'thisTrialN': 2, 'thisRepN': 47}>
1157.4702 	DATA 	Keypress: c
1157.4845 	EXP 	fixation: autoDraw = False
1157.4845 	EXP 	line1: autoDraw = False
1157.4845 	EXP 	line_2: autoDraw = False
1157.4845 	EXP 	line_3: autoDraw = False
1157.4845 	EXP 	line4: autoDraw = False
1157.4845 	EXP 	probe: autoDraw = False
1157.4845 	EXP 	fixation: autoDraw = True
1157.6016 	EXP 	Device response: <KeyPress from None: t=1157.4622601, value=c, duration=0.1310284999999567>
1158.4844 	EXP 	fixation: autoDraw = False
1158.4844 	EXP 	line1: autoDraw = True
1158.4844 	EXP 	line_2: autoDraw = True
1158.4844 	EXP 	line_3: autoDraw = True
1158.4844 	EXP 	line4: autoDraw = True
1159.4846 	INFO 	Keyboard events cleared
1159.4844 	EXP 	probe: autoDraw = True
1160.3516 	EXP 	Device response: <KeyPress from None: t=1160.3380036999997, value=v, duration=None>
1160.3520 	EXP 	New trial (rep=47, index=3): <Trial 191 (3 in rep 47) data={'pos': np.int64(-50), 'corr_resp': 'x', 'thisN': 191, 'thisTrialN': 3, 'thisRepN': 47}>
1160.3534 	DATA 	Keypress: v
1160.3678 	EXP 	fixation: autoDraw = False
1160.3678 	EXP 	line1: autoDraw = False
1160.3678 	EXP 	line_2: autoDraw = False
1160.3678 	EXP 	line_3: autoDraw = False
1160.3678 	EXP 	line4: autoDraw = False
1160.3678 	EXP 	probe: autoDraw = False
1160.3678 	EXP 	fixation: autoDraw = True
1160.4360 	EXP 	Device response: <KeyPress from None: t=1160.3380036999997, value=v, duration=0.08571110000002591>
1161.3678 	EXP 	fixation: autoDraw = False
1161.3678 	EXP 	line1: autoDraw = True
1161.3678 	EXP 	line_2: autoDraw = True
1161.3678 	EXP 	line_3: autoDraw = True
1161.3678 	EXP 	line4: autoDraw = True
1162.3513 	INFO 	Keyboard events cleared
1162.3511 	EXP 	probe: autoDraw = True
1163.3681 	EXP 	Device response: <KeyPress from None: t=1163.3650159, value=x, duration=None>
1163.3684 	EXP 	New trial (rep=48, index=0): <Trial 192 (0 in rep 48) data={'pos': np.int64(150), 'corr_resp': 'v', 'thisN': 192, 'thisTrialN': 0, 'thisRepN': 48}>
1163.3697 	DATA 	Keypress: x
1163.3847 	EXP 	fixation: autoDraw = False
1163.3847 	EXP 	line1: autoDraw = False
1163.3847 	EXP 	line_2: autoDraw = False
1163.3847 	EXP 	line_3: autoDraw = False
1163.3847 	EXP 	line4: autoDraw = False
1163.3847 	EXP 	probe: autoDraw = False
1163.3847 	EXP 	fixation: autoDraw = True
1163.5183 	EXP 	Device response: <KeyPress from None: t=1163.3650159, value=x, duration=0.14409100000011676>
1164.3678 	EXP 	line1: autoDraw = True
1164.3678 	EXP 	line_2: autoDraw = True
1164.3678 	EXP 	line_3: autoDraw = True
1164.3678 	EXP 	line4: autoDraw = True
1164.3846 	EXP 	fixation: autoDraw = False
1165.3695 	INFO 	Keyboard events cleared
1165.3693 	EXP 	probe: autoDraw = True
1166.5860 	EXP 	Device response: <KeyPress from None: t=1166.5734809, value=v, duration=None>
1166.5864 	EXP 	New trial (rep=48, index=1): <Trial 193 (1 in rep 48) data={'pos': np.int64(50), 'corr_resp': 'c', 'thisN': 193, 'thisTrialN': 1, 'thisRepN': 48}>
1166.5877 	DATA 	Keypress: v
1166.6012 	EXP 	fixation: autoDraw = False
1166.6012 	EXP 	line1: autoDraw = False
1166.6012 	EXP 	line_2: autoDraw = False
1166.6012 	EXP 	line_3: autoDraw = False
1166.6012 	EXP 	line4: autoDraw = False
1166.6012 	EXP 	probe: autoDraw = False
1166.6012 	EXP 	fixation: autoDraw = True
1166.6850 	EXP 	Device response: <KeyPress from None: t=1166.5734809, value=v, duration=0.10886959999970713>
1167.6012 	EXP 	fixation: autoDraw = False
1167.6012 	EXP 	line1: autoDraw = True
1167.6012 	EXP 	line_2: autoDraw = True
1167.6012 	EXP 	line_3: autoDraw = True
1167.6012 	EXP 	line4: autoDraw = True
1168.6010 	INFO 	Keyboard events cleared
1168.6009 	EXP 	probe: autoDraw = True
1169.0037 	DATA 	Keypress: c
1169.0184 	EXP 	Device response: <KeyPress from None: t=1169.0020427, value=c, duration=None>
1169.0188 	EXP 	New trial (rep=48, index=2): <Trial 194 (2 in rep 48) data={'pos': np.int64(-150), 'corr_resp': 'z', 'thisN': 194, 'thisTrialN': 2, 'thisRepN': 48}>
1169.0347 	EXP 	fixation: autoDraw = False
1169.0347 	EXP 	line1: autoDraw = False
1169.0347 	EXP 	line_2: autoDraw = False
1169.0347 	EXP 	line_3: autoDraw = False
1169.0347 	EXP 	line4: autoDraw = False
1169.0347 	EXP 	probe: autoDraw = False
1169.0347 	EXP 	fixation: autoDraw = True
1169.1524 	EXP 	Device response: <KeyPress from None: t=1169.0020427, value=c, duration=0.14799050000010538>
1170.0178 	EXP 	line1: autoDraw = True
1170.0178 	EXP 	line_2: autoDraw = True
1170.0178 	EXP 	line_3: autoDraw = True
1170.0178 	EXP 	line4: autoDraw = True
1170.0347 	EXP 	fixation: autoDraw = False
1171.0179 	INFO 	Keyboard events cleared
1171.0178 	EXP 	probe: autoDraw = True
1171.7865 	DATA 	Keypress: z
1171.8018 	EXP 	Device response: <KeyPress from None: t=1171.7856936999997, value=z, duration=None>
1171.8022 	EXP 	New trial (rep=48, index=3): <Trial 195 (3 in rep 48) data={'pos': np.int64(-50), 'corr_resp': 'x', 'thisN': 195, 'thisTrialN': 3, 'thisRepN': 48}>
1171.8175 	EXP 	fixation: autoDraw = False
1171.8175 	EXP 	line1: autoDraw = False
1171.8175 	EXP 	line_2: autoDraw = False
1171.8175 	EXP 	line_3: autoDraw = False
1171.8175 	EXP 	line4: autoDraw = False
1171.8175 	EXP 	probe: autoDraw = False
1171.8175 	EXP 	fixation: autoDraw = True
1171.8684 	EXP 	Device response: <KeyPress from None: t=1171.7856936999997, value=z, duration=0.07139080000024478>
1172.8012 	EXP 	line1: autoDraw = True
1172.8012 	EXP 	line_2: autoDraw = True
1172.8012 	EXP 	line_3: autoDraw = True
1172.8012 	EXP 	line4: autoDraw = True
1172.8181 	EXP 	fixation: autoDraw = False
1173.8013 	INFO 	Keyboard events cleared
1173.8012 	EXP 	probe: autoDraw = True
1174.6852 	EXP 	Device response: <KeyPress from None: t=1174.6744890999998, value=x, duration=None>
1174.6856 	EXP 	New trial (rep=49, index=0): <Trial 196 (0 in rep 49) data={'pos': np.int64(150), 'corr_resp': 'v', 'thisN': 196, 'thisTrialN': 0, 'thisRepN': 49}>
1174.6869 	DATA 	Keypress: x
1174.7004 	EXP 	fixation: autoDraw = False
1174.7004 	EXP 	line1: autoDraw = False
1174.7004 	EXP 	line_2: autoDraw = False
1174.7004 	EXP 	line_3: autoDraw = False
1174.7004 	EXP 	line4: autoDraw = False
1174.7004 	EXP 	probe: autoDraw = False
1174.7004 	EXP 	fixation: autoDraw = True
1174.8018 	EXP 	Device response: <KeyPress from None: t=1174.6744890999998, value=x, duration=0.12104290000024776>
1175.6847 	EXP 	line1: autoDraw = True
1175.6847 	EXP 	line_2: autoDraw = True
1175.6847 	EXP 	line_3: autoDraw = True
1175.6847 	EXP 	line4: autoDraw = True
1175.7014 	EXP 	fixation: autoDraw = False
1176.6847 	INFO 	Keyboard events cleared
1176.6846 	EXP 	probe: autoDraw = True
1177.4185 	EXP 	Device response: <KeyPress from None: t=1177.4050407999998, value=v, duration=None>
1177.4190 	EXP 	New trial (rep=49, index=1): <Trial 197 (1 in rep 49) data={'pos': np.int64(-50), 'corr_resp': 'x', 'thisN': 197, 'thisTrialN': 1, 'thisRepN': 49}>
1177.4203 	DATA 	Keypress: v
1177.4348 	EXP 	fixation: autoDraw = False
1177.4348 	EXP 	line1: autoDraw = False
1177.4348 	EXP 	line_2: autoDraw = False
1177.4348 	EXP 	line_3: autoDraw = False
1177.4348 	EXP 	line4: autoDraw = False
1177.4348 	EXP 	probe: autoDraw = False
1177.4348 	EXP 	fixation: autoDraw = True
1177.5849 	EXP 	Device response: <KeyPress from None: t=1177.4050407999998, value=v, duration=0.16827650000004724>
1178.4177 	EXP 	line1: autoDraw = True
1178.4177 	EXP 	line_2: autoDraw = True
1178.4177 	EXP 	line_3: autoDraw = True
1178.4177 	EXP 	line4: autoDraw = True
1178.4348 	EXP 	fixation: autoDraw = False
1179.4349 	INFO 	Keyboard events cleared
1179.4347 	EXP 	probe: autoDraw = True
1180.7017 	EXP 	Device response: <KeyPress from None: t=1180.6990416999997, value=x, duration=None>
1180.7020 	EXP 	New trial (rep=49, index=2): <Trial 198 (2 in rep 49) data={'pos': np.int64(50), 'corr_resp': 'c', 'thisN': 198, 'thisTrialN': 2, 'thisRepN': 49}>
1180.7034 	DATA 	Keypress: x
1180.7180 	EXP 	fixation: autoDraw = False
1180.7180 	EXP 	line1: autoDraw = False
1180.7180 	EXP 	line_2: autoDraw = False
1180.7180 	EXP 	line_3: autoDraw = False
1180.7180 	EXP 	line4: autoDraw = False
1180.7180 	EXP 	probe: autoDraw = False
1180.7180 	EXP 	fixation: autoDraw = True
1180.8684 	EXP 	Device response: <KeyPress from None: t=1180.6990416999997, value=x, duration=0.1559506000003239>
1181.7013 	EXP 	line1: autoDraw = True
1181.7013 	EXP 	line_2: autoDraw = True
1181.7013 	EXP 	line_3: autoDraw = True
1181.7013 	EXP 	line4: autoDraw = True
1181.7181 	EXP 	fixation: autoDraw = False
1182.7016 	INFO 	Keyboard events cleared
1182.7014 	EXP 	probe: autoDraw = True
1183.6017 	EXP 	Device response: <KeyPress from None: t=1183.5904735, value=c, duration=None>
1183.6021 	EXP 	New trial (rep=49, index=3): <Trial 199 (3 in rep 49) data={'pos': np.int64(-150), 'corr_resp': 'z', 'thisN': 199, 'thisTrialN': 3, 'thisRepN': 49}>
1183.6034 	DATA 	Keypress: c
1183.6181 	EXP 	fixation: autoDraw = False
1183.6181 	EXP 	line1: autoDraw = False
1183.6181 	EXP 	line_2: autoDraw = False
1183.6181 	EXP 	line_3: autoDraw = False
1183.6181 	EXP 	line4: autoDraw = False
1183.6181 	EXP 	probe: autoDraw = False
1183.6181 	EXP 	fixation: autoDraw = True
1183.7177 	EXP 	Device response: <KeyPress from None: t=1183.5904735, value=c, duration=0.11188809999976002>
1184.6012 	EXP 	line1: autoDraw = True
1184.6012 	EXP 	line_2: autoDraw = True
1184.6012 	EXP 	line_3: autoDraw = True
1184.6012 	EXP 	line4: autoDraw = True
1184.6183 	EXP 	fixation: autoDraw = False
1185.6014 	INFO 	Keyboard events cleared
1185.6012 	EXP 	probe: autoDraw = True
1186.4351 	EXP 	Device response: <KeyPress from None: t=1186.4236458999999, value=z, duration=None>
1186.4361 	DATA 	Keypress: z
1186.4521 	EXP 	fixation: autoDraw = False
1186.4521 	EXP 	line1: autoDraw = False
1186.4521 	EXP 	line_2: autoDraw = False
1186.4521 	EXP 	line_3: autoDraw = False
1186.4521 	EXP 	line4: autoDraw = False
1186.4521 	EXP 	probe: autoDraw = False
1186.4524 	EXP 	untitled: status = STOPPED
1186.6372 	INFO 	saved data to 'C:\\Users\\DELL\\Desktop\\psychopie_final\\motor sequence\\data\\par_2_mtr_seq_untitled_2025-10-01_19h58.27.067.csv'
1186.6436 	INFO 	saved data to C:\Users\DELL\Desktop\psychopie_final\motor sequence\data\par_2_mtr_seq_untitled_2025-10-01_19h58.27.067.psydat
1187.0231 	WARNING 	Stopping key buffers but this could be dangerous ifother keyboards rely on the same.
1187.1034 	WARNING 	Stopping key buffers but this could be dangerous ifother keyboards rely on the same.
