pos,corr_resp,thisN,thisTrialN,thisRepN,key_resp.keys,key_resp.corr,key_resp.rt,key_resp.duration,trials.thisRepN,trials.thisTrialN,trials.thisN,trials.thisIndex,trials_2.thisRepN,trials_2.thisTrialN,trials_2.thisN,trials_2.thisIndex,thisRow.t,notes,trial.started,fixation.started,line1.started,line_2.started,line_3.started,line4.started,fixation.stopped,probe.started,key_resp.started,trial.stopped,trials.key_resp.keys,trials.key_resp.corr,trials.key_resp.rt,trials.key_resp.duration,trials_2.key_resp.keys,trials_2.key_resp.corr,trials_2.key_resp.rt,trials_2.key_resp.duration,participant,session,date,expName,expVersion,psychopyVersion,frameRate,expStart,
-50,x,0,0,0,x,1,0.7762206999996124,None,0,0,0,0,,,,,0.028210200000103214,,0.01916929999970307,0.028210200000103214,1.014917399999831,1.014917399999831,1.014917399999831,1.014917399999831,1.0313966000003347,2.014698199999657,2.014698199999657,2.8057701999996425,x,1,0.7762206999996124,None,,,,,par_3_mtr_seq,001,2025-10-01_20h32.23.763,untitled,,2025.1.1,59.80621589926061,2025-10-01 20h32.39.360764 +0530,
150,v,1,1,0,v,1,0.8175118999997721,None,0,1,1,1,,,,,2.815301499999805,,2.806238199999825,2.815301499999805,3.8145920999995724,3.8145920999995724,3.8145920999995724,3.8145920999995724,3.8145920999995724,4.814609000000019,4.814609000000019,5.648933700000271,v,1,0.8175118999997721,None,,,,,par_3_mtr_seq,001,2025-10-01_20h32.23.763,untitled,,2025.1.1,59.80621589926061,2025-10-01 20h32.39.360764 +0530,
50,c,2,2,0,c,1,0.5810050000000047,None,0,2,2,2,,,,,5.665122299999894,,5.649447599999803,5.665122299999894,6.648152599999776,6.648152599999776,6.648152599999776,6.648152599999776,6.664862699999503,7.648112500000025,7.648112500000025,8.232061099999555,c,1,0.5810050000000047,None,,,,,par_3_mtr_seq,001,2025-10-01_20h32.23.763,untitled,,2025.1.1,59.80621589926061,2025-10-01 20h32.39.360764 +0530,
-150,z,3,3,0,z,1,0.5638513000003513,None,0,3,3,3,,,,,8.24786320000021,,8.232589999999618,8.24786320000021,9.2314209999995,9.2314209999995,9.2314209999995,9.2314209999995,9.248023600000124,10.231668600000376,10.231668600000376,10.798677699999644,z,1,0.5638513000003513,None,,,,,par_3_mtr_seq,001,2025-10-01_20h32.23.763,untitled,,2025.1.1,59.80621589926061,2025-10-01 20h32.39.360764 +0530,
-50,x,4,0,1,x,1,0.4882222999995065,None,1,0,4,0,,,,,10.814707399999861,,10.799240299999838,10.814707399999861,11.798017600000094,11.798017600000094,11.798017600000094,11.798017600000094,11.814756800000396,12.797945199999958,12.797945199999958,13.298042899999928,x,1,0.4882222999995065,None,,,,,par_3_mtr_seq,001,2025-10-01_20h32.23.763,untitled,,2025.1.1,59.80621589926061,2025-10-01 20h32.39.360764 +0530,
150,v,5,1,1,v,1,0.6416844999994282,None,1,1,5,1,,,,,13.314019899999948,,13.298535099999754,13.314019899999948,14.297574999999597,14.297574999999597,14.297574999999597,14.297574999999597,14.314361599999756,15.297757700000147,15.297757700000147,15.94872690000011,v,1,0.6416844999994282,None,,,,,par_3_mtr_seq,001,2025-10-01_20h32.23.763,untitled,,2025.1.1,59.80621589926061,2025-10-01 20h32.39.360764 +0530,
50,c,6,2,1,c,1,0.44812830000046233,None,1,2,6,2,,,,,15.964831399999639,,15.949214199999915,15.964831399999639,16.948053799999798,16.948053799999798,16.948053799999798,16.948053799999798,16.964895799999795,17.948128400000314,17.948128400000314,18.399127699999553,c,1,0.44812830000046233,None,,,,,par_3_mtr_seq,001,2025-10-01_20h32.23.763,untitled,,2025.1.1,59.80621589926061,2025-10-01 20h32.39.360764 +0530,
-150,z,7,3,1,z,1,0.3730526999997892,None,1,3,7,3,,,,,18.41470339999978,,18.399733600000218,18.41470339999978,19.414884699999675,19.414884699999675,19.414884699999675,19.414884699999675,19.414884699999675,20.41489720000027,20.41489720000027,20.798713099999986,z,1,0.3730526999997892,None,,,,,par_3_mtr_seq,001,2025-10-01_20h32.23.763,untitled,,2025.1.1,59.80621589926061,2025-10-01 20h32.39.360764 +0530,
-50,x,8,0,2,x,1,0.7181344999999055,None,2,0,8,0,,,,,20.814829799999643,,20.799265200000264,20.814829799999643,21.79810869999983,21.79810869999983,21.79810869999983,21.79810869999983,21.814837799999623,22.798150699999496,22.798150699999496,23.531318600000304,x,1,0.7181344999999055,None,,,,,par_3_mtr_seq,001,2025-10-01_20h32.23.763,untitled,,2025.1.1,59.80621589926061,2025-10-01 20h32.39.360764 +0530,
150,v,9,1,2,v,1,0.9440150000000358,None,2,1,9,1,,,,,23.54722589999983,,23.53176119999989,23.54722589999983,24.53169760000037,24.53169760000037,24.53169760000037,24.53169760000037,24.548032099999546,25.531600199999957,25.531600199999957,26.482317299999522,v,1,0.9440150000000358,None,,,,,par_3_mtr_seq,001,2025-10-01_20h32.23.763,untitled,,2025.1.1,59.80621589926061,2025-10-01 20h32.39.360764 +0530,
50,c,10,2,2,c,1,0.5570590000006632,None,2,2,10,2,,,,,26.498341800000162,,26.482857899999544,26.498341800000162,27.49828669999988,27.49828669999988,27.49828669999988,27.49828669999988,27.49828669999988,28.48139919999994,28.48139919999994,29.04888419999952,c,1,0.5570590000006632,None,,,,,par_3_mtr_seq,001,2025-10-01_20h32.23.763,untitled,,2025.1.1,59.80621589926061,2025-10-01 20h32.39.360764 +0530,
-150,z,11,3,2,z,1,0.5541179000001648,None,2,3,11,3,,,,,29.064782899999955,,29.049435199999607,29.064782899999955,30.048229699999865,30.048229699999865,30.048229699999865,30.048229699999865,30.064763700000185,31.048327800000152,31.048327800000152,31.615468099999816,z,1,0.5541179000001648,None,,,,,par_3_mtr_seq,001,2025-10-01_20h32.23.763,untitled,,2025.1.1,59.80621589926061,2025-10-01 20h32.39.360764 +0530,
-50,x,12,0,3,x,1,0.8305789000005461,None,3,0,12,0,,,,,31.631437000000005,,31.61590410000008,31.631437000000005,32.61476849999963,32.61476849999963,32.61476849999963,32.61476849999963,32.63147310000022,33.615632600000026,33.615632600000026,34.448871300000064,x,1,0.8305789000005461,None,,,,,par_3_mtr_seq,001,2025-10-01_20h32.23.763,untitled,,2025.1.1,59.80621589926061,2025-10-01 20h32.39.360764 +0530,
150,v,13,1,3,v,1,0.9980826999999408,None,3,1,13,1,,,,,34.46443949999957,,34.44936940000025,34.46443949999957,35.44807680000031,35.44807680000031,35.44807680000031,35.44807680000031,35.46493339999961,36.44811479999953,36.44811479999953,37.44894039999963,v,1,0.9980826999999408,None,,,,,par_3_mtr_seq,001,2025-10-01_20h32.23.763,untitled,,2025.1.1,59.80621589926061,2025-10-01 20h32.39.360764 +0530,
50,c,14,2,3,c,1,0.4644113999993351,None,3,2,14,2,,,,,37.46493079999982,,37.44951690000016,37.46493079999982,38.448157300000275,38.448157300000275,38.448157300000275,38.448157300000275,38.46480379999957,39.448251300000265,39.448251300000265,39.915413400000034,c,1,0.4644113999993351,None,,,,,par_3_mtr_seq,001,2025-10-01_20h32.23.763,untitled,,2025.1.1,59.80621589926061,2025-10-01 20h32.39.360764 +0530,
-150,z,15,3,3,z,1,0.7333408000004056,None,3,3,15,3,,,,,39.93160910000006,,39.915853499999685,39.93160910000006,40.914799799999855,40.914799799999855,40.914799799999855,40.914799799999855,40.93154709999999,41.914812099999835,41.914812099999835,42.649011399999836,z,1,0.7333408000004056,None,,,,,par_3_mtr_seq,001,2025-10-01_20h32.23.763,untitled,,2025.1.1,59.80621589926061,2025-10-01 20h32.39.360764 +0530,
-50,x,16,0,4,x,1,0.6937746999992669,None,4,0,16,0,,,,,42.66496499999994,,42.6494888999996,42.66496499999994,43.64815160000035,43.64815160000035,43.64815160000035,43.64815160000035,43.66484270000001,44.648561599999994,44.648561599999994,45.34898020000037,x,1,0.6937746999992669,None,,,,,par_3_mtr_seq,001,2025-10-01_20h32.23.763,untitled,,2025.1.1,59.80621589926061,2025-10-01 20h32.39.360764 +0530,
150,v,17,1,4,v,1,1.1598500000000058,None,4,1,17,1,,,,,45.36520779999955,,45.34956719999991,45.36520779999955,46.3482025000003,46.3482025000003,46.3482025000003,46.3482025000003,46.36502110000038,47.34814809999989,47.34814809999989,48.51530360000015,v,1,1.1598500000000058,None,,,,,par_3_mtr_seq,001,2025-10-01_20h32.23.763,untitled,,2025.1.1,59.80621589926061,2025-10-01 20h32.39.360764 +0530,
50,c,18,2,4,c,1,0.6693332000004375,None,4,2,18,2,,,,,48.531538100000034,,48.51584699999967,48.531538100000034,49.51518610000039,49.51518610000039,49.51518610000039,49.51518610000039,49.53170560000035,50.51512459999958,50.51512459999958,51.19900229999985,c,1,0.6693332000004375,None,,,,,par_3_mtr_seq,001,2025-10-01_20h32.23.763,untitled,,2025.1.1,59.80621589926061,2025-10-01 20h32.39.360764 +0530,
-150,z,19,3,4,z,1,1.14394110000012,None,4,3,19,3,,,,,51.214902300000176,,51.19957760000034,51.214902300000176,52.19837970000026,52.19837970000026,52.19837970000026,52.19837970000026,52.214858899999854,53.19838230000005,53.19838230000005,54.34931299999971,z,1,1.14394110000012,None,,,,,par_3_mtr_seq,001,2025-10-01_20h32.23.763,untitled,,2025.1.1,59.80621589926061,2025-10-01 20h32.39.360764 +0530,
-50,x,20,0,5,x,1,1.2165303000001586,None,5,0,20,0,,,,,54.36465429999953,,54.3498583999999,54.36465429999953,55.36475319999954,55.36475319999954,55.36475319999954,55.36475319999954,55.36475319999954,56.36463100000037,56.36463100000037,57.58353139999963,x,1,1.2165303000001586,None,,,,,par_3_mtr_seq,001,2025-10-01_20h32.23.763,untitled,,2025.1.1,59.80621589926061,2025-10-01 20h32.39.360764 +0530,
150,v,21,1,5,v,1,0.8341020999996545,None,5,1,21,1,,,,,57.59818650000034,,57.58400359999996,57.59818650000034,58.59894919999988,58.59894919999988,58.59894919999988,58.59894919999988,58.59894919999988,59.59833290000006,59.59833290000006,60.44927050000024,v,1,0.8341020999996545,None,,,,,par_3_mtr_seq,001,2025-10-01_20h32.23.763,untitled,,2025.1.1,59.80621589926061,2025-10-01 20h32.39.360764 +0530,
50,c,22,2,5,c,1,0.6209518999994543,None,5,2,22,2,,,,,60.46407679999993,,60.44974499999989,60.46407679999993,61.464946500000224,61.464946500000224,61.464946500000224,61.464946500000224,61.464946500000224,62.465177299999596,62.465177299999596,63.09901710000031,c,1,0.6209518999994543,None,,,,,par_3_mtr_seq,001,2025-10-01_20h32.23.763,untitled,,2025.1.1,59.80621589926061,2025-10-01 20h32.39.360764 +0530,
-150,z,23,3,5,z,1,0.8223183000000063,None,5,3,23,3,,,,,63.11489299999994,,63.09954649999963,63.11489299999994,64.09859789999973,64.09859789999973,64.09859789999973,64.09859789999973,64.11485619999985,65.09872300000006,65.09872300000006,65.93246720000025,z,1,0.8223183000000063,None,,,,,par_3_mtr_seq,001,2025-10-01_20h32.23.763,untitled,,2025.1.1,59.80621589926061,2025-10-01 20h32.39.360764 +0530,
-50,x,24,0,6,x,1,0.952891300000374,None,6,0,24,0,,,,,65.9484493,,65.9329945999998,65.9484493,66.93174149999959,66.93174149999959,66.93174149999959,66.93174149999959,66.94827410000016,67.93183450000015,67.93183450000015,68.89908800000012,x,1,0.952891300000374,None,,,,,par_3_mtr_seq,001,2025-10-01_20h32.23.763,untitled,,2025.1.1,59.80621589926061,2025-10-01 20h32.39.360764 +0530,
150,v,25,1,6,v,1,0.7605298000007679,None,6,1,25,1,,,,,68.9153765000001,,68.89955929999996,68.9153765000001,69.89830110000003,69.89830110000003,69.89830110000003,69.89830110000003,69.91498309999952,70.89847180000015,70.89847180000015,71.66602859999966,v,1,0.7605298000007679,None,,,,,par_3_mtr_seq,001,2025-10-01_20h32.23.763,untitled,,2025.1.1,59.80621589926061,2025-10-01 20h32.39.360764 +0530,
50,c,26,2,6,c,1,0.7139025000005859,None,6,2,26,2,,,,,71.68173790000037,,71.66649690000031,71.68173790000037,72.66488479999953,72.66488479999953,72.66488479999953,72.66488479999953,72.68159990000004,73.66522480000003,73.66522480000003,74.38228960000015,c,1,0.7139025000005859,None,,,,,par_3_mtr_seq,001,2025-10-01_20h32.23.763,untitled,,2025.1.1,59.80621589926061,2025-10-01 20h32.39.360764 +0530,
-150,z,27,3,6,z,1,0.8853064000004451,None,6,3,27,3,,,,,74.39872099999957,,74.38279239999974,74.39872099999957,75.38177410000026,75.38177410000026,75.38177410000026,75.38177410000026,75.39867789999971,76.38163220000024,76.38163220000024,77.28234030000021,z,1,0.8853064000004451,None,,,,,par_3_mtr_seq,001,2025-10-01_20h32.23.763,untitled,,2025.1.1,59.80621589926061,2025-10-01 20h32.39.360764 +0530,
-50,x,28,0,7,x,1,0.8375800999992862,None,7,0,28,0,,,,,77.29835679999997,,77.28284299999996,77.29835679999997,78.28168279999954,78.28168279999954,78.28168279999954,78.28168279999954,78.29868569999962,79.2817100000002,79.2817100000002,80.1318481999997,x,1,0.8375800999992862,None,,,,,par_3_mtr_seq,001,2025-10-01_20h32.23.763,untitled,,2025.1.1,59.80621589926061,2025-10-01 20h32.39.360764 +0530,
150,v,29,1,7,v,1,0.764017700000295,None,7,1,29,1,,,,,80.14747850000003,,80.13238379999984,80.14747850000003,81.1320469000002,81.1320469000002,81.1320469000002,81.1320469000002,81.1483417999998,82.13175839999985,82.13175839999985,82.89886159999969,v,1,0.764017700000295,None,,,,,par_3_mtr_seq,001,2025-10-01_20h32.23.763,untitled,,2025.1.1,59.80621589926061,2025-10-01 20h32.39.360764 +0530,
50,c,30,2,7,c,1,0.5964202999994086,None,7,2,30,2,,,,,82.9153438000003,,82.89933500000006,82.9153438000003,83.89837710000029,83.89837710000029,83.89837710000029,83.89837710000029,83.91514499999994,84.89839519999987,84.89839519999987,85.49897909999981,c,1,0.5964202999994086,None,,,,,par_3_mtr_seq,001,2025-10-01_20h32.23.763,untitled,,2025.1.1,59.80621589926061,2025-10-01 20h32.39.360764 +0530,
-150,z,31,3,7,z,1,0.8174740000004022,None,7,3,31,3,,,,,85.51502840000012,,85.49951489999967,85.51502840000012,86.49857640000027,86.49857640000027,86.49857640000027,86.49857640000027,86.51523670000006,87.49757520000003,87.49757520000003,88.3162024000003,z,1,0.8174740000004022,None,,,,,par_3_mtr_seq,001,2025-10-01_20h32.23.763,untitled,,2025.1.1,59.80621589926061,2025-10-01 20h32.39.360764 +0530,
-50,x,32,0,8,x,1,0.5207753999993656,None,8,0,32,0,,,,,88.33145349999995,,88.31704249999984,88.33145349999995,89.31557900000007,89.31557900000007,89.31557900000007,89.31557900000007,89.33188650000011,90.33222850000038,90.33222850000038,90.86593340000036,x,1,0.5207753999993656,None,,,,,par_3_mtr_seq,001,2025-10-01_20h32.23.763,untitled,,2025.1.1,59.80621589926061,2025-10-01 20h32.39.360764 +0530,
150,v,33,1,8,v,1,0.7757572000000437,None,8,1,33,1,,,,,90.881934,,90.86651319999964,90.881934,91.88175059999958,91.88175059999958,91.88175059999958,91.88175059999958,91.88175059999958,92.86572179999985,92.86572179999985,93.64890509999987,v,1,0.7757572000000437,None,,,,,par_3_mtr_seq,001,2025-10-01_20h32.23.763,untitled,,2025.1.1,59.80621589926061,2025-10-01 20h32.39.360764 +0530,
50,c,34,2,8,c,1,0.6559012999996412,None,8,2,34,2,,,,,93.66582699999981,,93.64937809999992,93.66582699999981,94.64873489999991,94.64873489999991,94.64873489999991,94.64873489999991,94.66551999999956,95.64842409999983,95.64842409999983,96.31638850000036,c,1,0.6559012999996412,None,,,,,par_3_mtr_seq,001,2025-10-01_20h32.23.763,untitled,,2025.1.1,59.80621589926061,2025-10-01 20h32.39.360764 +0530,
-150,z,35,3,8,z,1,1.0912644,None,8,3,35,3,,,,,96.33287130000008,,96.31703110000035,96.33287130000008,97.33157589999973,97.33157589999973,97.33157589999973,97.33157589999973,97.33157589999973,98.33176300000014,98.33176300000014,99.43248409999978,z,1,1.0912644,None,,,,,par_3_mtr_seq,001,2025-10-01_20h32.23.763,untitled,,2025.1.1,59.80621589926061,2025-10-01 20h32.39.360764 +0530,
-50,x,36,0,9,x,1,1.3752443999992465,None,9,0,36,0,,,,,99.44821429999956,,99.43293809999977,99.44821429999956,100.43157619999965,100.43157619999965,100.43157619999965,100.43157619999965,100.44875820000016,101.43173260000003,101.43173260000003,102.8158857999997,x,1,1.3752443999992465,None,,,,,par_3_mtr_seq,001,2025-10-01_20h32.23.763,untitled,,2025.1.1,59.80621589926061,2025-10-01 20h32.39.360764 +0530,
150,v,37,1,9,v,1,1.9657601999997496,None,9,1,37,1,,,,,102.83197670000027,,102.81644330000017,102.83197670000027,103.8152455999998,103.8152455999998,103.8152455999998,103.8152455999998,103.83217400000012,104.81504510000013,104.81504510000013,106.7828343000001,v,1,1.9657601999997496,None,,,,,par_3_mtr_seq,001,2025-10-01_20h32.23.763,untitled,,2025.1.1,59.80621589926061,2025-10-01 20h32.39.360764 +0530,
50,c,38,2,9,c,1,1.2450464000003194,None,9,2,38,2,,,,,106.79892110000037,,106.78332030000001,106.79892110000037,107.78200759999982,107.78200759999982,107.78200759999982,107.78200759999982,107.79869599999984,108.79863250000017,108.79863250000017,110.04930369999965,c,1,1.2450464000003194,None,,,,,par_3_mtr_seq,001,2025-10-01_20h32.23.763,untitled,,2025.1.1,59.80621589926061,2025-10-01 20h32.39.360764 +0530,
-150,z,39,3,9,z,1,0.792100699999537,None,9,3,39,3,,,,,110.06561359999978,,110.04973900000005,110.06561359999978,111.0485004000002,111.0485004000002,111.0485004000002,111.0485004000002,111.06530399999974,112.04854419999992,112.04854419999992,112.84939490000033,z,1,0.792100699999537,None,,,,,par_3_mtr_seq,001,2025-10-01_20h32.23.763,untitled,,2025.1.1,59.80621589926061,2025-10-01 20h32.39.360764 +0530,
-50,x,40,0,10,x,1,1.213152700000137,None,10,0,40,0,,,,,112.86537669999962,,112.84993889999987,112.86537669999962,113.86493830000018,113.86493830000018,113.86493830000018,113.86493830000018,113.86493830000018,114.8483524000003,114.8483524000003,116.06577459999971,x,1,1.213152700000137,None,,,,,par_3_mtr_seq,001,2025-10-01_20h32.23.763,untitled,,2025.1.1,59.80621589926061,2025-10-01 20h32.39.360764 +0530,
150,v,41,1,10,v,1,1.1298485000006622,None,10,1,41,1,,,,,116.08201519999966,,116.06633069999953,116.08201519999966,117.06543200000033,117.06543200000033,117.06543200000033,117.06543200000033,117.08183949999966,118.06534449999981,118.06534449999981,119.19919560000017,v,1,1.1298485000006622,None,,,,,par_3_mtr_seq,001,2025-10-01_20h32.23.763,untitled,,2025.1.1,59.80621589926061,2025-10-01 20h32.39.360764 +0530,
50,c,42,2,10,c,1,1.3003947999995944,None,10,2,42,2,,,,,119.21520369999962,,119.19964749999963,119.21520369999962,120.19885169999998,120.19885169999998,120.19885169999998,120.19885169999998,120.21539750000011,121.19891840000037,121.19891840000037,122.51602009999988,c,1,1.3003947999995944,None,,,,,par_3_mtr_seq,001,2025-10-01_20h32.23.763,untitled,,2025.1.1,59.80621589926061,2025-10-01 20h32.39.360764 +0530,
-150,z,43,3,10,z,1,0.6413123000002088,None,10,3,43,3,,,,,122.53167620000022,,122.51647109999976,122.53167620000022,123.51588720000018,123.51588720000018,123.51588720000018,123.51588720000018,123.53179999999975,124.51526769999964,124.51526769999964,125.16624489999958,z,1,0.6413123000002088,None,,,,,par_3_mtr_seq,001,2025-10-01_20h32.23.763,untitled,,2025.1.1,59.80621589926061,2025-10-01 20h32.39.360764 +0530,
-50,x,44,0,11,x,1,0.6638081000000966,None,11,0,44,0,,,,,125.18171910000001,,125.16680389999965,125.18171910000001,126.18147169999975,126.18147169999975,126.18147169999975,126.18147169999975,126.18147169999975,127.16600879999987,127.16600879999987,127.83263710000028,x,1,0.6638081000000966,None,,,,,par_3_mtr_seq,001,2025-10-01_20h32.23.763,untitled,,2025.1.1,59.80621589926061,2025-10-01 20h32.39.360764 +0530,
150,v,45,1,11,v,1,1.061795699999493,None,11,1,45,1,,,,,127.84883900000023,,127.83307229999991,127.84883900000023,128.8319664999999,128.8319664999999,128.8319664999999,128.8319664999999,128.84884160000001,129.83196390000012,129.83196390000012,130.89897139999994,v,1,1.061795699999493,None,,,,,par_3_mtr_seq,001,2025-10-01_20h32.23.763,untitled,,2025.1.1,59.80621589926061,2025-10-01 20h32.39.360764 +0530,
50,c,46,2,11,c,1,0.8471188000003167,None,11,2,46,2,,,,,130.91445300000032,,130.89944660000037,130.91445300000032,131.89871630000016,131.89871630000016,131.89871630000016,131.89871630000016,131.91517509999994,132.8987285000003,132.8987285000003,133.74916140000005,c,1,0.8471188000003167,None,,,,,par_3_mtr_seq,001,2025-10-01_20h32.23.763,untitled,,2025.1.1,59.80621589926061,2025-10-01 20h32.39.360764 +0530,
-150,z,47,3,11,z,1,0.7659009999997579,None,11,3,47,3,,,,,133.76454159999957,,133.74960780000038,133.76454159999957,134.74957970000014,134.74957970000014,134.74957970000014,134.74957970000014,134.7654021999997,135.74876800000038,135.74876800000038,136.51658179999959,z,1,0.7659009999997579,None,,,,,par_3_mtr_seq,001,2025-10-01_20h32.23.763,untitled,,2025.1.1,59.80621589926061,2025-10-01 20h32.39.360764 +0530,
-50,x,48,0,12,x,1,0.8751132000006692,None,12,0,48,0,,,,,136.5318626999997,,136.51710360000015,136.5318626999997,137.53200300000026,137.53200300000026,137.53200300000026,137.53200300000026,137.53200300000026,138.51571820000026,138.51571820000026,139.4004520999997,x,1,0.8751132000006692,None,,,,,par_3_mtr_seq,001,2025-10-01_20h32.23.763,untitled,,2025.1.1,59.80621589926061,2025-10-01 20h32.39.360764 +0530,
150,v,49,1,12,v,1,1.1311051000002408,None,12,1,49,1,,,,,139.41550889999962,,139.40092189999996,139.41550889999962,140.41588890000003,140.41588890000003,140.41588890000003,140.41588890000003,140.41588890000003,141.4148052999999,141.4148052999999,142.54937419999987,v,1,1.1311051000002408,None,,,,,par_3_mtr_seq,001,2025-10-01_20h32.23.763,untitled,,2025.1.1,59.80621589926061,2025-10-01 20h32.39.360764 +0530,
50,c,50,2,12,c,1,0.6922136000002865,None,12,2,50,2,,,,,142.56559039999956,,142.54993730000024,142.56559039999956,143.5487218999997,143.5487218999997,143.5487218999997,143.5487218999997,143.56543349999993,144.54872150000028,144.54872150000028,145.24962830000004,c,1,0.6922136000002865,None,,,,,par_3_mtr_seq,001,2025-10-01_20h32.23.763,untitled,,2025.1.1,59.80621589926061,2025-10-01 20h32.39.360764 +0530,
-150,z,51,3,12,z,1,0.6498400000000402,None,12,3,51,3,,,,,145.2657306000001,,145.2501702999998,145.2657306000001,146.26560830000017,146.26560830000017,146.26560830000017,146.26560830000017,146.26560830000017,147.26529670000036,147.26529670000036,147.91711699999996,z,1,0.6498400000000402,None,,,,,par_3_mtr_seq,001,2025-10-01_20h32.23.763,untitled,,2025.1.1,59.80621589926061,2025-10-01 20h32.39.360764 +0530,
-50,x,52,0,13,x,1,0.737094299999626,None,13,0,52,0,,,,,147.93222719999994,,147.91762339999968,147.93222719999994,148.9326659999997,148.9326659999997,148.9326659999997,148.9326659999997,148.9326659999997,149.93209490000027,149.93209490000027,150.68400529999963,x,1,0.737094299999626,None,,,,,par_3_mtr_seq,001,2025-10-01_20h32.23.763,untitled,,2025.1.1,59.80621589926061,2025-10-01 20h32.39.360764 +0530,
150,v,53,1,13,v,1,0.7472263999998177,None,13,1,53,1,,,,,150.69853069999954,,150.68448369999987,150.69853069999954,151.6987508000002,151.6987508000002,151.6987508000002,151.6987508000002,151.6987508000002,152.6987895000002,152.6987895000002,153.44929440000033,v,1,0.7472263999998177,None,,,,,par_3_mtr_seq,001,2025-10-01_20h32.23.763,untitled,,2025.1.1,59.80621589926061,2025-10-01 20h32.39.360764 +0530,
50,c,54,2,13,c,1,0.8473913000007087,None,13,2,54,2,,,,,153.4661060999997,,153.44973889999983,153.4661060999997,154.44937800000025,154.44937800000025,154.44937800000025,154.44937800000025,154.46574020000025,155.4487148999997,155.4487148999997,156.29944179999984,c,1,0.8473913000007087,None,,,,,par_3_mtr_seq,001,2025-10-01_20h32.23.763,untitled,,2025.1.1,59.80621589926061,2025-10-01 20h32.39.360764 +0530,
-150,z,55,3,13,z,1,0.9026359999998022,None,13,3,55,3,,,,,156.31538079999973,,156.2998824999995,156.31538079999973,157.29924990000018,157.29924990000018,157.29924990000018,157.29924990000018,157.31546379999963,158.2991320000001,158.2991320000001,159.21735790000002,z,1,0.9026359999998022,None,,,,,par_3_mtr_seq,001,2025-10-01_20h32.23.763,untitled,,2025.1.1,59.80621589926061,2025-10-01 20h32.39.360764 +0530,
-50,x,56,0,14,x,1,1.3482836999992287,None,14,0,56,0,,,,,159.2321251000003,,159.21783489999962,159.2321251000003,160.2322075000002,160.2322075000002,160.2322075000002,160.2322075000002,160.2322075000002,161.23208410000007,161.23208410000007,162.5833300000004,x,1,1.3482836999992287,None,,,,,par_3_mtr_seq,001,2025-10-01_20h32.23.763,untitled,,2025.1.1,59.80621589926061,2025-10-01 20h32.39.360764 +0530,
150,v,57,1,14,v,1,1.2479499999999462,None,14,1,57,1,,,,,162.59939399999985,,162.58387330000005,162.59939399999985,163.5824217999998,163.5824217999998,163.5824217999998,163.5824217999998,163.5987065999998,164.59883770000033,164.59883770000033,165.8495452999996,v,1,1.2479499999999462,None,,,,,par_3_mtr_seq,001,2025-10-01_20h32.23.763,untitled,,2025.1.1,59.80621589926061,2025-10-01 20h32.39.360764 +0530,
50,c,58,2,14,c,1,1.572794800000338,None,14,2,58,2,,,,,165.8658365000001,,165.8500898000002,165.8658365000001,166.86574500000006,166.86574500000006,166.86574500000006,166.86574500000006,166.86574500000006,167.84886509999978,167.84886509999978,169.4327585000001,c,1,1.572794800000338,None,,,,,par_3_mtr_seq,001,2025-10-01_20h32.23.763,untitled,,2025.1.1,59.80621589926061,2025-10-01 20h32.39.360764 +0530,
-150,z,59,3,14,z,1,1.1062654999996084,None,14,3,59,3,,,,,169.4488024000002,,169.43323200000032,169.4488024000002,170.4322818999999,170.4322818999999,170.4322818999999,170.4322818999999,170.44909759999973,171.43196679999983,171.43196679999983,172.54960159999973,z,1,1.1062654999996084,None,,,,,par_3_mtr_seq,001,2025-10-01_20h32.23.763,untitled,,2025.1.1,59.80621589926061,2025-10-01 20h32.39.360764 +0530,
-50,x,60,0,15,x,1,0.5753678000000946,None,15,0,60,0,,,,,172.56560919999993,,172.55008910000015,172.56560919999993,173.54899120000027,173.54899120000027,173.54899120000027,173.54899120000027,173.5657559000001,174.5488145999998,174.5488145999998,175.13291599999957,x,1,0.5753678000000946,None,,,,,par_3_mtr_seq,001,2025-10-01_20h32.23.763,untitled,,2025.1.1,59.80621589926061,2025-10-01 20h32.39.360764 +0530,
150,v,61,1,15,v,1,0.7739603999998508,None,15,1,61,1,,,,,175.14855960000023,,175.13353449999977,175.14855960000023,176.13247179999962,176.13247179999962,176.13247179999962,176.13247179999962,176.1490157999997,177.132251,177.132251,177.91624179999963,v,1,0.7739603999998508,None,,,,,par_3_mtr_seq,001,2025-10-01_20h32.23.763,untitled,,2025.1.1,59.80621589926061,2025-10-01 20h32.39.360764 +0530,
50,c,62,2,15,c,1,0.848485399999845,None,15,2,62,2,,,,,177.93237390000013,,177.9167182000001,177.93237390000013,178.91556070000024,178.91556070000024,178.91556070000024,178.91556070000024,178.93218849999994,179.91553810000005,179.91553810000005,180.76666420000038,c,1,0.848485399999845,None,,,,,par_3_mtr_seq,001,2025-10-01_20h32.23.763,untitled,,2025.1.1,59.80621589926061,2025-10-01 20h32.39.360764 +0530,
-150,z,63,3,15,z,1,0.8563639999993029,None,15,3,63,3,,,,,180.7821985999999,,180.7671406999998,180.7821985999999,181.78223239999988,181.78223239999988,181.78223239999988,181.78223239999988,181.78223239999988,182.7657822000001,182.7657822000001,183.63333570000032,z,1,0.8563639999993029,None,,,,,par_3_mtr_seq,001,2025-10-01_20h32.23.763,untitled,,2025.1.1,59.80621589926061,2025-10-01 20h32.39.360764 +0530,
-50,x,64,0,16,x,1,0.7427287000000433,None,16,0,64,0,,,,,183.64866840000013,,183.6338780999995,183.64866840000013,184.63233239999954,184.63233239999954,184.63233239999954,184.63233239999954,184.6489593999995,185.64893049999955,185.64893049999955,186.39937790000022,x,1,0.7427287000000433,None,,,,,par_3_mtr_seq,001,2025-10-01_20h32.23.763,untitled,,2025.1.1,59.80621589926061,2025-10-01 20h32.39.360764 +0530,
150,v,65,1,16,v,1,0.539190100000269,None,16,1,65,1,,,,,186.41572050000013,,186.3999199,186.41572050000013,187.39893229999961,187.39893229999961,187.39893229999961,187.39893229999961,187.41591849999986,188.39925080000012,188.39925080000012,188.94955260000006,v,1,0.539190100000269,None,,,,,par_3_mtr_seq,001,2025-10-01_20h32.23.763,untitled,,2025.1.1,59.80621589926061,2025-10-01 20h32.39.360764 +0530,
50,c,66,2,16,c,1,0.4998640999992858,None,16,2,66,2,,,,,188.96600409999974,,188.9500197999996,188.96600409999974,189.9490141999995,189.9490141999995,189.9490141999995,189.9490141999995,189.9658257000001,190.94872039999973,190.94872039999973,191.4496933999999,c,1,0.4998640999992858,None,,,,,par_3_mtr_seq,001,2025-10-01_20h32.23.763,untitled,,2025.1.1,59.80621589926061,2025-10-01 20h32.39.360764 +0530,
-150,z,67,3,16,z,1,0.6477190999994491,None,16,3,67,3,,,,,191.4657503999997,,191.45018720000007,191.4657503999997,192.4487976999999,192.4487976999999,192.4487976999999,192.4487976999999,192.46576600000026,193.44895710000037,193.44895710000037,194.0998497999999,z,1,0.6477190999994491,None,,,,,par_3_mtr_seq,001,2025-10-01_20h32.23.763,untitled,,2025.1.1,59.80621589926061,2025-10-01 20h32.39.360764 +0530,
-50,x,68,0,17,x,1,0.7343587000004845,None,17,0,68,0,,,,,194.11550179999995,,194.1003353999995,194.11550179999995,195.09893029999967,195.09893029999967,195.09893029999967,195.09893029999967,195.1158433999999,196.09897569999976,196.09897569999976,196.84986060000028,x,1,0.7343587000004845,None,,,,,par_3_mtr_seq,001,2025-10-01_20h32.23.763,untitled,,2025.1.1,59.80621589926061,2025-10-01 20h32.39.360764 +0530,
150,v,69,1,17,v,1,0.4794828999993115,None,17,1,69,1,,,,,196.86571149999963,,196.85041319999982,196.86571149999963,197.84915100000035,197.84915100000035,197.84915100000035,197.84915100000035,197.86570250000022,198.86650869999994,198.86650869999994,199.35030519999964,v,1,0.4794828999993115,None,,,,,par_3_mtr_seq,001,2025-10-01_20h32.23.763,untitled,,2025.1.1,59.80621589926061,2025-10-01 20h32.39.360764 +0530,
50,c,70,2,17,c,1,0.5235355999993772,None,17,2,70,2,,,,,199.3655418999997,,199.35082069999953,199.3655418999997,200.36603790000026,200.36603790000026,200.36603790000026,200.36603790000026,200.36603790000026,201.36599370000022,201.36599370000022,201.8998776999997,c,1,0.5235355999993772,None,,,,,par_3_mtr_seq,001,2025-10-01_20h32.23.763,untitled,,2025.1.1,59.80621589926061,2025-10-01 20h32.39.360764 +0530,
-150,z,71,3,17,z,1,0.6572077999999237,None,17,3,71,3,,,,,201.91666989999976,,201.90030969999953,201.91666989999976,202.8991221999995,202.8991221999995,202.8991221999995,202.8991221999995,202.91568900000038,203.89911279999978,203.89911279999978,204.5664429999997,z,1,0.6572077999999237,None,,,,,par_3_mtr_seq,001,2025-10-01_20h32.23.763,untitled,,2025.1.1,59.80621589926061,2025-10-01 20h32.39.360764 +0530,
-50,x,72,0,18,x,1,0.48482640000020183,None,18,0,72,0,,,,,204.5823822000002,,204.5669323000002,204.5823822000002,205.56587209999998,205.56587209999998,205.56587209999998,205.56587209999998,205.58232359999965,206.5657868999997,206.5657868999997,207.0667615000002,x,1,0.48482640000020183,None,,,,,par_3_mtr_seq,001,2025-10-01_20h32.23.763,untitled,,2025.1.1,59.80621589926061,2025-10-01 20h32.39.360764 +0530,
150,v,73,1,18,v,1,0.5253687999993417,None,18,1,73,1,,,,,207.08212009999988,,207.0672537999999,207.08212009999988,208.08242289999998,208.08242289999998,208.08242289999998,208.08242289999998,208.08242289999998,209.0823117,209.0823117,209.61649560000023,v,1,0.5253687999993417,None,,,,,par_3_mtr_seq,001,2025-10-01_20h32.23.763,untitled,,2025.1.1,59.80621589926061,2025-10-01 20h32.39.360764 +0530,
50,c,74,2,18,c,1,0.6318074999999226,None,18,2,74,2,,,,,209.63241480000033,,209.61704389999977,209.63241480000033,210.63212939999994,210.63212939999994,210.63212939999994,210.63212939999994,210.63212939999994,211.6160086,211.6160086,212.25080160000016,c,1,0.6318074999999226,None,,,,,par_3_mtr_seq,001,2025-10-01_20h32.23.763,untitled,,2025.1.1,59.80621589926061,2025-10-01 20h32.39.360764 +0530,
-150,z,75,3,18,z,1,0.46430710000004183,None,18,3,75,3,,,,,212.26573540000027,,212.2512888000001,212.26573540000027,213.26565539999956,213.26565539999956,213.26565539999956,213.26565539999956,213.26565539999956,214.26618119999966,214.26618119999966,214.7332961000002,z,1,0.46430710000004183,None,,,,,par_3_mtr_seq,001,2025-10-01_20h32.23.763,untitled,,2025.1.1,59.80621589926061,2025-10-01 20h32.39.360764 +0530,
-50,x,76,0,19,x,1,0.6499546000004557,None,19,0,76,0,,,,,214.74905959999978,,214.73380980000002,214.74905959999978,215.7325751999997,215.7325751999997,215.7325751999997,215.7325751999997,215.74892139999974,216.7325966999997,216.7325966999997,217.38356699999986,x,1,0.6499546000004557,None,,,,,par_3_mtr_seq,001,2025-10-01_20h32.23.763,untitled,,2025.1.1,59.80621589926061,2025-10-01 20h32.39.360764 +0530,
150,v,77,1,19,v,1,0.8843787999994674,None,19,1,77,1,,,,,217.4002588000003,,217.38406399999985,217.4002588000003,218.38240169999972,218.38240169999972,218.38240169999972,218.38240169999972,218.4159940999998,219.38239109999995,219.38239109999995,220.28416070000003,v,1,0.8843787999994674,None,,,,,par_3_mtr_seq,001,2025-10-01_20h32.23.763,untitled,,2025.1.1,59.80621589926061,2025-10-01 20h32.39.360764 +0530,
50,c,78,2,19,c,1,0.7632458000007318,None,19,2,78,2,,,,,220.2990245000001,,220.2847641999997,220.2990245000001,221.29914759999974,221.29914759999974,221.29914759999974,221.29914759999974,221.29914759999974,222.29920479999964,222.29920479999964,223.0663585000002,c,1,0.7632458000007318,None,,,,,par_3_mtr_seq,001,2025-10-01_20h32.23.763,untitled,,2025.1.1,59.80621589926061,2025-10-01 20h32.39.360764 +0530,
-150,z,79,3,19,z,1,0.6391379000006054,None,19,3,79,3,,,,,223.08237980000013,,223.06681639999988,223.08237980000013,224.0659222000004,224.0659222000004,224.0659222000004,224.0659222000004,224.0824161999999,225.06607520000034,225.06607520000034,225.71701089999988,z,1,0.6391379000006054,None,,,,,par_3_mtr_seq,001,2025-10-01_20h32.23.763,untitled,,2025.1.1,59.80621589926061,2025-10-01 20h32.39.360764 +0530,
-50,x,80,0,20,x,1,0.6441371999999319,None,20,0,80,0,,,,,225.7326353999997,,225.7175000999996,225.7326353999997,226.73248450000028,226.73248450000028,226.73248450000028,226.73248450000028,226.73248450000028,227.73248849999982,227.73248849999982,228.38344570000027,x,1,0.6441371999999319,None,,,,,par_3_mtr_seq,001,2025-10-01_20h32.23.763,untitled,,2025.1.1,59.80621589926061,2025-10-01 20h32.39.360764 +0530,
150,v,81,1,20,v,1,0.4900576000000001,None,20,1,81,1,,,,,228.39958819999993,,228.38393900000028,228.39958819999993,229.3992417999998,229.3992417999998,229.3992417999998,229.3992417999998,229.3992417999998,230.38249050000013,230.38249050000013,230.8832454000003,v,1,0.4900576000000001,None,,,,,par_3_mtr_seq,001,2025-10-01_20h32.23.763,untitled,,2025.1.1,59.80621589926061,2025-10-01 20h32.39.360764 +0530,
50,c,82,2,20,c,1,0.6964336999999432,None,20,2,82,2,,,,,230.8990844,,230.8837840999995,230.8990844,231.88242600000012,231.88242600000012,231.88242600000012,231.88242600000012,231.89898449999964,232.88245019999977,232.88245019999977,233.58363230000032,c,1,0.6964336999999432,None,,,,,par_3_mtr_seq,001,2025-10-01_20h32.23.763,untitled,,2025.1.1,59.80621589926061,2025-10-01 20h32.39.360764 +0530,
-150,z,83,3,20,z,1,0.5900738000000274,None,20,3,83,3,,,,,233.59900779999953,,233.5841215999999,233.59900779999953,234.5989367000002,234.5989367000002,234.5989367000002,234.5989367000002,234.5989367000002,235.5992723999998,235.5992723999998,236.1998520999996,z,1,0.5900738000000274,None,,,,,par_3_mtr_seq,001,2025-10-01_20h32.23.763,untitled,,2025.1.1,59.80621589926061,2025-10-01 20h32.39.360764 +0530,
-50,x,84,0,21,c,0,0.589063299999907,None,21,0,84,0,,,,,236.21596150000005,,236.20030489999954,236.21596150000005,237.19920509999974,237.19920509999974,237.19920509999974,237.19920509999974,237.21585870000035,238.19939309999972,238.19939309999972,238.79985339999985,c,0,0.589063299999907,None,,,,,par_3_mtr_seq,001,2025-10-01_20h32.23.763,untitled,,2025.1.1,59.80621589926061,2025-10-01 20h32.39.360764 +0530,
150,v,85,1,21,v,1,0.8189764999997351,None,21,1,85,1,,,,,238.8159571999995,,238.80030840000018,238.8159571999995,239.79927829999997,239.79927829999997,239.79927829999997,239.79927829999997,239.8160968000002,240.79923229999986,240.79923229999986,241.63309469999967,v,1,0.8189764999997351,None,,,,,par_3_mtr_seq,001,2025-10-01_20h32.23.763,untitled,,2025.1.1,59.80621589926061,2025-10-01 20h32.39.360764 +0530,
50,c,86,2,21,c,1,0.6776198000006843,None,21,2,86,2,,,,,241.6492000999997,,241.63363440000012,241.6492000999997,242.63252829999965,242.63252829999965,242.63252829999965,242.63252829999965,242.6493303999996,243.63264760000038,243.63264760000038,244.31656399999974,c,1,0.6776198000006843,None,,,,,par_3_mtr_seq,001,2025-10-01_20h32.23.763,untitled,,2025.1.1,59.80621589926061,2025-10-01 20h32.39.360764 +0530,
-150,z,87,3,21,z,1,0.7307655000004161,None,21,3,87,3,,,,,244.3326618000001,,244.31699339999977,244.3326618000001,245.31595560000005,245.31595560000005,245.31595560000005,245.31595560000005,245.33264940000026,246.31594740000037,246.31594740000037,247.0498402000003,z,1,0.7307655000004161,None,,,,,par_3_mtr_seq,001,2025-10-01_20h32.23.763,untitled,,2025.1.1,59.80621589926061,2025-10-01 20h32.39.360764 +0530,
-50,x,88,0,22,x,1,1.1095377000001463,None,22,0,88,0,,,,,247.06679590000022,,247.05039990000023,247.06679590000022,248.04920299999958,248.04920299999958,248.04920299999958,248.04920299999958,248.06648779999978,249.04929230000016,249.04929230000016,250.16639729999952,x,1,1.1095377000001463,None,,,,,par_3_mtr_seq,001,2025-10-01_20h32.23.763,untitled,,2025.1.1,59.80621589926061,2025-10-01 20h32.39.360764 +0530,
150,v,89,1,22,v,1,0.5969367999996393,None,22,1,89,1,,,,,250.18277089999992,,250.16692820000026,250.18277089999992,251.16605299999992,251.16605299999992,251.16605299999992,251.16605299999992,251.18346409999958,252.16560990000016,252.16560990000016,252.76634439999998,v,1,0.5969367999996393,None,,,,,par_3_mtr_seq,001,2025-10-01_20h32.23.763,untitled,,2025.1.1,59.80621589926061,2025-10-01 20h32.39.360764 +0530,
50,c,90,2,22,c,1,0.707360499999595,None,22,2,90,2,,,,,252.78272319999996,,252.76684490000025,252.78272319999996,253.76602660000026,253.76602660000026,253.76602660000026,253.76602660000026,253.7825839999996,254.7659623999998,254.7659623999998,255.48304999999982,c,1,0.707360499999595,None,,,,,par_3_mtr_seq,001,2025-10-01_20h32.23.763,untitled,,2025.1.1,59.80621589926061,2025-10-01 20h32.39.360764 +0530,
-150,z,91,3,22,z,1,1.2664561000001413,None,22,3,91,3,,,,,255.50003839999954,,255.4835879000002,255.50003839999954,256.48270030000003,256.48270030000003,256.48270030000003,256.48270030000003,256.49938850000035,257.4825410000003,257.4825410000003,258.75041619999956,z,1,1.2664561000001413,None,,,,,par_3_mtr_seq,001,2025-10-01_20h32.23.763,untitled,,2025.1.1,59.80621589926061,2025-10-01 20h32.39.360764 +0530,
-50,x,92,0,23,x,1,0.5657264999999825,None,23,0,92,0,,,,,258.7658217999997,,258.7509234999998,258.7658217999997,259.76600789999975,259.76600789999975,259.76600789999975,259.76600789999975,259.76600789999975,260.7496074999999,260.7496074999999,261.3176080000003,x,1,0.5657264999999825,None,,,,,par_3_mtr_seq,001,2025-10-01_20h32.23.763,untitled,,2025.1.1,59.80621589926061,2025-10-01 20h32.39.360764 +0530,
150,v,93,1,23,v,1,0.6572865999996793,None,23,1,93,1,,,,,261.33252660000016,,261.31812329999957,261.33252660000016,262.33271650000006,262.33271650000006,262.33271650000006,262.33271650000006,262.33271650000006,263.33263629999965,263.33263629999965,264.0000334999995,v,1,0.6572865999996793,None,,,,,par_3_mtr_seq,001,2025-10-01_20h32.23.763,untitled,,2025.1.1,59.80621589926061,2025-10-01 20h32.39.360764 +0530,
50,c,94,2,23,c,1,0.7399741999997786,None,23,2,94,2,,,,,264.01657499999965,,264.00056479999967,264.01657499999965,264.99930589999985,264.99930589999985,264.99930589999985,264.99930589999985,265.0160864999998,265.99940549999974,265.99940549999974,266.75029840000025,c,1,0.7399741999997786,None,,,,,par_3_mtr_seq,001,2025-10-01_20h32.23.763,untitled,,2025.1.1,59.80621589926061,2025-10-01 20h32.39.360764 +0530,
-150,z,95,3,23,z,1,0.48288529999990715,None,23,3,95,3,,,,,266.7663536,,266.75072530000034,266.7663536,267.74947580000025,267.74947580000025,267.74947580000025,267.74947580000025,267.76613459999953,268.7661084000001,268.7661084000001,269.2522192999995,z,1,0.48288529999990715,None,,,,,par_3_mtr_seq,001,2025-10-01_20h32.23.763,untitled,,2025.1.1,59.80621589926061,2025-10-01 20h32.39.360764 +0530,
-50,x,96,0,24,x,1,0.36249950000001263,None,24,0,96,0,,,,,269.2660464999999,,269.2526736,269.2660464999999,270.2660211000002,270.2660211000002,270.2660211000002,270.2660211000002,270.2660211000002,271.26603350000005,271.26603350000005,271.63387239999975,x,1,0.36249950000001263,None,,,,,par_3_mtr_seq,001,2025-10-01_20h32.23.763,untitled,,2025.1.1,59.80621589926061,2025-10-01 20h32.39.360764 +0530,
150,v,97,1,24,v,1,0.6354817000001276,None,24,1,97,1,,,,,271.6494488999997,,271.63431599999967,271.6494488999997,272.64923269999963,272.64923269999963,272.64923269999963,272.64923269999963,272.64923269999963,273.6497128000001,273.6497128000001,274.3003031999997,v,1,0.6354817000001276,None,,,,,par_3_mtr_seq,001,2025-10-01_20h32.23.763,untitled,,2025.1.1,59.80621589926061,2025-10-01 20h32.39.360764 +0530,
50,c,98,2,24,c,1,0.9006328999994366,None,24,2,98,2,,,,,274.3163629999999,,274.30078109999977,274.3163629999999,275.29939060000015,275.29939060000015,275.29939060000015,275.29939060000015,275.31606120000015,276.2994689999996,276.2994689999996,277.2178815999996,c,1,0.9006328999994366,None,,,,,par_3_mtr_seq,001,2025-10-01_20h32.23.763,untitled,,2025.1.1,59.80621589926061,2025-10-01 20h32.39.360764 +0530,
-150,z,99,3,24,z,1,0.5470665000002555,None,24,3,99,3,,,,,277.2326971000002,,277.2184062999995,277.2326971000002,278.23281380000026,278.23281380000026,278.23281380000026,278.23281380000026,278.23281380000026,279.2327656999996,279.2327656999996,279.7833926000003,z,1,0.5470665000002555,None,,,,,par_3_mtr_seq,001,2025-10-01_20h32.23.763,untitled,,2025.1.1,59.80621589926061,2025-10-01 20h32.39.360764 +0530,
-50,x,100,0,25,x,1,0.7599945000001753,None,25,0,100,0,,,,,279.7998114000002,,279.78382320000037,279.7998114000002,280.7827686999999,280.7827686999999,280.7827686999999,280.7827686999999,280.79976110000007,281.78274429999965,281.78274429999965,282.55110309999964,x,1,0.7599945000001753,None,,,,,par_3_mtr_seq,001,2025-10-01_20h32.23.763,untitled,,2025.1.1,59.80621589926061,2025-10-01 20h32.39.360764 +0530,
150,v,101,1,25,v,1,0.44612529999994877,None,25,1,101,1,,,,,282.5660515999998,,282.5516411999997,282.5660515999998,283.56613389999984,283.56613389999984,283.56613389999984,283.56613389999984,283.56613389999984,284.56612440000026,284.56612440000026,285.01707869999973,v,1,0.44612529999994877,None,,,,,par_3_mtr_seq,001,2025-10-01_20h32.23.763,untitled,,2025.1.1,59.80621589926061,2025-10-01 20h32.39.360764 +0530,
50,c,102,2,25,c,1,0.6713359999994282,None,25,2,102,2,,,,,285.03340449999996,,285.0175479999998,285.03340449999996,286.01623329999984,286.01623329999984,286.01623329999984,286.01623329999984,286.0329458999995,287.01612750000004,287.01612750000004,287.7008138000001,c,1,0.6713359999994282,None,,,,,par_3_mtr_seq,001,2025-10-01_20h32.23.763,untitled,,2025.1.1,59.80621589926061,2025-10-01 20h32.39.360764 +0530,
-150,z,103,3,25,z,1,0.37336600000071485,None,25,3,103,3,,,,,287.7169898000002,,287.70130249999966,287.7169898000002,288.7163989999999,288.7163989999999,288.7163989999999,288.7163989999999,288.7163989999999,289.7162263,289.7162263,290.10044089999974,z,1,0.37336600000071485,None,,,,,par_3_mtr_seq,001,2025-10-01_20h32.23.763,untitled,,2025.1.1,59.80621589926061,2025-10-01 20h32.39.360764 +0530,
-50,x,104,0,26,c,0,0.3639911000000211,None,26,0,104,0,,,,,290.1162381000004,,290.10096840000006,290.1162381000004,291.0992567000003,291.0992567000003,291.0992567000003,291.0992567000003,291.11612220000006,292.0997024999997,292.0997024999997,292.4666051000004,c,0,0.3639911000000211,None,,,,,par_3_mtr_seq,001,2025-10-01_20h32.23.763,untitled,,2025.1.1,59.80621589926061,2025-10-01 20h32.39.360764 +0530,
150,v,105,1,26,v,1,0.3423284999998941,None,26,1,105,1,,,,,292.4826555999998,,292.46707030000016,292.4826555999998,293.46627350000017,293.46627350000017,293.46627350000017,293.46627350000017,293.48277210000015,294.4659367000004,294.4659367000004,294.81706719999966,v,1,0.3423284999998941,None,,,,,par_3_mtr_seq,001,2025-10-01_20h32.23.763,untitled,,2025.1.1,59.80621589926061,2025-10-01 20h32.39.360764 +0530,
50,c,106,2,26,c,1,0.3374063000001115,None,26,2,106,2,,,,,294.8329769000002,,294.81761970000025,294.8329769000002,295.8161272999996,295.8161272999996,295.8161272999996,295.8161272999996,295.83300959999997,296.8161874999996,296.8161874999996,297.16675719999967,c,1,0.3374063000001115,None,,,,,par_3_mtr_seq,001,2025-10-01_20h32.23.763,untitled,,2025.1.1,59.80621589926061,2025-10-01 20h32.39.360764 +0530,
-150,z,107,3,26,z,1,1.151346999999987,None,26,3,107,3,,,,,297.18289209999966,,297.16723769999953,297.18289209999966,298.1663123999997,298.1663123999997,298.1663123999997,298.1663123999997,298.18280369999957,299.16651829999955,299.16651829999955,300.33365739999954,z,1,1.151346999999987,None,,,,,par_3_mtr_seq,001,2025-10-01_20h32.23.763,untitled,,2025.1.1,59.80621589926061,2025-10-01 20h32.39.360764 +0530,
-50,x,108,0,27,x,1,1.1090979999999035,None,27,0,108,0,,,,,300.3494271999998,,300.3341897999999,300.3494271999998,301.33307030000014,301.33307030000014,301.33307030000014,301.33307030000014,301.34974580000016,302.33277720000024,302.33277720000024,303.4500293000001,x,1,1.1090979999999035,None,,,,,par_3_mtr_seq,001,2025-10-01_20h32.23.763,untitled,,2025.1.1,59.80621589926061,2025-10-01 20h32.39.360764 +0530,
150,v,109,1,27,v,1,0.4254840999992666,None,27,1,109,1,,,,,303.4662546999998,,303.4504621999995,303.4662546999998,304.44962570000007,304.44962570000007,304.44962570000007,304.44962570000007,304.4662011999999,305.44965299999967,305.44965299999967,305.88323560000026,v,1,0.4254840999992666,None,,,,,par_3_mtr_seq,001,2025-10-01_20h32.23.763,untitled,,2025.1.1,59.80621589926061,2025-10-01 20h32.39.360764 +0530,
50,c,110,2,27,c,1,0.5764977999997427,None,27,2,110,2,,,,,305.8996052000002,,305.8837690999999,305.8996052000002,306.8828738000002,306.8828738000002,306.8828738000002,306.8828738000002,306.89964619999955,307.8828758999998,307.8828758999998,308.46658060000027,c,1,0.5764977999997427,None,,,,,par_3_mtr_seq,001,2025-10-01_20h32.23.763,untitled,,2025.1.1,59.80621589926061,2025-10-01 20h32.39.360764 +0530,
-150,z,111,3,27,z,1,0.27469509999991715,None,27,3,111,3,,,,,308.48289449999993,,308.4671067999998,308.48289449999993,309.4661006999995,309.4661006999995,309.4661006999995,309.4661006999995,309.4828631999999,310.4664512999998,310.4664512999998,310.75037059999977,z,1,0.27469509999991715,None,,,,,par_3_mtr_seq,001,2025-10-01_20h32.23.763,untitled,,2025.1.1,59.80621589926061,2025-10-01 20h32.39.360764 +0530,
-50,x,112,0,28,x,1,1.0599564999993163,None,28,0,112,0,,,,,310.76628119999987,,310.75088510000023,310.76628119999987,311.7503840999998,311.7503840999998,311.7503840999998,311.7503840999998,311.7662471000003,312.74934479999956,312.74934479999956,313.81704979999995,x,1,1.0599564999993163,None,,,,,par_3_mtr_seq,001,2025-10-01_20h32.23.763,untitled,,2025.1.1,59.80621589926061,2025-10-01 20h32.39.360764 +0530,
150,v,113,1,28,v,1,0.7726408999997147,None,28,1,113,1,,,,,313.8336964,,313.8175497000002,313.8336964,314.8162708,314.8162708,314.8162708,314.8162708,314.8331698000002,315.81627560000015,315.81627560000015,316.60031789999994,v,1,0.7726408999997147,None,,,,,par_3_mtr_seq,001,2025-10-01_20h32.23.763,untitled,,2025.1.1,59.80621589926061,2025-10-01 20h32.39.360764 +0530,
50,c,114,2,28,c,1,0.36009390000072017,None,28,2,114,2,,,,,316.61634609999965,,316.6008849,316.61634609999965,317.5996196999995,317.5996196999995,317.5996196999995,317.5996196999995,317.61635279999973,318.59961010000006,318.59961010000006,318.9669799000003,c,1,0.36009390000072017,None,,,,,par_3_mtr_seq,001,2025-10-01_20h32.23.763,untitled,,2025.1.1,59.80621589926061,2025-10-01 20h32.39.360764 +0530,
-150,z,115,3,28,z,1,0.5020449999992707,None,28,3,115,3,,,,,318.9831444000001,,318.9675036999997,318.9831444000001,319.9662902,319.9662902,319.9662902,319.9662902,319.9830879000001,320.96636390000003,320.96636390000003,321.4837563000001,z,1,0.5020449999992707,None,,,,,par_3_mtr_seq,001,2025-10-01_20h32.23.763,untitled,,2025.1.1,59.80621589926061,2025-10-01 20h32.39.360764 +0530,
-50,x,116,0,29,x,1,0.28145580000000336,None,29,0,116,0,,,,,321.4998317999998,,321.48418219999985,321.4998317999998,322.48284069999954,322.48284069999954,322.48284069999954,322.48284069999954,322.50034609999966,323.4829501000004,323.4829501000004,323.76788450000004,x,1,0.28145580000000336,None,,,,,par_3_mtr_seq,001,2025-10-01_20h32.23.763,untitled,,2025.1.1,59.80621589926061,2025-10-01 20h32.39.360764 +0530,
150,v,117,1,29,v,1,0.33642519999921205,None,29,1,117,1,,,,,323.78283379999993,,323.7683520999999,323.78283379999993,324.78335309999966,324.78335309999966,324.78335309999966,324.78335309999966,324.78335309999966,325.7832890999998,325.7832890999998,326.13346900000033,v,1,0.33642519999921205,None,,,,,par_3_mtr_seq,001,2025-10-01_20h32.23.763,untitled,,2025.1.1,59.80621589926061,2025-10-01 20h32.39.360764 +0530,
50,c,118,2,29,c,1,0.23472119999951246,None,29,2,118,2,,,,,326.15009350000037,,326.13401729999987,326.15009350000037,327.1331033999995,327.1331033999995,327.1331033999995,327.1331033999995,327.1499402999998,328.1330065000002,328.1330065000002,328.3848074999996,c,1,0.23472119999951246,None,,,,,par_3_mtr_seq,001,2025-10-01_20h32.23.763,untitled,,2025.1.1,59.80621589926061,2025-10-01 20h32.39.360764 +0530,
-150,z,119,3,29,z,1,0.29719659999955184,None,29,3,119,3,,,,,328.3995410999996,,328.3852708000004,328.3995410999996,329.3997411999999,329.3997411999999,329.3997411999999,329.3997411999999,329.3997411999999,330.3994419999999,330.3994419999999,330.70020360000035,z,1,0.29719659999955184,None,,,,,par_3_mtr_seq,001,2025-10-01_20h32.23.763,untitled,,2025.1.1,59.80621589926061,2025-10-01 20h32.39.360764 +0530,
-50,x,120,0,30,x,1,0.2675530999995317,None,30,0,120,0,,,,,330.7163719,,330.7006719000001,330.7163719,331.6997610999997,331.6997610999997,331.6997610999997,331.6997610999997,331.71660840000004,332.69999389999975,332.69999389999975,332.98399419999987,x,1,0.2675530999995317,None,,,,,par_3_mtr_seq,001,2025-10-01_20h32.23.763,untitled,,2025.1.1,59.80621589926061,2025-10-01 20h32.39.360764 +0530,
150,v,121,1,30,v,1,0.3196269999998549,None,30,1,121,1,,,,,332.99972809999963,,332.9845188999998,332.99972809999963,333.9831145999997,333.9831145999997,333.9831145999997,333.9831145999997,333.9996834000003,334.99969520000013,334.99969520000013,335.3339054999997,v,1,0.3196269999998549,None,,,,,par_3_mtr_seq,001,2025-10-01_20h32.23.763,untitled,,2025.1.1,59.80621589926061,2025-10-01 20h32.39.360764 +0530,
50,c,122,2,30,c,1,0.26440939999974944,None,30,2,122,2,,,,,335.34957120000036,,335.3344162000003,335.34957120000036,336.3330745000003,336.3330745000003,336.3330745000003,336.3330745000003,336.3496204000003,337.3329834999995,337.3329834999995,337.6002171,c,1,0.26440939999974944,None,,,,,par_3_mtr_seq,001,2025-10-01_20h32.23.763,untitled,,2025.1.1,59.80621589926061,2025-10-01 20h32.39.360764 +0530,
-150,z,123,3,30,z,1,0.3627260000002934,None,30,3,123,3,,,,,337.61721169999964,,337.60066840000036,337.61721169999964,338.59977230000004,338.59977230000004,338.59977230000004,338.59977230000004,338.61736029999975,339.5998790000003,339.5998790000003,339.9687107,z,1,0.3627260000002934,None,,,,,par_3_mtr_seq,001,2025-10-01_20h32.23.763,untitled,,2025.1.1,59.80621589926061,2025-10-01 20h32.39.360764 +0530,
-50,x,124,0,31,x,1,0.42622769999979937,None,31,0,124,0,,,,,339.9831223000001,,339.9692107000001,339.9831223000001,340.98322240000016,340.98322240000016,340.98322240000016,340.98322240000016,340.98322240000016,341.98305770000024,341.98305770000024,342.4164824999998,x,1,0.42622769999979937,None,,,,,par_3_mtr_seq,001,2025-10-01_20h32.23.763,untitled,,2025.1.1,59.80621589926061,2025-10-01 20h32.39.360764 +0530,
150,v,125,1,31,v,1,0.447380599999633,None,31,1,125,1,,,,,342.4330536999996,,342.4169906999996,342.4330536999996,343.4167951999998,343.4167951999998,343.4167951999998,343.4167951999998,343.4330829999999,344.4167526000001,344.4167526000001,344.86706500000037,v,1,0.447380599999633,None,,,,,par_3_mtr_seq,001,2025-10-01_20h32.23.763,untitled,,2025.1.1,59.80621589926061,2025-10-01 20h32.39.360764 +0530,
50,c,126,2,31,c,1,0.9771260000006805,None,31,2,126,2,,,,,344.88308419999976,,344.8675970000004,344.88308419999976,345.86655379999956,345.86655379999956,345.86655379999956,345.86655379999956,345.88325410000016,346.86631620000026,346.86631620000026,347.8502894000003,c,1,0.9771260000006805,None,,,,,par_3_mtr_seq,001,2025-10-01_20h32.23.763,untitled,,2025.1.1,59.80621589926061,2025-10-01 20h32.39.360764 +0530,
-150,z,127,3,31,z,1,0.3401334999998653,None,31,3,127,3,,,,,347.8664756999997,,347.85072130000026,347.8664756999997,348.84979490000023,348.84979490000023,348.84979490000023,348.84979490000023,348.8664319999998,349.84974669999974,349.84974669999974,350.20071610000014,z,1,0.3401334999998653,None,,,,,par_3_mtr_seq,001,2025-10-01_20h32.23.763,untitled,,2025.1.1,59.80621589926061,2025-10-01 20h32.39.360764 +0530,
-50,x,128,0,32,x,1,0.24729759999991074,None,32,0,128,0,,,,,350.21659910000017,,350.20124550000037,350.21659910000017,351.1998983000003,351.1998983000003,351.1998983000003,351.1998983000003,351.2166793999995,352.21631549999984,352.21631549999984,352.4670576999997,x,1,0.24729759999991074,None,,,,,par_3_mtr_seq,001,2025-10-01_20h32.23.763,untitled,,2025.1.1,59.80621589926061,2025-10-01 20h32.39.360764 +0530,
150,v,129,1,32,v,1,0.5719300000000658,None,32,1,129,1,,,,,352.48299469999984,,352.46761270000025,352.48299469999984,353.46642729999985,353.46642729999985,353.46642729999985,353.46642729999985,353.48341830000027,354.4663966999997,354.4663966999997,355.0506022999998,v,1,0.5719300000000658,None,,,,,par_3_mtr_seq,001,2025-10-01_20h32.23.763,untitled,,2025.1.1,59.80621589926061,2025-10-01 20h32.39.360764 +0530,
50,c,130,2,32,c,1,0.43046440000034636,None,32,2,130,2,,,,,355.06659899999977,,355.05109319999974,355.06659899999977,356.0494398999999,356.0494398999999,356.0494398999999,356.0494398999999,356.0665491999998,357.0501967,357.0501967,357.4837183999998,c,1,0.43046440000034636,None,,,,,par_3_mtr_seq,001,2025-10-01_20h32.23.763,untitled,,2025.1.1,59.80621589926061,2025-10-01 20h32.39.360764 +0530,
-150,z,131,3,32,z,1,0.3677103999998508,None,32,3,131,3,,,,,357.50011540000014,,357.4842759000003,357.50011540000014,358.4831727999999,358.4831727999999,358.4831727999999,358.4831727999999,358.5000087999997,359.48315249999996,359.48315249999996,359.86740780000036,z,1,0.3677103999998508,None,,,,,par_3_mtr_seq,001,2025-10-01_20h32.23.763,untitled,,2025.1.1,59.80621589926061,2025-10-01 20h32.39.360764 +0530,
-50,x,132,0,33,x,1,0.3966083000004801,None,33,0,132,0,,,,,359.8833169999998,,359.8679430000002,359.8833169999998,360.8831865000002,360.8831865000002,360.8831865000002,360.8831865000002,360.8831865000002,361.8833027999999,361.8833027999999,362.28466279999975,x,1,0.3966083000004801,None,,,,,par_3_mtr_seq,001,2025-10-01_20h32.23.763,untitled,,2025.1.1,59.80621589926061,2025-10-01 20h32.39.360764 +0530,
150,v,133,1,33,v,1,0.5036367000002429,None,33,1,133,1,,,,,362.2997365000001,,362.2851793,362.2997365000001,363.2999698000003,363.2999698000003,363.2999698000003,363.2999698000003,363.2999698000003,364.29977099999996,364.29977099999996,364.81719369999973,v,1,0.5036367000002429,None,,,,,par_3_mtr_seq,001,2025-10-01_20h32.23.763,untitled,,2025.1.1,59.80621589926061,2025-10-01 20h32.39.360764 +0530,
50,c,134,2,33,c,1,0.24748240000008082,None,33,2,134,2,,,,,364.83366490000026,,364.81772850000016,364.83366490000026,365.8166226000003,365.8166226000003,365.8166226000003,365.8166226000003,365.8334173000003,366.81644890000007,366.81644890000007,367.0670758999995,c,1,0.24748240000008082,None,,,,,par_3_mtr_seq,001,2025-10-01_20h32.23.763,untitled,,2025.1.1,59.80621589926061,2025-10-01 20h32.39.360764 +0530,
-150,z,135,3,33,z,1,0.3599604000000909,None,33,3,135,3,,,,,367.0833026999999,,367.0675220000003,367.0833026999999,368.0668993999998,368.0668993999998,368.0668993999998,368.0668993999998,368.0833094999998,369.0666427999995,369.0666427999995,369.43396870000015,z,1,0.3599604000000909,None,,,,,par_3_mtr_seq,001,2025-10-01_20h32.23.763,untitled,,2025.1.1,59.80621589926061,2025-10-01 20h32.39.360764 +0530,
-50,x,136,0,34,x,1,0.3468262999995204,None,34,0,136,0,,,,,369.44997520000015,,369.4345248999998,369.44997520000015,370.43344030000026,370.43344030000026,370.43344030000026,370.43344030000026,370.44989840000017,371.44962789999954,371.44962789999954,371.8004105,x,1,0.3468262999995204,None,,,,,par_3_mtr_seq,001,2025-10-01_20h32.23.763,untitled,,2025.1.1,59.80621589926061,2025-10-01 20h32.39.360764 +0530,
150,v,137,1,34,v,1,0.9339356999998927,None,34,1,137,1,,,,,371.8175304999995,,371.8008467999998,371.8175304999995,372.7999190999999,372.7999190999999,372.7999190999999,372.7999190999999,372.8168523000004,373.7997183999996,373.7997183999996,374.75069319999966,v,1,0.9339356999998927,None,,,,,par_3_mtr_seq,001,2025-10-01_20h32.23.763,untitled,,2025.1.1,59.80621589926061,2025-10-01 20h32.39.360764 +0530,
50,c,138,2,34,c,1,0.5498352000004161,None,34,2,138,2,,,,,374.76670790000026,,374.75117090000003,374.76670790000026,375.7502542000002,375.7502542000002,375.7502542000002,375.7502542000002,375.76660809999976,376.7500521000002,376.7500521000002,377.3008772000003,c,1,0.5498352000004161,None,,,,,par_3_mtr_seq,001,2025-10-01_20h32.23.763,untitled,,2025.1.1,59.80621589926061,2025-10-01 20h32.39.360764 +0530,
-150,z,139,3,34,z,1,0.31823069999973086,None,34,3,139,3,,,,,377.3166384999995,,377.3013457999996,377.3166384999995,378.2999227,378.2999227,378.2999227,378.2999227,378.31681320000007,379.29977979999967,379.29977979999967,379.6342569999997,z,1,0.31823069999973086,None,,,,,par_3_mtr_seq,001,2025-10-01_20h32.23.763,untitled,,2025.1.1,59.80621589926061,2025-10-01 20h32.39.360764 +0530,
-50,x,140,0,35,x,1,0.2594383999994534,None,35,0,140,0,,,,,379.64957570000024,,379.63480720000007,379.64957570000024,380.6501089000003,380.6501089000003,380.6501089000003,380.6501089000003,380.6501089000003,381.63311220000014,381.63311220000014,381.9003528000003,x,1,0.2594383999994534,None,,,,,par_3_mtr_seq,001,2025-10-01_20h32.23.763,untitled,,2025.1.1,59.80621589926061,2025-10-01 20h32.39.360764 +0530,
150,v,141,1,35,v,1,0.27635019999979704,None,35,1,141,1,,,,,381.9164700000001,,381.9008120999997,381.9164700000001,382.8999838,382.8999838,382.8999838,382.8999838,382.91676579999967,383.89993799999957,383.89993799999957,384.1837992999999,v,1,0.27635019999979704,None,,,,,par_3_mtr_seq,001,2025-10-01_20h32.23.763,untitled,,2025.1.1,59.80621589926061,2025-10-01 20h32.39.360764 +0530,
50,c,142,2,35,c,1,0.30340870000054565,None,35,2,142,2,,,,,384.2000842999996,,384.18433939999977,384.2000842999996,385.18303879999985,385.18303879999985,385.18303879999985,385.18303879999985,385.2000331999998,386.18324029999985,386.18324029999985,386.5006807999998,c,1,0.30340870000054565,None,,,,,par_3_mtr_seq,001,2025-10-01_20h32.23.763,untitled,,2025.1.1,59.80621589926061,2025-10-01 20h32.39.360764 +0530,
-150,z,143,3,35,z,1,0.37562720000005356,None,35,3,143,3,,,,,386.51671350000015,,386.5011652000003,386.51671350000015,387.5166806999996,387.5166806999996,387.5166806999996,387.5166806999996,387.5166806999996,388.5001593999996,388.5001593999996,388.88419799999974,z,1,0.37562720000005356,None,,,,,par_3_mtr_seq,001,2025-10-01_20h32.23.763,untitled,,2025.1.1,59.80621589926061,2025-10-01 20h32.39.360764 +0530,
-50,x,144,0,36,x,1,0.6766117999995913,None,36,0,144,0,,,,,388.9009339000004,,388.88467579999997,388.9009339000004,389.88343350000014,389.88343350000014,389.88343350000014,389.88343350000014,389.8999891000003,390.8833317999997,390.8833317999997,391.56665450000037,x,1,0.6766117999995913,None,,,,,par_3_mtr_seq,001,2025-10-01_20h32.23.763,untitled,,2025.1.1,59.80621589926061,2025-10-01 20h32.39.360764 +0530,
150,v,145,1,36,v,1,1.0012196999996377,None,36,1,145,1,,,,,391.5826274000001,,391.5671462,391.5826274000001,392.5674276,392.5674276,392.5674276,392.5674276,392.58324470000025,393.56667170000037,393.56667170000037,394.58426429999963,v,1,1.0012196999996377,None,,,,,par_3_mtr_seq,001,2025-10-01_20h32.23.763,untitled,,2025.1.1,59.80621589926061,2025-10-01 20h32.39.360764 +0530,
50,c,146,2,36,c,1,0.24947710000014922,None,36,2,146,2,,,,,394.60004670000035,,394.5848189999997,394.60004670000035,395.6000769000002,395.6000769000002,395.6000769000002,395.6000769000002,395.6000769000002,396.58328729999994,396.58328729999994,396.8338083999997,c,1,0.24947710000014922,None,,,,,par_3_mtr_seq,001,2025-10-01_20h32.23.763,untitled,,2025.1.1,59.80621589926061,2025-10-01 20h32.39.360764 +0530,
-150,z,147,3,36,z,1,0.5943701999995028,None,36,3,147,3,,,,,396.8501772999998,,396.8344441999998,396.8501772999998,397.83385009999984,397.83385009999984,397.83385009999984,397.83385009999984,397.8492729999998,398.83341610000025,398.83341610000025,399.4339981000003,z,1,0.5943701999995028,None,,,,,par_3_mtr_seq,001,2025-10-01_20h32.23.763,untitled,,2025.1.1,59.80621589926061,2025-10-01 20h32.39.360764 +0530,
-50,x,148,0,37,x,1,0.2838541000000987,None,37,0,148,0,,,,,399.44937279999976,,399.43452460000026,399.44937279999976,400.45020920000024,400.45020920000024,400.45020920000024,400.45020920000024,400.45020920000024,401.44995180000024,401.44995180000024,401.7502668999996,x,1,0.2838541000000987,None,,,,,par_3_mtr_seq,001,2025-10-01_20h32.23.763,untitled,,2025.1.1,59.80621589926061,2025-10-01 20h32.39.360764 +0530,
150,v,149,1,37,v,1,0.1797911000003296,None,37,1,149,1,,,,,401.76602040000034,,401.75082870000006,401.76602040000034,402.7502985000001,402.7502985000001,402.7502985000001,402.7502985000001,402.7667586999996,403.7499674999999,403.7499674999999,403.9341795,v,1,0.1797911000003296,None,,,,,par_3_mtr_seq,001,2025-10-01_20h32.23.763,untitled,,2025.1.1,59.80621589926061,2025-10-01 20h32.39.360764 +0530,
50,c,150,2,37,c,1,0.2742127999999866,None,37,2,150,2,,,,,403.94933149999997,,403.9346470999999,403.94933149999997,404.9337624,404.9337624,404.9337624,404.9337624,404.9501074,405.9333851000001,405.9333851000001,406.21743849999984,c,1,0.2742127999999866,None,,,,,par_3_mtr_seq,001,2025-10-01_20h32.23.763,untitled,,2025.1.1,59.80621589926061,2025-10-01 20h32.39.360764 +0530,
-150,z,151,3,37,z,1,0.3135277999999744,None,37,3,151,3,,,,,406.2329215,,406.2178680999996,406.2329215,407.2167915,407.2167915,407.2167915,407.2167915,407.2338741000003,408.21719120000034,408.21719120000034,408.53456929999993,z,1,0.3135277999999744,None,,,,,par_3_mtr_seq,001,2025-10-01_20h32.23.763,untitled,,2025.1.1,59.80621589926061,2025-10-01 20h32.39.360764 +0530,
-50,x,152,0,38,x,1,0.3237738999996509,None,38,0,152,0,,,,,408.5498299000001,,408.53511869999966,408.5498299000001,409.5504326999999,409.5504326999999,409.5504326999999,409.5504326999999,409.5504326999999,410.5502537000002,410.5502537000002,410.88373669999964,x,1,0.3237738999996509,None,,,,,par_3_mtr_seq,001,2025-10-01_20h32.23.763,untitled,,2025.1.1,59.80621589926061,2025-10-01 20h32.39.360764 +0530,
150,v,153,1,38,v,1,0.665467400000125,None,38,1,153,1,,,,,410.9006013999997,,410.88426309999977,410.9006013999997,411.88357859999996,411.88357859999996,411.88357859999996,411.88357859999996,411.9000914999997,412.8830803000001,412.8830803000001,413.5507878999997,v,1,0.665467400000125,None,,,,,par_3_mtr_seq,001,2025-10-01_20h32.23.763,untitled,,2025.1.1,59.80621589926061,2025-10-01 20h32.39.360764 +0530,
50,c,154,2,38,c,1,0.22512230000029376,None,38,2,154,2,,,,,413.56616940000004,,413.55130240000017,413.56616940000004,414.5503880999995,414.5503880999995,414.5503880999995,414.5503880999995,414.56771969999954,415.5677270999995,415.5677270999995,415.80060539999977,c,1,0.22512230000029376,None,,,,,par_3_mtr_seq,001,2025-10-01_20h32.23.763,untitled,,2025.1.1,59.80621589926061,2025-10-01 20h32.39.360764 +0530,
-150,z,155,3,38,z,1,0.34748430000036024,None,38,3,155,3,,,,,415.8170148999998,,415.8011618999999,415.8170148999998,416.7998913000001,416.7998913000001,416.7998913000001,416.7998913000001,416.8168330999997,417.80087939999976,417.80087939999976,418.1511996999998,z,1,0.34748430000036024,None,,,,,par_3_mtr_seq,001,2025-10-01_20h32.23.763,untitled,,2025.1.1,59.80621589926061,2025-10-01 20h32.39.360764 +0530,
-50,x,156,0,39,x,1,0.28470689999994647,None,39,0,156,0,,,,,418.1664565000001,,418.1516663000002,418.1664565000001,419.14957270000014,419.14957270000014,419.14957270000014,419.14957270000014,419.16691100000025,420.1669595000003,420.1669595000003,420.4668179999999,x,1,0.28470689999994647,None,,,,,par_3_mtr_seq,001,2025-10-01_20h32.23.763,untitled,,2025.1.1,59.80621589926061,2025-10-01 20h32.39.360764 +0530,
150,v,157,1,39,v,1,0.28870570000071893,None,39,1,157,1,,,,,420.4844678999998,,420.46724749999976,420.4844678999998,421.46734819999983,421.46734819999983,421.46734819999983,421.46734819999983,421.48361079999995,422.4660445999998,422.4660445999998,422.76688060000015,v,1,0.28870570000071893,None,,,,,par_3_mtr_seq,001,2025-10-01_20h32.23.763,untitled,,2025.1.1,59.80621589926061,2025-10-01 20h32.39.360764 +0530,
50,c,158,2,39,c,1,0.2515579999999318,None,39,2,158,2,,,,,422.78288109999994,,422.7673705999996,422.78288109999994,423.76720620000015,423.76720620000015,423.76720620000015,423.76720620000015,423.7834216000001,424.7668457,424.7668457,425.03463159999956,c,1,0.2515579999999318,None,,,,,par_3_mtr_seq,001,2025-10-01_20h32.23.763,untitled,,2025.1.1,59.80621589926061,2025-10-01 20h32.39.360764 +0530,
-150,z,159,3,39,z,1,0.41002930000013293,None,39,3,159,3,,,,,425.04928420000033,,425.03521009999986,425.04928420000033,426.04947699999957,426.04947699999957,426.04947699999957,426.04947699999957,426.04947699999957,427.0342983999999,427.0342983999999,427.4506207000004,z,1,0.41002930000013293,None,,,,,par_3_mtr_seq,001,2025-10-01_20h32.23.763,untitled,,2025.1.1,59.80621589926061,2025-10-01 20h32.39.360764 +0530,
-50,x,160,0,40,x,1,0.39047130000017205,None,40,0,160,0,,,,,427.4663351999998,,427.45113479999964,427.4663351999998,428.4505293000002,428.4505293000002,428.4505293000002,428.4505293000002,428.46680879999985,429.4508536000003,429.4508536000003,429.85095720000027,x,1,0.39047130000017205,None,,,,,par_3_mtr_seq,001,2025-10-01_20h32.23.763,untitled,,2025.1.1,59.80621589926061,2025-10-01 20h32.39.360764 +0530,
150,v,161,1,40,v,1,0.2577666000006502,None,40,1,161,1,,,,,429.8674726999998,,429.8514439999999,429.8674726999998,430.85025190000033,430.85025190000033,430.85025190000033,430.85025190000033,430.8670001999999,431.8508818,431.8508818,432.11866589999954,v,1,0.2577666000006502,None,,,,,par_3_mtr_seq,001,2025-10-01_20h32.23.763,untitled,,2025.1.1,59.80621589926061,2025-10-01 20h32.39.360764 +0530,
50,c,162,2,40,c,1,0.24337310000009893,None,40,2,162,2,,,,,432.1336032999998,,432.1191337999999,432.1336032999998,433.11685529999977,433.11685529999977,433.11685529999977,433.11685529999977,433.1334737999996,434.1337203000003,434.1337203000003,434.38440770000034,c,1,0.24337310000009893,None,,,,,par_3_mtr_seq,001,2025-10-01_20h32.23.763,untitled,,2025.1.1,59.80621589926061,2025-10-01 20h32.39.360764 +0530,
-150,z,163,3,40,z,1,0.31295240000054036,None,40,3,163,3,,,,,434.39999650000027,,434.3849830999998,434.39999650000027,435.3841099000001,435.3841099000001,435.3841099000001,435.3841099000001,435.4002558000002,436.38352940000004,436.38352940000004,436.70144749999963,z,1,0.31295240000054036,None,,,,,par_3_mtr_seq,001,2025-10-01_20h32.23.763,untitled,,2025.1.1,59.80621589926061,2025-10-01 20h32.39.360764 +0530,
-50,x,164,0,41,x,1,0.26507219999984954,None,41,0,164,0,,,,,436.7162449999996,,436.70200019999993,436.7162449999996,437.70112009999957,437.70112009999957,437.70112009999957,437.70112009999957,437.71692110000004,438.7169361999995,438.7169361999995,438.98471229999996,x,1,0.26507219999984954,None,,,,,par_3_mtr_seq,001,2025-10-01_20h32.23.763,untitled,,2025.1.1,59.80621589926061,2025-10-01 20h32.39.360764 +0530,
150,v,165,1,41,v,1,0.22820229999979347,None,41,1,165,1,,,,,438.9994864999999,,438.98520009999993,438.9994864999999,440.0013229999995,440.0013229999995,440.0013229999995,440.0013229999995,440.0013229999995,440.9837126000002,440.9837126000002,441.2180828999999,v,1,0.22820229999979347,None,,,,,par_3_mtr_seq,001,2025-10-01_20h32.23.763,untitled,,2025.1.1,59.80621589926061,2025-10-01 20h32.39.360764 +0530,
50,c,166,2,41,c,1,0.19806830000015907,None,41,2,166,2,,,,,441.23308650000035,,441.21866969999974,441.23308650000035,442.2337201999999,442.2337201999999,442.2337201999999,442.2337201999999,442.2337201999999,443.2336856000002,443.2336856000002,443.43460419999974,c,1,0.19806830000015907,None,,,,,par_3_mtr_seq,001,2025-10-01_20h32.23.763,untitled,,2025.1.1,59.80621589926061,2025-10-01 20h32.39.360764 +0530,
-150,z,167,3,41,z,1,0.37363530000038736,None,41,3,167,3,,,,,443.45034769999984,,443.43512180000016,443.45034769999984,444.43383319999975,444.43383319999975,444.43383319999975,444.43383319999975,444.45051630000034,445.43365040000026,445.43365040000026,445.8178372000002,z,1,0.37363530000038736,None,,,,,par_3_mtr_seq,001,2025-10-01_20h32.23.763,untitled,,2025.1.1,59.80621589926061,2025-10-01 20h32.39.360764 +0530,
-50,x,168,0,42,x,1,0.530570799999623,None,42,0,168,0,,,,,445.83383609999964,,445.81837170000017,445.83383609999964,446.81759369999963,446.81759369999963,446.81759369999963,446.81759369999963,446.83338360000016,447.8338296000002,447.8338296000002,448.36740759999975,x,1,0.530570799999623,None,,,,,par_3_mtr_seq,001,2025-10-01_20h32.23.763,untitled,,2025.1.1,59.80621589926061,2025-10-01 20h32.39.360764 +0530,
150,v,169,1,42,v,1,0.5993010000001959,None,42,1,169,1,,,,,448.38453649999974,,448.3680290000002,448.38453649999974,449.3670559000002,449.3670559000002,449.3670559000002,449.3670559000002,449.38363219999974,450.3670527000004,450.3670527000004,450.9682107999997,v,1,0.5993010000001959,None,,,,,par_3_mtr_seq,001,2025-10-01_20h32.23.763,untitled,,2025.1.1,59.80621589926061,2025-10-01 20h32.39.360764 +0530,
50,c,170,2,42,c,1,0.5659352999991825,None,42,2,170,2,,,,,450.98369679999996,,450.9686964000002,450.98369679999996,451.98454969999966,451.98454969999966,451.98454969999966,451.98454969999966,451.98454969999966,452.9837422999999,452.9837422999999,453.5523113999998,c,1,0.5659352999991825,None,,,,,par_3_mtr_seq,001,2025-10-01_20h32.23.763,untitled,,2025.1.1,59.80621589926061,2025-10-01 20h32.39.360764 +0530,
-150,z,171,3,42,z,1,0.32097429999976157,None,42,3,171,3,,,,,453.5669015000003,,453.5528054999995,453.5669015000003,454.56701369999973,454.56701369999973,454.56701369999973,454.56701369999973,454.56701369999973,455.56710440000006,455.56710440000006,455.9010705999999,z,1,0.32097429999976157,None,,,,,par_3_mtr_seq,001,2025-10-01_20h32.23.763,untitled,,2025.1.1,59.80621589926061,2025-10-01 20h32.39.360764 +0530,
-50,x,172,0,43,x,1,0.709222000000409,None,43,0,172,0,,,,,455.9171728000001,,455.9015889000002,455.9171728000001,456.90092840000034,456.90092840000034,456.90092840000034,456.90092840000034,456.9170199,457.9007267999996,457.9007267999996,458.61740800000007,x,1,0.709222000000409,None,,,,,par_3_mtr_seq,001,2025-10-01_20h32.23.763,untitled,,2025.1.1,59.80621589926061,2025-10-01 20h32.39.360764 +0530,
150,v,173,1,43,v,1,0.2845439000002443,None,43,1,173,1,,,,,458.63406289999966,,458.6179665999998,458.63406289999966,459.61702090000017,459.61702090000017,459.61702090000017,459.61702090000017,459.6339257999998,460.61706479999975,460.61706479999975,460.9178845999995,v,1,0.2845439000002443,None,,,,,par_3_mtr_seq,001,2025-10-01_20h32.23.763,untitled,,2025.1.1,59.80621589926061,2025-10-01 20h32.39.360764 +0530,
50,c,174,2,43,c,1,0.266615799999272,None,43,2,174,2,,,,,460.93355789999987,,460.9184527999996,460.93355789999987,461.91700130000027,461.91700130000027,461.91700130000027,461.91700130000027,461.9337994999996,462.9176531000003,462.9176531000003,463.2011429000004,c,1,0.266615799999272,None,,,,,par_3_mtr_seq,001,2025-10-01_20h32.23.763,untitled,,2025.1.1,59.80621589926061,2025-10-01 20h32.39.360764 +0530,
-150,z,175,3,43,z,1,0.325969399999849,None,43,3,175,3,,,,,463.2170477999998,,463.2016228000002,463.2170477999998,464.2004003000002,464.2004003000002,464.2004003000002,464.2004003000002,464.2170384000001,465.2012519,465.2012519,465.5346288999999,z,1,0.325969399999849,None,,,,,par_3_mtr_seq,001,2025-10-01_20h32.23.763,untitled,,2025.1.1,59.80621589926061,2025-10-01 20h32.39.360764 +0530,
-50,x,176,0,44,x,1,0.2610402999998769,None,44,0,176,0,,,,,465.55055939999966,,465.5351952000001,465.55055939999966,466.5337370999996,466.5337370999996,466.5337370999996,466.5337370999996,466.5510151999997,467.5335554000003,467.5335554000003,467.8013791000003,x,1,0.2610402999998769,None,,,,,par_3_mtr_seq,001,2025-10-01_20h32.23.763,untitled,,2025.1.1,59.80621589926061,2025-10-01 20h32.39.360764 +0530,
150,v,177,1,44,v,1,0.3240043000005244,None,44,1,177,1,,,,,467.81713820000004,,467.80186539999977,467.81713820000004,468.8172956999997,468.8172956999997,468.8172956999997,468.8172956999997,468.8172956999997,469.8004755000002,469.8004755000002,470.1347960000003,v,1,0.3240043000005244,None,,,,,par_3_mtr_seq,001,2025-10-01_20h32.23.763,untitled,,2025.1.1,59.80621589926061,2025-10-01 20h32.39.360764 +0530,
50,c,178,2,44,c,1,0.35020040000017616,None,44,2,178,2,,,,,470.15061929999956,,470.1352665000004,470.15061929999956,471.1339412999996,471.1339412999996,471.1339412999996,471.1339412999996,471.15103799999997,472.1512487,472.1512487,472.51795109999966,c,1,0.35020040000017616,None,,,,,par_3_mtr_seq,001,2025-10-01_20h32.23.763,untitled,,2025.1.1,59.80621589926061,2025-10-01 20h32.39.360764 +0530,
-150,z,179,3,44,z,1,0.8235277999992832,None,44,3,179,3,,,,,472.5330383999999,,472.5184766000002,472.5330383999999,473.5171626000001,473.5171626000001,473.5171626000001,473.5171626000001,473.5340113000002,474.5171436999999,474.5171436999999,475.3512703999995,z,1,0.8235277999992832,None,,,,,par_3_mtr_seq,001,2025-10-01_20h32.23.763,untitled,,2025.1.1,59.80621589926061,2025-10-01 20h32.39.360764 +0530,
-50,x,180,0,45,x,1,0.30115850000038336,None,45,0,180,0,,,,,475.3672211000003,,475.3518320000003,475.3672211000003,476.3669893999995,476.3669893999995,476.3669893999995,476.3669893999995,476.3669893999995,477.3501710999999,477.3501710999999,477.66776759999993,x,1,0.30115850000038336,None,,,,,par_3_mtr_seq,001,2025-10-01_20h32.23.763,untitled,,2025.1.1,59.80621589926061,2025-10-01 20h32.39.360764 +0530,
150,v,181,1,45,v,1,0.8163367999995899,None,45,1,181,1,,,,,477.6846476999999,,477.6682407999997,477.6846476999999,478.6833252999995,478.6833252999995,478.6833252999995,478.6833252999995,478.70001539999976,479.68327709999994,479.68327709999994,480.5007260000002,v,1,0.8163367999995899,None,,,,,par_3_mtr_seq,001,2025-10-01_20h32.23.763,untitled,,2025.1.1,59.80621589926061,2025-10-01 20h32.39.360764 +0530,
50,c,182,2,45,c,1,0.44370990000061283,None,45,2,182,2,,,,,480.51651649999985,,480.50119540000014,480.51651649999985,481.5005921000002,481.5005921000002,481.5005921000002,481.5005921000002,481.51703819999966,482.5008877,482.5008877,482.9513141999996,c,1,0.44370990000061283,None,,,,,par_3_mtr_seq,001,2025-10-01_20h32.23.763,untitled,,2025.1.1,59.80621589926061,2025-10-01 20h32.39.360764 +0530,
-150,z,183,3,45,z,1,0.4374780999996801,None,45,3,183,3,,,,,482.9676166999998,,482.9517844000002,482.9676166999998,483.95046769999954,483.95046769999954,483.95046769999954,483.95046769999954,483.96737440000015,484.9503244999996,484.9503244999996,485.40150110000013,z,1,0.4374780999996801,None,,,,,par_3_mtr_seq,001,2025-10-01_20h32.23.763,untitled,,2025.1.1,59.80621589926061,2025-10-01 20h32.39.360764 +0530,
-50,x,184,0,46,x,1,0.2641186999999263,None,46,0,184,0,,,,,485.41682649999984,,485.4020025,485.41682649999984,486.40051330000006,486.40051330000006,486.40051330000006,486.40051330000006,486.4172794999995,487.40049160000035,487.40049160000035,487.66773529999955,x,1,0.2641186999999263,None,,,,,par_3_mtr_seq,001,2025-10-01_20h32.23.763,untitled,,2025.1.1,59.80621589926061,2025-10-01 20h32.39.360764 +0530,
150,v,185,1,46,v,1,0.3674510000000737,None,46,1,185,1,,,,,487.6838746000003,,487.6681725999997,487.6838746000003,488.6676053000001,488.6676053000001,488.6676053000001,488.6676053000001,488.6838216999995,489.6674173000001,489.6674173000001,490.0509321999998,v,1,0.3674510000000737,None,,,,,par_3_mtr_seq,001,2025-10-01_20h32.23.763,untitled,,2025.1.1,59.80621589926061,2025-10-01 20h32.39.360764 +0530,
50,c,186,2,46,c,1,0.6163457000002381,None,46,2,186,2,,,,,490.06640739999966,,490.05138929999976,490.06640739999966,491.0504971999999,491.0504971999999,491.0504971999999,491.0504971999999,491.0672263999995,492.05043149999983,492.05043149999983,492.66811959999995,c,1,0.6163457000002381,None,,,,,par_3_mtr_seq,001,2025-10-01_20h32.23.763,untitled,,2025.1.1,59.80621589926061,2025-10-01 20h32.39.360764 +0530,
-150,z,187,3,46,z,1,0.31724769999982527,None,46,3,187,3,,,,,492.68401149999954,,492.66860499999984,492.68401149999954,493.6839497000001,493.6839497000001,493.6839497000001,493.6839497000001,493.6839497000001,494.66732890000003,494.66732890000003,495.00159840000015,z,1,0.31724769999982527,None,,,,,par_3_mtr_seq,001,2025-10-01_20h32.23.763,untitled,,2025.1.1,59.80621589926061,2025-10-01 20h32.39.360764 +0530,
-50,x,188,0,47,x,1,0.26939320000019507,None,47,0,188,0,,,,,495.0171881999995,,495.0020303000001,495.0171881999995,496.0170468999995,496.0170468999995,496.0170468999995,496.0170468999995,496.0170468999995,497.01702680000017,497.01702680000017,497.30128869999953,x,1,0.26939320000019507,None,,,,,par_3_mtr_seq,001,2025-10-01_20h32.23.763,untitled,,2025.1.1,59.80621589926061,2025-10-01 20h32.39.360764 +0530,
150,v,189,1,47,v,1,0.8809238000003461,None,47,1,189,1,,,,,497.31746639999983,,497.3017755999999,497.31746639999983,498.3005965000002,498.3005965000002,498.3005965000002,498.3005965000002,498.3173992000002,499.3005777999997,499.3005777999997,500.1843751999995,v,1,0.8809238000003461,None,,,,,par_3_mtr_seq,001,2025-10-01_20h32.23.763,untitled,,2025.1.1,59.80621589926061,2025-10-01 20h32.39.360764 +0530,
50,c,190,2,47,c,1,0.6435347000006004,None,47,2,190,2,,,,,500.2005104,,500.1849026,500.2005104,501.1839914000002,501.1839914000002,501.1839914000002,501.1839914000002,501.2009324999999,502.1837561000002,502.1837561000002,502.8345986000004,c,1,0.6435347000006004,None,,,,,par_3_mtr_seq,001,2025-10-01_20h32.23.763,untitled,,2025.1.1,59.80621589926061,2025-10-01 20h32.39.360764 +0530,
-150,z,191,3,47,z,1,0.4921526999996786,None,47,3,191,3,,,,,502.8505358000002,,502.8351445999997,502.8505358000002,503.8340508000001,503.8340508000001,503.8340508000001,503.8340508000001,503.85064779999993,504.8340331999998,504.8340331999998,505.33495239999957,z,1,0.4921526999996786,None,,,,,par_3_mtr_seq,001,2025-10-01_20h32.23.763,untitled,,2025.1.1,59.80621589926061,2025-10-01 20h32.39.360764 +0530,
-50,x,192,0,48,x,1,0.24861760000021604,None,48,0,192,0,,,,,505.3506883,,505.3354853000001,505.3506883,506.3507939000001,506.3507939000001,506.3507939000001,506.3507939000001,506.3507939000001,507.3509100000001,507.3509100000001,507.6026490000004,x,1,0.24861760000021604,None,,,,,par_3_mtr_seq,001,2025-10-01_20h32.23.763,untitled,,2025.1.1,59.80621589926061,2025-10-01 20h32.39.360764 +0530,
150,v,193,1,48,v,1,0.27953769999930955,None,48,1,193,1,,,,,507.61693790000027,,507.6031143,507.61693790000027,508.6173853999999,508.6173853999999,508.6173853999999,508.6173853999999,508.6173853999999,509.6172854999995,509.6172854999995,509.9018589999996,v,1,0.27953769999930955,None,,,,,par_3_mtr_seq,001,2025-10-01_20h32.23.763,untitled,,2025.1.1,59.80621589926061,2025-10-01 20h32.39.360764 +0530,
50,c,194,2,48,c,1,0.2422974000000977,None,48,2,194,2,,,,,509.91711039999973,,509.90234599999985,509.91711039999973,510.9172497999998,510.9172497999998,510.9172497999998,510.9172497999998,510.9172497999998,511.9173245000002,511.9173245000002,512.1683222000001,c,1,0.2422974000000977,None,,,,,par_3_mtr_seq,001,2025-10-01_20h32.23.763,untitled,,2025.1.1,59.80621589926061,2025-10-01 20h32.39.360764 +0530,
-150,z,195,3,48,z,1,0.8837413000001106,None,48,3,195,3,,,,,512.1838937000002,,512.1687490000004,512.1838937000002,513.1842360999999,513.1842360999999,513.1842360999999,513.1842360999999,513.1842360999999,514.1840338000002,514.1840338000002,515.0848352000003,z,1,0.8837413000001106,None,,,,,par_3_mtr_seq,001,2025-10-01_20h32.23.763,untitled,,2025.1.1,59.80621589926061,2025-10-01 20h32.39.360764 +0530,
-50,x,196,0,49,x,1,0.7190541999998459,None,49,0,196,0,,,,,515.1009494999998,,515.0853598000003,515.1009494999998,516.0841386000002,516.0841386000002,516.0841386000002,516.0841386000002,516.1009131999999,517.0840982999998,517.0840982999998,517.8181477999997,x,1,0.7190541999998459,None,,,,,par_3_mtr_seq,001,2025-10-01_20h32.23.763,untitled,,2025.1.1,59.80621589926061,2025-10-01 20h32.39.360764 +0530,
150,v,197,1,49,v,1,0.7725088000006508,None,49,1,197,1,,,,,517.8345835999999,,517.8186151,517.8345835999999,518.8180543999997,518.8180543999997,518.8180543999997,518.8180543999997,518.8342370999999,519.8173567000003,519.8173567000003,520.6014927999995,v,1,0.7725088000006508,None,,,,,par_3_mtr_seq,001,2025-10-01_20h32.23.763,untitled,,2025.1.1,59.80621589926061,2025-10-01 20h32.39.360764 +0530,
50,c,198,2,49,c,1,0.26659399999971356,None,49,2,198,2,,,,,520.6175489999996,,520.6020391000002,520.6175489999996,521.6008544999995,521.6008544999995,521.6008544999995,521.6008544999995,521.6176959000004,522.6008492999999,522.6008492999999,522.8684696999999,c,1,0.26659399999971356,None,,,,,par_3_mtr_seq,001,2025-10-01_20h32.23.763,untitled,,2025.1.1,59.80621589926061,2025-10-01 20h32.39.360764 +0530,
-150,z,199,3,49,z,1,0.6473987999997917,None,49,3,199,3,,,,,522.8842461000004,,522.8689629999999,522.8842461000004,523.8673876000003,523.8673876000003,523.8673876000003,523.8673876000003,523.8846123000003,524.8672048999997,524.8672048999997,525.5179532000002,z,1,0.6473987999997917,None,,,,,par_3_mtr_seq,001,2025-10-01_20h32.23.763,untitled,,2025.1.1,59.80621589926061,2025-10-01 20h32.39.360764 +0530,
-50,x,0,0,0,x,1,0.7960312000004706,None,,,,,0,0,0,0,525.5344488999999,,525.5257038,525.5344488999999,526.5173877999996,526.5173877999996,526.5173877999996,526.5173877999996,526.5343094999998,527.5172769999999,527.5172769999999,528.3186685999999,,,,,x,1,0.7960312000004706,None,par_3_mtr_seq,001,2025-10-01_20h32.23.763,untitled,,2025.1.1,59.80621589926061,2025-10-01 20h32.39.360764 +0530,
50,c,1,1,0,c,1,0.7477693000000727,None,,,,,0,1,1,2,528.3340070000004,,528.3192122999999,528.3340070000004,529.3340602999997,529.3340602999997,529.3340602999997,529.3340602999997,529.3340602999997,530.3341238000003,530.3341238000003,531.0851494999997,,,,,c,1,0.7477693000000727,None,par_3_mtr_seq,001,2025-10-01_20h32.23.763,untitled,,2025.1.1,59.80621589926061,2025-10-01 20h32.39.360764 +0530,
-150,z,2,2,0,z,1,0.8510673999999199,None,,,,,0,2,2,3,531.1006346000004,,531.0856965000003,531.1006346000004,532.1008400000001,532.1008400000001,532.1008400000001,532.1008400000001,532.1008400000001,533.1011118999995,533.1011118999995,533.9684459999999,,,,,z,1,0.8510673999999199,None,par_3_mtr_seq,001,2025-10-01_20h32.23.763,untitled,,2025.1.1,59.80621589926061,2025-10-01 20h32.39.360764 +0530,
150,v,3,3,0,v,1,0.8624849999996513,None,,,,,0,3,3,1,533.9841423999997,,533.9688991000003,533.9841423999997,534.9840733000001,534.9840733000001,534.9840733000001,534.9840733000001,534.9840733000001,535.9841071999999,535.9841071999999,536.8517159000003,,,,,v,1,0.8624849999996513,None,par_3_mtr_seq,001,2025-10-01_20h32.23.763,untitled,,2025.1.1,59.80621589926061,2025-10-01 20h32.39.360764 +0530,
50,c,4,0,1,c,1,0.7773551000000225,None,,,,,1,0,4,2,536.8672359000002,,536.8522356000003,536.8672359000002,537.8513518999998,537.8513518999998,537.8513518999998,537.8513518999998,537.8675346999999,538.8674803000004,538.8674803000004,539.6516144999996,,,,,c,1,0.7773551000000225,None,par_3_mtr_seq,001,2025-10-01_20h32.23.763,untitled,,2025.1.1,59.80621589926061,2025-10-01 20h32.39.360764 +0530,
150,v,5,1,1,v,1,1.0679790000003777,None,,,,,1,1,5,1,539.6677050999997,,539.6521124000001,539.6677050999997,540.6508182999996,540.6508182999996,540.6508182999996,540.6508182999996,540.6677910999997,541.6507811000001,541.6507811000001,542.7348603,,,,,v,1,1.0679790000003777,None,par_3_mtr_seq,001,2025-10-01_20h32.23.763,untitled,,2025.1.1,59.80621589926061,2025-10-01 20h32.39.360764 +0530,
-50,x,6,2,1,x,1,0.879190199999357,None,,,,,1,2,6,0,542.7508970999997,,542.7353292999996,542.7508970999997,543.7341237999999,543.7341237999999,543.7341237999999,543.7341237999999,543.7508715000004,544.7341931000001,544.7341931000001,545.6185643999997,,,,,x,1,0.879190199999357,None,par_3_mtr_seq,001,2025-10-01_20h32.23.763,untitled,,2025.1.1,59.80621589926061,2025-10-01 20h32.39.360764 +0530,
-150,z,7,3,1,z,1,0.8972106999999596,None,,,,,1,3,7,3,545.6338167000004,,545.6191136999996,545.6338167000004,546.6176379999997,546.6176379999997,546.6176379999997,546.6176379999997,546.6346377,547.6343617000002,547.6343617000002,548.5347828000004,,,,,z,1,0.8972106999999596,None,par_3_mtr_seq,001,2025-10-01_20h32.23.763,untitled,,2025.1.1,59.80621589926061,2025-10-01 20h32.39.360764 +0530,
-150,z,8,0,2,z,1,0.8226214000005712,None,,,,,2,0,8,3,548.5512271999996,,548.5353452999998,548.5512271999996,549.5342861999998,549.5342861999998,549.5342861999998,549.5342861999998,549.5513340999996,550.5342186999997,550.5342186999997,551.3682969000001,,,,,z,1,0.8226214000005712,None,par_3_mtr_seq,001,2025-10-01_20h32.23.763,untitled,,2025.1.1,59.80621589926061,2025-10-01 20h32.39.360764 +0530,
-50,x,9,1,2,x,1,0.5502787999994325,None,,,,,2,1,9,0,551.3842676000004,,551.3688542999998,551.3842676000004,552.3675653999999,552.3675653999999,552.3675653999999,552.3675653999999,552.3842969999996,553.3674809000004,553.3674809000004,553.9186029000002,,,,,x,1,0.5502787999994325,None,par_3_mtr_seq,001,2025-10-01_20h32.23.763,untitled,,2025.1.1,59.80621589926061,2025-10-01 20h32.39.360764 +0530,
150,v,10,2,2,v,1,0.8563933000004909,None,,,,,2,2,10,1,553.9351084,,553.9191091000002,553.9351084,554.9344498,554.9344498,554.9344498,554.9344498,554.9344498,555.9341697,555.9341697,556.8018678999997,,,,,v,1,0.8563933000004909,None,par_3_mtr_seq,001,2025-10-01_20h32.23.763,untitled,,2025.1.1,59.80621589926061,2025-10-01 20h32.39.360764 +0530,
50,c,11,3,2,c,1,0.3052806999994573,None,,,,,2,3,11,2,556.8176360999996,,556.8024097999996,556.8176360999996,557.8012860999997,557.8012860999997,557.8012860999997,557.8012860999997,557.8175080999999,558.8010206999998,558.8010206999998,559.1183259999998,,,,,c,1,0.3052806999994573,None,par_3_mtr_seq,001,2025-10-01_20h32.23.763,untitled,,2025.1.1,59.80621589926061,2025-10-01 20h32.39.360764 +0530,
-50,x,12,0,3,x,1,0.6805037000003722,None,,,,,3,0,12,0,559.1343711999998,,559.1188923,559.1343711999998,560.1178110999999,560.1178110999999,560.1178110999999,560.1178110999999,560.1340603999997,561.1183500999996,561.1183500999996,561.8017573999996,,,,,x,1,0.6805037000003722,None,par_3_mtr_seq,001,2025-10-01_20h32.23.763,untitled,,2025.1.1,59.80621589926061,2025-10-01 20h32.39.360764 +0530,
150,v,13,1,3,v,1,1.0538120000001072,None,,,,,3,1,13,1,561.8176651000003,,561.8023069000001,561.8176651000003,562.8010054999995,562.8010054999995,562.8010054999995,562.8010054999995,562.8176526999996,563.800972,563.800972,564.8687497000001,,,,,v,1,1.0538120000001072,None,par_3_mtr_seq,001,2025-10-01_20h32.23.763,untitled,,2025.1.1,59.80621589926061,2025-10-01 20h32.39.360764 +0530,
50,c,14,2,3,c,1,0.9817782000000079,None,,,,,3,2,14,2,564.8842007000003,,564.8692944000004,564.8842007000003,565.8842520999997,565.8842520999997,565.8842520999997,565.8842520999997,565.8842520999997,566.8834674,566.8834674,567.8683033999996,,,,,c,1,0.9817782000000079,None,par_3_mtr_seq,001,2025-10-01_20h32.23.763,untitled,,2025.1.1,59.80621589926061,2025-10-01 20h32.39.360764 +0530,
-150,z,15,3,3,z,1,0.7663936000008107,None,,,,,3,3,15,3,567.8838797999997,,567.8687842999998,567.8838797999997,568.8678479,568.8678479,568.8678479,568.8678479,568.8843987,569.8677981999999,569.8677981999999,570.6353908000001,,,,,z,1,0.7663936000008107,None,par_3_mtr_seq,001,2025-10-01_20h32.23.763,untitled,,2025.1.1,59.80621589926061,2025-10-01 20h32.39.360764 +0530,
-50,x,16,0,4,x,1,0.39291789999970206,None,,,,,4,0,16,0,570.6512002999998,,570.6358770999996,570.6512002999998,571.6341608000002,571.6341608000002,571.6341608000002,571.6341608000002,571.6511885,572.6355283000003,572.6355283000003,573.0352507999996,,,,,x,1,0.39291789999970206,None,par_3_mtr_seq,001,2025-10-01_20h32.23.763,untitled,,2025.1.1,59.80621589926061,2025-10-01 20h32.39.360764 +0530,
-150,z,17,1,4,z,1,0.7439551999996183,None,,,,,4,1,17,3,573.0511009000002,,573.0357871999995,573.0511009000002,574.0509936999997,574.0509936999997,574.0509936999997,574.0509936999997,574.0509936999997,575.0345690000004,575.0345690000004,575.7852090999995,,,,,z,1,0.7439551999996183,None,par_3_mtr_seq,001,2025-10-01_20h32.23.763,untitled,,2025.1.1,59.80621589926061,2025-10-01 20h32.39.360764 +0530,
50,c,18,2,4,c,1,0.7557741000000533,None,,,,,4,2,18,2,575.8013528000001,,575.7856860000002,575.8013528000001,576.7843486000002,576.7843486000002,576.7843486000002,576.7843486000002,576.8011796000001,577.7843434999995,577.7843434999995,578.5515779999996,,,,,c,1,0.7557741000000533,None,par_3_mtr_seq,001,2025-10-01_20h32.23.763,untitled,,2025.1.1,59.80621589926061,2025-10-01 20h32.39.360764 +0530,
150,v,19,3,4,v,1,0.7873424999997951,None,,,,,4,3,19,1,578.5678429999998,,578.5520316000002,578.5678429999998,579.5509523999999,579.5509523999999,579.5509523999999,579.5509523999999,579.5677864999998,580.5510420999999,580.5510420999999,581.3519816999997,,,,,v,1,0.7873424999997951,None,par_3_mtr_seq,001,2025-10-01_20h32.23.763,untitled,,2025.1.1,59.80621589926061,2025-10-01 20h32.39.360764 +0530,
-150,z,20,0,5,z,1,0.8286761999997907,None,,,,,5,0,20,3,581.3675837999999,,581.3525320999997,581.3675837999999,582.3684672999998,582.3684672999998,582.3684672999998,582.3684672999998,582.3684672999998,583.3712717999997,583.3712717999997,584.2019432999996,,,,,z,1,0.8286761999997907,None,par_3_mtr_seq,001,2025-10-01_20h32.23.763,untitled,,2025.1.1,59.80621589926061,2025-10-01 20h32.39.360764 +0530,
50,c,21,1,5,c,1,1.047668000000158,None,,,,,5,1,21,2,584.2177682000001,,584.2024442000002,584.2177682000001,585.2178028999997,585.2178028999997,585.2178028999997,585.2178028999997,585.2178028999997,586.2011658000001,586.2011658000001,587.2515769000001,,,,,c,1,1.047668000000158,None,par_3_mtr_seq,001,2025-10-01_20h32.23.763,untitled,,2025.1.1,59.80621589926061,2025-10-01 20h32.39.360764 +0530,
-50,x,22,2,5,x,1,0.5657929999997577,None,,,,,5,2,22,0,587.2678380999996,,587.2520234000003,587.2678380999996,588.2510368000003,588.2510368000003,588.2510368000003,588.2510368000003,588.2677377999998,589.2512958999996,589.2512958999996,589.8359541999998,,,,,x,1,0.5657929999997577,None,par_3_mtr_seq,001,2025-10-01_20h32.23.763,untitled,,2025.1.1,59.80621589926061,2025-10-01 20h32.39.360764 +0530,
150,v,23,3,5,v,1,0.8627624000000651,None,,,,,5,3,23,1,589.8508107999996,,589.8364351999999,589.8508107999996,590.8511600000002,590.8511600000002,590.8511600000002,590.8511600000002,590.8511600000002,591.8511771000003,591.8511771000003,592.7214372999997,,,,,v,1,0.8627624000000651,None,par_3_mtr_seq,001,2025-10-01_20h32.23.763,untitled,,2025.1.1,59.80621589926061,2025-10-01 20h32.39.360764 +0530,
-50,x,24,0,6,x,1,0.8336116000000402,None,,,,,6,0,24,0,592.7346478999998,,592.7220428,592.7346478999998,593.7344006000003,593.7344006000003,593.7344006000003,593.7344006000003,593.7344006000003,594.7343490000003,594.7343490000003,595.5856194999997,,,,,x,1,0.8336116000000402,None,par_3_mtr_seq,001,2025-10-01_20h32.23.763,untitled,,2025.1.1,59.80621589926061,2025-10-01 20h32.39.360764 +0530,
50,c,25,1,6,c,1,0.8971923999997671,None,,,,,6,1,25,2,595.6009296000002,,595.5861901999997,595.6009296000002,596.6010583999996,596.6010583999996,596.6010583999996,596.6010583999996,596.6010583999996,597.6011527000001,597.6011527000001,598.5017979000004,,,,,c,1,0.8971923999997671,None,par_3_mtr_seq,001,2025-10-01_20h32.23.763,untitled,,2025.1.1,59.80621589926061,2025-10-01 20h32.39.360764 +0530,
-150,z,26,2,6,z,1,0.7459927999998399,None,,,,,6,2,26,3,598.5176156999996,,598.5022546999999,598.5176156999996,599.5011124000002,599.5011124000002,599.5011124000002,599.5011124000002,599.5178942000002,600.5013799999997,600.5013799999997,601.2524413000001,,,,,z,1,0.7459927999998399,None,par_3_mtr_seq,001,2025-10-01_20h32.23.763,untitled,,2025.1.1,59.80621589926061,2025-10-01 20h32.39.360764 +0530,
150,v,27,3,6,v,1,0.8165965999996843,None,,,,,6,3,27,1,601.2679840000001,,601.2529223000001,601.2679840000001,602.2508454999997,602.2508454999997,602.2508454999997,602.2508454999997,602.2681850999998,603.2678090999998,603.2678090999998,604.0855266999997,,,,,v,1,0.8165965999996843,None,par_3_mtr_seq,001,2025-10-01_20h32.23.763,untitled,,2025.1.1,59.80621589926061,2025-10-01 20h32.39.360764 +0530,
50,c,28,0,7,c,1,0.749860400000216,None,,,,,7,0,28,2,604.1010133,,604.0860111000002,604.1010133,605.1013407999999,605.1013407999999,605.1013407999999,605.1013407999999,605.1013407999999,606.1013509000004,606.1013509000004,606.8520261000003,,,,,c,1,0.749860400000216,None,par_3_mtr_seq,001,2025-10-01_20h32.23.763,untitled,,2025.1.1,59.80621589926061,2025-10-01 20h32.39.360764 +0530,
-50,x,29,1,7,x,1,0.7355267000002641,None,,,,,7,1,29,0,606.8679371999997,,606.8525258999998,606.8679371999997,607.8510837000003,607.8510837000003,607.8510837000003,607.8510837000003,607.8679051999998,608.8513210000001,608.8513210000001,609.6020482000004,,,,,x,1,0.7355267000002641,None,par_3_mtr_seq,001,2025-10-01_20h32.23.763,untitled,,2025.1.1,59.80621589926061,2025-10-01 20h32.39.360764 +0530,
150,v,30,2,7,v,1,0.8957651999999143,None,,,,,7,2,30,1,609.6181998000002,,609.6025956000003,609.6181998000002,610.6012279999995,610.6012279999995,610.6012279999995,610.6012279999995,610.6179536999998,611.6011618000002,611.6011618000002,612.5030807000003,,,,,v,1,0.8957651999999143,None,par_3_mtr_seq,001,2025-10-01_20h32.23.763,untitled,,2025.1.1,59.80621589926061,2025-10-01 20h32.39.360764 +0530,
-150,z,31,3,7,z,1,0.5638269000000946,None,,,,,7,3,31,3,612.517605,,612.5035921999997,612.517605,613.5177829000004,613.5177829000004,613.5177829000004,613.5177829000004,613.5177829000004,614.5179165,614.5179165,615.0851518999998,,,,,z,1,0.5638269000000946,None,par_3_mtr_seq,001,2025-10-01_20h32.23.763,untitled,,2025.1.1,59.80621589926061,2025-10-01 20h32.39.360764 +0530,
50,c,32,0,8,c,1,0.32955760000004375,None,,,,,8,0,32,2,615.1013191000002,,615.0857297000002,615.1013191000002,616.0841798000001,616.0841798000001,616.0841798000001,616.0841798000001,616.1007680000002,617.0846066000004,617.0846066000004,617.4180999999999,,,,,c,1,0.32955760000004375,None,par_3_mtr_seq,001,2025-10-01_20h32.23.763,untitled,,2025.1.1,59.80621589926061,2025-10-01 20h32.39.360764 +0530,
150,v,33,1,8,v,1,0.5670085000001563,None,,,,,8,1,33,1,617.4346316000001,,617.4185711,617.4346316000001,618.4174122000004,618.4174122000004,618.4174122000004,618.4174122000004,618.4350230999999,619.4179015999998,619.4179015999998,620.0011652000003,,,,,v,1,0.5670085000001563,None,par_3_mtr_seq,001,2025-10-01_20h32.23.763,untitled,,2025.1.1,59.80621589926061,2025-10-01 20h32.39.360764 +0530,
-50,x,34,2,8,x,1,0.3716688999993494,None,,,,,8,2,34,0,620.0177746999998,,620.0017049999997,620.0177746999998,621.0012028000001,621.0012028000001,621.0012028000001,621.0012028000001,621.0178348,622.0016016,622.0016016,622.3849835000001,,,,,x,1,0.3716688999993494,None,par_3_mtr_seq,001,2025-10-01_20h32.23.763,untitled,,2025.1.1,59.80621589926061,2025-10-01 20h32.39.360764 +0530,
-150,z,35,3,8,z,1,0.5230050999998639,None,,,,,8,3,35,3,622.4013009999999,,622.3854684999997,622.4013009999999,623.3844954999995,623.3844954999995,623.3844954999995,623.3844954999995,623.4017418000003,624.3848520000001,624.3848520000001,624.9188757000002,,,,,z,1,0.5230050999998639,None,par_3_mtr_seq,001,2025-10-01_20h32.23.763,untitled,,2025.1.1,59.80621589926061,2025-10-01 20h32.39.360764 +0530,
-150,z,36,0,9,z,1,0.7275515000001178,None,,,,,9,0,36,3,624.9342606999999,,624.9193335999998,624.9342606999999,625.9178767000003,625.9178767000003,625.9178767000003,625.9178767000003,625.9348592999995,626.9348355000002,626.9348355000002,627.6690766000002,,,,,z,1,0.7275515000001178,None,par_3_mtr_seq,001,2025-10-01_20h32.23.763,untitled,,2025.1.1,59.80621589926061,2025-10-01 20h32.39.360764 +0530,
150,v,37,1,9,v,1,0.7200535000001764,None,,,,,9,1,37,1,627.6845686999995,,627.6696388,627.6845686999995,628.6847768999996,628.6847768999996,628.6847768999996,628.6847768999996,628.6847768999996,629.6683686999995,629.6683686999995,630.4030751999999,,,,,v,1,0.7200535000001764,None,par_3_mtr_seq,001,2025-10-01_20h32.23.763,untitled,,2025.1.1,59.80621589926061,2025-10-01 20h32.39.360764 +0530,
50,c,38,2,9,c,1,0.40067999999973836,None,,,,,9,2,38,2,630.4178553000002,,630.4035530000001,630.4178553000002,631.4180747,631.4180747,631.4180747,631.4180747,631.4180747,632.4181433000003,632.4181433000003,632.8350781999998,,,,,c,1,0.40067999999973836,None,par_3_mtr_seq,001,2025-10-01_20h32.23.763,untitled,,2025.1.1,59.80621589926061,2025-10-01 20h32.39.360764 +0530,
-50,x,39,3,9,x,1,0.46060710000074323,None,,,,,9,3,39,0,632.8504985,,632.8356358999999,632.8504985,633.8347726000002,633.8347726000002,633.8347726000002,633.8347726000002,633.8514034,634.8346087999998,634.8346087999998,635.3018541000001,,,,,x,1,0.46060710000074323,None,par_3_mtr_seq,001,2025-10-01_20h32.23.763,untitled,,2025.1.1,59.80621589926061,2025-10-01 20h32.39.360764 +0530,
150,v,40,0,10,v,1,0.8431144999995013,None,,,,,10,0,40,1,635.3181769000003,,635.3023217999998,635.3181769000003,636.3014492000002,636.3014492000002,636.3014492000002,636.3014492000002,636.3180454000003,637.3013362000002,637.3013362000002,638.1518711999997,,,,,v,1,0.8431144999995013,None,par_3_mtr_seq,001,2025-10-01_20h32.23.763,untitled,,2025.1.1,59.80621589926061,2025-10-01 20h32.39.360764 +0530,
-50,x,41,1,10,x,1,0.4865901999992275,None,,,,,10,1,41,0,638.1677317000003,,638.152677,638.1677317000003,639.151089,639.151089,639.151089,639.151089,639.1678203000001,640.1516490000004,640.1516490000004,640.6525476999996,,,,,x,1,0.4865901999992275,None,par_3_mtr_seq,001,2025-10-01_20h32.23.763,untitled,,2025.1.1,59.80621589926061,2025-10-01 20h32.39.360764 +0530,
50,c,42,2,10,c,1,0.6062332999999853,None,,,,,10,2,42,2,640.6677105999997,,640.6530322999997,640.6677105999997,641.6680501000001,641.6680501000001,641.6680501000001,641.6680501000001,641.6680501000001,642.6679695000003,642.6679695000003,643.2854312,,,,,c,1,0.6062332999999853,None,par_3_mtr_seq,001,2025-10-01_20h32.23.763,untitled,,2025.1.1,59.80621589926061,2025-10-01 20h32.39.360764 +0530,
-150,z,43,3,10,z,1,0.7109836999998151,None,,,,,10,3,43,3,643.3014666999998,,643.2858760999998,643.3014666999998,644.2846604999995,644.2846604999995,644.2846604999995,644.2846604999995,644.3016699999998,645.2844707000004,645.2844707000004,646.002254,,,,,z,1,0.7109836999998151,None,par_3_mtr_seq,001,2025-10-01_20h32.23.763,untitled,,2025.1.1,59.80621589926061,2025-10-01 20h32.39.360764 +0530,
-50,x,44,0,11,x,1,0.8346795999996175,None,,,,,11,0,44,0,646.0180232000002,,646.0027584999998,646.0180232000002,647.0181180999998,647.0181180999998,647.0181180999998,647.0181180999998,647.0181180999998,648.0011604000001,648.0011604000001,648.8522383999998,,,,,x,1,0.8346795999996175,None,par_3_mtr_seq,001,2025-10-01_20h32.23.763,untitled,,2025.1.1,59.80621589926061,2025-10-01 20h32.39.360764 +0530,
50,c,45,1,11,c,1,0.417435000000296,None,,,,,11,1,45,2,648.8680818000003,,648.8528055999996,648.8680818000003,649.8513397999996,649.8513397999996,649.8513397999996,649.8513397999996,649.8678650000002,650.8516159999999,650.8516159999999,651.2853149000002,,,,,c,1,0.417435000000296,None,par_3_mtr_seq,001,2025-10-01_20h32.23.763,untitled,,2025.1.1,59.80621589926061,2025-10-01 20h32.39.360764 +0530,
-150,z,46,2,11,z,1,0.8193740999995498,None,,,,,11,2,46,3,651.3014426,,651.2857997000001,651.3014426,652.2847251000003,652.2847251000003,652.2847251000003,652.2847251000003,652.301512,653.2843767000004,653.2843767000004,654.1187737,,,,,z,1,0.8193740999995498,None,par_3_mtr_seq,001,2025-10-01_20h32.23.763,untitled,,2025.1.1,59.80621589926061,2025-10-01 20h32.39.360764 +0530,
150,v,47,3,11,v,1,0.767100300000493,None,,,,,11,3,47,1,654.1348185999996,,654.1192559000001,654.1348185999996,655.1179333999999,655.1179333999999,655.1179333999999,655.1179333999999,655.1349317000004,656.1181015000002,656.1181015000002,656.9022618999998,,,,,v,1,0.767100300000493,None,par_3_mtr_seq,001,2025-10-01_20h32.23.763,untitled,,2025.1.1,59.80621589926061,2025-10-01 20h32.39.360764 +0530,
50,c,48,0,12,c,1,0.5245917000002009,None,,,,,12,0,48,2,656.9189273000002,,656.9028056999996,656.9189273000002,657.9013197000004,657.9013197000004,657.9013197000004,657.9013197000004,657.9178288000003,658.9014003000002,658.9014003000002,659.4354201999995,,,,,c,1,0.5245917000002009,None,par_3_mtr_seq,001,2025-10-01_20h32.23.763,untitled,,2025.1.1,59.80621589926061,2025-10-01 20h32.39.360764 +0530,
-150,z,49,1,12,z,1,0.41831550000006246,None,,,,,12,1,49,3,659.4515214000003,,659.4359432000001,659.4515214000003,660.4350646000003,660.4350646000003,660.4350646000003,660.4350646000003,660.4514141,661.451427,661.451427,661.8848079999998,,,,,z,1,0.41831550000006246,None,par_3_mtr_seq,001,2025-10-01_20h32.23.763,untitled,,2025.1.1,59.80621589926061,2025-10-01 20h32.39.360764 +0530,
-50,x,50,2,12,x,1,0.30580819999977393,None,,,,,12,2,50,0,661.9014711,,661.8853455999997,661.9014711,662.8848680000001,662.8848680000001,662.8848680000001,662.8848680000001,662.9015100999995,663.8847827,663.8847827,664.2022292000001,,,,,x,1,0.30580819999977393,None,par_3_mtr_seq,001,2025-10-01_20h32.23.763,untitled,,2025.1.1,59.80621589926061,2025-10-01 20h32.39.360764 +0530,
150,v,51,3,12,v,1,0.8353804000007585,None,,,,,12,3,51,1,664.2184113000003,,664.2027668999999,664.2184113000003,665.2014595999999,665.2014595999999,665.2014595999999,665.2014595999999,665.2183898000003,666.2014884,666.2014884,667.0521753000003,,,,,v,1,0.8353804000007585,None,par_3_mtr_seq,001,2025-10-01_20h32.23.763,untitled,,2025.1.1,59.80621589926061,2025-10-01 20h32.39.360764 +0530,
50,c,52,0,13,c,1,0.2528175999996165,None,,,,,13,0,52,2,667.0682020000004,,667.0526576000002,667.0682020000004,668.0516772999999,668.0516772999999,668.0516772999999,668.0516772999999,668.0679289999998,669.0514936999998,669.0514936999998,669.3191035,,,,,c,1,0.2528175999996165,None,par_3_mtr_seq,001,2025-10-01_20h32.23.763,untitled,,2025.1.1,59.80621589926061,2025-10-01 20h32.39.360764 +0530,
-50,x,53,1,13,x,1,0.597378800000115,None,,,,,13,1,53,0,669.3347789999998,,669.3196969,669.3347789999998,670.3183621999997,670.3183621999997,670.3183621999997,670.3183621999997,670.334777,671.3348588999997,671.3348588999997,671.9353715999996,,,,,x,1,0.597378800000115,None,par_3_mtr_seq,001,2025-10-01_20h32.23.763,untitled,,2025.1.1,59.80621589926061,2025-10-01 20h32.39.360764 +0530,
-150,z,54,2,13,z,1,0.3973078999997597,None,,,,,13,2,54,3,671.9516207999995,,671.9358468,671.9516207999995,672.9348737999999,672.9348737999999,672.9348737999999,672.9348737999999,672.9515248999996,673.9348817,673.9348817,674.3356508999996,,,,,z,1,0.3973078999997597,None,par_3_mtr_seq,001,2025-10-01_20h32.23.763,untitled,,2025.1.1,59.80621589926061,2025-10-01 20h32.39.360764 +0530,
150,v,55,3,13,v,1,0.7468533000001116,None,,,,,13,3,55,1,674.3514335,,674.3361047999997,674.3514335,675.3350762999999,675.3350762999999,675.3350762999999,675.3350762999999,675.3515132000002,676.3350750999998,676.3350750999998,677.0853637,,,,,v,1,0.7468533000001116,None,par_3_mtr_seq,001,2025-10-01_20h32.23.763,untitled,,2025.1.1,59.80621589926061,2025-10-01 20h32.39.360764 +0530,
-150,z,56,0,14,z,1,0.6184924999997747,None,,,,,14,0,56,3,677.1016209999998,,677.0858041000001,677.1016209999998,678.0848612,678.0848612,678.0848612,678.0848612,678.1015232999998,679.0848371000002,679.0848371000002,679.7190053000004,,,,,z,1,0.6184924999997747,None,par_3_mtr_seq,001,2025-10-01_20h32.23.763,untitled,,2025.1.1,59.80621589926061,2025-10-01 20h32.39.360764 +0530,
50,c,57,1,14,c,1,0.7208913000004031,None,,,,,14,1,57,2,679.7351081999996,,679.719564,679.7351081999996,680.7182868999998,680.7182868999998,680.7182868999998,680.7182868999998,680.7347737999999,681.7185634999996,681.7185634999996,682.4523250000002,,,,,c,1,0.7208913000004031,None,par_3_mtr_seq,001,2025-10-01_20h32.23.763,untitled,,2025.1.1,59.80621589926061,2025-10-01 20h32.39.360764 +0530,
-50,x,58,2,14,x,1,0.5418457000005219,None,,,,,14,2,58,0,682.4682752999997,,682.4528485999999,682.4682752999997,683.4516510000003,683.4516510000003,683.4516510000003,683.4516510000003,683.4682614000003,684.4517920999997,684.4517920999997,685.0025205000002,,,,,x,1,0.5418457000005219,None,par_3_mtr_seq,001,2025-10-01_20h32.23.763,untitled,,2025.1.1,59.80621589926061,2025-10-01 20h32.39.360764 +0530,
150,v,59,3,14,v,1,0.8416386999997485,None,,,,,14,3,59,1,685.0180312000002,,685.0030771000002,685.0180312000002,686.0181972999999,686.0181972999999,686.0181972999999,686.0181972999999,686.0181972999999,687.0018142999998,687.0018142999998,687.8524108000001,,,,,v,1,0.8416386999997485,None,par_3_mtr_seq,001,2025-10-01_20h32.23.763,untitled,,2025.1.1,59.80621589926061,2025-10-01 20h32.39.360764 +0530,
-150,z,60,0,15,z,1,0.6427235999999539,None,,,,,15,0,60,3,687.8685269999996,,687.8529896,687.8685269999996,688.8516761000001,688.8516761000001,688.8516761000001,688.8516761000001,688.8685451000001,689.8685303000002,689.8685303000002,690.5186725000003,,,,,z,1,0.6427235999999539,None,par_3_mtr_seq,001,2025-10-01_20h32.23.763,untitled,,2025.1.1,59.80621589926061,2025-10-01 20h32.39.360764 +0530,
150,v,61,1,15,v,1,0.7193848000006255,None,,,,,15,1,61,1,690.5350822999999,,690.5191382000003,690.5350822999999,691.5190856999998,691.5190856999998,691.5190856999998,691.5190856999998,691.5350521999999,692.5186304999997,692.5186304999997,693.2522428000002,,,,,v,1,0.7193848000006255,None,par_3_mtr_seq,001,2025-10-01_20h32.23.763,untitled,,2025.1.1,59.80621589926061,2025-10-01 20h32.39.360764 +0530,
50,c,62,2,15,c,1,0.5462426000003688,None,,,,,15,2,62,2,693.2684069999996,,693.252743,693.2684069999996,694.2519499,694.2519499,694.2519499,694.2519499,694.2682375000004,695.2519522000002,695.2519522000002,695.8022646,,,,,c,1,0.5462426000003688,None,par_3_mtr_seq,001,2025-10-01_20h32.23.763,untitled,,2025.1.1,59.80621589926061,2025-10-01 20h32.39.360764 +0530,
-50,x,63,3,15,x,1,0.8588449999997465,None,,,,,15,3,63,0,695.8182398999998,,695.8027817000002,695.8182398999998,696.8019156999999,696.8019156999999,696.8019156999999,696.8019156999999,696.8182741999999,697.8019581999997,697.8019581999997,698.6687056000001,,,,,x,1,0.8588449999997465,None,par_3_mtr_seq,001,2025-10-01_20h32.23.763,untitled,,2025.1.1,59.80621589926061,2025-10-01 20h32.39.360764 +0530,
-50,x,64,0,16,x,1,0.43587599999955273,None,,,,,16,0,64,0,698.6849929,,698.6691873,698.6849929,699.6684890999995,699.6684890999995,699.6684890999995,699.6684890999995,699.6850223000001,700.6684175999999,700.6684175999999,701.1184629999998,,,,,x,1,0.43587599999955273,None,par_3_mtr_seq,001,2025-10-01_20h32.23.763,untitled,,2025.1.1,59.80621589926061,2025-10-01 20h32.39.360764 +0530,
150,v,65,1,16,v,1,0.6765001000003394,None,,,,,16,1,65,1,701.1346706000004,,701.1189415999997,701.1346706000004,702.1219521000003,702.1219521000003,702.1219521000003,702.1219521000003,702.1352639999996,703.1183899999996,703.1183899999996,703.8023087000001,,,,,v,1,0.6765001000003394,None,par_3_mtr_seq,001,2025-10-01_20h32.23.763,untitled,,2025.1.1,59.80621589926061,2025-10-01 20h32.39.360764 +0530,
-150,z,66,2,16,z,1,0.6254822000000786,None,,,,,16,2,66,3,703.8192386000001,,703.8027943999996,703.8192386000001,704.801657,704.801657,704.801657,704.801657,704.8185665000001,705.8017645999998,705.8017645999998,706.4359040999998,,,,,z,1,0.6254822000000786,None,par_3_mtr_seq,001,2025-10-01_20h32.23.763,untitled,,2025.1.1,59.80621589926061,2025-10-01 20h32.39.360764 +0530,
50,c,67,3,16,c,1,0.5111820000001899,None,,,,,16,3,67,2,706.4517018999995,,706.4363911999999,706.4517018999995,707.4516597000002,707.4516597000002,707.4516597000002,707.4516597000002,707.4516597000002,708.4517382000004,708.4517382000004,708.9692857,,,,,c,1,0.5111820000001899,None,par_3_mtr_seq,001,2025-10-01_20h32.23.763,untitled,,2025.1.1,59.80621589926061,2025-10-01 20h32.39.360764 +0530,
150,v,68,0,17,v,1,0.8979331000000457,None,,,,,17,0,68,1,708.9850864999999,,708.9698311000002,708.9850864999999,709.9850435999997,709.9850435999997,709.9850435999997,709.9850435999997,709.9850435999997,710.9685483000003,710.9685483000003,711.8693786000003,,,,,v,1,0.8979331000000457,None,par_3_mtr_seq,001,2025-10-01_20h32.23.763,untitled,,2025.1.1,59.80621589926061,2025-10-01 20h32.39.360764 +0530,
-50,x,69,1,17,x,1,0.7632777999997415,None,,,,,17,1,69,0,711.8853919000003,,711.8698390999998,711.8853919000003,712.8854551000004,712.8854551000004,712.8854551000004,712.8854551000004,712.8854551000004,713.8683531999995,713.8683531999995,714.6355231999996,,,,,x,1,0.7632777999997415,None,par_3_mtr_seq,001,2025-10-01_20h32.23.763,untitled,,2025.1.1,59.80621589926061,2025-10-01 20h32.39.360764 +0530,
-150,z,70,2,17,z,1,0.61856330000046,None,,,,,17,2,70,3,714.6520277999998,,714.6359902000004,714.6520277999998,715.6351194999997,715.6351194999997,715.6351194999997,715.6351194999997,715.6516210999998,716.6350149,716.6350149,717.2691765,,,,,z,1,0.61856330000046,None,par_3_mtr_seq,001,2025-10-01_20h32.23.763,untitled,,2025.1.1,59.80621589926061,2025-10-01 20h32.39.360764 +0530,
50,c,71,3,17,c,1,0.659454800000276,None,,,,,17,3,71,2,717.2841978999995,,717.2697128,717.2841978999995,718.2680916999998,718.2680916999998,718.2680916999998,718.2680916999998,718.2850664999996,719.2687637999998,719.2687637999998,719.9356114000002,,,,,c,1,0.659454800000276,None,par_3_mtr_seq,001,2025-10-01_20h32.23.763,untitled,,2025.1.1,59.80621589926061,2025-10-01 20h32.39.360764 +0530,
-50,x,72,0,18,x,1,1.3274645000001328,None,,,,,18,0,72,0,719.9526758000002,,719.9361768999997,719.9526758000002,720.9350854000004,720.9350854000004,720.9350854000004,720.9350854000004,720.9519571000001,721.9350591000002,721.9350591000002,723.2693305000003,,,,,x,1,1.3274645000001328,None,par_3_mtr_seq,001,2025-10-01_20h32.23.763,untitled,,2025.1.1,59.80621589926061,2025-10-01 20h32.39.360764 +0530,
-150,z,73,1,18,z,1,1.0404494999993403,None,,,,,18,1,73,3,723.2852434999995,,723.2697884999998,723.2852434999995,724.2854780999996,724.2854780999996,724.2854780999996,724.2854780999996,724.2854780999996,725.2684493999996,725.2684493999996,726.3194113,,,,,z,1,1.0404494999993403,None,par_3_mtr_seq,001,2025-10-01_20h32.23.763,untitled,,2025.1.1,59.80621589926061,2025-10-01 20h32.39.360764 +0530,
50,c,74,2,18,c,1,0.9735390000005282,None,,,,,18,2,74,2,726.3354631000002,,726.3198590000002,726.3354631000002,727.3184361000003,727.3184361000003,727.3184361000003,727.3184361000003,727.3348839,728.3353509999997,728.3353509999997,729.3190930000001,,,,,c,1,0.9735390000005282,None,par_3_mtr_seq,001,2025-10-01_20h32.23.763,untitled,,2025.1.1,59.80621589926061,2025-10-01 20h32.39.360764 +0530,
150,v,75,3,18,v,1,0.9988068000002386,None,,,,,18,3,75,1,729.3353309000004,,729.3196976999998,729.3353309000004,730.3184632000002,730.3184632000002,730.3184632000002,730.3184632000002,730.3353373,731.3185556999997,731.3185556999997,732.3195143000003,,,,,v,1,0.9988068000002386,None,par_3_mtr_seq,001,2025-10-01_20h32.23.763,untitled,,2025.1.1,59.80621589926061,2025-10-01 20h32.39.360764 +0530,
50,c,76,0,19,c,1,1.4806560000006357,None,,,,,19,0,76,2,732.3355358999997,,732.3200076000003,732.3355358999997,733.3352561000002,733.3352561000002,733.3352561000002,733.3352561000002,733.3352561000002,734.3354161999996,734.3354161999996,735.8190076999999,,,,,c,1,1.4806560000006357,None,par_3_mtr_seq,001,2025-10-01_20h32.23.763,untitled,,2025.1.1,59.80621589926061,2025-10-01 20h32.39.360764 +0530,
150,v,77,1,19,v,1,1.0300015000002531,None,,,,,19,1,77,1,735.835239,,735.8198370999999,735.835239,736.8182203999995,736.8182203999995,736.8182203999995,736.8182203999995,736.8352389000001,737.8187996999995,737.8187996999995,738.8522052999997,,,,,v,1,1.0300015000002531,None,par_3_mtr_seq,001,2025-10-01_20h32.23.763,untitled,,2025.1.1,59.80621589926061,2025-10-01 20h32.39.360764 +0530,
-50,x,78,2,19,x,1,0.6903986000006626,None,,,,,19,2,78,0,738.8692762000001,,738.852734,738.8692762000001,739.8522935000001,739.8522935000001,739.8522935000001,739.8522935000001,739.8686196999997,740.8517501999995,740.8517501999995,741.5524813000002,,,,,x,1,0.6903986000006626,None,par_3_mtr_seq,001,2025-10-01_20h32.23.763,untitled,,2025.1.1,59.80621589926061,2025-10-01 20h32.39.360764 +0530,
-150,z,79,3,19,z,1,0.8203020000000834,None,,,,,19,3,79,3,741.5686426000002,,741.5530388999996,741.5686426000002,742.5521032999995,742.5521032999995,742.5521032999995,742.5521032999995,742.5687296999995,743.5521587000003,743.5521587000003,744.3859247,,,,,z,1,0.8203020000000834,None,par_3_mtr_seq,001,2025-10-01_20h32.23.763,untitled,,2025.1.1,59.80621589926061,2025-10-01 20h32.39.360764 +0530,
50,c,80,0,20,c,1,0.7247127000000546,None,,,,,20,0,80,2,744.4020147000001,,744.3863641999997,744.4020147000001,745.3855253000002,745.3855253000002,745.3855253000002,745.3855253000002,745.4019023999999,746.3854498000001,746.3854498000001,747.1193296000001,,,,,c,1,0.7247127000000546,None,par_3_mtr_seq,001,2025-10-01_20h32.23.763,untitled,,2025.1.1,59.80621589926061,2025-10-01 20h32.39.360764 +0530,
-50,x,81,1,20,x,1,1.5389010000008057,None,,,,,20,1,81,0,747.1357355,,747.1198661999997,747.1357355,748.1186442999997,748.1186442999997,748.1186442999997,748.1186442999997,748.1356055999995,749.1344053000003,749.1344053000003,750.6837292999999,,,,,x,1,1.5389010000008057,None,par_3_mtr_seq,001,2025-10-01_20h32.23.763,untitled,,2025.1.1,59.80621589926061,2025-10-01 20h32.39.360764 +0530,
150,v,82,2,20,v,1,1.3300096000002668,None,,,,,20,2,82,1,750.6998364000001,,750.6841365,750.6998364000001,751.6852507000003,751.6852507000003,751.6852507000003,751.6852507000003,751.7019231000004,752.6849697999996,752.6849697999996,754.0197337999998,,,,,v,1,1.3300096000002668,None,par_3_mtr_seq,001,2025-10-01_20h32.23.763,untitled,,2025.1.1,59.80621589926061,2025-10-01 20h32.39.360764 +0530,
-150,z,83,3,20,z,1,1.207186499999807,None,,,,,20,3,83,3,754.0352966999999,,754.0202225000003,754.0352966999999,755.0187669999996,755.0187669999996,755.0187669999996,755.0187669999996,755.0357561000001,756.0183838000003,756.0183838000003,757.2359460999996,,,,,z,1,1.207186499999807,None,par_3_mtr_seq,001,2025-10-01_20h32.23.763,untitled,,2025.1.1,59.80621589926061,2025-10-01 20h32.39.360764 +0530,
50,c,84,0,21,c,1,0.9236868999996659,None,,,,,21,0,84,2,757.2519579,,757.2364815000001,757.2519579,758.2355778000001,758.2355778000001,758.2355778000001,758.2355778000001,758.2520144,759.2355091999998,759.2355091999998,760.1696286999995,,,,,c,1,0.9236868999996659,None,par_3_mtr_seq,001,2025-10-01_20h32.23.763,untitled,,2025.1.1,59.80621589926061,2025-10-01 20h32.39.360764 +0530,
-150,z,85,1,21,z,1,0.9083983999998964,None,,,,,21,1,85,3,760.1850515999995,,760.1701413999999,760.1850515999995,761.1678922000001,761.1678922000001,761.1678922000001,761.1678922000001,761.1845702999999,762.1690302999996,762.1690302999996,763.0864507999995,,,,,z,1,0.9083983999998964,None,par_3_mtr_seq,001,2025-10-01_20h32.23.763,untitled,,2025.1.1,59.80621589926061,2025-10-01 20h32.39.360764 +0530,
-50,x,86,2,21,x,1,0.6210829000001468,None,,,,,21,2,86,0,763.1023251999995,,763.0869346999998,763.1023251999995,764.0856320000003,764.0856320000003,764.0856320000003,764.0856320000003,764.1022911,765.0853776000004,765.0853776000004,765.7190517999998,,,,,x,1,0.6210829000001468,None,par_3_mtr_seq,001,2025-10-01_20h32.23.763,untitled,,2025.1.1,59.80621589926061,2025-10-01 20h32.39.360764 +0530,
150,v,87,3,21,v,1,0.8287401000006867,None,,,,,21,3,87,1,765.7353911999999,,765.7195959999999,765.7353911999999,766.7195939000003,766.7195939000003,766.7195939000003,766.7195939000003,766.7354710999998,767.7194904999997,767.7194904999997,768.5532749000004,,,,,v,1,0.8287401000006867,None,par_3_mtr_seq,001,2025-10-01_20h32.23.763,untitled,,2025.1.1,59.80621589926061,2025-10-01 20h32.39.360764 +0530,
50,c,88,0,22,c,1,0.7458543000002464,None,,,,,22,0,88,2,768.5691967000002,,768.5537766999996,768.5691967000002,769.5686914999997,769.5686914999997,769.5686914999997,769.5686914999997,769.5686914999997,770.5687060999999,770.5687060999999,771.3205302999995,,,,,c,1,0.7458543000002464,None,par_3_mtr_seq,001,2025-10-01_20h32.23.763,untitled,,2025.1.1,59.80621589926061,2025-10-01 20h32.39.360764 +0530,
150,v,89,1,22,v,1,0.7809290000004694,None,,,,,22,1,89,1,771.3352789999999,,771.3210652999996,771.3352789999999,772.3354017000001,772.3354017000001,772.3354017000001,772.3354017000001,772.3354017000001,773.3353641000003,773.3353641000003,774.1193205,,,,,v,1,0.7809290000004694,None,par_3_mtr_seq,001,2025-10-01_20h32.23.763,untitled,,2025.1.1,59.80621589926061,2025-10-01 20h32.39.360764 +0530,
-150,z,90,2,22,z,1,0.7593611000002056,None,,,,,22,2,90,3,774.1359671999999,,774.1197990999999,774.1359671999999,775.1186746000003,775.1186746000003,775.1186746000003,775.1186746000003,775.1355193999998,776.1185490999997,776.1185490999997,776.885808,,,,,z,1,0.7593611000002056,None,par_3_mtr_seq,001,2025-10-01_20h32.23.763,untitled,,2025.1.1,59.80621589926061,2025-10-01 20h32.39.360764 +0530,
-50,x,91,3,22,x,1,1.3809489999994184,None,,,,,22,3,91,0,776.9022365999999,,776.8863480999999,776.9022365999999,777.8853176000002,777.8853176000002,777.8853176000002,777.8853176000002,777.9020972999997,778.8855477999996,778.8855477999996,780.2695187999998,,,,,x,1,1.3809489999994184,None,par_3_mtr_seq,001,2025-10-01_20h32.23.763,untitled,,2025.1.1,59.80621589926061,2025-10-01 20h32.39.360764 +0530,
150,v,92,0,23,v,1,1.0331397999998444,None,,,,,23,0,92,1,780.285457,,780.2699984999999,780.285457,781.2687392999997,781.2687392999997,781.2687392999997,781.2687392999997,781.2851411000001,782.2685862999997,782.2685862999997,783.3033310000001,,,,,v,1,1.0331397999998444,None,par_3_mtr_seq,001,2025-10-01_20h32.23.763,untitled,,2025.1.1,59.80621589926061,2025-10-01 20h32.39.360764 +0530,
-50,x,93,1,23,x,1,0.8079897999996319,None,,,,,23,1,93,0,783.3184977000001,,783.3038233999996,783.3184977000001,784.3188473999999,784.3188473999999,784.3188473999999,784.3188473999999,784.3188473999999,785.3188318000002,785.3188318000002,786.1360487000002,,,,,x,1,0.8079897999996319,None,par_3_mtr_seq,001,2025-10-01_20h32.23.763,untitled,,2025.1.1,59.80621589926061,2025-10-01 20h32.39.360764 +0530,
-150,z,94,2,23,z,1,0.7420854999991207,None,,,,,23,2,94,3,786.1521086000002,,786.1365253000004,786.1521086000002,787.1356403,787.1356403,787.1356403,787.1356403,787.1519453999999,788.1355180999999,788.1355180999999,788.8862528,,,,,z,1,0.7420854999991207,None,par_3_mtr_seq,001,2025-10-01_20h32.23.763,untitled,,2025.1.1,59.80621589926061,2025-10-01 20h32.39.360764 +0530,
50,c,95,3,23,c,1,0.5473504000001412,None,,,,,23,3,95,2,788.9023000999996,,788.8868020999998,788.9023000999996,789.8855093000002,789.8855093000002,789.8855093000002,789.8855093000002,789.9024336000002,790.8854103000003,790.8854103000003,791.4357899999995,,,,,c,1,0.5473504000001412,None,par_3_mtr_seq,001,2025-10-01_20h32.23.763,untitled,,2025.1.1,59.80621589926061,2025-10-01 20h32.39.360764 +0530,
-150,z,96,0,24,z,1,0.8724386000003506,None,,,,,24,0,96,3,791.4527164000001,,791.4362559000001,791.4527164000001,792.4352010000002,792.4352010000002,792.4352010000002,792.4352010000002,792.4522237000001,793.4356915999997,793.4356915999997,794.3201987000002,,,,,z,1,0.8724386000003506,None,par_3_mtr_seq,001,2025-10-01_20h32.23.763,untitled,,2025.1.1,59.80621589926061,2025-10-01 20h32.39.360764 +0530,
-50,x,97,1,24,x,1,0.8021527000000788,None,,,,,24,1,97,0,794.3352570999996,,794.3206853000002,794.3352570999996,795.3356377,795.3356377,795.3356377,795.3356377,795.3356377,796.3357477999998,796.3357477999998,797.1524946999998,,,,,x,1,0.8021527000000788,None,par_3_mtr_seq,001,2025-10-01_20h32.23.763,untitled,,2025.1.1,59.80621589926061,2025-10-01 20h32.39.360764 +0530,
50,c,98,2,24,c,1,1.1444975000003978,None,,,,,24,2,98,2,797.1686472000001,,797.1529844999995,797.1686472000001,798.1521578000002,798.1521578000002,798.1521578000002,798.1521578000002,798.1690544000003,799.1523083000002,799.1523083000002,800.3033746000001,,,,,c,1,1.1444975000003978,None,par_3_mtr_seq,001,2025-10-01_20h32.23.763,untitled,,2025.1.1,59.80621589926061,2025-10-01 20h32.39.360764 +0530,
150,v,99,3,24,v,1,1.1797872999995889,None,,,,,24,3,99,1,800.3187930000004,,800.3039261000004,800.3187930000004,801.3188137999996,801.3188137999996,801.3188137999996,801.3188137999996,801.3188137999996,802.3026696999996,802.3026696999996,803.4869790000002,,,,,v,1,1.1797872999995889,None,par_3_mtr_seq,001,2025-10-01_20h32.23.763,untitled,,2025.1.1,59.80621589926061,2025-10-01 20h32.39.360764 +0530,
150,v,100,0,25,v,1,0.7288725999997041,None,,,,,25,0,100,1,803.5019355000004,,803.4874840000002,803.5019355000004,804.5022826000004,804.5022826000004,804.5022826000004,804.5022826000004,804.5022826000004,805.5031269000001,805.5031269000001,806.2360390000003,,,,,v,1,0.7288725999997041,None,par_3_mtr_seq,001,2025-10-01_20h32.23.763,untitled,,2025.1.1,59.80621589926061,2025-10-01 20h32.39.360764 +0530,
50,c,101,1,25,c,1,0.7626588000002812,None,,,,,25,1,101,2,806.2524308000002,,806.2365651,806.2524308000002,807.2356635999995,807.2356635999995,807.2356635999995,807.2356635999995,807.2522433000004,808.2356503000001,808.2356503000001,809.0041945000003,,,,,c,1,0.7626588000002812,None,par_3_mtr_seq,001,2025-10-01_20h32.23.763,untitled,,2025.1.1,59.80621589926061,2025-10-01 20h32.39.360764 +0530,
-150,z,102,2,25,z,1,0.7737858999998934,None,,,,,25,2,102,3,809.0193093999997,,809.0046842000002,809.0193093999997,810.0186002,810.0186002,810.0186002,810.0186002,810.0186002,811.0188379000001,811.0188379000001,811.8029006999996,,,,,z,1,0.7737858999998934,None,par_3_mtr_seq,001,2025-10-01_20h32.23.763,untitled,,2025.1.1,59.80621589926061,2025-10-01 20h32.39.360764 +0530,
-50,x,103,3,25,x,1,0.7308333999999377,None,,,,,25,3,103,0,811.8189988000004,,811.8036087999999,811.8189988000004,812.8022809000004,812.8022809000004,812.8022809000004,812.8022809000004,812.8191036999997,813.8022714999997,813.8022714999997,814.5362500000001,,,,,x,1,0.7308333999999377,None,par_3_mtr_seq,001,2025-10-01_20h32.23.763,untitled,,2025.1.1,59.80621589926061,2025-10-01 20h32.39.360764 +0530,
-50,x,104,0,26,c,0,0.6932974000001195,None,,,,,26,0,104,0,814.5520975999998,,814.5367869000002,814.5520975999998,815.5355897999998,815.5355897999998,815.5355897999998,815.5355897999998,815.5522628999997,816.5356099999999,816.5356099999999,817.2362432,,,,,c,0,0.6932974000001195,None,par_3_mtr_seq,001,2025-10-01_20h32.23.763,untitled,,2025.1.1,59.80621589926061,2025-10-01 20h32.39.360764 +0530,
50,c,105,1,26,c,1,0.6641474999996717,None,,,,,26,1,105,2,817.2525847999996,,817.2367809999996,817.2525847999996,818.2356238000002,818.2356238000002,818.2356238000002,818.2356238000002,818.2525038000003,819.2356773000001,819.2356773000001,819.9028644999999,,,,,c,1,0.6641474999996717,None,par_3_mtr_seq,001,2025-10-01_20h32.23.763,untitled,,2025.1.1,59.80621589926061,2025-10-01 20h32.39.360764 +0530,
-150,z,106,2,26,z,1,0.9604208999999173,None,,,,,26,2,106,3,819.9188277000003,,819.9033626,819.9188277000003,820.9024996999997,820.9024996999997,820.9024996999997,820.9024996999997,820.9185176999999,821.9025561999997,821.9025561999997,822.8699143000003,,,,,z,1,0.9604208999999173,None,par_3_mtr_seq,001,2025-10-01_20h32.23.763,untitled,,2025.1.1,59.80621589926061,2025-10-01 20h32.39.360764 +0530,
150,v,107,3,26,v,1,1.215903000000253,None,,,,,26,3,107,1,822.8856776000002,,822.8704576,822.8856776000002,823.8690246999995,823.8690246999995,823.8690246999995,823.8690246999995,823.885636,824.8700982,824.8700982,826.1029638,,,,,v,1,1.215903000000253,None,par_3_mtr_seq,001,2025-10-01_20h32.23.763,untitled,,2025.1.1,59.80621589926061,2025-10-01 20h32.39.360764 +0530,
50,c,108,0,27,c,1,0.6749485000000277,None,,,,,27,0,108,2,826.1191753000003,,826.1034468999997,826.1191753000003,827.1022125999998,827.1022125999998,827.1022125999998,827.1022125999998,827.1189266000001,828.1025975000002,828.1025975000002,828.7862121999997,,,,,c,1,0.6749485000000277,None,par_3_mtr_seq,001,2025-10-01_20h32.23.763,untitled,,2025.1.1,59.80621589926061,2025-10-01 20h32.39.360764 +0530,
-50,x,109,1,27,x,1,0.8193080999999438,None,,,,,27,1,109,0,828.8023141000003,,828.7866925999997,828.8023141000003,829.7859251999998,829.7859251999998,829.7859251999998,829.7859251999998,829.8022723000004,830.7858798999996,830.7858798999996,831.6197249999996,,,,,x,1,0.8193080999999438,None,par_3_mtr_seq,001,2025-10-01_20h32.23.763,untitled,,2025.1.1,59.80621589926061,2025-10-01 20h32.39.360764 +0530,
-150,z,110,2,27,z,1,1.1565024999999878,None,,,,,27,2,110,3,831.6361995999996,,831.6202095999997,831.6361995999996,832.6192223999997,832.6192223999997,832.6192223999997,832.6192223999997,832.6357682999997,833.6198634000002,833.6198634000002,834.7861302000001,,,,,z,1,1.1565024999999878,None,par_3_mtr_seq,001,2025-10-01_20h32.23.763,untitled,,2025.1.1,59.80621589926061,2025-10-01 20h32.39.360764 +0530,
150,v,111,3,27,v,1,0.8854781000000003,None,,,,,27,3,111,1,834.8031879,,834.7865824,834.8031879,835.7853985000002,835.7853985000002,835.7853985000002,835.7853985000002,835.8191021000002,836.7865757999998,836.7865757999998,837.6865712999997,,,,,v,1,0.8854781000000003,None,par_3_mtr_seq,001,2025-10-01_20h32.23.763,untitled,,2025.1.1,59.80621589926061,2025-10-01 20h32.39.360764 +0530,
-150,z,112,0,28,z,1,0.7378050999996049,None,,,,,28,0,112,3,837.7027902999998,,837.6870572999997,837.7027902999998,838.6857504,838.6857504,838.6857504,838.6857504,838.7024685999995,839.6856496,839.6856496,840.4364672000002,,,,,z,1,0.7378050999996049,None,par_3_mtr_seq,001,2025-10-01_20h32.23.763,untitled,,2025.1.1,59.80621589926061,2025-10-01 20h32.39.360764 +0530,
-50,x,113,1,28,x,1,0.5931806999997207,None,,,,,28,1,113,0,840.4526828999997,,840.4370091999999,840.4526828999997,841.4358296999999,841.4358296999999,841.4358296999999,841.4358296999999,841.4524860000001,842.4357618000004,842.4357618000004,843.0363332999996,,,,,x,1,0.5931806999997207,None,par_3_mtr_seq,001,2025-10-01_20h32.23.763,untitled,,2025.1.1,59.80621589926061,2025-10-01 20h32.39.360764 +0530,
50,c,114,2,28,c,1,0.556493699999919,None,,,,,28,2,114,2,843.0532831999999,,843.0368772000002,843.0532831999999,844.0358591000004,844.0358591000004,844.0358591000004,844.0358591000004,844.0526946999998,845.0357027999999,845.0357027999999,845.6023806000003,,,,,c,1,0.556493699999919,None,par_3_mtr_seq,001,2025-10-01_20h32.23.763,untitled,,2025.1.1,59.80621589926061,2025-10-01 20h32.39.360764 +0530,
150,v,115,3,28,v,1,1.597507399999813,None,,,,,28,3,115,1,845.6182220999999,,845.6028531000002,845.6182220999999,846.6177552999998,846.6177552999998,846.6177552999998,846.6177552999998,846.6177552999998,847.6179261999996,847.6179261999996,849.2195972,,,,,v,1,1.597507399999813,None,par_3_mtr_seq,001,2025-10-01_20h32.23.763,untitled,,2025.1.1,59.80621589926061,2025-10-01 20h32.39.360764 +0530,
50,c,116,0,29,c,1,0.7590220000001864,None,,,,,29,0,116,2,849.2354902999996,,849.2201831000002,849.2354902999996,850.2191436000003,850.2191436000003,850.2191436000003,850.2191436000003,850.2359235000004,851.2191107999997,851.2191107999997,851.9862805000002,,,,,c,1,0.7590220000001864,None,par_3_mtr_seq,001,2025-10-01_20h32.23.763,untitled,,2025.1.1,59.80621589926061,2025-10-01 20h32.39.360764 +0530,
-150,z,117,1,29,z,1,0.8655343000000357,None,,,,,29,1,117,3,852.0026211000004,,851.9867516000004,852.0026211000004,852.9864011,852.9864011,852.9864011,852.9864011,853.0025201999997,853.9859336,853.9859336,854.8536722999997,,,,,z,1,0.8655343000000357,None,par_3_mtr_seq,001,2025-10-01_20h32.23.763,untitled,,2025.1.1,59.80621589926061,2025-10-01 20h32.39.360764 +0530,
150,v,118,2,29,v,1,0.7713915000003908,None,,,,,29,2,118,1,854.8691603999996,,854.8541519,854.8691603999996,855.8701954999997,855.8701954999997,855.8701954999997,855.8701954999997,855.8701954999997,856.8691054999999,856.8691054999999,857.6531624999998,,,,,v,1,0.7713915000003908,None,par_3_mtr_seq,001,2025-10-01_20h32.23.763,untitled,,2025.1.1,59.80621589926061,2025-10-01 20h32.39.360764 +0530,
-50,x,119,3,29,x,1,0.8137051000003339,None,,,,,29,3,119,0,857.6700295,,857.6537134,857.6700295,858.6525060000004,858.6525060000004,858.6525060000004,858.6525060000004,858.6691916,859.6524964,859.6524964,860.4697206999999,,,,,x,1,0.8137051000003339,None,par_3_mtr_seq,001,2025-10-01_20h32.23.763,untitled,,2025.1.1,59.80621589926061,2025-10-01 20h32.39.360764 +0530,
150,v,120,0,30,v,1,0.7393792000002577,None,,,,,30,0,120,1,860.4859585000004,,860.4701605,860.4859585000004,861.4683242000001,861.4683242000001,861.4683242000001,861.4683242000001,861.4858501999997,862.4692944999997,862.4692944999997,863.2198972999995,,,,,v,1,0.7393792000002577,None,par_3_mtr_seq,001,2025-10-01_20h32.23.763,untitled,,2025.1.1,59.80621589926061,2025-10-01 20h32.39.360764 +0530,
50,c,121,1,30,c,1,0.747064400000454,None,,,,,30,1,121,2,863.2358745000001,,863.2204437999999,863.2358745000001,864.2191475,864.2191475,864.2191475,864.2191475,864.2360620999998,865.2191578000002,865.2191578000002,865.9696838999998,,,,,c,1,0.747064400000454,None,par_3_mtr_seq,001,2025-10-01_20h32.23.763,untitled,,2025.1.1,59.80621589926061,2025-10-01 20h32.39.360764 +0530,
-50,x,122,2,30,x,1,0.5840935999995054,None,,,,,30,2,122,0,865.9857817000002,,865.9701593999998,865.9857817000002,866.9693852,866.9693852,866.9693852,866.9693852,866.9857904999999,867.9693019999995,867.9693019999995,868.5701517999996,,,,,x,1,0.5840935999995054,None,par_3_mtr_seq,001,2025-10-01_20h32.23.763,untitled,,2025.1.1,59.80621589926061,2025-10-01 20h32.39.360764 +0530,
-150,z,123,3,30,z,1,0.8414140000004409,None,,,,,30,3,123,3,868.5855897000001,,868.5707172000002,868.5855897000001,869.5858184999997,869.5858184999997,869.5858184999997,869.5858184999997,869.5858184999997,870.5858081999995,870.5858081999995,871.4369672000003,,,,,z,1,0.8414140000004409,None,par_3_mtr_seq,001,2025-10-01_20h32.23.763,untitled,,2025.1.1,59.80621589926061,2025-10-01 20h32.39.360764 +0530,
150,v,124,0,31,v,1,0.7434553000002779,None,,,,,31,0,124,1,871.4525050000002,,871.4375307,871.4525050000002,872.4525143000001,872.4525143000001,872.4525143000001,872.4525143000001,872.4525143000001,873.4527683999995,873.4527683999995,874.2032116999999,,,,,v,1,0.7434553000002779,None,par_3_mtr_seq,001,2025-10-01_20h32.23.763,untitled,,2025.1.1,59.80621589926061,2025-10-01 20h32.39.360764 +0530,
50,c,125,1,31,c,1,0.6812162000005628,None,,,,,31,1,125,2,874.2195892,,874.2037552000002,874.2195892,875.2025821999996,875.2025821999996,875.2025821999996,875.2025821999996,875.2194946999998,876.2025991,876.2025991,876.8866406999996,,,,,c,1,0.6812162000005628,None,par_3_mtr_seq,001,2025-10-01_20h32.23.763,untitled,,2025.1.1,59.80621589926061,2025-10-01 20h32.39.360764 +0530,
-50,x,126,2,31,x,1,0.5375199000000066,None,,,,,31,2,126,0,876.9028023999999,,876.8870835999996,876.9028023999999,877.8859863999996,877.8859863999996,877.8859863999996,877.8859863999996,877.9026559000004,878.8858314999998,878.8858314999998,879.4365805999996,,,,,x,1,0.5375199000000066,None,par_3_mtr_seq,001,2025-10-01_20h32.23.763,untitled,,2025.1.1,59.80621589926061,2025-10-01 20h32.39.360764 +0530,
-150,z,127,3,31,z,1,0.8147305999991659,None,,,,,31,3,127,3,879.4526669999996,,879.4371432999997,879.4526669999996,880.4357405000001,880.4357405000001,880.4357405000001,880.4357405000001,880.4525818000002,881.4358476999996,881.4358476999996,882.2536388999997,,,,,z,1,0.8147305999991659,None,par_3_mtr_seq,001,2025-10-01_20h32.23.763,untitled,,2025.1.1,59.80621589926061,2025-10-01 20h32.39.360764 +0530,
-150,z,128,0,32,z,1,0.875022600000193,None,,,,,32,0,128,3,882.2692079999997,,882.2541191999999,882.2692079999997,883.2526546999998,883.2526546999998,883.2526546999998,883.2526546999998,883.2693729000002,884.269284,884.269284,885.1529733999996,,,,,z,1,0.875022600000193,None,par_3_mtr_seq,001,2025-10-01_20h32.23.763,untitled,,2025.1.1,59.80621589926061,2025-10-01 20h32.39.360764 +0530,
50,c,129,1,32,c,1,0.8026279999994586,None,,,,,32,1,129,2,885.1692702999999,,885.1534701999999,885.1692702999999,886.1527992000001,886.1527992000001,886.1527992000001,886.1527992000001,886.1693704999998,887.1529012999999,887.1529012999999,887.9703406999997,,,,,c,1,0.8026279999994586,None,par_3_mtr_seq,001,2025-10-01_20h32.23.763,untitled,,2025.1.1,59.80621589926061,2025-10-01 20h32.39.360764 +0530,
150,v,130,2,32,v,1,0.9627502000003005,None,,,,,32,2,130,1,887.9862964000004,,887.9708050999998,887.9862964000004,888.9863046999999,888.9863046999999,888.9863046999999,888.9863046999999,888.9863046999999,889.9860601,889.9860601,890.9535634000003,,,,,v,1,0.9627502000003005,None,par_3_mtr_seq,001,2025-10-01_20h32.23.763,untitled,,2025.1.1,59.80621589926061,2025-10-01 20h32.39.360764 +0530,
-50,x,131,3,32,x,1,0.9633485999993354,None,,,,,32,3,131,0,890.9694452000003,,890.9540180000004,890.9694452000003,891.9693307999996,891.9693307999996,891.9693307999996,891.9693307999996,891.9693307999996,892.9530922000004,892.9530922000004,893.9205771999996,,,,,x,1,0.9633485999993354,None,par_3_mtr_seq,001,2025-10-01_20h32.23.763,untitled,,2025.1.1,59.80621589926061,2025-10-01 20h32.39.360764 +0530,
-150,z,132,0,33,z,1,0.7664942000001247,None,,,,,33,0,132,3,893.9358560999999,,893.9210703999997,893.9358560999999,894.9357997999996,894.9357997999996,894.9357997999996,894.9357997999996,894.9357997999996,895.9358001999999,895.9358001999999,896.7038216999999,,,,,z,1,0.7664942000001247,None,par_3_mtr_seq,001,2025-10-01_20h32.23.763,untitled,,2025.1.1,59.80621589926061,2025-10-01 20h32.39.360764 +0530,
150,v,133,1,33,v,1,1.133580300000176,None,,,,,33,1,133,1,896.7195143999998,,896.7042948999997,896.7195143999998,897.7026599000001,897.7026599000001,897.7026599000001,897.7026599000001,897.7194098999998,898.7193101000003,898.7193101000003,899.8695126000002,,,,,v,1,1.133580300000176,None,par_3_mtr_seq,001,2025-10-01_20h32.23.763,untitled,,2025.1.1,59.80621589926061,2025-10-01 20h32.39.360764 +0530,
-50,x,134,2,33,x,1,1.2361258000000817,None,,,,,33,2,134,0,899.8858881999995,,899.8700290999996,899.8858881999995,900.8695392999998,900.8695392999998,900.8695392999998,900.8695392999998,900.8873242,901.8694195999997,901.8694195999997,903.1199054999997,,,,,x,1,1.2361258000000817,None,par_3_mtr_seq,001,2025-10-01_20h32.23.763,untitled,,2025.1.1,59.80621589926061,2025-10-01 20h32.39.360764 +0530,
50,c,135,3,33,c,1,1.7249069999998028,None,,,,,33,3,135,2,903.1361217000003,,903.1204076000004,903.1361217000003,904.1197972,904.1197972,904.1197972,904.1197972,904.1361156000003,905.1195125000004,905.1195125000004,906.8542018999997,,,,,c,1,1.7249069999998028,None,par_3_mtr_seq,001,2025-10-01_20h32.23.763,untitled,,2025.1.1,59.80621589926061,2025-10-01 20h32.39.360764 +0530,
-50,x,136,0,34,x,1,1.3377496000002793,None,,,,,34,0,136,0,906.8698590000004,,906.8546806000004,906.8698590000004,907.8693991999999,907.8693991999999,907.8693991999999,907.8693991999999,907.8693991999999,908.8694192000003,908.8694192000003,910.2203257000001,,,,,x,1,1.3377496000002793,None,par_3_mtr_seq,001,2025-10-01_20h32.23.763,untitled,,2025.1.1,59.80621589926061,2025-10-01 20h32.39.360764 +0530,
50,c,137,1,34,c,1,1.230959200000143,None,,,,,34,1,137,2,910.2359496999998,,910.2208602999999,910.2359496999998,911.2361987000004,911.2361987000004,911.2361987000004,911.2361987000004,911.2361987000004,912.2195965000001,912.2195965000001,913.4535048999996,,,,,c,1,1.230959200000143,None,par_3_mtr_seq,001,2025-10-01_20h32.23.763,untitled,,2025.1.1,59.80621589926061,2025-10-01 20h32.39.360764 +0530,
150,v,138,2,34,v,1,1.2530696000003445,None,,,,,34,2,138,1,913.4694612000003,,913.4540482000002,913.4694612000003,914.4529902000004,914.4529902000004,914.4529902000004,914.4529902000004,914.4694763999996,915.4528047000003,915.4528047000003,916.7195947999999,,,,,v,1,1.2530696000003445,None,par_3_mtr_seq,001,2025-10-01_20h32.23.763,untitled,,2025.1.1,59.80621589926061,2025-10-01 20h32.39.360764 +0530,
-150,z,139,3,34,z,1,0.6541237000001274,None,,,,,34,3,139,3,916.7356923999996,,916.7200845999996,916.7356923999996,917.7194444999996,917.7194444999996,917.7194444999996,917.7194444999996,917.7365268000003,918.7206041999998,918.7206041999998,919.3866627999996,,,,,z,1,0.6541237000001274,None,par_3_mtr_seq,001,2025-10-01_20h32.23.763,untitled,,2025.1.1,59.80621589926061,2025-10-01 20h32.39.360764 +0530,
-50,x,140,0,35,x,1,1.068826199999421,None,,,,,35,0,140,0,919.4028964999998,,919.3871471000002,919.4028964999998,920.3865291000002,920.3865291000002,920.3865291000002,920.3865291000002,920.4027726000004,921.3862670999997,921.3862670999997,922.4702883,,,,,x,1,1.068826199999421,None,par_3_mtr_seq,001,2025-10-01_20h32.23.763,untitled,,2025.1.1,59.80621589926061,2025-10-01 20h32.39.360764 +0530,
-150,z,141,1,35,z,1,0.7639242999994167,None,,,,,35,1,141,3,922.4865164000003,,922.4708302999998,922.4865164000003,923.4700184000003,923.4700184000003,923.4700184000003,923.4700184000003,923.4866129000002,924.4696975999996,924.4696975999996,925.2370473999999,,,,,z,1,0.7639242999994167,None,par_3_mtr_seq,001,2025-10-01_20h32.23.763,untitled,,2025.1.1,59.80621589926061,2025-10-01 20h32.39.360764 +0530,
50,c,142,2,35,c,1,0.8110770000002958,None,,,,,35,2,142,2,925.2529109999996,,925.2375308999999,925.2529109999996,926.2361398000003,926.2361398000003,926.2361398000003,926.2361398000003,926.2528191000001,927.2359371000002,927.2359371000002,928.0541155999999,,,,,c,1,0.8110770000002958,None,par_3_mtr_seq,001,2025-10-01_20h32.23.763,untitled,,2025.1.1,59.80621589926061,2025-10-01 20h32.39.360764 +0530,
150,v,143,3,35,v,1,0.7876349999996819,None,,,,,35,3,143,1,928.0722083999999,,928.0546075000002,928.0722083999999,929.0694013000002,929.0694013000002,929.0694013000002,929.0694013000002,929.0864343000003,930.0695192000003,930.0695192000003,930.8710056999998,,,,,v,1,0.7876349999996819,None,par_3_mtr_seq,001,2025-10-01_20h32.23.763,untitled,,2025.1.1,59.80621589926061,2025-10-01 20h32.39.360764 +0530,
-50,x,144,0,36,x,1,0.798396799999864,None,,,,,36,0,144,0,930.8861594,,930.8714964000001,930.8861594,931.8860334999999,931.8860334999999,931.8860334999999,931.8860334999999,931.8860334999999,932.8859259000001,932.8859259000001,933.6872169999997,,,,,x,1,0.798396799999864,None,par_3_mtr_seq,001,2025-10-01_20h32.23.763,untitled,,2025.1.1,59.80621589926061,2025-10-01 20h32.39.360764 +0530,
-150,z,145,1,36,z,1,0.9504672000002756,None,,,,,36,1,145,3,933.7029755000003,,933.6877791999996,933.7029755000003,934.7029747999995,934.7029747999995,934.7029747999995,934.7029747999995,934.7029747999995,935.6865080999996,935.6865080999996,936.6538154999998,,,,,z,1,0.9504672000002756,None,par_3_mtr_seq,001,2025-10-01_20h32.23.763,untitled,,2025.1.1,59.80621589926061,2025-10-01 20h32.39.360764 +0530,
50,c,146,2,36,c,1,0.854491500000222,None,,,,,36,2,146,2,936.6726595,,936.6542952,936.6726595,937.6530707000002,937.6530707000002,937.6530707000002,937.6530707000002,937.6861600000002,938.6697013000003,938.6697013000003,939.5370480000001,,,,,c,1,0.854491500000222,None,par_3_mtr_seq,001,2025-10-01_20h32.23.763,untitled,,2025.1.1,59.80621589926061,2025-10-01 20h32.39.360764 +0530,
150,v,147,3,36,v,1,0.7353917000000365,None,,,,,36,3,147,1,939.5530001999996,,939.5375880000001,939.5530001999996,940.5363847999997,940.5363847999997,940.5363847999997,940.5363847999997,940.5528715999999,941.5367460999996,941.5367460999996,942.2870556999997,,,,,v,1,0.7353917000000365,None,par_3_mtr_seq,001,2025-10-01_20h32.23.763,untitled,,2025.1.1,59.80621589926061,2025-10-01 20h32.39.360764 +0530,
150,v,148,0,37,v,1,0.7344106999998985,None,,,,,37,0,148,1,942.3032014999999,,942.2875402,942.3032014999999,943.2862679,943.2862679,943.2862679,943.2862679,943.3029725999995,944.2864259999997,944.2864259999997,945.0372538000001,,,,,v,1,0.7344106999998985,None,par_3_mtr_seq,001,2025-10-01_20h32.23.763,untitled,,2025.1.1,59.80621589926061,2025-10-01 20h32.39.360764 +0530,
-150,z,149,1,37,z,1,0.7322183999995104,None,,,,,37,1,149,3,945.0526971999998,,945.0378057999997,945.0526971999998,946.0529600999998,946.0529600999998,946.0529600999998,946.0529600999998,946.0529600999998,947.0529542000004,947.0529542000004,947.7870989000003,,,,,z,1,0.7322183999995104,None,par_3_mtr_seq,001,2025-10-01_20h32.23.763,untitled,,2025.1.1,59.80621589926061,2025-10-01 20h32.39.360764 +0530,
50,c,150,2,37,c,1,0.535675000000083,None,,,,,37,2,150,2,947.8031203999999,,947.7875923000001,947.8031203999999,948.7871653000002,948.7871653000002,948.7871653000002,948.7871653000002,948.8031842999999,949.8031132999995,949.8031132999995,950.3536354999997,,,,,c,1,0.535675000000083,None,par_3_mtr_seq,001,2025-10-01_20h32.23.763,untitled,,2025.1.1,59.80621589926061,2025-10-01 20h32.39.360764 +0530,
-50,x,151,3,37,x,1,0.8086058999997476,None,,,,,37,3,151,0,950.3699024999996,,950.3541345000003,950.3699024999996,951.3531123000002,951.3531123000002,951.3531123000002,951.3531123000002,951.3697157999995,952.3534490000002,952.3534490000002,953.1700555999996,,,,,x,1,0.8086058999997476,None,par_3_mtr_seq,001,2025-10-01_20h32.23.763,untitled,,2025.1.1,59.80621589926061,2025-10-01 20h32.39.360764 +0530,
50,c,152,0,38,c,1,0.9432241000004069,None,,,,,38,0,152,2,953.1863931999997,,953.1705953000001,953.1863931999997,954.1697321000001,954.1697321000001,954.1697321000001,954.1697321000001,954.1864027000001,955.1698577999996,955.1698577999996,956.1202114999996,,,,,c,1,0.9432241000004069,None,par_3_mtr_seq,001,2025-10-01_20h32.23.763,untitled,,2025.1.1,59.80621589926061,2025-10-01 20h32.39.360764 +0530,
-50,x,153,1,38,x,1,1.4084837999998854,None,,,,,38,1,153,0,956.1364389,,956.1207035999996,956.1364389,957.1198635000001,957.1198635000001,957.1198635000001,957.1198635000001,957.1361964999996,958.1198236,958.1198236,959.5369666999995,,,,,x,1,1.4084837999998854,None,par_3_mtr_seq,001,2025-10-01_20h32.23.763,untitled,,2025.1.1,59.80621589926061,2025-10-01 20h32.39.360764 +0530,
150,v,154,2,38,v,1,2.4201493000000482,None,,,,,38,2,154,1,959.5530522999998,,959.5374066000004,959.5530522999998,960.536556,960.536556,960.536556,960.536556,960.5540927000002,961.5365425999998,961.5365425999998,963.9704582000004,,,,,v,1,2.4201493000000482,None,par_3_mtr_seq,001,2025-10-01_20h32.23.763,untitled,,2025.1.1,59.80621589926061,2025-10-01 20h32.39.360764 +0530,
-150,z,155,3,38,z,1,0.997451700000056,None,,,,,38,3,155,3,963.9862082999998,,963.9709167999999,963.9862082999998,964.9698047000002,964.9698047000002,964.9698047000002,964.9698047000002,964.9871028999996,965.9698564,965.9698564,966.9702850000003,,,,,z,1,0.997451700000056,None,par_3_mtr_seq,001,2025-10-01_20h32.23.763,untitled,,2025.1.1,59.80621589926061,2025-10-01 20h32.39.360764 +0530,
-50,x,156,0,39,x,1,0.5791985999994722,None,,,,,39,0,156,0,966.9871985999998,,966.9707563000002,966.9871985999998,967.9698351999996,967.9698351999996,967.9698351999996,967.9698351999996,967.9863382000003,968.9699787999998,968.9699787999998,969.5540373000003,,,,,x,1,0.5791985999994722,None,par_3_mtr_seq,001,2025-10-01_20h32.23.763,untitled,,2025.1.1,59.80621589926061,2025-10-01 20h32.39.360764 +0530,
-150,z,157,1,39,z,1,0.7410178000000087,None,,,,,39,1,157,3,969.5693199999996,,969.5545296999999,969.5693199999996,970.5706197999998,970.5706197999998,970.5706197999998,970.5706197999998,970.5706197999998,971.5700685000002,971.5700685000002,972.3206942999996,,,,,z,1,0.7410178000000087,None,par_3_mtr_seq,001,2025-10-01_20h32.23.763,untitled,,2025.1.1,59.80621589926061,2025-10-01 20h32.39.360764 +0530,
50,c,158,2,39,c,1,1.4509140000000116,None,,,,,39,2,158,2,972.3370726000003,,972.3212353999998,972.3370726000003,973.3199058,973.3199058,973.3199058,973.3199058,973.3366065999999,974.3197334999995,974.3197334999995,975.7875746,,,,,c,1,1.4509140000000116,None,par_3_mtr_seq,001,2025-10-01_20h32.23.763,untitled,,2025.1.1,59.80621589926061,2025-10-01 20h32.39.360764 +0530,
150,v,159,3,39,v,1,0.833647700000256,None,,,,,39,3,159,1,975.8022738,,975.7880636999998,975.8022738,976.8033089,976.8033089,976.8033089,976.8033089,976.8033089,977.8030570000001,977.8030570000001,978.6536383000002,,,,,v,1,0.833647700000256,None,par_3_mtr_seq,001,2025-10-01_20h32.23.763,untitled,,2025.1.1,59.80621589926061,2025-10-01 20h32.39.360764 +0530,
150,v,160,0,40,v,1,0.7847505999998248,None,,,,,40,0,160,1,978.6698735999998,,978.6542950000003,978.6698735999998,979.6531691999999,979.6531691999999,979.6531691999999,979.6531691999999,979.6695462999996,980.6540194999998,980.6540194999998,981.4540225000001,,,,,v,1,0.7847505999998248,None,par_3_mtr_seq,001,2025-10-01_20h32.23.763,untitled,,2025.1.1,59.80621589926061,2025-10-01 20h32.39.360764 +0530,
-150,z,161,1,40,z,1,0.739428300000327,None,,,,,40,1,161,3,981.4696193999998,,981.4545674999999,981.4696193999998,982.4532073,982.4532073,982.4532073,982.4532073,982.4701370000002,983.4531206000001,983.4531206000001,984.2037221999999,,,,,z,1,0.739428300000327,None,par_3_mtr_seq,001,2025-10-01_20h32.23.763,untitled,,2025.1.1,59.80621589926061,2025-10-01 20h32.39.360764 +0530,
-50,x,162,2,40,x,1,1.1365625999997064,None,,,,,40,2,162,0,984.2198748000001,,984.2043790999996,984.2198748000001,985.2031894000002,985.2031894000002,985.2031894000002,985.2031894000002,985.2199172999999,986.2031975999998,986.2031975999998,987.3539315999997,,,,,x,1,1.1365625999997064,None,par_3_mtr_seq,001,2025-10-01_20h32.23.763,untitled,,2025.1.1,59.80621589926061,2025-10-01 20h32.39.360764 +0530,
50,c,163,3,40,c,1,0.8648769000001266,None,,,,,40,3,163,2,987.3706432999998,,987.3544001999999,987.3706432999998,988.3531873000002,988.3531873000002,988.3531873000002,988.3531873000002,988.3698149000002,989.3531419000001,989.3531419000001,990.2204578999999,,,,,c,1,0.8648769000001266,None,par_3_mtr_seq,001,2025-10-01_20h32.23.763,untitled,,2025.1.1,59.80621589926061,2025-10-01 20h32.39.360764 +0530,
-150,z,164,0,41,z,1,0.8932194999997591,None,,,,,41,0,164,3,990.2365702999996,,990.2209544999996,990.2365702999996,991.2197673999999,991.2197673999999,991.2197673999999,991.2197673999999,991.2364847999997,992.2198464000003,992.2198464000003,993.1212259000004,,,,,z,1,0.8932194999997591,None,par_3_mtr_seq,001,2025-10-01_20h32.23.763,untitled,,2025.1.1,59.80621589926061,2025-10-01 20h32.39.360764 +0530,
50,c,165,1,41,c,1,0.6016332999997758,None,,,,,41,1,165,2,993.1367284999997,,993.121701,993.1367284999997,994.1365327000003,994.1365327000003,994.1365327000003,994.1365327000003,994.1365327000003,995.1366941999995,995.1366941999995,995.7540902000001,,,,,c,1,0.6016332999997758,None,par_3_mtr_seq,001,2025-10-01_20h32.23.763,untitled,,2025.1.1,59.80621589926061,2025-10-01 20h32.39.360764 +0530,
150,v,166,2,41,v,1,0.9479002999996737,None,,,,,41,2,166,1,995.7690683999999,,995.7546578000001,995.7690683999999,996.7701544000001,996.7701544000001,996.7701544000001,996.7701544000001,996.7701544000001,997.7699827999995,997.7699827999995,998.7209231999996,,,,,v,1,0.9479002999996737,None,par_3_mtr_seq,001,2025-10-01_20h32.23.763,untitled,,2025.1.1,59.80621589926061,2025-10-01 20h32.39.360764 +0530,
-50,x,167,3,41,x,1,0.6758135000000038,None,,,,,41,3,167,0,998.7366033999997,,998.7214613999995,998.7366033999997,999.7366462,999.7366462,999.7366462,999.7366462,999.7366462,1000.7369025999997,1000.7369025999997,1001.4202667,,,,,x,1,0.6758135000000038,None,par_3_mtr_seq,001,2025-10-01_20h32.23.763,untitled,,2025.1.1,59.80621589926061,2025-10-01 20h32.39.360764 +0530,
50,c,168,0,42,c,1,0.7142821999996158,None,,,,,42,0,168,2,1001.4371067000002,,1001.4207424999995,1001.4371067000002,1002.4202205000001,1002.4202205000001,1002.4202205000001,1002.4202205000001,1002.4365256000001,1003.4201583000004,1003.4201583000004,1004.1373505000001,,,,,c,1,0.7142821999996158,None,par_3_mtr_seq,001,2025-10-01_20h32.23.763,untitled,,2025.1.1,59.80621589926061,2025-10-01 20h32.39.360764 +0530,
-150,z,169,1,42,z,1,0.8419201000006069,None,,,,,42,1,169,3,1004.1535533999995,,1004.1379070000003,1004.1535533999995,1005.1366317000002,1005.1366317000002,1005.1366317000002,1005.1366317000002,1005.1535852999996,1006.1367823,1006.1367823,1006.9872193000001,,,,,z,1,0.8419201000006069,None,par_3_mtr_seq,001,2025-10-01_20h32.23.763,untitled,,2025.1.1,59.80621589926061,2025-10-01 20h32.39.360764 +0530,
-50,x,170,2,42,x,1,0.434049600000435,None,,,,,42,2,170,0,1007.0032524999997,,1006.9877102,1007.0032524999997,1007.9867295000004,1007.9867295000004,1007.9867295000004,1007.9867295000004,1008.0033904000002,1008.9867886000002,1008.9867886000002,1009.4365927999997,,,,,x,1,0.434049600000435,None,par_3_mtr_seq,001,2025-10-01_20h32.23.763,untitled,,2025.1.1,59.80621589926061,2025-10-01 20h32.39.360764 +0530,
150,v,171,3,42,v,1,1.1423279999999068,None,,,,,42,3,171,1,1009.4531163000001,,1009.4371872000002,1009.4531163000001,1010.4368021999999,1010.4368021999999,1010.4368021999999,1010.4368021999999,1010.4532276999998,1011.4364201999997,1011.4364201999997,1012.5876648000003,,,,,v,1,1.1423279999999068,None,par_3_mtr_seq,001,2025-10-01_20h32.23.763,untitled,,2025.1.1,59.80621589926061,2025-10-01 20h32.39.360764 +0530,
150,v,172,0,43,v,1,0.7534261000000697,None,,,,,43,0,172,1,1012.6033471999999,,1012.5882167999998,1012.6033471999999,1013.6032887000001,1013.6032887000001,1013.6032887000001,1013.6032887000001,1013.6032887000001,1014.5863515000001,1014.5863515000001,1015.3537410999998,,,,,v,1,0.7534261000000697,None,par_3_mtr_seq,001,2025-10-01_20h32.23.763,untitled,,2025.1.1,59.80621589926061,2025-10-01 20h32.39.360764 +0530,
50,c,173,1,43,c,1,0.3875876000001881,None,,,,,43,1,173,2,1015.3708762999995,,1015.3542011,1015.3708762999995,1016.3535125999997,1016.3535125999997,1016.3535125999997,1016.3535125999997,1016.3710865000003,1017.3534001999997,1017.3534001999997,1017.7540933999999,,,,,c,1,0.3875876000001881,None,par_3_mtr_seq,001,2025-10-01_20h32.23.763,untitled,,2025.1.1,59.80621589926061,2025-10-01 20h32.39.360764 +0530,
-150,z,174,2,43,z,1,0.5554741000005379,None,,,,,43,2,174,3,1017.7700947000003,,1017.7545975000003,1017.7700947000003,1018.7534046999999,1018.7534046999999,1018.7534046999999,1018.7534046999999,1018.7700324999996,1019.7538713000004,1019.7538713000004,1020.3208787000003,,,,,z,1,0.5554741000005379,None,par_3_mtr_seq,001,2025-10-01_20h32.23.763,untitled,,2025.1.1,59.80621589926061,2025-10-01 20h32.39.360764 +0530,
-50,x,175,3,43,x,1,0.5199621000001571,None,,,,,43,3,175,0,1020.3368023000003,,1020.3213571999995,1020.3368023000003,1021.3200403999999,1021.3200403999999,1021.3200403999999,1021.3200403999999,1021.3367806999995,1022.3370170999997,1022.3370170999997,1022.8707887,,,,,x,1,0.5199621000001571,None,par_3_mtr_seq,001,2025-10-01_20h32.23.763,untitled,,2025.1.1,59.80621589926061,2025-10-01 20h32.39.360764 +0530,
-150,z,176,0,44,z,1,0.6106448999998975,None,,,,,44,0,176,3,1022.8868014,,1022.8713350999997,1022.8868014,1023.8718600000002,1023.8718600000002,1023.8718600000002,1023.8718600000002,1023.8870612999999,1024.8702295000003,1024.8702295000003,1025.4884575999995,,,,,z,1,0.6106448999998975,None,par_3_mtr_seq,001,2025-10-01_20h32.23.763,untitled,,2025.1.1,59.80621589926061,2025-10-01 20h32.39.360764 +0530,
-50,x,177,1,44,x,1,0.560722899999746,None,,,,,44,1,177,0,1025.5032721999996,,1025.4889381000003,1025.5032721999996,1026.5033328999998,1026.5033328999998,1026.5033328999998,1026.5033328999998,1026.5033328999998,1027.5034428,1027.5034428,1028.0717635,,,,,x,1,0.560722899999746,None,par_3_mtr_seq,001,2025-10-01_20h32.23.763,untitled,,2025.1.1,59.80621589926061,2025-10-01 20h32.39.360764 +0530,
150,v,178,2,44,v,1,0.8325516000004427,None,,,,,44,2,178,1,1028.0865806000002,,1028.0722591000003,1028.0865806000002,1029.0868443,1029.0868443,1029.0868443,1029.0868443,1029.0868443,1030.0864984999998,1030.0864984999998,1030.9218797000003,,,,,v,1,0.8325516000004427,None,par_3_mtr_seq,001,2025-10-01_20h32.23.763,untitled,,2025.1.1,59.80621589926061,2025-10-01 20h32.39.360764 +0530,
50,c,179,3,44,c,1,0.8168119000001752,None,,,,,44,3,179,2,1030.9364734,,1030.9223577000002,1030.9364734,1031.9368303,1031.9368303,1031.9368303,1031.9368303,1031.9368303,1032.9367228,1032.9367228,1033.7544282,,,,,c,1,0.8168119000001752,None,par_3_mtr_seq,001,2025-10-01_20h32.23.763,untitled,,2025.1.1,59.80621589926061,2025-10-01 20h32.39.360764 +0530,
-150,z,180,0,45,z,1,0.6175048999994033,None,,,,,45,0,180,3,1033.7702341000004,,1033.754962,1033.7702341000004,1034.7701577999997,1034.7701577999997,1034.7701577999997,1034.7701577999997,1034.7701577999997,1035.7702917999995,1035.7702917999995,1036.4043325000002,,,,,z,1,0.6175048999994033,None,par_3_mtr_seq,001,2025-10-01_20h32.23.763,untitled,,2025.1.1,59.80621589926061,2025-10-01 20h32.39.360764 +0530,
150,v,181,1,45,v,1,0.9364300999995976,None,,,,,45,1,181,1,1036.4203994999998,,1036.4048630999996,1036.4203994999998,1037.4034536,1037.4034536,1037.4034536,1037.4034536,1037.4203243000002,1038.4034634,1038.4034634,1039.3541170999997,,,,,v,1,0.9364300999995976,None,par_3_mtr_seq,001,2025-10-01_20h32.23.763,untitled,,2025.1.1,59.80621589926061,2025-10-01 20h32.39.360764 +0530,
-50,x,182,2,45,x,1,0.7019963000002463,None,,,,,45,2,182,0,1039.3702746,,1039.3547042,1039.3702746,1040.3534065000003,1040.3534065000003,1040.3534065000003,1040.3534065000003,1040.3701855999998,1041.3535812,1041.3535812,1042.0709626999997,,,,,x,1,0.7019963000002463,None,par_3_mtr_seq,001,2025-10-01_20h32.23.763,untitled,,2025.1.1,59.80621589926061,2025-10-01 20h32.39.360764 +0530,
50,c,183,3,45,c,1,0.7361295999999129,None,,,,,45,3,183,2,1042.0867700999997,,1042.0715100999996,1042.0867700999997,1043.0703487,1043.0703487,1043.0703487,1043.0703487,1043.0867835999998,1044.0702539000004,1044.0702539000004,1044.8207531999997,,,,,c,1,0.7361295999999129,None,par_3_mtr_seq,001,2025-10-01_20h32.23.763,untitled,,2025.1.1,59.80621589926061,2025-10-01 20h32.39.360764 +0530,
-50,x,184,0,46,x,1,0.5744552000005569,None,,,,,46,0,184,0,1044.8368459000003,,1044.8211915000002,1044.8368459000003,1045.8201332999997,1045.8201332999997,1045.8201332999997,1045.8201332999997,1045.8367951999999,1046.8203464999997,1046.8203464999997,1047.4037827000002,,,,,x,1,0.5744552000005569,None,par_3_mtr_seq,001,2025-10-01_20h32.23.763,untitled,,2025.1.1,59.80621589926061,2025-10-01 20h32.39.360764 +0530,
50,c,185,1,46,c,1,0.4226675999998406,None,,,,,46,1,185,2,1047.4201924,,1047.4042620999999,1047.4201924,1048.4039635999998,1048.4039635999998,1048.4039635999998,1048.4039635999998,1048.4201113999998,1049.4036574000002,1049.4036574000002,1049.8375041999998,,,,,c,1,0.4226675999998406,None,par_3_mtr_seq,001,2025-10-01_20h32.23.763,untitled,,2025.1.1,59.80621589926061,2025-10-01 20h32.39.360764 +0530,
150,v,186,2,46,v,1,0.7668663000004017,None,,,,,46,2,186,1,1049.8536843000002,,1049.8379935000003,1049.8536843000002,1050.8369260999998,1050.8369260999998,1050.8369260999998,1050.8369260999998,1050.8532124000003,1051.8371143000004,1051.8371143000004,1052.6206261999996,,,,,v,1,0.7668663000004017,None,par_3_mtr_seq,001,2025-10-01_20h32.23.763,untitled,,2025.1.1,59.80621589926061,2025-10-01 20h32.39.360764 +0530,
-150,z,187,3,46,z,1,0.6510567999994237,None,,,,,46,3,187,3,1052.6365745000003,,1052.6213365000003,1052.6365745000003,1053.6201616999997,1053.6201616999997,1053.6201616999997,1053.6201616999997,1053.6369906999998,1054.6201897,1054.6201897,1055.2875056000003,,,,,z,1,0.6510567999994237,None,par_3_mtr_seq,001,2025-10-01_20h32.23.763,untitled,,2025.1.1,59.80621589926061,2025-10-01 20h32.39.360764 +0530,
150,v,188,0,47,v,1,0.7663835000003019,None,,,,,47,0,188,1,1055.3035831999996,,1055.2880280999998,1055.3035831999996,1056.2871631999997,1056.2871631999997,1056.2871631999997,1056.2871631999997,1056.3036156999997,1057.2872078999999,1057.2872078999999,1058.055163,,,,,v,1,0.7663835000003019,None,par_3_mtr_seq,001,2025-10-01_20h32.23.763,untitled,,2025.1.1,59.80621589926061,2025-10-01 20h32.39.360764 +0530,
-150,z,189,1,47,z,1,0.7123222999998688,None,,,,,47,1,189,3,1058.0700428,,1058.0556507000001,1058.0700428,1059.0705017999999,1059.0705017999999,1059.0705017999999,1059.0705017999999,1059.0705017999999,1060.0538452,1060.0538452,1060.7710487000004,,,,,z,1,0.7123222999998688,None,par_3_mtr_seq,001,2025-10-01_20h32.23.763,untitled,,2025.1.1,59.80621589926061,2025-10-01 20h32.39.360764 +0530,
-50,x,190,2,47,x,1,0.5993833000002269,None,,,,,47,2,190,0,1060.7870255999997,,1060.7715583,1060.7870255999997,1061.7702172,1061.7702172,1061.7702172,1061.7702172,1061.7868853,1062.7703137999997,1062.7703137999997,1063.3720758,,,,,x,1,0.5993833000002269,None,par_3_mtr_seq,001,2025-10-01_20h32.23.763,untitled,,2025.1.1,59.80621589926061,2025-10-01 20h32.39.360764 +0530,
50,c,191,3,47,c,1,0.5696520999999848,None,,,,,47,3,191,2,1063.38677,,1063.3725579000002,1063.38677,1064.3868817000002,1064.3868817000002,1064.3868817000002,1064.3868817000002,1064.3868817000002,1065.3869341,1065.3869341,1065.9709402999997,,,,,c,1,0.5696520999999848,None,par_3_mtr_seq,001,2025-10-01_20h32.23.763,untitled,,2025.1.1,59.80621589926061,2025-10-01 20h32.39.360764 +0530,
150,v,192,0,48,v,1,0.7386608999995588,None,,,,,48,0,192,1,1065.9871458999996,,1065.9713886999998,1065.9871458999996,1066.9702335000002,1066.9702335000002,1066.9702335000002,1066.9702335000002,1066.9868727000003,1067.9702196999997,1067.9702196999997,1068.7213632000003,,,,,v,1,0.7386608999995588,None,par_3_mtr_seq,001,2025-10-01_20h32.23.763,untitled,,2025.1.1,59.80621589926061,2025-10-01 20h32.39.360764 +0530,
-50,x,193,1,48,x,1,0.5203298999995241,None,,,,,48,1,193,0,1068.7369577999998,,1068.7218477999995,1068.7369577999998,1069.7377911000003,1069.7377911000003,1069.7377911000003,1069.7377911000003,1069.7377911000003,1070.7373539999999,1070.7373539999999,1071.2712124999998,,,,,x,1,0.5203298999995241,None,par_3_mtr_seq,001,2025-10-01_20h32.23.763,untitled,,2025.1.1,59.80621589926061,2025-10-01 20h32.39.360764 +0530,
-150,z,194,2,48,z,1,0.6808331000001999,None,,,,,48,2,194,3,1071.2868662,,1071.2717886,1071.2868662,1072.2874143,1072.2874143,1072.2874143,1072.2874143,1072.2874143,1073.2703039999997,1073.2703039999997,1073.9541578999997,,,,,z,1,0.6808331000001999,None,par_3_mtr_seq,001,2025-10-01_20h32.23.763,untitled,,2025.1.1,59.80621589926061,2025-10-01 20h32.39.360764 +0530,
50,c,195,3,48,c,1,0.4461841000002096,None,,,,,48,3,195,2,1073.9705849000002,,1073.9546375,1073.9705849000002,1074.9537282000001,1074.9537282000001,1074.9537282000001,1074.9537282000001,1074.9705064,1075.9541669,1075.9541669,1076.4049462000003,,,,,c,1,0.4461841000002096,None,par_3_mtr_seq,001,2025-10-01_20h32.23.763,untitled,,2025.1.1,59.80621589926061,2025-10-01 20h32.39.360764 +0530,
-50,x,196,0,49,x,1,0.8142207000000781,None,,,,,49,0,196,0,1076.4207802,,1076.4058323999998,1076.4207802,1077.4203160999996,1077.4203160999996,1077.4203160999996,1077.4203160999996,1077.4203160999996,1078.4202896999996,1078.4202896999996,1079.2376811000004,,,,,x,1,0.8142207000000781,None,par_3_mtr_seq,001,2025-10-01_20h32.23.763,untitled,,2025.1.1,59.80621589926061,2025-10-01 20h32.39.360764 +0530,
-150,z,197,1,49,z,1,0.7305476000001363,None,,,,,49,1,197,3,1079.2542391999996,,1079.2382461999996,1079.2542391999996,1080.2370601000002,1080.2370601000002,1080.2370601000002,1080.2370601000002,1080.2537513999996,1081.2367364000002,1081.2367364000002,1081.9715778999998,,,,,z,1,0.7305476000001363,None,par_3_mtr_seq,001,2025-10-01_20h32.23.763,untitled,,2025.1.1,59.80621589926061,2025-10-01 20h32.39.360764 +0530,
150,v,198,2,49,v,1,0.8819302000001699,None,,,,,49,2,198,1,1081.9868539,,1081.9720771000002,1081.9868539,1082.9872327000003,1082.9872327000003,1082.9872327000003,1082.9872327000003,1082.9872327000003,1083.9871660999997,1083.9871660999997,1084.8720206999997,,,,,v,1,0.8819302000001699,None,par_3_mtr_seq,001,2025-10-01_20h32.23.763,untitled,,2025.1.1,59.80621589926061,2025-10-01 20h32.39.360764 +0530,
50,c,199,3,49,c,1,0.4493215999991662,None,,,,,49,3,199,2,1084.8870000999996,,1084.8724997999998,1084.8870000999996,1085.8870441,1085.8870441,1085.8870441,1085.8870441,1085.8870441,1086.8871120000003,1086.8871120000003,1087.3382943999995,,,,,c,1,0.4493215999991662,None,par_3_mtr_seq,001,2025-10-01_20h32.23.763,untitled,,2025.1.1,59.80621589926061,2025-10-01 20h32.39.360764 +0530,
