pos,corr_resp,thisN,thisTrialN,thisRepN,key_resp.keys,key_resp.corr,key_resp.rt,key_resp.duration,trials.thisRepN,trials.thisTrialN,trials.thisN,trials.thisIndex,trials_2.thisRepN,trials_2.thisTrialN,trials_2.thisN,trials_2.thisIndex,thisRow.t,notes,trial.started,fixation.started,line1.started,line_2.started,line_3.started,line4.started,fixation.stopped,probe.started,key_resp.started,trial.stopped,trials.key_resp.keys,trials.key_resp.corr,trials.key_resp.rt,trials.key_resp.duration,trials_2.key_resp.keys,trials_2.key_resp.corr,trials_2.key_resp.rt,trials_2.key_resp.duration,participant,session,date,expName,expVersion,psychopyVersion,frameRate,expStart,
-50,x,0,0,0,x,1,1.3048164000001634,None,0,0,0,0,,,,,0.028937499999756255,,0.019181799999842042,0.028937499999756255,1.011603699999796,1.011603699999796,1.011603699999796,1.011603699999796,1.0283954999999878,2.0116868999998587,2.0116868999998587,3.337725099999716,x,1,1.3048164000001634,None,,,,,par_2_mtr_seq,001,2025-10-01_19h58.27.067,untitled,,2025.1.1,59.746578910965944,2025-10-01 19h58.55.438069 +0530,
150,v,1,1,0,v,1,0.9498962999996365,None,0,1,1,1,,,,,3.347075700000005,,3.338245899999947,3.347075700000005,4.345068600000104,4.345068600000104,4.345068600000104,4.345068600000104,4.361797699999897,5.34502109999994,5.34502109999994,6.2959578999998485,v,1,0.9498962999996365,None,,,,,par_2_mtr_seq,001,2025-10-01_19h58.27.067,untitled,,2025.1.1,59.746578910965944,2025-10-01 19h58.55.438069 +0530,
50,c,2,2,0,c,1,0.7918060000001788,None,0,2,2,2,,,,,6.311366599999928,,6.296462799999972,6.311366599999928,7.311847599999965,7.311847599999965,7.311847599999965,7.311847599999965,7.311847599999965,8.295022899999822,8.295022899999822,9.096525500000098,c,1,0.7918060000001788,None,,,,,par_2_mtr_seq,001,2025-10-01_19h58.27.067,untitled,,2025.1.1,59.746578910965944,2025-10-01 19h58.55.438069 +0530,
-150,z,3,3,0,z,1,0.8313634999999522,None,0,3,3,3,,,,,9.111676699999862,,9.09701509999968,9.111676699999862,10.111754699999892,10.111754699999892,10.111754699999892,10.111754699999892,10.111754699999892,11.111750699999902,11.111750699999902,11.94590849999986,z,1,0.8313634999999522,None,,,,,par_2_mtr_seq,001,2025-10-01_19h58.27.067,untitled,,2025.1.1,59.746578910965944,2025-10-01 19h58.55.438069 +0530,
-50,x,4,0,1,x,1,0.8371827999999368,None,1,0,4,0,,,,,11.961997399999746,,11.946395799999664,11.961997399999746,12.945087199999762,12.945087199999762,12.945087199999762,12.945087199999762,12.961977599999955,13.945065399999748,13.945065399999748,14.795016499999747,x,1,0.8371827999999368,None,,,,,par_2_mtr_seq,001,2025-10-01_19h58.27.067,untitled,,2025.1.1,59.746578910965944,2025-10-01 19h58.55.438069 +0530,
150,v,5,1,1,v,1,0.8167637999999897,None,1,1,5,1,,,,,14.811677599999712,,14.795599399999901,14.811677599999712,15.795151799999985,15.795151799999985,15.795151799999985,15.795151799999985,15.811714999999822,16.795450499999788,16.795450499999788,17.62931649999973,v,1,0.8167637999999897,None,,,,,par_2_mtr_seq,001,2025-10-01_19h58.27.067,untitled,,2025.1.1,59.746578910965944,2025-10-01 19h58.55.438069 +0530,
50,c,6,2,1,c,1,1.2987364000000525,None,1,2,6,2,,,,,17.645072100000107,,17.62988859999996,17.645072100000107,18.628474599999663,18.628474599999663,18.628474599999663,18.628474599999663,18.64507279999998,19.6449834,19.6449834,20.945942099999684,c,1,1.2987364000000525,None,,,,,par_2_mtr_seq,001,2025-10-01_19h58.27.067,untitled,,2025.1.1,59.746578910965944,2025-10-01 19h58.55.438069 +0530,
-150,z,7,3,1,z,1,1.0143348000001424,None,1,3,7,3,,,,,20.96177519999992,,20.946434399999816,20.96177519999992,21.945071999999982,21.945071999999982,21.945071999999982,21.945071999999982,21.961711899999955,22.94509119999975,22.94509119999975,23.96243370000002,z,1,1.0143348000001424,None,,,,,par_2_mtr_seq,001,2025-10-01_19h58.27.067,untitled,,2025.1.1,59.746578910965944,2025-10-01 19h58.55.438069 +0530,
-50,x,8,0,2,x,1,1.1023605999998836,None,2,0,8,0,,,,,23.97854469999993,,23.96292889999995,23.97854469999993,24.961942999999792,24.961942999999792,24.961942999999792,24.961942999999792,24.978413999999702,25.96190609999985,25.96190609999985,27.078253700000005,x,1,1.1023605999998836,None,,,,,par_2_mtr_seq,001,2025-10-01_19h58.27.067,untitled,,2025.1.1,59.746578910965944,2025-10-01 19h58.55.438069 +0530,
150,v,9,1,2,v,1,0.7164888000002065,None,2,1,9,1,,,,,27.095174900000075,,27.078812799999923,27.095174900000075,28.078448299999764,28.078448299999764,28.078448299999764,28.078448299999764,28.09514360000003,29.07845049999969,29.07845049999969,29.796009799999865,v,1,0.7164888000002065,None,,,,,par_2_mtr_seq,001,2025-10-01_19h58.27.067,untitled,,2025.1.1,59.746578910965944,2025-10-01 19h58.55.438069 +0530,
50,c,10,2,2,c,1,0.7044848999998976,None,2,2,10,2,,,,,29.811826199999814,,29.79651079999985,29.811826199999814,30.795477199999823,30.795477199999823,30.795477199999823,30.795477199999823,30.81180039999981,31.794971699999678,31.794971699999678,32.512630400000035,c,1,0.7044848999998976,None,,,,,par_2_mtr_seq,001,2025-10-01_19h58.27.067,untitled,,2025.1.1,59.746578910965944,2025-10-01 19h58.55.438069 +0530,
-150,z,11,3,2,z,1,0.7917656999998144,None,2,3,11,3,,,,,32.52895919999992,,32.51312749999988,32.52895919999992,33.51190289999977,33.51190289999977,33.51190289999977,33.51190289999977,33.527903199999855,34.511821099999906,34.511821099999906,35.31236450000006,z,1,0.7917656999998144,None,,,,,par_2_mtr_seq,001,2025-10-01_19h58.27.067,untitled,,2025.1.1,59.746578910965944,2025-10-01 19h58.55.438069 +0530,
-50,x,12,0,3,x,1,0.7144635999998172,None,3,0,12,0,,,,,35.32898159999968,,35.31283129999974,35.32898159999968,36.31208939999988,36.31208939999988,36.31208939999988,36.31208939999988,36.3285050999998,37.31200499999977,37.31200499999977,38.029390799999874,x,1,0.7144635999998172,None,,,,,par_2_mtr_seq,001,2025-10-01_19h58.27.067,untitled,,2025.1.1,59.746578910965944,2025-10-01 19h58.55.438069 +0530,
150,v,13,1,3,v,1,0.6996907000002466,None,3,1,13,1,,,,,38.04519419999997,,38.029946499999824,38.04519419999997,39.02859559999979,39.02859559999979,39.02859559999979,39.02859559999979,39.04503109999996,40.02862520000008,40.02862520000008,40.729605699999865,v,1,0.6996907000002466,None,,,,,par_2_mtr_seq,001,2025-10-01_19h58.27.067,untitled,,2025.1.1,59.746578910965944,2025-10-01 19h58.55.438069 +0530,
50,c,14,2,3,c,1,0.7647570000003725,None,3,2,14,2,,,,,40.74497969999993,,40.73011399999996,40.74497969999993,41.74514129999989,41.74514129999989,41.74514129999989,41.74514129999989,41.74514129999989,42.745184699999754,42.745184699999754,43.512728100000004,c,1,0.7647570000003725,None,,,,,par_2_mtr_seq,001,2025-10-01_19h58.27.067,untitled,,2025.1.1,59.746578910965944,2025-10-01 19h58.55.438069 +0530,
-150,z,15,3,3,z,1,0.7073903000000428,None,3,3,15,3,,,,,43.52851299999975,,43.51329459999988,43.52851299999975,44.51185099999975,44.51185099999975,44.51185099999975,44.51185099999975,44.5283445,45.51194919999989,45.51194919999989,46.22915009999997,z,1,0.7073903000000428,None,,,,,par_2_mtr_seq,001,2025-10-01_19h58.27.067,untitled,,2025.1.1,59.746578910965944,2025-10-01 19h58.55.438069 +0530,
-50,x,16,0,4,x,1,0.7266422000002422,None,4,0,16,0,,,,,46.24623470000006,,46.229780599999685,46.24623470000006,47.22897669999975,47.22897669999975,47.22897669999975,47.22897669999975,47.245381299999735,48.22858709999991,48.22858709999991,48.9623845000001,x,1,0.7266422000002422,None,,,,,par_2_mtr_seq,001,2025-10-01_19h58.27.067,untitled,,2025.1.1,59.746578910965944,2025-10-01 19h58.55.438069 +0530,
150,v,17,1,4,v,1,0.7885504000000765,None,4,1,17,1,,,,,48.979438800000025,,48.96283319999975,48.979438800000025,49.961944499999845,49.961944499999845,49.961944499999845,49.961944499999845,49.97864019999997,50.96190509999997,50.96190509999997,51.76242520000005,v,1,0.7885504000000765,None,,,,,par_2_mtr_seq,001,2025-10-01_19h58.27.067,untitled,,2025.1.1,59.746578910965944,2025-10-01 19h58.55.438069 +0530,
50,c,18,2,4,c,1,0.8079588999999032,None,4,2,18,2,,,,,51.77862090000008,,51.76291970000011,51.77862090000008,52.762077399999725,52.762077399999725,52.762077399999725,52.762077399999725,52.77854679999973,53.762020499999835,53.762020499999835,54.57931049999979,c,1,0.8079588999999032,None,,,,,par_2_mtr_seq,001,2025-10-01_19h58.27.067,untitled,,2025.1.1,59.746578910965944,2025-10-01 19h58.55.438069 +0530,
-150,z,19,3,4,z,1,0.783599299999878,None,4,3,19,3,,,,,54.59527369999978,,54.579889000000094,54.59527369999978,55.57852529999991,55.57852529999991,55.57852529999991,55.57852529999991,55.59541649999983,56.57884389999981,56.57884389999981,57.37927529999979,z,1,0.783599299999878,None,,,,,par_2_mtr_seq,001,2025-10-01_19h58.27.067,untitled,,2025.1.1,59.746578910965944,2025-10-01 19h58.55.438069 +0530,
-50,x,20,0,5,x,1,0.6762723000001643,None,5,0,20,0,,,,,57.39599999999973,,57.37983209999993,57.39599999999973,58.37791070000003,58.37791070000003,58.37791070000003,58.37791070000003,58.41189039999972,59.37842619999992,59.37842619999992,60.062787899999876,x,1,0.6762723000001643,None,,,,,par_2_mtr_seq,001,2025-10-01_19h58.27.067,untitled,,2025.1.1,59.746578910965944,2025-10-01 19h58.55.438069 +0530,
150,v,21,1,5,v,1,0.9691204000000653,None,5,1,21,1,,,,,60.078605199999856,,60.06327959999999,60.078605199999856,61.06198059999997,61.06198059999997,61.06198059999997,61.06198059999997,61.07862329999989,62.062215800000104,62.062215800000104,63.04616829999986,v,1,0.9691204000000653,None,,,,,par_2_mtr_seq,001,2025-10-01_19h58.27.067,untitled,,2025.1.1,59.746578910965944,2025-10-01 19h58.55.438069 +0530,
50,c,22,2,5,c,1,0.7804461000000629,None,5,2,22,2,,,,,63.06213959999968,,63.0467251,63.06213959999968,64.04532530000006,64.04532530000006,64.04532530000006,64.04532530000006,64.06168099999968,65.04529289999982,65.04529289999982,65.82912660000011,c,1,0.7804461000000629,None,,,,,par_2_mtr_seq,001,2025-10-01_19h58.27.067,untitled,,2025.1.1,59.746578910965944,2025-10-01 19h58.55.438069 +0530,
-150,z,23,3,5,z,1,0.9356193999997231,None,5,3,23,3,,,,,65.84515729999976,,65.82959439999968,65.84515729999976,66.82875909999984,66.82875909999984,66.82875909999984,66.82875909999984,66.84553400000004,67.82889840000007,67.82889840000007,68.77949020000005,z,1,0.9356193999997231,None,,,,,par_2_mtr_seq,001,2025-10-01_19h58.27.067,untitled,,2025.1.1,59.746578910965944,2025-10-01 19h58.55.438069 +0530,
-50,x,24,0,6,x,1,0.6733103999999912,None,6,0,24,0,,,,,68.79578730000003,,68.78007750000006,68.79578730000003,69.77874829999973,69.77874829999973,69.77874829999973,69.77874829999973,69.7953566000001,70.77861750000011,70.77861750000011,71.46273289999999,x,1,0.6733103999999912,None,,,,,par_2_mtr_seq,001,2025-10-01_19h58.27.067,untitled,,2025.1.1,59.746578910965944,2025-10-01 19h58.55.438069 +0530,
150,v,25,1,6,v,1,0.8274344999999812,None,6,1,25,1,,,,,71.47886709999966,,71.46319089999997,71.47886709999966,72.46196809999992,72.46196809999992,72.46196809999992,72.46196809999992,72.4787581999999,73.46207199999981,73.46207199999981,74.29677339999989,v,1,0.8274344999999812,None,,,,,par_2_mtr_seq,001,2025-10-01_19h58.27.067,untitled,,2025.1.1,59.746578910965944,2025-10-01 19h58.55.438069 +0530,
50,c,26,2,6,c,1,0.8176392999998825,None,6,2,26,2,,,,,74.31203699999969,,74.29729849999967,74.31203699999969,75.31201139999985,75.31201139999985,75.31201139999985,75.31201139999985,75.31201139999985,76.3122429,76.3122429,77.14627829999972,c,1,0.8176392999998825,None,,,,,par_2_mtr_seq,001,2025-10-01_19h58.27.067,untitled,,2025.1.1,59.746578910965944,2025-10-01 19h58.55.438069 +0530,
-150,z,27,3,6,z,1,0.8196698000001561,None,6,3,27,3,,,,,77.16118319999987,,77.14685710000003,77.16118319999987,78.16234299999996,78.16234299999996,78.16234299999996,78.16234299999996,78.16234299999996,79.14541989999998,79.14541989999998,79.97946139999976,z,1,0.8196698000001561,None,,,,,par_2_mtr_seq,001,2025-10-01_19h58.27.067,untitled,,2025.1.1,59.746578910965944,2025-10-01 19h58.55.438069 +0530,
-50,x,28,0,7,x,1,0.667071599999872,None,7,0,28,0,,,,,79.99540909999996,,79.97994289999997,79.99540909999996,80.97975619999988,80.97975619999988,80.97975619999988,80.97975619999988,80.99569410000004,81.99542840000004,81.99542840000004,82.67952930000001,x,1,0.667071599999872,None,,,,,par_2_mtr_seq,001,2025-10-01_19h58.27.067,untitled,,2025.1.1,59.746578910965944,2025-10-01 19h58.55.438069 +0530,
150,v,29,1,7,v,1,0.7301175999996303,None,7,1,29,1,,,,,82.69541619999973,,82.679979,82.69541619999973,83.67868790000011,83.67868790000011,83.67868790000011,83.67868790000011,83.69546480000008,84.67870579999999,84.67870579999999,85.41260179999972,v,1,0.7301175999996303,None,,,,,par_2_mtr_seq,001,2025-10-01_19h58.27.067,untitled,,2025.1.1,59.746578910965944,2025-10-01 19h58.55.438069 +0530,
50,c,30,2,7,c,1,0.8423463999997693,None,7,2,30,2,,,,,85.42915569999968,,85.4130753999998,85.42915569999968,86.41207720000011,86.41207720000011,86.41207720000011,86.41207720000011,86.4294119000001,87.41203360000009,87.41203360000009,88.26293279999982,c,1,0.8423463999997693,None,,,,,par_2_mtr_seq,001,2025-10-01_19h58.27.067,untitled,,2025.1.1,59.746578910965944,2025-10-01 19h58.55.438069 +0530,
-150,z,31,3,7,z,1,0.8134862000001704,None,7,3,31,3,,,,,88.27876769999966,,88.26348909999979,88.27876769999966,89.26217479999968,89.26217479999968,89.26217479999968,89.26217479999968,89.27872329999991,90.26209530000006,90.26209530000006,91.07908619999989,z,1,0.8134862000001704,None,,,,,par_2_mtr_seq,001,2025-10-01_19h58.27.067,untitled,,2025.1.1,59.746578910965944,2025-10-01 19h58.55.438069 +0530,
-50,x,32,0,8,x,1,0.6663352999999006,None,8,0,32,0,,,,,91.09646389999989,,91.07968729999993,91.09646389999989,92.07886770000005,92.07886770000005,92.07886770000005,92.07886770000005,92.09566760000007,93.07889419999992,93.07889419999992,93.74637269999994,x,1,0.6663352999999006,None,,,,,par_2_mtr_seq,001,2025-10-01_19h58.27.067,untitled,,2025.1.1,59.746578910965944,2025-10-01 19h58.55.438069 +0530,
150,v,33,1,8,v,1,0.7514611000001423,None,8,1,33,1,,,,,93.76241949999985,,93.74689929999977,93.76241949999985,94.76215849999971,94.76215849999971,94.76215849999971,94.76215849999971,94.76215849999971,95.7454588999999,95.7454588999999,96.51296120000006,v,1,0.7514611000001423,None,,,,,par_2_mtr_seq,001,2025-10-01_19h58.27.067,untitled,,2025.1.1,59.746578910965944,2025-10-01 19h58.55.438069 +0530,
50,c,34,2,8,c,1,0.6811548000000585,None,8,2,34,2,,,,,96.52869379999993,,96.51351159999967,96.52869379999993,97.51218349999999,97.51218349999999,97.51218349999999,97.51218349999999,97.5289742,98.5121764999999,98.5121764999999,99.19618559999981,c,1,0.6811548000000585,None,,,,,par_2_mtr_seq,001,2025-10-01_19h58.27.067,untitled,,2025.1.1,59.746578910965944,2025-10-01 19h58.55.438069 +0530,
-150,z,35,3,8,z,1,0.7101320000001579,None,8,3,35,3,,,,,99.21228440000004,,99.1967325999999,99.21228440000004,100.19551189999993,100.19551189999993,100.19551189999993,100.19551189999993,100.21212299999979,101.1954952000001,101.1954952000001,101.91283299999986,z,1,0.7101320000001579,None,,,,,par_2_mtr_seq,001,2025-10-01_19h58.27.067,untitled,,2025.1.1,59.746578910965944,2025-10-01 19h58.55.438069 +0530,
-50,x,36,0,9,x,1,0.7965973999998823,None,9,0,36,0,,,,,101.92890200000011,,101.91338159999987,101.92890200000011,102.91211629999998,102.91211629999998,102.91211629999998,102.91211629999998,102.92884879999974,103.91212599999972,103.91212599999972,104.71271350000006,x,1,0.7965973999998823,None,,,,,par_2_mtr_seq,001,2025-10-01_19h58.27.067,untitled,,2025.1.1,59.746578910965944,2025-10-01 19h58.55.438069 +0530,
150,v,37,1,9,v,1,0.8570042999999714,None,9,1,37,1,,,,,104.72858589999987,,104.7131958,104.72858589999987,105.71221109999988,105.71221109999988,105.71221109999988,105.71221109999988,105.72883189999993,106.71214920000011,106.71214920000011,107.57964959999981,v,1,0.8570042999999714,None,,,,,par_2_mtr_seq,001,2025-10-01_19h58.27.067,untitled,,2025.1.1,59.746578910965944,2025-10-01 19h58.55.438069 +0530,
50,c,38,2,9,c,1,1.78400449999981,None,9,2,38,2,,,,,107.59557719999975,,107.58020189999979,107.59557719999975,108.59554879999996,108.59554879999996,108.59554879999996,108.59554879999996,108.59554879999996,109.57902329999979,109.57902329999979,111.37980849999985,c,1,1.78400449999981,None,,,,,par_2_mtr_seq,001,2025-10-01_19h58.27.067,untitled,,2025.1.1,59.746578910965944,2025-10-01 19h58.55.438069 +0530,
-150,z,39,3,9,z,1,0.8346258000001399,None,9,3,39,3,,,,,111.39464689999977,,111.38029289999986,111.39464689999977,112.37892819999979,112.37892819999979,112.37892819999979,112.37892819999979,112.39557729999979,113.37916919999998,113.37916919999998,114.22976639999979,z,1,0.8346258000001399,None,,,,,par_2_mtr_seq,001,2025-10-01_19h58.27.067,untitled,,2025.1.1,59.746578910965944,2025-10-01 19h58.55.438069 +0530,
-50,x,40,0,10,x,1,0.9195506999999452,None,10,0,40,0,,,,,114.24571429999969,,114.23032169999988,114.24571429999969,115.22902290000002,115.22902290000002,115.22902290000002,115.22902290000002,115.24582519999967,116.22899699999971,116.22899699999971,117.16298589999997,x,1,0.9195506999999452,None,,,,,par_2_mtr_seq,001,2025-10-01_19h58.27.067,untitled,,2025.1.1,59.746578910965944,2025-10-01 19h58.55.438069 +0530,
150,v,41,1,10,v,1,0.9372537999997803,None,10,1,41,1,,,,,117.17876350000006,,117.16371049999998,117.17876350000006,118.17876729999989,118.17876729999989,118.17876729999989,118.17876729999989,118.17876729999989,119.16217929999993,119.16217929999993,120.11296559999982,v,1,0.9372537999997803,None,,,,,par_2_mtr_seq,001,2025-10-01_19h58.27.067,untitled,,2025.1.1,59.746578910965944,2025-10-01 19h58.55.438069 +0530,
50,c,42,2,10,c,1,0.8144346999997651,None,10,2,42,2,,,,,120.1289670000001,,120.11350869999978,120.1289670000001,121.1122878000001,121.1122878000001,121.1122878000001,121.1122878000001,121.12892239999974,122.11245869999993,122.11245869999993,122.9298273999998,c,1,0.8144346999997651,None,,,,,par_2_mtr_seq,001,2025-10-01_19h58.27.067,untitled,,2025.1.1,59.746578910965944,2025-10-01 19h58.55.438069 +0530,
-150,z,43,3,10,z,1,0.7710926999998264,None,10,3,43,3,,,,,122.94551749999982,,122.93038049999996,122.94551749999982,123.94575319999967,123.94575319999967,123.94575319999967,123.94575319999967,123.94575319999967,124.94538519999969,124.94538519999969,125.72955550000006,z,1,0.7710926999998264,None,,,,,par_2_mtr_seq,001,2025-10-01_19h58.27.067,untitled,,2025.1.1,59.746578910965944,2025-10-01 19h58.55.438069 +0530,
-50,x,44,0,11,x,1,0.7698246999998446,None,11,0,44,0,,,,,125.74568909999971,,125.73007280000002,125.74568909999971,126.72946309999998,126.72946309999998,126.72946309999998,126.72946309999998,126.7457916999997,127.72910989999991,127.72910989999991,128.5128248000001,x,1,0.7698246999998446,None,,,,,par_2_mtr_seq,001,2025-10-01_19h58.27.067,untitled,,2025.1.1,59.746578910965944,2025-10-01 19h58.55.438069 +0530,
150,v,45,1,11,v,1,0.6978469999999106,None,11,1,45,1,,,,,128.52833669999973,,128.51326949999975,128.52833669999973,129.51238280000007,129.51238280000007,129.51238280000007,129.51238280000007,129.52925079999977,130.5123693999999,130.5123693999999,131.21305779999966,v,1,0.6978469999999106,None,,,,,par_2_mtr_seq,001,2025-10-01_19h58.27.067,untitled,,2025.1.1,59.746578910965944,2025-10-01 19h58.55.438069 +0530,
50,c,46,2,11,c,1,1.2935317999999825,None,11,2,46,2,,,,,131.22925099999975,,131.21349949999967,131.22925099999975,132.21239879999985,132.21239879999985,132.21239879999985,132.21239879999985,132.22874449999972,133.2129715000001,133.2129715000001,134.5130782000001,c,1,1.2935317999999825,None,,,,,par_2_mtr_seq,001,2025-10-01_19h58.27.067,untitled,,2025.1.1,59.746578910965944,2025-10-01 19h58.55.438069 +0530,
-150,z,47,3,11,z,1,0.7310702999998284,None,11,3,47,3,,,,,134.5288099999998,,134.51356669999996,134.5288099999998,135.51280739999993,135.51280739999993,135.51280739999993,135.51280739999993,135.52897249999978,136.51251550000006,136.51251550000006,137.24648149999985,z,1,0.7310702999998284,None,,,,,par_2_mtr_seq,001,2025-10-01_19h58.27.067,untitled,,2025.1.1,59.746578910965944,2025-10-01 19h58.55.438069 +0530,
-50,x,48,0,12,x,1,0.8529576999999335,None,12,0,48,0,,,,,137.26238680000006,,137.24704949999978,137.26238680000006,138.24588079999967,138.24588079999967,138.24588079999967,138.24588079999967,138.262565,139.24593389999973,139.24593389999973,140.11319729999968,x,1,0.8529576999999335,None,,,,,par_2_mtr_seq,001,2025-10-01_19h58.27.067,untitled,,2025.1.1,59.746578910965944,2025-10-01 19h58.55.438069 +0530,
150,v,49,1,12,v,1,0.7818720999998732,None,12,1,49,1,,,,,140.12931469999967,,140.11368379999976,140.12931469999967,141.1130490999999,141.1130490999999,141.1130490999999,141.1130490999999,141.1291922999999,142.11237059999985,142.11237059999985,142.89653180000005,v,1,0.7818720999998732,None,,,,,par_2_mtr_seq,001,2025-10-01_19h58.27.067,untitled,,2025.1.1,59.746578910965944,2025-10-01 19h58.55.438069 +0530,
50,c,50,2,12,c,1,0.6972699000002649,None,12,2,50,2,,,,,142.91254979999985,,142.89704809999967,142.91254979999985,143.89586370000006,143.89586370000006,143.89586370000006,143.89586370000006,143.9126038999998,144.89594179999995,144.89594179999995,145.5963168999997,c,1,0.6972699000002649,None,,,,,par_2_mtr_seq,001,2025-10-01_19h58.27.067,untitled,,2025.1.1,59.746578910965944,2025-10-01 19h58.55.438069 +0530,
-150,z,51,3,12,z,1,0.8200939000003018,None,12,3,51,3,,,,,145.6124433,,145.59680609999987,145.6124433,146.59576549999974,146.59576549999974,146.59576549999974,146.59576549999974,146.61238809999986,147.59572709999975,147.59572709999975,148.42980239999997,z,1,0.8200939000003018,None,,,,,par_2_mtr_seq,001,2025-10-01_19h58.27.067,untitled,,2025.1.1,59.746578910965944,2025-10-01 19h58.55.438069 +0530,
-50,x,52,0,13,x,1,0.8138719999997193,None,13,0,52,0,,,,,148.44607739999992,,148.43029279999973,148.44607739999992,149.42921179999985,149.42921179999985,149.42921179999985,149.42921179999985,149.4458608,150.42932259999998,150.42932259999998,151.24649869999985,x,1,0.8138719999997193,None,,,,,par_2_mtr_seq,001,2025-10-01_19h58.27.067,untitled,,2025.1.1,59.746578910965944,2025-10-01 19h58.55.438069 +0530,
150,v,53,1,13,v,1,0.8339097999996739,None,13,1,53,1,,,,,151.2618425999999,,151.24717250000003,151.2618425999999,152.2454404,152.2454404,152.2454404,152.2454404,152.2624166999999,153.2458343999997,153.2458343999997,154.09660779999967,v,1,0.8339097999996739,None,,,,,par_2_mtr_seq,001,2025-10-01_19h58.27.067,untitled,,2025.1.1,59.746578910965944,2025-10-01 19h58.55.438069 +0530,
50,c,54,2,13,c,1,1.1553069000001415,None,13,2,54,2,,,,,154.11258559999987,,154.09715740000001,154.11258559999987,155.0958112999997,155.0958112999997,155.0958112999997,155.0958112999997,155.11246389999997,156.09579080000003,156.09579080000003,157.26325589999988,c,1,1.1553069000001415,None,,,,,par_2_mtr_seq,001,2025-10-01_19h58.27.067,untitled,,2025.1.1,59.746578910965944,2025-10-01 19h58.55.438069 +0530,
-150,z,55,3,13,z,1,0.6941474000000198,None,13,3,55,3,,,,,157.2791202999997,,157.26376089999985,157.2791202999997,158.26256079999985,158.26256079999985,158.26256079999985,158.26256079999985,158.27914599999986,159.2625307999997,159.2625307999997,159.96318649999967,z,1,0.6941474000000198,None,,,,,par_2_mtr_seq,001,2025-10-01_19h58.27.067,untitled,,2025.1.1,59.746578910965944,2025-10-01 19h58.55.438069 +0530,
-50,x,56,0,14,x,1,0.6596959000003153,None,14,0,56,0,,,,,159.97837739999977,,159.96367839999994,159.97837739999977,160.96228249999967,160.96228249999967,160.96228249999967,160.96228249999967,160.97916739999982,161.9626801999998,161.9626801999998,162.62978299999986,x,1,0.6596959000003153,None,,,,,par_2_mtr_seq,001,2025-10-01_19h58.27.067,untitled,,2025.1.1,59.746578910965944,2025-10-01 19h58.55.438069 +0530,
150,v,57,1,14,v,1,0.7352858999997807,None,14,1,57,1,,,,,162.64584710000008,,162.63034049999987,162.64584710000008,163.6293141000001,163.6293141000001,163.6293141000001,163.6293141000001,163.64613949999966,164.62933199999998,164.62933199999998,165.3806783,v,1,0.7352858999997807,None,,,,,par_2_mtr_seq,001,2025-10-01_19h58.27.067,untitled,,2025.1.1,59.746578910965944,2025-10-01 19h58.55.438069 +0530,
50,c,58,2,14,c,1,0.7929893000000448,None,14,2,58,2,,,,,165.39490750000004,,165.38126190000003,165.39490750000004,166.39584999999988,166.39584999999988,166.39584999999988,166.39584999999988,166.39584999999988,167.39584829999967,167.39584829999967,168.19639740000002,c,1,0.7929893000000448,None,,,,,par_2_mtr_seq,001,2025-10-01_19h58.27.067,untitled,,2025.1.1,59.746578910965944,2025-10-01 19h58.55.438069 +0530,
-150,z,59,3,14,z,1,0.7727243999997881,None,14,3,59,3,,,,,168.2128861000001,,168.19700019999982,168.2128861000001,169.19594529999995,169.19594529999995,169.19594529999995,169.19594529999995,169.21252860000004,170.1957626999997,170.1957626999997,170.98004839999976,z,1,0.7727243999997881,None,,,,,par_2_mtr_seq,001,2025-10-01_19h58.27.067,untitled,,2025.1.1,59.746578910965944,2025-10-01 19h58.55.438069 +0530,
-50,x,60,0,15,x,1,0.9666367999998329,None,15,0,60,0,,,,,170.99593689999983,,170.98059710000007,170.99593689999983,171.99628129999974,171.99628129999974,171.99628129999974,171.99628129999974,171.99628129999974,172.97924329999978,172.97924329999978,173.94673269999976,x,1,0.9666367999998329,None,,,,,par_2_mtr_seq,001,2025-10-01_19h58.27.067,untitled,,2025.1.1,59.746578910965944,2025-10-01 19h58.55.438069 +0530,
150,v,61,1,15,v,1,0.8008888999997907,None,15,1,61,1,,,,,173.96256959999982,,173.94722079999974,173.96256959999982,174.94603039999993,174.94603039999993,174.94603039999993,174.94603039999993,174.9625934999999,175.9459466999997,175.9459466999997,176.76288279999972,v,1,0.8008888999997907,None,,,,,par_2_mtr_seq,001,2025-10-01_19h58.27.067,untitled,,2025.1.1,59.746578910965944,2025-10-01 19h58.55.438069 +0530,
50,c,62,2,15,c,1,0.7795241999997415,None,15,2,62,2,,,,,176.77908419999994,,176.76343719999977,176.77908419999994,177.76260939999975,177.76260939999975,177.76260939999975,177.76260939999975,177.7792282999999,178.7627834,178.7627834,179.54729419999967,c,1,0.7795241999997415,None,,,,,par_2_mtr_seq,001,2025-10-01_19h58.27.067,untitled,,2025.1.1,59.746578910965944,2025-10-01 19h58.55.438069 +0530,
-150,z,63,3,15,z,1,0.7050709999998617,None,15,3,63,3,,,,,179.56253119999974,,179.54785390000006,179.56253119999974,180.5625927000001,180.5625927000001,180.5625927000001,180.5625927000001,180.5625927000001,181.56259550000004,181.56259550000004,182.2798057,z,1,0.7050709999998617,None,,,,,par_2_mtr_seq,001,2025-10-01_19h58.27.067,untitled,,2025.1.1,59.746578910965944,2025-10-01 19h58.55.438069 +0530,
-50,x,64,0,16,x,1,0.6556768999998894,None,16,0,64,0,,,,,182.29594550000002,,182.28029919999972,182.29594550000002,183.27930489999972,183.27930489999972,183.27930489999972,183.27930489999972,183.2958494999998,184.27932139999984,184.27932139999984,184.94663189999983,x,1,0.6556768999998894,None,,,,,par_2_mtr_seq,001,2025-10-01_19h58.27.067,untitled,,2025.1.1,59.746578910965944,2025-10-01 19h58.55.438069 +0530,
150,v,65,1,16,v,1,0.7433584999998857,None,16,1,65,1,,,,,184.9626601,,184.9471242999998,184.9626601,185.9459609999999,185.9459609999999,185.9459609999999,185.9459609999999,185.96266669999977,186.94590949999974,186.94590949999974,187.6964565999997,v,1,0.7433584999998857,None,,,,,par_2_mtr_seq,001,2025-10-01_19h58.27.067,untitled,,2025.1.1,59.746578910965944,2025-10-01 19h58.55.438069 +0530,
50,c,66,2,16,c,1,0.9809842999998182,None,16,2,66,2,,,,,187.71264870000005,,187.69699450000007,187.71264870000005,188.69598899999983,188.69598899999983,188.69598899999983,188.69598899999983,188.71289149999984,189.69608169999992,189.69608169999992,190.6799815999998,c,1,0.9809842999998182,None,,,,,par_2_mtr_seq,001,2025-10-01_19h58.27.067,untitled,,2025.1.1,59.746578910965944,2025-10-01 19h58.55.438069 +0530,
-150,z,67,3,16,z,1,0.8314064999999573,None,16,3,67,3,,,,,190.6960452999997,,190.68046379999987,190.6960452999997,191.6793746999997,191.6793746999997,191.6793746999997,191.6793746999997,191.6960393999998,192.6793416999999,192.6793416999999,193.5137397999997,z,1,0.8314064999999573,None,,,,,par_2_mtr_seq,001,2025-10-01_19h58.27.067,untitled,,2025.1.1,59.746578910965944,2025-10-01 19h58.55.438069 +0530,
-50,x,68,0,17,x,1,0.7538331999999173,None,17,0,68,0,,,,,193.52854320000006,,193.51432369999975,193.52854320000006,194.51264450000008,194.51264450000008,194.51264450000008,194.51264450000008,194.52965719999975,195.52942110000004,195.52942110000004,196.29673030000004,x,1,0.7538331999999173,None,,,,,par_2_mtr_seq,001,2025-10-01_19h58.27.067,untitled,,2025.1.1,59.746578910965944,2025-10-01 19h58.55.438069 +0530,
150,v,69,1,17,v,1,0.8402736000002733,None,17,1,69,1,,,,,196.31267239999988,,196.2972162000001,196.31267239999988,197.2962090000001,197.2962090000001,197.2962090000001,197.2962090000001,197.31307389999984,198.2962819999998,198.2962819999998,199.14721280000003,v,1,0.8402736000002733,None,,,,,par_2_mtr_seq,001,2025-10-01_19h58.27.067,untitled,,2025.1.1,59.746578910965944,2025-10-01 19h58.55.438069 +0530,
50,c,70,2,17,c,1,1.024260300000151,None,17,2,70,2,,,,,199.16358820000005,,199.1476748,199.16358820000005,200.1629423999998,200.1629423999998,200.1629423999998,200.1629423999998,200.1793700999997,201.16266779999978,201.16266779999978,202.19677599999977,c,1,1.024260300000151,None,,,,,par_2_mtr_seq,001,2025-10-01_19h58.27.067,untitled,,2025.1.1,59.746578910965944,2025-10-01 19h58.55.438069 +0530,
-150,z,71,3,17,z,1,0.9310903999999027,None,17,3,71,3,,,,,202.2127314999998,,202.1972535,202.2127314999998,203.1961081999998,203.1961081999998,203.1961081999998,203.1961081999998,203.21269519999987,204.1960982999999,204.1960982999999,205.13012049999998,z,1,0.9310903999999027,None,,,,,par_2_mtr_seq,001,2025-10-01_19h58.27.067,untitled,,2025.1.1,59.746578910965944,2025-10-01 19h58.55.438069 +0530,
-50,x,72,0,18,x,1,0.7307802000000265,None,18,0,72,0,,,,,205.14633999999978,,205.13055630000008,205.14633999999978,206.12935319999997,206.12935319999997,206.12935319999997,206.12935319999997,206.1471259,207.1304670999998,207.1304670999998,207.8635664999997,x,1,0.7307802000000265,None,,,,,par_2_mtr_seq,001,2025-10-01_19h58.27.067,untitled,,2025.1.1,59.746578910965944,2025-10-01 19h58.55.438069 +0530,
150,v,73,1,18,v,1,0.6791011999998773,None,18,1,73,1,,,,,207.87956970000005,,207.86407849999978,207.87956970000005,208.8627366999999,208.8627366999999,208.8627366999999,208.8627366999999,208.87943469999982,209.86276159999989,209.86276159999989,210.54706910000004,v,1,0.6791011999998773,None,,,,,par_2_mtr_seq,001,2025-10-01_19h58.27.067,untitled,,2025.1.1,59.746578910965944,2025-10-01 19h58.55.438069 +0530,
50,c,74,2,18,v,0,0.7912688999999773,None,18,2,74,2,,,,,210.56215429999975,,210.54777239999976,210.56215429999975,211.56254919999992,211.56254919999992,211.56254919999992,211.56254919999992,211.56254919999992,212.54644069999995,212.54644069999995,213.34692899999982,v,0,0.7912688999999773,None,,,,,par_2_mtr_seq,001,2025-10-01_19h58.27.067,untitled,,2025.1.1,59.746578910965944,2025-10-01 19h58.55.438069 +0530,
-150,z,75,3,18,z,1,0.966149900000346,None,18,3,75,3,,,,,213.3630063999999,,213.34749209999973,213.3630063999999,214.34613189999982,214.34613189999982,214.34613189999982,214.34613189999982,214.36279879999984,215.3464952999998,215.3464952999998,216.31376679999994,z,1,0.966149900000346,None,,,,,par_2_mtr_seq,001,2025-10-01_19h58.27.067,untitled,,2025.1.1,59.746578910965944,2025-10-01 19h58.55.438069 +0530,
-50,x,76,0,19,x,1,0.732952600000317,None,19,0,76,0,,,,,216.32909329999984,,216.3142444,216.32909329999984,217.32966499999975,217.32966499999975,217.32966499999975,217.32966499999975,217.32966499999975,218.3128085999997,218.3128085999997,219.0472732999997,x,1,0.732952600000317,None,,,,,par_2_mtr_seq,001,2025-10-01_19h58.27.067,untitled,,2025.1.1,59.746578910965944,2025-10-01 19h58.55.438069 +0530,
150,v,77,1,19,v,1,0.7406165000002147,None,19,1,77,1,,,,,219.06296930000008,,219.04778129999977,219.06296930000008,220.06297219999988,220.06297219999988,220.06297219999988,220.06297219999988,220.06297219999988,221.0628446999999,221.0628446999999,221.81359029999976,v,1,0.7406165000002147,None,,,,,par_2_mtr_seq,001,2025-10-01_19h58.27.067,untitled,,2025.1.1,59.746578910965944,2025-10-01 19h58.55.438069 +0530,
50,c,78,2,19,c,1,0.9332728999997926,None,19,2,78,2,,,,,221.83030989999997,,221.81412659999978,221.83030989999997,222.8126097999998,222.8126097999998,222.8126097999998,222.8126097999998,222.8465056,223.8127786,223.8127786,224.74733229999993,c,1,0.9332728999997926,None,,,,,par_2_mtr_seq,001,2025-10-01_19h58.27.067,untitled,,2025.1.1,59.746578910965944,2025-10-01 19h58.55.438069 +0530,
-150,z,79,3,19,z,1,0.7784145999999055,None,19,3,79,3,,,,,224.76252539999996,,224.74780839999994,224.76252539999996,225.74627699999974,225.74627699999974,225.74627699999974,225.74627699999974,225.7629724999997,226.7623934999997,226.7623934999997,227.5476206999997,z,1,0.7784145999999055,None,,,,,par_2_mtr_seq,001,2025-10-01_19h58.27.067,untitled,,2025.1.1,59.746578910965944,2025-10-01 19h58.55.438069 +0530,
-50,x,80,0,20,x,1,0.686983500000224,None,20,0,80,0,,,,,227.56335779999972,,227.54820309999968,227.56335779999972,228.56287470000007,228.56287470000007,228.56287470000007,228.56287470000007,228.56287470000007,229.54604040000004,229.54604040000004,230.246889,x,1,0.686983500000224,None,,,,,par_2_mtr_seq,001,2025-10-01_19h58.27.067,untitled,,2025.1.1,59.746578910965944,2025-10-01 19h58.55.438069 +0530,
150,v,81,1,20,v,1,0.8862030999998751,None,20,1,81,1,,,,,230.26283009999997,,230.24739659999977,230.26283009999997,231.24599450000005,231.24599450000005,231.24599450000005,231.24599450000005,231.2629624000001,232.2461948,232.2461948,233.14719349999996,v,1,0.8862030999998751,None,,,,,par_2_mtr_seq,001,2025-10-01_19h58.27.067,untitled,,2025.1.1,59.746578910965944,2025-10-01 19h58.55.438069 +0530,
50,c,82,2,20,c,1,0.7128111000001809,None,20,2,82,2,,,,,233.1626271,,233.1477391999997,233.1626271,234.14638609999975,234.14638609999975,234.14638609999975,234.14638609999975,234.16269299999976,235.16288639999993,235.16288639999993,235.8813750999998,c,1,0.7128111000001809,None,,,,,par_2_mtr_seq,001,2025-10-01_19h58.27.067,untitled,,2025.1.1,59.746578910965944,2025-10-01 19h58.55.438069 +0530,
-150,z,83,3,20,z,1,0.796914900000047,None,20,3,83,3,,,,,235.89609669999982,,235.88187639999978,235.89609669999982,236.8961647000001,236.8961647000001,236.8961647000001,236.8961647000001,236.8961647000001,237.89617240000007,237.89617240000007,238.69667709999976,z,1,0.796914900000047,None,,,,,par_2_mtr_seq,001,2025-10-01_19h58.27.067,untitled,,2025.1.1,59.746578910965944,2025-10-01 19h58.55.438069 +0530,
-50,x,84,0,21,x,1,0.7888647999998284,None,21,0,84,0,,,,,238.71292270000004,,238.69722580000007,238.71292270000004,239.69679199999973,239.69679199999973,239.69679199999973,239.69679199999973,239.7126401999999,240.6959809,240.6959809,241.49676789999967,x,1,0.7888647999998284,None,,,,,par_2_mtr_seq,001,2025-10-01_19h58.27.067,untitled,,2025.1.1,59.746578910965944,2025-10-01 19h58.55.438069 +0530,
150,v,85,1,21,v,1,0.710997099999986,None,21,1,85,1,,,,,241.51271580000002,,241.49731040000006,241.51271580000002,242.49609919999966,242.49609919999966,242.49609919999966,242.49609919999966,242.51259979999986,243.49618689999988,243.49618689999988,244.21386389999998,v,1,0.710997099999986,None,,,,,par_2_mtr_seq,001,2025-10-01_19h58.27.067,untitled,,2025.1.1,59.746578910965944,2025-10-01 19h58.55.438069 +0530,
50,c,86,2,21,c,1,1.014596999999867,None,21,2,86,2,,,,,244.2291295,,244.2143074999999,244.2291295,245.21268089999967,245.21268089999967,245.21268089999967,245.21268089999967,245.22948429999997,246.22954230000005,246.22954230000005,247.24700759999996,c,1,1.014596999999867,None,,,,,par_2_mtr_seq,001,2025-10-01_19h58.27.067,untitled,,2025.1.1,59.746578910965944,2025-10-01 19h58.55.438069 +0530,
-150,z,87,3,21,z,1,0.8277772999999797,None,21,3,87,3,,,,,247.26294460000008,,247.24755479999976,247.26294460000008,248.24660289999974,248.24660289999974,248.24660289999974,248.24660289999974,248.2626707999998,249.26292609999973,249.26292609999973,250.0971816000001,z,1,0.8277772999999797,None,,,,,par_2_mtr_seq,001,2025-10-01_19h58.27.067,untitled,,2025.1.1,59.746578910965944,2025-10-01 19h58.55.438069 +0530,
-50,x,88,0,22,x,1,0.773603600000115,None,22,0,88,0,,,,,250.11336630000005,,250.09766579999996,250.11336630000005,251.11293320000004,251.11293320000004,251.11293320000004,251.11293320000004,251.11293320000004,252.09635489999982,252.09635489999982,252.88032449999992,x,1,0.773603600000115,None,,,,,par_2_mtr_seq,001,2025-10-01_19h58.27.067,untitled,,2025.1.1,59.746578910965944,2025-10-01 19h58.55.438069 +0530,
150,v,89,1,22,v,1,0.7310801999997238,None,22,1,89,1,,,,,252.89629879999984,,252.8808111999997,252.89629879999984,253.87966860000006,253.87966860000006,253.87966860000006,253.87966860000006,253.89639119999993,254.87978209999983,254.87978209999983,255.61388769999985,v,1,0.7310801999997238,None,,,,,par_2_mtr_seq,001,2025-10-01_19h58.27.067,untitled,,2025.1.1,59.746578910965944,2025-10-01 19h58.55.438069 +0530,
50,c,90,2,22,c,1,0.9024592000000666,None,22,2,90,2,,,,,255.62976069999968,,255.61436699999967,255.62976069999968,256.61313429999973,256.61313429999973,256.61313429999973,256.61313429999973,256.6296748,257.6130923999999,257.6130923999999,258.53049599999986,c,1,0.9024592000000666,None,,,,,par_2_mtr_seq,001,2025-10-01_19h58.27.067,untitled,,2025.1.1,59.746578910965944,2025-10-01 19h58.55.438069 +0530,
-150,z,91,3,22,z,1,0.7821678999998767,None,22,3,91,3,,,,,258.5461792000001,,258.53101909999987,258.5461792000001,259.5297550999999,259.5297550999999,259.5297550999999,259.5297550999999,259.54629369999975,260.5299522999999,260.5299522999999,261.31422059999977,z,1,0.7821678999998767,None,,,,,par_2_mtr_seq,001,2025-10-01_19h58.27.067,untitled,,2025.1.1,59.746578910965944,2025-10-01 19h58.55.438069 +0530,
-50,x,92,0,23,x,1,0.7276557999998658,None,23,0,92,0,,,,,261.32943309999973,,261.31472369999983,261.32943309999973,262.3297484999998,262.3297484999998,262.3297484999998,262.3297484999998,262.3297484999998,263.32970829999977,263.32970829999977,264.06383689999984,x,1,0.7276557999998658,None,,,,,par_2_mtr_seq,001,2025-10-01_19h58.27.067,untitled,,2025.1.1,59.746578910965944,2025-10-01 19h58.55.438069 +0530,
150,v,93,1,23,v,1,0.8506347000002279,None,23,1,93,1,,,,,264.0797349999998,,264.06441619999987,264.0797349999998,265.06300539999984,265.06300539999984,265.06300539999984,265.06300539999984,265.07994439999993,266.06303260000004,266.06303260000004,266.9304116999997,v,1,0.8506347000002279,None,,,,,par_2_mtr_seq,001,2025-10-01_19h58.27.067,untitled,,2025.1.1,59.746578910965944,2025-10-01 19h58.55.438069 +0530,
50,c,94,2,23,c,1,1.2051744999998846,None,23,2,94,2,,,,,266.9464737999997,,266.93091559999993,266.9464737999997,267.92957709999973,267.92957709999973,267.92957709999973,267.92957709999973,267.9464091,268.9464511000001,268.9464511000001,270.1637768999999,c,1,1.2051744999998846,None,,,,,par_2_mtr_seq,001,2025-10-01_19h58.27.067,untitled,,2025.1.1,59.746578910965944,2025-10-01 19h58.55.438069 +0530,
-150,z,95,3,23,z,1,1.0458739999999125,None,23,3,95,3,,,,,270.17957939999997,,270.1642558999997,270.17957939999997,271.162425,271.162425,271.162425,271.162425,271.17997419999983,272.1631001999999,272.1631001999999,273.2142503,z,1,1.0458739999999125,None,,,,,par_2_mtr_seq,001,2025-10-01_19h58.27.067,untitled,,2025.1.1,59.746578910965944,2025-10-01 19h58.55.438069 +0530,
-50,x,96,0,24,x,1,0.6806975999998031,None,24,0,96,0,,,,,273.2290721999998,,273.21473509999987,273.2290721999998,274.22980849999976,274.22980849999976,274.22980849999976,274.22980849999976,274.22980849999976,275.22978680000006,275.22978680000006,275.9135775999998,x,1,0.6806975999998031,None,,,,,par_2_mtr_seq,001,2025-10-01_19h58.27.067,untitled,,2025.1.1,59.746578910965944,2025-10-01 19h58.55.438069 +0530,
150,v,97,1,24,v,1,0.7045576999998957,None,24,1,97,1,,,,,275.92993739999974,,275.9141423000001,275.92993739999974,276.91313649999984,276.91313649999984,276.91313649999984,276.91313649999984,276.9299793,277.91327409999985,277.91327409999985,278.6305649000001,v,1,0.7045576999998957,None,,,,,par_2_mtr_seq,001,2025-10-01_19h58.27.067,untitled,,2025.1.1,59.746578910965944,2025-10-01 19h58.55.438069 +0530,
50,c,98,2,24,c,1,0.9258688999998412,None,24,2,98,2,,,,,278.649312,,278.63107809999974,278.649312,279.6300022999999,279.6300022999999,279.6300022999999,279.6300022999999,279.66327709999996,280.62965189999977,280.62965189999977,281.56382110000004,c,1,0.9258688999998412,None,,,,,par_2_mtr_seq,001,2025-10-01_19h58.27.067,untitled,,2025.1.1,59.746578910965944,2025-10-01 19h58.55.438069 +0530,
-150,z,99,3,24,z,1,0.781890900000235,None,24,3,99,3,,,,,281.5797993000001,,281.56427570000005,281.5797993000001,282.56313980000004,282.56313980000004,282.56313980000004,282.56313980000004,282.58005649999996,283.5631235999999,283.5631235999999,284.34729659999994,z,1,0.781890900000235,None,,,,,par_2_mtr_seq,001,2025-10-01_19h58.27.067,untitled,,2025.1.1,59.746578910965944,2025-10-01 19h58.55.438069 +0530,
-50,x,100,0,25,x,1,0.9973297000001367,None,25,0,100,0,,,,,284.36318589999973,,284.3477797999999,284.36318589999973,285.34649549999995,285.34649549999995,285.34649549999995,285.34649549999995,285.36315149999973,286.3464033999999,286.3464033999999,287.3470625,x,1,0.9973297000001367,None,,,,,par_2_mtr_seq,001,2025-10-01_19h58.27.067,untitled,,2025.1.1,59.746578910965944,2025-10-01 19h58.55.438069 +0530,
150,v,101,1,25,v,1,0.7836870999999519,None,25,1,101,1,,,,,287.3636241999998,,287.34759929999973,287.3636241999998,288.3464309000001,288.3464309000001,288.3464309000001,288.3464309000001,288.3632864000001,289.3464733999999,289.3464733999999,290.1475909999999,v,1,0.7836870999999519,None,,,,,par_2_mtr_seq,001,2025-10-01_19h58.27.067,untitled,,2025.1.1,59.746578910965944,2025-10-01 19h58.55.438069 +0530,
50,c,102,2,25,c,1,0.866475900000296,None,25,2,102,2,,,,,290.16287139999986,,290.14812809999967,290.16287139999986,291.16378929999973,291.16378929999973,291.16378929999973,291.16378929999973,291.16378929999973,292.1634132999998,292.1634132999998,293.0307696,c,1,0.866475900000296,None,,,,,par_2_mtr_seq,001,2025-10-01_19h58.27.067,untitled,,2025.1.1,59.746578910965944,2025-10-01 19h58.55.438069 +0530,
-150,z,103,3,25,z,1,0.8793000999999094,None,25,3,103,3,,,,,293.0470127999997,,293.0312518999999,293.0470127999997,294.0301145999997,294.0301145999997,294.0301145999997,294.0301145999997,294.0465005000001,295.0301365999999,295.0301365999999,295.9141265999997,z,1,0.8793000999999094,None,,,,,par_2_mtr_seq,001,2025-10-01_19h58.27.067,untitled,,2025.1.1,59.746578910965944,2025-10-01 19h58.55.438069 +0530,
-50,x,104,0,26,x,1,0.8699505000004137,None,26,0,104,0,,,,,295.93046400000003,,295.9145841999998,295.93046400000003,296.9299845999999,296.9299845999999,296.9299845999999,296.9299845999999,296.9299845999999,297.9133179999999,297.9133179999999,298.79724510000005,x,1,0.8699505000004137,None,,,,,par_2_mtr_seq,001,2025-10-01_19h58.27.067,untitled,,2025.1.1,59.746578910965944,2025-10-01 19h58.55.438069 +0530,
150,v,105,1,26,v,1,0.8769602000002124,None,26,1,105,1,,,,,298.81332699999984,,298.7977221000001,298.81332699999984,299.7965114999997,299.7965114999997,299.7965114999997,299.7965114999997,299.8133143,300.7965575999997,300.7965575999997,301.6803332999998,v,1,0.8769602000002124,None,,,,,par_2_mtr_seq,001,2025-10-01_19h58.27.067,untitled,,2025.1.1,59.746578910965944,2025-10-01 19h58.55.438069 +0530,
50,c,106,2,26,c,1,1.6513322999999218,None,26,2,106,2,,,,,301.6965737999999,,301.6808301000001,301.6965737999999,302.6799817000001,302.6799817000001,302.6799817000001,302.6799817000001,302.6965167999997,303.67965239999967,303.67965239999967,305.34735520000004,c,1,1.6513322999999218,None,,,,,par_2_mtr_seq,001,2025-10-01_19h58.27.067,untitled,,2025.1.1,59.746578910965944,2025-10-01 19h58.55.438069 +0530,
-150,z,107,3,26,z,1,0.7276512999997067,None,26,3,107,3,,,,,305.3623453,,305.3478992999999,305.3623453,306.34657719999996,306.34657719999996,306.34657719999996,306.34657719999996,306.3634797999998,307.3466021999998,307.3466021999998,308.08071819999986,z,1,0.7276512999997067,None,,,,,par_2_mtr_seq,001,2025-10-01_19h58.27.067,untitled,,2025.1.1,59.746578910965944,2025-10-01 19h58.55.438069 +0530,
-50,x,108,0,27,x,1,0.6345925999999054,None,27,0,108,0,,,,,308.0967553999999,,308.08117969999967,308.0967553999999,309.0799358999998,309.0799358999998,309.0799358999998,309.0799358999998,309.0966077999997,310.0799664000001,310.0799664000001,310.73071619999973,x,1,0.6345925999999054,None,,,,,par_2_mtr_seq,001,2025-10-01_19h58.27.067,untitled,,2025.1.1,59.746578910965944,2025-10-01 19h58.55.438069 +0530,
150,v,109,1,27,v,1,0.9507962000002408,None,27,1,109,1,,,,,310.74629779999987,,310.73125549999986,310.74629779999987,311.72986519999995,311.72986519999995,311.72986519999995,311.72986519999995,311.7466429000001,312.72994789999984,312.72994789999984,313.69734309999967,v,1,0.9507962000002408,None,,,,,par_2_mtr_seq,001,2025-10-01_19h58.27.067,untitled,,2025.1.1,59.746578910965944,2025-10-01 19h58.55.438069 +0530,
50,c,110,2,27,c,1,0.9778800999997657,None,27,2,110,2,,,,,313.7133979,,313.6977879000001,313.7133979,314.6966453,314.6966453,314.6966453,314.6966453,314.71335550000003,315.6966531999997,315.6966531999997,316.6810594999997,c,1,0.9778800999997657,None,,,,,par_2_mtr_seq,001,2025-10-01_19h58.27.067,untitled,,2025.1.1,59.746578910965944,2025-10-01 19h58.55.438069 +0530,
-150,z,111,3,27,z,1,0.9795129000003726,None,27,3,111,3,,,,,316.69607589999987,,316.6815395999997,316.69607589999987,317.6966741000001,317.6966741000001,317.6966741000001,317.6966741000001,317.6966741000001,318.6807226000001,318.6807226000001,319.6639184999999,z,1,0.9795129000003726,None,,,,,par_2_mtr_seq,001,2025-10-01_19h58.27.067,untitled,,2025.1.1,59.746578910965944,2025-10-01 19h58.55.438069 +0530,
-50,x,112,0,28,x,1,0.7646587999997791,None,28,0,112,0,,,,,319.6801025,,319.66440669999974,319.6801025,320.6633764999997,320.6633764999997,320.6633764999997,320.6633764999997,320.68022519999977,321.6633591,321.6633591,322.4307189000001,x,1,0.7646587999997791,None,,,,,par_2_mtr_seq,001,2025-10-01_19h58.27.067,untitled,,2025.1.1,59.746578910965944,2025-10-01 19h58.55.438069 +0530,
150,v,113,1,28,v,1,1.6774640000003274,None,28,1,113,1,,,,,322.4468271999999,,322.43118460000005,322.4468271999999,323.43022569999994,323.43022569999994,323.43022569999994,323.43022569999994,323.4465875000001,324.4302266999998,324.4302266999998,326.1144030999999,v,1,1.6774640000003274,None,,,,,par_2_mtr_seq,001,2025-10-01_19h58.27.067,untitled,,2025.1.1,59.746578910965944,2025-10-01 19h58.55.438069 +0530,
50,c,114,2,28,c,1,1.0843039999999746,None,28,2,114,2,,,,,326.1298959999999,,326.11486149999973,326.1298959999999,327.1299436999998,327.1299436999998,327.1299436999998,327.1299436999998,327.1299436999998,328.1300176,328.1300176,329.23076439999977,c,1,1.0843039999999746,None,,,,,par_2_mtr_seq,001,2025-10-01_19h58.27.067,untitled,,2025.1.1,59.746578910965944,2025-10-01 19h58.55.438069 +0530,
-150,z,115,3,28,z,1,0.6228753000000324,None,28,3,115,3,,,,,329.2471092999999,,329.2312367999998,329.2471092999999,330.22996190000003,330.22996190000003,330.22996190000003,330.22996190000003,330.24693549999984,331.23009279999997,331.23009279999997,331.8642927000001,z,1,0.6228753000000324,None,,,,,par_2_mtr_seq,001,2025-10-01_19h58.27.067,untitled,,2025.1.1,59.746578910965944,2025-10-01 19h58.55.438069 +0530,
-50,x,116,0,29,x,1,0.6441785000001801,None,29,0,116,0,,,,,331.8805134999998,,331.8649529999998,331.8805134999998,332.8636512999997,332.8636512999997,332.8636512999997,332.8636512999997,332.88002989999995,333.86361499999975,333.86361499999975,334.5142146999997,x,1,0.6441785000001801,None,,,,,par_2_mtr_seq,001,2025-10-01_19h58.27.067,untitled,,2025.1.1,59.746578910965944,2025-10-01 19h58.55.438069 +0530,
150,v,117,1,29,v,1,0.8806361000001743,None,29,1,117,1,,,,,334.5301522999998,,334.51469210000005,334.5301522999998,335.5133143999997,335.5133143999997,335.5133143999997,335.5133143999997,335.5302174999997,336.53011130000004,336.53011130000004,337.4139703999999,v,1,0.8806361000001743,None,,,,,par_2_mtr_seq,001,2025-10-01_19h58.27.067,untitled,,2025.1.1,59.746578910965944,2025-10-01 19h58.55.438069 +0530,
50,c,118,2,29,c,1,0.6732616000003873,None,29,2,118,2,,,,,337.43001849999973,,337.4144099,337.43001849999973,338.41362449999997,338.41362449999997,338.41362449999997,338.41362449999997,338.43002929999966,339.41352499999994,339.41352499999994,340.09726079999973,c,1,0.6732616000003873,None,,,,,par_2_mtr_seq,001,2025-10-01_19h58.27.067,untitled,,2025.1.1,59.746578910965944,2025-10-01 19h58.55.438069 +0530,
-150,z,119,3,29,z,1,0.8694875999999567,None,29,3,119,3,,,,,340.11352829999987,,340.0977545999999,340.11352829999987,341.0976390999999,341.0976390999999,341.0976390999999,341.0976390999999,341.11339099999987,342.0967787999998,342.0967787999998,342.9809854,z,1,0.8694875999999567,None,,,,,par_2_mtr_seq,001,2025-10-01_19h58.27.067,untitled,,2025.1.1,59.746578910965944,2025-10-01 19h58.55.438069 +0530,
-50,x,120,0,30,x,1,0.7748715000002449,None,30,0,120,0,,,,,342.99680009999975,,342.9815337,342.99680009999975,343.9801266999998,343.9801266999998,343.9801266999998,343.9801266999998,343.9966884999999,344.97993469999983,344.97993469999983,345.7639098999998,x,1,0.7748715000002449,None,,,,,par_2_mtr_seq,001,2025-10-01_19h58.27.067,untitled,,2025.1.1,59.746578910965944,2025-10-01 19h58.55.438069 +0530,
150,v,121,1,30,v,1,0.8772088000000622,None,30,1,121,1,,,,,345.7801543999999,,345.7643671999999,345.7801543999999,346.7637648,346.7637648,346.7637648,346.7637648,346.78014570000005,347.7637122000001,347.7637122000001,348.6473621,v,1,0.8772088000000622,None,,,,,par_2_mtr_seq,001,2025-10-01_19h58.27.067,untitled,,2025.1.1,59.746578910965944,2025-10-01 19h58.55.438069 +0530,
50,c,122,2,30,c,1,0.8259353999997074,None,30,2,122,2,,,,,348.6639876999998,,348.64782509999986,348.6639876999998,349.6467525999997,349.6467525999997,349.6467525999997,349.6467525999997,349.6634607000001,350.6468006,350.6468006,351.48063839999986,c,1,0.8259353999997074,None,,,,,par_2_mtr_seq,001,2025-10-01_19h58.27.067,untitled,,2025.1.1,59.746578910965944,2025-10-01 19h58.55.438069 +0530,
-150,z,123,3,30,z,1,0.8060378999998647,None,30,3,123,3,,,,,351.4966172999998,,351.4811172999998,351.4966172999998,352.4802163999998,352.4802163999998,352.4802163999998,352.4802163999998,352.4966565,353.48011849999966,353.48011849999966,354.29755699999987,z,1,0.8060378999998647,None,,,,,par_2_mtr_seq,001,2025-10-01_19h58.27.067,untitled,,2025.1.1,59.746578910965944,2025-10-01 19h58.55.438069 +0530,
-50,x,124,0,31,x,1,0.7561596999998983,None,31,0,124,0,,,,,354.31341109999994,,354.2980924999997,354.31341109999994,355.29685949999975,355.29685949999975,355.29685949999975,355.29685949999975,355.3132406,356.29679020000003,356.29679020000003,357.06443519999993,x,1,0.7561596999998983,None,,,,,par_2_mtr_seq,001,2025-10-01_19h58.27.067,untitled,,2025.1.1,59.746578910965944,2025-10-01 19h58.55.438069 +0530,
150,v,125,1,31,v,1,0.8850579999998445,None,31,1,125,1,,,,,357.0801868999997,,357.0649620999998,357.0801868999997,358.0636135,358.0636135,358.0636135,358.0636135,358.0801914999997,359.0636749999999,359.0636749999999,359.96429469999975,v,1,0.8850579999998445,None,,,,,par_2_mtr_seq,001,2025-10-01_19h58.27.067,untitled,,2025.1.1,59.746578910965944,2025-10-01 19h58.55.438069 +0530,
50,c,126,2,31,c,1,0.9215085999999246,None,31,2,126,2,,,,,359.9804558999999,,359.964876,359.9804558999999,360.9806060000001,360.9806060000001,360.9806060000001,360.9806060000001,360.9806060000001,361.9635973999998,361.9635973999998,362.8975473999999,c,1,0.9215085999999246,None,,,,,par_2_mtr_seq,001,2025-10-01_19h58.27.067,untitled,,2025.1.1,59.746578910965944,2025-10-01 19h58.55.438069 +0530,
-150,z,127,3,31,z,1,0.8423964999997224,None,31,3,127,3,,,,,362.91400429999976,,362.8980188999999,362.91400429999976,363.8970737999998,363.8970737999998,363.8970737999998,363.8970737999998,363.91355010000007,364.8970529999997,364.8970529999997,365.74725549999994,z,1,0.8423964999997224,None,,,,,par_2_mtr_seq,001,2025-10-01_19h58.27.067,untitled,,2025.1.1,59.746578910965944,2025-10-01 19h58.55.438069 +0530,
-50,x,128,0,32,x,1,0.6794655000003331,None,32,0,128,0,,,,,365.76358170000003,,365.74779199999966,365.76358170000003,366.74693339999976,366.74693339999976,366.74693339999976,366.74693339999976,366.7636352999998,367.7469421999999,367.7469421999999,368.4311525999997,x,1,0.6794655000003331,None,,,,,par_2_mtr_seq,001,2025-10-01_19h58.27.067,untitled,,2025.1.1,59.746578910965944,2025-10-01 19h58.55.438069 +0530,
150,v,129,1,32,v,1,0.8082518999999593,None,32,1,129,1,,,,,368.4469706,,368.43163219999997,368.4469706,369.4303981999997,369.4303981999997,369.4303981999997,369.4303981999997,369.44697159999987,370.4303213999997,370.4303213999997,371.24752769999986,v,1,0.8082518999999593,None,,,,,par_2_mtr_seq,001,2025-10-01_19h58.27.067,untitled,,2025.1.1,59.746578910965944,2025-10-01 19h58.55.438069 +0530,
50,c,130,2,32,c,1,0.7145887000001494,None,32,2,130,2,,,,,371.2639755,,371.24804730000005,371.2639755,372.24695070000007,372.24695070000007,372.24695070000007,372.24695070000007,372.26369699999987,373.24691619999976,373.24691619999976,373.9644109000001,c,1,0.7145887000001494,None,,,,,par_2_mtr_seq,001,2025-10-01_19h58.27.067,untitled,,2025.1.1,59.746578910965944,2025-10-01 19h58.55.438069 +0530,
-150,z,131,3,32,z,1,1.2477294999998776,None,32,3,131,3,,,,,373.9803969999998,,373.9649537,373.9803969999998,374.9636458,374.9636458,374.9636458,374.9636458,374.9802512000001,375.96387259999983,375.96387259999983,377.21438179999996,z,1,1.2477294999998776,None,,,,,par_2_mtr_seq,001,2025-10-01_19h58.27.067,untitled,,2025.1.1,59.746578910965944,2025-10-01 19h58.55.438069 +0530,
-50,x,132,0,33,x,1,0.7807296000000861,None,33,0,132,0,,,,,377.2305314,,377.2148714,377.2305314,378.21361849999994,378.21361849999994,378.21361849999994,378.21361849999994,378.23029529999985,379.21364689999973,379.21364689999973,379.9976016999999,x,1,0.7807296000000861,None,,,,,par_2_mtr_seq,001,2025-10-01_19h58.27.067,untitled,,2025.1.1,59.746578910965944,2025-10-01 19h58.55.438069 +0530,
150,v,133,1,33,v,1,0.9353274000000056,None,33,1,133,1,,,,,380.0137652999997,,379.9981693999998,380.0137652999997,380.9969861999998,380.9969861999998,380.9969861999998,380.9969861999998,381.0137064999999,381.9967385,381.9967385,382.9473321999999,v,1,0.9353274000000056,None,,,,,par_2_mtr_seq,001,2025-10-01_19h58.27.067,untitled,,2025.1.1,59.746578910965944,2025-10-01 19h58.55.438069 +0530,
50,c,134,2,33,c,1,1.6750757999998314,None,33,2,134,2,,,,,382.9638666000001,,382.9478672,382.9638666000001,383.9471215999997,383.9471215999997,383.9471215999997,383.9471215999997,383.963698,384.9471027999998,384.9471027999998,386.6310460999998,c,1,1.6750757999998314,None,,,,,par_2_mtr_seq,001,2025-10-01_19h58.27.067,untitled,,2025.1.1,59.746578910965944,2025-10-01 19h58.55.438069 +0530,
-150,z,135,3,33,z,1,0.8509928999997101,None,33,3,135,3,,,,,386.6471306999997,,386.6315262999997,386.6471306999997,387.6304359999999,387.6304359999999,387.6304359999999,387.6304359999999,387.6471125999997,388.6303746999997,388.6303746999997,389.49793640000007,z,1,0.8509928999997101,None,,,,,par_2_mtr_seq,001,2025-10-01_19h58.27.067,untitled,,2025.1.1,59.746578910965944,2025-10-01 19h58.55.438069 +0530,
-50,x,136,0,34,x,1,0.6845671999999468,None,34,0,136,0,,,,,389.5135928999998,,389.49847469999986,389.5135928999998,390.4971786000001,390.4971786000001,390.4971786000001,390.4971786000001,390.5139863999998,391.4972021999997,391.4972021999997,392.1978974999997,x,1,0.6845671999999468,None,,,,,par_2_mtr_seq,001,2025-10-01_19h58.27.067,untitled,,2025.1.1,59.746578910965944,2025-10-01 19h58.55.438069 +0530,
150,v,137,1,34,v,1,0.790316200000234,None,34,1,137,1,,,,,392.21368329999996,,392.1984273999997,392.21368329999996,393.19716949999975,393.19716949999975,393.19716949999975,393.19716949999975,393.2136611000001,394.1971258999997,394.1971258999997,394.99773389999973,v,1,0.790316200000234,None,,,,,par_2_mtr_seq,001,2025-10-01_19h58.27.067,untitled,,2025.1.1,59.746578910965944,2025-10-01 19h58.55.438069 +0530,
50,c,138,2,34,c,1,0.7730514999998377,None,34,2,138,2,,,,,395.0139807999999,,394.9982153000001,395.0139807999999,395.9970949999997,395.9970949999997,395.9970949999997,395.9970949999997,396.01360350000004,396.99683879999975,396.99683879999975,397.78152759999966,c,1,0.7730514999998377,None,,,,,par_2_mtr_seq,001,2025-10-01_19h58.27.067,untitled,,2025.1.1,59.746578910965944,2025-10-01 19h58.55.438069 +0530,
-150,z,139,3,34,z,1,0.9739896000000954,None,34,3,139,3,,,,,397.7971634999999,,397.7820661999999,397.7971634999999,398.7804278999997,398.7804278999997,398.7804278999997,398.7804278999997,398.7972212999998,399.7803942999999,399.7803942999999,400.7645958999997,z,1,0.9739896000000954,None,,,,,par_2_mtr_seq,001,2025-10-01_19h58.27.067,untitled,,2025.1.1,59.746578910965944,2025-10-01 19h58.55.438069 +0530,
-50,x,140,0,35,x,1,0.8559403999997812,None,35,0,140,0,,,,,400.7803869999998,,400.76512679999996,400.7803869999998,401.7638664000001,401.7638664000001,401.7638664000001,401.7638664000001,401.7804105,402.7640882999999,402.7640882999999,403.6311258999999,x,1,0.8559403999997812,None,,,,,par_2_mtr_seq,001,2025-10-01_19h58.27.067,untitled,,2025.1.1,59.746578910965944,2025-10-01 19h58.55.438069 +0530,
150,v,141,1,35,v,1,0.8368634000003112,None,35,1,141,1,,,,,403.64719379999997,,403.6316511,403.64719379999997,404.6304677999997,404.6304677999997,404.6304677999997,404.6304677999997,404.64708440000004,405.6304061999999,405.6304061999999,406.48108839999986,v,1,0.8368634000003112,None,,,,,par_2_mtr_seq,001,2025-10-01_19h58.27.067,untitled,,2025.1.1,59.746578910965944,2025-10-01 19h58.55.438069 +0530,
50,c,142,2,35,c,1,0.7401497000000745,None,35,2,142,2,,,,,406.49737959999993,,406.48156579999977,406.49737959999993,407.48045509999974,407.48045509999974,407.48045509999974,407.48045509999974,407.49730679999993,408.48041859999967,408.48041859999967,409.2313463999999,c,1,0.7401497000000745,None,,,,,par_2_mtr_seq,001,2025-10-01_19h58.27.067,untitled,,2025.1.1,59.746578910965944,2025-10-01 19h58.55.438069 +0530,
-150,z,143,3,35,z,1,0.8640934000000016,None,35,3,143,3,,,,,409.2471237,,409.2319069,409.2471237,410.23016430000007,410.23016430000007,410.23016430000007,410.23016430000007,410.2473546000001,411.24729179999986,411.24729179999986,412.1145729,z,1,0.8640934000000016,None,,,,,par_2_mtr_seq,001,2025-10-01_19h58.27.067,untitled,,2025.1.1,59.746578910965944,2025-10-01 19h58.55.438069 +0530,
-50,x,144,0,36,x,1,0.7844919999997728,None,36,0,144,0,,,,,412.1308925999997,,412.11510210000006,412.1308925999997,413.11380819999977,413.11380819999977,413.11380819999977,413.11380819999977,413.1305408999997,414.11381219999976,414.11381219999976,414.91457779999973,x,1,0.7844919999997728,None,,,,,par_2_mtr_seq,001,2025-10-01_19h58.27.067,untitled,,2025.1.1,59.746578910965944,2025-10-01 19h58.55.438069 +0530,
150,v,145,1,36,v,1,0.8609260000002905,None,36,1,145,1,,,,,414.9305725999998,,414.91505389999975,414.9305725999998,415.91383859999996,415.91383859999996,415.91383859999996,415.91383859999996,415.9304311000001,416.9138235999999,416.9138235999999,417.78210179999996,v,1,0.8609260000002905,None,,,,,par_2_mtr_seq,001,2025-10-01_19h58.27.067,untitled,,2025.1.1,59.746578910965944,2025-10-01 19h58.55.438069 +0530,
50,c,146,2,36,c,1,1.3610678999998527,None,36,2,146,2,,,,,417.79697540000006,,417.7826126,417.79697540000006,418.797509,418.797509,418.797509,418.797509,418.797509,419.7970231999998,419.7970231999998,421.1648279000001,c,1,1.3610678999998527,None,,,,,par_2_mtr_seq,001,2025-10-01_19h58.27.067,untitled,,2025.1.1,59.746578910965944,2025-10-01 19h58.55.438069 +0530,
-150,z,147,3,36,z,1,0.8094584000000395,None,36,3,147,3,,,,,421.1806849999998,,421.1653845000001,421.1806849999998,422.1635464000001,422.1635464000001,422.1635464000001,422.1635464000001,422.1803695999997,423.1805225999997,423.1805225999997,423.99814019999985,z,1,0.8094584000000395,None,,,,,par_2_mtr_seq,001,2025-10-01_19h58.27.067,untitled,,2025.1.1,59.746578910965944,2025-10-01 19h58.55.438069 +0530,
-50,x,148,0,37,x,1,1.9746789999999237,None,37,0,148,0,,,,,424.0139844,,423.99868620000007,424.0139844,424.99737079999977,424.99737079999977,424.99737079999977,424.99737079999977,425.01414320000003,425.9973236000001,425.9973236000001,427.9811912,x,1,1.9746789999999237,None,,,,,par_2_mtr_seq,001,2025-10-01_19h58.27.067,untitled,,2025.1.1,59.746578910965944,2025-10-01 19h58.55.438069 +0530,
150,v,149,1,37,v,1,0.7534430999999131,None,37,1,149,1,,,,,427.9972979999998,,427.9816310000001,427.9972979999998,428.98042209999994,428.98042209999994,428.98042209999994,428.98042209999994,428.99719000000005,429.9805088999997,429.9805088999997,430.74751590000005,v,1,0.7534430999999131,None,,,,,par_2_mtr_seq,001,2025-10-01_19h58.27.067,untitled,,2025.1.1,59.746578910965944,2025-10-01 19h58.55.438069 +0530,
50,c,150,2,37,c,1,1.2698169000000235,None,37,2,150,2,,,,,430.7639320999997,,430.74797199999966,430.7639320999997,431.7472564999998,431.7472564999998,431.7472564999998,431.7472564999998,431.76372089999995,432.74728289999985,432.74728289999985,434.03132159999996,c,1,1.2698169000000235,None,,,,,par_2_mtr_seq,001,2025-10-01_19h58.27.067,untitled,,2025.1.1,59.746578910965944,2025-10-01 19h58.55.438069 +0530,
-150,z,151,3,37,z,1,1.229533199999878,None,37,3,151,3,,,,,434.0473139999999,,434.0318471999999,434.0473139999999,435.0308978999997,435.0308978999997,435.0308978999997,435.0308978999997,435.0472999999997,436.03059540000004,436.03059540000004,437.26552809999976,z,1,1.229533199999878,None,,,,,par_2_mtr_seq,001,2025-10-01_19h58.27.067,untitled,,2025.1.1,59.746578910965944,2025-10-01 19h58.55.438069 +0530,
-50,x,152,0,38,x,1,0.9971215999999004,None,38,0,152,0,,,,,437.2804447999997,,437.2660215000001,437.2804447999997,438.28036870000005,438.28036870000005,438.28036870000005,438.28036870000005,438.28036870000005,439.2812349000001,439.2812349000001,440.28136259999974,x,1,0.9971215999999004,None,,,,,par_2_mtr_seq,001,2025-10-01_19h58.27.067,untitled,,2025.1.1,59.746578910965944,2025-10-01 19h58.55.438069 +0530,
150,v,153,1,38,v,1,0.9855551999999079,None,38,1,153,1,,,,,440.29745550000007,,440.28184439999995,440.29745550000007,441.2807577999997,441.2807577999997,441.2807577999997,441.2807577999997,441.29730659999996,442.2807482999997,442.2807482999997,443.28135040000006,v,1,0.9855551999999079,None,,,,,par_2_mtr_seq,001,2025-10-01_19h58.27.067,untitled,,2025.1.1,59.746578910965944,2025-10-01 19h58.55.438069 +0530,
50,c,154,2,38,c,1,0.9334363000002668,None,38,2,154,2,,,,,443.29743259999987,,443.2818093000001,443.29743259999987,444.2806587,444.2806587,444.2806587,444.2806587,444.2971408999997,445.28064479999966,445.28064479999966,446.23072090000005,c,1,0.9334363000002668,None,,,,,par_2_mtr_seq,001,2025-10-01_19h58.27.067,untitled,,2025.1.1,59.746578910965944,2025-10-01 19h58.55.438069 +0530,
-150,z,155,3,38,z,1,0.8712087999997493,None,38,3,155,3,,,,,446.2475856000001,,446.23128210000004,446.2475856000001,447.2306880000001,447.2306880000001,447.2306880000001,447.2306880000001,447.24738389999993,448.23072779999984,448.23072779999984,449.1147305999998,z,1,0.8712087999997493,None,,,,,par_2_mtr_seq,001,2025-10-01_19h58.27.067,untitled,,2025.1.1,59.746578910965944,2025-10-01 19h58.55.438069 +0530,
-50,x,156,0,39,x,1,0.9311096000001271,None,39,0,156,0,,,,,449.13077429999976,,449.1152628,449.13077429999976,450.11403859999973,450.11403859999973,450.11403859999973,450.11403859999973,450.13068829999975,451.11402629999975,451.11402629999975,452.04784819999986,x,1,0.9311096000001271,None,,,,,par_2_mtr_seq,001,2025-10-01_19h58.27.067,untitled,,2025.1.1,59.746578910965944,2025-10-01 19h58.55.438069 +0530,
150,v,157,1,39,v,1,0.8025351000001137,None,39,1,157,1,,,,,452.064394,,452.0483264999998,452.064394,453.04718920000005,453.04718920000005,453.04718920000005,453.04718920000005,453.0644871999998,454.0470674999997,454.0470674999997,454.86568709999983,v,1,0.8025351000001137,None,,,,,par_2_mtr_seq,001,2025-10-01_19h58.27.067,untitled,,2025.1.1,59.746578910965944,2025-10-01 19h58.55.438069 +0530,
50,c,158,2,39,c,1,1.2277337000000443,None,39,2,158,2,,,,,454.8805997999998,,454.86621849999983,454.8805997999998,455.88049709999996,455.88049709999996,455.88049709999996,455.88049709999996,455.88049709999996,456.8810413000001,456.8810413000001,458.11486109999987,c,1,1.2277337000000443,None,,,,,par_2_mtr_seq,001,2025-10-01_19h58.27.067,untitled,,2025.1.1,59.746578910965944,2025-10-01 19h58.55.438069 +0530,
-150,z,159,3,39,z,1,0.8071667999997771,None,39,3,159,3,,,,,458.1307486999999,,458.1153389000001,458.1307486999999,459.1140406999998,459.1140406999998,459.1140406999998,459.1140406999998,459.1308724999999,460.13075720000006,460.13075720000006,460.94808639999974,z,1,0.8071667999997771,None,,,,,par_2_mtr_seq,001,2025-10-01_19h58.27.067,untitled,,2025.1.1,59.746578910965944,2025-10-01 19h58.55.438069 +0530,
-50,x,160,0,40,x,1,0.8105727999995906,None,40,0,160,0,,,,,460.9642353999998,,460.9486364999998,460.9642353999998,461.94804750000003,461.94804750000003,461.94804750000003,461.94804750000003,461.96416499999987,462.9471413000001,462.9471413000001,463.76453360000005,x,1,0.8105727999995906,None,,,,,par_2_mtr_seq,001,2025-10-01_19h58.27.067,untitled,,2025.1.1,59.746578910965944,2025-10-01 19h58.55.438069 +0530,
150,v,161,1,40,v,1,1.01289880000013,None,40,1,161,1,,,,,463.7812372999997,,463.7650039,463.7812372999997,464.7640587000001,464.7640587000001,464.7640587000001,464.7640587000001,464.7810316,465.7640760999998,465.7640760999998,466.78168229999983,v,1,1.01289880000013,None,,,,,par_2_mtr_seq,001,2025-10-01_19h58.27.067,untitled,,2025.1.1,59.746578910965944,2025-10-01 19h58.55.438069 +0530,
50,c,162,2,40,c,1,1.149890300000152,None,40,2,162,2,,,,,466.7973539999998,,466.78212349999967,466.7973539999998,467.7808006,467.7808006,467.7808006,467.7808006,467.7975188999999,468.7806722,468.7806722,469.9318817999997,c,1,1.149890300000152,None,,,,,par_2_mtr_seq,001,2025-10-01_19h58.27.067,untitled,,2025.1.1,59.746578910965944,2025-10-01 19h58.55.438069 +0530,
-150,z,163,3,40,z,1,1.0191708000002109,None,40,3,163,3,,,,,469.9475789999997,,469.9323819000001,469.9475789999997,470.94760129999986,470.94760129999986,470.94760129999986,470.94760129999986,470.94760129999986,471.9307571999998,471.9307571999998,472.96464849999984,z,1,1.0191708000002109,None,,,,,par_2_mtr_seq,001,2025-10-01_19h58.27.067,untitled,,2025.1.1,59.746578910965944,2025-10-01 19h58.55.438069 +0530,
-50,x,164,0,41,x,1,1.0748530999999275,None,41,0,164,0,,,,,472.9809759,,472.96512029999985,472.9809759,473.96413789999997,473.96413789999997,473.96413789999997,473.96413789999997,473.98141469999973,474.96423000000004,474.96423000000004,476.04817520000006,x,1,1.0748530999999275,None,,,,,par_2_mtr_seq,001,2025-10-01_19h58.27.067,untitled,,2025.1.1,59.746578910965944,2025-10-01 19h58.55.438069 +0530,
150,v,165,1,41,v,1,0.6910169000002497,None,41,1,165,1,,,,,476.0639335000001,,476.04871589999993,476.0639335000001,477.04750409999997,477.04750409999997,477.04750409999997,477.04750409999997,477.0643418999998,478.0475409999999,478.0475409999999,478.7480738999998,v,1,0.6910169000002497,None,,,,,par_2_mtr_seq,001,2025-10-01_19h58.27.067,untitled,,2025.1.1,59.746578910965944,2025-10-01 19h58.55.438069 +0530,
50,c,166,2,41,c,1,0.9329761999997572,None,41,2,166,2,,,,,478.7632346999999,,478.7485263999997,478.7632346999999,479.7477323999997,479.7477323999997,479.7477323999997,479.7477323999997,479.7641641,480.7473439999999,480.7473439999999,481.6821292999998,c,1,0.9329761999997572,None,,,,,par_2_mtr_seq,001,2025-10-01_19h58.27.067,untitled,,2025.1.1,59.746578910965944,2025-10-01 19h58.55.438069 +0530,
-150,z,167,3,41,z,1,0.8142938000000868,None,41,3,167,3,,,,,481.69707489999973,,481.6826183999997,481.69707489999973,482.6975569000001,482.6975569000001,482.6975569000001,482.6975569000001,482.6975569000001,483.69753949999995,483.69753949999995,484.5147662999998,z,1,0.8142938000000868,None,,,,,par_2_mtr_seq,001,2025-10-01_19h58.27.067,untitled,,2025.1.1,59.746578910965944,2025-10-01 19h58.55.438069 +0530,
-50,x,168,0,42,x,1,1.250307299999804,None,42,0,168,0,,,,,484.5310562999998,,484.515304,484.5310562999998,485.5142307000001,485.5142307000001,485.5142307000001,485.5142307000001,485.53093450000006,486.51421389999996,486.51421389999996,487.76522669999986,x,1,1.250307299999804,None,,,,,par_2_mtr_seq,001,2025-10-01_19h58.27.067,untitled,,2025.1.1,59.746578910965944,2025-10-01 19h58.55.438069 +0530,
150,v,169,1,42,v,1,1.0353894999998374,None,42,1,169,1,,,,,487.7808503000001,,487.76570839999977,487.7808503000001,488.7808031999998,488.7808031999998,488.7808031999998,488.7808031999998,488.7808031999998,489.7809321,489.7809321,490.831827,v,1,1.0353894999998374,None,,,,,par_2_mtr_seq,001,2025-10-01_19h58.27.067,untitled,,2025.1.1,59.746578910965944,2025-10-01 19h58.55.438069 +0530,
50,c,170,2,42,c,1,1.1010327999997571,None,42,2,170,2,,,,,490.847612,,490.832402,490.847612,491.83136579999973,491.83136579999973,491.83136579999973,491.83136579999973,491.8478970000001,492.8308419,492.8308419,493.9480822999999,c,1,1.1010327999997571,None,,,,,par_2_mtr_seq,001,2025-10-01_19h58.27.067,untitled,,2025.1.1,59.746578910965944,2025-10-01 19h58.55.438069 +0530,
-150,z,171,3,42,z,1,0.8458270999999513,None,42,3,171,3,,,,,493.96419939999987,,493.9485102999997,493.96419939999987,494.9484133000001,494.9484133000001,494.9484133000001,494.9484133000001,494.9646514000001,495.94760589999987,495.94760589999987,496.79850259999967,z,1,0.8458270999999513,None,,,,,par_2_mtr_seq,001,2025-10-01_19h58.27.067,untitled,,2025.1.1,59.746578910965944,2025-10-01 19h58.55.438069 +0530,
-50,x,172,0,43,x,1,0.708972299999914,None,43,0,172,0,,,,,496.8142936999998,,496.7990781999997,496.8142936999998,497.81424849999985,497.81424849999985,497.81424849999985,497.81424849999985,497.81424849999985,498.7975435999997,498.7975435999997,499.51538519999986,x,1,0.708972299999914,None,,,,,par_2_mtr_seq,001,2025-10-01_19h58.27.067,untitled,,2025.1.1,59.746578910965944,2025-10-01 19h58.55.438069 +0530,
150,v,173,1,43,v,1,0.8703915000000961,None,43,1,173,1,,,,,499.53060289999985,,499.5159496000001,499.53060289999985,500.5312525999998,500.5312525999998,500.5312525999998,500.5312525999998,500.5312525999998,501.5312875999998,501.5312875999998,502.41498379999985,v,1,0.8703915000000961,None,,,,,par_2_mtr_seq,001,2025-10-01_19h58.27.067,untitled,,2025.1.1,59.746578910965944,2025-10-01 19h58.55.438069 +0530,
50,c,174,2,43,c,1,0.7965821000002506,None,43,2,174,2,,,,,502.43166470000006,,502.41548349999994,502.43166470000006,503.4142477999999,503.4142477999999,503.4142477999999,503.4142477999999,503.4312519,504.4142769,504.4142769,505.2154038999997,c,1,0.7965821000002506,None,,,,,par_2_mtr_seq,001,2025-10-01_19h58.27.067,untitled,,2025.1.1,59.746578910965944,2025-10-01 19h58.55.438069 +0530,
-150,z,175,3,43,z,1,0.9017631000001529,None,43,3,175,3,,,,,505.2310902999998,,505.2159010999999,505.2310902999998,506.2309338,506.2309338,506.2309338,506.2309338,506.2309338,507.23100939999995,507.23100939999995,508.1484154,z,1,0.9017631000001529,None,,,,,par_2_mtr_seq,001,2025-10-01_19h58.27.067,untitled,,2025.1.1,59.746578910965944,2025-10-01 19h58.55.438069 +0530,
-50,x,176,0,44,x,1,0.8661740999996255,None,44,0,176,0,,,,,508.1648273999999,,508.14890349999996,508.1648273999999,509.1476312,509.1476312,509.1476312,509.1476312,509.1643521000001,510.15095519999977,510.15095519999977,511.03167540000004,x,1,0.8661740999996255,None,,,,,par_2_mtr_seq,001,2025-10-01_19h58.27.067,untitled,,2025.1.1,59.746578910965944,2025-10-01 19h58.55.438069 +0530,
150,v,177,1,44,v,1,0.8015378999998575,None,44,1,177,1,,,,,511.0477283,,511.0321541999997,511.0477283,512.0309202999997,512.0309202999997,512.0309202999997,512.0309202999997,512.0472636999998,513.0310476,513.0310476,513.8483680999998,v,1,0.8015378999998575,None,,,,,par_2_mtr_seq,001,2025-10-01_19h58.27.067,untitled,,2025.1.1,59.746578910965944,2025-10-01 19h58.55.438069 +0530,
50,c,178,2,44,c,1,0.8863368000002083,None,44,2,178,2,,,,,513.8647409999999,,513.8487981999997,513.8647409999999,514.8476154,514.8476154,514.8476154,514.8476154,514.8644187999998,515.8476916999998,515.8476916999998,516.7484445999999,c,1,0.8863368000002083,None,,,,,par_2_mtr_seq,001,2025-10-01_19h58.27.067,untitled,,2025.1.1,59.746578910965944,2025-10-01 19h58.55.438069 +0530,
-150,z,179,3,44,z,1,0.8496948000001794,None,44,3,179,3,,,,,516.7643849000001,,516.7490017999999,516.7643849000001,517.7477558999999,517.7477558999999,517.7477558999999,517.7477558999999,517.7643195,518.7477712,518.7477712,519.5994142999998,z,1,0.8496948000001794,None,,,,,par_2_mtr_seq,001,2025-10-01_19h58.27.067,untitled,,2025.1.1,59.746578910965944,2025-10-01 19h58.55.438069 +0530,
-50,x,180,0,45,x,1,1.0377149999999347,None,45,0,180,0,,,,,519.6144753999997,,519.6000366999997,519.6144753999997,520.6143652000001,520.6143652000001,520.6143652000001,520.6143652000001,520.6143652000001,521.6145738999999,521.6145738999999,522.6651437,x,1,1.0377149999999347,None,,,,,par_2_mtr_seq,001,2025-10-01_19h58.27.067,untitled,,2025.1.1,59.746578910965944,2025-10-01 19h58.55.438069 +0530,
150,v,181,1,45,v,1,1.001560100000006,None,45,1,181,1,,,,,522.6809886000001,,522.6655781999998,522.6809886000001,523.6645493999999,523.6645493999999,523.6645493999999,523.6645493999999,523.6813232999998,524.6813167,524.6813167,525.6979880999997,v,1,1.001560100000006,None,,,,,par_2_mtr_seq,001,2025-10-01_19h58.27.067,untitled,,2025.1.1,59.746578910965944,2025-10-01 19h58.55.438069 +0530,
50,c,182,2,45,c,1,0.8582947999998396,None,45,2,182,2,,,,,525.7147838000001,,525.6985255999998,525.7147838000001,526.6975468999999,526.6975468999999,526.6975468999999,526.6975468999999,526.7144911,527.6973592999998,527.6973592999998,528.5655459999998,c,1,0.8582947999998396,None,,,,,par_2_mtr_seq,001,2025-10-01_19h58.27.067,untitled,,2025.1.1,59.746578910965944,2025-10-01 19h58.55.438069 +0530,
-150,z,183,3,45,z,1,0.7862813000001552,None,45,3,183,3,,,,,528.5817116999997,,528.5661881000001,528.5817116999997,529.5812022,529.5812022,529.5812022,529.5812022,529.5812022,530.5811186999999,530.5811186999999,531.3819251999998,z,1,0.7862813000001552,None,,,,,par_2_mtr_seq,001,2025-10-01_19h58.27.067,untitled,,2025.1.1,59.746578910965944,2025-10-01 19h58.55.438069 +0530,
-50,x,184,0,46,x,1,0.6658692000000883,None,46,0,184,0,,,,,531.3978843999998,,531.3824491,531.3978843999998,532.3812229,532.3812229,532.3812229,532.3812229,532.3977651,533.3811895999997,533.3811895999997,534.0496902999998,x,1,0.6658692000000883,None,,,,,par_2_mtr_seq,001,2025-10-01_19h58.27.067,untitled,,2025.1.1,59.746578910965944,2025-10-01 19h58.55.438069 +0530,
150,v,185,1,46,v,1,0.949686500000098,None,46,1,185,1,,,,,534.0643056999997,,534.0502907,534.0643056999997,535.0643491999999,535.0643491999999,535.0643491999999,535.0643491999999,535.0643491999999,536.0649205999998,536.0649205999998,537.0155415999998,v,1,0.949686500000098,None,,,,,par_2_mtr_seq,001,2025-10-01_19h58.27.067,untitled,,2025.1.1,59.746578910965944,2025-10-01 19h58.55.438069 +0530,
50,c,186,2,46,c,1,0.9467845000003763,None,46,2,186,2,,,,,537.0310571,,537.0160287999997,537.0310571,538.0148555000001,538.0148555000001,538.0148555000001,538.0148555000001,538.0311664999999,539.0312472999999,539.0312472999999,539.9814664999999,c,1,0.9467845000003763,None,,,,,par_2_mtr_seq,001,2025-10-01_19h58.27.067,untitled,,2025.1.1,59.746578910965944,2025-10-01 19h58.55.438069 +0530,
-150,z,187,3,46,z,1,0.78335479999987,None,46,3,187,3,,,,,539.9977829,,539.9819189,539.9977829,540.9812766999999,540.9812766999999,540.9812766999999,540.9812766999999,540.9977125999999,541.9812919999999,541.9812919999999,542.7655234999997,z,1,0.78335479999987,None,,,,,par_2_mtr_seq,001,2025-10-01_19h58.27.067,untitled,,2025.1.1,59.746578910965944,2025-10-01 19h58.55.438069 +0530,
-50,x,188,0,47,x,1,1.281312600000092,None,47,0,188,0,,,,,542.7811717999998,,542.7660038999998,542.7811717999998,543.7811950999999,543.7811950999999,543.7811950999999,543.7811950999999,543.7811950999999,544.7647890999997,544.7647890999997,546.0487211,x,1,1.281312600000092,None,,,,,par_2_mtr_seq,001,2025-10-01_19h58.27.067,untitled,,2025.1.1,59.746578910965944,2025-10-01 19h58.55.438069 +0530,
150,v,189,1,47,v,1,0.9560597999998208,None,47,1,189,1,,,,,546.0646053999999,,546.0492021999999,546.0646053999999,547.0479459999997,547.0479459999997,547.0479459999997,547.0479459999997,547.0646351999999,548.0478838999998,548.0478838999998,549.0153391999997,v,1,0.9560597999998208,None,,,,,par_2_mtr_seq,001,2025-10-01_19h58.27.067,untitled,,2025.1.1,59.746578910965944,2025-10-01 19h58.55.438069 +0530,
50,c,190,2,47,c,1,1.0035867999999937,None,47,2,190,2,,,,,549.0311767999997,,549.0158185,549.0311767999997,550.0142097999997,550.0142097999997,550.0142097999997,550.0142097999997,550.0311289000001,551.0143862999998,551.0143862999998,552.0319820999998,c,1,1.0035867999999937,None,,,,,par_2_mtr_seq,001,2025-10-01_19h58.27.067,untitled,,2025.1.1,59.746578910965944,2025-10-01 19h58.55.438069 +0530,
-150,z,191,3,47,z,1,0.8235036999999465,None,47,3,191,3,,,,,552.047935,,552.0324553,552.047935,553.0315105999998,553.0315105999998,553.0315105999998,553.0315105999998,553.0476245999998,554.0314417999998,554.0314417999998,554.8652226999998,z,1,0.8235036999999465,None,,,,,par_2_mtr_seq,001,2025-10-01_19h58.27.067,untitled,,2025.1.1,59.746578910965944,2025-10-01 19h58.55.438069 +0530,
-50,x,192,0,48,x,1,0.7006105999998908,None,48,0,192,0,,,,,554.8811308999998,,554.8657601,554.8811308999998,555.8645742999997,555.8645742999997,555.8645742999997,555.8645742999997,555.8812886000001,556.8650508999999,556.8650508999999,557.5845394999997,x,1,0.7006105999998908,None,,,,,par_2_mtr_seq,001,2025-10-01_19h58.27.067,untitled,,2025.1.1,59.746578910965944,2025-10-01 19h58.55.438069 +0530,
150,v,193,1,48,v,1,0.9716668000000936,None,48,1,193,1,,,,,557.5970173000001,,557.5850209,557.5970173000001,558.5979868,558.5979868,558.5979868,558.5979868,558.5979868,559.5985916999998,559.5985916999998,560.5820478,v,1,0.9716668000000936,None,,,,,par_2_mtr_seq,001,2025-10-01_19h58.27.067,untitled,,2025.1.1,59.746578910965944,2025-10-01 19h58.55.438069 +0530,
50,c,194,2,48,c,1,0.8623776999997972,None,48,2,194,2,,,,,560.5980178,,560.5826140999998,560.5980178,561.58133,561.58133,561.58133,561.58133,561.5981566,562.5814108999998,562.5814108999998,563.4489940999997,c,1,0.8623776999997972,None,,,,,par_2_mtr_seq,001,2025-10-01_19h58.27.067,untitled,,2025.1.1,59.746578910965944,2025-10-01 19h58.55.438069 +0530,
-150,z,195,3,48,z,1,1.0220446000002994,None,48,3,195,3,,,,,563.4649712,,563.4494746,563.4649712,564.4654919999998,564.4654919999998,564.4654919999998,564.4654919999998,564.4654919999998,565.4646923999999,565.4646923999999,566.4986881999998,z,1,1.0220446000002994,None,,,,,par_2_mtr_seq,001,2025-10-01_19h58.27.067,untitled,,2025.1.1,59.746578910965944,2025-10-01 19h58.55.438069 +0530,
-50,x,196,0,49,x,1,0.7288871999999174,None,49,0,196,0,,,,,566.5148423,,566.4992274000001,566.5148423,567.4979958999998,567.4979958999998,567.4979958999998,567.4979958999998,567.5146913999997,568.4979945999999,568.4979945999999,569.2314652999999,x,1,0.7288871999999174,None,,,,,par_2_mtr_seq,001,2025-10-01_19h58.27.067,untitled,,2025.1.1,59.746578910965944,2025-10-01 19h58.55.438069 +0530,
150,v,197,1,49,v,1,0.8865851000000475,None,49,1,197,1,,,,,569.2477027,,569.2320248999999,569.2477027,570.2313467999998,570.2313467999998,570.2313467999998,570.2313467999998,570.2479770999998,571.2313301999998,571.2313301999998,572.1322454000001,v,1,0.8865851000000475,None,,,,,par_2_mtr_seq,001,2025-10-01_19h58.27.067,untitled,,2025.1.1,59.746578910965944,2025-10-01 19h58.55.438069 +0530,
50,c,198,2,49,c,1,1.0704964999999902,None,49,2,198,2,,,,,572.1479067,,572.1327597999998,572.1479067,573.1314717,573.1314717,573.1314717,573.1314717,573.1480670000001,574.1311581999998,574.1311581999998,575.2154938999997,c,1,1.0704964999999902,None,,,,,par_2_mtr_seq,001,2025-10-01_19h58.27.067,untitled,,2025.1.1,59.746578910965944,2025-10-01 19h58.55.438069 +0530,
-150,z,199,3,49,z,1,1.0401380999996945,None,49,3,199,3,,,,,575.2313669,,575.2160322999998,575.2313669,576.2144284000001,576.2144284000001,576.2144284000001,576.2144284000001,576.2314053999999,577.2149196999999,577.2149196999999,578.2652315999999,z,1,1.0401380999996945,None,,,,,par_2_mtr_seq,001,2025-10-01_19h58.27.067,untitled,,2025.1.1,59.746578910965944,2025-10-01 19h58.55.438069 +0530,
150,v,0,0,0,v,1,1.1721317999999883,None,,,,,0,0,0,1,578.2814281000001,,578.2729982999999,578.2814281000001,579.2649708999998,579.2649708999998,579.2649708999998,579.2649708999998,579.2821129999998,580.264799,580.264799,581.4487899999999,,,,,v,1,1.1721317999999883,None,par_2_mtr_seq,001,2025-10-01_19h58.27.067,untitled,,2025.1.1,59.746578910965944,2025-10-01 19h58.55.438069 +0530,
-150,z,1,1,0,z,1,0.7739563000000089,None,,,,,0,1,1,3,581.4648858,,581.4493038999999,581.4648858,582.4480746999998,582.4480746999998,582.4480746999998,582.4480746999998,582.4648143,583.4481259999998,583.4481259999998,584.2324788000001,,,,,z,1,0.7739563000000089,None,par_2_mtr_seq,001,2025-10-01_19h58.27.067,untitled,,2025.1.1,59.746578910965944,2025-10-01 19h58.55.438069 +0530,
-50,x,2,2,0,x,1,0.9200901999997768,None,,,,,0,2,2,0,584.2480240999998,,584.2330260999997,584.2480240999998,585.2483874999998,585.2483874999998,585.2483874999998,585.2483874999998,585.2483874999998,586.2318322000001,586.2318322000001,587.1656091999998,,,,,x,1,0.9200901999997768,None,par_2_mtr_seq,001,2025-10-01_19h58.27.067,untitled,,2025.1.1,59.746578910965944,2025-10-01 19h58.55.438069 +0530,
50,c,3,3,0,c,1,0.9602915000000394,None,,,,,0,3,3,2,587.1814346000001,,587.1661782000001,587.1814346000001,588.1652743,588.1652743,588.1652743,588.1652743,588.1815256,589.1647522999997,589.1647522999997,590.1323846,,,,,c,1,0.9602915000000394,None,par_2_mtr_seq,001,2025-10-01_19h58.27.067,untitled,,2025.1.1,59.746578910965944,2025-10-01 19h58.55.438069 +0530,
-150,z,4,0,1,z,1,0.8748031999998602,None,,,,,1,0,4,3,590.1479657,,590.1328746999998,590.1479657,591.1481402,591.1481402,591.1481402,591.1481402,591.1481402,592.1316886,592.1316886,593.0153639999999,,,,,z,1,0.8748031999998602,None,par_2_mtr_seq,001,2025-10-01_19h58.27.067,untitled,,2025.1.1,59.746578910965944,2025-10-01 19h58.55.438069 +0530,
50,c,5,1,1,c,1,0.9170693999999457,None,,,,,1,1,5,2,593.0319593999998,,593.0158570999997,593.0319593999998,594.0160679,594.0160679,594.0160679,594.0160679,594.0320320999999,595.0146924000001,595.0146924000001,595.9482297999998,,,,,c,1,0.9170693999999457,None,par_2_mtr_seq,001,2025-10-01_19h58.27.067,untitled,,2025.1.1,59.746578910965944,2025-10-01 19h58.55.438069 +0530,
-50,x,6,2,1,x,1,1.061031599999751,None,,,,,1,2,6,0,595.9645378999999,,595.9487915,595.9645378999999,596.9482973999998,596.9482973999998,596.9482973999998,596.9482973999998,596.9650308,597.9482349999998,597.9482349999998,599.0159168,,,,,x,1,1.061031599999751,None,par_2_mtr_seq,001,2025-10-01_19h58.27.067,untitled,,2025.1.1,59.746578910965944,2025-10-01 19h58.55.438069 +0530,
150,v,7,3,1,v,1,0.8339241999997284,None,,,,,1,3,7,1,599.031579,,599.0163826999997,599.031579,600.0314881999998,600.0314881999998,600.0314881999998,600.0314881999998,600.0314881999998,601.0314411999998,601.0314411999998,601.8822517999997,,,,,v,1,0.8339241999997284,None,par_2_mtr_seq,001,2025-10-01_19h58.27.067,untitled,,2025.1.1,59.746578910965944,2025-10-01 19h58.55.438069 +0530,
50,c,8,0,2,c,1,1.1849529000000985,None,,,,,2,0,8,2,601.8982280999999,,601.8827569999999,601.8982280999999,602.8815549000001,602.8815549000001,602.8815549000001,602.8815549000001,602.8981162,603.8815436,603.8815436,605.0822466,,,,,c,1,1.1849529000000985,None,par_2_mtr_seq,001,2025-10-01_19h58.27.067,untitled,,2025.1.1,59.746578910965944,2025-10-01 19h58.55.438069 +0530,
-150,z,9,1,2,z,1,0.7192368000000897,None,,,,,2,1,9,3,605.0972717,,605.0827482999998,605.0972717,606.0814965999998,606.0814965999998,606.0814965999998,606.0814965999998,606.0982798999999,607.0817383999997,607.0817383999997,607.8154764999999,,,,,z,1,0.7192368000000897,None,par_2_mtr_seq,001,2025-10-01_19h58.27.067,untitled,,2025.1.1,59.746578910965944,2025-10-01 19h58.55.438069 +0530,
-50,x,10,2,2,x,1,1.0193656999999803,None,,,,,2,2,10,0,607.8315459999999,,607.8159576999997,607.8315459999999,608.8146054999997,608.8146054999997,608.8146054999997,608.8146054999997,608.8315508000001,609.8146023999998,609.8146023999998,610.8488557999999,,,,,x,1,1.0193656999999803,None,par_2_mtr_seq,001,2025-10-01_19h58.27.067,untitled,,2025.1.1,59.746578910965944,2025-10-01 19h58.55.438069 +0530,
150,v,11,3,2,v,1,0.7185457999999016,None,,,,,2,3,11,1,610.8652056999999,,610.8494078999997,610.8652056999999,611.8483756,611.8483756,611.8483756,611.8483756,611.8650505,612.8486743999997,612.8486743999997,613.5822164000001,,,,,v,1,0.7185457999999016,None,par_2_mtr_seq,001,2025-10-01_19h58.27.067,untitled,,2025.1.1,59.746578910965944,2025-10-01 19h58.55.438069 +0530,
50,c,12,0,3,c,1,0.8431731999999101,None,,,,,3,0,12,2,613.5974511999998,,613.5827687000001,613.5974511999998,614.5816331000001,614.5816331000001,614.5816331000001,614.5816331000001,614.5983996,615.5816242999999,615.5816242999999,616.4321219999997,,,,,c,1,0.8431731999999101,None,par_2_mtr_seq,001,2025-10-01_19h58.27.067,untitled,,2025.1.1,59.746578910965944,2025-10-01 19h58.55.438069 +0530,
-50,x,13,1,3,x,1,0.9474179999997432,None,,,,,3,1,13,0,616.4484883999999,,616.4326849999998,616.4484883999999,617.4315784,617.4315784,617.4315784,617.4315784,617.4482576,618.4315575,618.4315575,619.3819749999998,,,,,x,1,0.9474179999997432,None,par_2_mtr_seq,001,2025-10-01_19h58.27.067,untitled,,2025.1.1,59.746578910965944,2025-10-01 19h58.55.438069 +0530,
-150,z,14,2,3,z,1,0.8538330999999744,None,,,,,3,2,14,3,619.3981448999998,,619.3824725,619.3981448999998,620.3816526,620.3816526,620.3816526,620.3816526,620.3983223999999,621.3817359,621.3817359,622.2489359000001,,,,,z,1,0.8538330999999744,None,par_2_mtr_seq,001,2025-10-01_19h58.27.067,untitled,,2025.1.1,59.746578910965944,2025-10-01 19h58.55.438069 +0530,
150,v,15,3,3,v,1,0.9376305000000684,None,,,,,3,3,15,1,622.2650688999997,,622.2494760999998,622.2650688999997,623.2482587,623.2482587,623.2482587,623.2482587,623.2649735,624.2485017999998,624.2485017999998,625.1992565,,,,,v,1,0.9376305000000684,None,par_2_mtr_seq,001,2025-10-01_19h58.27.067,untitled,,2025.1.1,59.746578910965944,2025-10-01 19h58.55.438069 +0530,
-150,z,16,0,4,z,1,1.4919730999999956,None,,,,,4,0,16,3,625.2150616999998,,625.1997459999998,625.2150616999998,626.2149673999998,626.2149673999998,626.2149673999998,626.2149673999998,626.2149673999998,627.2147132,627.2147132,628.7158945000001,,,,,z,1,1.4919730999999956,None,par_2_mtr_seq,001,2025-10-01_19h58.27.067,untitled,,2025.1.1,59.746578910965944,2025-10-01 19h58.55.438069 +0530,
150,v,17,1,4,v,1,0.7857391000002281,None,,,,,4,1,17,1,628.7316978999997,,628.7164696,628.7316978999997,629.7318912999999,629.7318912999999,629.7318912999999,629.7318912999999,629.7318912999999,630.731773,630.731773,631.5324164999997,,,,,v,1,0.7857391000002281,None,par_2_mtr_seq,001,2025-10-01_19h58.27.067,untitled,,2025.1.1,59.746578910965944,2025-10-01 19h58.55.438069 +0530,
-50,x,18,2,4,x,1,0.895868700000392,None,,,,,4,2,18,0,631.5474807,,631.5329020999998,631.5474807,632.5480170000001,632.5480170000001,632.5480170000001,632.5480170000001,632.5480170000001,633.5316712999997,633.5316712999997,634.4326078999998,,,,,x,1,0.895868700000392,None,par_2_mtr_seq,001,2025-10-01_19h58.27.067,untitled,,2025.1.1,59.746578910965944,2025-10-01 19h58.55.438069 +0530,
50,c,19,3,4,c,1,1.1128925999996682,None,,,,,4,3,19,2,634.4478443999997,,634.4330584999998,634.4478443999997,635.4316641,635.4316641,635.4316641,635.4316641,635.4483482,636.4319665999997,636.4319665999997,637.5490070999999,,,,,c,1,1.1128925999996682,None,par_2_mtr_seq,001,2025-10-01_19h58.27.067,untitled,,2025.1.1,59.746578910965944,2025-10-01 19h58.55.438069 +0530,
50,c,20,0,5,c,1,1.0235468999999284,None,,,,,5,0,20,2,637.5652247999997,,637.5494933999998,637.5652247999997,638.5483177000001,638.5483177000001,638.5483177000001,638.5483177000001,638.5650602000001,639.5482959999999,639.5482959999999,640.5827565,,,,,c,1,1.0235468999999284,None,par_2_mtr_seq,001,2025-10-01_19h58.27.067,untitled,,2025.1.1,59.746578910965944,2025-10-01 19h58.55.438069 +0530,
-50,x,21,1,5,x,1,0.7608064999999442,None,,,,,5,1,21,0,640.5989617999999,,640.5832458,640.5989617999999,641.5819634,641.5819634,641.5819634,641.5819634,641.5982894999997,642.5983704999999,642.5983704999999,643.3657493999999,,,,,x,1,0.7608064999999442,None,par_2_mtr_seq,001,2025-10-01_19h58.27.067,untitled,,2025.1.1,59.746578910965944,2025-10-01 19h58.55.438069 +0530,
-150,z,22,2,5,z,1,0.783021799999915,None,,,,,5,2,22,3,643.3818532999999,,643.3662099999997,643.3818532999999,644.3649474999997,644.3649474999997,644.3649474999997,644.3649474999997,644.3821023,645.3652005999998,645.3652005999998,646.1490343999999,,,,,z,1,0.783021799999915,None,par_2_mtr_seq,001,2025-10-01_19h58.27.067,untitled,,2025.1.1,59.746578910965944,2025-10-01 19h58.55.438069 +0530,
150,v,23,3,5,v,1,0.7028841999999713,None,,,,,5,3,23,1,646.1651867,,646.1495215999998,646.1651867,647.1483533,647.1483533,647.1483533,647.1483533,647.1657029999997,648.1482919999999,648.1482919999999,648.8657773,,,,,v,1,0.7028841999999713,None,par_2_mtr_seq,001,2025-10-01_19h58.27.067,untitled,,2025.1.1,59.746578910965944,2025-10-01 19h58.55.438069 +0530,
50,c,24,0,6,c,1,1.1008315999997649,None,,,,,6,0,24,2,648.8822738999997,,648.8663254999997,648.8822738999997,649.8650843999999,649.8650843999999,649.8650843999999,649.8650843999999,649.8817884,650.8650736999998,650.8650736999998,651.9819078999999,,,,,c,1,1.1008315999997649,None,par_2_mtr_seq,001,2025-10-01_19h58.27.067,untitled,,2025.1.1,59.746578910965944,2025-10-01 19h58.55.438069 +0530,
-50,x,25,1,6,x,1,0.8694957000002432,None,,,,,6,1,25,0,651.9984755999999,,651.9824801,651.9984755999999,652.9817942999998,652.9817942999998,652.9817942999998,652.9817942999998,652.9984605,653.9818683999997,653.9818683999997,654.8657846000001,,,,,x,1,0.8694957000002432,None,par_2_mtr_seq,001,2025-10-01_19h58.27.067,untitled,,2025.1.1,59.746578910965944,2025-10-01 19h58.55.438069 +0530,
-150,z,26,2,6,z,1,0.9063194999998814,None,,,,,6,2,26,3,654.8821055999997,,654.8662921999999,654.8821055999997,655.8650963999999,655.8650963999999,655.8650963999999,655.8650963999999,655.8852339999999,656.8653360999997,656.8653360999997,657.7824842999999,,,,,z,1,0.9063194999998814,None,par_2_mtr_seq,001,2025-10-01_19h58.27.067,untitled,,2025.1.1,59.746578910965944,2025-10-01 19h58.55.438069 +0530,
150,v,27,3,6,v,1,0.7174248000001171,None,,,,,6,3,27,1,657.7982226999998,,657.7829862999997,657.7982226999998,658.7817630999998,658.7817630999998,658.7817630999998,658.7817630999998,658.7986914999997,659.7818487999998,659.7818487999998,660.5165053000001,,,,,v,1,0.7174248000001171,None,par_2_mtr_seq,001,2025-10-01_19h58.27.067,untitled,,2025.1.1,59.746578910965944,2025-10-01 19h58.55.438069 +0530,
-50,x,28,0,7,x,1,0.7033797000003688,None,,,,,7,0,28,0,660.5316287,,660.5170088,660.5316287,661.5321103000001,661.5321103000001,661.5321103000001,661.5321103000001,661.5321103000001,662.5318668999998,662.5318668999998,663.2493473,,,,,x,1,0.7033797000003688,None,par_2_mtr_seq,001,2025-10-01_19h58.27.067,untitled,,2025.1.1,59.746578910965944,2025-10-01 19h58.55.438069 +0530,
50,c,29,1,7,c,1,0.791172700000061,None,,,,,7,1,29,2,663.2660145999998,,663.2498965,663.2660145999998,664.2485641999997,664.2485641999997,664.2485641999997,664.2485641999997,664.2654150999997,665.2484592999999,665.2484592999999,666.0496608999997,,,,,c,1,0.791172700000061,None,par_2_mtr_seq,001,2025-10-01_19h58.27.067,untitled,,2025.1.1,59.746578910965944,2025-10-01 19h58.55.438069 +0530,
150,v,30,2,7,v,1,0.8380858999998964,None,,,,,7,2,30,1,666.0650015000001,,666.0501598999999,666.0650015000001,667.0649319999998,667.0649319999998,667.0649319999998,667.0649319999998,667.0649319999998,668.0650938999997,668.0650938999997,668.9155530999997,,,,,v,1,0.8380858999998964,None,par_2_mtr_seq,001,2025-10-01_19h58.27.067,untitled,,2025.1.1,59.746578910965944,2025-10-01 19h58.55.438069 +0530,
-150,z,31,3,7,z,1,2.36115510000036,None,,,,,7,3,31,3,668.9317099,,668.9160134999997,668.9317099,669.9152331,669.9152331,669.9152331,669.9152331,669.9317971999999,670.9154008,670.9154008,673.2825751999999,,,,,z,1,2.36115510000036,None,par_2_mtr_seq,001,2025-10-01_19h58.27.067,untitled,,2025.1.1,59.746578910965944,2025-10-01 19h58.55.438069 +0530,
50,c,32,0,8,c,1,1.3764486000000034,None,,,,,8,0,32,2,673.2984573999997,,673.2830617999998,673.2984573999997,674.2819125000001,674.2819125000001,674.2819125000001,674.2819125000001,674.298663,675.2819721000001,675.2819721000001,676.6656084000001,,,,,c,1,1.3764486000000034,None,par_2_mtr_seq,001,2025-10-01_19h58.27.067,untitled,,2025.1.1,59.746578910965944,2025-10-01 19h58.55.438069 +0530,
-50,x,33,1,8,x,1,0.5249016999996456,None,,,,,8,1,33,0,676.681955,,676.6660993,676.681955,677.6652362,677.6652362,677.6652362,677.6652362,677.6818783999997,678.6661583,678.6661583,679.1988788999997,,,,,x,1,0.5249016999996456,None,par_2_mtr_seq,001,2025-10-01_19h58.27.067,untitled,,2025.1.1,59.746578910965944,2025-10-01 19h58.55.438069 +0530,
-150,z,34,2,8,z,1,0.36965969999982917,None,,,,,8,2,34,3,679.2152879999999,,679.1994598000001,679.2152879999999,680.1985596999998,680.1985596999998,680.1985596999998,680.1985596999998,680.2152176,681.1988111999999,681.1988111999999,681.582527,,,,,z,1,0.36965969999982917,None,par_2_mtr_seq,001,2025-10-01_19h58.27.067,untitled,,2025.1.1,59.746578910965944,2025-10-01 19h58.55.438069 +0530,
150,v,35,3,8,v,1,0.37053470000000743,None,,,,,8,3,35,1,681.5986674999999,,681.5830768999999,681.5986674999999,682.5828507000001,682.5828507000001,682.5828507000001,682.5828507000001,682.5985295,683.5820733,683.5820733,683.9661920999997,,,,,v,1,0.37053470000000743,None,par_2_mtr_seq,001,2025-10-01_19h58.27.067,untitled,,2025.1.1,59.746578910965944,2025-10-01 19h58.55.438069 +0530,
-150,z,36,0,9,z,1,0.8889544000003298,None,,,,,9,0,36,3,683.9819935999999,,683.9667611,683.9819935999999,684.9649985000001,684.9649985000001,684.9649985000001,684.9649985000001,684.9819193999997,685.9652563,685.9652563,686.8660956999997,,,,,z,1,0.8889544000003298,None,par_2_mtr_seq,001,2025-10-01_19h58.27.067,untitled,,2025.1.1,59.746578910965944,2025-10-01 19h58.55.438069 +0530,
150,v,37,1,9,v,1,0.36429690000022674,None,,,,,9,1,37,1,686.882216,,686.8666039,686.882216,687.8653893000001,687.8653893000001,687.8653893000001,687.8653893000001,687.882188,688.8653657999998,688.8653657999998,689.2325339999998,,,,,v,1,0.36429690000022674,None,par_2_mtr_seq,001,2025-10-01_19h58.27.067,untitled,,2025.1.1,59.746578910965944,2025-10-01 19h58.55.438069 +0530,
50,c,38,2,9,c,1,0.5226895999999215,None,,,,,9,2,38,2,689.2487633000001,,689.2334437,689.2487633000001,690.2316959,690.2316959,690.2316959,690.2316959,690.2485121,691.2319738000001,691.2319738000001,691.7660188,,,,,c,1,0.5226895999999215,None,par_2_mtr_seq,001,2025-10-01_19h58.27.067,untitled,,2025.1.1,59.746578910965944,2025-10-01 19h58.55.438069 +0530,
-50,x,39,3,9,x,1,0.26775469999984125,None,,,,,9,3,39,0,691.7820217999997,,691.7665469999997,691.7820217999997,692.7653089999999,692.7653089999999,692.7653089999999,692.7653089999999,692.7819565999998,693.7653270000001,693.7653270000001,694.0494381999997,,,,,x,1,0.26775469999984125,None,par_2_mtr_seq,001,2025-10-01_19h58.27.067,untitled,,2025.1.1,59.746578910965944,2025-10-01 19h58.55.438069 +0530,
-150,z,40,0,10,z,1,0.48497309999993377,None,,,,,10,0,40,3,694.065497,,694.0500145000001,694.065497,695.0486226999997,695.0486226999997,695.0486226999997,695.0486226999997,695.0648474,696.0486370999997,696.0486370999997,696.5491179,,,,,z,1,0.48497309999993377,None,par_2_mtr_seq,001,2025-10-01_19h58.27.067,untitled,,2025.1.1,59.746578910965944,2025-10-01 19h58.55.438069 +0530,
-50,x,41,1,10,x,1,0.28262320000021646,None,,,,,10,1,41,0,696.5653739999998,,696.549673,696.5653739999998,697.5485708000001,697.5485708000001,697.5485708000001,697.5485708000001,697.5652559,698.5489171999998,698.5489171999998,698.8330338999999,,,,,x,1,0.28262320000021646,None,par_2_mtr_seq,001,2025-10-01_19h58.27.067,untitled,,2025.1.1,59.746578910965944,2025-10-01 19h58.55.438069 +0530,
150,v,42,2,10,v,1,0.8482715000000098,None,,,,,10,2,42,1,698.8487488999999,,698.8335195,698.8487488999999,699.8319775,699.8319775,699.8319775,699.8319775,699.8491399999998,700.8487062999998,700.8487062999998,701.6999765999999,,,,,v,1,0.8482715000000098,None,par_2_mtr_seq,001,2025-10-01_19h58.27.067,untitled,,2025.1.1,59.746578910965944,2025-10-01 19h58.55.438069 +0530,
50,c,43,3,10,c,1,0.7862645000000157,None,,,,,10,3,43,2,701.7148628999998,,701.7006263999997,701.7148628999998,702.7153107999998,702.7153107999998,702.7153107999998,702.7153107999998,702.7153107999998,703.7153506999998,703.7153506999998,704.5161515999998,,,,,c,1,0.7862645000000157,None,par_2_mtr_seq,001,2025-10-01_19h58.27.067,untitled,,2025.1.1,59.746578910965944,2025-10-01 19h58.55.438069 +0530,
150,v,44,0,11,b,0,0.3873023999999532,None,,,,,11,0,44,1,704.5320127,,704.5167087999998,704.5320127,705.5154454999997,705.5154454999997,705.5154454999997,705.5154454999997,705.532017,706.5150985,706.5150985,706.9162142999999,,,,,b,0,0.3873023999999532,None,par_2_mtr_seq,001,2025-10-01_19h58.27.067,untitled,,2025.1.1,59.746578910965944,2025-10-01 19h58.55.438069 +0530,
-50,x,45,1,11,x,1,1.7662692000003517,None,,,,,11,1,45,0,706.9322152,,706.9167672999997,706.9322152,707.9154370000001,707.9154370000001,707.9154370000001,707.9154370000001,707.9319528999999,708.9154014000001,708.9154014000001,710.6839701999997,,,,,x,1,1.7662692000003517,None,par_2_mtr_seq,001,2025-10-01_19h58.27.067,untitled,,2025.1.1,59.746578910965944,2025-10-01 19h58.55.438069 +0530,
50,c,46,2,11,c,1,1.0679069000002528,None,,,,,11,2,46,2,710.6985506000001,,710.6844502999998,710.6985506000001,711.6987743,711.6987743,711.6987743,711.6987743,711.6987743,712.6985193999999,712.6985193999999,713.7827523999999,,,,,c,1,1.0679069000002528,None,par_2_mtr_seq,001,2025-10-01_19h58.27.067,untitled,,2025.1.1,59.746578910965944,2025-10-01 19h58.55.438069 +0530,
-150,z,47,3,11,z,1,0.6479580000000169,None,,,,,11,3,47,3,713.7990052,,713.7833074,713.7990052,714.7821110999998,714.7821110999998,714.7821110999998,714.7821110999998,714.7989032999999,715.782021,715.782021,716.4328955999999,,,,,z,1,0.6479580000000169,None,par_2_mtr_seq,001,2025-10-01_19h58.27.067,untitled,,2025.1.1,59.746578910965944,2025-10-01 19h58.55.438069 +0530,
-150,z,48,0,12,z,1,0.4387689000000137,None,,,,,12,0,48,3,716.4490458,,716.4334233,716.4490458,717.4320571999997,717.4320571999997,717.4320571999997,717.4320571999997,717.4495536,718.4329736999998,718.4329736999998,718.8827728000001,,,,,z,1,0.4387689000000137,None,par_2_mtr_seq,001,2025-10-01_19h58.27.067,untitled,,2025.1.1,59.746578910965944,2025-10-01 19h58.55.438069 +0530,
-50,x,49,1,12,x,1,0.5114381999997022,None,,,,,12,1,49,0,718.8988955,,718.8833919999997,718.8988955,719.8820845999999,719.8820845999999,719.8820845999999,719.8820845999999,719.8987658000001,720.8987606999999,720.8987606999999,721.4165696,,,,,x,1,0.5114381999997022,None,par_2_mtr_seq,001,2025-10-01_19h58.27.067,untitled,,2025.1.1,59.746578910965944,2025-10-01 19h58.55.438069 +0530,
150,v,50,2,12,v,1,0.8558585999999195,None,,,,,12,2,50,1,721.4320660999997,,721.4170380999999,721.4320660999997,722.4321110999999,722.4321110999999,722.4321110999999,722.4321110999999,722.4321110999999,723.4325113999998,723.4325113999998,724.2999249999998,,,,,v,1,0.8558585999999195,None,par_2_mtr_seq,001,2025-10-01_19h58.27.067,untitled,,2025.1.1,59.746578910965944,2025-10-01 19h58.55.438069 +0530,
50,c,51,3,12,c,1,0.7705492000000049,None,,,,,12,3,51,2,724.3152666000001,,724.3004437,724.3152666000001,725.2990199000001,725.2990199000001,725.2990199000001,725.2990199000001,725.3154568,726.2985509999999,726.2985509999999,727.0819235999998,,,,,c,1,0.7705492000000049,None,par_2_mtr_seq,001,2025-10-01_19h58.27.067,untitled,,2025.1.1,59.746578910965944,2025-10-01 19h58.55.438069 +0530,
-150,z,52,0,13,z,1,0.9007503999996516,None,,,,,13,0,52,3,727.0988315999998,,727.0824374999997,727.0988315999998,728.0822914,728.0822914,728.0822914,728.0822914,728.0987889999997,729.0824048999998,729.0824048999998,729.9987652999998,,,,,z,1,0.9007503999996516,None,par_2_mtr_seq,001,2025-10-01_19h58.27.067,untitled,,2025.1.1,59.746578910965944,2025-10-01 19h58.55.438069 +0530,
150,v,53,1,13,v,1,0.983498900000086,None,,,,,13,1,53,1,730.0157053999997,,729.9992632999997,730.0157053999997,730.9988564,730.9988564,730.9988564,730.9988564,731.0155199999999,731.9991028,731.9991028,732.998654,,,,,v,1,0.983498900000086,None,par_2_mtr_seq,001,2025-10-01_19h58.27.067,untitled,,2025.1.1,59.746578910965944,2025-10-01 19h58.55.438069 +0530,
50,c,54,2,13,c,1,0.646205000000009,None,,,,,13,2,54,2,733.0155213999997,,732.9992035,733.0155213999997,733.9988801,733.9988801,733.9988801,733.9988801,734.0155962999997,734.9988660999998,734.9988660999998,735.6506558000001,,,,,c,1,0.646205000000009,None,par_2_mtr_seq,001,2025-10-01_19h58.27.067,untitled,,2025.1.1,59.746578910965944,2025-10-01 19h58.55.438069 +0530,
-50,x,55,3,13,x,1,0.6509834999997111,None,,,,,13,3,55,0,735.6655336999997,,735.6511522999999,735.6655336999997,736.6655397999998,736.6655397999998,736.6655397999998,736.6655397999998,736.6655397999998,737.6490868000001,737.6490868000001,738.3160021999997,,,,,x,1,0.6509834999997111,None,par_2_mtr_seq,001,2025-10-01_19h58.27.067,untitled,,2025.1.1,59.746578910965944,2025-10-01 19h58.55.438069 +0530,
-150,z,56,0,14,z,1,0.801701200000025,None,,,,,14,0,56,3,738.3321815999998,,738.3165844999999,738.3321815999998,739.3152637999997,739.3152637999997,739.3152637999997,739.3152637999997,739.3322251,740.3153585,740.3153585,741.1326578999997,,,,,z,1,0.801701200000025,None,par_2_mtr_seq,001,2025-10-01_19h58.27.067,untitled,,2025.1.1,59.746578910965944,2025-10-01 19h58.55.438069 +0530,
50,c,57,1,14,c,1,1.018502399999761,None,,,,,14,1,57,2,741.1490946999998,,741.1331594999997,741.1490946999998,742.1490979,742.1490979,742.1490979,742.1490979,742.1490979,743.1322098999999,743.1322098999999,744.1658674999999,,,,,c,1,1.018502399999761,None,par_2_mtr_seq,001,2025-10-01_19h58.27.067,untitled,,2025.1.1,59.746578910965944,2025-10-01 19h58.55.438069 +0530,
150,v,58,2,14,c,0,0.3979113000000325,None,,,,,14,2,58,1,744.1820545999999,,744.1664311,744.1820545999999,745.1656760000001,745.1656760000001,745.1656760000001,745.1656760000001,745.1822041999999,746.1657095,746.1657095,746.5665366999997,,,,,c,0,0.3979113000000325,None,par_2_mtr_seq,001,2025-10-01_19h58.27.067,untitled,,2025.1.1,59.746578910965944,2025-10-01 19h58.55.438069 +0530,
-50,x,59,3,14,x,1,1.4880591000001004,None,,,,,14,3,59,0,746.5824530999998,,746.5670955999999,746.5824530999998,747.5823968,747.5823968,747.5823968,747.5823968,747.5823968,748.5823440999998,748.5823440999998,750.083255,,,,,x,1,1.4880591000001004,None,par_2_mtr_seq,001,2025-10-01_19h58.27.067,untitled,,2025.1.1,59.746578910965944,2025-10-01 19h58.55.438069 +0530,
150,v,60,0,15,v,1,0.7833338000000367,None,,,,,15,0,60,1,750.0989504999998,,750.0838261999997,750.0989504999998,751.0990207,751.0990207,751.0990207,751.0990207,751.0990207,752.0822616999999,752.0822616999999,752.8666558,,,,,v,1,0.7833338000000367,None,par_2_mtr_seq,001,2025-10-01_19h58.27.067,untitled,,2025.1.1,59.746578910965944,2025-10-01 19h58.55.438069 +0530,
50,c,61,1,15,c,1,0.7981528000000253,None,,,,,15,1,61,2,752.882341,,752.8671423999999,752.882341,753.8822322999999,753.8822322999999,753.8822322999999,753.8822322999999,753.8822322999999,754.8823675999997,754.8823675999997,755.6834073,,,,,c,1,0.7981528000000253,None,par_2_mtr_seq,001,2025-10-01_19h58.27.067,untitled,,2025.1.1,59.746578910965944,2025-10-01 19h58.55.438069 +0530,
-150,z,62,2,15,z,1,0.8276041999997688,None,,,,,15,2,62,3,755.7008209,,755.6838932999999,755.7008209,756.6991820999997,756.6991820999997,756.6991820999997,756.6991820999997,756.7155948999998,757.6990189999997,757.6990189999997,758.5340535999999,,,,,z,1,0.8276041999997688,None,par_2_mtr_seq,001,2025-10-01_19h58.27.067,untitled,,2025.1.1,59.746578910965944,2025-10-01 19h58.55.438069 +0530,
-50,x,63,3,15,x,1,0.944459199999983,None,,,,,15,3,63,0,758.5496905,,758.5346543,758.5496905,759.5491400999999,759.5491400999999,759.5491400999999,759.5491400999999,759.5491400999999,760.5492759999997,760.5492759999997,761.4997905999999,,,,,x,1,0.944459199999983,None,par_2_mtr_seq,001,2025-10-01_19h58.27.067,untitled,,2025.1.1,59.746578910965944,2025-10-01 19h58.55.438069 +0530,
-150,z,64,0,16,z,1,0.8143669999999474,None,,,,,16,0,64,3,761.5157396,,761.5002359999999,761.5157396,762.4990054999998,762.4990054999998,762.4990054999998,762.4990054999998,762.5158885000001,763.4989969999997,763.4989969999997,764.3163242,,,,,z,1,0.8143669999999474,None,par_2_mtr_seq,001,2025-10-01_19h58.27.067,untitled,,2025.1.1,59.746578910965944,2025-10-01 19h58.55.438069 +0530,
50,c,65,1,16,c,1,0.9646193000003223,None,,,,,16,1,65,2,764.3324923999999,,764.3168765,764.3324923999999,765.3154454,765.3154454,765.3154454,765.3154454,765.3323744999998,766.3155527999998,766.3155527999998,767.2830352999999,,,,,c,1,0.9646193000003223,None,par_2_mtr_seq,001,2025-10-01_19h58.27.067,untitled,,2025.1.1,59.746578910965944,2025-10-01 19h58.55.438069 +0530,
-50,x,66,2,16,x,1,0.36541129999977784,None,,,,,16,2,66,0,767.2989004000001,,767.2835915999999,767.2989004000001,768.2823475,768.2823475,768.2823475,768.2823475,768.2990511999997,769.2823580999998,769.2823580999998,769.6499172999997,,,,,x,1,0.36541129999977784,None,par_2_mtr_seq,001,2025-10-01_19h58.27.067,untitled,,2025.1.1,59.746578910965944,2025-10-01 19h58.55.438069 +0530,
150,v,67,3,16,v,1,1.2225361999999222,None,,,,,16,3,67,1,769.6658542,,769.6504084999997,769.6658542,770.6487429999997,770.6487429999997,770.6487429999997,770.6487429999997,770.6657829999999,771.6490122,771.6490122,772.8831101999999,,,,,v,1,1.2225361999999222,None,par_2_mtr_seq,001,2025-10-01_19h58.27.067,untitled,,2025.1.1,59.746578910965944,2025-10-01 19h58.55.438069 +0530,
50,c,68,0,17,c,1,0.7068226999999752,None,,,,,17,0,68,2,772.8991292999999,,772.8835641000001,772.8991292999999,773.8826994000001,773.8826994000001,773.8826994000001,773.8826994000001,773.9014867999999,774.8824059999997,774.8824059999997,775.5997164999999,,,,,c,1,0.7068226999999752,None,par_2_mtr_seq,001,2025-10-01_19h58.27.067,untitled,,2025.1.1,59.746578910965944,2025-10-01 19h58.55.438069 +0530,
150,v,69,1,17,v,1,0.49475989999973535,None,,,,,17,1,69,1,775.6157075000001,,775.6002499000001,775.6157075000001,776.5991279999998,776.5991279999998,776.5991279999998,776.5991279999998,776.6157288999998,777.5993264999997,777.5993264999997,778.0997947000001,,,,,v,1,0.49475989999973535,None,par_2_mtr_seq,001,2025-10-01_19h58.27.067,untitled,,2025.1.1,59.746578910965944,2025-10-01 19h58.55.438069 +0530,
-150,z,70,2,17,z,1,0.7467310000001817,None,,,,,17,2,70,3,778.1161677,,778.1004822,778.1161677,779.0991703999998,779.0991703999998,779.0991703999998,779.0991703999998,779.1159465000001,780.0993579999999,780.0993579999999,780.8497179000001,,,,,z,1,0.7467310000001817,None,par_2_mtr_seq,001,2025-10-01_19h58.27.067,untitled,,2025.1.1,59.746578910965944,2025-10-01 19h58.55.438069 +0530,
-50,x,71,3,17,x,1,0.780392899999697,None,,,,,17,3,71,0,780.8657909999997,,780.8502034999997,780.8657909999997,781.8491793999997,781.8491793999997,781.8491793999997,781.8491793999997,781.8657238999999,782.8492472999997,782.8492472999997,783.6330110999997,,,,,x,1,0.780392899999697,None,par_2_mtr_seq,001,2025-10-01_19h58.27.067,untitled,,2025.1.1,59.746578910965944,2025-10-01 19h58.55.438069 +0530,
150,v,72,0,18,v,1,0.7524862999998732,None,,,,,18,0,72,1,783.6492877999999,,783.6334567999997,783.6492877999999,784.6329450999997,784.6329450999997,784.6329450999997,784.6329450999997,784.6492042999998,785.6321407999999,785.6321407999999,786.4006317999997,,,,,v,1,0.7524862999998732,None,par_2_mtr_seq,001,2025-10-01_19h58.27.067,untitled,,2025.1.1,59.746578910965944,2025-10-01 19h58.55.438069 +0530,
-50,x,73,1,18,x,1,1.0106440999998085,None,,,,,18,1,73,0,786.4157402000001,,786.4011249999999,786.4157402000001,787.4158159999997,787.4158159999997,787.4158159999997,787.4158159999997,787.4158159999997,788.4159801000001,788.4159801000001,789.4340136999999,,,,,x,1,1.0106440999998085,None,par_2_mtr_seq,001,2025-10-01_19h58.27.067,untitled,,2025.1.1,59.746578910965944,2025-10-01 19h58.55.438069 +0530,
-150,z,74,2,18,z,1,0.684620200000154,None,,,,,18,2,74,3,789.4497044999998,,789.4345098999997,789.4497044999998,790.4493038,790.4493038,790.4493038,790.4493038,790.4493038,791.4492685999999,791.4492685999999,792.1502224999999,,,,,z,1,0.684620200000154,None,par_2_mtr_seq,001,2025-10-01_19h58.27.067,untitled,,2025.1.1,59.746578910965944,2025-10-01 19h58.55.438069 +0530,
50,c,75,3,18,c,1,1.15342260000034,None,,,,,18,3,75,2,792.1665023,,792.1507343999997,792.1665023,793.1656118000001,793.1656118000001,793.1656118000001,793.1656118000001,793.1656118000001,794.1663721999998,794.1663721999998,795.3332154999998,,,,,c,1,1.15342260000034,None,par_2_mtr_seq,001,2025-10-01_19h58.27.067,untitled,,2025.1.1,59.746578910965944,2025-10-01 19h58.55.438069 +0530,
150,v,76,0,19,v,1,0.9170575000002827,None,,,,,19,0,76,1,795.3491073999999,,795.3337630000001,795.3491073999999,796.3325451000001,796.3325451000001,796.3325451000001,796.3325451000001,796.3491933,797.3326615999999,797.3326615999999,798.2660929999997,,,,,v,1,0.9170575000002827,None,par_2_mtr_seq,001,2025-10-01_19h58.27.067,untitled,,2025.1.1,59.746578910965944,2025-10-01 19h58.55.438069 +0530,
-50,x,77,1,19,x,1,0.9144532000000254,None,,,,,19,1,77,0,798.2825767999998,,798.2666473999998,798.2825767999998,799.2663294999998,799.2663294999998,799.2663294999998,799.2663294999998,799.2825030999998,800.2657970999999,800.2657970999999,801.1831815,,,,,x,1,0.9144532000000254,None,par_2_mtr_seq,001,2025-10-01_19h58.27.067,untitled,,2025.1.1,59.746578910965944,2025-10-01 19h58.55.438069 +0530,
-150,z,78,2,19,z,1,0.6738672999999835,None,,,,,19,2,78,3,801.1993497999997,,801.1837843999997,801.1993497999997,802.1824902999997,802.1824902999997,802.1824902999997,802.1824902999997,802.1994943,803.1824348999999,803.1824348999999,803.8665538999999,,,,,z,1,0.6738672999999835,None,par_2_mtr_seq,001,2025-10-01_19h58.27.067,untitled,,2025.1.1,59.746578910965944,2025-10-01 19h58.55.438069 +0530,
50,c,79,3,19,c,1,0.8147696999999425,None,,,,,19,3,79,2,803.8825695,,803.8670603,803.8825695,804.8662558000001,804.8662558000001,804.8662558000001,804.8662558000001,804.8831627,805.8657275999999,805.8657275999999,806.6833266999997,,,,,c,1,0.8147696999999425,None,par_2_mtr_seq,001,2025-10-01_19h58.27.067,untitled,,2025.1.1,59.746578910965944,2025-10-01 19h58.55.438069 +0530,
-50,x,80,0,20,x,1,0.4794237000000976,None,,,,,20,0,80,0,806.6992849999997,,806.6838708999999,806.6992849999997,807.6826403999999,807.6826403999999,807.6826403999999,807.6826403999999,807.6992135999999,808.6825995999998,808.6825995999998,809.1667573,,,,,x,1,0.4794237000000976,None,par_2_mtr_seq,001,2025-10-01_19h58.27.067,untitled,,2025.1.1,59.746578910965944,2025-10-01 19h58.55.438069 +0530,
150,v,81,1,20,c,0,1.6358132000000296,None,,,,,20,1,81,1,809.1825144999998,,809.1673016999998,809.1825144999998,810.1660564999997,810.1660564999997,810.1660564999997,810.1660564999997,810.1827027999998,811.1659187,811.1659187,812.8164148000001,,,,,c,0,1.6358132000000296,None,par_2_mtr_seq,001,2025-10-01_19h58.27.067,untitled,,2025.1.1,59.746578910965944,2025-10-01 19h58.55.438069 +0530,
50,c,82,2,20,c,1,0.8847196000001532,None,,,,,20,2,82,2,812.8329226000001,,812.8168596,812.8329226000001,813.8163252999998,813.8163252999998,813.8163252999998,813.8163252999998,813.8329260999999,814.8160521999998,814.8160521999998,815.7158148999997,,,,,c,1,0.8847196000001532,None,par_2_mtr_seq,001,2025-10-01_19h58.27.067,untitled,,2025.1.1,59.746578910965944,2025-10-01 19h58.55.438069 +0530,
-150,z,83,3,20,z,1,0.9934246000002531,None,,,,,20,3,83,3,815.7325981999998,,815.7163553,815.7325981999998,816.7160226999999,816.7160226999999,816.7160226999999,816.7160226999999,816.7326398,817.7168677999998,817.7168677999998,818.7178872999998,,,,,z,1,0.9934246000002531,None,par_2_mtr_seq,001,2025-10-01_19h58.27.067,untitled,,2025.1.1,59.746578910965944,2025-10-01 19h58.55.438069 +0530,
-150,z,84,0,21,z,1,0.4191625999997086,None,,,,,21,0,84,3,818.7325129999999,,818.7183750999998,818.7325129999999,819.7326095999997,819.7326095999997,819.7326095999997,819.7326095999997,819.7326095999997,820.7326525999997,820.7326525999997,821.1659166999998,,,,,z,1,0.4191625999997086,None,par_2_mtr_seq,001,2025-10-01_19h58.27.067,untitled,,2025.1.1,59.746578910965944,2025-10-01 19h58.55.438069 +0530,
50,c,85,1,21,c,1,1.2355561999997917,None,,,,,21,1,85,2,821.1836112000001,,821.1664919,821.1836112000001,822.1665607,822.1665607,822.1665607,822.1665607,822.1824730999997,823.1660334999997,823.1660334999997,824.4168725999998,,,,,c,1,1.2355561999997917,None,par_2_mtr_seq,001,2025-10-01_19h58.27.067,untitled,,2025.1.1,59.746578910965944,2025-10-01 19h58.55.438069 +0530,
-50,x,86,2,21,x,1,0.8535821000000396,None,,,,,21,2,86,0,824.4328089999999,,824.4174208999998,824.4328089999999,825.4162066999997,825.4162066999997,825.4162066999997,825.4162066999997,825.4327469,826.4160945999997,826.4160945999997,827.2836186,,,,,x,1,0.8535821000000396,None,par_2_mtr_seq,001,2025-10-01_19h58.27.067,untitled,,2025.1.1,59.746578910965944,2025-10-01 19h58.55.438069 +0530,
150,v,87,3,21,v,1,1.4472104999999829,None,,,,,21,3,87,1,827.2993542999998,,827.2841980999997,827.2993542999998,828.2825386999998,828.2825386999998,828.2825386999998,828.2825386999998,828.2990974999998,829.2827588,829.2827588,830.7341899999997,,,,,v,1,1.4472104999999829,None,par_2_mtr_seq,001,2025-10-01_19h58.27.067,untitled,,2025.1.1,59.746578910965944,2025-10-01 19h58.55.438069 +0530,
-50,x,88,0,22,x,1,0.7145375000000058,None,,,,,22,0,88,0,830.7492858999999,,830.7346849999999,830.7492858999999,831.749417,831.749417,831.749417,831.749417,831.749417,832.7495432999999,832.7495432999999,833.4669534999998,,,,,x,1,0.7145375000000058,None,par_2_mtr_seq,001,2025-10-01_19h58.27.067,untitled,,2025.1.1,59.746578910965944,2025-10-01 19h58.55.438069 +0530,
-150,z,89,1,22,z,1,1.0940709999999854,None,,,,,22,1,89,3,833.4828609000001,,833.4675093999999,833.4828609000001,834.4660549,834.4660549,834.4660549,834.4660549,834.4827833999998,835.4827443999998,835.4827443999998,836.5816894,,,,,z,1,1.0940709999999854,None,par_2_mtr_seq,001,2025-10-01_19h58.27.067,untitled,,2025.1.1,59.746578910965944,2025-10-01 19h58.55.438069 +0530,
150,v,90,2,22,v,1,1.2346984999999222,None,,,,,22,2,90,1,836.5974644999997,,836.5820967,836.5974644999997,837.5828803999998,837.5828803999998,837.5828803999998,837.5828803999998,837.5994198999997,838.5828093,838.5828093,839.8334888999998,,,,,v,1,1.2346984999999222,None,par_2_mtr_seq,001,2025-10-01_19h58.27.067,untitled,,2025.1.1,59.746578910965944,2025-10-01 19h58.55.438069 +0530,
50,c,91,3,22,c,1,2.154134200000044,None,,,,,22,3,91,2,839.8485605000001,,839.8340447,839.8485605000001,840.8496237999998,840.8496237999998,840.8496237999998,840.8496237999998,840.8496237999998,841.8327128000001,841.8327128000001,844.0003130999999,,,,,c,1,2.154134200000044,None,par_2_mtr_seq,001,2025-10-01_19h58.27.067,untitled,,2025.1.1,59.746578910965944,2025-10-01 19h58.55.438069 +0530,
150,v,92,0,23,v,1,0.8539224000001013,None,,,,,23,0,92,1,844.0161196999998,,844.0008282999997,844.0161196999998,844.9999134999998,844.9999134999998,844.9999134999998,844.9999134999998,845.016353,845.9999373,845.9999373,846.8669035999997,,,,,v,1,0.8539224000001013,None,par_2_mtr_seq,001,2025-10-01_19h58.27.067,untitled,,2025.1.1,59.746578910965944,2025-10-01 19h58.55.438069 +0530,
-150,z,93,1,23,z,1,0.8768418999998175,None,,,,,23,1,93,3,846.8829728999999,,846.8673961999998,846.8829728999999,847.8661702999998,847.8661702999998,847.8661702999998,847.8661702999998,847.8828988999999,848.8661435999998,848.8661435999998,849.7499367,,,,,z,1,0.8768418999998175,None,par_2_mtr_seq,001,2025-10-01_19h58.27.067,untitled,,2025.1.1,59.746578910965944,2025-10-01 19h58.55.438069 +0530,
-50,x,94,2,23,x,1,1.018723499999851,None,,,,,23,2,94,0,849.7662707,,849.7504153,849.7662707,850.7496507000001,850.7496507000001,850.7496507000001,850.7496507000001,850.7660625999997,851.749527,851.749527,852.7835292999998,,,,,x,1,1.018723499999851,None,par_2_mtr_seq,001,2025-10-01_19h58.27.067,untitled,,2025.1.1,59.746578910965944,2025-10-01 19h58.55.438069 +0530,
50,c,95,3,23,c,1,4.214484699999957,None,,,,,23,3,95,2,852.8002041,,852.7840928999999,852.8002041,853.7831341000001,853.7831341000001,853.7831341000001,853.7831341000001,853.7996364,854.7828423999999,854.7828423999999,859.0002939999999,,,,,c,1,4.214484699999957,None,par_2_mtr_seq,001,2025-10-01_19h58.27.067,untitled,,2025.1.1,59.746578910965944,2025-10-01 19h58.55.438069 +0530,
150,v,96,0,24,v,1,1.3164747000000716,None,,,,,24,0,96,1,859.0159909999998,,859.0008479999997,859.0159909999998,859.9994993,859.9994993,859.9994993,859.9994993,860.0161751999999,860.9997678999998,860.9997678999998,862.3170995,,,,,v,1,1.3164747000000716,None,par_2_mtr_seq,001,2025-10-01_19h58.27.067,untitled,,2025.1.1,59.746578910965944,2025-10-01 19h58.55.438069 +0530,
50,c,97,1,24,c,1,0.7296923999997489,None,,,,,24,1,97,2,862.3331463,,862.3175898,862.3331463,863.3163123999998,863.3163123999998,863.3163123999998,863.3163123999998,863.3326913999999,864.3168268,864.3168268,865.0499672000001,,,,,c,1,0.7296923999997489,None,par_2_mtr_seq,001,2025-10-01_19h58.27.067,untitled,,2025.1.1,59.746578910965944,2025-10-01 19h58.55.438069 +0530,
-150,z,98,2,24,z,1,0.7996145000001889,None,,,,,24,2,98,3,865.0663596999998,,865.0505301999997,865.0663596999998,866.0496730999998,866.0496730999998,866.0496730999998,866.0496730999998,866.0662379,867.0495876,867.0495876,867.8507495999997,,,,,z,1,0.7996145000001889,None,par_2_mtr_seq,001,2025-10-01_19h58.27.067,untitled,,2025.1.1,59.746578910965944,2025-10-01 19h58.55.438069 +0530,
-50,x,99,3,24,x,1,0.8513017999998738,None,,,,,24,3,99,0,867.8660139999997,,867.8512728999999,867.8660139999997,868.8662887,868.8662887,868.8662887,868.8662887,868.8662887,869.8662264,869.8662264,870.7336808999999,,,,,x,1,0.8513017999998738,None,par_2_mtr_seq,001,2025-10-01_19h58.27.067,untitled,,2025.1.1,59.746578910965944,2025-10-01 19h58.55.438069 +0530,
50,c,100,0,25,c,1,0.8567106000000422,None,,,,,25,0,100,2,870.7500762999998,,870.7341754999998,870.7500762999998,871.7328488999997,871.7328488999997,871.7328488999997,871.7328488999997,871.7497934999997,872.7329943,872.7329943,873.6001354,,,,,c,1,0.8567106000000422,None,par_2_mtr_seq,001,2025-10-01_19h58.27.067,untitled,,2025.1.1,59.746578910965944,2025-10-01 19h58.55.438069 +0530,
150,v,101,1,25,v,1,0.7999958000000333,None,,,,,25,1,101,1,873.6163228999999,,873.6007058999999,873.6163228999999,874.5997981999999,874.5997981999999,874.5997981999999,874.5997981999999,874.616595,875.5995671999999,875.5995671999999,876.4004205000001,,,,,v,1,0.7999958000000333,None,par_2_mtr_seq,001,2025-10-01_19h58.27.067,untitled,,2025.1.1,59.746578910965944,2025-10-01 19h58.55.438069 +0530,
-50,x,102,2,25,x,1,1.4552625000001171,None,,,,,25,2,102,0,876.4164484999997,,876.4009108,876.4164484999997,877.4167617999997,877.4167617999997,877.4167617999997,877.4167617999997,877.4167617999997,878.4000176999998,878.4000176999998,879.8668717,,,,,x,1,1.4552625000001171,None,par_2_mtr_seq,001,2025-10-01_19h58.27.067,untitled,,2025.1.1,59.746578910965944,2025-10-01 19h58.55.438069 +0530,
-150,z,103,3,25,z,1,0.905567599999813,None,,,,,25,3,103,3,879.8830152,,879.8674409999999,879.8830152,880.866391,880.866391,880.866391,880.866391,880.8831820999999,881.8664266000001,881.8664266000001,882.7838084,,,,,z,1,0.905567599999813,None,par_2_mtr_seq,001,2025-10-01_19h58.27.067,untitled,,2025.1.1,59.746578910965944,2025-10-01 19h58.55.438069 +0530,
50,c,104,0,26,c,1,0.7974924000000101,None,,,,,26,0,104,2,882.7997025,,882.7843588000001,882.7997025,883.7994660999998,883.7994660999998,883.7994660999998,883.7994660999998,883.7994660999998,884.7832275999999,884.7832275999999,885.5836449999997,,,,,c,1,0.7974924000000101,None,par_2_mtr_seq,001,2025-10-01_19h58.27.067,untitled,,2025.1.1,59.746578910965944,2025-10-01 19h58.55.438069 +0530,
150,v,105,1,26,v,1,1.070053100000223,None,,,,,26,1,105,1,885.5997784000001,,885.5841121999997,885.5997784000001,886.5827463,886.5827463,886.5827463,886.5827463,886.5997007000001,887.5836697999998,887.5836697999998,888.6670181999998,,,,,v,1,1.070053100000223,None,par_2_mtr_seq,001,2025-10-01_19h58.27.067,untitled,,2025.1.1,59.746578910965944,2025-10-01 19h58.55.438069 +0530,
-50,x,106,2,26,x,1,0.9302670999995826,None,,,,,26,2,106,0,888.683074,,888.6675777999999,888.683074,889.6663636999997,889.6663636999997,889.6663636999997,889.6663636999997,889.6830304999999,890.6672020999999,890.6672020999999,891.6003483,,,,,x,1,0.9302670999995826,None,par_2_mtr_seq,001,2025-10-01_19h58.27.067,untitled,,2025.1.1,59.746578910965944,2025-10-01 19h58.55.438069 +0530,
-150,z,107,3,26,z,1,1.7505141000001458,None,,,,,26,3,107,3,891.6164359999998,,891.6008066999998,891.6164359999998,892.5996952999999,892.5996952999999,892.5996952999999,892.5996952999999,892.6164473999997,893.5993905,893.5993905,895.3678986,,,,,z,1,1.7505141000001458,None,par_2_mtr_seq,001,2025-10-01_19h58.27.067,untitled,,2025.1.1,59.746578910965944,2025-10-01 19h58.55.438069 +0530,
-150,z,108,0,27,z,1,0.969324400000005,None,,,,,27,0,108,3,895.3831055,,895.3683818999998,895.3831055,896.3831744999998,896.3831744999998,896.3831744999998,896.3831744999998,896.3831744999998,897.3830063,897.3830063,898.3670064999997,,,,,z,1,0.969324400000005,None,par_2_mtr_seq,001,2025-10-01_19h58.27.067,untitled,,2025.1.1,59.746578910965944,2025-10-01 19h58.55.438069 +0530,
-50,x,109,1,27,x,1,2.147860700000365,None,,,,,27,1,109,0,898.3828819,,898.3675651999997,898.3828819,899.3664494999998,899.3664494999998,899.3664494999998,899.3664494999998,899.3831547999998,900.3831179999997,900.3831179999997,902.5339973999999,,,,,x,1,2.147860700000365,None,par_2_mtr_seq,001,2025-10-01_19h58.27.067,untitled,,2025.1.1,59.746578910965944,2025-10-01 19h58.55.438069 +0530,
50,c,110,2,27,c,1,1.2276158999998188,None,,,,,27,2,110,2,902.549368,,902.5344657999999,902.549368,903.5328651999998,903.5328651999998,903.5328651999998,903.5328651999998,903.5497230999999,904.5332143,904.5332143,905.7674927999997,,,,,c,1,1.2276158999998188,None,par_2_mtr_seq,001,2025-10-01_19h58.27.067,untitled,,2025.1.1,59.746578910965944,2025-10-01 19h58.55.438069 +0530,
150,v,111,3,27,v,1,1.7532771000001048,None,,,,,27,3,111,1,905.7832361999999,,905.7679813,905.7832361999999,906.7666482999998,906.7666482999998,906.7666482999998,906.7666482999998,906.7830942,907.7829647999997,907.7829647999997,909.5507649000001,,,,,v,1,1.7532771000001048,None,par_2_mtr_seq,001,2025-10-01_19h58.27.067,untitled,,2025.1.1,59.746578910965944,2025-10-01 19h58.55.438069 +0530,
-150,z,112,0,28,z,1,0.6998745000000781,None,,,,,28,0,112,3,909.5671996000001,,909.5513182999998,909.5671996000001,910.5499692999997,910.5499692999997,910.5499692999997,910.5499692999997,910.5664428999999,911.5499239000001,911.5499239000001,912.2506036999998,,,,,z,1,0.6998745000000781,None,par_2_mtr_seq,001,2025-10-01_19h58.27.067,untitled,,2025.1.1,59.746578910965944,2025-10-01 19h58.55.438069 +0530,
150,v,113,1,28,v,1,0.9417174999998679,None,,,,,28,1,113,1,912.2671766999997,,912.2510957999998,912.2671766999997,913.2498289999999,913.2498289999999,913.2498289999999,913.2498289999999,913.2665538000001,914.2665557,914.2665557,915.2170475999997,,,,,v,1,0.9417174999998679,None,par_2_mtr_seq,001,2025-10-01_19h58.27.067,untitled,,2025.1.1,59.746578910965944,2025-10-01 19h58.55.438069 +0530,
50,c,114,2,28,c,1,1.026216199999908,None,,,,,28,2,114,2,915.2332662999997,,915.2176024,915.2332662999997,916.2164763999999,916.2164763999999,916.2164763999999,916.2164763999999,916.2334179,917.2164712999997,917.2164712999997,918.2503068000001,,,,,c,1,1.026216199999908,None,par_2_mtr_seq,001,2025-10-01_19h58.27.067,untitled,,2025.1.1,59.746578910965944,2025-10-01 19h58.55.438069 +0530,
-50,x,115,3,28,x,1,4.318639300000086,None,,,,,28,3,115,0,918.2665167,,918.2508530999999,918.2665167,919.2499125999998,919.2499125999998,919.2499125999998,919.2499125999998,919.2664511999997,920.2499048999998,920.2499048999998,924.5840384999997,,,,,x,1,4.318639300000086,None,par_2_mtr_seq,001,2025-10-01_19h58.27.067,untitled,,2025.1.1,59.746578910965944,2025-10-01 19h58.55.438069 +0530,
150,v,116,0,29,v,1,0.9093009000002894,None,,,,,29,0,116,1,924.5997767999997,,924.5845433999998,924.5997767999997,925.5832703000001,925.5832703000001,925.5832703000001,925.5832703000001,925.6004834,926.5829387999997,926.5829387999997,927.5007848,,,,,v,1,0.9093009000002894,None,par_2_mtr_seq,001,2025-10-01_19h58.27.067,untitled,,2025.1.1,59.746578910965944,2025-10-01 19h58.55.438069 +0530,
-50,x,117,1,29,x,1,0.7038479999996525,None,,,,,29,1,117,0,927.5163874999998,,927.5012668999998,927.5163874999998,928.4999911999998,928.4999911999998,928.4999911999998,928.4999911999998,928.5165136999999,929.4999448999997,929.4999448999997,930.2172507,,,,,x,1,0.7038479999996525,None,par_2_mtr_seq,001,2025-10-01_19h58.27.067,untitled,,2025.1.1,59.746578910965944,2025-10-01 19h58.55.438069 +0530,
50,c,118,2,29,c,1,4.1651458000001185,None,,,,,29,2,118,2,930.2333427999997,,930.2177670000001,930.2333427999997,931.2165829,931.2165829,931.2165829,931.2165829,931.2332966999998,932.2164648999997,932.2164648999997,936.3841438,,,,,c,1,4.1651458000001185,None,par_2_mtr_seq,001,2025-10-01_19h58.27.067,untitled,,2025.1.1,59.746578910965944,2025-10-01 19h58.55.438069 +0530,
-150,z,119,3,29,z,1,1.1106983999998192,None,,,,,29,3,119,3,936.4006307999998,,936.3847443,936.4006307999998,937.3998996,937.3998996,937.3998996,937.3998996,937.3998996,938.3834698999999,938.3834698999999,939.5007768,,,,,z,1,1.1106983999998192,None,par_2_mtr_seq,001,2025-10-01_19h58.27.067,untitled,,2025.1.1,59.746578910965944,2025-10-01 19h58.55.438069 +0530,
-50,x,120,0,30,x,1,0.9922154999999293,None,,,,,30,0,120,0,939.5168189999999,,939.5012707999999,939.5168189999999,940.4999769000001,940.4999769000001,940.4999769000001,940.4999769000001,940.5166311999997,941.5000203,941.5000203,942.5007367999997,,,,,x,1,0.9922154999999293,None,par_2_mtr_seq,001,2025-10-01_19h58.27.067,untitled,,2025.1.1,59.746578910965944,2025-10-01 19h58.55.438069 +0530,
-150,z,121,1,30,z,1,0.8170540999999503,None,,,,,30,1,121,3,942.5167587999999,,942.501248,942.5167587999999,943.5001933999997,943.5001933999997,943.5001933999997,943.5001933999997,943.5166006,944.5165755999997,944.5165755999997,945.3511423999998,,,,,z,1,0.8170540999999503,None,par_2_mtr_seq,001,2025-10-01_19h58.27.067,untitled,,2025.1.1,59.746578910965944,2025-10-01 19h58.55.438069 +0530,
50,c,122,2,30,c,1,1.38947700000017,None,,,,,30,2,122,2,945.3664125999999,,945.3516320999997,945.3664125999999,946.3667415999998,946.3667415999998,946.3667415999998,946.3667415999998,946.3667415999998,947.3667342999997,947.3667342999997,948.7675512999999,,,,,c,1,1.38947700000017,None,par_2_mtr_seq,001,2025-10-01_19h58.27.067,untitled,,2025.1.1,59.746578910965944,2025-10-01 19h58.55.438069 +0530,
150,v,123,3,30,v,1,0.7535494999997354,None,,,,,30,3,123,1,948.7833056999998,,948.7680482999999,948.7833056999998,949.7833218000001,949.7833218000001,949.7833218000001,949.7833218000001,949.7833218000001,950.7666764,950.7666764,951.5341599999997,,,,,v,1,0.7535494999997354,None,par_2_mtr_seq,001,2025-10-01_19h58.27.067,untitled,,2025.1.1,59.746578910965944,2025-10-01 19h58.55.438069 +0530,
50,c,124,0,31,c,1,0.750059599999986,None,,,,,31,0,124,2,951.5500941999999,,951.5347114000001,951.5500941999999,952.5333445000001,952.5333445000001,952.5333445000001,952.5333445000001,952.5500386999997,953.5501786,953.5501786,954.3010559999998,,,,,c,1,0.750059599999986,None,par_2_mtr_seq,001,2025-10-01_19h58.27.067,untitled,,2025.1.1,59.746578910965944,2025-10-01 19h58.55.438069 +0530,
-150,z,125,1,31,z,1,0.6849039000003359,None,,,,,31,1,125,3,954.3166880999997,,954.3015479999999,954.3166880999997,955.3165866999998,955.3165866999998,955.3165866999998,955.3165866999998,955.3165866999998,956.3166507999999,956.3166507999999,957.0182678000001,,,,,z,1,0.6849039000003359,None,par_2_mtr_seq,001,2025-10-01_19h58.27.067,untitled,,2025.1.1,59.746578910965944,2025-10-01 19h58.55.438069 +0530,
150,v,126,2,31,v,1,0.7176475000001119,None,,,,,31,2,126,1,957.0341851999997,,957.0187458999999,957.0341851999997,958.0334207999999,958.0334207999999,958.0334207999999,958.0334207999999,958.0334207999999,959.0167266999997,959.0167266999997,959.750798,,,,,v,1,0.7176475000001119,None,par_2_mtr_seq,001,2025-10-01_19h58.27.067,untitled,,2025.1.1,59.746578910965944,2025-10-01 19h58.55.438069 +0530,
-50,x,127,3,31,x,1,0.8174020000001292,None,,,,,31,3,127,0,959.7665142999999,,959.7513822999999,959.7665142999999,960.7500826999999,960.7500826999999,960.7500826999999,960.7500826999999,960.7667382,961.7500550999998,961.7500550999998,962.5842683999999,,,,,x,1,0.8174020000001292,None,par_2_mtr_seq,001,2025-10-01_19h58.27.067,untitled,,2025.1.1,59.746578910965944,2025-10-01 19h58.55.438069 +0530,
150,v,128,0,32,v,1,0.9269297999999253,None,,,,,32,0,128,1,962.6000624999997,,962.5847504999997,962.6000624999997,963.5836657,963.5836657,963.5836657,963.5836657,963.6003151999998,964.6006333,964.6006333,965.5342363999998,,,,,v,1,0.9269297999999253,None,par_2_mtr_seq,001,2025-10-01_19h58.27.067,untitled,,2025.1.1,59.746578910965944,2025-10-01 19h58.55.438069 +0530,
-50,x,129,1,32,x,1,1.0427899999999681,None,,,,,32,1,129,0,965.5502891000001,,965.5347428,965.5502891000001,966.5335218,966.5335218,966.5335218,966.5335218,966.5501875,967.5334288999998,967.5334288999998,968.5840954,,,,,x,1,1.0427899999999681,None,par_2_mtr_seq,001,2025-10-01_19h58.27.067,untitled,,2025.1.1,59.746578910965944,2025-10-01 19h58.55.438069 +0530,
50,c,130,2,32,c,1,1.1176455999998325,None,,,,,32,2,130,2,968.6000439,,968.5845900999998,968.6000439,969.5837483,969.5837483,969.5837483,969.5837483,969.6000486999997,970.5833534999997,970.5833534999997,971.7174360999998,,,,,c,1,1.1176455999998325,None,par_2_mtr_seq,001,2025-10-01_19h58.27.067,untitled,,2025.1.1,59.746578910965944,2025-10-01 19h58.55.438069 +0530,
-150,z,131,3,32,z,1,1.324796200000037,None,,,,,32,3,131,3,971.7335078000001,,971.7178989999998,971.7335078000001,972.7168176999999,972.7168176999999,972.7168176999999,972.7168176999999,972.7334425999998,973.7170421000001,973.7170421000001,975.0507843,,,,,z,1,1.324796200000037,None,par_2_mtr_seq,001,2025-10-01_19h58.27.067,untitled,,2025.1.1,59.746578910965944,2025-10-01 19h58.55.438069 +0530,
-50,x,132,0,33,x,1,1.0925434000000678,None,,,,,33,0,132,0,975.0668885,,975.0513581999999,975.0668885,976.0500486000001,976.0500486000001,976.0500486000001,976.0500486000001,976.0668538999998,977.0502956999999,977.0502956999999,978.1509920999997,,,,,x,1,1.0925434000000678,None,par_2_mtr_seq,001,2025-10-01_19h58.27.067,untitled,,2025.1.1,59.746578910965944,2025-10-01 19h58.55.438069 +0530,
-150,z,133,1,33,z,1,0.8433107999999265,None,,,,,33,1,133,3,978.1669969,,978.1514751,978.1669969,979.1500689999998,979.1500689999998,979.1500689999998,979.1500689999998,979.1666599,980.1529998999999,980.1529998999999,981.0012450999998,,,,,z,1,0.8433107999999265,None,par_2_mtr_seq,001,2025-10-01_19h58.27.067,untitled,,2025.1.1,59.746578910965944,2025-10-01 19h58.55.438069 +0530,
150,v,134,2,33,v,1,0.9480763999999908,None,,,,,33,2,134,1,981.0166949999998,,981.0017512,981.0166949999998,982.0001437000001,982.0001437000001,982.0001437000001,982.0001437000001,982.0166488999998,983.0167173999998,983.0167173999998,983.9677057999997,,,,,v,1,0.9480763999999908,None,par_2_mtr_seq,001,2025-10-01_19h58.27.067,untitled,,2025.1.1,59.746578910965944,2025-10-01 19h58.55.438069 +0530,
50,c,135,3,33,c,1,1.005920099999912,None,,,,,33,3,135,2,983.9832987999998,,983.9682554000001,983.9832987999998,984.9668260999997,984.9668260999997,984.9668260999997,984.9668260999997,984.9834507,985.9669180000001,985.9669180000001,986.9841191,,,,,c,1,1.005920099999912,None,par_2_mtr_seq,001,2025-10-01_19h58.27.067,untitled,,2025.1.1,59.746578910965944,2025-10-01 19h58.55.438069 +0530,
150,v,136,0,34,v,1,0.7772519000000102,None,,,,,34,0,136,1,987.0002823,,986.9846115999999,987.0002823,987.9837383999998,987.9837383999998,987.9837383999998,987.9837383999998,988.0002331999999,988.9837364999998,988.9837364999998,989.7673907999997,,,,,v,1,0.7772519000000102,None,par_2_mtr_seq,001,2025-10-01_19h58.27.067,untitled,,2025.1.1,59.746578910965944,2025-10-01 19h58.55.438069 +0530,
-150,z,137,1,34,z,1,0.9705014999999548,None,,,,,34,1,137,3,989.7836874,,989.7678530999997,989.7836874,990.7669293999998,990.7669293999998,990.7669293999998,990.7669293999998,990.7835279999999,991.7668432999999,991.7668432999999,992.7510380999997,,,,,z,1,0.9705014999999548,None,par_2_mtr_seq,001,2025-10-01_19h58.27.067,untitled,,2025.1.1,59.746578910965944,2025-10-01 19h58.55.438069 +0530,
50,c,138,2,34,c,1,1.6028972999997677,None,,,,,34,2,138,2,992.7672186,,992.7515522999997,992.7672186,993.7670352,993.7670352,993.7670352,993.7670352,993.7670352,994.7500359000001,994.7500359000001,996.3681274999999,,,,,c,1,1.6028972999997677,None,par_2_mtr_seq,001,2025-10-01_19h58.27.067,untitled,,2025.1.1,59.746578910965944,2025-10-01 19h58.55.438069 +0530,
-50,x,139,3,34,x,1,1.956036900000072,None,,,,,34,3,139,0,996.3836750999999,,996.3687009999999,996.3836750999999,997.3834213999999,997.3834213999999,997.3834213999999,997.3834213999999,997.3834213999999,998.3834474999999,998.3834474999999,1000.3509187,,,,,x,1,1.956036900000072,None,par_2_mtr_seq,001,2025-10-01_19h58.27.067,untitled,,2025.1.1,59.746578910965944,2025-10-01 19h58.55.438069 +0530,
-150,z,140,0,35,z,1,0.9373037000000295,None,,,,,35,0,140,3,1000.3671879999997,,1000.3513708999999,1000.3671879999997,1001.3502633999997,1001.3502633999997,1001.3502633999997,1001.3502633999997,1001.3669052,1002.3502094,1002.3502094,1003.3013037000001,,,,,z,1,0.9373037000000295,None,par_2_mtr_seq,001,2025-10-01_19h58.27.067,untitled,,2025.1.1,59.746578910965944,2025-10-01 19h58.55.438069 +0530,
50,c,141,1,35,c,1,0.9747898000000532,None,,,,,35,1,141,2,1003.3169082,,1003.3017479999999,1003.3169082,1004.3168624,1004.3168624,1004.3168624,1004.3168624,1004.3168624,1005.3005484999999,1005.3005484999999,1006.2843803999999,,,,,c,1,0.9747898000000532,None,par_2_mtr_seq,001,2025-10-01_19h58.27.067,untitled,,2025.1.1,59.746578910965944,2025-10-01 19h58.55.438069 +0530,
150,v,142,2,35,v,1,0.8151107999997294,None,,,,,35,2,142,1,1006.3014619999999,,1006.2848954000001,1006.3014619999999,1007.2837510999998,1007.2837510999998,1007.2837510999998,1007.2837510999998,1007.3174107,1008.2835846999997,1008.2835846999997,1009.1011593999997,,,,,v,1,0.8151107999997294,None,par_2_mtr_seq,001,2025-10-01_19h58.27.067,untitled,,2025.1.1,59.746578910965944,2025-10-01 19h58.55.438069 +0530,
-50,x,143,3,35,x,1,0.9580724000002192,None,,,,,35,3,143,0,1009.1178599999998,,1009.1016598000001,1009.1178599999998,1010.1003581999998,1010.1003581999998,1010.1003581999998,1010.1003581999998,1010.1172019999999,1011.1169353,1011.1169353,1012.0840187999997,,,,,x,1,0.9580724000002192,None,par_2_mtr_seq,001,2025-10-01_19h58.27.067,untitled,,2025.1.1,59.746578910965944,2025-10-01 19h58.55.438069 +0530,
50,c,144,0,36,c,1,1.0788431000000855,None,,,,,36,0,144,2,1012.1002258999997,,1012.0844807999997,1012.1002258999997,1013.0844841999997,1013.0844841999997,1013.0844841999997,1013.0844841999997,1013.1000921999998,1014.0839209999999,1014.0839209999999,1015.1679765999997,,,,,c,1,1.0788431000000855,None,par_2_mtr_seq,001,2025-10-01_19h58.27.067,untitled,,2025.1.1,59.746578910965944,2025-10-01 19h58.55.438069 +0530,
150,v,145,1,36,v,1,0.8992573000000448,None,,,,,36,1,145,1,1015.1838131,,1015.1685595999998,1015.1838131,1016.1837391999998,1016.1837391999998,1016.1837391999998,1016.1837391999998,1016.1837391999998,1017.1669662999998,1017.1669662999998,1018.0687889000001,,,,,v,1,0.8992573000000448,None,par_2_mtr_seq,001,2025-10-01_19h58.27.067,untitled,,2025.1.1,59.746578910965944,2025-10-01 19h58.55.438069 +0530,
-150,z,146,2,36,z,1,0.7501523999999336,None,,,,,36,2,146,3,1018.0837333999998,,1018.0693040000001,1018.0837333999998,1019.0836937999998,1019.0836937999998,1019.0836937999998,1019.0836937999998,1019.0836937999998,1020.0837011999997,1020.0837011999997,1020.8346695999999,,,,,z,1,0.7501523999999336,None,par_2_mtr_seq,001,2025-10-01_19h58.27.067,untitled,,2025.1.1,59.746578910965944,2025-10-01 19h58.55.438069 +0530,
-50,x,147,3,36,x,1,0.7390205000001515,None,,,,,36,3,147,0,1020.8501708999997,,1020.8351782999998,1020.8501708999997,1021.8503175999999,1021.8503175999999,1021.8503175999999,1021.8503175999999,1021.8503175999999,1022.8504270999997,1022.8504270999997,1023.6011629999998,,,,,x,1,0.7390205000001515,None,par_2_mtr_seq,001,2025-10-01_19h58.27.067,untitled,,2025.1.1,59.746578910965944,2025-10-01 19h58.55.438069 +0530,
50,c,148,0,37,c,1,0.9369713999999476,None,,,,,37,0,148,2,1023.6174189999997,,1023.6016116000001,1023.6174189999997,1024.6004988999998,1024.6004988999998,1024.6004988999998,1024.6004988999998,1024.6172407999998,1025.617155,1025.617155,1026.5677486,,,,,c,1,0.9369713999999476,None,par_2_mtr_seq,001,2025-10-01_19h58.27.067,untitled,,2025.1.1,59.746578910965944,2025-10-01 19h58.55.438069 +0530,
-150,z,149,1,37,z,1,0.8044365999999172,None,,,,,37,1,149,3,1026.5846766,,1026.5683463999999,1026.5846766,1027.5674534,1027.5674534,1027.5674534,1027.5674534,1027.5836590999997,1028.5671892,1028.5671892,1029.38436,,,,,z,1,0.8044365999999172,None,par_2_mtr_seq,001,2025-10-01_19h58.27.067,untitled,,2025.1.1,59.746578910965944,2025-10-01 19h58.55.438069 +0530,
150,v,150,2,37,v,1,0.9707232999999178,None,,,,,37,2,150,1,1029.400342,,1029.3849347999999,1029.400342,1030.3837635,1030.3837635,1030.3837635,1030.3837635,1030.4001335999997,1031.3839263999998,1031.3839263999998,1032.3679201999998,,,,,v,1,0.9707232999999178,None,par_2_mtr_seq,001,2025-10-01_19h58.27.067,untitled,,2025.1.1,59.746578910965944,2025-10-01 19h58.55.438069 +0530,
-50,x,151,3,37,x,1,1.150623099999848,None,,,,,37,3,151,0,1032.3837795,,1032.3684103,1032.3837795,1033.3671786999998,1033.3671786999998,1033.3671786999998,1033.3671786999998,1033.3837556999997,1034.367886,1034.367886,1035.5344489999998,,,,,x,1,1.150623099999848,None,par_2_mtr_seq,001,2025-10-01_19h58.27.067,untitled,,2025.1.1,59.746578910965944,2025-10-01 19h58.55.438069 +0530,
50,c,152,0,38,c,1,0.7838948999997228,None,,,,,38,0,152,2,1035.5505937999997,,1035.5350088,1035.5505937999997,1036.5504541999999,1036.5504541999999,1036.5504541999999,1036.5504541999999,1036.5504541999999,1037.5337218999998,1037.5337218999998,1038.3345804,,,,,c,1,0.7838948999997228,None,par_2_mtr_seq,001,2025-10-01_19h58.27.067,untitled,,2025.1.1,59.746578910965944,2025-10-01 19h58.55.438069 +0530,
-150,z,153,1,38,z,1,1.3683484999996836,None,,,,,38,1,153,3,1038.3503504999999,,1038.3350292999999,1038.3503504999999,1039.3334437999997,1039.3334437999997,1039.3334437999997,1039.3334437999997,1039.3505029999997,1040.3345430999998,1040.3345430999998,1041.7179898999998,,,,,z,1,1.3683484999996836,None,par_2_mtr_seq,001,2025-10-01_19h58.27.067,untitled,,2025.1.1,59.746578910965944,2025-10-01 19h58.55.438069 +0530,
-50,x,154,2,38,x,1,1.0137247999996362,None,,,,,38,2,154,0,1041.7342192,,1041.7185245,1041.7342192,1042.7199913,1042.7199913,1042.7199913,1042.7199913,1042.7339502,1043.7173659,1043.7173659,1044.7343382999998,,,,,x,1,1.0137247999996362,None,par_2_mtr_seq,001,2025-10-01_19h58.27.067,untitled,,2025.1.1,59.746578910965944,2025-10-01 19h58.55.438069 +0530,
150,v,155,3,38,v,1,0.8703527000002396,None,,,,,38,3,155,1,1044.7507219,,1044.7348155,1044.7507219,1045.7337763,1045.7337763,1045.7337763,1045.7337763,1045.7506819,1046.7338707999997,1046.7338707999997,1047.6179598999997,,,,,v,1,0.8703527000002396,None,par_2_mtr_seq,001,2025-10-01_19h58.27.067,untitled,,2025.1.1,59.746578910965944,2025-10-01 19h58.55.438069 +0530,
-50,x,156,0,39,x,1,1.2318657000000712,None,,,,,39,0,156,0,1047.6340566999997,,1047.6185397999998,1047.6340566999997,1048.6173946999997,1048.6173946999997,1048.6173946999997,1048.6173946999997,1048.6340187,1049.6173239999998,1049.6173239999998,1050.8518267999998,,,,,x,1,1.2318657000000712,None,par_2_mtr_seq,001,2025-10-01_19h58.27.067,untitled,,2025.1.1,59.746578910965944,2025-10-01 19h58.55.438069 +0530,
50,c,157,1,39,c,1,0.8876156000001174,None,,,,,39,1,157,2,1050.8669602999998,,1050.852441,1050.8669602999998,1051.8672530999997,1051.8672530999997,1051.8672530999997,1051.8672530999997,1051.8672530999997,1052.8504416,1052.8504416,1053.7513058,,,,,c,1,0.8876156000001174,None,par_2_mtr_seq,001,2025-10-01_19h58.27.067,untitled,,2025.1.1,59.746578910965944,2025-10-01 19h58.55.438069 +0530,
-150,z,158,2,39,z,1,0.9176462000000356,None,,,,,39,2,158,3,1053.7672349999998,,1053.7518043,1053.7672349999998,1054.7505309999997,1054.7505309999997,1054.7505309999997,1054.7505309999997,1054.7672124,1055.750764,1055.750764,1056.6840380999997,,,,,z,1,0.9176462000000356,None,par_2_mtr_seq,001,2025-10-01_19h58.27.067,untitled,,2025.1.1,59.746578910965944,2025-10-01 19h58.55.438069 +0530,
150,v,159,3,39,v,1,0.7882012999998551,None,,,,,39,3,159,1,1056.7005973,,1056.6845175999997,1056.7005973,1057.6842764999997,1057.6842764999997,1057.6842764999997,1057.6842764999997,1057.7005838,1058.683907,1058.683907,1059.4848361,,,,,v,1,0.7882012999998551,None,par_2_mtr_seq,001,2025-10-01_19h58.27.067,untitled,,2025.1.1,59.746578910965944,2025-10-01 19h58.55.438069 +0530,
50,c,160,0,40,c,1,1.5521436999997604,None,,,,,40,0,160,2,1059.5005797,,1059.4852811,1059.5005797,1060.4840442999998,1060.4840442999998,1060.4840442999998,1060.4840442999998,1060.5004349,1061.4839729999999,1061.4839729999999,1063.0513093999998,,,,,c,1,1.5521436999997604,None,par_2_mtr_seq,001,2025-10-01_19h58.27.067,untitled,,2025.1.1,59.746578910965944,2025-10-01 19h58.55.438069 +0530,
-150,z,161,1,40,z,1,0.7133822000000691,None,,,,,40,1,161,3,1063.0673846999998,,1063.0517777999999,1063.0673846999998,1064.0506044999997,1064.0506044999997,1064.0506044999997,1064.0506044999997,1064.0673084,1065.0505912999997,1065.0505912999997,1065.7677322,,,,,z,1,0.7133822000000691,None,par_2_mtr_seq,001,2025-10-01_19h58.27.067,untitled,,2025.1.1,59.746578910965944,2025-10-01 19h58.55.438069 +0530,
-50,x,162,2,40,x,1,0.8475803000001179,None,,,,,40,2,162,0,1065.7838253999998,,1065.7682022999998,1065.7838253999998,1066.7676084999998,1066.7676084999998,1066.7676084999998,1066.7676084999998,1066.7839141,1067.7674877,1067.7674877,1068.6180070999999,,,,,x,1,0.8475803000001179,None,par_2_mtr_seq,001,2025-10-01_19h58.27.067,untitled,,2025.1.1,59.746578910965944,2025-10-01 19h58.55.438069 +0530,
150,v,163,3,40,v,1,0.7759465999997701,None,,,,,40,3,163,1,1068.6341643,,1068.6185597999997,1068.6341643,1069.617252,1069.617252,1069.617252,1069.617252,1069.6366159,1070.6164344,1070.6164344,1071.4016407999998,,,,,v,1,0.7759465999997701,None,par_2_mtr_seq,001,2025-10-01_19h58.27.067,untitled,,2025.1.1,59.746578910965944,2025-10-01 19h58.55.438069 +0530,
-50,x,164,0,41,x,1,0.7652785999998741,None,,,,,41,0,164,0,1071.4172921,,1071.4021221999997,1071.4172921,1072.4007624,1072.4007624,1072.4007624,1072.4007624,1072.4175144,1073.4174592,1073.4174592,1074.1849269,,,,,x,1,0.7652785999998741,None,par_2_mtr_seq,001,2025-10-01_19h58.27.067,untitled,,2025.1.1,59.746578910965944,2025-10-01 19h58.55.438069 +0530,
-150,z,165,1,41,z,1,0.5141530000000785,None,,,,,41,1,165,3,1074.2009187999997,,1074.1854227999997,1074.2009187999997,1075.1840029,1075.1840029,1075.1840029,1075.1840029,1075.2008738,1076.2008719,1076.2008719,1076.7185182999997,,,,,z,1,0.5141530000000785,None,par_2_mtr_seq,001,2025-10-01_19h58.27.067,untitled,,2025.1.1,59.746578910965944,2025-10-01 19h58.55.438069 +0530,
50,c,166,2,41,c,1,2.3554300999999214,None,,,,,41,2,166,2,1076.7340779,,1076.7191137999998,1076.7340779,1077.7339747,1077.7339747,1077.7339747,1077.7339747,1077.7339747,1078.7341321999997,1078.7341321999997,1081.1015948999998,,,,,c,1,2.3554300999999214,None,par_2_mtr_seq,001,2025-10-01_19h58.27.067,untitled,,2025.1.1,59.746578910965944,2025-10-01 19h58.55.438069 +0530,
150,v,167,3,41,v,1,0.985881099999915,None,,,,,41,3,167,1,1081.1169387999998,,1081.1020651,1081.1169387999998,1082.1009079,1082.1009079,1082.1009079,1082.1009079,1082.1174852,1083.1008517,1083.1008517,1084.1013402999997,,,,,v,1,0.985881099999915,None,par_2_mtr_seq,001,2025-10-01_19h58.27.067,untitled,,2025.1.1,59.746578910965944,2025-10-01 19h58.55.438069 +0530,
150,v,168,0,42,v,1,0.8107162999999673,None,,,,,42,0,168,1,1084.1175364,,1084.1017847999997,1084.1175364,1085.1010428,1085.1010428,1085.1010428,1085.1010428,1085.1173761,1086.1064217999997,1086.1064217999997,1086.9187272,,,,,v,1,0.8107162999999673,None,par_2_mtr_seq,001,2025-10-01_19h58.27.067,untitled,,2025.1.1,59.746578910965944,2025-10-01 19h58.55.438069 +0530,
-50,x,169,1,42,x,1,0.8453458000003593,None,,,,,42,1,169,0,1086.9334500999998,,1086.9193725,1086.9334500999998,1087.9339922,1087.9339922,1087.9339922,1087.9339922,1087.9339922,1088.9339695999997,1088.9339695999997,1089.7850709,,,,,x,1,0.8453458000003593,None,par_2_mtr_seq,001,2025-10-01_19h58.27.067,untitled,,2025.1.1,59.746578910965944,2025-10-01 19h58.55.438069 +0530,
50,c,170,2,42,c,1,2.115243399999599,None,,,,,42,2,170,2,1089.8007265,,1089.7856555999997,1089.8007265,1090.8008369999998,1090.8008369999998,1090.8008369999998,1090.8008369999998,1090.8008369999998,1091.8008559999998,1091.8008559999998,1093.9182476,,,,,c,1,2.115243399999599,None,par_2_mtr_seq,001,2025-10-01_19h58.27.067,untitled,,2025.1.1,59.746578910965944,2025-10-01 19h58.55.438069 +0530,
-150,z,171,3,42,z,1,0.8960156000002826,None,,,,,42,3,171,3,1093.9339135999999,,1093.9187330999998,1093.9339135999999,1094.9173290999997,1094.9173290999997,1094.9173290999997,1094.9173290999997,1094.9341553,1095.9174908,1095.9174908,1096.8183986,,,,,z,1,0.8960156000002826,None,par_2_mtr_seq,001,2025-10-01_19h58.27.067,untitled,,2025.1.1,59.746578910965944,2025-10-01 19h58.55.438069 +0530,
-150,z,172,0,43,z,1,2.890852999999879,None,,,,,43,0,172,3,1096.8343252999998,,1096.8188519999999,1096.8343252999998,1097.8341265999998,1097.8341265999998,1097.8341265999998,1097.8341265999998,1097.8341265999998,1098.8176794,1098.8176794,1101.7183928999998,,,,,z,1,2.890852999999879,None,par_2_mtr_seq,001,2025-10-01_19h58.27.067,untitled,,2025.1.1,59.746578910965944,2025-10-01 19h58.55.438069 +0530,
50,c,173,1,43,x,0,3.9670295999999325,None,,,,,43,1,173,2,1101.7343679,,1101.7189500999998,1101.7343679,1102.7349709999999,1102.7349709999999,1102.7349709999999,1102.7349709999999,1102.7349709999999,1103.7175256,1103.7175256,1107.7014743999998,,,,,x,0,3.9670295999999325,None,par_2_mtr_seq,001,2025-10-01_19h58.27.067,untitled,,2025.1.1,59.746578910965944,2025-10-01 19h58.55.438069 +0530,
-50,x,174,2,43,x,1,0.9425848999999289,None,,,,,43,2,174,0,1107.7175159999997,,1107.7019971,1107.7175159999997,1108.7009217999998,1108.7009217999998,1108.7009217999998,1108.7009217999998,1108.7175188,1109.7008827,1109.7008827,1110.6512121,,,,,x,1,0.9425848999999289,None,par_2_mtr_seq,001,2025-10-01_19h58.27.067,untitled,,2025.1.1,59.746578910965944,2025-10-01 19h58.55.438069 +0530,
150,v,175,3,43,v,1,0.967002599999887,None,,,,,43,3,175,1,1110.6676797,,1110.6517086,1110.6676797,1111.6509941,1111.6509941,1111.6509941,1111.6509941,1111.6677087999997,1112.6508521,1112.6508521,1113.6349319,,,,,v,1,0.967002599999887,None,par_2_mtr_seq,001,2025-10-01_19h58.27.067,untitled,,2025.1.1,59.746578910965944,2025-10-01 19h58.55.438069 +0530,
150,v,176,0,44,v,1,0.8972313000003851,None,,,,,44,0,176,1,1113.6506595,,1113.6354121999998,1113.6506595,1114.6341552,1114.6341552,1114.6341552,1114.6341552,1114.6508012999998,1115.6344111999997,1115.6344111999997,1116.534576,,,,,v,1,0.8972313000003851,None,par_2_mtr_seq,001,2025-10-01_19h58.27.067,untitled,,2025.1.1,59.746578910965944,2025-10-01 19h58.55.438069 +0530,
-50,x,177,1,44,x,1,0.8133241000000453,None,,,,,44,1,177,0,1116.5509272,,1116.5350801,1116.5509272,1117.5343699999999,1117.5343699999999,1117.5343699999999,1117.5343699999999,1117.5508704999997,1118.5343336,1118.5343336,1119.3513798,,,,,x,1,0.8133241000000453,None,par_2_mtr_seq,001,2025-10-01_19h58.27.067,untitled,,2025.1.1,59.746578910965944,2025-10-01 19h58.55.438069 +0530,
-150,z,178,2,44,z,1,0.5175454000000173,None,,,,,44,2,178,3,1119.3676903,,1119.3518485999998,1119.3676903,1120.3510007999998,1120.3510007999998,1120.3510007999998,1120.3510007999998,1120.3676673,1121.3509494,1121.3509494,1121.8847127999998,,,,,z,1,0.5175454000000173,None,par_2_mtr_seq,001,2025-10-01_19h58.27.067,untitled,,2025.1.1,59.746578910965944,2025-10-01 19h58.55.438069 +0530,
50,c,179,3,44,c,1,0.8863479000001462,None,,,,,44,3,179,2,1121.9012162,,1121.8852637,1121.9012162,1122.8843260999997,1122.8843260999997,1122.8843260999997,1122.8843260999997,1122.9008881999998,1123.8840676,1123.8840676,1124.7847496999998,,,,,c,1,0.8863479000001462,None,par_2_mtr_seq,001,2025-10-01_19h58.27.067,untitled,,2025.1.1,59.746578910965944,2025-10-01 19h58.55.438069 +0530,
-50,x,180,0,45,x,1,0.8187462000000778,None,,,,,45,0,180,0,1124.8007646,,1124.7852216,1124.8007646,1125.7844427,1125.7844427,1125.7844427,1125.7844427,1125.800991,1126.7844339999997,1126.7844339999997,1127.6184131999998,,,,,x,1,0.8187462000000778,None,par_2_mtr_seq,001,2025-10-01_19h58.27.067,untitled,,2025.1.1,59.746578910965944,2025-10-01 19h58.55.438069 +0530,
-150,z,181,1,45,z,1,0.610195499999918,None,,,,,45,1,181,3,1127.6342286,,1127.6189847,1127.6342286,1128.6176575999998,1128.6176575999998,1128.6176575999998,1128.6176575999998,1128.6342609999997,1129.6337448,1129.6337448,1130.2514498,,,,,z,1,0.610195499999918,None,par_2_mtr_seq,001,2025-10-01_19h58.27.067,untitled,,2025.1.1,59.746578910965944,2025-10-01 19h58.55.438069 +0530,
50,c,182,2,45,c,1,1.9136376000001292,None,,,,,45,2,182,2,1130.2674284999998,,1130.2518992,1130.2674284999998,1131.251789,1131.251789,1131.251789,1131.251789,1131.2678861999998,1132.2510563,1132.2510563,1134.1680815,,,,,c,1,1.9136376000001292,None,par_2_mtr_seq,001,2025-10-01_19h58.27.067,untitled,,2025.1.1,59.746578910965944,2025-10-01 19h58.55.438069 +0530,
150,v,183,3,45,v,1,1.162469400000191,None,,,,,45,3,183,1,1134.1845172999997,,1134.1686044999997,1134.1845172999997,1135.1677292,1135.1677292,1135.1677292,1135.1677292,1135.1844284,1136.1678801999997,1136.1678801999997,1137.3352108999998,,,,,v,1,1.162469400000191,None,par_2_mtr_seq,001,2025-10-01_19h58.27.067,untitled,,2025.1.1,59.746578910965944,2025-10-01 19h58.55.438069 +0530,
-50,x,184,0,46,x,1,0.9083488000001125,None,,,,,46,0,184,0,1137.3505163,,1137.3356829,1137.3505163,1138.3342678999998,1138.3342678999998,1138.3342678999998,1138.3342678999998,1138.3507480999997,1139.3345547999998,1139.3345547999998,1140.2515396,,,,,x,1,0.9083488000001125,None,par_2_mtr_seq,001,2025-10-01_19h58.27.067,untitled,,2025.1.1,59.746578910965944,2025-10-01 19h58.55.438069 +0530,
50,c,185,1,46,c,1,1.7916924999999537,None,,,,,46,1,185,2,1140.2676656999997,,1140.2520354999997,1140.2676656999997,1141.2508012999997,1141.2508012999997,1141.2508012999997,1141.2508012999997,1141.2677037999997,1142.2512922,1142.2512922,1144.0520085999997,,,,,c,1,1.7916924999999537,None,par_2_mtr_seq,001,2025-10-01_19h58.27.067,untitled,,2025.1.1,59.746578910965944,2025-10-01 19h58.55.438069 +0530,
-150,z,186,2,46,z,1,1.36610520000022,None,,,,,46,2,186,3,1144.06794,,1144.0524526999998,1144.06794,1145.0675843,1145.0675843,1145.0675843,1145.0675843,1145.0675843,1146.0510277999997,1146.0510277999997,1147.4193860999999,,,,,z,1,1.36610520000022,None,par_2_mtr_seq,001,2025-10-01_19h58.27.067,untitled,,2025.1.1,59.746578910965944,2025-10-01 19h58.55.438069 +0530,
150,v,187,3,46,v,1,1.1507250999998178,None,,,,,46,3,187,1,1147.4348384,,1147.4198987999998,1147.4348384,1148.4345923,1148.4345923,1148.4345923,1148.4345923,1148.4345923,1149.4349563,1149.4349563,1150.6017727999997,,,,,v,1,1.1507250999998178,None,par_2_mtr_seq,001,2025-10-01_19h58.27.067,untitled,,2025.1.1,59.746578910965944,2025-10-01 19h58.55.438069 +0530,
-150,z,188,0,47,z,1,0.6502884999999878,None,,,,,47,0,188,3,1150.6178489999998,,1150.6023304,1150.6178489999998,1151.6010308999998,1151.6010308999998,1151.6010308999998,1151.6010308999998,1151.6177447,1152.601099,1152.601099,1153.2686392,,,,,z,1,0.6502884999999878,None,par_2_mtr_seq,001,2025-10-01_19h58.27.067,untitled,,2025.1.1,59.746578910965944,2025-10-01 19h58.55.438069 +0530,
50,c,189,1,47,c,1,2.1944995000003473,None,,,,,47,1,189,2,1153.2844458,,1153.2691531,1153.2844458,1154.267715,1154.267715,1154.267715,1154.267715,1154.2845490999998,1155.2676892999998,1155.2676892999998,1157.4688323,,,,,c,1,2.1944995000003473,None,par_2_mtr_seq,001,2025-10-01_19h58.27.067,untitled,,2025.1.1,59.746578910965944,2025-10-01 19h58.55.438069 +0530,
150,v,190,2,47,v,1,0.8535147999996298,None,,,,,47,2,190,1,1157.4844518999998,,1157.4692854999998,1157.4844518999998,1158.4844204,1158.4844204,1158.4844204,1158.4844204,1158.4844204,1159.4844165,1159.4844165,1160.3517677,,,,,v,1,0.8535147999996298,None,par_2_mtr_seq,001,2025-10-01_19h58.27.067,untitled,,2025.1.1,59.746578910965944,2025-10-01 19h58.55.438069 +0530,
-50,x,191,3,47,x,1,1.013844699999936,None,,,,,47,3,191,0,1160.3678458999998,,1160.3523237999998,1160.3678458999998,1161.3678151,1161.3678151,1161.3678151,1161.3678151,1161.3678151,1162.3511036999998,1162.3511036999998,1163.3682362999998,,,,,x,1,1.013844699999936,None,par_2_mtr_seq,001,2025-10-01_19h58.27.067,untitled,,2025.1.1,59.746578910965944,2025-10-01 19h58.55.438069 +0530,
150,v,192,0,48,v,1,1.2040981000000102,None,,,,,48,0,192,1,1163.384701,,1163.3686942,1163.384701,1164.3678283,1164.3678283,1164.3678283,1164.3678283,1164.3846448,1165.3692917999997,1165.3692917999997,1166.5861937,,,,,v,1,1.2040981000000102,None,par_2_mtr_seq,001,2025-10-01_19h58.27.067,untitled,,2025.1.1,59.746578910965944,2025-10-01 19h58.55.438069 +0530,
50,c,193,1,48,c,1,0.40110310000000027,None,,,,,48,1,193,2,1166.6012308,,1166.5867298999997,1166.6012308,1167.6011574999998,1167.6011574999998,1167.6011574999998,1167.6011574999998,1167.6011574999998,1168.6008733999997,1168.6008733999997,1169.0185781999999,,,,,c,1,0.40110310000000027,None,par_2_mtr_seq,001,2025-10-01_19h58.27.067,untitled,,2025.1.1,59.746578910965944,2025-10-01 19h58.55.438069 +0530,
-150,z,194,2,48,z,1,0.7678489999998419,None,,,,,48,2,194,3,1169.034662,,1169.0190463999998,1169.034662,1170.0178237999999,1170.0178237999999,1170.0178237999999,1170.0178237999999,1170.0346679,1171.0177762999997,1171.0177762999997,1171.8019798999999,,,,,z,1,0.7678489999998419,None,par_2_mtr_seq,001,2025-10-01_19h58.27.067,untitled,,2025.1.1,59.746578910965944,2025-10-01 19h58.55.438069 +0530,
-50,x,195,3,48,x,1,0.8732538999997814,None,,,,,48,3,195,0,1171.8175179,,1171.8025305,1171.8175179,1172.8011705,1172.8011705,1172.8011705,1172.8011705,1172.8181079,1173.8011677999998,1173.8011677999998,1174.6854076,,,,,x,1,0.8732538999997814,None,par_2_mtr_seq,001,2025-10-01_19h58.27.067,untitled,,2025.1.1,59.746578910965944,2025-10-01 19h58.55.438069 +0530,
150,v,196,0,49,v,1,0.720385499999793,None,,,,,49,0,196,1,1174.7003531,,1174.6859012999998,1174.7003531,1175.6846694,1175.6846694,1175.6846694,1175.6846694,1175.7014056999997,1176.6845813999998,1176.6845813999998,1177.4187999,,,,,v,1,0.720385499999793,None,par_2_mtr_seq,001,2025-10-01_19h58.27.067,untitled,,2025.1.1,59.746578910965944,2025-10-01 19h58.55.438069 +0530,
-50,x,197,1,49,x,1,1.2642598999996153,None,,,,,49,1,197,0,1177.4348135999999,,1177.4193581,1177.4348135999999,1178.4177197,1178.4177197,1178.4177197,1178.4177197,1178.4347634,1179.4347133,1179.4347133,1180.7018264999997,,,,,x,1,1.2642598999996153,None,par_2_mtr_seq,001,2025-10-01_19h58.27.067,untitled,,2025.1.1,59.746578910965944,2025-10-01 19h58.55.438069 +0530,
50,c,198,2,49,c,1,0.888955100000203,None,,,,,49,2,198,2,1180.7180420999998,,1180.7023989999998,1180.7180420999998,1181.7013471,1181.7013471,1181.7013471,1181.7013471,1181.7180556999997,1182.7014454999999,1182.7014454999999,1183.6018961999998,,,,,c,1,0.888955100000203,None,par_2_mtr_seq,001,2025-10-01_19h58.27.067,untitled,,2025.1.1,59.746578910965944,2025-10-01 19h58.55.438069 +0530,
-150,z,199,3,49,z,1,0.8223423999997976,None,,,,,49,3,199,3,1183.6180678,,1183.6023947999997,1183.6180678,1184.6012305,1184.6012305,1184.6012305,1184.6012305,1184.6182964999998,1185.6012290999997,1185.6012290999997,1186.4352602,,,,,z,1,0.8223423999997976,None,par_2_mtr_seq,001,2025-10-01_19h58.27.067,untitled,,2025.1.1,59.746578910965944,2025-10-01 19h58.55.438069 +0530,
