14.8012 	INFO 	Loaded monitor calibration from ['2025_08_11 19:48']
14.8261 	WARNING 	User requested fullscreen with size [1024  768], but screen is actually [1920, 1080]. Using actual size
15.1832 	INFO 	Using renderer 'AMD Radeon(TM) Graphics' for graphics
15.1832 	INFO 	OpenGL version supported by driver is 4..
15.2480 	EXP 	Created window1 = Window(allowGUI=False, allowStencil=False, autoLog=True, backendConf=UNKNOWN, backgroundFit=<method-wrapper '__getattribute__' of attributeSetter object at 0x000001ED23BBFB50>, backgroundImage=<method-wrapper '__getattribute__' of attributeSetter object at 0x000001ED23BBFAF0>, bitsMode=UNKNOWN, blendMode='avg', bpc=(8, 8, 8), color=array([0, 0, 0]), colorSpace='rgb', depthBits=8, fullscr=True, gamma=None, gammaErrorPolicy='raise', infoMsg=UNKNOWN, lms=UNKNOWN, monitor=<psychopy.monitors.calibTools.Monitor object at 0x000001ED23C8D3F0>, multiSample=False, name='window1', numSamples=2, pos=[np.float64(0.0), np.float64(0.0)], screen=0, size=array([1920, 1080]), stencilBits=0, stereo=False, title='PsychoPy', units='height', useFBO=True, useRetina=False, viewOri=0.0, viewPos=None, viewScale=None, waitBlanking=True, winType='pyglet')
15.2481 	EXP 	window1: backgroundImage = ''
15.2481 	EXP 	window1: backgroundFit = 'none'
16.0958 	EXP 	window1: Attempting to measure frame rate of screen (0) ...
16.0959 	EXP 	window1: recordFrameIntervals = False
16.3673 	EXP 	window1: recordFrameIntervals = True
16.5499 	EXP 	Screen (0) actual frame rate measured at 60.06Hz
16.5500 	EXP 	window1: recordFrameIntervals = False
16.6371 	INFO 	keyboard.Keyboard is using ptb backend.
16.6375 	INFO 	keyboard.Keyboard is using ptb backend.
16.6375 	EXP 	untitled: status = STARTED
16.6452 	EXP 	Created fixation = ShapeStim(__class__=<class 'psychopy.visual.shape.ShapeStim'>, anchor=('center', 'center'), autoDraw=False, autoLog=True, closeShape=True, color=method-wrapper(...), colorSpace='rgb', contrast=None, depth=0.0, draggable=False, fillColor=array([1, 1, 1]), fillColorSpace='rgb', fillRGB=array([1, 1, 1]), interpolate=True, lineColor=array([1., 1., 1.]), lineColorSpace='rgb', lineRGB=array([1, 1, 1]), lineWidth=1.0, name='fixation', opacity=1, ori=0.0, pos=array([0., 0.]), size=array([10., 10.]), units='pix', vertices=ndarray(...), win=Window(...), windingRule=None)
16.6475 	EXP 	Created line1 = Rect(__class__=<class 'psychopy.visual.rect.Rect'>, anchor=('center', 'center'), autoDraw=False, autoLog=True, closeShape=True, color=method-wrapper(...), colorSpace='rgb', contrast=None, depth=-1.0, draggable=False, fillColor=array([1, 1, 1]), fillColorSpace='rgb', fillRGB=array([1, 1, 1]), interpolate=True, lineColor=array([1., 1., 1.]), lineColorSpace='rgb', lineRGB=array([1, 1, 1]), lineWidth=1.0, name='line1', opacity=1, ori=90.0, pos=array([-150.,    0.]), size=array([100.,  10.]), units='pix', vertices=ndarray(...), win=Window(...))
16.6499 	EXP 	Created line_2 = Rect(__class__=<class 'psychopy.visual.rect.Rect'>, anchor=('center', 'center'), autoDraw=False, autoLog=True, closeShape=True, color=method-wrapper(...), colorSpace='rgb', contrast=None, depth=-2.0, draggable=False, fillColor=array([1, 1, 1]), fillColorSpace='rgb', fillRGB=array([1, 1, 1]), interpolate=True, lineColor=array([1., 1., 1.]), lineColorSpace='rgb', lineRGB=array([1, 1, 1]), lineWidth=1.0, name='line_2', opacity=1, ori=90.0, pos=array([-50.,   0.]), size=array([100.,  10.]), units='pix', vertices=ndarray(...), win=Window(...))
16.6521 	EXP 	Created line_3 = Rect(__class__=<class 'psychopy.visual.rect.Rect'>, anchor=('center', 'center'), autoDraw=False, autoLog=True, closeShape=True, color=method-wrapper(...), colorSpace='rgb', contrast=None, depth=-3.0, draggable=False, fillColor=array([1, 1, 1]), fillColorSpace='rgb', fillRGB=array([1, 1, 1]), interpolate=True, lineColor=array([1., 1., 1.]), lineColorSpace='rgb', lineRGB=array([1, 1, 1]), lineWidth=1.0, name='line_3', opacity=1, ori=90.0, pos=array([50.,  0.]), size=array([100.,  10.]), units='pix', vertices=ndarray(...), win=Window(...))
16.6542 	EXP 	Created line4 = Rect(__class__=<class 'psychopy.visual.rect.Rect'>, anchor=('center', 'center'), autoDraw=False, autoLog=True, closeShape=True, color=method-wrapper(...), colorSpace='rgb', contrast=None, depth=-4.0, draggable=False, fillColor=array([1, 1, 1]), fillColorSpace='rgb', fillRGB=array([1, 1, 1]), interpolate=True, lineColor=array([1., 1., 1.]), lineColorSpace='rgb', lineRGB=array([1, 1, 1]), lineWidth=1.0, name='line4', opacity=1, ori=90.0, pos=array([150.,   0.]), size=array([100.,  10.]), units='pix', vertices=ndarray(...), win=Window(...))
16.6571 	EXP 	Created probe = ShapeStim(__class__=<class 'psychopy.visual.shape.ShapeStim'>, anchor=('center', 'center'), autoDraw=False, autoLog=True, closeShape=True, color=method-wrapper(...), colorSpace='rgb', contrast=None, depth=-5.0, draggable=False, fillColor=array([1, 1, 1]), fillColorSpace='rgb', fillRGB=array([1, 1, 1]), interpolate=True, lineColor=array([1., 1., 1.]), lineColorSpace='rgb', lineRGB=array([1, 1, 1]), lineWidth=1.0, name='probe', opacity=1, ori=0.0, pos=array([0., 0.]), size=array([10., 10.]), units='pix', vertices=ndarray(...), win=Window(...), windingRule=None)
16.6601 	EXP 	Created fixation = ShapeStim(__class__=<class 'psychopy.visual.shape.ShapeStim'>, anchor=('center', 'center'), autoDraw=False, autoLog=True, closeShape=True, color=method-wrapper(...), colorSpace='rgb', contrast=None, depth=0.0, draggable=False, fillColor=array([1, 1, 1]), fillColorSpace='rgb', fillRGB=array([1, 1, 1]), interpolate=True, lineColor=array([1., 1., 1.]), lineColorSpace='rgb', lineRGB=array([1, 1, 1]), lineWidth=1.0, name='fixation', opacity=1, ori=0.0, pos=array([0., 0.]), size=array([10., 10.]), units='pix', vertices=ndarray(...), win=Window(...), windingRule=None)
16.6623 	EXP 	Created line1 = Rect(__class__=<class 'psychopy.visual.rect.Rect'>, anchor=('center', 'center'), autoDraw=False, autoLog=True, closeShape=True, color=method-wrapper(...), colorSpace='rgb', contrast=None, depth=-1.0, draggable=False, fillColor=array([1, 1, 1]), fillColorSpace='rgb', fillRGB=array([1, 1, 1]), interpolate=True, lineColor=array([1., 1., 1.]), lineColorSpace='rgb', lineRGB=array([1, 1, 1]), lineWidth=1.0, name='line1', opacity=1, ori=90.0, pos=array([-150.,    0.]), size=array([100.,  10.]), units='pix', vertices=ndarray(...), win=Window(...))
16.6646 	EXP 	Created line_2 = Rect(__class__=<class 'psychopy.visual.rect.Rect'>, anchor=('center', 'center'), autoDraw=False, autoLog=True, closeShape=True, color=method-wrapper(...), colorSpace='rgb', contrast=None, depth=-2.0, draggable=False, fillColor=array([1, 1, 1]), fillColorSpace='rgb', fillRGB=array([1, 1, 1]), interpolate=True, lineColor=array([1., 1., 1.]), lineColorSpace='rgb', lineRGB=array([1, 1, 1]), lineWidth=1.0, name='line_2', opacity=1, ori=90.0, pos=array([-50.,   0.]), size=array([100.,  10.]), units='pix', vertices=ndarray(...), win=Window(...))
16.6668 	EXP 	Created line_3 = Rect(__class__=<class 'psychopy.visual.rect.Rect'>, anchor=('center', 'center'), autoDraw=False, autoLog=True, closeShape=True, color=method-wrapper(...), colorSpace='rgb', contrast=None, depth=-3.0, draggable=False, fillColor=array([1, 1, 1]), fillColorSpace='rgb', fillRGB=array([1, 1, 1]), interpolate=True, lineColor=array([1., 1., 1.]), lineColorSpace='rgb', lineRGB=array([1, 1, 1]), lineWidth=1.0, name='line_3', opacity=1, ori=90.0, pos=array([50.,  0.]), size=array([100.,  10.]), units='pix', vertices=ndarray(...), win=Window(...))
16.6690 	EXP 	Created line4 = Rect(__class__=<class 'psychopy.visual.rect.Rect'>, anchor=('center', 'center'), autoDraw=False, autoLog=True, closeShape=True, color=method-wrapper(...), colorSpace='rgb', contrast=None, depth=-4.0, draggable=False, fillColor=array([1, 1, 1]), fillColorSpace='rgb', fillRGB=array([1, 1, 1]), interpolate=True, lineColor=array([1., 1., 1.]), lineColorSpace='rgb', lineRGB=array([1, 1, 1]), lineWidth=1.0, name='line4', opacity=1, ori=90.0, pos=array([150.,   0.]), size=array([100.,  10.]), units='pix', vertices=ndarray(...), win=Window(...))
16.6719 	EXP 	Created probe = ShapeStim(__class__=<class 'psychopy.visual.shape.ShapeStim'>, anchor=('center', 'center'), autoDraw=False, autoLog=True, closeShape=True, color=method-wrapper(...), colorSpace='rgb', contrast=None, depth=-5.0, draggable=False, fillColor=array([1, 1, 1]), fillColorSpace='rgb', fillRGB=array([1, 1, 1]), interpolate=True, lineColor=array([1., 1., 1.]), lineColorSpace='rgb', lineRGB=array([1, 1, 1]), lineWidth=1.0, name='probe', opacity=1, ori=0.0, pos=array([0., 0.]), size=array([10., 10.]), units='pix', vertices=ndarray(...), win=Window(...), windingRule=None)
0.0166 	EXP 	Imported conditions.csv as conditions, 4 conditions, 2 params
0.0190 	EXP 	New trial (rep=0, index=0): <Trial 0 (0 in rep 0) data={'pos': np.int64(-50), 'corr_resp': 'x', 'thisN': 0, 'thisTrialN': 0, 'thisRepN': 0}>
0.0289 	EXP 	fixation: autoDraw = True
1.0107 	EXP 	line1: autoDraw = True
1.0107 	EXP 	line_2: autoDraw = True
1.0107 	EXP 	line_3: autoDraw = True
1.0107 	EXP 	line4: autoDraw = True
1.0440 	EXP 	fixation: autoDraw = False
2.0111 	INFO 	Keyboard events cleared
2.0109 	EXP 	probe: autoDraw = True
2.6189 	EXP 	Device response: <KeyPress from None: t=2.597439300000019, value=x, duration=None>
2.6194 	EXP 	New trial (rep=0, index=1): <Trial 1 (1 in rep 0) data={'pos': np.int64(150), 'corr_resp': 'v', 'thisN': 1, 'thisTrialN': 1, 'thisRepN': 0}>
2.6209 	DATA 	Keypress: x
2.6288 	EXP 	fixation: autoDraw = False
2.6288 	EXP 	line1: autoDraw = False
2.6288 	EXP 	line_2: autoDraw = False
2.6288 	EXP 	line_3: autoDraw = False
2.6288 	EXP 	line4: autoDraw = False
2.6288 	EXP 	probe: autoDraw = False
2.6288 	EXP 	fixation: autoDraw = True
2.7279 	EXP 	Device response: <KeyPress from None: t=2.597439300000019, value=x, duration=0.11474029999999402>
3.6275 	EXP 	line1: autoDraw = True
3.6275 	EXP 	line_2: autoDraw = True
3.6275 	EXP 	line_3: autoDraw = True
3.6275 	EXP 	line4: autoDraw = True
3.6440 	EXP 	fixation: autoDraw = False
4.6274 	INFO 	Keyboard events cleared
4.6273 	EXP 	probe: autoDraw = True
5.1451 	EXP 	Device response: <KeyPress from None: t=5.133969500000035, value=v, duration=None>
5.1455 	EXP 	New trial (rep=0, index=2): <Trial 2 (2 in rep 0) data={'pos': np.int64(50), 'corr_resp': 'c', 'thisN': 2, 'thisTrialN': 2, 'thisRepN': 0}>
5.1468 	DATA 	Keypress: v
5.1610 	EXP 	fixation: autoDraw = False
5.1610 	EXP 	line1: autoDraw = False
5.1610 	EXP 	line_2: autoDraw = False
5.1610 	EXP 	line_3: autoDraw = False
5.1610 	EXP 	line4: autoDraw = False
5.1610 	EXP 	probe: autoDraw = False
5.1610 	EXP 	fixation: autoDraw = True
5.3273 	EXP 	Device response: <KeyPress from None: t=5.133969500000035, value=v, duration=0.17845219999998108>
6.1443 	EXP 	line1: autoDraw = True
6.1443 	EXP 	line_2: autoDraw = True
6.1443 	EXP 	line_3: autoDraw = True
6.1443 	EXP 	line4: autoDraw = True
6.1613 	EXP 	fixation: autoDraw = False
7.1609 	INFO 	Keyboard events cleared
7.1608 	EXP 	probe: autoDraw = True
7.9449 	EXP 	Device response: <KeyPress from None: t=7.932136400000047, value=c, duration=None>
7.9453 	EXP 	New trial (rep=0, index=3): <Trial 3 (3 in rep 0) data={'pos': np.int64(-150), 'corr_resp': 'z', 'thisN': 3, 'thisTrialN': 3, 'thisRepN': 0}>
7.9466 	DATA 	Keypress: c
7.9609 	EXP 	fixation: autoDraw = False
7.9609 	EXP 	line1: autoDraw = False
7.9609 	EXP 	line_2: autoDraw = False
7.9609 	EXP 	line_3: autoDraw = False
7.9609 	EXP 	line4: autoDraw = False
7.9609 	EXP 	probe: autoDraw = False
7.9609 	EXP 	fixation: autoDraw = True
8.1284 	EXP 	Device response: <KeyPress from None: t=7.932136400000047, value=c, duration=0.18860019999999622>
8.9608 	EXP 	fixation: autoDraw = False
8.9608 	EXP 	line1: autoDraw = True
8.9608 	EXP 	line_2: autoDraw = True
8.9608 	EXP 	line_3: autoDraw = True
8.9608 	EXP 	line4: autoDraw = True
9.9610 	INFO 	Keyboard events cleared
9.9608 	EXP 	probe: autoDraw = True
10.4114 	EXP 	Device response: <KeyPress from None: t=10.402984100000026, value=x, duration=None>
10.4118 	EXP 	New trial (rep=1, index=0): <Trial 4 (0 in rep 1) data={'pos': np.int64(-50), 'corr_resp': 'x', 'thisN': 4, 'thisTrialN': 0, 'thisRepN': 1}>
10.4132 	DATA 	Keypress: x
10.4274 	EXP 	fixation: autoDraw = False
10.4274 	EXP 	line1: autoDraw = False
10.4274 	EXP 	line_2: autoDraw = False
10.4274 	EXP 	line_3: autoDraw = False
10.4274 	EXP 	line4: autoDraw = False
10.4274 	EXP 	probe: autoDraw = False
10.4274 	EXP 	fixation: autoDraw = True
10.5277 	EXP 	Device response: <KeyPress from None: t=10.402984100000026, value=x, duration=0.1220711999999935>
11.4108 	EXP 	line1: autoDraw = True
11.4108 	EXP 	line_2: autoDraw = True
11.4108 	EXP 	line_3: autoDraw = True
11.4108 	EXP 	line4: autoDraw = True
11.4274 	EXP 	fixation: autoDraw = False
12.4110 	INFO 	Keyboard events cleared
12.4109 	EXP 	probe: autoDraw = True
12.9779 	EXP 	Device response: <KeyPress from None: t=12.96794250000005, value=x, duration=None>
12.9784 	EXP 	New trial (rep=1, index=1): <Trial 5 (1 in rep 1) data={'pos': np.int64(150), 'corr_resp': 'v', 'thisN': 5, 'thisTrialN': 1, 'thisRepN': 1}>
12.9799 	DATA 	Keypress: x
12.9943 	EXP 	fixation: autoDraw = False
12.9943 	EXP 	line1: autoDraw = False
12.9943 	EXP 	line_2: autoDraw = False
12.9943 	EXP 	line_3: autoDraw = False
12.9943 	EXP 	line4: autoDraw = False
12.9943 	EXP 	probe: autoDraw = False
12.9943 	EXP 	fixation: autoDraw = True
13.1280 	EXP 	Device response: <KeyPress from None: t=12.96794250000005, value=x, duration=0.145217099999968>
13.9774 	EXP 	line1: autoDraw = True
13.9774 	EXP 	line_2: autoDraw = True
13.9774 	EXP 	line_3: autoDraw = True
13.9774 	EXP 	line4: autoDraw = True
13.9942 	EXP 	fixation: autoDraw = False
14.9776 	INFO 	Keyboard events cleared
14.9775 	EXP 	probe: autoDraw = True
15.4448 	EXP 	Device response: <KeyPress from None: t=15.44165559999999, value=v, duration=None>
15.4451 	EXP 	New trial (rep=1, index=2): <Trial 6 (2 in rep 1) data={'pos': np.int64(50), 'corr_resp': 'c', 'thisN': 6, 'thisTrialN': 2, 'thisRepN': 1}>
15.4464 	DATA 	Keypress: v
15.4607 	EXP 	fixation: autoDraw = False
15.4607 	EXP 	line1: autoDraw = False
15.4607 	EXP 	line_2: autoDraw = False
15.4607 	EXP 	line_3: autoDraw = False
15.4607 	EXP 	line4: autoDraw = False
15.4607 	EXP 	probe: autoDraw = False
15.4607 	EXP 	fixation: autoDraw = True
15.6279 	EXP 	Device response: <KeyPress from None: t=15.44165559999999, value=v, duration=0.17087720000006357>
16.4610 	EXP 	fixation: autoDraw = False
16.4610 	EXP 	line1: autoDraw = True
16.4610 	EXP 	line_2: autoDraw = True
16.4610 	EXP 	line_3: autoDraw = True
16.4610 	EXP 	line4: autoDraw = True
17.4443 	INFO 	Keyboard events cleared
17.4441 	EXP 	probe: autoDraw = True
18.4115 	EXP 	Device response: <KeyPress from None: t=18.40898370000002, value=c, duration=None>
18.4120 	EXP 	New trial (rep=1, index=3): <Trial 7 (3 in rep 1) data={'pos': np.int64(-150), 'corr_resp': 'z', 'thisN': 7, 'thisTrialN': 3, 'thisRepN': 1}>
18.4135 	DATA 	Keypress: c
18.4276 	EXP 	fixation: autoDraw = False
18.4276 	EXP 	line1: autoDraw = False
18.4276 	EXP 	line_2: autoDraw = False
18.4276 	EXP 	line_3: autoDraw = False
18.4276 	EXP 	line4: autoDraw = False
18.4276 	EXP 	probe: autoDraw = False
18.4276 	EXP 	fixation: autoDraw = True
18.4946 	EXP 	Device response: <KeyPress from None: t=18.40898370000002, value=c, duration=0.07281620000003386>
19.4282 	EXP 	fixation: autoDraw = False
19.4282 	EXP 	line1: autoDraw = True
19.4282 	EXP 	line_2: autoDraw = True
19.4282 	EXP 	line_3: autoDraw = True
19.4282 	EXP 	line4: autoDraw = True
20.4279 	INFO 	Keyboard events cleared
20.4277 	EXP 	probe: autoDraw = True
21.3948 	EXP 	Device response: <KeyPress from None: t=21.38633010000001, value=z, duration=None>
21.3952 	EXP 	New trial (rep=2, index=0): <Trial 8 (0 in rep 2) data={'pos': np.int64(-50), 'corr_resp': 'x', 'thisN': 8, 'thisTrialN': 0, 'thisRepN': 2}>
21.3965 	DATA 	Keypress: z
21.4108 	EXP 	fixation: autoDraw = False
21.4108 	EXP 	line1: autoDraw = False
21.4108 	EXP 	line_2: autoDraw = False
21.4108 	EXP 	line_3: autoDraw = False
21.4108 	EXP 	line4: autoDraw = False
21.4108 	EXP 	probe: autoDraw = False
21.4108 	EXP 	fixation: autoDraw = True
21.5448 	EXP 	Device response: <KeyPress from None: t=21.38633010000001, value=z, duration=0.1536806000000297>
22.3943 	EXP 	line1: autoDraw = True
22.3943 	EXP 	line_2: autoDraw = True
22.3943 	EXP 	line_3: autoDraw = True
22.3943 	EXP 	line4: autoDraw = True
22.4110 	EXP 	fixation: autoDraw = False
23.3940 	INFO 	Keyboard events cleared
23.3939 	EXP 	probe: autoDraw = True
24.0279 	EXP 	Device response: <KeyPress from None: t=24.01744480000002, value=x, duration=None>
24.0283 	EXP 	New trial (rep=2, index=1): <Trial 9 (1 in rep 2) data={'pos': np.int64(150), 'corr_resp': 'v', 'thisN': 9, 'thisTrialN': 1, 'thisRepN': 2}>
24.0297 	DATA 	Keypress: x
24.0431 	EXP 	fixation: autoDraw = False
24.0431 	EXP 	line1: autoDraw = False
24.0431 	EXP 	line_2: autoDraw = False
24.0431 	EXP 	line_3: autoDraw = False
24.0431 	EXP 	line4: autoDraw = False
24.0431 	EXP 	probe: autoDraw = False
24.0431 	EXP 	fixation: autoDraw = True
24.1611 	EXP 	Device response: <KeyPress from None: t=24.01744480000002, value=x, duration=0.13268640000001142>
25.0277 	EXP 	line1: autoDraw = True
25.0277 	EXP 	line_2: autoDraw = True
25.0277 	EXP 	line_3: autoDraw = True
25.0277 	EXP 	line4: autoDraw = True
25.0444 	EXP 	fixation: autoDraw = False
26.0278 	INFO 	Keyboard events cleared
26.0276 	EXP 	probe: autoDraw = True
27.2796 	DATA 	Keypress: v
27.2947 	EXP 	Device response: <KeyPress from None: t=27.27912630000003, value=v, duration=None>
27.2952 	EXP 	New trial (rep=2, index=2): <Trial 10 (2 in rep 2) data={'pos': np.int64(50), 'corr_resp': 'c', 'thisN': 10, 'thisTrialN': 2, 'thisRepN': 2}>
27.3111 	EXP 	fixation: autoDraw = False
27.3111 	EXP 	line1: autoDraw = False
27.3111 	EXP 	line_2: autoDraw = False
27.3111 	EXP 	line_3: autoDraw = False
27.3111 	EXP 	line4: autoDraw = False
27.3111 	EXP 	probe: autoDraw = False
27.3111 	EXP 	fixation: autoDraw = True
27.4280 	EXP 	Device response: <KeyPress from None: t=27.27912630000003, value=v, duration=0.13212690000000293>
28.2949 	EXP 	line1: autoDraw = True
28.2949 	EXP 	line_2: autoDraw = True
28.2949 	EXP 	line_3: autoDraw = True
28.2949 	EXP 	line4: autoDraw = True
28.3107 	EXP 	fixation: autoDraw = False
29.2944 	INFO 	Keyboard events cleared
29.2943 	EXP 	probe: autoDraw = True
30.0280 	EXP 	Device response: <KeyPress from None: t=30.013671199999976, value=c, duration=None>
30.0284 	EXP 	New trial (rep=2, index=3): <Trial 11 (3 in rep 2) data={'pos': np.int64(-150), 'corr_resp': 'z', 'thisN': 11, 'thisTrialN': 3, 'thisRepN': 2}>
30.0297 	DATA 	Keypress: c
30.0446 	EXP 	fixation: autoDraw = False
30.0446 	EXP 	line1: autoDraw = False
30.0446 	EXP 	line_2: autoDraw = False
30.0446 	EXP 	line_3: autoDraw = False
30.0446 	EXP 	line4: autoDraw = False
30.0446 	EXP 	probe: autoDraw = False
30.0446 	EXP 	fixation: autoDraw = True
30.1291 	EXP 	Device response: <KeyPress from None: t=30.013671199999976, value=c, duration=0.1135864999999967>
31.0274 	EXP 	line1: autoDraw = True
31.0274 	EXP 	line_2: autoDraw = True
31.0274 	EXP 	line_3: autoDraw = True
31.0274 	EXP 	line4: autoDraw = True
31.0444 	EXP 	fixation: autoDraw = False
32.0277 	INFO 	Keyboard events cleared
32.0276 	EXP 	probe: autoDraw = True
32.7112 	EXP 	Device response: <KeyPress from None: t=32.708151499999985, value=z, duration=None>
32.7115 	EXP 	New trial (rep=3, index=0): <Trial 12 (0 in rep 3) data={'pos': np.int64(-50), 'corr_resp': 'x', 'thisN': 12, 'thisTrialN': 0, 'thisRepN': 3}>
32.7128 	DATA 	Keypress: z
32.7279 	EXP 	fixation: autoDraw = False
32.7279 	EXP 	line1: autoDraw = False
32.7279 	EXP 	line_2: autoDraw = False
32.7279 	EXP 	line_3: autoDraw = False
32.7279 	EXP 	line4: autoDraw = False
32.7279 	EXP 	probe: autoDraw = False
32.7279 	EXP 	fixation: autoDraw = True
32.9947 	EXP 	Device response: <KeyPress from None: t=32.708151499999985, value=z, duration=0.2701170000000275>
33.7108 	EXP 	line1: autoDraw = True
33.7108 	EXP 	line_2: autoDraw = True
33.7108 	EXP 	line_3: autoDraw = True
33.7108 	EXP 	line4: autoDraw = True
33.7276 	EXP 	fixation: autoDraw = False
34.7111 	INFO 	Keyboard events cleared
34.7109 	EXP 	probe: autoDraw = True
35.2948 	EXP 	Device response: <KeyPress from None: t=35.28660409999998, value=x, duration=None>
35.2952 	EXP 	New trial (rep=3, index=1): <Trial 13 (1 in rep 3) data={'pos': np.int64(150), 'corr_resp': 'v', 'thisN': 13, 'thisTrialN': 1, 'thisRepN': 3}>
35.2964 	DATA 	Keypress: x
35.3110 	EXP 	fixation: autoDraw = False
35.3110 	EXP 	line1: autoDraw = False
35.3110 	EXP 	line_2: autoDraw = False
35.3110 	EXP 	line_3: autoDraw = False
35.3110 	EXP 	line4: autoDraw = False
35.3110 	EXP 	probe: autoDraw = False
35.3110 	EXP 	fixation: autoDraw = True
35.4281 	EXP 	Device response: <KeyPress from None: t=35.28660409999998, value=x, duration=0.12836520000007567>
35.9450 	EXP 	Device response: <KeyPress from None: t=35.93010750000008, value=z, duration=None>
35.9461 	DATA 	Keypress: z
36.0779 	EXP 	Device response: <KeyPress from None: t=35.93010750000008, value=z, duration=0.13825929999995878>
36.2943 	EXP 	line1: autoDraw = True
36.2943 	EXP 	line_2: autoDraw = True
36.2943 	EXP 	line_3: autoDraw = True
36.2943 	EXP 	line4: autoDraw = True
36.3110 	EXP 	fixation: autoDraw = False
37.2945 	INFO 	Keyboard events cleared
37.2944 	EXP 	probe: autoDraw = True
37.6781 	EXP 	Device response: <KeyPress from None: t=37.66303740000001, value=v, duration=None>
37.6784 	EXP 	New trial (rep=3, index=2): <Trial 14 (2 in rep 3) data={'pos': np.int64(50), 'corr_resp': 'c', 'thisN': 14, 'thisTrialN': 2, 'thisRepN': 3}>
37.6799 	DATA 	Keypress: v
37.6943 	EXP 	fixation: autoDraw = False
37.6943 	EXP 	line1: autoDraw = False
37.6943 	EXP 	line_2: autoDraw = False
37.6943 	EXP 	line_3: autoDraw = False
37.6943 	EXP 	line4: autoDraw = False
37.6943 	EXP 	probe: autoDraw = False
37.6943 	EXP 	fixation: autoDraw = True
37.8456 	EXP 	Device response: <KeyPress from None: t=37.66303740000001, value=v, duration=0.17122470000003887>
38.6776 	EXP 	line1: autoDraw = True
38.6776 	EXP 	line_2: autoDraw = True
38.6776 	EXP 	line_3: autoDraw = True
38.6776 	EXP 	line4: autoDraw = True
38.6943 	EXP 	fixation: autoDraw = False
39.6777 	INFO 	Keyboard events cleared
39.6776 	EXP 	probe: autoDraw = True
40.2447 	EXP 	Device response: <KeyPress from None: t=40.23673500000007, value=c, duration=None>
40.2450 	EXP 	New trial (rep=3, index=3): <Trial 15 (3 in rep 3) data={'pos': np.int64(-150), 'corr_resp': 'z', 'thisN': 15, 'thisTrialN': 3, 'thisRepN': 3}>
40.2464 	DATA 	Keypress: c
40.2609 	EXP 	fixation: autoDraw = False
40.2609 	EXP 	line1: autoDraw = False
40.2609 	EXP 	line_2: autoDraw = False
40.2609 	EXP 	line_3: autoDraw = False
40.2609 	EXP 	line4: autoDraw = False
40.2609 	EXP 	probe: autoDraw = False
40.2609 	EXP 	fixation: autoDraw = True
40.3945 	EXP 	Device response: <KeyPress from None: t=40.23673500000007, value=c, duration=0.14452539999990677>
41.2444 	EXP 	line1: autoDraw = True
41.2444 	EXP 	line_2: autoDraw = True
41.2444 	EXP 	line_3: autoDraw = True
41.2444 	EXP 	line4: autoDraw = True
41.2610 	EXP 	fixation: autoDraw = False
42.2444 	INFO 	Keyboard events cleared
42.2443 	EXP 	probe: autoDraw = True
42.7459 	EXP 	Device response: <KeyPress from None: t=42.743953600000054, value=z, duration=None>
42.7462 	EXP 	New trial (rep=4, index=0): <Trial 16 (0 in rep 4) data={'pos': np.int64(-50), 'corr_resp': 'x', 'thisN': 16, 'thisTrialN': 0, 'thisRepN': 4}>
42.7475 	DATA 	Keypress: z
42.7617 	EXP 	fixation: autoDraw = False
42.7617 	EXP 	line1: autoDraw = False
42.7617 	EXP 	line_2: autoDraw = False
42.7617 	EXP 	line_3: autoDraw = False
42.7617 	EXP 	line4: autoDraw = False
42.7617 	EXP 	probe: autoDraw = False
42.7617 	EXP 	fixation: autoDraw = True
42.9615 	EXP 	Device response: <KeyPress from None: t=42.743953600000054, value=z, duration=0.21169539999993958>
43.7610 	EXP 	fixation: autoDraw = False
43.7610 	EXP 	line1: autoDraw = True
43.7610 	EXP 	line_2: autoDraw = True
43.7610 	EXP 	line_3: autoDraw = True
43.7610 	EXP 	line4: autoDraw = True
44.7613 	INFO 	Keyboard events cleared
44.7611 	EXP 	probe: autoDraw = True
45.3280 	EXP 	Device response: <KeyPress from None: t=45.313601199999994, value=x, duration=None>
45.3284 	EXP 	New trial (rep=4, index=1): <Trial 17 (1 in rep 4) data={'pos': np.int64(150), 'corr_resp': 'v', 'thisN': 17, 'thisTrialN': 1, 'thisRepN': 4}>
45.3298 	DATA 	Keypress: x
45.3443 	EXP 	fixation: autoDraw = False
45.3443 	EXP 	line1: autoDraw = False
45.3443 	EXP 	line_2: autoDraw = False
45.3443 	EXP 	line_3: autoDraw = False
45.3443 	EXP 	line4: autoDraw = False
45.3443 	EXP 	probe: autoDraw = False
45.3443 	EXP 	fixation: autoDraw = True
45.5117 	EXP 	Device response: <KeyPress from None: t=45.313601199999994, value=x, duration=0.19321209999998246>
46.3276 	EXP 	line1: autoDraw = True
46.3276 	EXP 	line_2: autoDraw = True
46.3276 	EXP 	line_3: autoDraw = True
46.3276 	EXP 	line4: autoDraw = True
46.3443 	EXP 	fixation: autoDraw = False
47.3275 	INFO 	Keyboard events cleared
47.3274 	EXP 	probe: autoDraw = True
47.8949 	EXP 	Device response: <KeyPress from None: t=47.880956800000035, value=v, duration=None>
47.8954 	EXP 	New trial (rep=4, index=2): <Trial 18 (2 in rep 4) data={'pos': np.int64(50), 'corr_resp': 'c', 'thisN': 18, 'thisTrialN': 2, 'thisRepN': 4}>
47.8969 	DATA 	Keypress: v
47.9110 	EXP 	fixation: autoDraw = False
47.9110 	EXP 	line1: autoDraw = False
47.9110 	EXP 	line_2: autoDraw = False
47.9110 	EXP 	line_3: autoDraw = False
47.9110 	EXP 	line4: autoDraw = False
47.9110 	EXP 	probe: autoDraw = False
47.9110 	EXP 	fixation: autoDraw = True
48.0614 	EXP 	Device response: <KeyPress from None: t=47.880956800000035, value=v, duration=0.16562290000001667>
48.9113 	EXP 	fixation: autoDraw = False
48.9113 	EXP 	line1: autoDraw = True
48.9113 	EXP 	line_2: autoDraw = True
48.9113 	EXP 	line_3: autoDraw = True
48.9113 	EXP 	line4: autoDraw = True
49.8945 	INFO 	Keyboard events cleared
49.8943 	EXP 	probe: autoDraw = True
50.4449 	EXP 	Device response: <KeyPress from None: t=50.4365047, value=c, duration=None>
50.4453 	EXP 	New trial (rep=4, index=3): <Trial 19 (3 in rep 4) data={'pos': np.int64(-150), 'corr_resp': 'z', 'thisN': 19, 'thisTrialN': 3, 'thisRepN': 4}>
50.4468 	DATA 	Keypress: c
50.4612 	EXP 	fixation: autoDraw = False
50.4612 	EXP 	line1: autoDraw = False
50.4612 	EXP 	line_2: autoDraw = False
50.4612 	EXP 	line_3: autoDraw = False
50.4612 	EXP 	line4: autoDraw = False
50.4612 	EXP 	probe: autoDraw = False
50.4612 	EXP 	fixation: autoDraw = True
50.6450 	EXP 	Device response: <KeyPress from None: t=50.4365047, value=c, duration=0.19214550000003783>
51.4445 	EXP 	line1: autoDraw = True
51.4445 	EXP 	line_2: autoDraw = True
51.4445 	EXP 	line_3: autoDraw = True
51.4445 	EXP 	line4: autoDraw = True
51.4609 	EXP 	fixation: autoDraw = False
52.4445 	INFO 	Keyboard events cleared
52.4443 	EXP 	probe: autoDraw = True
52.9946 	EXP 	Device response: <KeyPress from None: t=52.99184709999997, value=z, duration=None>
52.9950 	EXP 	New trial (rep=5, index=0): <Trial 20 (0 in rep 5) data={'pos': np.int64(-50), 'corr_resp': 'x', 'thisN': 20, 'thisTrialN': 0, 'thisRepN': 5}>
52.9964 	DATA 	Keypress: z
53.0108 	EXP 	fixation: autoDraw = False
53.0108 	EXP 	line1: autoDraw = False
53.0108 	EXP 	line_2: autoDraw = False
53.0108 	EXP 	line_3: autoDraw = False
53.0108 	EXP 	line4: autoDraw = False
53.0108 	EXP 	probe: autoDraw = False
53.0108 	EXP 	fixation: autoDraw = True
53.4946 	EXP 	Device response: <KeyPress from None: t=52.99184709999997, value=z, duration=0.4984204000001>
53.9943 	EXP 	line1: autoDraw = True
53.9943 	EXP 	line_2: autoDraw = True
53.9943 	EXP 	line_3: autoDraw = True
53.9943 	EXP 	line4: autoDraw = True
54.0111 	EXP 	fixation: autoDraw = False
54.9953 	INFO 	Keyboard events cleared
54.9952 	EXP 	probe: autoDraw = True
55.7452 	EXP 	Device response: <KeyPress from None: t=55.73368270000003, value=x, duration=None>
55.7456 	EXP 	New trial (rep=5, index=1): <Trial 21 (1 in rep 5) data={'pos': np.int64(150), 'corr_resp': 'v', 'thisN': 21, 'thisTrialN': 1, 'thisRepN': 5}>
55.7471 	DATA 	Keypress: x
55.7609 	EXP 	fixation: autoDraw = False
55.7609 	EXP 	line1: autoDraw = False
55.7609 	EXP 	line_2: autoDraw = False
55.7609 	EXP 	line_3: autoDraw = False
55.7609 	EXP 	line4: autoDraw = False
55.7609 	EXP 	probe: autoDraw = False
55.7609 	EXP 	fixation: autoDraw = True
55.9616 	EXP 	Device response: <KeyPress from None: t=55.73368270000003, value=x, duration=0.21218629999998484>
56.7610 	EXP 	fixation: autoDraw = False
56.7610 	EXP 	line1: autoDraw = True
56.7610 	EXP 	line_2: autoDraw = True
56.7610 	EXP 	line_3: autoDraw = True
56.7610 	EXP 	line4: autoDraw = True
57.7609 	INFO 	Keyboard events cleared
57.7608 	EXP 	probe: autoDraw = True
58.4132 	DATA 	Keypress: v
58.4282 	EXP 	Device response: <KeyPress from None: t=58.41212310000003, value=v, duration=None>
58.4286 	EXP 	New trial (rep=5, index=2): <Trial 22 (2 in rep 5) data={'pos': np.int64(50), 'corr_resp': 'c', 'thisN': 22, 'thisTrialN': 2, 'thisRepN': 5}>
58.4452 	EXP 	fixation: autoDraw = False
58.4452 	EXP 	line1: autoDraw = False
58.4452 	EXP 	line_2: autoDraw = False
58.4452 	EXP 	line_3: autoDraw = False
58.4452 	EXP 	line4: autoDraw = False
58.4452 	EXP 	probe: autoDraw = False
58.4452 	EXP 	fixation: autoDraw = True
58.6113 	EXP 	Device response: <KeyPress from None: t=58.41212310000003, value=v, duration=0.19223999999996977>
59.4277 	EXP 	line1: autoDraw = True
59.4277 	EXP 	line_2: autoDraw = True
59.4277 	EXP 	line_3: autoDraw = True
59.4277 	EXP 	line4: autoDraw = True
59.4443 	EXP 	fixation: autoDraw = False
60.4279 	INFO 	Keyboard events cleared
60.4278 	EXP 	probe: autoDraw = True
60.8145 	DATA 	Keypress: c
60.8280 	EXP 	Device response: <KeyPress from None: t=60.8113247, value=c, duration=None>
60.8284 	EXP 	New trial (rep=5, index=3): <Trial 23 (3 in rep 5) data={'pos': np.int64(-150), 'corr_resp': 'z', 'thisN': 23, 'thisTrialN': 3, 'thisRepN': 5}>
60.8443 	EXP 	fixation: autoDraw = False
60.8443 	EXP 	line1: autoDraw = False
60.8443 	EXP 	line_2: autoDraw = False
60.8443 	EXP 	line_3: autoDraw = False
60.8443 	EXP 	line4: autoDraw = False
60.8443 	EXP 	probe: autoDraw = False
60.8443 	EXP 	fixation: autoDraw = True
61.0115 	EXP 	Device response: <KeyPress from None: t=60.8113247, value=c, duration=0.18704490000004625>
61.8277 	EXP 	line1: autoDraw = True
61.8277 	EXP 	line_2: autoDraw = True
61.8277 	EXP 	line_3: autoDraw = True
61.8277 	EXP 	line4: autoDraw = True
61.8443 	EXP 	fixation: autoDraw = False
62.8279 	INFO 	Keyboard events cleared
62.8278 	EXP 	probe: autoDraw = True
63.1447 	EXP 	Device response: <KeyPress from None: t=63.13191800000004, value=z, duration=None>
63.1450 	EXP 	New trial (rep=6, index=0): <Trial 24 (0 in rep 6) data={'pos': np.int64(-50), 'corr_resp': 'x', 'thisN': 24, 'thisTrialN': 0, 'thisRepN': 6}>
63.1463 	DATA 	Keypress: z
63.1611 	EXP 	fixation: autoDraw = False
63.1611 	EXP 	line1: autoDraw = False
63.1611 	EXP 	line_2: autoDraw = False
63.1611 	EXP 	line_3: autoDraw = False
63.1611 	EXP 	line4: autoDraw = False
63.1611 	EXP 	probe: autoDraw = False
63.1611 	EXP 	fixation: autoDraw = True
63.3615 	EXP 	Device response: <KeyPress from None: t=63.13191800000004, value=z, duration=0.2263401000000158>
64.1445 	EXP 	line1: autoDraw = True
64.1445 	EXP 	line_2: autoDraw = True
64.1445 	EXP 	line_3: autoDraw = True
64.1445 	EXP 	line4: autoDraw = True
64.1611 	EXP 	fixation: autoDraw = False
65.1446 	INFO 	Keyboard events cleared
65.1444 	EXP 	probe: autoDraw = True
65.6949 	EXP 	Device response: <KeyPress from None: t=65.68482600000004, value=x, duration=None>
65.6953 	EXP 	New trial (rep=6, index=1): <Trial 25 (1 in rep 6) data={'pos': np.int64(150), 'corr_resp': 'v', 'thisN': 25, 'thisTrialN': 1, 'thisRepN': 6}>
65.6968 	DATA 	Keypress: x
65.7110 	EXP 	fixation: autoDraw = False
65.7110 	EXP 	line1: autoDraw = False
65.7110 	EXP 	line_2: autoDraw = False
65.7110 	EXP 	line_3: autoDraw = False
65.7110 	EXP 	line4: autoDraw = False
65.7110 	EXP 	probe: autoDraw = False
65.7110 	EXP 	fixation: autoDraw = True
65.8951 	EXP 	Device response: <KeyPress from None: t=65.68482600000004, value=x, duration=0.2086103000000321>
66.6945 	EXP 	line1: autoDraw = True
66.6945 	EXP 	line_2: autoDraw = True
66.6945 	EXP 	line_3: autoDraw = True
66.6945 	EXP 	line4: autoDraw = True
66.7110 	EXP 	fixation: autoDraw = False
67.6943 	INFO 	Keyboard events cleared
67.6941 	EXP 	probe: autoDraw = True
67.9955 	EXP 	Device response: <KeyPress from None: t=67.98258850000002, value=v, duration=None>
67.9959 	EXP 	New trial (rep=6, index=2): <Trial 26 (2 in rep 6) data={'pos': np.int64(50), 'corr_resp': 'c', 'thisN': 26, 'thisTrialN': 2, 'thisRepN': 6}>
67.9972 	DATA 	Keypress: v
68.0113 	EXP 	fixation: autoDraw = False
68.0113 	EXP 	line1: autoDraw = False
68.0113 	EXP 	line_2: autoDraw = False
68.0113 	EXP 	line_3: autoDraw = False
68.0113 	EXP 	line4: autoDraw = False
68.0113 	EXP 	probe: autoDraw = False
68.0113 	EXP 	fixation: autoDraw = True
68.1615 	EXP 	Device response: <KeyPress from None: t=67.98258850000002, value=v, duration=0.17216259999997874>
69.0114 	EXP 	fixation: autoDraw = False
69.0114 	EXP 	line1: autoDraw = True
69.0114 	EXP 	line_2: autoDraw = True
69.0114 	EXP 	line_3: autoDraw = True
69.0114 	EXP 	line4: autoDraw = True
70.0115 	INFO 	Keyboard events cleared
70.0113 	EXP 	probe: autoDraw = True
70.4614 	EXP 	Device response: <KeyPress from None: t=70.45653620000007, value=c, duration=None>
70.4617 	EXP 	New trial (rep=6, index=3): <Trial 27 (3 in rep 6) data={'pos': np.int64(-150), 'corr_resp': 'z', 'thisN': 27, 'thisTrialN': 3, 'thisRepN': 6}>
70.4630 	DATA 	Keypress: c
70.4775 	EXP 	fixation: autoDraw = False
70.4775 	EXP 	line1: autoDraw = False
70.4775 	EXP 	line_2: autoDraw = False
70.4775 	EXP 	line_3: autoDraw = False
70.4775 	EXP 	line4: autoDraw = False
70.4775 	EXP 	probe: autoDraw = False
70.4775 	EXP 	fixation: autoDraw = True
70.6449 	EXP 	Device response: <KeyPress from None: t=70.45653620000007, value=c, duration=0.1770212999999785>
71.4610 	EXP 	line1: autoDraw = True
71.4610 	EXP 	line_2: autoDraw = True
71.4610 	EXP 	line_3: autoDraw = True
71.4610 	EXP 	line4: autoDraw = True
71.4779 	EXP 	fixation: autoDraw = False
72.4621 	INFO 	Keyboard events cleared
72.4618 	EXP 	probe: autoDraw = True
73.0619 	EXP 	Device response: <KeyPress from None: t=73.05508329999998, value=z, duration=None>
73.0623 	EXP 	New trial (rep=7, index=0): <Trial 28 (0 in rep 7) data={'pos': np.int64(-50), 'corr_resp': 'x', 'thisN': 28, 'thisTrialN': 0, 'thisRepN': 7}>
73.0639 	DATA 	Keypress: z
73.0775 	EXP 	fixation: autoDraw = False
73.0775 	EXP 	line1: autoDraw = False
73.0775 	EXP 	line_2: autoDraw = False
73.0775 	EXP 	line_3: autoDraw = False
73.0775 	EXP 	line4: autoDraw = False
73.0775 	EXP 	probe: autoDraw = False
73.0775 	EXP 	fixation: autoDraw = True
73.2275 	EXP 	Device response: <KeyPress from None: t=73.05508329999998, value=z, duration=0.17059390000008534>
74.0778 	EXP 	fixation: autoDraw = False
74.0778 	EXP 	line1: autoDraw = True
74.0778 	EXP 	line_2: autoDraw = True
74.0778 	EXP 	line_3: autoDraw = True
74.0778 	EXP 	line4: autoDraw = True
75.0777 	INFO 	Keyboard events cleared
75.0775 	EXP 	probe: autoDraw = True
76.1454 	EXP 	Device response: <KeyPress from None: t=76.13829129999999, value=x, duration=None>
76.1458 	EXP 	New trial (rep=7, index=1): <Trial 29 (1 in rep 7) data={'pos': np.int64(150), 'corr_resp': 'v', 'thisN': 29, 'thisTrialN': 1, 'thisRepN': 7}>
76.1471 	DATA 	Keypress: x
76.1610 	EXP 	fixation: autoDraw = False
76.1610 	EXP 	line1: autoDraw = False
76.1610 	EXP 	line_2: autoDraw = False
76.1610 	EXP 	line_3: autoDraw = False
76.1610 	EXP 	line4: autoDraw = False
76.1610 	EXP 	probe: autoDraw = False
76.1610 	EXP 	fixation: autoDraw = True
76.2950 	EXP 	Device response: <KeyPress from None: t=76.13829129999999, value=x, duration=0.15031570000007832>
77.1611 	EXP 	fixation: autoDraw = False
77.1611 	EXP 	line1: autoDraw = True
77.1611 	EXP 	line_2: autoDraw = True
77.1611 	EXP 	line_3: autoDraw = True
77.1611 	EXP 	line4: autoDraw = True
78.1613 	INFO 	Keyboard events cleared
78.1611 	EXP 	probe: autoDraw = True
78.5954 	EXP 	Device response: <KeyPress from None: t=78.58368580000001, value=v, duration=None>
78.5958 	EXP 	New trial (rep=7, index=2): <Trial 30 (2 in rep 7) data={'pos': np.int64(50), 'corr_resp': 'c', 'thisN': 30, 'thisTrialN': 2, 'thisRepN': 7}>
78.5971 	DATA 	Keypress: v
78.6107 	EXP 	fixation: autoDraw = False
78.6107 	EXP 	line1: autoDraw = False
78.6107 	EXP 	line_2: autoDraw = False
78.6107 	EXP 	line_3: autoDraw = False
78.6107 	EXP 	line4: autoDraw = False
78.6107 	EXP 	probe: autoDraw = False
78.6107 	EXP 	fixation: autoDraw = True
78.7781 	EXP 	Device response: <KeyPress from None: t=78.58368580000001, value=v, duration=0.19060730000001058>
79.6110 	EXP 	fixation: autoDraw = False
79.6110 	EXP 	line1: autoDraw = True
79.6110 	EXP 	line_2: autoDraw = True
79.6110 	EXP 	line_3: autoDraw = True
79.6110 	EXP 	line4: autoDraw = True
80.6109 	INFO 	Keyboard events cleared
80.6106 	EXP 	probe: autoDraw = True
81.0285 	EXP 	Device response: <KeyPress from None: t=81.02376019999997, value=c, duration=None>
81.0289 	EXP 	New trial (rep=7, index=3): <Trial 31 (3 in rep 7) data={'pos': np.int64(-150), 'corr_resp': 'z', 'thisN': 31, 'thisTrialN': 3, 'thisRepN': 7}>
81.0302 	DATA 	Keypress: c
81.0448 	EXP 	fixation: autoDraw = False
81.0448 	EXP 	line1: autoDraw = False
81.0448 	EXP 	line_2: autoDraw = False
81.0448 	EXP 	line_3: autoDraw = False
81.0448 	EXP 	line4: autoDraw = False
81.0448 	EXP 	probe: autoDraw = False
81.0448 	EXP 	fixation: autoDraw = True
81.2281 	EXP 	Device response: <KeyPress from None: t=81.02376019999997, value=c, duration=0.18922330000009424>
82.0440 	EXP 	line1: autoDraw = True
82.0440 	EXP 	line_2: autoDraw = True
82.0440 	EXP 	line_3: autoDraw = True
82.0440 	EXP 	line4: autoDraw = True
82.0609 	EXP 	fixation: autoDraw = False
83.0446 	INFO 	Keyboard events cleared
83.0444 	EXP 	probe: autoDraw = True
83.5789 	EXP 	Device response: <KeyPress from None: t=83.57446279999999, value=z, duration=None>
83.5793 	EXP 	New trial (rep=8, index=0): <Trial 32 (0 in rep 8) data={'pos': np.int64(-50), 'corr_resp': 'x', 'thisN': 32, 'thisTrialN': 0, 'thisRepN': 8}>
83.5807 	DATA 	Keypress: z
83.5943 	EXP 	fixation: autoDraw = False
83.5943 	EXP 	line1: autoDraw = False
83.5943 	EXP 	line_2: autoDraw = False
83.5943 	EXP 	line_3: autoDraw = False
83.5943 	EXP 	line4: autoDraw = False
83.5943 	EXP 	probe: autoDraw = False
83.5943 	EXP 	fixation: autoDraw = True
83.7943 	EXP 	Device response: <KeyPress from None: t=83.57446279999999, value=z, duration=0.2056340999999975>
84.5939 	EXP 	fixation: autoDraw = False
84.5939 	EXP 	line1: autoDraw = True
84.5939 	EXP 	line_2: autoDraw = True
84.5939 	EXP 	line_3: autoDraw = True
84.5939 	EXP 	line4: autoDraw = True
85.5780 	INFO 	Keyboard events cleared
85.5778 	EXP 	probe: autoDraw = True
86.0620 	EXP 	Device response: <KeyPress from None: t=86.05224859999998, value=x, duration=None>
86.0625 	EXP 	New trial (rep=8, index=1): <Trial 33 (1 in rep 8) data={'pos': np.int64(150), 'corr_resp': 'v', 'thisN': 33, 'thisTrialN': 1, 'thisRepN': 8}>
86.0639 	DATA 	Keypress: x
86.0778 	EXP 	fixation: autoDraw = False
86.0778 	EXP 	line1: autoDraw = False
86.0778 	EXP 	line_2: autoDraw = False
86.0778 	EXP 	line_3: autoDraw = False
86.0778 	EXP 	line4: autoDraw = False
86.0778 	EXP 	probe: autoDraw = False
86.0778 	EXP 	fixation: autoDraw = True
86.2454 	EXP 	Device response: <KeyPress from None: t=86.05224859999998, value=x, duration=0.19183540000005905>
87.0613 	EXP 	line1: autoDraw = True
87.0613 	EXP 	line_2: autoDraw = True
87.0613 	EXP 	line_3: autoDraw = True
87.0613 	EXP 	line4: autoDraw = True
87.0778 	EXP 	fixation: autoDraw = False
88.0783 	INFO 	Keyboard events cleared
88.0782 	EXP 	probe: autoDraw = True
88.4293 	EXP 	Device response: <KeyPress from None: t=88.41495670000006, value=v, duration=None>
88.4297 	EXP 	New trial (rep=8, index=2): <Trial 34 (2 in rep 8) data={'pos': np.int64(50), 'corr_resp': 'c', 'thisN': 34, 'thisTrialN': 2, 'thisRepN': 8}>
88.4311 	DATA 	Keypress: v
88.4451 	EXP 	fixation: autoDraw = False
88.4451 	EXP 	line1: autoDraw = False
88.4451 	EXP 	line_2: autoDraw = False
88.4451 	EXP 	line_3: autoDraw = False
88.4451 	EXP 	line4: autoDraw = False
88.4451 	EXP 	probe: autoDraw = False
88.4451 	EXP 	fixation: autoDraw = True
88.6122 	EXP 	Device response: <KeyPress from None: t=88.41495670000006, value=v, duration=0.195883199999912>
89.4444 	EXP 	fixation: autoDraw = False
89.4444 	EXP 	line1: autoDraw = True
89.4444 	EXP 	line_2: autoDraw = True
89.4444 	EXP 	line_3: autoDraw = True
89.4444 	EXP 	line4: autoDraw = True
90.4449 	INFO 	Keyboard events cleared
90.4447 	EXP 	probe: autoDraw = True
91.0958 	EXP 	Device response: <KeyPress from None: t=91.09050990000003, value=c, duration=None>
91.0962 	EXP 	New trial (rep=8, index=3): <Trial 35 (3 in rep 8) data={'pos': np.int64(-150), 'corr_resp': 'z', 'thisN': 35, 'thisTrialN': 3, 'thisRepN': 8}>
91.0978 	DATA 	Keypress: c
91.1107 	EXP 	fixation: autoDraw = False
91.1107 	EXP 	line1: autoDraw = False
91.1107 	EXP 	line_2: autoDraw = False
91.1107 	EXP 	line_3: autoDraw = False
91.1107 	EXP 	line4: autoDraw = False
91.1107 	EXP 	probe: autoDraw = False
91.1107 	EXP 	fixation: autoDraw = True
91.2616 	EXP 	Device response: <KeyPress from None: t=91.09050990000003, value=c, duration=0.16251439999996364>
92.1107 	EXP 	fixation: autoDraw = False
92.1107 	EXP 	line1: autoDraw = True
92.1107 	EXP 	line_2: autoDraw = True
92.1107 	EXP 	line_3: autoDraw = True
92.1107 	EXP 	line4: autoDraw = True
93.1117 	INFO 	Keyboard events cleared
93.1115 	EXP 	probe: autoDraw = True
93.4454 	EXP 	Device response: <KeyPress from None: t=93.43425660000003, value=x, duration=None>
93.4458 	EXP 	New trial (rep=9, index=0): <Trial 36 (0 in rep 9) data={'pos': np.int64(-50), 'corr_resp': 'x', 'thisN': 36, 'thisTrialN': 0, 'thisRepN': 9}>
93.4473 	DATA 	Keypress: x
93.4607 	EXP 	fixation: autoDraw = False
93.4607 	EXP 	line1: autoDraw = False
93.4607 	EXP 	line_2: autoDraw = False
93.4607 	EXP 	line_3: autoDraw = False
93.4607 	EXP 	line4: autoDraw = False
93.4607 	EXP 	probe: autoDraw = False
93.4607 	EXP 	fixation: autoDraw = True
93.5784 	EXP 	Device response: <KeyPress from None: t=93.43425660000003, value=x, duration=0.13460880000002362>
94.4612 	EXP 	fixation: autoDraw = False
94.4612 	EXP 	line1: autoDraw = True
94.4612 	EXP 	line_2: autoDraw = True
94.4612 	EXP 	line_3: autoDraw = True
94.4612 	EXP 	line4: autoDraw = True
95.4606 	INFO 	Keyboard events cleared
95.4605 	EXP 	probe: autoDraw = True
96.0944 	EXP 	Device response: <KeyPress from None: t=96.08504060000007, value=x, duration=None>
96.0949 	EXP 	New trial (rep=9, index=1): <Trial 37 (1 in rep 9) data={'pos': np.int64(150), 'corr_resp': 'v', 'thisN': 37, 'thisTrialN': 1, 'thisRepN': 9}>
96.0963 	DATA 	Keypress: x
96.1107 	EXP 	fixation: autoDraw = False
96.1107 	EXP 	line1: autoDraw = False
96.1107 	EXP 	line_2: autoDraw = False
96.1107 	EXP 	line_3: autoDraw = False
96.1107 	EXP 	line4: autoDraw = False
96.1107 	EXP 	probe: autoDraw = False
96.1107 	EXP 	fixation: autoDraw = True
96.2778 	EXP 	Device response: <KeyPress from None: t=96.08504060000007, value=x, duration=0.17966389999992316>
97.0938 	EXP 	line1: autoDraw = True
97.0938 	EXP 	line_2: autoDraw = True
97.0938 	EXP 	line_3: autoDraw = True
97.0938 	EXP 	line4: autoDraw = True
97.1107 	EXP 	fixation: autoDraw = False
98.0951 	INFO 	Keyboard events cleared
98.0949 	EXP 	probe: autoDraw = True
98.4119 	EXP 	Device response: <KeyPress from None: t=98.40234350000003, value=v, duration=None>
98.4122 	EXP 	New trial (rep=9, index=2): <Trial 38 (2 in rep 9) data={'pos': np.int64(50), 'corr_resp': 'c', 'thisN': 38, 'thisTrialN': 2, 'thisRepN': 9}>
98.4135 	DATA 	Keypress: v
98.4270 	EXP 	fixation: autoDraw = False
98.4270 	EXP 	line1: autoDraw = False
98.4270 	EXP 	line_2: autoDraw = False
98.4270 	EXP 	line_3: autoDraw = False
98.4270 	EXP 	line4: autoDraw = False
98.4270 	EXP 	probe: autoDraw = False
98.4270 	EXP 	fixation: autoDraw = True
98.5950 	EXP 	Device response: <KeyPress from None: t=98.40234350000003, value=v, duration=0.18981299999995827>
99.4279 	EXP 	fixation: autoDraw = False
99.4279 	EXP 	line1: autoDraw = True
99.4279 	EXP 	line_2: autoDraw = True
99.4279 	EXP 	line_3: autoDraw = True
99.4279 	EXP 	line4: autoDraw = True
100.4281 	INFO 	Keyboard events cleared
100.4279 	EXP 	probe: autoDraw = True
100.8619 	EXP 	Device response: <KeyPress from None: t=100.85057280000001, value=c, duration=None>
100.8622 	EXP 	New trial (rep=9, index=3): <Trial 39 (3 in rep 9) data={'pos': np.int64(-150), 'corr_resp': 'z', 'thisN': 39, 'thisTrialN': 3, 'thisRepN': 9}>
100.8636 	DATA 	Keypress: c
100.8773 	EXP 	fixation: autoDraw = False
100.8773 	EXP 	line1: autoDraw = False
100.8773 	EXP 	line_2: autoDraw = False
100.8773 	EXP 	line_3: autoDraw = False
100.8773 	EXP 	line4: autoDraw = False
100.8773 	EXP 	probe: autoDraw = False
100.8773 	EXP 	fixation: autoDraw = True
101.0451 	EXP 	Device response: <KeyPress from None: t=100.85057280000001, value=c, duration=0.18311440000002221>
101.8613 	EXP 	line1: autoDraw = True
101.8613 	EXP 	line_2: autoDraw = True
101.8613 	EXP 	line_3: autoDraw = True
101.8613 	EXP 	line4: autoDraw = True
101.8789 	EXP 	fixation: autoDraw = False
102.8784 	INFO 	Keyboard events cleared
102.8782 	EXP 	probe: autoDraw = True
103.3787 	EXP 	Device response: <KeyPress from None: t=103.36801839999998, value=z, duration=None>
103.3792 	EXP 	New trial (rep=10, index=0): <Trial 40 (0 in rep 10) data={'pos': np.int64(-50), 'corr_resp': 'x', 'thisN': 40, 'thisTrialN': 0, 'thisRepN': 10}>
103.3805 	DATA 	Keypress: z
103.3946 	EXP 	fixation: autoDraw = False
103.3946 	EXP 	line1: autoDraw = False
103.3946 	EXP 	line_2: autoDraw = False
103.3946 	EXP 	line_3: autoDraw = False
103.3946 	EXP 	line4: autoDraw = False
103.3946 	EXP 	probe: autoDraw = False
103.3946 	EXP 	fixation: autoDraw = True
103.5790 	EXP 	Device response: <KeyPress from None: t=103.36801839999998, value=z, duration=0.20093630000008034>
104.3946 	EXP 	fixation: autoDraw = False
104.3946 	EXP 	line1: autoDraw = True
104.3946 	EXP 	line_2: autoDraw = True
104.3946 	EXP 	line_3: autoDraw = True
104.3946 	EXP 	line4: autoDraw = True
105.3953 	INFO 	Keyboard events cleared
105.3951 	EXP 	probe: autoDraw = True
105.7118 	EXP 	Device response: <KeyPress from None: t=105.71138080000003, value=x, duration=None>
105.7122 	EXP 	New trial (rep=10, index=1): <Trial 41 (1 in rep 10) data={'pos': np.int64(150), 'corr_resp': 'v', 'thisN': 41, 'thisTrialN': 1, 'thisRepN': 10}>
105.7136 	DATA 	Keypress: x
105.7279 	EXP 	fixation: autoDraw = False
105.7279 	EXP 	line1: autoDraw = False
105.7279 	EXP 	line_2: autoDraw = False
105.7279 	EXP 	line_3: autoDraw = False
105.7279 	EXP 	line4: autoDraw = False
105.7279 	EXP 	probe: autoDraw = False
105.7279 	EXP 	fixation: autoDraw = True
105.8952 	EXP 	Device response: <KeyPress from None: t=105.71138080000003, value=x, duration=0.17029379999996763>
106.7106 	EXP 	line1: autoDraw = True
106.7106 	EXP 	line_2: autoDraw = True
106.7106 	EXP 	line_3: autoDraw = True
106.7106 	EXP 	line4: autoDraw = True
106.7271 	EXP 	fixation: autoDraw = False
107.7116 	INFO 	Keyboard events cleared
107.7114 	EXP 	probe: autoDraw = True
107.9956 	EXP 	Device response: <KeyPress from None: t=107.9844488, value=v, duration=None>
107.9960 	EXP 	New trial (rep=10, index=2): <Trial 42 (2 in rep 10) data={'pos': np.int64(50), 'corr_resp': 'c', 'thisN': 42, 'thisTrialN': 2, 'thisRepN': 10}>
107.9976 	DATA 	Keypress: v
108.0105 	EXP 	fixation: autoDraw = False
108.0105 	EXP 	line1: autoDraw = False
108.0105 	EXP 	line_2: autoDraw = False
108.0105 	EXP 	line_3: autoDraw = False
108.0105 	EXP 	line4: autoDraw = False
108.0105 	EXP 	probe: autoDraw = False
108.0105 	EXP 	fixation: autoDraw = True
108.1612 	EXP 	Device response: <KeyPress from None: t=107.9844488, value=v, duration=0.17222590000005766>
108.9946 	EXP 	line1: autoDraw = True
108.9946 	EXP 	line_2: autoDraw = True
108.9946 	EXP 	line_3: autoDraw = True
108.9946 	EXP 	line4: autoDraw = True
109.0106 	EXP 	fixation: autoDraw = False
109.9948 	INFO 	Keyboard events cleared
109.9946 	EXP 	probe: autoDraw = True
110.3612 	EXP 	Device response: <KeyPress from None: t=110.35464850000005, value=c, duration=None>
110.3616 	EXP 	New trial (rep=10, index=3): <Trial 43 (3 in rep 10) data={'pos': np.int64(-150), 'corr_resp': 'z', 'thisN': 43, 'thisTrialN': 3, 'thisRepN': 10}>
110.3631 	DATA 	Keypress: c
110.3772 	EXP 	fixation: autoDraw = False
110.3772 	EXP 	line1: autoDraw = False
110.3772 	EXP 	line_2: autoDraw = False
110.3772 	EXP 	line_3: autoDraw = False
110.3772 	EXP 	line4: autoDraw = False
110.3772 	EXP 	probe: autoDraw = False
110.3772 	EXP 	fixation: autoDraw = True
110.5619 	EXP 	Device response: <KeyPress from None: t=110.35464850000005, value=c, duration=0.20548519999999826>
111.3619 	EXP 	line1: autoDraw = True
111.3619 	EXP 	line_2: autoDraw = True
111.3619 	EXP 	line_3: autoDraw = True
111.3619 	EXP 	line4: autoDraw = True
111.3772 	EXP 	fixation: autoDraw = False
112.3607 	INFO 	Keyboard events cleared
112.3606 	EXP 	probe: autoDraw = True
112.6618 	EXP 	Device response: <KeyPress from None: t=112.65150490000008, value=z, duration=None>
112.6622 	EXP 	New trial (rep=11, index=0): <Trial 44 (0 in rep 11) data={'pos': np.int64(-50), 'corr_resp': 'x', 'thisN': 44, 'thisTrialN': 0, 'thisRepN': 11}>
112.6636 	DATA 	Keypress: z
112.6771 	EXP 	fixation: autoDraw = False
112.6771 	EXP 	line1: autoDraw = False
112.6771 	EXP 	line_2: autoDraw = False
112.6771 	EXP 	line_3: autoDraw = False
112.6771 	EXP 	line4: autoDraw = False
112.6771 	EXP 	probe: autoDraw = False
112.6771 	EXP 	fixation: autoDraw = True
112.8776 	EXP 	Device response: <KeyPress from None: t=112.65150490000008, value=z, duration=0.2107603999999128>
113.6613 	EXP 	line1: autoDraw = True
113.6613 	EXP 	line_2: autoDraw = True
113.6613 	EXP 	line_3: autoDraw = True
113.6613 	EXP 	line4: autoDraw = True
113.6780 	EXP 	fixation: autoDraw = False
114.6615 	INFO 	Keyboard events cleared
114.6613 	EXP 	probe: autoDraw = True
114.9621 	EXP 	Device response: <KeyPress from None: t=114.96099379999998, value=x, duration=None>
114.9625 	EXP 	New trial (rep=11, index=1): <Trial 45 (1 in rep 11) data={'pos': np.int64(150), 'corr_resp': 'v', 'thisN': 45, 'thisTrialN': 1, 'thisRepN': 11}>
114.9638 	DATA 	Keypress: x
114.9771 	EXP 	fixation: autoDraw = False
114.9771 	EXP 	line1: autoDraw = False
114.9771 	EXP 	line_2: autoDraw = False
114.9771 	EXP 	line_3: autoDraw = False
114.9771 	EXP 	line4: autoDraw = False
114.9771 	EXP 	probe: autoDraw = False
114.9771 	EXP 	fixation: autoDraw = True
115.0783 	EXP 	Device response: <KeyPress from None: t=114.96099379999998, value=x, duration=0.10143630000004578>
115.9613 	EXP 	line1: autoDraw = True
115.9613 	EXP 	line_2: autoDraw = True
115.9613 	EXP 	line_3: autoDraw = True
115.9613 	EXP 	line4: autoDraw = True
115.9780 	EXP 	fixation: autoDraw = False
116.3115 	EXP 	Device response: <KeyPress from None: t=116.30599360000008, value=v, duration=None>
116.3129 	DATA 	Keypress: v
116.5285 	EXP 	Device response: <KeyPress from None: t=116.30599360000008, value=v, duration=0.21261009999989255>
116.9781 	INFO 	Keyboard events cleared
116.9779 	EXP 	probe: autoDraw = True
117.2280 	EXP 	Device response: <KeyPress from None: t=117.22611649999999, value=v, duration=None>
117.2284 	EXP 	New trial (rep=11, index=2): <Trial 46 (2 in rep 11) data={'pos': np.int64(50), 'corr_resp': 'c', 'thisN': 46, 'thisTrialN': 2, 'thisRepN': 11}>
117.2298 	DATA 	Keypress: v
117.2441 	EXP 	fixation: autoDraw = False
117.2441 	EXP 	line1: autoDraw = False
117.2441 	EXP 	line_2: autoDraw = False
117.2441 	EXP 	line_3: autoDraw = False
117.2441 	EXP 	line4: autoDraw = False
117.2441 	EXP 	probe: autoDraw = False
117.2441 	EXP 	fixation: autoDraw = True
117.4114 	EXP 	Device response: <KeyPress from None: t=117.22611649999999, value=v, duration=0.17040850000000773>
118.2281 	EXP 	line1: autoDraw = True
118.2281 	EXP 	line_2: autoDraw = True
118.2281 	EXP 	line_3: autoDraw = True
118.2281 	EXP 	line4: autoDraw = True
118.2451 	EXP 	fixation: autoDraw = False
119.1285 	EXP 	Device response: <KeyPress from None: t=119.126078, value=c, duration=None>
119.1302 	DATA 	Keypress: c
119.2283 	INFO 	Keyboard events cleared
119.2281 	EXP 	probe: autoDraw = True
119.2946 	EXP 	Device response: <KeyPress from None: t=119.126078, value=c, duration=0.16713340000001153>
119.6788 	EXP 	Device response: <KeyPress from None: t=119.67409970000006, value=c, duration=None>
119.6794 	EXP 	New trial (rep=11, index=3): <Trial 47 (3 in rep 11) data={'pos': np.int64(-150), 'corr_resp': 'z', 'thisN': 47, 'thisTrialN': 3, 'thisRepN': 11}>
119.6811 	DATA 	Keypress: c
119.6953 	EXP 	fixation: autoDraw = False
119.6953 	EXP 	line1: autoDraw = False
119.6953 	EXP 	line_2: autoDraw = False
119.6953 	EXP 	line_3: autoDraw = False
119.6953 	EXP 	line4: autoDraw = False
119.6953 	EXP 	probe: autoDraw = False
119.6953 	EXP 	fixation: autoDraw = True
119.8783 	EXP 	Device response: <KeyPress from None: t=119.67409970000006, value=c, duration=0.18880369999999402>
120.6948 	EXP 	fixation: autoDraw = False
120.6948 	EXP 	line1: autoDraw = True
120.6948 	EXP 	line_2: autoDraw = True
120.6948 	EXP 	line_3: autoDraw = True
120.6948 	EXP 	line4: autoDraw = True
121.5769 	EXP 	Device response: <KeyPress from None: t=121.56192250000004, value=z, duration=None>
121.5786 	DATA 	Keypress: z
121.6936 	INFO 	Keyboard events cleared
121.6934 	EXP 	probe: autoDraw = True
121.7604 	EXP 	Device response: <KeyPress from None: t=121.56192250000004, value=z, duration=0.19790369999998347>
122.0433 	EXP 	Device response: <KeyPress from None: t=122.03443979999997, value=z, duration=None>
122.0436 	EXP 	New trial (rep=12, index=0): <Trial 48 (0 in rep 12) data={'pos': np.int64(-50), 'corr_resp': 'x', 'thisN': 48, 'thisTrialN': 0, 'thisRepN': 12}>
122.0452 	DATA 	Keypress: z
122.0603 	EXP 	fixation: autoDraw = False
122.0603 	EXP 	line1: autoDraw = False
122.0603 	EXP 	line_2: autoDraw = False
122.0603 	EXP 	line_3: autoDraw = False
122.0603 	EXP 	line4: autoDraw = False
122.0603 	EXP 	probe: autoDraw = False
122.0603 	EXP 	fixation: autoDraw = True
122.2096 	EXP 	Device response: <KeyPress from None: t=122.03443979999997, value=z, duration=0.1688525000000709>
123.0440 	EXP 	line1: autoDraw = True
123.0440 	EXP 	line_2: autoDraw = True
123.0440 	EXP 	line_3: autoDraw = True
123.0440 	EXP 	line4: autoDraw = True
123.0611 	EXP 	fixation: autoDraw = False
124.0441 	INFO 	Keyboard events cleared
124.0439 	EXP 	probe: autoDraw = True
124.3128 	DATA 	Keypress: x
124.3281 	EXP 	Device response: <KeyPress from None: t=124.31194090000008, value=x, duration=None>
124.3285 	EXP 	New trial (rep=12, index=1): <Trial 49 (1 in rep 12) data={'pos': np.int64(150), 'corr_resp': 'v', 'thisN': 49, 'thisTrialN': 1, 'thisRepN': 12}>
124.3438 	EXP 	fixation: autoDraw = False
124.3438 	EXP 	line1: autoDraw = False
124.3438 	EXP 	line_2: autoDraw = False
124.3438 	EXP 	line_3: autoDraw = False
124.3438 	EXP 	line4: autoDraw = False
124.3438 	EXP 	probe: autoDraw = False
124.3438 	EXP 	fixation: autoDraw = True
124.4445 	EXP 	Device response: <KeyPress from None: t=124.31194090000008, value=x, duration=0.12496479999992971>
125.3288 	EXP 	line1: autoDraw = True
125.3288 	EXP 	line_2: autoDraw = True
125.3288 	EXP 	line_3: autoDraw = True
125.3288 	EXP 	line4: autoDraw = True
125.3446 	EXP 	fixation: autoDraw = False
126.3284 	INFO 	Keyboard events cleared
126.3283 	EXP 	probe: autoDraw = True
126.6451 	EXP 	Device response: <KeyPress from None: t=126.63250449999998, value=v, duration=None>
126.6456 	EXP 	New trial (rep=12, index=2): <Trial 50 (2 in rep 12) data={'pos': np.int64(50), 'corr_resp': 'c', 'thisN': 50, 'thisTrialN': 2, 'thisRepN': 12}>
126.6471 	DATA 	Keypress: v
126.6615 	EXP 	fixation: autoDraw = False
126.6615 	EXP 	line1: autoDraw = False
126.6615 	EXP 	line_2: autoDraw = False
126.6615 	EXP 	line_3: autoDraw = False
126.6615 	EXP 	line4: autoDraw = False
126.6615 	EXP 	probe: autoDraw = False
126.6615 	EXP 	fixation: autoDraw = True
126.8116 	EXP 	Device response: <KeyPress from None: t=126.63250449999998, value=v, duration=0.16789950000008957>
127.6446 	EXP 	line1: autoDraw = True
127.6446 	EXP 	line_2: autoDraw = True
127.6446 	EXP 	line_3: autoDraw = True
127.6446 	EXP 	line4: autoDraw = True
127.6625 	EXP 	fixation: autoDraw = False
128.6451 	INFO 	Keyboard events cleared
128.6450 	EXP 	probe: autoDraw = True
129.0116 	EXP 	Device response: <KeyPress from None: t=128.99995180000008, value=c, duration=None>
129.0120 	EXP 	New trial (rep=12, index=3): <Trial 51 (3 in rep 12) data={'pos': np.int64(-150), 'corr_resp': 'z', 'thisN': 51, 'thisTrialN': 3, 'thisRepN': 12}>
129.0137 	DATA 	Keypress: c
129.0281 	EXP 	fixation: autoDraw = False
129.0281 	EXP 	line1: autoDraw = False
129.0281 	EXP 	line_2: autoDraw = False
129.0281 	EXP 	line_3: autoDraw = False
129.0281 	EXP 	line4: autoDraw = False
129.0281 	EXP 	probe: autoDraw = False
129.0281 	EXP 	fixation: autoDraw = True
129.1797 	EXP 	Device response: <KeyPress from None: t=128.99995180000008, value=c, duration=0.1768409999999676>
130.0109 	EXP 	line1: autoDraw = True
130.0109 	EXP 	line_2: autoDraw = True
130.0109 	EXP 	line_3: autoDraw = True
130.0109 	EXP 	line4: autoDraw = True
130.0283 	EXP 	fixation: autoDraw = False
130.5297 	DATA 	Keypress: z
130.5448 	EXP 	Device response: <KeyPress from None: t=130.5287955, value=z, duration=None>
130.7287 	EXP 	Device response: <KeyPress from None: t=130.5287955, value=z, duration=0.19204339999998865>
131.0115 	INFO 	Keyboard events cleared
131.0114 	EXP 	probe: autoDraw = True
131.2786 	EXP 	Device response: <KeyPress from None: t=131.27802700000007, value=z, duration=None>
131.2791 	EXP 	New trial (rep=13, index=0): <Trial 52 (0 in rep 13) data={'pos': np.int64(-50), 'corr_resp': 'x', 'thisN': 52, 'thisTrialN': 0, 'thisRepN': 13}>
131.2805 	DATA 	Keypress: z
131.2944 	EXP 	fixation: autoDraw = False
131.2944 	EXP 	line1: autoDraw = False
131.2944 	EXP 	line_2: autoDraw = False
131.2944 	EXP 	line_3: autoDraw = False
131.2944 	EXP 	line4: autoDraw = False
131.2944 	EXP 	probe: autoDraw = False
131.2944 	EXP 	fixation: autoDraw = True
131.4955 	EXP 	Device response: <KeyPress from None: t=131.27802700000007, value=z, duration=0.2012777999999571>
132.2950 	EXP 	fixation: autoDraw = False
132.2950 	EXP 	line1: autoDraw = True
132.2950 	EXP 	line_2: autoDraw = True
132.2950 	EXP 	line_3: autoDraw = True
132.2950 	EXP 	line4: autoDraw = True
133.1965 	DATA 	Keypress: x
133.2121 	EXP 	Device response: <KeyPress from None: t=133.19557880000002, value=x, duration=None>
133.2779 	INFO 	Keyboard events cleared
133.2777 	EXP 	probe: autoDraw = True
133.3283 	EXP 	Device response: <KeyPress from None: t=133.19557880000002, value=x, duration=0.12502589999996871>
133.8285 	EXP 	Device response: <KeyPress from None: t=133.82067419999998, value=x, duration=None>
133.8291 	EXP 	New trial (rep=13, index=1): <Trial 53 (1 in rep 13) data={'pos': np.int64(150), 'corr_resp': 'v', 'thisN': 53, 'thisTrialN': 1, 'thisRepN': 13}>
133.8306 	DATA 	Keypress: x
133.8448 	EXP 	fixation: autoDraw = False
133.8448 	EXP 	line1: autoDraw = False
133.8448 	EXP 	line_2: autoDraw = False
133.8448 	EXP 	line_3: autoDraw = False
133.8448 	EXP 	line4: autoDraw = False
133.8448 	EXP 	probe: autoDraw = False
133.8448 	EXP 	fixation: autoDraw = True
133.9790 	EXP 	Device response: <KeyPress from None: t=133.82067419999998, value=x, duration=0.15153060000000096>
134.8445 	EXP 	fixation: autoDraw = False
134.8445 	EXP 	line1: autoDraw = True
134.8445 	EXP 	line_2: autoDraw = True
134.8445 	EXP 	line_3: autoDraw = True
134.8445 	EXP 	line4: autoDraw = True
135.8429 	INFO 	Keyboard events cleared
135.8428 	EXP 	probe: autoDraw = True
136.5618 	EXP 	Device response: <KeyPress from None: t=136.55905589999998, value=v, duration=None>
136.5622 	EXP 	New trial (rep=13, index=2): <Trial 54 (2 in rep 13) data={'pos': np.int64(50), 'corr_resp': 'c', 'thisN': 54, 'thisTrialN': 2, 'thisRepN': 13}>
136.5636 	DATA 	Keypress: v
136.5775 	EXP 	fixation: autoDraw = False
136.5775 	EXP 	line1: autoDraw = False
136.5775 	EXP 	line_2: autoDraw = False
136.5775 	EXP 	line_3: autoDraw = False
136.5775 	EXP 	line4: autoDraw = False
136.5775 	EXP 	probe: autoDraw = False
136.5775 	EXP 	fixation: autoDraw = True
136.7623 	EXP 	Device response: <KeyPress from None: t=136.55905589999998, value=v, duration=0.19951350000008006>
137.5614 	EXP 	line1: autoDraw = True
137.5614 	EXP 	line_2: autoDraw = True
137.5614 	EXP 	line_3: autoDraw = True
137.5614 	EXP 	line4: autoDraw = True
137.5784 	EXP 	fixation: autoDraw = False
138.5610 	INFO 	Keyboard events cleared
138.5607 	EXP 	probe: autoDraw = True
139.0303 	DATA 	Keypress: c
139.0446 	EXP 	Device response: <KeyPress from None: t=139.02871420000008, value=c, duration=None>
139.0450 	EXP 	New trial (rep=13, index=3): <Trial 55 (3 in rep 13) data={'pos': np.int64(-150), 'corr_resp': 'z', 'thisN': 55, 'thisTrialN': 3, 'thisRepN': 13}>
139.0612 	EXP 	fixation: autoDraw = False
139.0612 	EXP 	line1: autoDraw = False
139.0612 	EXP 	line_2: autoDraw = False
139.0612 	EXP 	line_3: autoDraw = False
139.0612 	EXP 	line4: autoDraw = False
139.0612 	EXP 	probe: autoDraw = False
139.0612 	EXP 	fixation: autoDraw = True
139.2616 	EXP 	Device response: <KeyPress from None: t=139.02871420000008, value=c, duration=0.22389329999998608>
140.0449 	EXP 	line1: autoDraw = True
140.0449 	EXP 	line_2: autoDraw = True
140.0449 	EXP 	line_3: autoDraw = True
140.0449 	EXP 	line4: autoDraw = True
140.0616 	EXP 	fixation: autoDraw = False
141.0450 	INFO 	Keyboard events cleared
141.0448 	EXP 	probe: autoDraw = True
141.3447 	EXP 	Device response: <KeyPress from None: t=141.33186420000004, value=z, duration=None>
141.3451 	EXP 	New trial (rep=14, index=0): <Trial 56 (0 in rep 14) data={'pos': np.int64(-50), 'corr_resp': 'x', 'thisN': 56, 'thisTrialN': 0, 'thisRepN': 14}>
141.3464 	DATA 	Keypress: z
141.3623 	EXP 	fixation: autoDraw = False
141.3623 	EXP 	line1: autoDraw = False
141.3623 	EXP 	line_2: autoDraw = False
141.3623 	EXP 	line_3: autoDraw = False
141.3623 	EXP 	line4: autoDraw = False
141.3623 	EXP 	probe: autoDraw = False
141.3623 	EXP 	fixation: autoDraw = True
141.4948 	EXP 	Device response: <KeyPress from None: t=141.33186420000004, value=z, duration=0.15765030000000024>
142.3455 	EXP 	line1: autoDraw = True
142.3455 	EXP 	line_2: autoDraw = True
142.3455 	EXP 	line_3: autoDraw = True
142.3455 	EXP 	line4: autoDraw = True
142.3615 	EXP 	fixation: autoDraw = False
143.3454 	INFO 	Keyboard events cleared
143.3452 	EXP 	probe: autoDraw = True
143.6456 	EXP 	Device response: <KeyPress from None: t=143.63855650000005, value=x, duration=None>
143.6460 	EXP 	New trial (rep=14, index=1): <Trial 57 (1 in rep 14) data={'pos': np.int64(150), 'corr_resp': 'v', 'thisN': 57, 'thisTrialN': 1, 'thisRepN': 14}>
143.6476 	DATA 	Keypress: x
143.6607 	EXP 	fixation: autoDraw = False
143.6607 	EXP 	line1: autoDraw = False
143.6607 	EXP 	line_2: autoDraw = False
143.6607 	EXP 	line_3: autoDraw = False
143.6607 	EXP 	line4: autoDraw = False
143.6607 	EXP 	probe: autoDraw = False
143.6607 	EXP 	fixation: autoDraw = True
143.7787 	EXP 	Device response: <KeyPress from None: t=143.63855650000005, value=x, duration=0.13746229999992465>
144.6451 	EXP 	line1: autoDraw = True
144.6451 	EXP 	line_2: autoDraw = True
144.6451 	EXP 	line_3: autoDraw = True
144.6451 	EXP 	line4: autoDraw = True
144.6617 	EXP 	fixation: autoDraw = False
145.6620 	INFO 	Keyboard events cleared
145.6618 	EXP 	probe: autoDraw = True
145.8620 	EXP 	Device response: <KeyPress from None: t=145.85144830000002, value=c, duration=None>
145.8624 	EXP 	New trial (rep=14, index=2): <Trial 58 (2 in rep 14) data={'pos': np.int64(50), 'corr_resp': 'c', 'thisN': 58, 'thisTrialN': 2, 'thisRepN': 14}>
145.8639 	DATA 	Keypress: c
145.8775 	EXP 	fixation: autoDraw = False
145.8775 	EXP 	line1: autoDraw = False
145.8775 	EXP 	line_2: autoDraw = False
145.8775 	EXP 	line_3: autoDraw = False
145.8775 	EXP 	line4: autoDraw = False
145.8775 	EXP 	probe: autoDraw = False
145.8775 	EXP 	fixation: autoDraw = True
146.0117 	EXP 	Device response: <KeyPress from None: t=145.85144830000002, value=c, duration=0.15613429999996242>
146.8785 	EXP 	fixation: autoDraw = False
146.8785 	EXP 	line1: autoDraw = True
146.8785 	EXP 	line_2: autoDraw = True
146.8785 	EXP 	line_3: autoDraw = True
146.8785 	EXP 	line4: autoDraw = True
147.8783 	INFO 	Keyboard events cleared
147.8781 	EXP 	probe: autoDraw = True
148.3308 	DATA 	Keypress: c
148.3447 	EXP 	Device response: <KeyPress from None: t=148.32997890000001, value=c, duration=None>
148.3451 	EXP 	New trial (rep=14, index=3): <Trial 59 (3 in rep 14) data={'pos': np.int64(-150), 'corr_resp': 'z', 'thisN': 59, 'thisTrialN': 3, 'thisRepN': 14}>
148.3608 	EXP 	fixation: autoDraw = False
148.3608 	EXP 	line1: autoDraw = False
148.3608 	EXP 	line_2: autoDraw = False
148.3608 	EXP 	line_3: autoDraw = False
148.3608 	EXP 	line4: autoDraw = False
148.3608 	EXP 	probe: autoDraw = False
148.3608 	EXP 	fixation: autoDraw = True
148.5288 	EXP 	Device response: <KeyPress from None: t=148.32997890000001, value=c, duration=0.19423730000005435>
149.3442 	EXP 	line1: autoDraw = True
149.3442 	EXP 	line_2: autoDraw = True
149.3442 	EXP 	line_3: autoDraw = True
149.3442 	EXP 	line4: autoDraw = True
149.3623 	EXP 	fixation: autoDraw = False
150.3447 	INFO 	Keyboard events cleared
150.3445 	EXP 	probe: autoDraw = True
150.7603 	EXP 	Device response: <KeyPress from None: t=150.75436750000006, value=x, duration=None>
150.7607 	EXP 	New trial (rep=15, index=0): <Trial 60 (0 in rep 15) data={'pos': np.int64(-50), 'corr_resp': 'x', 'thisN': 60, 'thisTrialN': 0, 'thisRepN': 15}>
150.7623 	DATA 	Keypress: x
150.7759 	EXP 	fixation: autoDraw = False
150.7759 	EXP 	line1: autoDraw = False
150.7759 	EXP 	line_2: autoDraw = False
150.7759 	EXP 	line_3: autoDraw = False
150.7759 	EXP 	line4: autoDraw = False
150.7759 	EXP 	probe: autoDraw = False
150.7759 	EXP 	fixation: autoDraw = True
150.9437 	EXP 	Device response: <KeyPress from None: t=150.75436750000006, value=x, duration=0.1866807000000108>
151.7623 	EXP 	line1: autoDraw = True
151.7623 	EXP 	line_2: autoDraw = True
151.7623 	EXP 	line_3: autoDraw = True
151.7623 	EXP 	line4: autoDraw = True
151.7785 	EXP 	fixation: autoDraw = False
152.5098 	EXP 	Device response: <KeyPress from None: t=152.50241979999998, value=z, duration=None>
152.5116 	DATA 	Keypress: z
152.7099 	EXP 	Device response: <KeyPress from None: t=152.50241979999998, value=z, duration=0.19345350000003236>
152.7600 	INFO 	Keyboard events cleared
152.7599 	EXP 	probe: autoDraw = True
153.1630 	EXP 	Device response: <KeyPress from None: t=153.1485146, value=z, duration=None>
153.1634 	EXP 	New trial (rep=15, index=1): <Trial 61 (1 in rep 15) data={'pos': np.int64(150), 'corr_resp': 'v', 'thisN': 61, 'thisTrialN': 1, 'thisRepN': 15}>
153.1650 	DATA 	Keypress: z
153.1783 	EXP 	fixation: autoDraw = False
153.1783 	EXP 	line1: autoDraw = False
153.1783 	EXP 	line_2: autoDraw = False
153.1783 	EXP 	line_3: autoDraw = False
153.1783 	EXP 	line4: autoDraw = False
153.1783 	EXP 	probe: autoDraw = False
153.1783 	EXP 	fixation: autoDraw = True
153.3117 	EXP 	Device response: <KeyPress from None: t=153.1485146, value=z, duration=0.16224320000003445>
154.1784 	EXP 	fixation: autoDraw = False
154.1784 	EXP 	line1: autoDraw = True
154.1784 	EXP 	line_2: autoDraw = True
154.1784 	EXP 	line_3: autoDraw = True
154.1784 	EXP 	line4: autoDraw = True
155.1762 	INFO 	Keyboard events cleared
155.1761 	EXP 	probe: autoDraw = True
155.6615 	EXP 	Device response: <KeyPress from None: t=155.65687480000008, value=v, duration=None>
155.6619 	EXP 	New trial (rep=15, index=2): <Trial 62 (2 in rep 15) data={'pos': np.int64(50), 'corr_resp': 'c', 'thisN': 62, 'thisTrialN': 2, 'thisRepN': 15}>
155.6632 	DATA 	Keypress: v
155.6775 	EXP 	fixation: autoDraw = False
155.6775 	EXP 	line1: autoDraw = False
155.6775 	EXP 	line_2: autoDraw = False
155.6775 	EXP 	line_3: autoDraw = False
155.6775 	EXP 	line4: autoDraw = False
155.6775 	EXP 	probe: autoDraw = False
155.6775 	EXP 	fixation: autoDraw = True
155.8450 	EXP 	Device response: <KeyPress from None: t=155.65687480000008, value=v, duration=0.18410009999990962>
156.6607 	EXP 	line1: autoDraw = True
156.6607 	EXP 	line_2: autoDraw = True
156.6607 	EXP 	line_3: autoDraw = True
156.6607 	EXP 	line4: autoDraw = True
156.6776 	EXP 	fixation: autoDraw = False
157.0290 	EXP 	Device response: <KeyPress from None: t=157.02717180000002, value=c, duration=None>
157.0304 	DATA 	Keypress: c
157.2948 	EXP 	Device response: <KeyPress from None: t=157.02717180000002, value=c, duration=0.25217589999999745>
157.6617 	INFO 	Keyboard events cleared
157.6615 	EXP 	probe: autoDraw = True
158.0311 	DATA 	Keypress: c
158.0452 	EXP 	Device response: <KeyPress from None: t=158.0291674, value=c, duration=None>
158.0456 	EXP 	New trial (rep=15, index=3): <Trial 63 (3 in rep 15) data={'pos': np.int64(-150), 'corr_resp': 'z', 'thisN': 63, 'thisTrialN': 3, 'thisRepN': 15}>
158.0607 	EXP 	fixation: autoDraw = False
158.0607 	EXP 	line1: autoDraw = False
158.0607 	EXP 	line_2: autoDraw = False
158.0607 	EXP 	line_3: autoDraw = False
158.0607 	EXP 	line4: autoDraw = False
158.0607 	EXP 	probe: autoDraw = False
158.0607 	EXP 	fixation: autoDraw = True
158.2118 	EXP 	Device response: <KeyPress from None: t=158.0291674, value=c, duration=0.18171080000001893>
159.0595 	EXP 	line1: autoDraw = True
159.0595 	EXP 	line_2: autoDraw = True
159.0595 	EXP 	line_3: autoDraw = True
159.0595 	EXP 	line4: autoDraw = True
159.0760 	EXP 	fixation: autoDraw = False
159.3613 	EXP 	Device response: <KeyPress from None: t=159.3489009, value=z, duration=None>
159.3628 	DATA 	Keypress: z
159.6099 	EXP 	Device response: <KeyPress from None: t=159.3489009, value=z, duration=0.24673030000008112>
160.0593 	INFO 	Keyboard events cleared
160.0592 	EXP 	probe: autoDraw = True
160.6458 	EXP 	Device response: <KeyPress from None: t=160.6392882, value=z, duration=None>
160.6461 	EXP 	New trial (rep=16, index=0): <Trial 64 (0 in rep 16) data={'pos': np.int64(-50), 'corr_resp': 'x', 'thisN': 64, 'thisTrialN': 0, 'thisRepN': 16}>
160.6481 	DATA 	Keypress: z
160.6612 	EXP 	fixation: autoDraw = False
160.6612 	EXP 	line1: autoDraw = False
160.6612 	EXP 	line_2: autoDraw = False
160.6612 	EXP 	line_3: autoDraw = False
160.6612 	EXP 	line4: autoDraw = False
160.6612 	EXP 	probe: autoDraw = False
160.6612 	EXP 	fixation: autoDraw = True
160.8113 	EXP 	Device response: <KeyPress from None: t=160.6392882, value=z, duration=0.1612128000000439>
161.6459 	EXP 	line1: autoDraw = True
161.6459 	EXP 	line_2: autoDraw = True
161.6459 	EXP 	line_3: autoDraw = True
161.6459 	EXP 	line4: autoDraw = True
161.6614 	EXP 	fixation: autoDraw = False
162.6618 	INFO 	Keyboard events cleared
162.6616 	EXP 	probe: autoDraw = True
162.9983 	DATA 	Keypress: x
163.0120 	EXP 	Device response: <KeyPress from None: t=162.99728800000003, value=x, duration=None>
163.0123 	EXP 	New trial (rep=16, index=1): <Trial 65 (1 in rep 16) data={'pos': np.int64(150), 'corr_resp': 'v', 'thisN': 65, 'thisTrialN': 1, 'thisRepN': 16}>
163.0277 	EXP 	fixation: autoDraw = False
163.0277 	EXP 	line1: autoDraw = False
163.0277 	EXP 	line_2: autoDraw = False
163.0277 	EXP 	line_3: autoDraw = False
163.0277 	EXP 	line4: autoDraw = False
163.0277 	EXP 	probe: autoDraw = False
163.0277 	EXP 	fixation: autoDraw = True
163.1613 	EXP 	Device response: <KeyPress from None: t=162.99728800000003, value=x, duration=0.156005700000037>
164.0115 	EXP 	line1: autoDraw = True
164.0115 	EXP 	line_2: autoDraw = True
164.0115 	EXP 	line_3: autoDraw = True
164.0115 	EXP 	line4: autoDraw = True
164.0284 	EXP 	fixation: autoDraw = False
164.3946 	EXP 	Device response: <KeyPress from None: t=164.3846046, value=c, duration=None>
164.3962 	DATA 	Keypress: c
164.5450 	EXP 	Device response: <KeyPress from None: t=164.3846046, value=c, duration=0.15216730000008738>
165.0120 	INFO 	Keyboard events cleared
165.0118 	EXP 	probe: autoDraw = True
165.6630 	EXP 	Device response: <KeyPress from None: t=165.65758949999997, value=v, duration=None>
165.6634 	EXP 	New trial (rep=16, index=2): <Trial 66 (2 in rep 16) data={'pos': np.int64(50), 'corr_resp': 'c', 'thisN': 66, 'thisTrialN': 2, 'thisRepN': 16}>
165.6647 	DATA 	Keypress: v
165.6775 	EXP 	fixation: autoDraw = False
165.6775 	EXP 	line1: autoDraw = False
165.6775 	EXP 	line_2: autoDraw = False
165.6775 	EXP 	line_3: autoDraw = False
165.6775 	EXP 	line4: autoDraw = False
165.6775 	EXP 	probe: autoDraw = False
165.6775 	EXP 	fixation: autoDraw = True
165.9122 	EXP 	Device response: <KeyPress from None: t=165.65758949999997, value=v, duration=0.2501270000000204>
166.6781 	EXP 	fixation: autoDraw = False
166.6781 	EXP 	line1: autoDraw = True
166.6781 	EXP 	line_2: autoDraw = True
166.6781 	EXP 	line_3: autoDraw = True
166.6781 	EXP 	line4: autoDraw = True
167.6788 	INFO 	Keyboard events cleared
167.6786 	EXP 	probe: autoDraw = True
168.0997 	DATA 	Keypress: z
168.1116 	EXP 	Device response: <KeyPress from None: t=168.09793990000003, value=z, duration=None>
168.1119 	EXP 	New trial (rep=16, index=3): <Trial 67 (3 in rep 16) data={'pos': np.int64(-150), 'corr_resp': 'z', 'thisN': 67, 'thisTrialN': 3, 'thisRepN': 16}>
168.1277 	EXP 	fixation: autoDraw = False
168.1277 	EXP 	line1: autoDraw = False
168.1277 	EXP 	line_2: autoDraw = False
168.1277 	EXP 	line_3: autoDraw = False
168.1277 	EXP 	line4: autoDraw = False
168.1277 	EXP 	probe: autoDraw = False
168.1277 	EXP 	fixation: autoDraw = True
168.3285 	EXP 	Device response: <KeyPress from None: t=168.09793990000003, value=z, duration=0.2274833999999828>
169.1117 	EXP 	line1: autoDraw = True
169.1117 	EXP 	line_2: autoDraw = True
169.1117 	EXP 	line_3: autoDraw = True
169.1117 	EXP 	line4: autoDraw = True
169.1277 	EXP 	fixation: autoDraw = False
170.1122 	INFO 	Keyboard events cleared
170.1120 	EXP 	probe: autoDraw = True
170.7614 	EXP 	Device response: <KeyPress from None: t=170.7468434, value=c, duration=None>
170.7618 	EXP 	New trial (rep=17, index=0): <Trial 68 (0 in rep 17) data={'pos': np.int64(-50), 'corr_resp': 'x', 'thisN': 68, 'thisTrialN': 0, 'thisRepN': 17}>
170.7633 	DATA 	Keypress: c
170.7777 	EXP 	fixation: autoDraw = False
170.7777 	EXP 	line1: autoDraw = False
170.7777 	EXP 	line_2: autoDraw = False
170.7777 	EXP 	line_3: autoDraw = False
170.7777 	EXP 	line4: autoDraw = False
170.7777 	EXP 	probe: autoDraw = False
170.7777 	EXP 	fixation: autoDraw = True
170.9123 	EXP 	Device response: <KeyPress from None: t=170.7468434, value=c, duration=0.1578246000000263>
171.7616 	EXP 	line1: autoDraw = True
171.7616 	EXP 	line_2: autoDraw = True
171.7616 	EXP 	line_3: autoDraw = True
171.7616 	EXP 	line4: autoDraw = True
171.7778 	EXP 	fixation: autoDraw = False
172.7764 	INFO 	Keyboard events cleared
172.7762 	EXP 	probe: autoDraw = True
173.1437 	EXP 	Device response: <KeyPress from None: t=173.12895230000004, value=z, duration=None>
173.1441 	EXP 	New trial (rep=17, index=1): <Trial 69 (1 in rep 17) data={'pos': np.int64(150), 'corr_resp': 'v', 'thisN': 69, 'thisTrialN': 1, 'thisRepN': 17}>
173.1454 	DATA 	Keypress: z
173.1599 	EXP 	fixation: autoDraw = False
173.1599 	EXP 	line1: autoDraw = False
173.1599 	EXP 	line_2: autoDraw = False
173.1599 	EXP 	line_3: autoDraw = False
173.1599 	EXP 	line4: autoDraw = False
173.1599 	EXP 	probe: autoDraw = False
173.1599 	EXP 	fixation: autoDraw = True
173.3282 	EXP 	Device response: <KeyPress from None: t=173.12895230000004, value=z, duration=0.188651899999968>
174.1446 	EXP 	line1: autoDraw = True
174.1446 	EXP 	line_2: autoDraw = True
174.1446 	EXP 	line_3: autoDraw = True
174.1446 	EXP 	line4: autoDraw = True
174.1610 	EXP 	fixation: autoDraw = False
175.1452 	INFO 	Keyboard events cleared
175.1450 	EXP 	probe: autoDraw = True
175.5287 	EXP 	Device response: <KeyPress from None: t=175.52568110000004, value=v, duration=None>
175.5292 	EXP 	New trial (rep=17, index=2): <Trial 70 (2 in rep 17) data={'pos': np.int64(50), 'corr_resp': 'c', 'thisN': 70, 'thisTrialN': 2, 'thisRepN': 17}>
175.5307 	DATA 	Keypress: v
175.5446 	EXP 	fixation: autoDraw = False
175.5446 	EXP 	line1: autoDraw = False
175.5446 	EXP 	line_2: autoDraw = False
175.5446 	EXP 	line_3: autoDraw = False
175.5446 	EXP 	line4: autoDraw = False
175.5446 	EXP 	probe: autoDraw = False
175.5446 	EXP 	fixation: autoDraw = True
175.7284 	EXP 	Device response: <KeyPress from None: t=175.52568110000004, value=v, duration=0.19012980000002244>
176.5435 	EXP 	line1: autoDraw = True
176.5435 	EXP 	line_2: autoDraw = True
176.5435 	EXP 	line_3: autoDraw = True
176.5435 	EXP 	line4: autoDraw = True
176.5601 	EXP 	fixation: autoDraw = False
177.5430 	INFO 	Keyboard events cleared
177.5428 	EXP 	probe: autoDraw = True
177.8764 	EXP 	Device response: <KeyPress from None: t=177.87385300000005, value=c, duration=None>
177.8767 	EXP 	New trial (rep=17, index=3): <Trial 71 (3 in rep 17) data={'pos': np.int64(-150), 'corr_resp': 'z', 'thisN': 71, 'thisTrialN': 3, 'thisRepN': 17}>
177.8778 	DATA 	Keypress: c
177.8925 	EXP 	fixation: autoDraw = False
177.8925 	EXP 	line1: autoDraw = False
177.8925 	EXP 	line_2: autoDraw = False
177.8925 	EXP 	line_3: autoDraw = False
177.8925 	EXP 	line4: autoDraw = False
177.8925 	EXP 	probe: autoDraw = False
177.8925 	EXP 	fixation: autoDraw = True
178.1098 	EXP 	Device response: <KeyPress from None: t=177.87385300000005, value=c, duration=0.2318996999999854>
178.8760 	EXP 	line1: autoDraw = True
178.8760 	EXP 	line_2: autoDraw = True
178.8760 	EXP 	line_3: autoDraw = True
178.8760 	EXP 	line4: autoDraw = True
178.8925 	EXP 	fixation: autoDraw = False
179.8759 	INFO 	Keyboard events cleared
179.8758 	EXP 	probe: autoDraw = True
180.5288 	DATA 	Keypress: z
180.5435 	EXP 	Device response: <KeyPress from None: t=180.52824580000004, value=z, duration=None>
180.5439 	EXP 	New trial (rep=18, index=0): <Trial 72 (0 in rep 18) data={'pos': np.int64(-50), 'corr_resp': 'x', 'thisN': 72, 'thisTrialN': 0, 'thisRepN': 18}>
180.5595 	EXP 	fixation: autoDraw = False
180.5595 	EXP 	line1: autoDraw = False
180.5595 	EXP 	line_2: autoDraw = False
180.5595 	EXP 	line_3: autoDraw = False
180.5595 	EXP 	line4: autoDraw = False
180.5595 	EXP 	probe: autoDraw = False
180.5595 	EXP 	fixation: autoDraw = True
180.7431 	EXP 	Device response: <KeyPress from None: t=180.52824580000004, value=z, duration=0.2078771000000188>
181.5597 	EXP 	fixation: autoDraw = False
181.5597 	EXP 	line1: autoDraw = True
181.5597 	EXP 	line_2: autoDraw = True
181.5597 	EXP 	line_3: autoDraw = True
181.5597 	EXP 	line4: autoDraw = True
182.5433 	INFO 	Keyboard events cleared
182.5431 	EXP 	probe: autoDraw = True
183.8267 	EXP 	Device response: <KeyPress from None: t=183.81951120000008, value=x, duration=None>
183.8271 	EXP 	New trial (rep=18, index=1): <Trial 73 (1 in rep 18) data={'pos': np.int64(150), 'corr_resp': 'v', 'thisN': 73, 'thisTrialN': 1, 'thisRepN': 18}>
183.8284 	DATA 	Keypress: x
183.8431 	EXP 	fixation: autoDraw = False
183.8431 	EXP 	line1: autoDraw = False
183.8431 	EXP 	line_2: autoDraw = False
183.8431 	EXP 	line_3: autoDraw = False
183.8431 	EXP 	line4: autoDraw = False
183.8431 	EXP 	probe: autoDraw = False
183.8431 	EXP 	fixation: autoDraw = True
183.9598 	EXP 	Device response: <KeyPress from None: t=183.81951120000008, value=x, duration=0.12858079999989513>
184.8263 	EXP 	line1: autoDraw = True
184.8263 	EXP 	line_2: autoDraw = True
184.8263 	EXP 	line_3: autoDraw = True
184.8263 	EXP 	line4: autoDraw = True
184.8432 	EXP 	fixation: autoDraw = False
185.8271 	INFO 	Keyboard events cleared
185.8270 	EXP 	probe: autoDraw = True
186.2274 	EXP 	Device response: <KeyPress from None: t=186.22681020000005, value=v, duration=None>
186.2277 	EXP 	New trial (rep=18, index=2): <Trial 74 (2 in rep 18) data={'pos': np.int64(50), 'corr_resp': 'c', 'thisN': 74, 'thisTrialN': 2, 'thisRepN': 18}>
186.2289 	DATA 	Keypress: v
186.2441 	EXP 	fixation: autoDraw = False
186.2441 	EXP 	line1: autoDraw = False
186.2441 	EXP 	line_2: autoDraw = False
186.2441 	EXP 	line_3: autoDraw = False
186.2441 	EXP 	line4: autoDraw = False
186.2441 	EXP 	probe: autoDraw = False
186.2441 	EXP 	fixation: autoDraw = True
186.4765 	EXP 	Device response: <KeyPress from None: t=186.22681020000005, value=v, duration=0.24307179999993878>
187.0765 	EXP 	Device response: <KeyPress from None: t=187.06404020000002, value=z, duration=None>
187.0776 	DATA 	Keypress: z
187.2101 	EXP 	Device response: <KeyPress from None: t=187.06404020000002, value=z, duration=0.13681940000003578>
187.2429 	EXP 	fixation: autoDraw = False
187.2429 	EXP 	line1: autoDraw = True
187.2429 	EXP 	line_2: autoDraw = True
187.2429 	EXP 	line_3: autoDraw = True
187.2429 	EXP 	line4: autoDraw = True
188.2430 	INFO 	Keyboard events cleared
188.2428 	EXP 	probe: autoDraw = True
188.6767 	EXP 	Device response: <KeyPress from None: t=188.67037370000003, value=c, duration=None>
188.6771 	EXP 	New trial (rep=18, index=3): <Trial 75 (3 in rep 18) data={'pos': np.int64(-150), 'corr_resp': 'z', 'thisN': 75, 'thisTrialN': 3, 'thisRepN': 18}>
188.6787 	DATA 	Keypress: c
188.6932 	EXP 	fixation: autoDraw = False
188.6932 	EXP 	line1: autoDraw = False
188.6932 	EXP 	line_2: autoDraw = False
188.6932 	EXP 	line_3: autoDraw = False
188.6932 	EXP 	line4: autoDraw = False
188.6932 	EXP 	probe: autoDraw = False
188.6932 	EXP 	fixation: autoDraw = True
188.8768 	EXP 	Device response: <KeyPress from None: t=188.67037370000003, value=c, duration=0.1998082999999724>
189.6767 	EXP 	line1: autoDraw = True
189.6767 	EXP 	line_2: autoDraw = True
189.6767 	EXP 	line_3: autoDraw = True
189.6767 	EXP 	line4: autoDraw = True
189.6935 	EXP 	fixation: autoDraw = False
190.6762 	INFO 	Keyboard events cleared
190.6761 	EXP 	probe: autoDraw = True
191.3117 	DATA 	Keypress: z
191.3267 	EXP 	Device response: <KeyPress from None: t=191.30995210000003, value=z, duration=None>
191.3270 	EXP 	New trial (rep=19, index=0): <Trial 76 (0 in rep 19) data={'pos': np.int64(-50), 'corr_resp': 'x', 'thisN': 76, 'thisTrialN': 0, 'thisRepN': 19}>
191.3429 	EXP 	fixation: autoDraw = False
191.3429 	EXP 	line1: autoDraw = False
191.3429 	EXP 	line_2: autoDraw = False
191.3429 	EXP 	line_3: autoDraw = False
191.3429 	EXP 	line4: autoDraw = False
191.3429 	EXP 	probe: autoDraw = False
191.3429 	EXP 	fixation: autoDraw = True
191.4947 	EXP 	Device response: <KeyPress from None: t=191.30995210000003, value=z, duration=0.16960579999999936>
192.3268 	EXP 	line1: autoDraw = True
192.3268 	EXP 	line_2: autoDraw = True
192.3268 	EXP 	line_3: autoDraw = True
192.3268 	EXP 	line4: autoDraw = True
192.3452 	EXP 	fixation: autoDraw = False
193.3263 	INFO 	Keyboard events cleared
193.3262 	EXP 	probe: autoDraw = True
194.2614 	EXP 	Device response: <KeyPress from None: t=194.25799040000004, value=x, duration=None>
194.2617 	EXP 	New trial (rep=19, index=1): <Trial 77 (1 in rep 19) data={'pos': np.int64(150), 'corr_resp': 'v', 'thisN': 77, 'thisTrialN': 1, 'thisRepN': 19}>
194.2631 	DATA 	Keypress: x
194.2792 	EXP 	fixation: autoDraw = False
194.2792 	EXP 	line1: autoDraw = False
194.2792 	EXP 	line_2: autoDraw = False
194.2792 	EXP 	line_3: autoDraw = False
194.2792 	EXP 	line4: autoDraw = False
194.2792 	EXP 	probe: autoDraw = False
194.2792 	EXP 	fixation: autoDraw = True
194.4268 	EXP 	Device response: <KeyPress from None: t=194.25799040000004, value=x, duration=0.16771909999999934>
195.2770 	EXP 	line1: autoDraw = True
195.2770 	EXP 	line_2: autoDraw = True
195.2770 	EXP 	line_3: autoDraw = True
195.2770 	EXP 	line4: autoDraw = True
195.2939 	EXP 	fixation: autoDraw = False
196.2766 	INFO 	Keyboard events cleared
196.2765 	EXP 	probe: autoDraw = True
196.7603 	EXP 	Device response: <KeyPress from None: t=196.75675739999997, value=v, duration=None>
196.7608 	EXP 	New trial (rep=19, index=2): <Trial 78 (2 in rep 19) data={'pos': np.int64(50), 'corr_resp': 'c', 'thisN': 78, 'thisTrialN': 2, 'thisRepN': 19}>
196.7624 	DATA 	Keypress: v
196.7764 	EXP 	fixation: autoDraw = False
196.7764 	EXP 	line1: autoDraw = False
196.7764 	EXP 	line_2: autoDraw = False
196.7764 	EXP 	line_3: autoDraw = False
196.7764 	EXP 	line4: autoDraw = False
196.7764 	EXP 	probe: autoDraw = False
196.7764 	EXP 	fixation: autoDraw = True
196.9770 	EXP 	Device response: <KeyPress from None: t=196.75675739999997, value=v, duration=0.218261400000074>
197.7598 	EXP 	line1: autoDraw = True
197.7598 	EXP 	line_2: autoDraw = True
197.7598 	EXP 	line_3: autoDraw = True
197.7598 	EXP 	line4: autoDraw = True
197.7767 	EXP 	fixation: autoDraw = False
198.7609 	INFO 	Keyboard events cleared
198.7608 	EXP 	probe: autoDraw = True
199.3467 	DATA 	Keypress: c
199.3613 	EXP 	Device response: <KeyPress from None: t=199.34610700000007, value=c, duration=None>
199.3617 	EXP 	New trial (rep=19, index=3): <Trial 79 (3 in rep 19) data={'pos': np.int64(-150), 'corr_resp': 'z', 'thisN': 79, 'thisTrialN': 3, 'thisRepN': 19}>
199.3770 	EXP 	fixation: autoDraw = False
199.3770 	EXP 	line1: autoDraw = False
199.3770 	EXP 	line_2: autoDraw = False
199.3770 	EXP 	line_3: autoDraw = False
199.3770 	EXP 	line4: autoDraw = False
199.3770 	EXP 	probe: autoDraw = False
199.3770 	EXP 	fixation: autoDraw = True
199.5944 	EXP 	Device response: <KeyPress from None: t=199.34610700000007, value=c, duration=0.2444205999998985>
200.3767 	EXP 	fixation: autoDraw = False
200.3767 	EXP 	line1: autoDraw = True
200.3767 	EXP 	line_2: autoDraw = True
200.3767 	EXP 	line_3: autoDraw = True
200.3767 	EXP 	line4: autoDraw = True
201.3770 	INFO 	Keyboard events cleared
201.3768 	EXP 	probe: autoDraw = True
202.4943 	EXP 	Device response: <KeyPress from None: t=202.47990449999998, value=z, duration=None>
202.4947 	EXP 	New trial (rep=20, index=0): <Trial 80 (0 in rep 20) data={'pos': np.int64(-50), 'corr_resp': 'x', 'thisN': 80, 'thisTrialN': 0, 'thisRepN': 20}>
202.4962 	DATA 	Keypress: z
202.5103 	EXP 	fixation: autoDraw = False
202.5103 	EXP 	line1: autoDraw = False
202.5103 	EXP 	line_2: autoDraw = False
202.5103 	EXP 	line_3: autoDraw = False
202.5103 	EXP 	line4: autoDraw = False
202.5103 	EXP 	probe: autoDraw = False
202.5103 	EXP 	fixation: autoDraw = True
202.6300 	EXP 	Device response: <KeyPress from None: t=202.47990449999998, value=z, duration=0.14712330000008933>
203.5103 	EXP 	fixation: autoDraw = False
203.5103 	EXP 	line1: autoDraw = True
203.5103 	EXP 	line_2: autoDraw = True
203.5103 	EXP 	line_3: autoDraw = True
203.5103 	EXP 	line4: autoDraw = True
204.4938 	INFO 	Keyboard events cleared
204.4937 	EXP 	probe: autoDraw = True
205.1603 	EXP 	Device response: <KeyPress from None: t=205.15234610000005, value=x, duration=None>
205.1606 	EXP 	New trial (rep=20, index=1): <Trial 81 (1 in rep 20) data={'pos': np.int64(150), 'corr_resp': 'v', 'thisN': 81, 'thisTrialN': 1, 'thisRepN': 20}>
205.1619 	DATA 	Keypress: x
205.1764 	EXP 	fixation: autoDraw = False
205.1764 	EXP 	line1: autoDraw = False
205.1764 	EXP 	line_2: autoDraw = False
205.1764 	EXP 	line_3: autoDraw = False
205.1764 	EXP 	line4: autoDraw = False
205.1764 	EXP 	probe: autoDraw = False
205.1764 	EXP 	fixation: autoDraw = True
205.3605 	EXP 	Device response: <KeyPress from None: t=205.15234610000005, value=x, duration=0.19558489999997164>
206.1598 	EXP 	line1: autoDraw = True
206.1598 	EXP 	line_2: autoDraw = True
206.1598 	EXP 	line_3: autoDraw = True
206.1598 	EXP 	line4: autoDraw = True
206.1764 	EXP 	fixation: autoDraw = False
207.1600 	INFO 	Keyboard events cleared
207.1598 	EXP 	probe: autoDraw = True
207.5937 	EXP 	Device response: <KeyPress from None: t=207.59315990000005, value=v, duration=None>
207.5940 	EXP 	New trial (rep=20, index=2): <Trial 82 (2 in rep 20) data={'pos': np.int64(50), 'corr_resp': 'c', 'thisN': 82, 'thisTrialN': 2, 'thisRepN': 20}>
207.5953 	DATA 	Keypress: v
207.6097 	EXP 	fixation: autoDraw = False
207.6097 	EXP 	line1: autoDraw = False
207.6097 	EXP 	line_2: autoDraw = False
207.6097 	EXP 	line_3: autoDraw = False
207.6097 	EXP 	line4: autoDraw = False
207.6097 	EXP 	probe: autoDraw = False
207.6097 	EXP 	fixation: autoDraw = True
207.7938 	EXP 	Device response: <KeyPress from None: t=207.59315990000005, value=v, duration=0.18375430000003234>
208.5936 	EXP 	line1: autoDraw = True
208.5936 	EXP 	line_2: autoDraw = True
208.5936 	EXP 	line_3: autoDraw = True
208.5936 	EXP 	line4: autoDraw = True
208.6100 	EXP 	fixation: autoDraw = False
209.5938 	INFO 	Keyboard events cleared
209.5937 	EXP 	probe: autoDraw = True
210.4446 	EXP 	Device response: <KeyPress from None: t=210.43211329999997, value=c, duration=None>
210.4449 	EXP 	New trial (rep=20, index=3): <Trial 83 (3 in rep 20) data={'pos': np.int64(-150), 'corr_resp': 'z', 'thisN': 83, 'thisTrialN': 3, 'thisRepN': 20}>
210.4464 	DATA 	Keypress: c
210.4603 	EXP 	fixation: autoDraw = False
210.4603 	EXP 	line1: autoDraw = False
210.4603 	EXP 	line_2: autoDraw = False
210.4603 	EXP 	line_3: autoDraw = False
210.4603 	EXP 	line4: autoDraw = False
210.4603 	EXP 	probe: autoDraw = False
210.4603 	EXP 	fixation: autoDraw = True
210.6604 	EXP 	Device response: <KeyPress from None: t=210.43211329999997, value=c, duration=0.227883800000086>
211.4599 	EXP 	fixation: autoDraw = False
211.4599 	EXP 	line1: autoDraw = True
211.4599 	EXP 	line_2: autoDraw = True
211.4599 	EXP 	line_3: autoDraw = True
211.4599 	EXP 	line4: autoDraw = True
212.4605 	INFO 	Keyboard events cleared
212.4603 	EXP 	probe: autoDraw = True
213.1935 	EXP 	Device response: <KeyPress from None: t=213.18144180000002, value=z, duration=None>
213.1939 	EXP 	New trial (rep=21, index=0): <Trial 84 (0 in rep 21) data={'pos': np.int64(-50), 'corr_resp': 'x', 'thisN': 84, 'thisTrialN': 0, 'thisRepN': 21}>
213.1955 	DATA 	Keypress: z
213.2098 	EXP 	fixation: autoDraw = False
213.2098 	EXP 	line1: autoDraw = False
213.2098 	EXP 	line_2: autoDraw = False
213.2098 	EXP 	line_3: autoDraw = False
213.2098 	EXP 	line4: autoDraw = False
213.2098 	EXP 	probe: autoDraw = False
213.2098 	EXP 	fixation: autoDraw = True
213.3940 	EXP 	Device response: <KeyPress from None: t=213.18144180000002, value=z, duration=0.20282280000003539>
214.1932 	EXP 	line1: autoDraw = True
214.1932 	EXP 	line_2: autoDraw = True
214.1932 	EXP 	line_3: autoDraw = True
214.1932 	EXP 	line4: autoDraw = True
214.2100 	EXP 	fixation: autoDraw = False
215.1937 	INFO 	Keyboard events cleared
215.1936 	EXP 	probe: autoDraw = True
215.6270 	EXP 	Device response: <KeyPress from None: t=215.61286770000004, value=x, duration=None>
215.6273 	EXP 	New trial (rep=21, index=1): <Trial 85 (1 in rep 21) data={'pos': np.int64(150), 'corr_resp': 'v', 'thisN': 85, 'thisTrialN': 1, 'thisRepN': 21}>
215.6285 	DATA 	Keypress: x
215.6435 	EXP 	fixation: autoDraw = False
215.6435 	EXP 	line1: autoDraw = False
215.6435 	EXP 	line_2: autoDraw = False
215.6435 	EXP 	line_3: autoDraw = False
215.6435 	EXP 	line4: autoDraw = False
215.6435 	EXP 	probe: autoDraw = False
215.6435 	EXP 	fixation: autoDraw = True
215.7604 	EXP 	Device response: <KeyPress from None: t=215.61286770000004, value=x, duration=0.1369364999999334>
216.6269 	EXP 	line1: autoDraw = True
216.6269 	EXP 	line_2: autoDraw = True
216.6269 	EXP 	line_3: autoDraw = True
216.6269 	EXP 	line4: autoDraw = True
216.6439 	EXP 	fixation: autoDraw = False
217.6266 	INFO 	Keyboard events cleared
217.6265 	EXP 	probe: autoDraw = True
218.0430 	EXP 	Device response: <KeyPress from None: t=218.03113610000003, value=v, duration=None>
218.0433 	EXP 	New trial (rep=21, index=2): <Trial 86 (2 in rep 21) data={'pos': np.int64(50), 'corr_resp': 'c', 'thisN': 86, 'thisTrialN': 2, 'thisRepN': 21}>
218.0445 	DATA 	Keypress: v
218.0600 	EXP 	fixation: autoDraw = False
218.0600 	EXP 	line1: autoDraw = False
218.0600 	EXP 	line_2: autoDraw = False
218.0600 	EXP 	line_3: autoDraw = False
218.0600 	EXP 	line4: autoDraw = False
218.0600 	EXP 	probe: autoDraw = False
218.0600 	EXP 	fixation: autoDraw = True
218.2937 	EXP 	Device response: <KeyPress from None: t=218.03113610000003, value=v, duration=0.2588263000000097>
219.0435 	EXP 	line1: autoDraw = True
219.0435 	EXP 	line_2: autoDraw = True
219.0435 	EXP 	line_3: autoDraw = True
219.0435 	EXP 	line4: autoDraw = True
219.0600 	EXP 	fixation: autoDraw = False
220.0433 	INFO 	Keyboard events cleared
220.0432 	EXP 	probe: autoDraw = True
220.5943 	EXP 	Device response: <KeyPress from None: t=220.59279630000003, value=c, duration=None>
220.5947 	EXP 	New trial (rep=21, index=3): <Trial 87 (3 in rep 21) data={'pos': np.int64(-150), 'corr_resp': 'z', 'thisN': 87, 'thisTrialN': 3, 'thisRepN': 21}>
220.5962 	DATA 	Keypress: c
220.6099 	EXP 	fixation: autoDraw = False
220.6099 	EXP 	line1: autoDraw = False
220.6099 	EXP 	line_2: autoDraw = False
220.6099 	EXP 	line_3: autoDraw = False
220.6099 	EXP 	line4: autoDraw = False
220.6099 	EXP 	probe: autoDraw = False
220.6099 	EXP 	fixation: autoDraw = True
220.8107 	EXP 	Device response: <KeyPress from None: t=220.59279630000003, value=c, duration=0.21274259999995593>
221.5944 	EXP 	line1: autoDraw = True
221.5944 	EXP 	line_2: autoDraw = True
221.5944 	EXP 	line_3: autoDraw = True
221.5944 	EXP 	line4: autoDraw = True
221.6113 	EXP 	fixation: autoDraw = False
222.5946 	INFO 	Keyboard events cleared
222.5945 	EXP 	probe: autoDraw = True
223.8785 	EXP 	Device response: <KeyPress from None: t=223.8729492, value=z, duration=None>
223.8790 	EXP 	New trial (rep=22, index=0): <Trial 88 (0 in rep 22) data={'pos': np.int64(-50), 'corr_resp': 'x', 'thisN': 88, 'thisTrialN': 0, 'thisRepN': 22}>
223.8803 	DATA 	Keypress: z
223.8954 	EXP 	fixation: autoDraw = False
223.8954 	EXP 	line1: autoDraw = False
223.8954 	EXP 	line_2: autoDraw = False
223.8954 	EXP 	line_3: autoDraw = False
223.8954 	EXP 	line4: autoDraw = False
223.8954 	EXP 	probe: autoDraw = False
223.8954 	EXP 	fixation: autoDraw = True
224.0787 	EXP 	Device response: <KeyPress from None: t=223.8729492, value=z, duration=0.1927599000000555>
224.8788 	EXP 	line1: autoDraw = True
224.8788 	EXP 	line_2: autoDraw = True
224.8788 	EXP 	line_3: autoDraw = True
224.8788 	EXP 	line4: autoDraw = True
224.8953 	EXP 	fixation: autoDraw = False
225.8791 	INFO 	Keyboard events cleared
225.8789 	EXP 	probe: autoDraw = True
226.5624 	EXP 	Device response: <KeyPress from None: t=226.55189740000003, value=x, duration=None>
226.5627 	EXP 	New trial (rep=22, index=1): <Trial 89 (1 in rep 22) data={'pos': np.int64(150), 'corr_resp': 'v', 'thisN': 89, 'thisTrialN': 1, 'thisRepN': 22}>
226.5640 	DATA 	Keypress: x
226.5786 	EXP 	fixation: autoDraw = False
226.5786 	EXP 	line1: autoDraw = False
226.5786 	EXP 	line_2: autoDraw = False
226.5786 	EXP 	line_3: autoDraw = False
226.5786 	EXP 	line4: autoDraw = False
226.5786 	EXP 	probe: autoDraw = False
226.5786 	EXP 	fixation: autoDraw = True
226.6958 	EXP 	Device response: <KeyPress from None: t=226.55189740000003, value=x, duration=0.1409761999999546>
227.5626 	EXP 	line1: autoDraw = True
227.5626 	EXP 	line_2: autoDraw = True
227.5626 	EXP 	line_3: autoDraw = True
227.5626 	EXP 	line4: autoDraw = True
227.5782 	EXP 	fixation: autoDraw = False
228.5628 	INFO 	Keyboard events cleared
228.5626 	EXP 	probe: autoDraw = True
229.0475 	EXP 	Device response: <KeyPress from None: t=229.04140030000008, value=v, duration=None>
229.0479 	EXP 	New trial (rep=22, index=2): <Trial 90 (2 in rep 22) data={'pos': np.int64(50), 'corr_resp': 'c', 'thisN': 90, 'thisTrialN': 2, 'thisRepN': 22}>
229.0495 	DATA 	Keypress: v
229.0615 	EXP 	fixation: autoDraw = False
229.0615 	EXP 	line1: autoDraw = False
229.0615 	EXP 	line_2: autoDraw = False
229.0615 	EXP 	line_3: autoDraw = False
229.0615 	EXP 	line4: autoDraw = False
229.0615 	EXP 	probe: autoDraw = False
229.0615 	EXP 	fixation: autoDraw = True
229.2794 	EXP 	Device response: <KeyPress from None: t=229.04140030000008, value=v, duration=0.23343799999997827>
230.0622 	EXP 	fixation: autoDraw = False
230.0622 	EXP 	line1: autoDraw = True
230.0622 	EXP 	line_2: autoDraw = True
230.0622 	EXP 	line_3: autoDraw = True
230.0622 	EXP 	line4: autoDraw = True
231.0621 	INFO 	Keyboard events cleared
231.0619 	EXP 	probe: autoDraw = True
231.8122 	EXP 	Device response: <KeyPress from None: t=231.80494580000004, value=c, duration=None>
231.8126 	EXP 	New trial (rep=22, index=3): <Trial 91 (3 in rep 22) data={'pos': np.int64(-150), 'corr_resp': 'z', 'thisN': 91, 'thisTrialN': 3, 'thisRepN': 22}>
231.8139 	DATA 	Keypress: c
231.8280 	EXP 	fixation: autoDraw = False
231.8280 	EXP 	line1: autoDraw = False
231.8280 	EXP 	line_2: autoDraw = False
231.8280 	EXP 	line_3: autoDraw = False
231.8280 	EXP 	line4: autoDraw = False
231.8280 	EXP 	probe: autoDraw = False
231.8280 	EXP 	fixation: autoDraw = True
232.0123 	EXP 	Device response: <KeyPress from None: t=231.80494580000004, value=c, duration=0.1956172999999808>
232.8286 	EXP 	fixation: autoDraw = False
232.8286 	EXP 	line1: autoDraw = True
232.8286 	EXP 	line_2: autoDraw = True
232.8286 	EXP 	line_3: autoDraw = True
232.8286 	EXP 	line4: autoDraw = True
233.8119 	INFO 	Keyboard events cleared
233.8118 	EXP 	probe: autoDraw = True
234.2462 	EXP 	Device response: <KeyPress from None: t=234.2388588, value=z, duration=None>
234.2468 	EXP 	New trial (rep=23, index=0): <Trial 92 (0 in rep 23) data={'pos': np.int64(-50), 'corr_resp': 'x', 'thisN': 92, 'thisTrialN': 0, 'thisRepN': 23}>
234.2485 	DATA 	Keypress: z
234.2616 	EXP 	fixation: autoDraw = False
234.2616 	EXP 	line1: autoDraw = False
234.2616 	EXP 	line_2: autoDraw = False
234.2616 	EXP 	line_3: autoDraw = False
234.2616 	EXP 	line4: autoDraw = False
234.2616 	EXP 	probe: autoDraw = False
234.2616 	EXP 	fixation: autoDraw = True
234.4295 	EXP 	Device response: <KeyPress from None: t=234.2388588, value=z, duration=0.17469970000001922>
235.2450 	EXP 	line1: autoDraw = True
235.2450 	EXP 	line_2: autoDraw = True
235.2450 	EXP 	line_3: autoDraw = True
235.2450 	EXP 	line4: autoDraw = True
235.2621 	EXP 	fixation: autoDraw = False
236.2622 	INFO 	Keyboard events cleared
236.2621 	EXP 	probe: autoDraw = True
236.8634 	EXP 	Device response: <KeyPress from None: t=236.8624334, value=x, duration=None>
236.8638 	EXP 	New trial (rep=23, index=1): <Trial 93 (1 in rep 23) data={'pos': np.int64(150), 'corr_resp': 'v', 'thisN': 93, 'thisTrialN': 1, 'thisRepN': 23}>
236.8651 	DATA 	Keypress: x
236.8777 	EXP 	fixation: autoDraw = False
236.8777 	EXP 	line1: autoDraw = False
236.8777 	EXP 	line_2: autoDraw = False
236.8777 	EXP 	line_3: autoDraw = False
236.8777 	EXP 	line4: autoDraw = False
236.8777 	EXP 	probe: autoDraw = False
236.8777 	EXP 	fixation: autoDraw = True
237.0784 	EXP 	Device response: <KeyPress from None: t=236.8624334, value=x, duration=0.2010314000000335>
237.8778 	EXP 	fixation: autoDraw = False
237.8778 	EXP 	line1: autoDraw = True
237.8778 	EXP 	line_2: autoDraw = True
237.8778 	EXP 	line_3: autoDraw = True
237.8778 	EXP 	line4: autoDraw = True
238.8789 	INFO 	Keyboard events cleared
238.8787 	EXP 	probe: autoDraw = True
239.4290 	EXP 	Device response: <KeyPress from None: t=239.4158824, value=v, duration=None>
239.4294 	EXP 	New trial (rep=23, index=2): <Trial 94 (2 in rep 23) data={'pos': np.int64(50), 'corr_resp': 'c', 'thisN': 94, 'thisTrialN': 2, 'thisRepN': 23}>
239.4308 	DATA 	Keypress: v
239.4453 	EXP 	fixation: autoDraw = False
239.4453 	EXP 	line1: autoDraw = False
239.4453 	EXP 	line_2: autoDraw = False
239.4453 	EXP 	line_3: autoDraw = False
239.4453 	EXP 	line4: autoDraw = False
239.4453 	EXP 	probe: autoDraw = False
239.4453 	EXP 	fixation: autoDraw = True
239.6798 	EXP 	Device response: <KeyPress from None: t=239.4158824, value=v, duration=0.2555300000000216>
240.4286 	EXP 	line1: autoDraw = True
240.4286 	EXP 	line_2: autoDraw = True
240.4286 	EXP 	line_3: autoDraw = True
240.4286 	EXP 	line4: autoDraw = True
240.4460 	EXP 	fixation: autoDraw = False
241.4287 	INFO 	Keyboard events cleared
241.4285 	EXP 	probe: autoDraw = True
244.5304 	EXP 	Device response: <KeyPress from None: t=244.5250324, value=v, duration=None>
244.5308 	EXP 	New trial (rep=23, index=3): <Trial 95 (3 in rep 23) data={'pos': np.int64(-150), 'corr_resp': 'z', 'thisN': 95, 'thisTrialN': 3, 'thisRepN': 23}>
244.5323 	DATA 	Keypress: v
244.5454 	EXP 	fixation: autoDraw = False
244.5454 	EXP 	line1: autoDraw = False
244.5454 	EXP 	line_2: autoDraw = False
244.5454 	EXP 	line_3: autoDraw = False
244.5454 	EXP 	line4: autoDraw = False
244.5454 	EXP 	probe: autoDraw = False
244.5454 	EXP 	fixation: autoDraw = True
244.6124 	EXP 	Device response: <KeyPress from None: t=244.5250324, value=v, duration=0.07337519999998676>
245.5453 	EXP 	fixation: autoDraw = False
245.5453 	EXP 	line1: autoDraw = True
245.5453 	EXP 	line_2: autoDraw = True
245.5453 	EXP 	line_3: autoDraw = True
245.5453 	EXP 	line4: autoDraw = True
246.5455 	INFO 	Keyboard events cleared
246.5453 	EXP 	probe: autoDraw = True
252.5295 	EXP 	Device response: <KeyPress from None: t=252.51631180000004, value=z, duration=None>
252.5299 	EXP 	New trial (rep=24, index=0): <Trial 96 (0 in rep 24) data={'pos': np.int64(-50), 'corr_resp': 'x', 'thisN': 96, 'thisTrialN': 0, 'thisRepN': 24}>
252.5312 	DATA 	Keypress: z
252.5454 	EXP 	fixation: autoDraw = False
252.5454 	EXP 	line1: autoDraw = False
252.5454 	EXP 	line_2: autoDraw = False
252.5454 	EXP 	line_3: autoDraw = False
252.5454 	EXP 	line4: autoDraw = False
252.5454 	EXP 	probe: autoDraw = False
252.5454 	EXP 	fixation: autoDraw = True
252.6467 	EXP 	Device response: <KeyPress from None: t=252.51631180000004, value=z, duration=0.1210264000000052>
253.5447 	EXP 	fixation: autoDraw = False
253.5447 	EXP 	line1: autoDraw = True
253.5447 	EXP 	line_2: autoDraw = True
253.5447 	EXP 	line_3: autoDraw = True
253.5447 	EXP 	line4: autoDraw = True
254.5293 	INFO 	Keyboard events cleared
254.5291 	EXP 	probe: autoDraw = True
256.0125 	EXP 	Device response: <KeyPress from None: t=255.99941130000002, value=x, duration=None>
256.0129 	EXP 	New trial (rep=24, index=1): <Trial 97 (1 in rep 24) data={'pos': np.int64(150), 'corr_resp': 'v', 'thisN': 97, 'thisTrialN': 1, 'thisRepN': 24}>
256.0142 	DATA 	Keypress: x
256.0290 	EXP 	fixation: autoDraw = False
256.0290 	EXP 	line1: autoDraw = False
256.0290 	EXP 	line_2: autoDraw = False
256.0290 	EXP 	line_3: autoDraw = False
256.0290 	EXP 	line4: autoDraw = False
256.0290 	EXP 	probe: autoDraw = False
256.0290 	EXP 	fixation: autoDraw = True
256.1128 	EXP 	Device response: <KeyPress from None: t=255.99941130000002, value=x, duration=0.1019371999999521>
257.0124 	EXP 	line1: autoDraw = True
257.0124 	EXP 	line_2: autoDraw = True
257.0124 	EXP 	line_3: autoDraw = True
257.0124 	EXP 	line4: autoDraw = True
257.0289 	EXP 	fixation: autoDraw = False
258.0123 	INFO 	Keyboard events cleared
258.0121 	EXP 	probe: autoDraw = True
258.4132 	EXP 	Device response: <KeyPress from None: t=258.41260090000003, value=v, duration=None>
258.4136 	EXP 	New trial (rep=24, index=2): <Trial 98 (2 in rep 24) data={'pos': np.int64(50), 'corr_resp': 'c', 'thisN': 98, 'thisTrialN': 2, 'thisRepN': 24}>
258.4150 	DATA 	Keypress: v
258.4290 	EXP 	fixation: autoDraw = False
258.4290 	EXP 	line1: autoDraw = False
258.4290 	EXP 	line_2: autoDraw = False
258.4290 	EXP 	line_3: autoDraw = False
258.4290 	EXP 	line4: autoDraw = False
258.4290 	EXP 	probe: autoDraw = False
258.4290 	EXP 	fixation: autoDraw = True
258.6473 	EXP 	Device response: <KeyPress from None: t=258.41260090000003, value=v, duration=0.22856260000003203>
259.4298 	EXP 	fixation: autoDraw = False
259.4298 	EXP 	line1: autoDraw = True
259.4298 	EXP 	line_2: autoDraw = True
259.4298 	EXP 	line_3: autoDraw = True
259.4298 	EXP 	line4: autoDraw = True
260.4288 	INFO 	Keyboard events cleared
260.4287 	EXP 	probe: autoDraw = True
262.0622 	EXP 	Device response: <KeyPress from None: t=262.0590872, value=c, duration=None>
262.0626 	EXP 	New trial (rep=24, index=3): <Trial 99 (3 in rep 24) data={'pos': np.int64(-150), 'corr_resp': 'z', 'thisN': 99, 'thisTrialN': 3, 'thisRepN': 24}>
262.0640 	DATA 	Keypress: c
262.0780 	EXP 	fixation: autoDraw = False
262.0780 	EXP 	line1: autoDraw = False
262.0780 	EXP 	line_2: autoDraw = False
262.0780 	EXP 	line_3: autoDraw = False
262.0780 	EXP 	line4: autoDraw = False
262.0780 	EXP 	probe: autoDraw = False
262.0780 	EXP 	fixation: autoDraw = True
262.2451 	EXP 	Device response: <KeyPress from None: t=262.0590872, value=c, duration=0.17253019999998287>
263.0626 	EXP 	line1: autoDraw = True
263.0626 	EXP 	line_2: autoDraw = True
263.0626 	EXP 	line_3: autoDraw = True
263.0626 	EXP 	line4: autoDraw = True
263.0787 	EXP 	fixation: autoDraw = False
264.0621 	INFO 	Keyboard events cleared
264.0620 	EXP 	probe: autoDraw = True
264.6120 	EXP 	Device response: <KeyPress from None: t=264.5991213, value=z, duration=None>
264.6124 	EXP 	New trial (rep=25, index=0): <Trial 100 (0 in rep 25) data={'pos': np.int64(-50), 'corr_resp': 'x', 'thisN': 100, 'thisTrialN': 0, 'thisRepN': 25}>
264.6137 	DATA 	Keypress: z
264.6287 	EXP 	fixation: autoDraw = False
264.6287 	EXP 	line1: autoDraw = False
264.6287 	EXP 	line_2: autoDraw = False
264.6287 	EXP 	line_3: autoDraw = False
264.6287 	EXP 	line4: autoDraw = False
264.6287 	EXP 	probe: autoDraw = False
264.6287 	EXP 	fixation: autoDraw = True
264.8287 	EXP 	Device response: <KeyPress from None: t=264.5991213, value=z, duration=0.2166079000000991>
265.6123 	EXP 	line1: autoDraw = True
265.6123 	EXP 	line_2: autoDraw = True
265.6123 	EXP 	line_3: autoDraw = True
265.6123 	EXP 	line4: autoDraw = True
265.6287 	EXP 	fixation: autoDraw = False
266.6124 	INFO 	Keyboard events cleared
266.6123 	EXP 	probe: autoDraw = True
268.4466 	EXP 	Device response: <KeyPress from None: t=268.4414157, value=x, duration=None>
268.4470 	EXP 	New trial (rep=25, index=1): <Trial 101 (1 in rep 25) data={'pos': np.int64(150), 'corr_resp': 'v', 'thisN': 101, 'thisTrialN': 1, 'thisRepN': 25}>
268.4483 	DATA 	Keypress: x
268.4615 	EXP 	fixation: autoDraw = False
268.4615 	EXP 	line1: autoDraw = False
268.4615 	EXP 	line_2: autoDraw = False
268.4615 	EXP 	line_3: autoDraw = False
268.4615 	EXP 	line4: autoDraw = False
268.4615 	EXP 	probe: autoDraw = False
268.4615 	EXP 	fixation: autoDraw = True
268.5792 	EXP 	Device response: <KeyPress from None: t=268.4414157, value=x, duration=0.13469700000007379>
269.4624 	EXP 	fixation: autoDraw = False
269.4624 	EXP 	line1: autoDraw = True
269.4624 	EXP 	line_2: autoDraw = True
269.4624 	EXP 	line_3: autoDraw = True
269.4624 	EXP 	line4: autoDraw = True
270.4615 	INFO 	Keyboard events cleared
270.4613 	EXP 	probe: autoDraw = True
271.4627 	EXP 	Device response: <KeyPress from None: t=271.4511533, value=v, duration=None>
271.4630 	EXP 	New trial (rep=25, index=2): <Trial 102 (2 in rep 25) data={'pos': np.int64(50), 'corr_resp': 'c', 'thisN': 102, 'thisTrialN': 2, 'thisRepN': 25}>
271.4644 	DATA 	Keypress: v
271.4781 	EXP 	fixation: autoDraw = False
271.4781 	EXP 	line1: autoDraw = False
271.4781 	EXP 	line_2: autoDraw = False
271.4781 	EXP 	line_3: autoDraw = False
271.4781 	EXP 	line4: autoDraw = False
271.4781 	EXP 	probe: autoDraw = False
271.4781 	EXP 	fixation: autoDraw = True
271.6467 	EXP 	Device response: <KeyPress from None: t=271.4511533, value=v, duration=0.19007310000006328>
272.4624 	EXP 	line1: autoDraw = True
272.4624 	EXP 	line_2: autoDraw = True
272.4624 	EXP 	line_3: autoDraw = True
272.4624 	EXP 	line4: autoDraw = True
272.4791 	EXP 	fixation: autoDraw = False
273.4626 	INFO 	Keyboard events cleared
273.4624 	EXP 	probe: autoDraw = True
275.2135 	EXP 	Device response: <KeyPress from None: t=275.2117481, value=c, duration=None>
275.2139 	EXP 	New trial (rep=25, index=3): <Trial 103 (3 in rep 25) data={'pos': np.int64(-150), 'corr_resp': 'z', 'thisN': 103, 'thisTrialN': 3, 'thisRepN': 25}>
275.2152 	DATA 	Keypress: c
275.2289 	EXP 	fixation: autoDraw = False
275.2289 	EXP 	line1: autoDraw = False
275.2289 	EXP 	line_2: autoDraw = False
275.2289 	EXP 	line_3: autoDraw = False
275.2289 	EXP 	line4: autoDraw = False
275.2289 	EXP 	probe: autoDraw = False
275.2289 	EXP 	fixation: autoDraw = True
275.4142 	EXP 	Device response: <KeyPress from None: t=275.2117481, value=c, duration=0.20037790000003497>
276.2300 	EXP 	fixation: autoDraw = False
276.2300 	EXP 	line1: autoDraw = True
276.2300 	EXP 	line_2: autoDraw = True
276.2300 	EXP 	line_3: autoDraw = True
276.2300 	EXP 	line4: autoDraw = True
277.2276 	INFO 	Keyboard events cleared
277.2274 	EXP 	probe: autoDraw = True
277.7769 	EXP 	Device response: <KeyPress from None: t=277.7622765, value=z, duration=None>
277.7773 	EXP 	New trial (rep=26, index=0): <Trial 104 (0 in rep 26) data={'pos': np.int64(-50), 'corr_resp': 'x', 'thisN': 104, 'thisTrialN': 0, 'thisRepN': 26}>
277.7786 	DATA 	Keypress: z
277.7937 	EXP 	fixation: autoDraw = False
277.7937 	EXP 	line1: autoDraw = False
277.7937 	EXP 	line_2: autoDraw = False
277.7937 	EXP 	line_3: autoDraw = False
277.7937 	EXP 	line4: autoDraw = False
277.7937 	EXP 	probe: autoDraw = False
277.7937 	EXP 	fixation: autoDraw = True
278.0287 	EXP 	Device response: <KeyPress from None: t=277.7622765, value=z, duration=0.2588236000000279>
278.7784 	EXP 	line1: autoDraw = True
278.7784 	EXP 	line_2: autoDraw = True
278.7784 	EXP 	line_3: autoDraw = True
278.7784 	EXP 	line4: autoDraw = True
278.7948 	EXP 	fixation: autoDraw = False
279.7794 	INFO 	Keyboard events cleared
279.7792 	EXP 	probe: autoDraw = True
280.5621 	EXP 	Device response: <KeyPress from None: t=280.5478693, value=x, duration=None>
280.5625 	EXP 	New trial (rep=26, index=1): <Trial 105 (1 in rep 26) data={'pos': np.int64(150), 'corr_resp': 'v', 'thisN': 105, 'thisTrialN': 1, 'thisRepN': 26}>
280.5639 	DATA 	Keypress: x
280.5795 	EXP 	fixation: autoDraw = False
280.5795 	EXP 	line1: autoDraw = False
280.5795 	EXP 	line_2: autoDraw = False
280.5795 	EXP 	line_3: autoDraw = False
280.5795 	EXP 	line4: autoDraw = False
280.5795 	EXP 	probe: autoDraw = False
280.5795 	EXP 	fixation: autoDraw = True
280.7309 	EXP 	Device response: <KeyPress from None: t=280.5478693, value=x, duration=0.17932840000003125>
281.5625 	EXP 	line1: autoDraw = True
281.5625 	EXP 	line_2: autoDraw = True
281.5625 	EXP 	line_3: autoDraw = True
281.5625 	EXP 	line4: autoDraw = True
281.5790 	EXP 	fixation: autoDraw = False
282.5630 	INFO 	Keyboard events cleared
282.5628 	EXP 	probe: autoDraw = True
282.9303 	EXP 	Device response: <KeyPress from None: t=282.9290996, value=v, duration=None>
282.9306 	EXP 	New trial (rep=26, index=2): <Trial 106 (2 in rep 26) data={'pos': np.int64(50), 'corr_resp': 'c', 'thisN': 106, 'thisTrialN': 2, 'thisRepN': 26}>
282.9319 	DATA 	Keypress: v
282.9453 	EXP 	fixation: autoDraw = False
282.9453 	EXP 	line1: autoDraw = False
282.9453 	EXP 	line_2: autoDraw = False
282.9453 	EXP 	line_3: autoDraw = False
282.9453 	EXP 	line4: autoDraw = False
282.9453 	EXP 	probe: autoDraw = False
282.9453 	EXP 	fixation: autoDraw = True
283.1627 	EXP 	Device response: <KeyPress from None: t=282.9290996, value=v, duration=0.23072460000003048>
283.9454 	EXP 	fixation: autoDraw = False
283.9454 	EXP 	line1: autoDraw = True
283.9454 	EXP 	line_2: autoDraw = True
283.9454 	EXP 	line_3: autoDraw = True
283.9454 	EXP 	line4: autoDraw = True
284.9458 	INFO 	Keyboard events cleared
284.9455 	EXP 	probe: autoDraw = True
285.8796 	EXP 	Device response: <KeyPress from None: t=285.8788625000001, value=c, duration=None>
285.8799 	EXP 	New trial (rep=26, index=3): <Trial 107 (3 in rep 26) data={'pos': np.int64(-150), 'corr_resp': 'z', 'thisN': 107, 'thisTrialN': 3, 'thisRepN': 26}>
285.8813 	DATA 	Keypress: c
285.8959 	EXP 	fixation: autoDraw = False
285.8959 	EXP 	line1: autoDraw = False
285.8959 	EXP 	line_2: autoDraw = False
285.8959 	EXP 	line_3: autoDraw = False
285.8959 	EXP 	line4: autoDraw = False
285.8959 	EXP 	probe: autoDraw = False
285.8959 	EXP 	fixation: autoDraw = True
286.0790 	EXP 	Device response: <KeyPress from None: t=285.8788625000001, value=c, duration=0.19100139999989096>
286.8790 	EXP 	line1: autoDraw = True
286.8790 	EXP 	line_2: autoDraw = True
286.8790 	EXP 	line_3: autoDraw = True
286.8790 	EXP 	line4: autoDraw = True
286.8949 	EXP 	fixation: autoDraw = False
287.8785 	INFO 	Keyboard events cleared
287.8783 	EXP 	probe: autoDraw = True
288.3289 	EXP 	Device response: <KeyPress from None: t=288.32800770000006, value=z, duration=None>
288.3292 	EXP 	New trial (rep=27, index=0): <Trial 108 (0 in rep 27) data={'pos': np.int64(-50), 'corr_resp': 'x', 'thisN': 108, 'thisTrialN': 0, 'thisRepN': 27}>
288.3305 	DATA 	Keypress: z
288.3448 	EXP 	fixation: autoDraw = False
288.3448 	EXP 	line1: autoDraw = False
288.3448 	EXP 	line_2: autoDraw = False
288.3448 	EXP 	line_3: autoDraw = False
288.3448 	EXP 	line4: autoDraw = False
288.3448 	EXP 	probe: autoDraw = False
288.3448 	EXP 	fixation: autoDraw = True
288.6120 	EXP 	Device response: <KeyPress from None: t=288.32800770000006, value=z, duration=0.26958969999998317>
289.3283 	EXP 	line1: autoDraw = True
289.3283 	EXP 	line_2: autoDraw = True
289.3283 	EXP 	line_3: autoDraw = True
289.3283 	EXP 	line4: autoDraw = True
289.3453 	EXP 	fixation: autoDraw = False
290.3286 	INFO 	Keyboard events cleared
290.3284 	EXP 	probe: autoDraw = True
290.6482 	DATA 	Keypress: x
290.6619 	EXP 	Device response: <KeyPress from None: t=290.64663370000005, value=x, duration=None>
290.6622 	EXP 	New trial (rep=27, index=1): <Trial 109 (1 in rep 27) data={'pos': np.int64(150), 'corr_resp': 'v', 'thisN': 109, 'thisTrialN': 1, 'thisRepN': 27}>
290.6781 	EXP 	fixation: autoDraw = False
290.6781 	EXP 	line1: autoDraw = False
290.6781 	EXP 	line_2: autoDraw = False
290.6781 	EXP 	line_3: autoDraw = False
290.6781 	EXP 	line4: autoDraw = False
290.6781 	EXP 	probe: autoDraw = False
290.6781 	EXP 	fixation: autoDraw = True
290.8295 	EXP 	Device response: <KeyPress from None: t=290.64663370000005, value=x, duration=0.17900680000002467>
291.6623 	EXP 	line1: autoDraw = True
291.6623 	EXP 	line_2: autoDraw = True
291.6623 	EXP 	line_3: autoDraw = True
291.6623 	EXP 	line4: autoDraw = True
291.6795 	EXP 	fixation: autoDraw = False
292.6621 	INFO 	Keyboard events cleared
292.6619 	EXP 	probe: autoDraw = True
292.9464 	EXP 	Device response: <KeyPress from None: t=292.9398403, value=v, duration=None>
292.9468 	EXP 	New trial (rep=27, index=2): <Trial 110 (2 in rep 27) data={'pos': np.int64(50), 'corr_resp': 'c', 'thisN': 110, 'thisTrialN': 2, 'thisRepN': 27}>
292.9481 	DATA 	Keypress: v
292.9617 	EXP 	fixation: autoDraw = False
292.9617 	EXP 	line1: autoDraw = False
292.9617 	EXP 	line_2: autoDraw = False
292.9617 	EXP 	line_3: autoDraw = False
292.9617 	EXP 	line4: autoDraw = False
292.9617 	EXP 	probe: autoDraw = False
292.9617 	EXP 	fixation: autoDraw = True
293.1621 	EXP 	Device response: <KeyPress from None: t=292.9398403, value=v, duration=0.2201373999999987>
293.9624 	EXP 	fixation: autoDraw = False
293.9624 	EXP 	line1: autoDraw = True
293.9624 	EXP 	line_2: autoDraw = True
293.9624 	EXP 	line_3: autoDraw = True
293.9624 	EXP 	line4: autoDraw = True
294.9618 	INFO 	Keyboard events cleared
294.9616 	EXP 	probe: autoDraw = True
295.2790 	EXP 	Device response: <KeyPress from None: t=295.2636936, value=c, duration=None>
295.2801 	EXP 	New trial (rep=27, index=3): <Trial 111 (3 in rep 27) data={'pos': np.int64(-150), 'corr_resp': 'z', 'thisN': 111, 'thisTrialN': 3, 'thisRepN': 27}>
295.2816 	DATA 	Keypress: c
295.2949 	EXP 	fixation: autoDraw = False
295.2949 	EXP 	line1: autoDraw = False
295.2949 	EXP 	line_2: autoDraw = False
295.2949 	EXP 	line_3: autoDraw = False
295.2949 	EXP 	line4: autoDraw = False
295.2949 	EXP 	probe: autoDraw = False
295.2949 	EXP 	fixation: autoDraw = True
295.4456 	EXP 	Device response: <KeyPress from None: t=295.2636936, value=c, duration=0.18135780000000068>
296.2783 	EXP 	line1: autoDraw = True
296.2783 	EXP 	line_2: autoDraw = True
296.2783 	EXP 	line_3: autoDraw = True
296.2783 	EXP 	line4: autoDraw = True
296.2955 	EXP 	fixation: autoDraw = False
297.2791 	INFO 	Keyboard events cleared
297.2790 	EXP 	probe: autoDraw = True
297.6297 	EXP 	Device response: <KeyPress from None: t=297.62669690000007, value=z, duration=None>
297.6302 	EXP 	New trial (rep=28, index=0): <Trial 112 (0 in rep 28) data={'pos': np.int64(-50), 'corr_resp': 'x', 'thisN': 112, 'thisTrialN': 0, 'thisRepN': 28}>
297.6320 	DATA 	Keypress: z
297.6449 	EXP 	fixation: autoDraw = False
297.6449 	EXP 	line1: autoDraw = False
297.6449 	EXP 	line_2: autoDraw = False
297.6449 	EXP 	line_3: autoDraw = False
297.6449 	EXP 	line4: autoDraw = False
297.6449 	EXP 	probe: autoDraw = False
297.6449 	EXP 	fixation: autoDraw = True
297.8953 	EXP 	Device response: <KeyPress from None: t=297.62669690000007, value=z, duration=0.25694799999996576>
298.6454 	EXP 	fixation: autoDraw = False
298.6454 	EXP 	line1: autoDraw = True
298.6454 	EXP 	line_2: autoDraw = True
298.6454 	EXP 	line_3: autoDraw = True
298.6454 	EXP 	line4: autoDraw = True
299.6459 	INFO 	Keyboard events cleared
299.6457 	EXP 	probe: autoDraw = True
299.9980 	DATA 	Keypress: x
300.0126 	EXP 	Device response: <KeyPress from None: t=299.9959033, value=x, duration=None>
300.0130 	EXP 	New trial (rep=28, index=1): <Trial 113 (1 in rep 28) data={'pos': np.int64(150), 'corr_resp': 'v', 'thisN': 113, 'thisTrialN': 1, 'thisRepN': 28}>
300.0284 	EXP 	fixation: autoDraw = False
300.0284 	EXP 	line1: autoDraw = False
300.0284 	EXP 	line_2: autoDraw = False
300.0284 	EXP 	line_3: autoDraw = False
300.0284 	EXP 	line4: autoDraw = False
300.0284 	EXP 	probe: autoDraw = False
300.0284 	EXP 	fixation: autoDraw = True
300.3120 	EXP 	Device response: <KeyPress from None: t=299.9959033, value=x, duration=0.3020301000000245>
301.0124 	EXP 	line1: autoDraw = True
301.0124 	EXP 	line_2: autoDraw = True
301.0124 	EXP 	line_3: autoDraw = True
301.0124 	EXP 	line4: autoDraw = True
301.0293 	EXP 	fixation: autoDraw = False
301.3307 	EXP 	Device response: <KeyPress from None: t=301.32374200000004, value=v, duration=None>
301.3320 	DATA 	Keypress: v
301.5454 	EXP 	Device response: <KeyPress from None: t=301.32374200000004, value=v, duration=0.20677999999998065>
302.0125 	INFO 	Keyboard events cleared
302.0124 	EXP 	probe: autoDraw = True
302.4789 	EXP 	Device response: <KeyPress from None: t=302.47369130000004, value=v, duration=None>
302.4793 	EXP 	New trial (rep=28, index=2): <Trial 114 (2 in rep 28) data={'pos': np.int64(50), 'corr_resp': 'c', 'thisN': 114, 'thisTrialN': 2, 'thisRepN': 28}>
302.4806 	DATA 	Keypress: v
302.4949 	EXP 	fixation: autoDraw = False
302.4949 	EXP 	line1: autoDraw = False
302.4949 	EXP 	line_2: autoDraw = False
302.4949 	EXP 	line_3: autoDraw = False
302.4949 	EXP 	line4: autoDraw = False
302.4949 	EXP 	probe: autoDraw = False
302.4949 	EXP 	fixation: autoDraw = True
302.7125 	EXP 	Device response: <KeyPress from None: t=302.47369130000004, value=v, duration=0.2373550999999452>
303.4782 	EXP 	line1: autoDraw = True
303.4782 	EXP 	line_2: autoDraw = True
303.4782 	EXP 	line_3: autoDraw = True
303.4782 	EXP 	line4: autoDraw = True
303.4950 	EXP 	fixation: autoDraw = False
303.7958 	EXP 	Device response: <KeyPress from None: t=303.79301050000004, value=c, duration=None>
303.7974 	DATA 	Keypress: c
303.9955 	EXP 	Device response: <KeyPress from None: t=303.79301050000004, value=c, duration=0.19509489999995822>
304.4794 	INFO 	Keyboard events cleared
304.4792 	EXP 	probe: autoDraw = True
304.8650 	DATA 	Keypress: c
304.8789 	EXP 	Device response: <KeyPress from None: t=304.8637556, value=c, duration=None>
304.8793 	EXP 	New trial (rep=28, index=3): <Trial 115 (3 in rep 28) data={'pos': np.int64(-150), 'corr_resp': 'z', 'thisN': 115, 'thisTrialN': 3, 'thisRepN': 28}>
304.8950 	EXP 	fixation: autoDraw = False
304.8950 	EXP 	line1: autoDraw = False
304.8950 	EXP 	line_2: autoDraw = False
304.8950 	EXP 	line_3: autoDraw = False
304.8950 	EXP 	line4: autoDraw = False
304.8950 	EXP 	probe: autoDraw = False
304.8950 	EXP 	fixation: autoDraw = True
305.0788 	EXP 	Device response: <KeyPress from None: t=304.8637556, value=c, duration=0.20330990000002203>
305.8793 	EXP 	line1: autoDraw = True
305.8793 	EXP 	line_2: autoDraw = True
305.8793 	EXP 	line_3: autoDraw = True
305.8793 	EXP 	line4: autoDraw = True
305.8956 	EXP 	fixation: autoDraw = False
306.8793 	INFO 	Keyboard events cleared
306.8792 	EXP 	probe: autoDraw = True
307.2963 	EXP 	Device response: <KeyPress from None: t=307.295804, value=z, duration=None>
307.2968 	EXP 	New trial (rep=29, index=0): <Trial 116 (0 in rep 29) data={'pos': np.int64(-50), 'corr_resp': 'x', 'thisN': 116, 'thisTrialN': 0, 'thisRepN': 29}>
307.2980 	DATA 	Keypress: z
307.3117 	EXP 	fixation: autoDraw = False
307.3117 	EXP 	line1: autoDraw = False
307.3117 	EXP 	line_2: autoDraw = False
307.3117 	EXP 	line_3: autoDraw = False
307.3117 	EXP 	line4: autoDraw = False
307.3117 	EXP 	probe: autoDraw = False
307.3117 	EXP 	fixation: autoDraw = True
307.5954 	EXP 	Device response: <KeyPress from None: t=307.295804, value=z, duration=0.28768990000003214>
308.2952 	EXP 	line1: autoDraw = True
308.2952 	EXP 	line_2: autoDraw = True
308.2952 	EXP 	line_3: autoDraw = True
308.2952 	EXP 	line4: autoDraw = True
308.3125 	EXP 	fixation: autoDraw = False
309.3129 	INFO 	Keyboard events cleared
309.3127 	EXP 	probe: autoDraw = True
309.7127 	EXP 	Device response: <KeyPress from None: t=309.70972930000005, value=x, duration=None>
309.7131 	EXP 	New trial (rep=29, index=1): <Trial 117 (1 in rep 29) data={'pos': np.int64(150), 'corr_resp': 'v', 'thisN': 117, 'thisTrialN': 1, 'thisRepN': 29}>
309.7144 	DATA 	Keypress: x
309.7291 	EXP 	fixation: autoDraw = False
309.7291 	EXP 	line1: autoDraw = False
309.7291 	EXP 	line_2: autoDraw = False
309.7291 	EXP 	line_3: autoDraw = False
309.7291 	EXP 	line4: autoDraw = False
309.7291 	EXP 	probe: autoDraw = False
309.7291 	EXP 	fixation: autoDraw = True
309.9621 	EXP 	Device response: <KeyPress from None: t=309.70972930000005, value=x, duration=0.24362229999996998>
310.7117 	EXP 	line1: autoDraw = True
310.7117 	EXP 	line_2: autoDraw = True
310.7117 	EXP 	line_3: autoDraw = True
310.7117 	EXP 	line4: autoDraw = True
310.7284 	EXP 	fixation: autoDraw = False
311.7117 	INFO 	Keyboard events cleared
311.7116 	EXP 	probe: autoDraw = True
312.3804 	EXP 	Device response: <KeyPress from None: t=312.3756124, value=v, duration=None>
312.3808 	EXP 	New trial (rep=29, index=2): <Trial 118 (2 in rep 29) data={'pos': np.int64(50), 'corr_resp': 'c', 'thisN': 118, 'thisTrialN': 2, 'thisRepN': 29}>
312.3822 	DATA 	Keypress: v
312.3950 	EXP 	fixation: autoDraw = False
312.3950 	EXP 	line1: autoDraw = False
312.3950 	EXP 	line_2: autoDraw = False
312.3950 	EXP 	line_3: autoDraw = False
312.3950 	EXP 	line4: autoDraw = False
312.3950 	EXP 	probe: autoDraw = False
312.3950 	EXP 	fixation: autoDraw = True
312.6122 	EXP 	Device response: <KeyPress from None: t=312.3756124, value=v, duration=0.2267116000000442>
313.3958 	EXP 	fixation: autoDraw = False
313.3958 	EXP 	line1: autoDraw = True
313.3958 	EXP 	line_2: autoDraw = True
313.3958 	EXP 	line_3: autoDraw = True
313.3958 	EXP 	line4: autoDraw = True
314.3962 	INFO 	Keyboard events cleared
314.3961 	EXP 	probe: autoDraw = True
314.9126 	EXP 	Device response: <KeyPress from None: t=314.90413850000004, value=c, duration=None>
314.9129 	EXP 	New trial (rep=29, index=3): <Trial 119 (3 in rep 29) data={'pos': np.int64(-150), 'corr_resp': 'z', 'thisN': 119, 'thisTrialN': 3, 'thisRepN': 29}>
314.9142 	DATA 	Keypress: c
314.9292 	EXP 	fixation: autoDraw = False
314.9292 	EXP 	line1: autoDraw = False
314.9292 	EXP 	line_2: autoDraw = False
314.9292 	EXP 	line_3: autoDraw = False
314.9292 	EXP 	line4: autoDraw = False
314.9292 	EXP 	probe: autoDraw = False
314.9292 	EXP 	fixation: autoDraw = True
315.0639 	EXP 	Device response: <KeyPress from None: t=314.90413850000004, value=c, duration=0.15788739999993595>
315.9123 	EXP 	line1: autoDraw = True
315.9123 	EXP 	line_2: autoDraw = True
315.9123 	EXP 	line_3: autoDraw = True
315.9123 	EXP 	line4: autoDraw = True
315.9298 	EXP 	fixation: autoDraw = False
316.9124 	INFO 	Keyboard events cleared
316.9123 	EXP 	probe: autoDraw = True
317.4466 	EXP 	Device response: <KeyPress from None: t=317.4421645, value=z, duration=None>
317.4470 	EXP 	New trial (rep=30, index=0): <Trial 120 (0 in rep 30) data={'pos': np.int64(-50), 'corr_resp': 'x', 'thisN': 120, 'thisTrialN': 0, 'thisRepN': 30}>
317.4484 	DATA 	Keypress: z
317.4617 	EXP 	fixation: autoDraw = False
317.4617 	EXP 	line1: autoDraw = False
317.4617 	EXP 	line_2: autoDraw = False
317.4617 	EXP 	line_3: autoDraw = False
317.4617 	EXP 	line4: autoDraw = False
317.4617 	EXP 	probe: autoDraw = False
317.4617 	EXP 	fixation: autoDraw = True
317.7132 	EXP 	Device response: <KeyPress from None: t=317.4421645, value=z, duration=0.2608764000000292>
318.4451 	EXP 	line1: autoDraw = True
318.4451 	EXP 	line_2: autoDraw = True
318.4451 	EXP 	line_3: autoDraw = True
318.4451 	EXP 	line4: autoDraw = True
318.4625 	EXP 	fixation: autoDraw = False
319.4459 	INFO 	Keyboard events cleared
319.4457 	EXP 	probe: autoDraw = True
320.1791 	EXP 	Device response: <KeyPress from None: t=320.1711726, value=x, duration=None>
320.1794 	EXP 	New trial (rep=30, index=1): <Trial 121 (1 in rep 30) data={'pos': np.int64(150), 'corr_resp': 'v', 'thisN': 121, 'thisTrialN': 1, 'thisRepN': 30}>
320.1807 	DATA 	Keypress: x
320.1951 	EXP 	fixation: autoDraw = False
320.1951 	EXP 	line1: autoDraw = False
320.1951 	EXP 	line_2: autoDraw = False
320.1951 	EXP 	line_3: autoDraw = False
320.1951 	EXP 	line4: autoDraw = False
320.1951 	EXP 	probe: autoDraw = False
320.1951 	EXP 	fixation: autoDraw = True
320.3788 	EXP 	Device response: <KeyPress from None: t=320.1711726, value=x, duration=0.191436000000067>
321.1790 	EXP 	line1: autoDraw = True
321.1790 	EXP 	line_2: autoDraw = True
321.1790 	EXP 	line_3: autoDraw = True
321.1790 	EXP 	line4: autoDraw = True
321.1957 	EXP 	fixation: autoDraw = False
322.1792 	INFO 	Keyboard events cleared
322.1790 	EXP 	probe: autoDraw = True
322.5790 	EXP 	Device response: <KeyPress from None: t=322.5660365, value=v, duration=None>
322.5794 	EXP 	New trial (rep=30, index=2): <Trial 122 (2 in rep 30) data={'pos': np.int64(50), 'corr_resp': 'c', 'thisN': 122, 'thisTrialN': 2, 'thisRepN': 30}>
322.5808 	DATA 	Keypress: v
322.5958 	EXP 	fixation: autoDraw = False
322.5958 	EXP 	line1: autoDraw = False
322.5958 	EXP 	line_2: autoDraw = False
322.5958 	EXP 	line_3: autoDraw = False
322.5958 	EXP 	line4: autoDraw = False
322.5958 	EXP 	probe: autoDraw = False
322.5958 	EXP 	fixation: autoDraw = True
322.8136 	EXP 	Device response: <KeyPress from None: t=322.5660365, value=v, duration=0.24609850000001643>
323.5796 	EXP 	line1: autoDraw = True
323.5796 	EXP 	line_2: autoDraw = True
323.5796 	EXP 	line_3: autoDraw = True
323.5796 	EXP 	line4: autoDraw = True
323.5967 	EXP 	fixation: autoDraw = False
324.5797 	INFO 	Keyboard events cleared
324.5795 	EXP 	probe: autoDraw = True
325.4131 	EXP 	Device response: <KeyPress from None: t=325.4003461, value=c, duration=None>
325.4134 	EXP 	New trial (rep=30, index=3): <Trial 123 (3 in rep 30) data={'pos': np.int64(-150), 'corr_resp': 'z', 'thisN': 123, 'thisTrialN': 3, 'thisRepN': 30}>
325.4149 	DATA 	Keypress: c
325.4284 	EXP 	fixation: autoDraw = False
325.4284 	EXP 	line1: autoDraw = False
325.4284 	EXP 	line_2: autoDraw = False
325.4284 	EXP 	line_3: autoDraw = False
325.4284 	EXP 	line4: autoDraw = False
325.4284 	EXP 	probe: autoDraw = False
325.4284 	EXP 	fixation: autoDraw = True
325.6290 	EXP 	Device response: <KeyPress from None: t=325.4003461, value=c, duration=0.22518200000001798>
326.4122 	EXP 	line1: autoDraw = True
326.4122 	EXP 	line_2: autoDraw = True
326.4122 	EXP 	line_3: autoDraw = True
326.4122 	EXP 	line4: autoDraw = True
326.4295 	EXP 	fixation: autoDraw = False
327.4132 	INFO 	Keyboard events cleared
327.4130 	EXP 	probe: autoDraw = True
327.9651 	DATA 	Keypress: z
327.9797 	EXP 	Device response: <KeyPress from None: t=327.9639016, value=z, duration=None>
327.9801 	EXP 	New trial (rep=31, index=0): <Trial 124 (0 in rep 31) data={'pos': np.int64(-50), 'corr_resp': 'x', 'thisN': 124, 'thisTrialN': 0, 'thisRepN': 31}>
327.9958 	EXP 	fixation: autoDraw = False
327.9958 	EXP 	line1: autoDraw = False
327.9958 	EXP 	line_2: autoDraw = False
327.9958 	EXP 	line_3: autoDraw = False
327.9958 	EXP 	line4: autoDraw = False
327.9958 	EXP 	probe: autoDraw = False
327.9958 	EXP 	fixation: autoDraw = True
328.1793 	EXP 	Device response: <KeyPress from None: t=327.9639016, value=z, duration=0.20759500000008302>
328.9791 	EXP 	line1: autoDraw = True
328.9791 	EXP 	line_2: autoDraw = True
328.9791 	EXP 	line_3: autoDraw = True
328.9791 	EXP 	line4: autoDraw = True
328.9957 	EXP 	fixation: autoDraw = False
329.9963 	INFO 	Keyboard events cleared
329.9961 	EXP 	probe: autoDraw = True
330.7956 	EXP 	Device response: <KeyPress from None: t=330.7814066000001, value=x, duration=None>
330.7960 	EXP 	New trial (rep=31, index=1): <Trial 125 (1 in rep 31) data={'pos': np.int64(150), 'corr_resp': 'v', 'thisN': 125, 'thisTrialN': 1, 'thisRepN': 31}>
330.7975 	DATA 	Keypress: x
330.8121 	EXP 	fixation: autoDraw = False
330.8121 	EXP 	line1: autoDraw = False
330.8121 	EXP 	line_2: autoDraw = False
330.8121 	EXP 	line_3: autoDraw = False
330.8121 	EXP 	line4: autoDraw = False
330.8121 	EXP 	probe: autoDraw = False
330.8121 	EXP 	fixation: autoDraw = True
330.9799 	EXP 	Device response: <KeyPress from None: t=330.7814066000001, value=x, duration=0.18675769999993008>
331.7961 	EXP 	line1: autoDraw = True
331.7961 	EXP 	line_2: autoDraw = True
331.7961 	EXP 	line_3: autoDraw = True
331.7961 	EXP 	line4: autoDraw = True
331.8130 	EXP 	fixation: autoDraw = False
332.7962 	INFO 	Keyboard events cleared
332.7960 	EXP 	probe: autoDraw = True
333.1799 	EXP 	Device response: <KeyPress from None: t=333.1752338, value=v, duration=None>
333.1802 	EXP 	New trial (rep=31, index=2): <Trial 126 (2 in rep 31) data={'pos': np.int64(50), 'corr_resp': 'c', 'thisN': 126, 'thisTrialN': 2, 'thisRepN': 31}>
333.1816 	DATA 	Keypress: v
333.1951 	EXP 	fixation: autoDraw = False
333.1951 	EXP 	line1: autoDraw = False
333.1951 	EXP 	line_2: autoDraw = False
333.1951 	EXP 	line_3: autoDraw = False
333.1951 	EXP 	line4: autoDraw = False
333.1951 	EXP 	probe: autoDraw = False
333.1951 	EXP 	fixation: autoDraw = True
333.3962 	EXP 	Device response: <KeyPress from None: t=333.1752338, value=v, duration=0.2183836000000383>
334.1791 	EXP 	line1: autoDraw = True
334.1791 	EXP 	line_2: autoDraw = True
334.1791 	EXP 	line_3: autoDraw = True
334.1791 	EXP 	line4: autoDraw = True
334.1960 	EXP 	fixation: autoDraw = False
335.1964 	INFO 	Keyboard events cleared
335.1962 	EXP 	probe: autoDraw = True
335.8460 	EXP 	Device response: <KeyPress from None: t=335.84171190000006, value=c, duration=None>
335.8463 	EXP 	New trial (rep=31, index=3): <Trial 127 (3 in rep 31) data={'pos': np.int64(-150), 'corr_resp': 'z', 'thisN': 127, 'thisTrialN': 3, 'thisRepN': 31}>
335.8478 	DATA 	Keypress: c
335.8617 	EXP 	fixation: autoDraw = False
335.8617 	EXP 	line1: autoDraw = False
335.8617 	EXP 	line_2: autoDraw = False
335.8617 	EXP 	line_3: autoDraw = False
335.8617 	EXP 	line4: autoDraw = False
335.8617 	EXP 	probe: autoDraw = False
335.8617 	EXP 	fixation: autoDraw = True
336.0294 	EXP 	Device response: <KeyPress from None: t=335.84171190000006, value=c, duration=0.1792148999999199>
336.8458 	EXP 	line1: autoDraw = True
336.8458 	EXP 	line_2: autoDraw = True
336.8458 	EXP 	line_3: autoDraw = True
336.8458 	EXP 	line4: autoDraw = True
336.8626 	EXP 	fixation: autoDraw = False
337.8628 	INFO 	Keyboard events cleared
337.8627 	EXP 	probe: autoDraw = True
339.2958 	EXP 	Device response: <KeyPress from None: t=339.2822896, value=z, duration=None>
339.2962 	EXP 	New trial (rep=32, index=0): <Trial 128 (0 in rep 32) data={'pos': np.int64(-50), 'corr_resp': 'x', 'thisN': 128, 'thisTrialN': 0, 'thisRepN': 32}>
339.2975 	DATA 	Keypress: z
339.3122 	EXP 	fixation: autoDraw = False
339.3122 	EXP 	line1: autoDraw = False
339.3122 	EXP 	line_2: autoDraw = False
339.3122 	EXP 	line_3: autoDraw = False
339.3122 	EXP 	line4: autoDraw = False
339.3122 	EXP 	probe: autoDraw = False
339.3122 	EXP 	fixation: autoDraw = True
339.5625 	EXP 	Device response: <KeyPress from None: t=339.2822896, value=z, duration=0.27074389999995674>
340.2960 	EXP 	line1: autoDraw = True
340.2960 	EXP 	line_2: autoDraw = True
340.2960 	EXP 	line_3: autoDraw = True
340.2960 	EXP 	line4: autoDraw = True
340.3126 	EXP 	fixation: autoDraw = False
341.2954 	INFO 	Keyboard events cleared
341.2952 	EXP 	probe: autoDraw = True
342.1631 	EXP 	Device response: <KeyPress from None: t=342.1567087000001, value=x, duration=None>
342.1635 	EXP 	New trial (rep=32, index=1): <Trial 129 (1 in rep 32) data={'pos': np.int64(150), 'corr_resp': 'v', 'thisN': 129, 'thisTrialN': 1, 'thisRepN': 32}>
342.1652 	DATA 	Keypress: x
342.1790 	EXP 	fixation: autoDraw = False
342.1790 	EXP 	line1: autoDraw = False
342.1790 	EXP 	line_2: autoDraw = False
342.1790 	EXP 	line_3: autoDraw = False
342.1790 	EXP 	line4: autoDraw = False
342.1790 	EXP 	probe: autoDraw = False
342.1790 	EXP 	fixation: autoDraw = True
342.2956 	EXP 	Device response: <KeyPress from None: t=342.1567087000001, value=x, duration=0.12849119999998493>
343.1627 	EXP 	line1: autoDraw = True
343.1627 	EXP 	line_2: autoDraw = True
343.1627 	EXP 	line_3: autoDraw = True
343.1627 	EXP 	line4: autoDraw = True
343.1790 	EXP 	fixation: autoDraw = False
344.1630 	INFO 	Keyboard events cleared
344.1629 	EXP 	probe: autoDraw = True
344.6131 	EXP 	Device response: <KeyPress from None: t=344.6079555, value=v, duration=None>
344.6135 	EXP 	New trial (rep=32, index=2): <Trial 130 (2 in rep 32) data={'pos': np.int64(50), 'corr_resp': 'c', 'thisN': 130, 'thisTrialN': 2, 'thisRepN': 32}>
344.6147 	DATA 	Keypress: v
344.6291 	EXP 	fixation: autoDraw = False
344.6291 	EXP 	line1: autoDraw = False
344.6291 	EXP 	line_2: autoDraw = False
344.6291 	EXP 	line_3: autoDraw = False
344.6291 	EXP 	line4: autoDraw = False
344.6291 	EXP 	probe: autoDraw = False
344.6291 	EXP 	fixation: autoDraw = True
344.8135 	EXP 	Device response: <KeyPress from None: t=344.6079555, value=v, duration=0.20098450000000412>
345.6298 	EXP 	fixation: autoDraw = False
345.6298 	EXP 	line1: autoDraw = True
345.6298 	EXP 	line_2: autoDraw = True
345.6298 	EXP 	line_3: autoDraw = True
345.6298 	EXP 	line4: autoDraw = True
346.6124 	INFO 	Keyboard events cleared
346.6123 	EXP 	probe: autoDraw = True
347.0458 	EXP 	Device response: <KeyPress from None: t=347.0415442, value=c, duration=None>
347.0462 	EXP 	New trial (rep=32, index=3): <Trial 131 (3 in rep 32) data={'pos': np.int64(-150), 'corr_resp': 'z', 'thisN': 131, 'thisTrialN': 3, 'thisRepN': 32}>
347.0476 	DATA 	Keypress: c
347.0618 	EXP 	fixation: autoDraw = False
347.0618 	EXP 	line1: autoDraw = False
347.0618 	EXP 	line_2: autoDraw = False
347.0618 	EXP 	line_3: autoDraw = False
347.0618 	EXP 	line4: autoDraw = False
347.0618 	EXP 	probe: autoDraw = False
347.0618 	EXP 	fixation: autoDraw = True
347.2292 	EXP 	Device response: <KeyPress from None: t=347.0415442, value=c, duration=0.18407600000000457>
348.0459 	EXP 	line1: autoDraw = True
348.0459 	EXP 	line_2: autoDraw = True
348.0459 	EXP 	line_3: autoDraw = True
348.0459 	EXP 	line4: autoDraw = True
348.0626 	EXP 	fixation: autoDraw = False
349.0463 	INFO 	Keyboard events cleared
349.0461 	EXP 	probe: autoDraw = True
349.5965 	EXP 	Device response: <KeyPress from None: t=349.5958102000001, value=z, duration=None>
349.5969 	EXP 	New trial (rep=33, index=0): <Trial 132 (0 in rep 33) data={'pos': np.int64(-50), 'corr_resp': 'x', 'thisN': 132, 'thisTrialN': 0, 'thisRepN': 33}>
349.5982 	DATA 	Keypress: z
349.6118 	EXP 	fixation: autoDraw = False
349.6118 	EXP 	line1: autoDraw = False
349.6118 	EXP 	line_2: autoDraw = False
349.6118 	EXP 	line_3: autoDraw = False
349.6118 	EXP 	line4: autoDraw = False
349.6118 	EXP 	probe: autoDraw = False
349.6118 	EXP 	fixation: autoDraw = True
349.8466 	EXP 	Device response: <KeyPress from None: t=349.5958102000001, value=z, duration=0.23700049999990824>
350.6128 	EXP 	fixation: autoDraw = False
350.6128 	EXP 	line1: autoDraw = True
350.6128 	EXP 	line_2: autoDraw = True
350.6128 	EXP 	line_3: autoDraw = True
350.6128 	EXP 	line4: autoDraw = True
351.6119 	INFO 	Keyboard events cleared
351.6118 	EXP 	probe: autoDraw = True
352.1144 	DATA 	Keypress: x
352.1290 	EXP 	Device response: <KeyPress from None: t=352.11295870000004, value=x, duration=None>
352.1294 	EXP 	New trial (rep=33, index=1): <Trial 133 (1 in rep 33) data={'pos': np.int64(150), 'corr_resp': 'v', 'thisN': 133, 'thisTrialN': 1, 'thisRepN': 33}>
352.1451 	EXP 	fixation: autoDraw = False
352.1451 	EXP 	line1: autoDraw = False
352.1451 	EXP 	line_2: autoDraw = False
352.1451 	EXP 	line_3: autoDraw = False
352.1451 	EXP 	line4: autoDraw = False
352.1451 	EXP 	probe: autoDraw = False
352.1451 	EXP 	fixation: autoDraw = True
352.3124 	EXP 	Device response: <KeyPress from None: t=352.11295870000004, value=x, duration=0.19883809999998903>
353.1287 	EXP 	line1: autoDraw = True
353.1287 	EXP 	line_2: autoDraw = True
353.1287 	EXP 	line_3: autoDraw = True
353.1287 	EXP 	line4: autoDraw = True
353.1451 	EXP 	fixation: autoDraw = False
354.1287 	INFO 	Keyboard events cleared
354.1286 	EXP 	probe: autoDraw = True
354.4976 	DATA 	Keypress: v
354.5124 	EXP 	Device response: <KeyPress from None: t=354.49628500000006, value=v, duration=None>
354.5128 	EXP 	New trial (rep=33, index=2): <Trial 134 (2 in rep 33) data={'pos': np.int64(50), 'corr_resp': 'c', 'thisN': 134, 'thisTrialN': 2, 'thisRepN': 33}>
354.5285 	EXP 	fixation: autoDraw = False
354.5285 	EXP 	line1: autoDraw = False
354.5285 	EXP 	line_2: autoDraw = False
354.5285 	EXP 	line_3: autoDraw = False
354.5285 	EXP 	line4: autoDraw = False
354.5285 	EXP 	probe: autoDraw = False
354.5285 	EXP 	fixation: autoDraw = True
354.7789 	EXP 	Device response: <KeyPress from None: t=354.49628500000006, value=v, duration=0.26609079999991536>
355.5118 	EXP 	line1: autoDraw = True
355.5118 	EXP 	line_2: autoDraw = True
355.5118 	EXP 	line_3: autoDraw = True
355.5118 	EXP 	line4: autoDraw = True
355.5295 	EXP 	fixation: autoDraw = False
356.5129 	INFO 	Keyboard events cleared
356.5128 	EXP 	probe: autoDraw = True
357.0152 	DATA 	Keypress: c
357.0291 	EXP 	Device response: <KeyPress from None: t=357.0133129000001, value=c, duration=None>
357.0296 	EXP 	New trial (rep=33, index=3): <Trial 135 (3 in rep 33) data={'pos': np.int64(-150), 'corr_resp': 'z', 'thisN': 135, 'thisTrialN': 3, 'thisRepN': 33}>
357.0457 	EXP 	fixation: autoDraw = False
357.0457 	EXP 	line1: autoDraw = False
357.0457 	EXP 	line_2: autoDraw = False
357.0457 	EXP 	line_3: autoDraw = False
357.0457 	EXP 	line4: autoDraw = False
357.0457 	EXP 	probe: autoDraw = False
357.0457 	EXP 	fixation: autoDraw = True
357.2628 	EXP 	Device response: <KeyPress from None: t=357.0133129000001, value=c, duration=0.23343239999996968>
358.0294 	EXP 	line1: autoDraw = True
358.0294 	EXP 	line_2: autoDraw = True
358.0294 	EXP 	line_3: autoDraw = True
358.0294 	EXP 	line4: autoDraw = True
358.0461 	EXP 	fixation: autoDraw = False
359.0299 	INFO 	Keyboard events cleared
359.0298 	EXP 	probe: autoDraw = True
359.7966 	EXP 	Device response: <KeyPress from None: t=359.7857464, value=z, duration=None>
359.7970 	EXP 	New trial (rep=34, index=0): <Trial 136 (0 in rep 34) data={'pos': np.int64(-50), 'corr_resp': 'x', 'thisN': 136, 'thisTrialN': 0, 'thisRepN': 34}>
359.7985 	DATA 	Keypress: z
359.8130 	EXP 	fixation: autoDraw = False
359.8130 	EXP 	line1: autoDraw = False
359.8130 	EXP 	line_2: autoDraw = False
359.8130 	EXP 	line_3: autoDraw = False
359.8130 	EXP 	line4: autoDraw = False
359.8130 	EXP 	probe: autoDraw = False
359.8130 	EXP 	fixation: autoDraw = True
359.9971 	EXP 	Device response: <KeyPress from None: t=359.7857464, value=z, duration=0.20761730000003809>
360.8128 	EXP 	fixation: autoDraw = False
360.8128 	EXP 	line1: autoDraw = True
360.8128 	EXP 	line_2: autoDraw = True
360.8128 	EXP 	line_3: autoDraw = True
360.8128 	EXP 	line4: autoDraw = True
361.7961 	INFO 	Keyboard events cleared
361.7959 	EXP 	probe: autoDraw = True
362.4466 	EXP 	Device response: <KeyPress from None: t=362.4386631, value=x, duration=None>
362.4471 	EXP 	New trial (rep=34, index=1): <Trial 137 (1 in rep 34) data={'pos': np.int64(150), 'corr_resp': 'v', 'thisN': 137, 'thisTrialN': 1, 'thisRepN': 34}>
362.4484 	DATA 	Keypress: x
362.4625 	EXP 	fixation: autoDraw = False
362.4625 	EXP 	line1: autoDraw = False
362.4625 	EXP 	line_2: autoDraw = False
362.4625 	EXP 	line_3: autoDraw = False
362.4625 	EXP 	line4: autoDraw = False
362.4625 	EXP 	probe: autoDraw = False
362.4625 	EXP 	fixation: autoDraw = True
362.6126 	EXP 	Device response: <KeyPress from None: t=362.4386631, value=x, duration=0.17134659999999258>
363.4623 	EXP 	fixation: autoDraw = False
363.4623 	EXP 	line1: autoDraw = True
363.4623 	EXP 	line_2: autoDraw = True
363.4623 	EXP 	line_3: autoDraw = True
363.4623 	EXP 	line4: autoDraw = True
364.4464 	INFO 	Keyboard events cleared
364.4463 	EXP 	probe: autoDraw = True
365.7294 	EXP 	Device response: <KeyPress from None: t=365.7201914, value=v, duration=None>
365.7298 	EXP 	New trial (rep=34, index=2): <Trial 138 (2 in rep 34) data={'pos': np.int64(50), 'corr_resp': 'c', 'thisN': 138, 'thisTrialN': 2, 'thisRepN': 34}>
365.7316 	DATA 	Keypress: v
365.7454 	EXP 	fixation: autoDraw = False
365.7454 	EXP 	line1: autoDraw = False
365.7454 	EXP 	line_2: autoDraw = False
365.7454 	EXP 	line_3: autoDraw = False
365.7454 	EXP 	line4: autoDraw = False
365.7454 	EXP 	probe: autoDraw = False
365.7454 	EXP 	fixation: autoDraw = True
365.9465 	EXP 	Device response: <KeyPress from None: t=365.7201914, value=v, duration=0.22370380000006662>
366.7298 	EXP 	line1: autoDraw = True
366.7298 	EXP 	line_2: autoDraw = True
366.7298 	EXP 	line_3: autoDraw = True
366.7298 	EXP 	line4: autoDraw = True
366.7461 	EXP 	fixation: autoDraw = False
367.7295 	INFO 	Keyboard events cleared
367.7293 	EXP 	probe: autoDraw = True
368.2968 	EXP 	Device response: <KeyPress from None: t=368.29306410000004, value=c, duration=None>
368.2972 	EXP 	New trial (rep=34, index=3): <Trial 139 (3 in rep 34) data={'pos': np.int64(-150), 'corr_resp': 'z', 'thisN': 139, 'thisTrialN': 3, 'thisRepN': 34}>
368.2987 	DATA 	Keypress: c
368.3123 	EXP 	fixation: autoDraw = False
368.3123 	EXP 	line1: autoDraw = False
368.3123 	EXP 	line_2: autoDraw = False
368.3123 	EXP 	line_3: autoDraw = False
368.3123 	EXP 	line4: autoDraw = False
368.3123 	EXP 	probe: autoDraw = False
368.3123 	EXP 	fixation: autoDraw = True
368.4626 	EXP 	Device response: <KeyPress from None: t=368.29306410000004, value=c, duration=0.15834689999996954>
369.3121 	EXP 	fixation: autoDraw = False
369.3121 	EXP 	line1: autoDraw = True
369.3121 	EXP 	line_2: autoDraw = True
369.3121 	EXP 	line_3: autoDraw = True
369.3121 	EXP 	line4: autoDraw = True
370.3123 	INFO 	Keyboard events cleared
370.3121 	EXP 	probe: autoDraw = True
370.8460 	EXP 	Device response: <KeyPress from None: t=370.8377239, value=z, duration=None>
370.8464 	EXP 	New trial (rep=35, index=0): <Trial 140 (0 in rep 35) data={'pos': np.int64(-50), 'corr_resp': 'x', 'thisN': 140, 'thisTrialN': 0, 'thisRepN': 35}>
370.8477 	DATA 	Keypress: z
370.8619 	EXP 	fixation: autoDraw = False
370.8619 	EXP 	line1: autoDraw = False
370.8619 	EXP 	line_2: autoDraw = False
370.8619 	EXP 	line_3: autoDraw = False
370.8619 	EXP 	line4: autoDraw = False
370.8619 	EXP 	probe: autoDraw = False
370.8619 	EXP 	fixation: autoDraw = True
371.0627 	EXP 	Device response: <KeyPress from None: t=370.8377239, value=z, duration=0.22189730000002328>
371.8620 	EXP 	fixation: autoDraw = False
371.8620 	EXP 	line1: autoDraw = True
371.8620 	EXP 	line_2: autoDraw = True
371.8620 	EXP 	line_3: autoDraw = True
371.8620 	EXP 	line4: autoDraw = True
372.8629 	INFO 	Keyboard events cleared
372.8627 	EXP 	probe: autoDraw = True
373.4799 	EXP 	Device response: <KeyPress from None: t=373.4688043, value=x, duration=None>
373.4803 	EXP 	New trial (rep=35, index=1): <Trial 141 (1 in rep 35) data={'pos': np.int64(150), 'corr_resp': 'v', 'thisN': 141, 'thisTrialN': 1, 'thisRepN': 35}>
373.4817 	DATA 	Keypress: x
373.4954 	EXP 	fixation: autoDraw = False
373.4954 	EXP 	line1: autoDraw = False
373.4954 	EXP 	line_2: autoDraw = False
373.4954 	EXP 	line_3: autoDraw = False
373.4954 	EXP 	line4: autoDraw = False
373.4954 	EXP 	probe: autoDraw = False
373.4954 	EXP 	fixation: autoDraw = True
373.6293 	EXP 	Device response: <KeyPress from None: t=373.4688043, value=x, duration=0.15779540000005454>
374.4954 	EXP 	fixation: autoDraw = False
374.4954 	EXP 	line1: autoDraw = True
374.4954 	EXP 	line_2: autoDraw = True
374.4954 	EXP 	line_3: autoDraw = True
374.4954 	EXP 	line4: autoDraw = True
375.4797 	INFO 	Keyboard events cleared
375.4796 	EXP 	probe: autoDraw = True
375.7466 	EXP 	Device response: <KeyPress from None: t=375.73890330000006, value=v, duration=None>
375.7470 	EXP 	New trial (rep=35, index=2): <Trial 142 (2 in rep 35) data={'pos': np.int64(50), 'corr_resp': 'c', 'thisN': 142, 'thisTrialN': 2, 'thisRepN': 35}>
375.7483 	DATA 	Keypress: v
375.7621 	EXP 	fixation: autoDraw = False
375.7621 	EXP 	line1: autoDraw = False
375.7621 	EXP 	line_2: autoDraw = False
375.7621 	EXP 	line_3: autoDraw = False
375.7621 	EXP 	line4: autoDraw = False
375.7621 	EXP 	probe: autoDraw = False
375.7621 	EXP 	fixation: autoDraw = True
375.9801 	EXP 	Device response: <KeyPress from None: t=375.73890330000006, value=v, duration=0.2254604999999401>
376.7461 	EXP 	line1: autoDraw = True
376.7461 	EXP 	line_2: autoDraw = True
376.7461 	EXP 	line_3: autoDraw = True
376.7461 	EXP 	line4: autoDraw = True
376.7628 	EXP 	fixation: autoDraw = False
377.7465 	INFO 	Keyboard events cleared
377.7463 	EXP 	probe: autoDraw = True
378.3968 	EXP 	Device response: <KeyPress from None: t=378.39025990000005, value=c, duration=None>
378.3972 	EXP 	New trial (rep=35, index=3): <Trial 143 (3 in rep 35) data={'pos': np.int64(-150), 'corr_resp': 'z', 'thisN': 143, 'thisTrialN': 3, 'thisRepN': 35}>
378.3986 	DATA 	Keypress: c
378.4128 	EXP 	fixation: autoDraw = False
378.4128 	EXP 	line1: autoDraw = False
378.4128 	EXP 	line_2: autoDraw = False
378.4128 	EXP 	line_3: autoDraw = False
378.4128 	EXP 	line4: autoDraw = False
378.4128 	EXP 	probe: autoDraw = False
378.4128 	EXP 	fixation: autoDraw = True
378.5800 	EXP 	Device response: <KeyPress from None: t=378.39025990000005, value=c, duration=0.1805719000000181>
379.4128 	EXP 	fixation: autoDraw = False
379.4128 	EXP 	line1: autoDraw = True
379.4128 	EXP 	line_2: autoDraw = True
379.4128 	EXP 	line_3: autoDraw = True
379.4128 	EXP 	line4: autoDraw = True
380.4129 	INFO 	Keyboard events cleared
380.4128 	EXP 	probe: autoDraw = True
380.8802 	EXP 	Device response: <KeyPress from None: t=380.872571, value=z, duration=None>
380.8806 	EXP 	New trial (rep=36, index=0): <Trial 144 (0 in rep 36) data={'pos': np.int64(-50), 'corr_resp': 'x', 'thisN': 144, 'thisTrialN': 0, 'thisRepN': 36}>
380.8821 	DATA 	Keypress: z
380.8954 	EXP 	fixation: autoDraw = False
380.8954 	EXP 	line1: autoDraw = False
380.8954 	EXP 	line_2: autoDraw = False
380.8954 	EXP 	line_3: autoDraw = False
380.8954 	EXP 	line4: autoDraw = False
380.8954 	EXP 	probe: autoDraw = False
380.8954 	EXP 	fixation: autoDraw = True
381.1459 	EXP 	Device response: <KeyPress from None: t=380.872571, value=z, duration=0.26087570000004234>
381.8795 	EXP 	line1: autoDraw = True
381.8795 	EXP 	line_2: autoDraw = True
381.8795 	EXP 	line_3: autoDraw = True
381.8795 	EXP 	line4: autoDraw = True
381.8961 	EXP 	fixation: autoDraw = False
382.8964 	INFO 	Keyboard events cleared
382.8962 	EXP 	probe: autoDraw = True
383.4982 	DATA 	Keypress: x
383.5129 	EXP 	Device response: <KeyPress from None: t=383.49693560000003, value=x, duration=None>
383.5133 	EXP 	New trial (rep=36, index=1): <Trial 145 (1 in rep 36) data={'pos': np.int64(150), 'corr_resp': 'v', 'thisN': 145, 'thisTrialN': 1, 'thisRepN': 36}>
383.5299 	EXP 	fixation: autoDraw = False
383.5299 	EXP 	line1: autoDraw = False
383.5299 	EXP 	line_2: autoDraw = False
383.5299 	EXP 	line_3: autoDraw = False
383.5299 	EXP 	line4: autoDraw = False
383.5299 	EXP 	probe: autoDraw = False
383.5299 	EXP 	fixation: autoDraw = True
383.6797 	EXP 	Device response: <KeyPress from None: t=383.49693560000003, value=x, duration=0.1733255999999983>
384.5300 	EXP 	line1: autoDraw = True
384.5300 	EXP 	line_2: autoDraw = True
384.5300 	EXP 	line_3: autoDraw = True
384.5300 	EXP 	line4: autoDraw = True
384.5460 	EXP 	fixation: autoDraw = False
385.5134 	INFO 	Keyboard events cleared
385.5132 	EXP 	probe: autoDraw = True
385.8293 	EXP 	Device response: <KeyPress from None: t=385.8187329, value=v, duration=None>
385.8297 	EXP 	New trial (rep=36, index=2): <Trial 146 (2 in rep 36) data={'pos': np.int64(50), 'corr_resp': 'c', 'thisN': 146, 'thisTrialN': 2, 'thisRepN': 36}>
385.8312 	DATA 	Keypress: v
385.8464 	EXP 	fixation: autoDraw = False
385.8464 	EXP 	line1: autoDraw = False
385.8464 	EXP 	line_2: autoDraw = False
385.8464 	EXP 	line_3: autoDraw = False
385.8464 	EXP 	line4: autoDraw = False
385.8464 	EXP 	probe: autoDraw = False
385.8464 	EXP 	fixation: autoDraw = True
386.0297 	EXP 	Device response: <KeyPress from None: t=385.8187329, value=v, duration=0.20787719999998444>
386.8299 	EXP 	line1: autoDraw = True
386.8299 	EXP 	line_2: autoDraw = True
386.8299 	EXP 	line_3: autoDraw = True
386.8299 	EXP 	line4: autoDraw = True
386.8464 	EXP 	fixation: autoDraw = False
387.8296 	INFO 	Keyboard events cleared
387.8294 	EXP 	probe: autoDraw = True
388.2488 	DATA 	Keypress: c
388.2631 	EXP 	Device response: <KeyPress from None: t=388.24744680000003, value=c, duration=None>
388.2635 	EXP 	New trial (rep=36, index=3): <Trial 147 (3 in rep 36) data={'pos': np.int64(-150), 'corr_resp': 'z', 'thisN': 147, 'thisTrialN': 3, 'thisRepN': 36}>
388.2794 	EXP 	fixation: autoDraw = False
388.2794 	EXP 	line1: autoDraw = False
388.2794 	EXP 	line_2: autoDraw = False
388.2794 	EXP 	line_3: autoDraw = False
388.2794 	EXP 	line4: autoDraw = False
388.2794 	EXP 	probe: autoDraw = False
388.2794 	EXP 	fixation: autoDraw = True
388.4629 	EXP 	Device response: <KeyPress from None: t=388.24744680000003, value=c, duration=0.20607329999995727>
389.2622 	EXP 	line1: autoDraw = True
389.2622 	EXP 	line_2: autoDraw = True
389.2622 	EXP 	line_3: autoDraw = True
389.2622 	EXP 	line4: autoDraw = True
389.2802 	EXP 	fixation: autoDraw = False
390.2792 	INFO 	Keyboard events cleared
390.2791 	EXP 	probe: autoDraw = True
391.0133 	EXP 	Device response: <KeyPress from None: t=391.00343140000007, value=z, duration=None>
391.0137 	EXP 	New trial (rep=37, index=0): <Trial 148 (0 in rep 37) data={'pos': np.int64(-50), 'corr_resp': 'x', 'thisN': 148, 'thisTrialN': 0, 'thisRepN': 37}>
391.0149 	DATA 	Keypress: z
391.0293 	EXP 	fixation: autoDraw = False
391.0293 	EXP 	line1: autoDraw = False
391.0293 	EXP 	line_2: autoDraw = False
391.0293 	EXP 	line_3: autoDraw = False
391.0293 	EXP 	line4: autoDraw = False
391.0293 	EXP 	probe: autoDraw = False
391.0293 	EXP 	fixation: autoDraw = True
391.2634 	EXP 	Device response: <KeyPress from None: t=391.00343140000007, value=z, duration=0.2541725999999471>
392.0131 	EXP 	line1: autoDraw = True
392.0131 	EXP 	line_2: autoDraw = True
392.0131 	EXP 	line_3: autoDraw = True
392.0131 	EXP 	line4: autoDraw = True
392.0300 	EXP 	fixation: autoDraw = False
393.0124 	INFO 	Keyboard events cleared
393.0123 	EXP 	probe: autoDraw = True
393.6799 	EXP 	Device response: <KeyPress from None: t=393.6772787, value=x, duration=None>
393.6803 	EXP 	New trial (rep=37, index=1): <Trial 149 (1 in rep 37) data={'pos': np.int64(150), 'corr_resp': 'v', 'thisN': 149, 'thisTrialN': 1, 'thisRepN': 37}>
393.6818 	DATA 	Keypress: x
393.6952 	EXP 	fixation: autoDraw = False
393.6952 	EXP 	line1: autoDraw = False
393.6952 	EXP 	line_2: autoDraw = False
393.6952 	EXP 	line_3: autoDraw = False
393.6952 	EXP 	line4: autoDraw = False
393.6952 	EXP 	probe: autoDraw = False
393.6952 	EXP 	fixation: autoDraw = True
393.8627 	EXP 	Device response: <KeyPress from None: t=393.6772787, value=x, duration=0.16995430000008582>
394.6795 	EXP 	line1: autoDraw = True
394.6795 	EXP 	line_2: autoDraw = True
394.6795 	EXP 	line_3: autoDraw = True
394.6795 	EXP 	line4: autoDraw = True
394.6959 	EXP 	fixation: autoDraw = False
395.6963 	INFO 	Keyboard events cleared
395.6961 	EXP 	probe: autoDraw = True
396.1134 	EXP 	Device response: <KeyPress from None: t=396.1029601, value=v, duration=None>
396.1138 	EXP 	New trial (rep=37, index=2): <Trial 150 (2 in rep 37) data={'pos': np.int64(50), 'corr_resp': 'c', 'thisN': 150, 'thisTrialN': 2, 'thisRepN': 37}>
396.1151 	DATA 	Keypress: v
396.1288 	EXP 	fixation: autoDraw = False
396.1288 	EXP 	line1: autoDraw = False
396.1288 	EXP 	line_2: autoDraw = False
396.1288 	EXP 	line_3: autoDraw = False
396.1288 	EXP 	line4: autoDraw = False
396.1288 	EXP 	probe: autoDraw = False
396.1288 	EXP 	fixation: autoDraw = True
396.3298 	EXP 	Device response: <KeyPress from None: t=396.1029601, value=v, duration=0.2230415000000221>
397.1302 	EXP 	fixation: autoDraw = False
397.1302 	EXP 	line1: autoDraw = True
397.1302 	EXP 	line_2: autoDraw = True
397.1302 	EXP 	line_3: autoDraw = True
397.1302 	EXP 	line4: autoDraw = True
398.1292 	INFO 	Keyboard events cleared
398.1290 	EXP 	probe: autoDraw = True
398.6966 	EXP 	Device response: <KeyPress from None: t=398.6841121, value=c, duration=None>
398.6970 	EXP 	New trial (rep=37, index=3): <Trial 151 (3 in rep 37) data={'pos': np.int64(-150), 'corr_resp': 'z', 'thisN': 151, 'thisTrialN': 3, 'thisRepN': 37}>
398.6983 	DATA 	Keypress: c
398.7129 	EXP 	fixation: autoDraw = False
398.7129 	EXP 	line1: autoDraw = False
398.7129 	EXP 	line_2: autoDraw = False
398.7129 	EXP 	line_3: autoDraw = False
398.7129 	EXP 	line4: autoDraw = False
398.7129 	EXP 	probe: autoDraw = False
398.7129 	EXP 	fixation: autoDraw = True
398.8292 	EXP 	Device response: <KeyPress from None: t=398.6841121, value=c, duration=0.13296539999998913>
399.6965 	EXP 	line1: autoDraw = True
399.6965 	EXP 	line_2: autoDraw = True
399.6965 	EXP 	line_3: autoDraw = True
399.6965 	EXP 	line4: autoDraw = True
399.7130 	EXP 	fixation: autoDraw = False
400.6966 	INFO 	Keyboard events cleared
400.6965 	EXP 	probe: autoDraw = True
401.1803 	EXP 	Device response: <KeyPress from None: t=401.16926090000004, value=z, duration=None>
401.1807 	EXP 	New trial (rep=38, index=0): <Trial 152 (0 in rep 38) data={'pos': np.int64(-50), 'corr_resp': 'x', 'thisN': 152, 'thisTrialN': 0, 'thisRepN': 38}>
401.1820 	DATA 	Keypress: z
401.1955 	EXP 	fixation: autoDraw = False
401.1955 	EXP 	line1: autoDraw = False
401.1955 	EXP 	line_2: autoDraw = False
401.1955 	EXP 	line_3: autoDraw = False
401.1955 	EXP 	line4: autoDraw = False
401.1955 	EXP 	probe: autoDraw = False
401.1955 	EXP 	fixation: autoDraw = True
401.4296 	EXP 	Device response: <KeyPress from None: t=401.16926090000004, value=z, duration=0.24714419999997972>
402.1798 	EXP 	line1: autoDraw = True
402.1798 	EXP 	line_2: autoDraw = True
402.1798 	EXP 	line_3: autoDraw = True
402.1798 	EXP 	line4: autoDraw = True
402.1958 	EXP 	fixation: autoDraw = False
403.1969 	INFO 	Keyboard events cleared
403.1968 	EXP 	probe: autoDraw = True
404.2793 	EXP 	Device response: <KeyPress from None: t=404.26941750000003, value=x, duration=None>
404.2797 	EXP 	New trial (rep=38, index=1): <Trial 153 (1 in rep 38) data={'pos': np.int64(150), 'corr_resp': 'v', 'thisN': 153, 'thisTrialN': 1, 'thisRepN': 38}>
404.2812 	DATA 	Keypress: x
404.2957 	EXP 	fixation: autoDraw = False
404.2957 	EXP 	line1: autoDraw = False
404.2957 	EXP 	line_2: autoDraw = False
404.2957 	EXP 	line_3: autoDraw = False
404.2957 	EXP 	line4: autoDraw = False
404.2957 	EXP 	probe: autoDraw = False
404.2957 	EXP 	fixation: autoDraw = True
404.4136 	EXP 	Device response: <KeyPress from None: t=404.26941750000003, value=x, duration=0.14300219999995534>
405.2788 	EXP 	line1: autoDraw = True
405.2788 	EXP 	line_2: autoDraw = True
405.2788 	EXP 	line_3: autoDraw = True
405.2788 	EXP 	line4: autoDraw = True
405.2967 	EXP 	fixation: autoDraw = False
406.2799 	INFO 	Keyboard events cleared
406.2797 	EXP 	probe: autoDraw = True
407.2631 	EXP 	Device response: <KeyPress from None: t=407.2595222, value=v, duration=None>
407.2635 	EXP 	New trial (rep=38, index=2): <Trial 154 (2 in rep 38) data={'pos': np.int64(50), 'corr_resp': 'c', 'thisN': 154, 'thisTrialN': 2, 'thisRepN': 38}>
407.2647 	DATA 	Keypress: v
407.2788 	EXP 	fixation: autoDraw = False
407.2788 	EXP 	line1: autoDraw = False
407.2788 	EXP 	line_2: autoDraw = False
407.2788 	EXP 	line_3: autoDraw = False
407.2788 	EXP 	line4: autoDraw = False
407.2788 	EXP 	probe: autoDraw = False
407.2788 	EXP 	fixation: autoDraw = True
407.4798 	EXP 	Device response: <KeyPress from None: t=407.2595222, value=v, duration=0.20680379999998877>
408.2630 	EXP 	line1: autoDraw = True
408.2630 	EXP 	line_2: autoDraw = True
408.2630 	EXP 	line_3: autoDraw = True
408.2630 	EXP 	line4: autoDraw = True
408.2795 	EXP 	fixation: autoDraw = False
409.2627 	INFO 	Keyboard events cleared
409.2625 	EXP 	probe: autoDraw = True
409.7459 	EXP 	Device response: <KeyPress from None: t=409.7363474, value=c, duration=None>
409.7462 	EXP 	New trial (rep=38, index=3): <Trial 155 (3 in rep 38) data={'pos': np.int64(-150), 'corr_resp': 'z', 'thisN': 155, 'thisTrialN': 3, 'thisRepN': 38}>
409.7475 	DATA 	Keypress: c
409.7623 	EXP 	fixation: autoDraw = False
409.7623 	EXP 	line1: autoDraw = False
409.7623 	EXP 	line_2: autoDraw = False
409.7623 	EXP 	line_3: autoDraw = False
409.7623 	EXP 	line4: autoDraw = False
409.7623 	EXP 	probe: autoDraw = False
409.7623 	EXP 	fixation: autoDraw = True
409.9469 	EXP 	Device response: <KeyPress from None: t=409.7363474, value=c, duration=0.20187680000003638>
410.7461 	EXP 	line1: autoDraw = True
410.7461 	EXP 	line_2: autoDraw = True
410.7461 	EXP 	line_3: autoDraw = True
410.7461 	EXP 	line4: autoDraw = True
410.7633 	EXP 	fixation: autoDraw = False
411.7462 	INFO 	Keyboard events cleared
411.7460 	EXP 	probe: autoDraw = True
412.6154 	DATA 	Keypress: z
412.6295 	EXP 	Device response: <KeyPress from None: t=412.6150026, value=z, duration=None>
412.6299 	EXP 	New trial (rep=39, index=0): <Trial 156 (0 in rep 39) data={'pos': np.int64(-50), 'corr_resp': 'x', 'thisN': 156, 'thisTrialN': 0, 'thisRepN': 39}>
412.6458 	EXP 	fixation: autoDraw = False
412.6458 	EXP 	line1: autoDraw = False
412.6458 	EXP 	line_2: autoDraw = False
412.6458 	EXP 	line_3: autoDraw = False
412.6458 	EXP 	line4: autoDraw = False
412.6458 	EXP 	probe: autoDraw = False
412.6458 	EXP 	fixation: autoDraw = True
412.8296 	EXP 	Device response: <KeyPress from None: t=412.6150026, value=z, duration=0.19975899999997182>
413.6295 	EXP 	line1: autoDraw = True
413.6295 	EXP 	line_2: autoDraw = True
413.6295 	EXP 	line_3: autoDraw = True
413.6295 	EXP 	line4: autoDraw = True
413.6462 	EXP 	fixation: autoDraw = False
414.6292 	INFO 	Keyboard events cleared
414.6291 	EXP 	probe: autoDraw = True
415.2799 	EXP 	Device response: <KeyPress from None: t=415.27764790000003, value=c, duration=None>
415.2803 	EXP 	New trial (rep=39, index=1): <Trial 157 (1 in rep 39) data={'pos': np.int64(150), 'corr_resp': 'v', 'thisN': 157, 'thisTrialN': 1, 'thisRepN': 39}>
415.2820 	DATA 	Keypress: c
415.2958 	EXP 	fixation: autoDraw = False
415.2958 	EXP 	line1: autoDraw = False
415.2958 	EXP 	line_2: autoDraw = False
415.2958 	EXP 	line_3: autoDraw = False
415.2958 	EXP 	line4: autoDraw = False
415.2958 	EXP 	probe: autoDraw = False
415.2958 	EXP 	fixation: autoDraw = True
415.4959 	EXP 	Device response: <KeyPress from None: t=415.27764790000003, value=c, duration=0.2031614999999647>
416.2957 	EXP 	fixation: autoDraw = False
416.2957 	EXP 	line1: autoDraw = True
416.2957 	EXP 	line_2: autoDraw = True
416.2957 	EXP 	line_3: autoDraw = True
416.2957 	EXP 	line4: autoDraw = True
417.2956 	INFO 	Keyboard events cleared
417.2955 	EXP 	probe: autoDraw = True
417.6783 	EXP 	Device response: <KeyPress from None: t=417.6698544000001, value=v, duration=None>
417.6786 	EXP 	New trial (rep=39, index=2): <Trial 158 (2 in rep 39) data={'pos': np.int64(50), 'corr_resp': 'c', 'thisN': 158, 'thisTrialN': 2, 'thisRepN': 39}>
417.6798 	DATA 	Keypress: v
417.6946 	EXP 	fixation: autoDraw = False
417.6946 	EXP 	line1: autoDraw = False
417.6946 	EXP 	line_2: autoDraw = False
417.6946 	EXP 	line_3: autoDraw = False
417.6946 	EXP 	line4: autoDraw = False
417.6946 	EXP 	probe: autoDraw = False
417.6946 	EXP 	fixation: autoDraw = True
417.8781 	EXP 	Device response: <KeyPress from None: t=417.6698544000001, value=v, duration=0.20711710000000494>
418.6945 	EXP 	fixation: autoDraw = False
418.6945 	EXP 	line1: autoDraw = True
418.6945 	EXP 	line_2: autoDraw = True
418.6945 	EXP 	line_3: autoDraw = True
418.6945 	EXP 	line4: autoDraw = True
419.6944 	INFO 	Keyboard events cleared
419.6943 	EXP 	probe: autoDraw = True
420.2480 	DATA 	Keypress: c
420.2628 	EXP 	Device response: <KeyPress from None: t=420.24706360000005, value=c, duration=None>
420.2631 	EXP 	New trial (rep=39, index=3): <Trial 159 (3 in rep 39) data={'pos': np.int64(-150), 'corr_resp': 'z', 'thisN': 159, 'thisTrialN': 3, 'thisRepN': 39}>
420.2796 	EXP 	fixation: autoDraw = False
420.2796 	EXP 	line1: autoDraw = False
420.2796 	EXP 	line_2: autoDraw = False
420.2796 	EXP 	line_3: autoDraw = False
420.2796 	EXP 	line4: autoDraw = False
420.2796 	EXP 	probe: autoDraw = False
420.2796 	EXP 	fixation: autoDraw = True
420.4302 	EXP 	Device response: <KeyPress from None: t=420.24706360000005, value=c, duration=0.17235909999999421>
421.2623 	EXP 	line1: autoDraw = True
421.2623 	EXP 	line_2: autoDraw = True
421.2623 	EXP 	line_3: autoDraw = True
421.2623 	EXP 	line4: autoDraw = True
421.2788 	EXP 	fixation: autoDraw = False
422.2625 	INFO 	Keyboard events cleared
422.2623 	EXP 	probe: autoDraw = True
422.7462 	EXP 	Device response: <KeyPress from None: t=422.737655, value=z, duration=None>
422.7466 	EXP 	New trial (rep=40, index=0): <Trial 160 (0 in rep 40) data={'pos': np.int64(-50), 'corr_resp': 'x', 'thisN': 160, 'thisTrialN': 0, 'thisRepN': 40}>
422.7479 	DATA 	Keypress: z
422.7622 	EXP 	fixation: autoDraw = False
422.7622 	EXP 	line1: autoDraw = False
422.7622 	EXP 	line_2: autoDraw = False
422.7622 	EXP 	line_3: autoDraw = False
422.7622 	EXP 	line4: autoDraw = False
422.7622 	EXP 	probe: autoDraw = False
422.7622 	EXP 	fixation: autoDraw = True
423.0469 	EXP 	Device response: <KeyPress from None: t=422.737655, value=z, duration=0.30051109999999426>
423.7465 	EXP 	line1: autoDraw = True
423.7465 	EXP 	line_2: autoDraw = True
423.7465 	EXP 	line_3: autoDraw = True
423.7465 	EXP 	line4: autoDraw = True
423.7632 	EXP 	fixation: autoDraw = False
424.7468 	INFO 	Keyboard events cleared
424.7466 	EXP 	probe: autoDraw = True
425.2311 	EXP 	Device response: <KeyPress from None: t=425.22541120000005, value=x, duration=None>
425.2315 	EXP 	New trial (rep=40, index=1): <Trial 161 (1 in rep 40) data={'pos': np.int64(150), 'corr_resp': 'v', 'thisN': 161, 'thisTrialN': 1, 'thisRepN': 40}>
425.2328 	DATA 	Keypress: x
425.2461 	EXP 	fixation: autoDraw = False
425.2461 	EXP 	line1: autoDraw = False
425.2461 	EXP 	line_2: autoDraw = False
425.2461 	EXP 	line_3: autoDraw = False
425.2461 	EXP 	line4: autoDraw = False
425.2461 	EXP 	probe: autoDraw = False
425.2461 	EXP 	fixation: autoDraw = True
425.3969 	EXP 	Device response: <KeyPress from None: t=425.22541120000005, value=x, duration=0.16850829999998496>
426.2473 	EXP 	fixation: autoDraw = False
426.2473 	EXP 	line1: autoDraw = True
426.2473 	EXP 	line_2: autoDraw = True
426.2473 	EXP 	line_3: autoDraw = True
426.2473 	EXP 	line4: autoDraw = True
427.2464 	INFO 	Keyboard events cleared
427.2462 	EXP 	probe: autoDraw = True
427.6637 	EXP 	Device response: <KeyPress from None: t=427.6630054, value=v, duration=None>
427.6641 	EXP 	New trial (rep=40, index=2): <Trial 162 (2 in rep 40) data={'pos': np.int64(50), 'corr_resp': 'c', 'thisN': 162, 'thisTrialN': 2, 'thisRepN': 40}>
427.6655 	DATA 	Keypress: v
427.6795 	EXP 	fixation: autoDraw = False
427.6795 	EXP 	line1: autoDraw = False
427.6795 	EXP 	line_2: autoDraw = False
427.6795 	EXP 	line_3: autoDraw = False
427.6795 	EXP 	line4: autoDraw = False
427.6795 	EXP 	probe: autoDraw = False
427.6795 	EXP 	fixation: autoDraw = True
427.9302 	EXP 	Device response: <KeyPress from None: t=427.6630054, value=v, duration=0.26070580000009613>
428.6798 	EXP 	fixation: autoDraw = False
428.6798 	EXP 	line1: autoDraw = True
428.6798 	EXP 	line_2: autoDraw = True
428.6798 	EXP 	line_3: autoDraw = True
428.6798 	EXP 	line4: autoDraw = True
429.6805 	INFO 	Keyboard events cleared
429.6804 	EXP 	probe: autoDraw = True
430.2304 	EXP 	Device response: <KeyPress from None: t=430.2233735, value=c, duration=None>
430.2308 	EXP 	New trial (rep=40, index=3): <Trial 163 (3 in rep 40) data={'pos': np.int64(-150), 'corr_resp': 'z', 'thisN': 163, 'thisTrialN': 3, 'thisRepN': 40}>
430.2321 	DATA 	Keypress: c
430.2465 	EXP 	fixation: autoDraw = False
430.2465 	EXP 	line1: autoDraw = False
430.2465 	EXP 	line_2: autoDraw = False
430.2465 	EXP 	line_3: autoDraw = False
430.2465 	EXP 	line4: autoDraw = False
430.2465 	EXP 	probe: autoDraw = False
430.2465 	EXP 	fixation: autoDraw = True
430.4137 	EXP 	Device response: <KeyPress from None: t=430.2233735, value=c, duration=0.18969490000006317>
431.2466 	EXP 	fixation: autoDraw = False
431.2466 	EXP 	line1: autoDraw = True
431.2466 	EXP 	line_2: autoDraw = True
431.2466 	EXP 	line_3: autoDraw = True
431.2466 	EXP 	line4: autoDraw = True
432.2465 	INFO 	Keyboard events cleared
432.2463 	EXP 	probe: autoDraw = True
432.6475 	EXP 	Device response: <KeyPress from None: t=432.6427353, value=z, duration=None>
432.6479 	EXP 	New trial (rep=41, index=0): <Trial 164 (0 in rep 41) data={'pos': np.int64(-50), 'corr_resp': 'x', 'thisN': 164, 'thisTrialN': 0, 'thisRepN': 41}>
432.6492 	DATA 	Keypress: z
432.6626 	EXP 	fixation: autoDraw = False
432.6626 	EXP 	line1: autoDraw = False
432.6626 	EXP 	line_2: autoDraw = False
432.6626 	EXP 	line_3: autoDraw = False
432.6626 	EXP 	line4: autoDraw = False
432.6626 	EXP 	probe: autoDraw = False
432.6626 	EXP 	fixation: autoDraw = True
432.9294 	EXP 	Device response: <KeyPress from None: t=432.6427353, value=z, duration=0.2733515999999554>
433.6634 	EXP 	fixation: autoDraw = False
433.6634 	EXP 	line1: autoDraw = True
433.6634 	EXP 	line_2: autoDraw = True
433.6634 	EXP 	line_3: autoDraw = True
433.6634 	EXP 	line4: autoDraw = True
434.6624 	INFO 	Keyboard events cleared
434.6622 	EXP 	probe: autoDraw = True
435.1821 	DATA 	Keypress: x
435.1968 	EXP 	Device response: <KeyPress from None: t=435.18058740000004, value=x, duration=None>
435.1972 	EXP 	New trial (rep=41, index=1): <Trial 165 (1 in rep 41) data={'pos': np.int64(150), 'corr_resp': 'v', 'thisN': 165, 'thisTrialN': 1, 'thisRepN': 41}>
435.2121 	EXP 	fixation: autoDraw = False
435.2121 	EXP 	line1: autoDraw = False
435.2121 	EXP 	line_2: autoDraw = False
435.2121 	EXP 	line_3: autoDraw = False
435.2121 	EXP 	line4: autoDraw = False
435.2121 	EXP 	probe: autoDraw = False
435.2121 	EXP 	fixation: autoDraw = True
435.3467 	EXP 	Device response: <KeyPress from None: t=435.18058740000004, value=x, duration=0.1585826000000452>
436.2131 	EXP 	fixation: autoDraw = False
436.2131 	EXP 	line1: autoDraw = True
436.2131 	EXP 	line_2: autoDraw = True
436.2131 	EXP 	line_3: autoDraw = True
436.2131 	EXP 	line4: autoDraw = True
437.1967 	INFO 	Keyboard events cleared
437.1965 	EXP 	probe: autoDraw = True
437.7302 	EXP 	Device response: <KeyPress from None: t=437.727657, value=v, duration=None>
437.7306 	EXP 	New trial (rep=41, index=2): <Trial 166 (2 in rep 41) data={'pos': np.int64(50), 'corr_resp': 'c', 'thisN': 166, 'thisTrialN': 2, 'thisRepN': 41}>
437.7320 	DATA 	Keypress: v
437.7461 	EXP 	fixation: autoDraw = False
437.7461 	EXP 	line1: autoDraw = False
437.7461 	EXP 	line_2: autoDraw = False
437.7461 	EXP 	line_3: autoDraw = False
437.7461 	EXP 	line4: autoDraw = False
437.7461 	EXP 	probe: autoDraw = False
437.7461 	EXP 	fixation: autoDraw = True
437.9141 	EXP 	Device response: <KeyPress from None: t=437.727657, value=v, duration=0.17917590000001837>
438.7298 	EXP 	line1: autoDraw = True
438.7298 	EXP 	line_2: autoDraw = True
438.7298 	EXP 	line_3: autoDraw = True
438.7298 	EXP 	line4: autoDraw = True
438.7456 	EXP 	fixation: autoDraw = False
439.7318 	INFO 	Keyboard events cleared
439.7316 	EXP 	probe: autoDraw = True
440.4322 	DATA 	Keypress: c
440.4471 	EXP 	Device response: <KeyPress from None: t=440.43151720000003, value=c, duration=None>
440.4475 	EXP 	New trial (rep=41, index=3): <Trial 167 (3 in rep 41) data={'pos': np.int64(-150), 'corr_resp': 'z', 'thisN': 167, 'thisTrialN': 3, 'thisRepN': 41}>
440.4631 	EXP 	fixation: autoDraw = False
440.4631 	EXP 	line1: autoDraw = False
440.4631 	EXP 	line_2: autoDraw = False
440.4631 	EXP 	line_3: autoDraw = False
440.4631 	EXP 	line4: autoDraw = False
440.4631 	EXP 	probe: autoDraw = False
440.4631 	EXP 	fixation: autoDraw = True
440.6136 	EXP 	Device response: <KeyPress from None: t=440.43151720000003, value=c, duration=0.17862590000004275>
441.4467 	EXP 	line1: autoDraw = True
441.4467 	EXP 	line_2: autoDraw = True
441.4467 	EXP 	line_3: autoDraw = True
441.4467 	EXP 	line4: autoDraw = True
441.4632 	EXP 	fixation: autoDraw = False
442.4475 	INFO 	Keyboard events cleared
442.4473 	EXP 	probe: autoDraw = True
443.0635 	EXP 	Device response: <KeyPress from None: t=443.0528014, value=z, duration=None>
443.0638 	EXP 	New trial (rep=42, index=0): <Trial 168 (0 in rep 42) data={'pos': np.int64(-50), 'corr_resp': 'x', 'thisN': 168, 'thisTrialN': 0, 'thisRepN': 42}>
443.0651 	DATA 	Keypress: z
443.0803 	EXP 	fixation: autoDraw = False
443.0803 	EXP 	line1: autoDraw = False
443.0803 	EXP 	line_2: autoDraw = False
443.0803 	EXP 	line_3: autoDraw = False
443.0803 	EXP 	line4: autoDraw = False
443.0803 	EXP 	probe: autoDraw = False
443.0803 	EXP 	fixation: autoDraw = True
443.3635 	EXP 	Device response: <KeyPress from None: t=443.0528014, value=z, duration=0.30786060000002635>
444.0634 	EXP 	line1: autoDraw = True
444.0634 	EXP 	line_2: autoDraw = True
444.0634 	EXP 	line_3: autoDraw = True
444.0634 	EXP 	line4: autoDraw = True
444.0803 	EXP 	fixation: autoDraw = False
445.0632 	INFO 	Keyboard events cleared
445.0630 	EXP 	probe: autoDraw = True
445.9647 	EXP 	Device response: <KeyPress from None: t=445.96229790000007, value=x, duration=None>
445.9651 	EXP 	New trial (rep=42, index=1): <Trial 169 (1 in rep 42) data={'pos': np.int64(150), 'corr_resp': 'v', 'thisN': 169, 'thisTrialN': 1, 'thisRepN': 42}>
445.9665 	DATA 	Keypress: x
445.9801 	EXP 	fixation: autoDraw = False
445.9801 	EXP 	line1: autoDraw = False
445.9801 	EXP 	line_2: autoDraw = False
445.9801 	EXP 	line_3: autoDraw = False
445.9801 	EXP 	line4: autoDraw = False
445.9801 	EXP 	probe: autoDraw = False
445.9801 	EXP 	fixation: autoDraw = True
446.1141 	EXP 	Device response: <KeyPress from None: t=445.96229790000007, value=x, duration=0.15083689999994476>
446.9797 	EXP 	line1: autoDraw = True
446.9797 	EXP 	line_2: autoDraw = True
446.9797 	EXP 	line_3: autoDraw = True
446.9797 	EXP 	line4: autoDraw = True
446.9967 	EXP 	fixation: autoDraw = False
447.9799 	INFO 	Keyboard events cleared
447.9798 	EXP 	probe: autoDraw = True
448.3309 	EXP 	Device response: <KeyPress from None: t=448.33019320000005, value=v, duration=None>
448.3313 	EXP 	New trial (rep=42, index=2): <Trial 170 (2 in rep 42) data={'pos': np.int64(50), 'corr_resp': 'c', 'thisN': 170, 'thisTrialN': 2, 'thisRepN': 42}>
448.3326 	DATA 	Keypress: v
448.3456 	EXP 	fixation: autoDraw = False
448.3456 	EXP 	line1: autoDraw = False
448.3456 	EXP 	line_2: autoDraw = False
448.3456 	EXP 	line_3: autoDraw = False
448.3456 	EXP 	line4: autoDraw = False
448.3456 	EXP 	probe: autoDraw = False
448.3456 	EXP 	fixation: autoDraw = True
448.5633 	EXP 	Device response: <KeyPress from None: t=448.33019320000005, value=v, duration=0.22138729999994666>
449.3466 	EXP 	fixation: autoDraw = False
449.3466 	EXP 	line1: autoDraw = True
449.3466 	EXP 	line_2: autoDraw = True
449.3466 	EXP 	line_3: autoDraw = True
449.3466 	EXP 	line4: autoDraw = True
450.3464 	INFO 	Keyboard events cleared
450.3462 	EXP 	probe: autoDraw = True
450.8142 	EXP 	Device response: <KeyPress from None: t=450.80501260000005, value=c, duration=None>
450.8146 	EXP 	New trial (rep=42, index=3): <Trial 171 (3 in rep 42) data={'pos': np.int64(-150), 'corr_resp': 'z', 'thisN': 171, 'thisTrialN': 3, 'thisRepN': 42}>
450.8166 	DATA 	Keypress: c
450.8291 	EXP 	fixation: autoDraw = False
450.8291 	EXP 	line1: autoDraw = False
450.8291 	EXP 	line_2: autoDraw = False
450.8291 	EXP 	line_3: autoDraw = False
450.8291 	EXP 	line4: autoDraw = False
450.8291 	EXP 	probe: autoDraw = False
450.8291 	EXP 	fixation: autoDraw = True
450.9967 	EXP 	Device response: <KeyPress from None: t=450.80501260000005, value=c, duration=0.18902400000001762>
451.8299 	EXP 	fixation: autoDraw = False
451.8299 	EXP 	line1: autoDraw = True
451.8299 	EXP 	line_2: autoDraw = True
451.8299 	EXP 	line_3: autoDraw = True
451.8299 	EXP 	line4: autoDraw = True
452.8291 	INFO 	Keyboard events cleared
452.8289 	EXP 	probe: autoDraw = True
453.1963 	EXP 	Device response: <KeyPress from None: t=453.1958561, value=z, duration=None>
453.1967 	EXP 	New trial (rep=43, index=0): <Trial 172 (0 in rep 43) data={'pos': np.int64(-50), 'corr_resp': 'x', 'thisN': 172, 'thisTrialN': 0, 'thisRepN': 43}>
453.1980 	DATA 	Keypress: z
453.2132 	EXP 	fixation: autoDraw = False
453.2132 	EXP 	line1: autoDraw = False
453.2132 	EXP 	line_2: autoDraw = False
453.2132 	EXP 	line_3: autoDraw = False
453.2132 	EXP 	line4: autoDraw = False
453.2132 	EXP 	probe: autoDraw = False
453.2132 	EXP 	fixation: autoDraw = True
453.8963 	EXP 	Device response: <KeyPress from None: t=453.1958561, value=z, duration=0.6967730999999731>
454.1958 	EXP 	line1: autoDraw = True
454.1958 	EXP 	line_2: autoDraw = True
454.1958 	EXP 	line_3: autoDraw = True
454.1958 	EXP 	line4: autoDraw = True
454.2124 	EXP 	fixation: autoDraw = False
455.1972 	INFO 	Keyboard events cleared
455.1971 	EXP 	probe: autoDraw = True
455.5949 	EXP 	Device response: <KeyPress from None: t=455.5835449, value=x, duration=None>
455.5953 	EXP 	New trial (rep=43, index=1): <Trial 173 (1 in rep 43) data={'pos': np.int64(150), 'corr_resp': 'v', 'thisN': 173, 'thisTrialN': 1, 'thisRepN': 43}>
455.5965 	DATA 	Keypress: x
455.6113 	EXP 	fixation: autoDraw = False
455.6113 	EXP 	line1: autoDraw = False
455.6113 	EXP 	line_2: autoDraw = False
455.6113 	EXP 	line_3: autoDraw = False
455.6113 	EXP 	line4: autoDraw = False
455.6113 	EXP 	probe: autoDraw = False
455.6113 	EXP 	fixation: autoDraw = True
455.7450 	EXP 	Device response: <KeyPress from None: t=455.5835449, value=x, duration=0.16107660000000124>
456.5942 	EXP 	line1: autoDraw = True
456.5942 	EXP 	line_2: autoDraw = True
456.5942 	EXP 	line_3: autoDraw = True
456.5942 	EXP 	line4: autoDraw = True
456.6109 	EXP 	fixation: autoDraw = False
457.5959 	INFO 	Keyboard events cleared
457.5957 	EXP 	probe: autoDraw = True
458.0648 	EXP 	Device response: <KeyPress from None: t=458.05874790000007, value=v, duration=None>
458.0653 	EXP 	New trial (rep=43, index=2): <Trial 174 (2 in rep 43) data={'pos': np.int64(50), 'corr_resp': 'c', 'thisN': 174, 'thisTrialN': 2, 'thisRepN': 43}>
458.0670 	DATA 	Keypress: v
458.0794 	EXP 	fixation: autoDraw = False
458.0794 	EXP 	line1: autoDraw = False
458.0794 	EXP 	line_2: autoDraw = False
458.0794 	EXP 	line_3: autoDraw = False
458.0794 	EXP 	line4: autoDraw = False
458.0794 	EXP 	probe: autoDraw = False
458.0794 	EXP 	fixation: autoDraw = True
458.2458 	EXP 	Device response: <KeyPress from None: t=458.05874790000007, value=v, duration=0.18612929999994776>
459.0791 	EXP 	fixation: autoDraw = False
459.0791 	EXP 	line1: autoDraw = True
459.0791 	EXP 	line_2: autoDraw = True
459.0791 	EXP 	line_3: autoDraw = True
459.0791 	EXP 	line4: autoDraw = True
460.0807 	INFO 	Keyboard events cleared
460.0805 	EXP 	probe: autoDraw = True
460.3635 	EXP 	Device response: <KeyPress from None: t=460.35772, value=c, duration=None>
460.3639 	EXP 	New trial (rep=43, index=3): <Trial 175 (3 in rep 43) data={'pos': np.int64(-150), 'corr_resp': 'z', 'thisN': 175, 'thisTrialN': 3, 'thisRepN': 43}>
460.3653 	DATA 	Keypress: c
460.3791 	EXP 	fixation: autoDraw = False
460.3791 	EXP 	line1: autoDraw = False
460.3791 	EXP 	line_2: autoDraw = False
460.3791 	EXP 	line_3: autoDraw = False
460.3791 	EXP 	line4: autoDraw = False
460.3791 	EXP 	probe: autoDraw = False
460.3791 	EXP 	fixation: autoDraw = True
460.5307 	EXP 	Device response: <KeyPress from None: t=460.35772, value=c, duration=0.17041249999999764>
461.3625 	EXP 	line1: autoDraw = True
461.3625 	EXP 	line_2: autoDraw = True
461.3625 	EXP 	line_3: autoDraw = True
461.3625 	EXP 	line4: autoDraw = True
461.3798 	EXP 	fixation: autoDraw = False
462.3800 	INFO 	Keyboard events cleared
462.3798 	EXP 	probe: autoDraw = True
462.9302 	EXP 	Device response: <KeyPress from None: t=462.9187117, value=z, duration=None>
462.9305 	EXP 	New trial (rep=44, index=0): <Trial 176 (0 in rep 44) data={'pos': np.int64(-50), 'corr_resp': 'x', 'thisN': 176, 'thisTrialN': 0, 'thisRepN': 44}>
462.9318 	DATA 	Keypress: z
462.9459 	EXP 	fixation: autoDraw = False
462.9459 	EXP 	line1: autoDraw = False
462.9459 	EXP 	line_2: autoDraw = False
462.9459 	EXP 	line_3: autoDraw = False
462.9459 	EXP 	line4: autoDraw = False
462.9459 	EXP 	probe: autoDraw = False
462.9459 	EXP 	fixation: autoDraw = True
463.1638 	EXP 	Device response: <KeyPress from None: t=462.9187117, value=z, duration=0.2343197999999802>
463.9297 	EXP 	line1: autoDraw = True
463.9297 	EXP 	line_2: autoDraw = True
463.9297 	EXP 	line_3: autoDraw = True
463.9297 	EXP 	line4: autoDraw = True
463.9471 	EXP 	fixation: autoDraw = False
464.9469 	INFO 	Keyboard events cleared
464.9467 	EXP 	probe: autoDraw = True
465.6138 	EXP 	Device response: <KeyPress from None: t=465.6107721000001, value=x, duration=None>
465.6147 	EXP 	New trial (rep=44, index=1): <Trial 177 (1 in rep 44) data={'pos': np.int64(150), 'corr_resp': 'v', 'thisN': 177, 'thisTrialN': 1, 'thisRepN': 44}>
465.6160 	DATA 	Keypress: x
465.6300 	EXP 	fixation: autoDraw = False
465.6300 	EXP 	line1: autoDraw = False
465.6300 	EXP 	line_2: autoDraw = False
465.6300 	EXP 	line_3: autoDraw = False
465.6300 	EXP 	line4: autoDraw = False
465.6300 	EXP 	probe: autoDraw = False
465.6300 	EXP 	fixation: autoDraw = True
465.7633 	EXP 	Device response: <KeyPress from None: t=465.6107721000001, value=x, duration=0.1408462999999074>
466.6134 	EXP 	line1: autoDraw = True
466.6134 	EXP 	line_2: autoDraw = True
466.6134 	EXP 	line_3: autoDraw = True
466.6134 	EXP 	line4: autoDraw = True
466.6298 	EXP 	fixation: autoDraw = False
467.6133 	INFO 	Keyboard events cleared
467.6132 	EXP 	probe: autoDraw = True
468.1158 	DATA 	Keypress: v
468.1296 	EXP 	Device response: <KeyPress from None: t=468.1144871, value=v, duration=None>
468.1300 	EXP 	New trial (rep=44, index=2): <Trial 178 (2 in rep 44) data={'pos': np.int64(50), 'corr_resp': 'c', 'thisN': 178, 'thisTrialN': 2, 'thisRepN': 44}>
468.1466 	EXP 	fixation: autoDraw = False
468.1466 	EXP 	line1: autoDraw = False
468.1466 	EXP 	line_2: autoDraw = False
468.1466 	EXP 	line_3: autoDraw = False
468.1466 	EXP 	line4: autoDraw = False
468.1466 	EXP 	probe: autoDraw = False
468.1466 	EXP 	fixation: autoDraw = True
468.3130 	EXP 	Device response: <KeyPress from None: t=468.1144871, value=v, duration=0.18819949999999608>
469.1293 	EXP 	line1: autoDraw = True
469.1293 	EXP 	line_2: autoDraw = True
469.1293 	EXP 	line_3: autoDraw = True
469.1293 	EXP 	line4: autoDraw = True
469.1463 	EXP 	fixation: autoDraw = False
470.1292 	INFO 	Keyboard events cleared
470.1291 	EXP 	probe: autoDraw = True
471.4138 	EXP 	Device response: <KeyPress from None: t=471.41152840000007, value=c, duration=None>
471.4142 	EXP 	New trial (rep=44, index=3): <Trial 179 (3 in rep 44) data={'pos': np.int64(-150), 'corr_resp': 'z', 'thisN': 179, 'thisTrialN': 3, 'thisRepN': 44}>
471.4155 	DATA 	Keypress: c
471.4293 	EXP 	fixation: autoDraw = False
471.4293 	EXP 	line1: autoDraw = False
471.4293 	EXP 	line_2: autoDraw = False
471.4293 	EXP 	line_3: autoDraw = False
471.4293 	EXP 	line4: autoDraw = False
471.4293 	EXP 	probe: autoDraw = False
471.4293 	EXP 	fixation: autoDraw = True
471.6133 	EXP 	Device response: <KeyPress from None: t=471.41152840000007, value=c, duration=0.19075529999997798>
472.4295 	EXP 	fixation: autoDraw = False
472.4295 	EXP 	line1: autoDraw = True
472.4295 	EXP 	line_2: autoDraw = True
472.4295 	EXP 	line_3: autoDraw = True
472.4295 	EXP 	line4: autoDraw = True
473.4140 	INFO 	Keyboard events cleared
473.4138 	EXP 	probe: autoDraw = True
474.1321 	DATA 	Keypress: z
474.1479 	EXP 	Device response: <KeyPress from None: t=474.1312634000001, value=z, duration=None>
474.1483 	EXP 	New trial (rep=45, index=0): <Trial 180 (0 in rep 45) data={'pos': np.int64(-50), 'corr_resp': 'x', 'thisN': 180, 'thisTrialN': 0, 'thisRepN': 45}>
474.1624 	EXP 	fixation: autoDraw = False
474.1624 	EXP 	line1: autoDraw = False
474.1624 	EXP 	line_2: autoDraw = False
474.1624 	EXP 	line_3: autoDraw = False
474.1624 	EXP 	line4: autoDraw = False
474.1624 	EXP 	probe: autoDraw = False
474.1624 	EXP 	fixation: autoDraw = True
474.3463 	EXP 	Device response: <KeyPress from None: t=474.1312634000001, value=z, duration=0.2016316999998935>
475.1631 	EXP 	fixation: autoDraw = False
475.1631 	EXP 	line1: autoDraw = True
475.1631 	EXP 	line_2: autoDraw = True
475.1631 	EXP 	line_3: autoDraw = True
475.1631 	EXP 	line4: autoDraw = True
476.1635 	INFO 	Keyboard events cleared
476.1634 	EXP 	probe: autoDraw = True
477.3994 	DATA 	Keypress: x
477.4140 	EXP 	Device response: <KeyPress from None: t=477.3981176, value=x, duration=None>
477.4144 	EXP 	New trial (rep=45, index=1): <Trial 181 (1 in rep 45) data={'pos': np.int64(150), 'corr_resp': 'v', 'thisN': 181, 'thisTrialN': 1, 'thisRepN': 45}>
477.4301 	EXP 	fixation: autoDraw = False
477.4301 	EXP 	line1: autoDraw = False
477.4301 	EXP 	line_2: autoDraw = False
477.4301 	EXP 	line_3: autoDraw = False
477.4301 	EXP 	line4: autoDraw = False
477.4301 	EXP 	probe: autoDraw = False
477.4301 	EXP 	fixation: autoDraw = True
477.5633 	EXP 	Device response: <KeyPress from None: t=477.3981176, value=x, duration=0.16225790000009965>
478.4131 	EXP 	line1: autoDraw = True
478.4131 	EXP 	line_2: autoDraw = True
478.4131 	EXP 	line_3: autoDraw = True
478.4131 	EXP 	line4: autoDraw = True
478.4304 	EXP 	fixation: autoDraw = False
479.4301 	INFO 	Keyboard events cleared
479.4300 	EXP 	probe: autoDraw = True
480.0134 	EXP 	Device response: <KeyPress from None: t=480.00177270000006, value=v, duration=None>
480.0138 	EXP 	New trial (rep=45, index=2): <Trial 182 (2 in rep 45) data={'pos': np.int64(50), 'corr_resp': 'c', 'thisN': 182, 'thisTrialN': 2, 'thisRepN': 45}>
480.0153 	DATA 	Keypress: v
480.0292 	EXP 	fixation: autoDraw = False
480.0292 	EXP 	line1: autoDraw = False
480.0292 	EXP 	line_2: autoDraw = False
480.0292 	EXP 	line_3: autoDraw = False
480.0292 	EXP 	line4: autoDraw = False
480.0292 	EXP 	probe: autoDraw = False
480.0292 	EXP 	fixation: autoDraw = True
480.2469 	EXP 	Device response: <KeyPress from None: t=480.00177270000006, value=v, duration=0.23513939999998001>
481.0138 	EXP 	line1: autoDraw = True
481.0138 	EXP 	line_2: autoDraw = True
481.0138 	EXP 	line_3: autoDraw = True
481.0138 	EXP 	line4: autoDraw = True
481.0305 	EXP 	fixation: autoDraw = False
482.0132 	INFO 	Keyboard events cleared
482.0131 	EXP 	probe: autoDraw = True
482.7994 	EXP 	Device response: <KeyPress from None: t=482.7856659, value=c, duration=None>
482.8001 	EXP 	New trial (rep=45, index=3): <Trial 183 (3 in rep 45) data={'pos': np.int64(-150), 'corr_resp': 'z', 'thisN': 183, 'thisTrialN': 3, 'thisRepN': 45}>
482.8020 	DATA 	Keypress: c
482.8149 	EXP 	fixation: autoDraw = False
482.8149 	EXP 	line1: autoDraw = False
482.8149 	EXP 	line_2: autoDraw = False
482.8149 	EXP 	line_3: autoDraw = False
482.8149 	EXP 	line4: autoDraw = False
482.8149 	EXP 	probe: autoDraw = False
482.8149 	EXP 	fixation: autoDraw = True
482.9506 	EXP 	Device response: <KeyPress from None: t=482.7856659, value=c, duration=0.14612260000001243>
483.8131 	EXP 	line1: autoDraw = True
483.8131 	EXP 	line_2: autoDraw = True
483.8131 	EXP 	line_3: autoDraw = True
483.8131 	EXP 	line4: autoDraw = True
483.8292 	EXP 	fixation: autoDraw = False
484.8133 	INFO 	Keyboard events cleared
484.8131 	EXP 	probe: autoDraw = True
485.2474 	EXP 	Device response: <KeyPress from None: t=485.24626220000005, value=c, duration=None>
485.2478 	EXP 	New trial (rep=46, index=0): <Trial 184 (0 in rep 46) data={'pos': np.int64(-50), 'corr_resp': 'x', 'thisN': 184, 'thisTrialN': 0, 'thisRepN': 46}>
485.2490 	DATA 	Keypress: c
485.2631 	EXP 	fixation: autoDraw = False
485.2631 	EXP 	line1: autoDraw = False
485.2631 	EXP 	line_2: autoDraw = False
485.2631 	EXP 	line_3: autoDraw = False
485.2631 	EXP 	line4: autoDraw = False
485.2631 	EXP 	probe: autoDraw = False
485.2631 	EXP 	fixation: autoDraw = True
485.3972 	EXP 	Device response: <KeyPress from None: t=485.24626220000005, value=c, duration=0.1462968999999248>
486.2635 	EXP 	fixation: autoDraw = False
486.2635 	EXP 	line1: autoDraw = True
486.2635 	EXP 	line_2: autoDraw = True
486.2635 	EXP 	line_3: autoDraw = True
486.2635 	EXP 	line4: autoDraw = True
487.2634 	INFO 	Keyboard events cleared
487.2633 	EXP 	probe: autoDraw = True
488.3632 	EXP 	Device response: <KeyPress from None: t=488.3558522000001, value=x, duration=None>
488.3636 	EXP 	New trial (rep=46, index=1): <Trial 185 (1 in rep 46) data={'pos': np.int64(150), 'corr_resp': 'v', 'thisN': 185, 'thisTrialN': 1, 'thisRepN': 46}>
488.3651 	DATA 	Keypress: x
488.3793 	EXP 	fixation: autoDraw = False
488.3793 	EXP 	line1: autoDraw = False
488.3793 	EXP 	line_2: autoDraw = False
488.3793 	EXP 	line_3: autoDraw = False
488.3793 	EXP 	line4: autoDraw = False
488.3793 	EXP 	probe: autoDraw = False
488.3793 	EXP 	fixation: autoDraw = True
488.5474 	EXP 	Device response: <KeyPress from None: t=488.3558522000001, value=x, duration=0.18672089999995478>
489.3640 	EXP 	line1: autoDraw = True
489.3640 	EXP 	line_2: autoDraw = True
489.3640 	EXP 	line_3: autoDraw = True
489.3640 	EXP 	line4: autoDraw = True
489.3802 	EXP 	fixation: autoDraw = False
490.3634 	INFO 	Keyboard events cleared
490.3632 	EXP 	probe: autoDraw = True
490.7799 	EXP 	Device response: <KeyPress from None: t=490.7727496, value=v, duration=None>
490.7803 	EXP 	New trial (rep=46, index=2): <Trial 186 (2 in rep 46) data={'pos': np.int64(50), 'corr_resp': 'c', 'thisN': 186, 'thisTrialN': 2, 'thisRepN': 46}>
490.7816 	DATA 	Keypress: v
490.7960 	EXP 	fixation: autoDraw = False
490.7960 	EXP 	line1: autoDraw = False
490.7960 	EXP 	line_2: autoDraw = False
490.7960 	EXP 	line_3: autoDraw = False
490.7960 	EXP 	line4: autoDraw = False
490.7960 	EXP 	probe: autoDraw = False
490.7960 	EXP 	fixation: autoDraw = True
490.9970 	EXP 	Device response: <KeyPress from None: t=490.7727496, value=v, duration=0.21496360000003278>
491.7793 	EXP 	line1: autoDraw = True
491.7793 	EXP 	line_2: autoDraw = True
491.7793 	EXP 	line_3: autoDraw = True
491.7793 	EXP 	line4: autoDraw = True
491.7968 	EXP 	fixation: autoDraw = False
492.7794 	INFO 	Keyboard events cleared
492.7792 	EXP 	probe: autoDraw = True
494.2305 	EXP 	Device response: <KeyPress from None: t=494.2188026, value=c, duration=None>
494.2309 	EXP 	New trial (rep=46, index=3): <Trial 187 (3 in rep 46) data={'pos': np.int64(-150), 'corr_resp': 'z', 'thisN': 187, 'thisTrialN': 3, 'thisRepN': 46}>
494.2323 	DATA 	Keypress: c
494.2459 	EXP 	fixation: autoDraw = False
494.2459 	EXP 	line1: autoDraw = False
494.2459 	EXP 	line_2: autoDraw = False
494.2459 	EXP 	line_3: autoDraw = False
494.2459 	EXP 	line4: autoDraw = False
494.2459 	EXP 	probe: autoDraw = False
494.2459 	EXP 	fixation: autoDraw = True
494.4136 	EXP 	Device response: <KeyPress from None: t=494.2188026, value=c, duration=0.1806786000000784>
495.2299 	EXP 	line1: autoDraw = True
495.2299 	EXP 	line_2: autoDraw = True
495.2299 	EXP 	line_3: autoDraw = True
495.2299 	EXP 	line4: autoDraw = True
495.2473 	EXP 	fixation: autoDraw = False
496.2301 	INFO 	Keyboard events cleared
496.2299 	EXP 	probe: autoDraw = True
496.6799 	EXP 	Device response: <KeyPress from None: t=496.6753717, value=z, duration=None>
496.6806 	EXP 	New trial (rep=47, index=0): <Trial 188 (0 in rep 47) data={'pos': np.int64(-50), 'corr_resp': 'x', 'thisN': 188, 'thisTrialN': 0, 'thisRepN': 47}>
496.6823 	DATA 	Keypress: z
496.6961 	EXP 	fixation: autoDraw = False
496.6961 	EXP 	line1: autoDraw = False
496.6961 	EXP 	line_2: autoDraw = False
496.6961 	EXP 	line_3: autoDraw = False
496.6961 	EXP 	line4: autoDraw = False
496.6961 	EXP 	probe: autoDraw = False
496.6961 	EXP 	fixation: autoDraw = True
496.9132 	EXP 	Device response: <KeyPress from None: t=496.6753717, value=z, duration=0.2268248999999969>
497.6970 	EXP 	fixation: autoDraw = False
497.6970 	EXP 	line1: autoDraw = True
497.6970 	EXP 	line_2: autoDraw = True
497.6970 	EXP 	line_3: autoDraw = True
497.6970 	EXP 	line4: autoDraw = True
498.6803 	INFO 	Keyboard events cleared
498.6801 	EXP 	probe: autoDraw = True
499.3140 	EXP 	Device response: <KeyPress from None: t=499.30380660000003, value=x, duration=None>
499.3144 	EXP 	New trial (rep=47, index=1): <Trial 189 (1 in rep 47) data={'pos': np.int64(150), 'corr_resp': 'v', 'thisN': 189, 'thisTrialN': 1, 'thisRepN': 47}>
499.3161 	DATA 	Keypress: x
499.3293 	EXP 	fixation: autoDraw = False
499.3293 	EXP 	line1: autoDraw = False
499.3293 	EXP 	line_2: autoDraw = False
499.3293 	EXP 	line_3: autoDraw = False
499.3293 	EXP 	line4: autoDraw = False
499.3293 	EXP 	probe: autoDraw = False
499.3293 	EXP 	fixation: autoDraw = True
499.4973 	EXP 	Device response: <KeyPress from None: t=499.30380660000003, value=x, duration=0.18591700000001765>
500.3131 	EXP 	line1: autoDraw = True
500.3131 	EXP 	line_2: autoDraw = True
500.3131 	EXP 	line_3: autoDraw = True
500.3131 	EXP 	line4: autoDraw = True
500.3304 	EXP 	fixation: autoDraw = False
501.3133 	INFO 	Keyboard events cleared
501.3132 	EXP 	probe: autoDraw = True
501.6978 	EXP 	Device response: <KeyPress from None: t=501.68916260000003, value=v, duration=None>
501.6982 	EXP 	New trial (rep=47, index=2): <Trial 190 (2 in rep 47) data={'pos': np.int64(50), 'corr_resp': 'c', 'thisN': 190, 'thisTrialN': 2, 'thisRepN': 47}>
501.6996 	DATA 	Keypress: v
501.7133 	EXP 	fixation: autoDraw = False
501.7133 	EXP 	line1: autoDraw = False
501.7133 	EXP 	line_2: autoDraw = False
501.7133 	EXP 	line_3: autoDraw = False
501.7133 	EXP 	line4: autoDraw = False
501.7133 	EXP 	probe: autoDraw = False
501.7133 	EXP 	fixation: autoDraw = True
501.8800 	EXP 	Device response: <KeyPress from None: t=501.68916260000003, value=v, duration=0.18147609999994074>
502.7137 	EXP 	fixation: autoDraw = False
502.7137 	EXP 	line1: autoDraw = True
502.7137 	EXP 	line_2: autoDraw = True
502.7137 	EXP 	line_3: autoDraw = True
502.7137 	EXP 	line4: autoDraw = True
503.7137 	INFO 	Keyboard events cleared
503.7136 	EXP 	probe: autoDraw = True
504.4146 	EXP 	Device response: <KeyPress from None: t=504.4105061, value=c, duration=None>
504.4150 	EXP 	New trial (rep=47, index=3): <Trial 191 (3 in rep 47) data={'pos': np.int64(-150), 'corr_resp': 'z', 'thisN': 191, 'thisTrialN': 3, 'thisRepN': 47}>
504.4163 	DATA 	Keypress: c
504.4305 	EXP 	fixation: autoDraw = False
504.4305 	EXP 	line1: autoDraw = False
504.4305 	EXP 	line_2: autoDraw = False
504.4305 	EXP 	line_3: autoDraw = False
504.4305 	EXP 	line4: autoDraw = False
504.4305 	EXP 	probe: autoDraw = False
504.4305 	EXP 	fixation: autoDraw = True
504.5808 	EXP 	Device response: <KeyPress from None: t=504.4105061, value=c, duration=0.16069260000006125>
505.4298 	EXP 	fixation: autoDraw = False
505.4298 	EXP 	line1: autoDraw = True
505.4298 	EXP 	line_2: autoDraw = True
505.4298 	EXP 	line_3: autoDraw = True
505.4298 	EXP 	line4: autoDraw = True
506.4311 	INFO 	Keyboard events cleared
506.4309 	EXP 	probe: autoDraw = True
507.2476 	EXP 	Device response: <KeyPress from None: t=507.2449597, value=z, duration=None>
507.2480 	EXP 	New trial (rep=48, index=0): <Trial 192 (0 in rep 48) data={'pos': np.int64(-50), 'corr_resp': 'x', 'thisN': 192, 'thisTrialN': 0, 'thisRepN': 48}>
507.2492 	DATA 	Keypress: z
507.2630 	EXP 	fixation: autoDraw = False
507.2630 	EXP 	line1: autoDraw = False
507.2630 	EXP 	line_2: autoDraw = False
507.2630 	EXP 	line_3: autoDraw = False
507.2630 	EXP 	line4: autoDraw = False
507.2630 	EXP 	probe: autoDraw = False
507.2630 	EXP 	fixation: autoDraw = True
507.4967 	EXP 	Device response: <KeyPress from None: t=507.2449597, value=z, duration=0.23981460000004517>
508.2474 	EXP 	line1: autoDraw = True
508.2474 	EXP 	line_2: autoDraw = True
508.2474 	EXP 	line_3: autoDraw = True
508.2474 	EXP 	line4: autoDraw = True
508.2645 	EXP 	fixation: autoDraw = False
509.2648 	INFO 	Keyboard events cleared
509.2642 	EXP 	probe: autoDraw = True
509.6482 	EXP 	Device response: <KeyPress from None: t=509.63228230000004, value=v, duration=None>
509.6486 	EXP 	New trial (rep=48, index=1): <Trial 193 (1 in rep 48) data={'pos': np.int64(150), 'corr_resp': 'v', 'thisN': 193, 'thisTrialN': 1, 'thisRepN': 48}>
509.6502 	DATA 	Keypress: v
509.6641 	EXP 	fixation: autoDraw = False
509.6641 	EXP 	line1: autoDraw = False
509.6641 	EXP 	line_2: autoDraw = False
509.6641 	EXP 	line_3: autoDraw = False
509.6641 	EXP 	line4: autoDraw = False
509.6641 	EXP 	probe: autoDraw = False
509.6641 	EXP 	fixation: autoDraw = True
509.7969 	EXP 	Device response: <KeyPress from None: t=509.63228230000004, value=v, duration=0.15073340000003554>
510.6637 	EXP 	line1: autoDraw = True
510.6637 	EXP 	line_2: autoDraw = True
510.6637 	EXP 	line_3: autoDraw = True
510.6637 	EXP 	line4: autoDraw = True
510.6799 	EXP 	fixation: autoDraw = False
511.6636 	INFO 	Keyboard events cleared
511.6635 	EXP 	probe: autoDraw = True
512.1145 	EXP 	Device response: <KeyPress from None: t=512.1001219, value=v, duration=None>
512.1149 	EXP 	New trial (rep=48, index=2): <Trial 194 (2 in rep 48) data={'pos': np.int64(50), 'corr_resp': 'c', 'thisN': 194, 'thisTrialN': 2, 'thisRepN': 48}>
512.1161 	DATA 	Keypress: v
512.1294 	EXP 	fixation: autoDraw = False
512.1294 	EXP 	line1: autoDraw = False
512.1294 	EXP 	line_2: autoDraw = False
512.1294 	EXP 	line_3: autoDraw = False
512.1294 	EXP 	line4: autoDraw = False
512.1294 	EXP 	probe: autoDraw = False
512.1294 	EXP 	fixation: autoDraw = True
512.3298 	EXP 	Device response: <KeyPress from None: t=512.1001219, value=v, duration=0.21562600000004295>
513.1308 	EXP 	fixation: autoDraw = False
513.1308 	EXP 	line1: autoDraw = True
513.1308 	EXP 	line_2: autoDraw = True
513.1308 	EXP 	line_3: autoDraw = True
513.1308 	EXP 	line4: autoDraw = True
514.1310 	INFO 	Keyboard events cleared
514.1308 	EXP 	probe: autoDraw = True
514.8141 	EXP 	Device response: <KeyPress from None: t=514.8114614, value=c, duration=None>
514.8144 	EXP 	New trial (rep=48, index=3): <Trial 195 (3 in rep 48) data={'pos': np.int64(-150), 'corr_resp': 'z', 'thisN': 195, 'thisTrialN': 3, 'thisRepN': 48}>
514.8157 	DATA 	Keypress: c
514.8293 	EXP 	fixation: autoDraw = False
514.8293 	EXP 	line1: autoDraw = False
514.8293 	EXP 	line_2: autoDraw = False
514.8293 	EXP 	line_3: autoDraw = False
514.8293 	EXP 	line4: autoDraw = False
514.8293 	EXP 	probe: autoDraw = False
514.8293 	EXP 	fixation: autoDraw = True
514.9641 	EXP 	Device response: <KeyPress from None: t=514.8114614, value=c, duration=0.14657980000004045>
515.8143 	EXP 	line1: autoDraw = True
515.8143 	EXP 	line_2: autoDraw = True
515.8143 	EXP 	line_3: autoDraw = True
515.8143 	EXP 	line4: autoDraw = True
515.8312 	EXP 	fixation: autoDraw = False
516.8142 	INFO 	Keyboard events cleared
516.8140 	EXP 	probe: autoDraw = True
517.4134 	EXP 	Device response: <KeyPress from None: t=517.4077874000001, value=z, duration=None>
517.4141 	EXP 	New trial (rep=49, index=0): <Trial 196 (0 in rep 49) data={'pos': np.int64(-50), 'corr_resp': 'x', 'thisN': 196, 'thisTrialN': 0, 'thisRepN': 49}>
517.4157 	DATA 	Keypress: z
517.4294 	EXP 	fixation: autoDraw = False
517.4294 	EXP 	line1: autoDraw = False
517.4294 	EXP 	line_2: autoDraw = False
517.4294 	EXP 	line_3: autoDraw = False
517.4294 	EXP 	line4: autoDraw = False
517.4294 	EXP 	probe: autoDraw = False
517.4294 	EXP 	fixation: autoDraw = True
517.6466 	EXP 	Device response: <KeyPress from None: t=517.4077874000001, value=z, duration=0.23563830000000507>
518.4294 	EXP 	fixation: autoDraw = False
518.4294 	EXP 	line1: autoDraw = True
518.4294 	EXP 	line_2: autoDraw = True
518.4294 	EXP 	line_3: autoDraw = True
518.4294 	EXP 	line4: autoDraw = True
519.4149 	INFO 	Keyboard events cleared
519.4147 	EXP 	probe: autoDraw = True
520.3956 	EXP 	Device response: <KeyPress from None: t=520.3944313000001, value=x, duration=None>
520.3960 	EXP 	New trial (rep=49, index=1): <Trial 197 (1 in rep 49) data={'pos': np.int64(150), 'corr_resp': 'v', 'thisN': 197, 'thisTrialN': 1, 'thisRepN': 49}>
520.3973 	DATA 	Keypress: x
520.4119 	EXP 	fixation: autoDraw = False
520.4119 	EXP 	line1: autoDraw = False
520.4119 	EXP 	line_2: autoDraw = False
520.4119 	EXP 	line_3: autoDraw = False
520.4119 	EXP 	line4: autoDraw = False
520.4119 	EXP 	probe: autoDraw = False
520.4119 	EXP 	fixation: autoDraw = True
520.5622 	EXP 	Device response: <KeyPress from None: t=520.3944313000001, value=x, duration=0.16469280000001163>
521.4123 	EXP 	fixation: autoDraw = False
521.4123 	EXP 	line1: autoDraw = True
521.4123 	EXP 	line_2: autoDraw = True
521.4123 	EXP 	line_3: autoDraw = True
521.4123 	EXP 	line4: autoDraw = True
522.3962 	INFO 	Keyboard events cleared
522.3960 	EXP 	probe: autoDraw = True
522.9300 	EXP 	Device response: <KeyPress from None: t=522.916881, value=v, duration=None>
522.9305 	EXP 	New trial (rep=49, index=2): <Trial 198 (2 in rep 49) data={'pos': np.int64(50), 'corr_resp': 'c', 'thisN': 198, 'thisTrialN': 2, 'thisRepN': 49}>
522.9319 	DATA 	Keypress: v
522.9459 	EXP 	fixation: autoDraw = False
522.9459 	EXP 	line1: autoDraw = False
522.9459 	EXP 	line_2: autoDraw = False
522.9459 	EXP 	line_3: autoDraw = False
522.9459 	EXP 	line4: autoDraw = False
522.9459 	EXP 	probe: autoDraw = False
522.9459 	EXP 	fixation: autoDraw = True
523.1135 	EXP 	Device response: <KeyPress from None: t=522.916881, value=v, duration=0.1928015000000869>
523.9305 	EXP 	line1: autoDraw = True
523.9305 	EXP 	line_2: autoDraw = True
523.9305 	EXP 	line_3: autoDraw = True
523.9305 	EXP 	line4: autoDraw = True
523.9468 	EXP 	fixation: autoDraw = False
524.9309 	INFO 	Keyboard events cleared
524.9307 	EXP 	probe: autoDraw = True
525.4809 	EXP 	Device response: <KeyPress from None: t=525.4754666, value=c, duration=None>
525.4813 	EXP 	New trial (rep=49, index=3): <Trial 199 (3 in rep 49) data={'pos': np.int64(-150), 'corr_resp': 'z', 'thisN': 199, 'thisTrialN': 3, 'thisRepN': 49}>
525.4827 	DATA 	Keypress: c
525.4969 	EXP 	fixation: autoDraw = False
525.4969 	EXP 	line1: autoDraw = False
525.4969 	EXP 	line_2: autoDraw = False
525.4969 	EXP 	line_3: autoDraw = False
525.4969 	EXP 	line4: autoDraw = False
525.4969 	EXP 	probe: autoDraw = False
525.4969 	EXP 	fixation: autoDraw = True
525.6970 	EXP 	Device response: <KeyPress from None: t=525.4754666, value=c, duration=0.21654419999993024>
526.4952 	EXP 	line1: autoDraw = True
526.4952 	EXP 	line_2: autoDraw = True
526.4952 	EXP 	line_3: autoDraw = True
526.4952 	EXP 	line4: autoDraw = True
526.5115 	EXP 	fixation: autoDraw = False
527.4963 	INFO 	Keyboard events cleared
527.4962 	EXP 	probe: autoDraw = True
527.9968 	EXP 	Device response: <KeyPress from None: t=527.9929498000001, value=z, duration=None>
528.0283 	EXP 	Imported conditions.csv as conditions, 4 conditions, 2 params
528.0381 	EXP 	New trial (rep=0, index=0): <Trial 0 (0 in rep 0) data={'pos': np.int64(-150), 'corr_resp': 'z', 'thisN': 0, 'thisTrialN': 0, 'thisRepN': 0}>
528.0397 	DATA 	Keypress: z
528.0485 	EXP 	fixation: autoDraw = False
528.0485 	EXP 	line1: autoDraw = False
528.0485 	EXP 	line_2: autoDraw = False
528.0485 	EXP 	line_3: autoDraw = False
528.0485 	EXP 	line4: autoDraw = False
528.0485 	EXP 	probe: autoDraw = False
528.0485 	EXP 	fixation: autoDraw = True
528.2467 	EXP 	Device response: <KeyPress from None: t=527.9929498000001, value=z, duration=0.244110899999896>
528.9962 	EXP 	line1: autoDraw = True
528.9962 	EXP 	line_2: autoDraw = True
528.9962 	EXP 	line_3: autoDraw = True
528.9962 	EXP 	line4: autoDraw = True
529.0632 	EXP 	fixation: autoDraw = False
529.9970 	INFO 	Keyboard events cleared
529.9968 	EXP 	probe: autoDraw = True
530.6138 	EXP 	Device response: <KeyPress from None: t=530.6045472999999, value=z, duration=None>
530.6141 	EXP 	New trial (rep=0, index=1): <Trial 1 (1 in rep 0) data={'pos': np.int64(150), 'corr_resp': 'v', 'thisN': 1, 'thisTrialN': 1, 'thisRepN': 0}>
530.6158 	DATA 	Keypress: z
530.6295 	EXP 	fixation: autoDraw = False
530.6295 	EXP 	line1: autoDraw = False
530.6295 	EXP 	line_2: autoDraw = False
530.6295 	EXP 	line_3: autoDraw = False
530.6295 	EXP 	line4: autoDraw = False
530.6295 	EXP 	probe: autoDraw = False
530.6295 	EXP 	fixation: autoDraw = True
530.8317 	EXP 	Device response: <KeyPress from None: t=530.6045472999999, value=z, duration=0.22184480000009899>
531.6129 	EXP 	line1: autoDraw = True
531.6129 	EXP 	line_2: autoDraw = True
531.6129 	EXP 	line_3: autoDraw = True
531.6129 	EXP 	line4: autoDraw = True
531.6294 	EXP 	fixation: autoDraw = False
532.6133 	INFO 	Keyboard events cleared
532.6131 	EXP 	probe: autoDraw = True
532.9646 	EXP 	Device response: <KeyPress from None: t=532.9575281, value=v, duration=None>
532.9650 	EXP 	New trial (rep=0, index=2): <Trial 2 (2 in rep 0) data={'pos': np.int64(-50), 'corr_resp': 'x', 'thisN': 2, 'thisTrialN': 2, 'thisRepN': 0}>
532.9663 	DATA 	Keypress: v
532.9798 	EXP 	fixation: autoDraw = False
532.9798 	EXP 	line1: autoDraw = False
532.9798 	EXP 	line_2: autoDraw = False
532.9798 	EXP 	line_3: autoDraw = False
532.9798 	EXP 	line4: autoDraw = False
532.9798 	EXP 	probe: autoDraw = False
532.9798 	EXP 	fixation: autoDraw = True
533.1639 	EXP 	Device response: <KeyPress from None: t=532.9575281, value=v, duration=0.19007360000000517>
533.9800 	EXP 	fixation: autoDraw = False
533.9800 	EXP 	line1: autoDraw = True
533.9800 	EXP 	line_2: autoDraw = True
533.9800 	EXP 	line_3: autoDraw = True
533.9800 	EXP 	line4: autoDraw = True
534.9801 	INFO 	Keyboard events cleared
534.9800 	EXP 	probe: autoDraw = True
535.5467 	EXP 	Device response: <KeyPress from None: t=535.5388389, value=x, duration=None>
535.5471 	EXP 	New trial (rep=0, index=3): <Trial 3 (3 in rep 0) data={'pos': np.int64(50), 'corr_resp': 'c', 'thisN': 3, 'thisTrialN': 3, 'thisRepN': 0}>
535.5483 	DATA 	Keypress: x
535.5629 	EXP 	fixation: autoDraw = False
535.5629 	EXP 	line1: autoDraw = False
535.5629 	EXP 	line_2: autoDraw = False
535.5629 	EXP 	line_3: autoDraw = False
535.5629 	EXP 	line4: autoDraw = False
535.5629 	EXP 	probe: autoDraw = False
535.5629 	EXP 	fixation: autoDraw = True
535.6809 	EXP 	Device response: <KeyPress from None: t=535.5388389, value=x, duration=0.14122870000005605>
536.5471 	EXP 	line1: autoDraw = True
536.5471 	EXP 	line_2: autoDraw = True
536.5471 	EXP 	line_3: autoDraw = True
536.5471 	EXP 	line4: autoDraw = True
536.5639 	EXP 	fixation: autoDraw = False
537.5471 	INFO 	Keyboard events cleared
537.5469 	EXP 	probe: autoDraw = True
537.9492 	DATA 	Keypress: v
537.9642 	EXP 	Device response: <KeyPress from None: t=537.9479167, value=v, duration=None>
537.9646 	EXP 	New trial (rep=1, index=0): <Trial 4 (0 in rep 1) data={'pos': np.int64(-50), 'corr_resp': 'x', 'thisN': 4, 'thisTrialN': 0, 'thisRepN': 1}>
537.9809 	EXP 	fixation: autoDraw = False
537.9809 	EXP 	line1: autoDraw = False
537.9809 	EXP 	line_2: autoDraw = False
537.9809 	EXP 	line_3: autoDraw = False
537.9809 	EXP 	line4: autoDraw = False
537.9809 	EXP 	probe: autoDraw = False
537.9809 	EXP 	fixation: autoDraw = True
538.1465 	EXP 	Device response: <KeyPress from None: t=537.9479167, value=v, duration=0.1958147000000281>
538.9636 	EXP 	line1: autoDraw = True
538.9636 	EXP 	line_2: autoDraw = True
538.9636 	EXP 	line_3: autoDraw = True
538.9636 	EXP 	line4: autoDraw = True
538.9802 	EXP 	fixation: autoDraw = False
539.9643 	INFO 	Keyboard events cleared
539.9641 	EXP 	probe: autoDraw = True
540.6304 	EXP 	Device response: <KeyPress from None: t=540.6271938, value=x, duration=None>
540.6308 	EXP 	New trial (rep=1, index=1): <Trial 5 (1 in rep 1) data={'pos': np.int64(-150), 'corr_resp': 'z', 'thisN': 5, 'thisTrialN': 1, 'thisRepN': 1}>
540.6321 	DATA 	Keypress: x
540.6462 	EXP 	fixation: autoDraw = False
540.6462 	EXP 	line1: autoDraw = False
540.6462 	EXP 	line_2: autoDraw = False
540.6462 	EXP 	line_3: autoDraw = False
540.6462 	EXP 	line4: autoDraw = False
540.6462 	EXP 	probe: autoDraw = False
540.6462 	EXP 	fixation: autoDraw = True
540.7640 	EXP 	Device response: <KeyPress from None: t=540.6271938, value=x, duration=0.13650350000011713>
541.6305 	EXP 	line1: autoDraw = True
541.6305 	EXP 	line_2: autoDraw = True
541.6305 	EXP 	line_3: autoDraw = True
541.6305 	EXP 	line4: autoDraw = True
541.6462 	EXP 	fixation: autoDraw = False
542.6296 	INFO 	Keyboard events cleared
542.6294 	EXP 	probe: autoDraw = True
543.4977 	EXP 	Device response: <KeyPress from None: t=543.4960937999999, value=z, duration=None>
543.4981 	EXP 	New trial (rep=1, index=2): <Trial 6 (2 in rep 1) data={'pos': np.int64(50), 'corr_resp': 'c', 'thisN': 6, 'thisTrialN': 2, 'thisRepN': 1}>
543.4995 	DATA 	Keypress: z
543.5134 	EXP 	fixation: autoDraw = False
543.5134 	EXP 	line1: autoDraw = False
543.5134 	EXP 	line_2: autoDraw = False
543.5134 	EXP 	line_3: autoDraw = False
543.5134 	EXP 	line4: autoDraw = False
543.5134 	EXP 	probe: autoDraw = False
543.5134 	EXP 	fixation: autoDraw = True
543.6972 	EXP 	Device response: <KeyPress from None: t=543.4960937999999, value=z, duration=0.18715430000020206>
544.5133 	EXP 	fixation: autoDraw = False
544.5133 	EXP 	line1: autoDraw = True
544.5133 	EXP 	line_2: autoDraw = True
544.5133 	EXP 	line_3: autoDraw = True
544.5133 	EXP 	line4: autoDraw = True
545.4966 	INFO 	Keyboard events cleared
545.4964 	EXP 	probe: autoDraw = True
546.6800 	EXP 	Device response: <KeyPress from None: t=546.6732456, value=v, duration=None>
546.6803 	EXP 	New trial (rep=1, index=3): <Trial 7 (3 in rep 1) data={'pos': np.int64(150), 'corr_resp': 'v', 'thisN': 7, 'thisTrialN': 3, 'thisRepN': 1}>
546.6816 	DATA 	Keypress: v
546.6968 	EXP 	fixation: autoDraw = False
546.6968 	EXP 	line1: autoDraw = False
546.6968 	EXP 	line_2: autoDraw = False
546.6968 	EXP 	line_3: autoDraw = False
546.6968 	EXP 	line4: autoDraw = False
546.6968 	EXP 	probe: autoDraw = False
546.6968 	EXP 	fixation: autoDraw = True
546.8139 	EXP 	Device response: <KeyPress from None: t=546.6732456, value=v, duration=0.1363847000000078>
547.6795 	EXP 	line1: autoDraw = True
547.6795 	EXP 	line_2: autoDraw = True
547.6795 	EXP 	line_3: autoDraw = True
547.6795 	EXP 	line4: autoDraw = True
547.6961 	EXP 	fixation: autoDraw = False
548.6799 	INFO 	Keyboard events cleared
548.6797 	EXP 	probe: autoDraw = True
549.2317 	DATA 	Keypress: v
549.2468 	EXP 	Device response: <KeyPress from None: t=549.2308155999999, value=v, duration=None>
549.2472 	EXP 	New trial (rep=2, index=0): <Trial 8 (0 in rep 2) data={'pos': np.int64(-50), 'corr_resp': 'x', 'thisN': 8, 'thisTrialN': 0, 'thisRepN': 2}>
549.2634 	EXP 	fixation: autoDraw = False
549.2634 	EXP 	line1: autoDraw = False
549.2634 	EXP 	line_2: autoDraw = False
549.2634 	EXP 	line_3: autoDraw = False
549.2634 	EXP 	line4: autoDraw = False
549.2634 	EXP 	probe: autoDraw = False
549.2634 	EXP 	fixation: autoDraw = True
549.4138 	EXP 	Device response: <KeyPress from None: t=549.2308155999999, value=v, duration=0.17551680000019587>
550.2472 	EXP 	line1: autoDraw = True
550.2472 	EXP 	line_2: autoDraw = True
550.2472 	EXP 	line_3: autoDraw = True
550.2472 	EXP 	line4: autoDraw = True
550.2638 	EXP 	fixation: autoDraw = False
551.2471 	INFO 	Keyboard events cleared
551.2469 	EXP 	probe: autoDraw = True
552.0807 	EXP 	Device response: <KeyPress from None: t=552.0771273, value=x, duration=None>
552.0810 	EXP 	New trial (rep=2, index=1): <Trial 9 (1 in rep 2) data={'pos': np.int64(-150), 'corr_resp': 'z', 'thisN': 9, 'thisTrialN': 1, 'thisRepN': 2}>
552.0824 	DATA 	Keypress: x
552.0962 	EXP 	fixation: autoDraw = False
552.0962 	EXP 	line1: autoDraw = False
552.0962 	EXP 	line_2: autoDraw = False
552.0962 	EXP 	line_3: autoDraw = False
552.0962 	EXP 	line4: autoDraw = False
552.0962 	EXP 	probe: autoDraw = False
552.0962 	EXP 	fixation: autoDraw = True
552.1641 	EXP 	Device response: <KeyPress from None: t=552.0771273, value=x, duration=0.07181659999992007>
553.0966 	EXP 	fixation: autoDraw = False
553.0966 	EXP 	line1: autoDraw = True
553.0966 	EXP 	line_2: autoDraw = True
553.0966 	EXP 	line_3: autoDraw = True
553.0966 	EXP 	line4: autoDraw = True
554.0804 	INFO 	Keyboard events cleared
554.0802 	EXP 	probe: autoDraw = True
555.1801 	EXP 	Device response: <KeyPress from None: t=555.1775439, value=z, duration=None>
555.1806 	EXP 	New trial (rep=2, index=2): <Trial 10 (2 in rep 2) data={'pos': np.int64(150), 'corr_resp': 'v', 'thisN': 10, 'thisTrialN': 2, 'thisRepN': 2}>
555.1821 	DATA 	Keypress: z
555.1963 	EXP 	fixation: autoDraw = False
555.1963 	EXP 	line1: autoDraw = False
555.1963 	EXP 	line_2: autoDraw = False
555.1963 	EXP 	line_3: autoDraw = False
555.1963 	EXP 	line4: autoDraw = False
555.1963 	EXP 	probe: autoDraw = False
555.1963 	EXP 	fixation: autoDraw = True
555.2969 	EXP 	Device response: <KeyPress from None: t=555.1775439, value=z, duration=0.10559229999989839>
556.1812 	EXP 	line1: autoDraw = True
556.1812 	EXP 	line_2: autoDraw = True
556.1812 	EXP 	line_3: autoDraw = True
556.1812 	EXP 	line4: autoDraw = True
556.1973 	EXP 	fixation: autoDraw = False
557.1803 	INFO 	Keyboard events cleared
557.1801 	EXP 	probe: autoDraw = True
557.5641 	EXP 	Device response: <KeyPress from None: t=557.5578284000001, value=v, duration=None>
557.5644 	EXP 	New trial (rep=2, index=3): <Trial 11 (3 in rep 2) data={'pos': np.int64(50), 'corr_resp': 'c', 'thisN': 11, 'thisTrialN': 3, 'thisRepN': 2}>
557.5657 	DATA 	Keypress: v
557.5797 	EXP 	fixation: autoDraw = False
557.5797 	EXP 	line1: autoDraw = False
557.5797 	EXP 	line_2: autoDraw = False
557.5797 	EXP 	line_3: autoDraw = False
557.5797 	EXP 	line4: autoDraw = False
557.5797 	EXP 	probe: autoDraw = False
557.5797 	EXP 	fixation: autoDraw = True
557.7814 	EXP 	Device response: <KeyPress from None: t=557.5578284000001, value=v, duration=0.2167887000000519>
558.5629 	EXP 	line1: autoDraw = True
558.5629 	EXP 	line_2: autoDraw = True
558.5629 	EXP 	line_3: autoDraw = True
558.5629 	EXP 	line4: autoDraw = True
558.5795 	EXP 	fixation: autoDraw = False
559.5808 	INFO 	Keyboard events cleared
559.5807 	EXP 	probe: autoDraw = True
560.1972 	EXP 	Device response: <KeyPress from None: t=560.1960821, value=c, duration=None>
560.1976 	EXP 	New trial (rep=3, index=0): <Trial 12 (0 in rep 3) data={'pos': np.int64(-50), 'corr_resp': 'x', 'thisN': 12, 'thisTrialN': 0, 'thisRepN': 3}>
560.1989 	DATA 	Keypress: c
560.2128 	EXP 	fixation: autoDraw = False
560.2128 	EXP 	line1: autoDraw = False
560.2128 	EXP 	line_2: autoDraw = False
560.2128 	EXP 	line_3: autoDraw = False
560.2128 	EXP 	line4: autoDraw = False
560.2128 	EXP 	probe: autoDraw = False
560.2128 	EXP 	fixation: autoDraw = True
560.3978 	EXP 	Device response: <KeyPress from None: t=560.1960821, value=c, duration=0.1907650000000558>
561.1972 	EXP 	line1: autoDraw = True
561.1972 	EXP 	line_2: autoDraw = True
561.1972 	EXP 	line_3: autoDraw = True
561.1972 	EXP 	line4: autoDraw = True
561.2139 	EXP 	fixation: autoDraw = False
562.1964 	INFO 	Keyboard events cleared
562.1962 	EXP 	probe: autoDraw = True
562.7806 	EXP 	Device response: <KeyPress from None: t=562.7745981, value=x, duration=None>
562.7810 	EXP 	New trial (rep=3, index=1): <Trial 13 (1 in rep 3) data={'pos': np.int64(150), 'corr_resp': 'v', 'thisN': 13, 'thisTrialN': 1, 'thisRepN': 3}>
562.7824 	DATA 	Keypress: x
562.7963 	EXP 	fixation: autoDraw = False
562.7963 	EXP 	line1: autoDraw = False
562.7963 	EXP 	line_2: autoDraw = False
562.7963 	EXP 	line_3: autoDraw = False
562.7963 	EXP 	line4: autoDraw = False
562.7963 	EXP 	probe: autoDraw = False
562.7963 	EXP 	fixation: autoDraw = True
562.9308 	EXP 	Device response: <KeyPress from None: t=562.7745981, value=x, duration=0.14067999999997483>
563.7798 	EXP 	line1: autoDraw = True
563.7798 	EXP 	line_2: autoDraw = True
563.7798 	EXP 	line_3: autoDraw = True
563.7798 	EXP 	line4: autoDraw = True
563.7970 	EXP 	fixation: autoDraw = False
564.7970 	INFO 	Keyboard events cleared
564.7968 	EXP 	probe: autoDraw = True
566.6308 	EXP 	Device response: <KeyPress from None: t=566.6283263, value=v, duration=None>
566.6312 	EXP 	New trial (rep=3, index=2): <Trial 14 (2 in rep 3) data={'pos': np.int64(50), 'corr_resp': 'c', 'thisN': 14, 'thisTrialN': 2, 'thisRepN': 3}>
566.6328 	DATA 	Keypress: v
566.6477 	EXP 	fixation: autoDraw = False
566.6477 	EXP 	line1: autoDraw = False
566.6477 	EXP 	line_2: autoDraw = False
566.6477 	EXP 	line_3: autoDraw = False
566.6477 	EXP 	line4: autoDraw = False
566.6477 	EXP 	probe: autoDraw = False
566.6477 	EXP 	fixation: autoDraw = True
566.8143 	EXP 	Device response: <KeyPress from None: t=566.6283263, value=v, duration=0.17805360000011206>
567.6303 	EXP 	line1: autoDraw = True
567.6303 	EXP 	line_2: autoDraw = True
567.6303 	EXP 	line_3: autoDraw = True
567.6303 	EXP 	line4: autoDraw = True
567.6472 	EXP 	fixation: autoDraw = False
568.6477 	INFO 	Keyboard events cleared
568.6475 	EXP 	probe: autoDraw = True
569.7309 	EXP 	Device response: <KeyPress from None: t=569.7261923000001, value=c, duration=None>
569.7313 	EXP 	New trial (rep=3, index=3): <Trial 15 (3 in rep 3) data={'pos': np.int64(-150), 'corr_resp': 'z', 'thisN': 15, 'thisTrialN': 3, 'thisRepN': 3}>
569.7325 	DATA 	Keypress: c
569.7463 	EXP 	fixation: autoDraw = False
569.7463 	EXP 	line1: autoDraw = False
569.7463 	EXP 	line_2: autoDraw = False
569.7463 	EXP 	line_3: autoDraw = False
569.7463 	EXP 	line4: autoDraw = False
569.7463 	EXP 	probe: autoDraw = False
569.7463 	EXP 	fixation: autoDraw = True
569.8644 	EXP 	Device response: <KeyPress from None: t=569.7261923000001, value=c, duration=0.12875659999986055>
570.7467 	EXP 	fixation: autoDraw = False
570.7467 	EXP 	line1: autoDraw = True
570.7467 	EXP 	line_2: autoDraw = True
570.7467 	EXP 	line_3: autoDraw = True
570.7467 	EXP 	line4: autoDraw = True
571.7305 	INFO 	Keyboard events cleared
571.7303 	EXP 	probe: autoDraw = True
572.4813 	EXP 	Device response: <KeyPress from None: t=572.4804189000001, value=z, duration=None>
572.4817 	EXP 	New trial (rep=4, index=0): <Trial 16 (0 in rep 4) data={'pos': np.int64(50), 'corr_resp': 'c', 'thisN': 16, 'thisTrialN': 0, 'thisRepN': 4}>
572.4833 	DATA 	Keypress: z
572.4968 	EXP 	fixation: autoDraw = False
572.4968 	EXP 	line1: autoDraw = False
572.4968 	EXP 	line_2: autoDraw = False
572.4968 	EXP 	line_3: autoDraw = False
572.4968 	EXP 	line4: autoDraw = False
572.4968 	EXP 	probe: autoDraw = False
572.4968 	EXP 	fixation: autoDraw = True
572.6137 	EXP 	Device response: <KeyPress from None: t=572.4804189000001, value=z, duration=0.12966609999989487>
573.4968 	EXP 	fixation: autoDraw = False
573.4968 	EXP 	line1: autoDraw = True
573.4968 	EXP 	line_2: autoDraw = True
573.4968 	EXP 	line_3: autoDraw = True
573.4968 	EXP 	line4: autoDraw = True
574.4972 	INFO 	Keyboard events cleared
574.4971 	EXP 	probe: autoDraw = True
575.2994 	DATA 	Keypress: c
575.3151 	EXP 	Device response: <KeyPress from None: t=575.2982081, value=c, duration=None>
575.3155 	EXP 	New trial (rep=4, index=1): <Trial 17 (1 in rep 4) data={'pos': np.int64(150), 'corr_resp': 'v', 'thisN': 17, 'thisTrialN': 1, 'thisRepN': 4}>
575.3306 	EXP 	fixation: autoDraw = False
575.3306 	EXP 	line1: autoDraw = False
575.3306 	EXP 	line_2: autoDraw = False
575.3306 	EXP 	line_3: autoDraw = False
575.3306 	EXP 	line4: autoDraw = False
575.3306 	EXP 	probe: autoDraw = False
575.3306 	EXP 	fixation: autoDraw = True
575.4644 	EXP 	Device response: <KeyPress from None: t=575.2982081, value=c, duration=0.15080600000010236>
576.3306 	EXP 	fixation: autoDraw = False
576.3306 	EXP 	line1: autoDraw = True
576.3306 	EXP 	line_2: autoDraw = True
576.3306 	EXP 	line_3: autoDraw = True
576.3306 	EXP 	line4: autoDraw = True
577.3308 	INFO 	Keyboard events cleared
577.3306 	EXP 	probe: autoDraw = True
577.9159 	DATA 	Keypress: v
577.9310 	EXP 	Device response: <KeyPress from None: t=577.9137283, value=v, duration=None>
577.9314 	EXP 	New trial (rep=4, index=2): <Trial 18 (2 in rep 4) data={'pos': np.int64(-150), 'corr_resp': 'z', 'thisN': 18, 'thisTrialN': 2, 'thisRepN': 4}>
577.9465 	EXP 	fixation: autoDraw = False
577.9465 	EXP 	line1: autoDraw = False
577.9465 	EXP 	line_2: autoDraw = False
577.9465 	EXP 	line_3: autoDraw = False
577.9465 	EXP 	line4: autoDraw = False
577.9465 	EXP 	probe: autoDraw = False
577.9465 	EXP 	fixation: autoDraw = True
578.0149 	EXP 	Device response: <KeyPress from None: t=577.9137283, value=v, duration=0.09698610000009467>
578.9463 	EXP 	fixation: autoDraw = False
578.9463 	EXP 	line1: autoDraw = True
578.9463 	EXP 	line_2: autoDraw = True
578.9463 	EXP 	line_3: autoDraw = True
578.9463 	EXP 	line4: autoDraw = True
579.9467 	INFO 	Keyboard events cleared
579.9465 	EXP 	probe: autoDraw = True
581.0476 	EXP 	Device response: <KeyPress from None: t=581.0358565000001, value=z, duration=None>
581.0479 	EXP 	New trial (rep=4, index=3): <Trial 19 (3 in rep 4) data={'pos': np.int64(-50), 'corr_resp': 'x', 'thisN': 19, 'thisTrialN': 3, 'thisRepN': 4}>
581.0493 	DATA 	Keypress: z
581.0630 	EXP 	fixation: autoDraw = False
581.0630 	EXP 	line1: autoDraw = False
581.0630 	EXP 	line_2: autoDraw = False
581.0630 	EXP 	line_3: autoDraw = False
581.0630 	EXP 	line4: autoDraw = False
581.0630 	EXP 	probe: autoDraw = False
581.0630 	EXP 	fixation: autoDraw = True
581.1145 	EXP 	Device response: <KeyPress from None: t=581.0358565000001, value=z, duration=0.0762425999998868>
582.0475 	EXP 	line1: autoDraw = True
582.0475 	EXP 	line_2: autoDraw = True
582.0475 	EXP 	line_3: autoDraw = True
582.0475 	EXP 	line4: autoDraw = True
582.0642 	EXP 	fixation: autoDraw = False
583.0471 	INFO 	Keyboard events cleared
583.0470 	EXP 	probe: autoDraw = True
583.0812 	EXP 	Device response: <KeyPress from None: t=583.0724500000001, value=x, duration=None>
583.0816 	EXP 	New trial (rep=5, index=0): <Trial 20 (0 in rep 5) data={'pos': np.int64(-150), 'corr_resp': 'z', 'thisN': 20, 'thisTrialN': 0, 'thisRepN': 5}>
583.0831 	DATA 	Keypress: x
583.0968 	EXP 	fixation: autoDraw = False
583.0968 	EXP 	line1: autoDraw = False
583.0968 	EXP 	line_2: autoDraw = False
583.0968 	EXP 	line_3: autoDraw = False
583.0968 	EXP 	line4: autoDraw = False
583.0968 	EXP 	probe: autoDraw = False
583.0968 	EXP 	fixation: autoDraw = True
583.0973 	EXP 	Device response: <KeyPress from None: t=583.0724500000001, value=x, duration=0.013507699999991019>
584.0798 	EXP 	line1: autoDraw = True
584.0798 	EXP 	line_2: autoDraw = True
584.0798 	EXP 	line_3: autoDraw = True
584.0798 	EXP 	line4: autoDraw = True
584.0969 	EXP 	fixation: autoDraw = False
585.0806 	INFO 	Keyboard events cleared
585.0805 	EXP 	probe: autoDraw = True
585.7472 	EXP 	Device response: <KeyPress from None: t=585.7340203000001, value=z, duration=None>
585.7476 	EXP 	New trial (rep=5, index=1): <Trial 21 (1 in rep 5) data={'pos': np.int64(-50), 'corr_resp': 'x', 'thisN': 21, 'thisTrialN': 1, 'thisRepN': 5}>
585.7491 	DATA 	Keypress: z
585.7649 	EXP 	fixation: autoDraw = False
585.7649 	EXP 	line1: autoDraw = False
585.7649 	EXP 	line_2: autoDraw = False
585.7649 	EXP 	line_3: autoDraw = False
585.7649 	EXP 	line4: autoDraw = False
585.7649 	EXP 	probe: autoDraw = False
585.7649 	EXP 	fixation: autoDraw = True
585.8471 	EXP 	Device response: <KeyPress from None: t=585.7340203000001, value=z, duration=0.09936539999989691>
586.7476 	EXP 	line1: autoDraw = True
586.7476 	EXP 	line_2: autoDraw = True
586.7476 	EXP 	line_3: autoDraw = True
586.7476 	EXP 	line4: autoDraw = True
586.7630 	EXP 	fixation: autoDraw = False
587.7474 	INFO 	Keyboard events cleared
587.7471 	EXP 	probe: autoDraw = True
588.3136 	EXP 	Device response: <KeyPress from None: t=588.2999516, value=x, duration=None>
588.3141 	EXP 	New trial (rep=5, index=2): <Trial 22 (2 in rep 5) data={'pos': np.int64(150), 'corr_resp': 'v', 'thisN': 22, 'thisTrialN': 2, 'thisRepN': 5}>
588.3157 	DATA 	Keypress: x
588.3297 	EXP 	fixation: autoDraw = False
588.3297 	EXP 	line1: autoDraw = False
588.3297 	EXP 	line_2: autoDraw = False
588.3297 	EXP 	line_3: autoDraw = False
588.3297 	EXP 	line4: autoDraw = False
588.3297 	EXP 	probe: autoDraw = False
588.3297 	EXP 	fixation: autoDraw = True
588.4809 	EXP 	Device response: <KeyPress from None: t=588.2999516, value=x, duration=0.16773200000011457>
589.3143 	EXP 	line1: autoDraw = True
589.3143 	EXP 	line_2: autoDraw = True
589.3143 	EXP 	line_3: autoDraw = True
589.3143 	EXP 	line4: autoDraw = True
589.3315 	EXP 	fixation: autoDraw = False
590.3141 	INFO 	Keyboard events cleared
590.3140 	EXP 	probe: autoDraw = True
590.7479 	EXP 	Device response: <KeyPress from None: t=590.7453021000001, value=v, duration=None>
590.7484 	EXP 	New trial (rep=5, index=3): <Trial 23 (3 in rep 5) data={'pos': np.int64(50), 'corr_resp': 'c', 'thisN': 23, 'thisTrialN': 3, 'thisRepN': 5}>
590.7498 	DATA 	Keypress: v
590.7634 	EXP 	fixation: autoDraw = False
590.7634 	EXP 	line1: autoDraw = False
590.7634 	EXP 	line_2: autoDraw = False
590.7634 	EXP 	line_3: autoDraw = False
590.7634 	EXP 	line4: autoDraw = False
590.7634 	EXP 	probe: autoDraw = False
590.7634 	EXP 	fixation: autoDraw = True
590.9480 	EXP 	Device response: <KeyPress from None: t=590.7453021000001, value=v, duration=0.19082619999994677>
591.7476 	EXP 	line1: autoDraw = True
591.7476 	EXP 	line_2: autoDraw = True
591.7476 	EXP 	line_3: autoDraw = True
591.7476 	EXP 	line4: autoDraw = True
591.7646 	EXP 	fixation: autoDraw = False
592.7647 	INFO 	Keyboard events cleared
592.7645 	EXP 	probe: autoDraw = True
593.2807 	EXP 	Device response: <KeyPress from None: t=593.2678753, value=c, duration=None>
593.2811 	EXP 	New trial (rep=6, index=0): <Trial 24 (0 in rep 6) data={'pos': np.int64(50), 'corr_resp': 'c', 'thisN': 24, 'thisTrialN': 0, 'thisRepN': 6}>
593.2826 	DATA 	Keypress: c
593.2976 	EXP 	fixation: autoDraw = False
593.2976 	EXP 	line1: autoDraw = False
593.2976 	EXP 	line_2: autoDraw = False
593.2976 	EXP 	line_3: autoDraw = False
593.2976 	EXP 	line4: autoDraw = False
593.2976 	EXP 	probe: autoDraw = False
593.2976 	EXP 	fixation: autoDraw = True
593.4309 	EXP 	Device response: <KeyPress from None: t=593.2678753, value=c, duration=0.15964789999998175>
594.2799 	EXP 	line1: autoDraw = True
594.2799 	EXP 	line_2: autoDraw = True
594.2799 	EXP 	line_3: autoDraw = True
594.2799 	EXP 	line4: autoDraw = True
594.2978 	EXP 	fixation: autoDraw = False
595.2967 	INFO 	Keyboard events cleared
595.2965 	EXP 	probe: autoDraw = True
595.6973 	EXP 	Device response: <KeyPress from None: t=595.6961243000001, value=c, duration=None>
595.6977 	EXP 	New trial (rep=6, index=1): <Trial 25 (1 in rep 6) data={'pos': np.int64(-50), 'corr_resp': 'x', 'thisN': 25, 'thisTrialN': 1, 'thisRepN': 6}>
595.6995 	DATA 	Keypress: c
595.7131 	EXP 	fixation: autoDraw = False
595.7131 	EXP 	line1: autoDraw = False
595.7131 	EXP 	line_2: autoDraw = False
595.7131 	EXP 	line_3: autoDraw = False
595.7131 	EXP 	line4: autoDraw = False
595.7131 	EXP 	probe: autoDraw = False
595.7131 	EXP 	fixation: autoDraw = True
595.8137 	EXP 	Device response: <KeyPress from None: t=595.6961243000001, value=c, duration=0.11509169999999358>
596.6972 	EXP 	line1: autoDraw = True
596.6972 	EXP 	line_2: autoDraw = True
596.6972 	EXP 	line_3: autoDraw = True
596.6972 	EXP 	line4: autoDraw = True
596.7139 	EXP 	fixation: autoDraw = False
597.6981 	INFO 	Keyboard events cleared
597.6979 	EXP 	probe: autoDraw = True
598.0813 	EXP 	Device response: <KeyPress from None: t=598.0764788000001, value=x, duration=None>
598.0817 	EXP 	New trial (rep=6, index=2): <Trial 26 (2 in rep 6) data={'pos': np.int64(150), 'corr_resp': 'v', 'thisN': 26, 'thisTrialN': 2, 'thisRepN': 6}>
598.0832 	DATA 	Keypress: x
598.0964 	EXP 	fixation: autoDraw = False
598.0964 	EXP 	line1: autoDraw = False
598.0964 	EXP 	line_2: autoDraw = False
598.0964 	EXP 	line_3: autoDraw = False
598.0964 	EXP 	line4: autoDraw = False
598.0964 	EXP 	probe: autoDraw = False
598.0964 	EXP 	fixation: autoDraw = True
598.1987 	EXP 	Device response: <KeyPress from None: t=598.0764788000001, value=x, duration=0.11523309999984122>
599.0974 	EXP 	fixation: autoDraw = False
599.0974 	EXP 	line1: autoDraw = True
599.0974 	EXP 	line_2: autoDraw = True
599.0974 	EXP 	line_3: autoDraw = True
599.0974 	EXP 	line4: autoDraw = True
600.0972 	INFO 	Keyboard events cleared
600.0970 	EXP 	probe: autoDraw = True
600.4479 	EXP 	Device response: <KeyPress from None: t=600.4442490000001, value=v, duration=None>
600.4483 	EXP 	New trial (rep=6, index=3): <Trial 27 (3 in rep 6) data={'pos': np.int64(-150), 'corr_resp': 'z', 'thisN': 27, 'thisTrialN': 3, 'thisRepN': 6}>
600.4497 	DATA 	Keypress: v
600.4632 	EXP 	fixation: autoDraw = False
600.4632 	EXP 	line1: autoDraw = False
600.4632 	EXP 	line_2: autoDraw = False
600.4632 	EXP 	line_3: autoDraw = False
600.4632 	EXP 	line4: autoDraw = False
600.4632 	EXP 	probe: autoDraw = False
600.4632 	EXP 	fixation: autoDraw = True
600.6314 	EXP 	Device response: <KeyPress from None: t=600.4442490000001, value=v, duration=0.18026679999979933>
601.4642 	EXP 	fixation: autoDraw = False
601.4642 	EXP 	line1: autoDraw = True
601.4642 	EXP 	line_2: autoDraw = True
601.4642 	EXP 	line_3: autoDraw = True
601.4642 	EXP 	line4: autoDraw = True
602.4474 	INFO 	Keyboard events cleared
602.4473 	EXP 	probe: autoDraw = True
603.1818 	DATA 	Keypress: z
603.1977 	EXP 	Device response: <KeyPress from None: t=603.1808549, value=z, duration=None>
603.1982 	EXP 	New trial (rep=7, index=0): <Trial 28 (0 in rep 7) data={'pos': np.int64(150), 'corr_resp': 'v', 'thisN': 28, 'thisTrialN': 0, 'thisRepN': 7}>
603.2131 	EXP 	fixation: autoDraw = False
603.2131 	EXP 	line1: autoDraw = False
603.2131 	EXP 	line_2: autoDraw = False
603.2131 	EXP 	line_3: autoDraw = False
603.2131 	EXP 	line4: autoDraw = False
603.2131 	EXP 	probe: autoDraw = False
603.2131 	EXP 	fixation: autoDraw = True
603.3643 	EXP 	Device response: <KeyPress from None: t=603.1808549, value=z, duration=0.17509210000002895>
604.1978 	EXP 	line1: autoDraw = True
604.1978 	EXP 	line_2: autoDraw = True
604.1978 	EXP 	line_3: autoDraw = True
604.1978 	EXP 	line4: autoDraw = True
604.2140 	EXP 	fixation: autoDraw = False
605.1990 	INFO 	Keyboard events cleared
605.1988 	EXP 	probe: autoDraw = True
605.4316 	EXP 	Device response: <KeyPress from None: t=605.4270325, value=x, duration=None>
605.4320 	EXP 	New trial (rep=7, index=1): <Trial 29 (1 in rep 7) data={'pos': np.int64(-150), 'corr_resp': 'z', 'thisN': 29, 'thisTrialN': 1, 'thisRepN': 7}>
605.4335 	DATA 	Keypress: x
605.4465 	EXP 	fixation: autoDraw = False
605.4465 	EXP 	line1: autoDraw = False
605.4465 	EXP 	line_2: autoDraw = False
605.4465 	EXP 	line_3: autoDraw = False
605.4465 	EXP 	line4: autoDraw = False
605.4465 	EXP 	probe: autoDraw = False
605.4465 	EXP 	fixation: autoDraw = True
605.5148 	EXP 	Device response: <KeyPress from None: t=605.4270325, value=x, duration=0.0779317000001356>
606.4465 	EXP 	fixation: autoDraw = False
606.4465 	EXP 	line1: autoDraw = True
606.4465 	EXP 	line_2: autoDraw = True
606.4465 	EXP 	line_3: autoDraw = True
606.4465 	EXP 	line4: autoDraw = True
607.4467 	INFO 	Keyboard events cleared
607.4466 	EXP 	probe: autoDraw = True
608.0303 	EXP 	Device response: <KeyPress from None: t=608.0189352, value=z, duration=None>
608.0308 	EXP 	New trial (rep=7, index=2): <Trial 30 (2 in rep 7) data={'pos': np.int64(50), 'corr_resp': 'c', 'thisN': 30, 'thisTrialN': 2, 'thisRepN': 7}>
608.0321 	DATA 	Keypress: z
608.0466 	EXP 	fixation: autoDraw = False
608.0466 	EXP 	line1: autoDraw = False
608.0466 	EXP 	line_2: autoDraw = False
608.0466 	EXP 	line_3: autoDraw = False
608.0466 	EXP 	line4: autoDraw = False
608.0466 	EXP 	probe: autoDraw = False
608.0466 	EXP 	fixation: autoDraw = True
608.1971 	EXP 	Device response: <KeyPress from None: t=608.0189352, value=z, duration=0.1752923000001374>
609.0306 	EXP 	line1: autoDraw = True
609.0306 	EXP 	line_2: autoDraw = True
609.0306 	EXP 	line_3: autoDraw = True
609.0306 	EXP 	line4: autoDraw = True
609.0473 	EXP 	fixation: autoDraw = False
610.0309 	INFO 	Keyboard events cleared
610.0307 	EXP 	probe: autoDraw = True
611.2640 	EXP 	Device response: <KeyPress from None: t=611.2565635000001, value=c, duration=None>
611.2645 	EXP 	New trial (rep=7, index=3): <Trial 31 (3 in rep 7) data={'pos': np.int64(-50), 'corr_resp': 'x', 'thisN': 31, 'thisTrialN': 3, 'thisRepN': 7}>
611.2658 	DATA 	Keypress: c
611.2798 	EXP 	fixation: autoDraw = False
611.2798 	EXP 	line1: autoDraw = False
611.2798 	EXP 	line_2: autoDraw = False
611.2798 	EXP 	line_3: autoDraw = False
611.2798 	EXP 	line4: autoDraw = False
611.2798 	EXP 	probe: autoDraw = False
611.2798 	EXP 	fixation: autoDraw = True
611.3652 	EXP 	Device response: <KeyPress from None: t=611.2565635000001, value=c, duration=0.1005388999999468>
612.2637 	EXP 	line1: autoDraw = True
612.2637 	EXP 	line_2: autoDraw = True
612.2637 	EXP 	line_3: autoDraw = True
612.2637 	EXP 	line4: autoDraw = True
612.2804 	EXP 	fixation: autoDraw = False
613.2637 	INFO 	Keyboard events cleared
613.2635 	EXP 	probe: autoDraw = True
613.8504 	DATA 	Keypress: x
613.8640 	EXP 	Device response: <KeyPress from None: t=613.8487542, value=x, duration=None>
613.8644 	EXP 	New trial (rep=8, index=0): <Trial 32 (0 in rep 8) data={'pos': np.int64(50), 'corr_resp': 'c', 'thisN': 32, 'thisTrialN': 0, 'thisRepN': 8}>
613.8797 	EXP 	fixation: autoDraw = False
613.8797 	EXP 	line1: autoDraw = False
613.8797 	EXP 	line_2: autoDraw = False
613.8797 	EXP 	line_3: autoDraw = False
613.8797 	EXP 	line4: autoDraw = False
613.8797 	EXP 	probe: autoDraw = False
613.8797 	EXP 	fixation: autoDraw = True
613.9816 	EXP 	Device response: <KeyPress from None: t=613.8487542, value=x, duration=0.12621459999991202>
614.8639 	EXP 	line1: autoDraw = True
614.8639 	EXP 	line_2: autoDraw = True
614.8639 	EXP 	line_3: autoDraw = True
614.8639 	EXP 	line4: autoDraw = True
614.8809 	EXP 	fixation: autoDraw = False
615.8642 	INFO 	Keyboard events cleared
615.8641 	EXP 	probe: autoDraw = True
616.2805 	EXP 	Device response: <KeyPress from None: t=616.269699, value=c, duration=None>
616.2809 	EXP 	New trial (rep=8, index=1): <Trial 33 (1 in rep 8) data={'pos': np.int64(-150), 'corr_resp': 'z', 'thisN': 33, 'thisTrialN': 1, 'thisRepN': 8}>
616.2822 	DATA 	Keypress: c
616.2971 	EXP 	fixation: autoDraw = False
616.2971 	EXP 	line1: autoDraw = False
616.2971 	EXP 	line_2: autoDraw = False
616.2971 	EXP 	line_3: autoDraw = False
616.2971 	EXP 	line4: autoDraw = False
616.2971 	EXP 	probe: autoDraw = False
616.2971 	EXP 	fixation: autoDraw = True
616.4647 	EXP 	Device response: <KeyPress from None: t=616.269699, value=c, duration=0.18737529999998515>
617.2807 	EXP 	line1: autoDraw = True
617.2807 	EXP 	line_2: autoDraw = True
617.2807 	EXP 	line_3: autoDraw = True
617.2807 	EXP 	line4: autoDraw = True
617.2975 	EXP 	fixation: autoDraw = False
618.2811 	INFO 	Keyboard events cleared
618.2810 	EXP 	probe: autoDraw = True
618.9478 	EXP 	Device response: <KeyPress from None: t=618.9378187, value=z, duration=None>
618.9484 	EXP 	New trial (rep=8, index=2): <Trial 34 (2 in rep 8) data={'pos': np.int64(-50), 'corr_resp': 'x', 'thisN': 34, 'thisTrialN': 2, 'thisRepN': 8}>
618.9499 	DATA 	Keypress: z
618.9642 	EXP 	fixation: autoDraw = False
618.9642 	EXP 	line1: autoDraw = False
618.9642 	EXP 	line_2: autoDraw = False
618.9642 	EXP 	line_3: autoDraw = False
618.9642 	EXP 	line4: autoDraw = False
618.9642 	EXP 	probe: autoDraw = False
618.9642 	EXP 	fixation: autoDraw = True
619.1475 	EXP 	Device response: <KeyPress from None: t=618.9378187, value=z, duration=0.1970618000000286>
619.9472 	EXP 	line1: autoDraw = True
619.9472 	EXP 	line_2: autoDraw = True
619.9472 	EXP 	line_3: autoDraw = True
619.9472 	EXP 	line4: autoDraw = True
619.9637 	EXP 	fixation: autoDraw = False
620.9473 	INFO 	Keyboard events cleared
620.9472 	EXP 	probe: autoDraw = True
621.8479 	EXP 	Device response: <KeyPress from None: t=621.8346035, value=x, duration=None>
621.8483 	EXP 	New trial (rep=8, index=3): <Trial 35 (3 in rep 8) data={'pos': np.int64(150), 'corr_resp': 'v', 'thisN': 35, 'thisTrialN': 3, 'thisRepN': 8}>
621.8497 	DATA 	Keypress: x
621.8632 	EXP 	fixation: autoDraw = False
621.8632 	EXP 	line1: autoDraw = False
621.8632 	EXP 	line_2: autoDraw = False
621.8632 	EXP 	line_3: autoDraw = False
621.8632 	EXP 	line4: autoDraw = False
621.8632 	EXP 	probe: autoDraw = False
621.8632 	EXP 	fixation: autoDraw = True
621.9810 	EXP 	Device response: <KeyPress from None: t=621.8346035, value=x, duration=0.13891869999997652>
622.8480 	EXP 	line1: autoDraw = True
622.8480 	EXP 	line_2: autoDraw = True
622.8480 	EXP 	line_3: autoDraw = True
622.8480 	EXP 	line4: autoDraw = True
622.8640 	EXP 	fixation: autoDraw = False
623.8620 	INFO 	Keyboard events cleared
623.8619 	EXP 	probe: autoDraw = True
624.2804 	EXP 	Device response: <KeyPress from None: t=624.2712839999999, value=v, duration=None>
624.2808 	EXP 	New trial (rep=9, index=0): <Trial 36 (0 in rep 9) data={'pos': np.int64(-50), 'corr_resp': 'x', 'thisN': 36, 'thisTrialN': 0, 'thisRepN': 9}>
624.2825 	DATA 	Keypress: v
624.2967 	EXP 	fixation: autoDraw = False
624.2967 	EXP 	line1: autoDraw = False
624.2967 	EXP 	line_2: autoDraw = False
624.2967 	EXP 	line_3: autoDraw = False
624.2967 	EXP 	line4: autoDraw = False
624.2967 	EXP 	probe: autoDraw = False
624.2967 	EXP 	fixation: autoDraw = True
624.4472 	EXP 	Device response: <KeyPress from None: t=624.2712839999999, value=v, duration=0.1733208000000559>
625.2810 	EXP 	line1: autoDraw = True
625.2810 	EXP 	line_2: autoDraw = True
625.2810 	EXP 	line_3: autoDraw = True
625.2810 	EXP 	line4: autoDraw = True
625.2967 	EXP 	fixation: autoDraw = False
626.2802 	INFO 	Keyboard events cleared
626.2801 	EXP 	probe: autoDraw = True
626.9647 	EXP 	Device response: <KeyPress from None: t=626.9616682999999, value=x, duration=None>
626.9650 	EXP 	New trial (rep=9, index=1): <Trial 37 (1 in rep 9) data={'pos': np.int64(150), 'corr_resp': 'v', 'thisN': 37, 'thisTrialN': 1, 'thisRepN': 9}>
626.9665 	DATA 	Keypress: x
626.9800 	EXP 	fixation: autoDraw = False
626.9800 	EXP 	line1: autoDraw = False
626.9800 	EXP 	line_2: autoDraw = False
626.9800 	EXP 	line_3: autoDraw = False
626.9800 	EXP 	line4: autoDraw = False
626.9800 	EXP 	probe: autoDraw = False
626.9800 	EXP 	fixation: autoDraw = True
627.1315 	EXP 	Device response: <KeyPress from None: t=626.9616682999999, value=x, duration=0.15904460000001563>
627.9639 	EXP 	line1: autoDraw = True
627.9639 	EXP 	line_2: autoDraw = True
627.9639 	EXP 	line_3: autoDraw = True
627.9639 	EXP 	line4: autoDraw = True
627.9807 	EXP 	fixation: autoDraw = False
628.9808 	INFO 	Keyboard events cleared
628.9806 	EXP 	probe: autoDraw = True
629.9145 	EXP 	Device response: <KeyPress from None: t=629.912157, value=v, duration=None>
629.9149 	EXP 	New trial (rep=9, index=2): <Trial 38 (2 in rep 9) data={'pos': np.int64(50), 'corr_resp': 'c', 'thisN': 38, 'thisTrialN': 2, 'thisRepN': 9}>
629.9164 	DATA 	Keypress: v
629.9311 	EXP 	fixation: autoDraw = False
629.9311 	EXP 	line1: autoDraw = False
629.9311 	EXP 	line_2: autoDraw = False
629.9311 	EXP 	line_3: autoDraw = False
629.9311 	EXP 	line4: autoDraw = False
629.9311 	EXP 	probe: autoDraw = False
629.9311 	EXP 	fixation: autoDraw = True
630.0807 	EXP 	Device response: <KeyPress from None: t=629.912157, value=v, duration=0.16717949999997472>
630.9149 	EXP 	line1: autoDraw = True
630.9149 	EXP 	line_2: autoDraw = True
630.9149 	EXP 	line_3: autoDraw = True
630.9149 	EXP 	line4: autoDraw = True
630.9308 	EXP 	fixation: autoDraw = False
631.9135 	INFO 	Keyboard events cleared
631.9133 	EXP 	probe: autoDraw = True
632.8999 	DATA 	Keypress: c
632.9147 	EXP 	Device response: <KeyPress from None: t=632.8993631999999, value=c, duration=None>
632.9152 	EXP 	New trial (rep=9, index=3): <Trial 39 (3 in rep 9) data={'pos': np.int64(-150), 'corr_resp': 'z', 'thisN': 39, 'thisTrialN': 3, 'thisRepN': 9}>
632.9299 	EXP 	fixation: autoDraw = False
632.9299 	EXP 	line1: autoDraw = False
632.9299 	EXP 	line_2: autoDraw = False
632.9299 	EXP 	line_3: autoDraw = False
632.9299 	EXP 	line4: autoDraw = False
632.9299 	EXP 	probe: autoDraw = False
632.9299 	EXP 	fixation: autoDraw = True
632.9974 	EXP 	Device response: <KeyPress from None: t=632.8993631999999, value=c, duration=0.08499630000005709>
633.9134 	EXP 	line1: autoDraw = True
633.9134 	EXP 	line_2: autoDraw = True
633.9134 	EXP 	line_3: autoDraw = True
633.9134 	EXP 	line4: autoDraw = True
633.9305 	EXP 	fixation: autoDraw = False
634.9145 	INFO 	Keyboard events cleared
634.9144 	EXP 	probe: autoDraw = True
635.5660 	DATA 	Keypress: z
635.5806 	EXP 	Device response: <KeyPress from None: t=635.5652923, value=z, duration=None>
635.5810 	EXP 	New trial (rep=10, index=0): <Trial 40 (0 in rep 10) data={'pos': np.int64(50), 'corr_resp': 'c', 'thisN': 40, 'thisTrialN': 0, 'thisRepN': 10}>
635.5967 	EXP 	fixation: autoDraw = False
635.5967 	EXP 	line1: autoDraw = False
635.5967 	EXP 	line_2: autoDraw = False
635.5967 	EXP 	line_3: autoDraw = False
635.5967 	EXP 	line4: autoDraw = False
635.5967 	EXP 	probe: autoDraw = False
635.5967 	EXP 	fixation: autoDraw = True
635.8471 	EXP 	Device response: <KeyPress from None: t=635.5652923, value=z, duration=0.26660530000003746>
636.5810 	EXP 	line1: autoDraw = True
636.5810 	EXP 	line_2: autoDraw = True
636.5810 	EXP 	line_3: autoDraw = True
636.5810 	EXP 	line4: autoDraw = True
636.5983 	EXP 	fixation: autoDraw = False
637.5811 	INFO 	Keyboard events cleared
637.5809 	EXP 	probe: autoDraw = True
638.1642 	EXP 	Device response: <KeyPress from None: t=638.1568973999999, value=c, duration=None>
638.1646 	EXP 	New trial (rep=10, index=1): <Trial 41 (1 in rep 10) data={'pos': np.int64(150), 'corr_resp': 'v', 'thisN': 41, 'thisTrialN': 1, 'thisRepN': 10}>
638.1658 	DATA 	Keypress: c
638.1801 	EXP 	fixation: autoDraw = False
638.1801 	EXP 	line1: autoDraw = False
638.1801 	EXP 	line_2: autoDraw = False
638.1801 	EXP 	line_3: autoDraw = False
638.1801 	EXP 	line4: autoDraw = False
638.1801 	EXP 	probe: autoDraw = False
638.1801 	EXP 	fixation: autoDraw = True
638.3807 	EXP 	Device response: <KeyPress from None: t=638.1568973999999, value=c, duration=0.20925150000016401>
639.1801 	EXP 	fixation: autoDraw = False
639.1801 	EXP 	line1: autoDraw = True
639.1801 	EXP 	line_2: autoDraw = True
639.1801 	EXP 	line_3: autoDraw = True
639.1801 	EXP 	line4: autoDraw = True
640.1807 	INFO 	Keyboard events cleared
640.1805 	EXP 	probe: autoDraw = True
640.7139 	EXP 	Device response: <KeyPress from None: t=640.7014257999999, value=v, duration=None>
640.7143 	EXP 	New trial (rep=10, index=2): <Trial 42 (2 in rep 10) data={'pos': np.int64(-50), 'corr_resp': 'x', 'thisN': 42, 'thisTrialN': 2, 'thisRepN': 10}>
640.7156 	DATA 	Keypress: v
640.7299 	EXP 	fixation: autoDraw = False
640.7299 	EXP 	line1: autoDraw = False
640.7299 	EXP 	line_2: autoDraw = False
640.7299 	EXP 	line_3: autoDraw = False
640.7299 	EXP 	line4: autoDraw = False
640.7299 	EXP 	probe: autoDraw = False
640.7299 	EXP 	fixation: autoDraw = True
640.9479 	EXP 	Device response: <KeyPress from None: t=640.7014257999999, value=v, duration=0.2353410000000622>
641.7134 	EXP 	line1: autoDraw = True
641.7134 	EXP 	line_2: autoDraw = True
641.7134 	EXP 	line_3: autoDraw = True
641.7134 	EXP 	line4: autoDraw = True
641.7301 	EXP 	fixation: autoDraw = False
642.7136 	INFO 	Keyboard events cleared
642.7134 	EXP 	probe: autoDraw = True
643.3314 	EXP 	Device response: <KeyPress from None: t=643.3194009000001, value=x, duration=None>
643.3318 	EXP 	New trial (rep=10, index=3): <Trial 43 (3 in rep 10) data={'pos': np.int64(-150), 'corr_resp': 'z', 'thisN': 43, 'thisTrialN': 3, 'thisRepN': 10}>
643.3330 	DATA 	Keypress: x
643.3469 	EXP 	fixation: autoDraw = False
643.3469 	EXP 	line1: autoDraw = False
643.3469 	EXP 	line_2: autoDraw = False
643.3469 	EXP 	line_3: autoDraw = False
643.3469 	EXP 	line4: autoDraw = False
643.3469 	EXP 	probe: autoDraw = False
643.3469 	EXP 	fixation: autoDraw = True
643.5147 	EXP 	Device response: <KeyPress from None: t=643.3194009000001, value=x, duration=0.19337209999980587>
644.3473 	EXP 	fixation: autoDraw = False
644.3473 	EXP 	line1: autoDraw = True
644.3473 	EXP 	line_2: autoDraw = True
644.3473 	EXP 	line_3: autoDraw = True
644.3473 	EXP 	line4: autoDraw = True
645.3476 	INFO 	Keyboard events cleared
645.3474 	EXP 	probe: autoDraw = True
646.1816 	EXP 	Device response: <KeyPress from None: t=646.1691241999999, value=z, duration=None>
646.1820 	EXP 	New trial (rep=11, index=0): <Trial 44 (0 in rep 11) data={'pos': np.int64(150), 'corr_resp': 'v', 'thisN': 44, 'thisTrialN': 0, 'thisRepN': 11}>
646.1835 	DATA 	Keypress: z
646.1971 	EXP 	fixation: autoDraw = False
646.1971 	EXP 	line1: autoDraw = False
646.1971 	EXP 	line_2: autoDraw = False
646.1971 	EXP 	line_3: autoDraw = False
646.1971 	EXP 	line4: autoDraw = False
646.1971 	EXP 	probe: autoDraw = False
646.1971 	EXP 	fixation: autoDraw = True
646.3649 	EXP 	Device response: <KeyPress from None: t=646.1691241999999, value=z, duration=0.19131340000012642>
647.0995 	DATA 	Keypress: lctrl
647.1970 	EXP 	fixation: autoDraw = False
647.1970 	EXP 	line1: autoDraw = True
647.1970 	EXP 	line_2: autoDraw = True
647.1970 	EXP 	line_3: autoDraw = True
647.1970 	EXP 	line4: autoDraw = True
648.1969 	INFO 	Keyboard events cleared
648.1968 	EXP 	probe: autoDraw = True
649.1824 	DATA 	Keypress: v
649.1971 	EXP 	Device response: <KeyPress from None: t=649.1814551, value=v, duration=None>
649.1975 	EXP 	New trial (rep=11, index=1): <Trial 45 (1 in rep 11) data={'pos': np.int64(-50), 'corr_resp': 'x', 'thisN': 45, 'thisTrialN': 1, 'thisRepN': 11}>
649.2132 	EXP 	fixation: autoDraw = False
649.2132 	EXP 	line1: autoDraw = False
649.2132 	EXP 	line_2: autoDraw = False
649.2132 	EXP 	line_3: autoDraw = False
649.2132 	EXP 	line4: autoDraw = False
649.2132 	EXP 	probe: autoDraw = False
649.2132 	EXP 	fixation: autoDraw = True
649.3474 	EXP 	Device response: <KeyPress from None: t=649.1814551, value=v, duration=0.15051659999994627>
650.1975 	EXP 	line1: autoDraw = True
650.1975 	EXP 	line_2: autoDraw = True
650.1975 	EXP 	line_3: autoDraw = True
650.1975 	EXP 	line4: autoDraw = True
650.2132 	EXP 	fixation: autoDraw = False
651.1970 	INFO 	Keyboard events cleared
651.1968 	EXP 	probe: autoDraw = True
652.7307 	EXP 	Device response: <KeyPress from None: t=652.7280293000001, value=x, duration=None>
652.7311 	EXP 	New trial (rep=11, index=2): <Trial 46 (2 in rep 11) data={'pos': np.int64(-150), 'corr_resp': 'z', 'thisN': 46, 'thisTrialN': 2, 'thisRepN': 11}>
652.7324 	DATA 	Keypress: x
652.7467 	EXP 	fixation: autoDraw = False
652.7467 	EXP 	line1: autoDraw = False
652.7467 	EXP 	line_2: autoDraw = False
652.7467 	EXP 	line_3: autoDraw = False
652.7467 	EXP 	line4: autoDraw = False
652.7467 	EXP 	probe: autoDraw = False
652.7467 	EXP 	fixation: autoDraw = True
652.8640 	EXP 	Device response: <KeyPress from None: t=652.7280293000001, value=x, duration=0.1292330999999649>
653.7302 	EXP 	line1: autoDraw = True
653.7302 	EXP 	line_2: autoDraw = True
653.7302 	EXP 	line_3: autoDraw = True
653.7302 	EXP 	line4: autoDraw = True
653.7475 	EXP 	fixation: autoDraw = False
654.7470 	INFO 	Keyboard events cleared
654.7468 	EXP 	probe: autoDraw = True
655.5318 	EXP 	Device response: <KeyPress from None: t=655.5267451, value=z, duration=None>
655.5322 	EXP 	New trial (rep=11, index=3): <Trial 47 (3 in rep 11) data={'pos': np.int64(50), 'corr_resp': 'c', 'thisN': 47, 'thisTrialN': 3, 'thisRepN': 11}>
655.5334 	DATA 	Keypress: z
655.5473 	EXP 	fixation: autoDraw = False
655.5473 	EXP 	line1: autoDraw = False
655.5473 	EXP 	line_2: autoDraw = False
655.5473 	EXP 	line_3: autoDraw = False
655.5473 	EXP 	line4: autoDraw = False
655.5473 	EXP 	probe: autoDraw = False
655.5473 	EXP 	fixation: autoDraw = True
655.7146 	EXP 	Device response: <KeyPress from None: t=655.5267451, value=z, duration=0.1852045000000544>
656.5468 	EXP 	fixation: autoDraw = False
656.5468 	EXP 	line1: autoDraw = True
656.5468 	EXP 	line_2: autoDraw = True
656.5468 	EXP 	line_3: autoDraw = True
656.5468 	EXP 	line4: autoDraw = True
657.5469 	INFO 	Keyboard events cleared
657.5468 	EXP 	probe: autoDraw = True
658.6650 	EXP 	Device response: <KeyPress from None: t=658.6640195, value=c, duration=None>
658.6656 	EXP 	New trial (rep=12, index=0): <Trial 48 (0 in rep 12) data={'pos': np.int64(-150), 'corr_resp': 'z', 'thisN': 48, 'thisTrialN': 0, 'thisRepN': 12}>
658.6672 	DATA 	Keypress: c
658.6800 	EXP 	fixation: autoDraw = False
658.6800 	EXP 	line1: autoDraw = False
658.6800 	EXP 	line_2: autoDraw = False
658.6800 	EXP 	line_3: autoDraw = False
658.6800 	EXP 	line4: autoDraw = False
658.6800 	EXP 	probe: autoDraw = False
658.6800 	EXP 	fixation: autoDraw = True
658.9139 	EXP 	Device response: <KeyPress from None: t=658.6640195, value=c, duration=0.23574940000003153>
659.6816 	EXP 	fixation: autoDraw = False
659.6816 	EXP 	line1: autoDraw = True
659.6816 	EXP 	line_2: autoDraw = True
659.6816 	EXP 	line_3: autoDraw = True
659.6816 	EXP 	line4: autoDraw = True
660.6642 	INFO 	Keyboard events cleared
660.6641 	EXP 	probe: autoDraw = True
661.5481 	EXP 	Device response: <KeyPress from None: t=661.5454648, value=z, duration=None>
661.5485 	EXP 	New trial (rep=12, index=1): <Trial 49 (1 in rep 12) data={'pos': np.int64(-50), 'corr_resp': 'x', 'thisN': 49, 'thisTrialN': 1, 'thisRepN': 12}>
661.5498 	DATA 	Keypress: z
661.5643 	EXP 	fixation: autoDraw = False
661.5643 	EXP 	line1: autoDraw = False
661.5643 	EXP 	line_2: autoDraw = False
661.5643 	EXP 	line_3: autoDraw = False
661.5643 	EXP 	line4: autoDraw = False
661.5643 	EXP 	probe: autoDraw = False
661.5643 	EXP 	fixation: autoDraw = True
661.6824 	EXP 	Device response: <KeyPress from None: t=661.5454648, value=z, duration=0.1346854999999323>
662.5637 	EXP 	fixation: autoDraw = False
662.5637 	EXP 	line1: autoDraw = True
662.5637 	EXP 	line_2: autoDraw = True
662.5637 	EXP 	line_3: autoDraw = True
662.5637 	EXP 	line4: autoDraw = True
663.5645 	INFO 	Keyboard events cleared
663.5643 	EXP 	probe: autoDraw = True
664.4142 	EXP 	Device response: <KeyPress from None: t=664.4031694, value=x, duration=None>
664.4147 	EXP 	New trial (rep=12, index=2): <Trial 50 (2 in rep 12) data={'pos': np.int64(50), 'corr_resp': 'c', 'thisN': 50, 'thisTrialN': 2, 'thisRepN': 12}>
664.4162 	DATA 	Keypress: x
664.4300 	EXP 	fixation: autoDraw = False
664.4300 	EXP 	line1: autoDraw = False
664.4300 	EXP 	line_2: autoDraw = False
664.4300 	EXP 	line_3: autoDraw = False
664.4300 	EXP 	line4: autoDraw = False
664.4300 	EXP 	probe: autoDraw = False
664.4300 	EXP 	fixation: autoDraw = True
664.5806 	EXP 	Device response: <KeyPress from None: t=664.4031694, value=x, duration=0.1627617999999984>
665.4308 	EXP 	fixation: autoDraw = False
665.4308 	EXP 	line1: autoDraw = True
665.4308 	EXP 	line_2: autoDraw = True
665.4308 	EXP 	line_3: autoDraw = True
665.4308 	EXP 	line4: autoDraw = True
666.4137 	INFO 	Keyboard events cleared
666.4136 	EXP 	probe: autoDraw = True
667.9668 	DATA 	Keypress: v
667.9815 	EXP 	Device response: <KeyPress from None: t=667.965915, value=v, duration=None>
667.9829 	EXP 	New trial (rep=12, index=3): <Trial 51 (3 in rep 12) data={'pos': np.int64(150), 'corr_resp': 'v', 'thisN': 51, 'thisTrialN': 3, 'thisRepN': 12}>
667.9983 	EXP 	fixation: autoDraw = False
667.9983 	EXP 	line1: autoDraw = False
667.9983 	EXP 	line_2: autoDraw = False
667.9983 	EXP 	line_3: autoDraw = False
667.9983 	EXP 	line4: autoDraw = False
667.9983 	EXP 	probe: autoDraw = False
667.9983 	EXP 	fixation: autoDraw = True
668.1321 	EXP 	Device response: <KeyPress from None: t=667.965915, value=v, duration=0.1542623000000276>
668.9978 	EXP 	fixation: autoDraw = False
668.9978 	EXP 	line1: autoDraw = True
668.9978 	EXP 	line_2: autoDraw = True
668.9978 	EXP 	line_3: autoDraw = True
668.9978 	EXP 	line4: autoDraw = True
669.9979 	INFO 	Keyboard events cleared
669.9977 	EXP 	probe: autoDraw = True
671.5973 	EXP 	Device response: <KeyPress from None: t=671.5880486000001, value=v, duration=None>
671.5977 	EXP 	New trial (rep=13, index=0): <Trial 52 (0 in rep 13) data={'pos': np.int64(-50), 'corr_resp': 'x', 'thisN': 52, 'thisTrialN': 0, 'thisRepN': 13}>
671.5990 	DATA 	Keypress: v
671.6138 	EXP 	fixation: autoDraw = False
671.6138 	EXP 	line1: autoDraw = False
671.6138 	EXP 	line_2: autoDraw = False
671.6138 	EXP 	line_3: autoDraw = False
671.6138 	EXP 	line4: autoDraw = False
671.6138 	EXP 	probe: autoDraw = False
671.6138 	EXP 	fixation: autoDraw = True
671.7149 	EXP 	Device response: <KeyPress from None: t=671.5880486000001, value=v, duration=0.1263480999998592>
672.5977 	EXP 	line1: autoDraw = True
672.5977 	EXP 	line_2: autoDraw = True
672.5977 	EXP 	line_3: autoDraw = True
672.5977 	EXP 	line4: autoDraw = True
672.6142 	EXP 	fixation: autoDraw = False
673.5970 	INFO 	Keyboard events cleared
673.5969 	EXP 	probe: autoDraw = True
674.5650 	EXP 	Device response: <KeyPress from None: t=674.55892, value=x, duration=None>
674.5655 	EXP 	New trial (rep=13, index=1): <Trial 53 (1 in rep 13) data={'pos': np.int64(150), 'corr_resp': 'v', 'thisN': 53, 'thisTrialN': 1, 'thisRepN': 13}>
674.5668 	DATA 	Keypress: x
674.5803 	EXP 	fixation: autoDraw = False
674.5803 	EXP 	line1: autoDraw = False
674.5803 	EXP 	line_2: autoDraw = False
674.5803 	EXP 	line_3: autoDraw = False
674.5803 	EXP 	line4: autoDraw = False
674.5803 	EXP 	probe: autoDraw = False
674.5803 	EXP 	fixation: autoDraw = True
674.6814 	EXP 	Device response: <KeyPress from None: t=674.55892, value=x, duration=0.10738270000001648>
675.5810 	EXP 	fixation: autoDraw = False
675.5810 	EXP 	line1: autoDraw = True
675.5810 	EXP 	line_2: autoDraw = True
675.5810 	EXP 	line_3: autoDraw = True
675.5810 	EXP 	line4: autoDraw = True
676.5811 	INFO 	Keyboard events cleared
676.5810 	EXP 	probe: autoDraw = True
677.3673 	DATA 	Mouse: Left button down, pos=(517,534)
677.5834 	DATA 	Mouse:  Left button up, pos=(517,534)
678.1493 	EXP 	Device response: <KeyPress from None: t=678.1375689000001, value=v, duration=None>
678.1497 	EXP 	New trial (rep=13, index=2): <Trial 54 (2 in rep 13) data={'pos': np.int64(-150), 'corr_resp': 'z', 'thisN': 54, 'thisTrialN': 2, 'thisRepN': 13}>
678.1510 	DATA 	Keypress: v
678.1636 	EXP 	fixation: autoDraw = False
678.1636 	EXP 	line1: autoDraw = False
678.1636 	EXP 	line_2: autoDraw = False
678.1636 	EXP 	line_3: autoDraw = False
678.1636 	EXP 	line4: autoDraw = False
678.1636 	EXP 	probe: autoDraw = False
678.1636 	EXP 	fixation: autoDraw = True
678.3647 	EXP 	Device response: <KeyPress from None: t=678.1375689000001, value=v, duration=0.21230449999984558>
679.1475 	EXP 	line1: autoDraw = True
679.1475 	EXP 	line_2: autoDraw = True
679.1475 	EXP 	line_3: autoDraw = True
679.1475 	EXP 	line4: autoDraw = True
679.1642 	EXP 	fixation: autoDraw = False
680.1639 	INFO 	Keyboard events cleared
680.1637 	EXP 	probe: autoDraw = True
681.0485 	EXP 	Device response: <KeyPress from None: t=681.0400499, value=z, duration=None>
681.0489 	EXP 	New trial (rep=13, index=3): <Trial 55 (3 in rep 13) data={'pos': np.int64(50), 'corr_resp': 'c', 'thisN': 55, 'thisTrialN': 3, 'thisRepN': 13}>
681.0502 	DATA 	Keypress: z
681.0638 	EXP 	fixation: autoDraw = False
681.0638 	EXP 	line1: autoDraw = False
681.0638 	EXP 	line_2: autoDraw = False
681.0638 	EXP 	line_3: autoDraw = False
681.0638 	EXP 	line4: autoDraw = False
681.0638 	EXP 	probe: autoDraw = False
681.0638 	EXP 	fixation: autoDraw = True
681.1320 	EXP 	Device response: <KeyPress from None: t=681.0400499, value=z, duration=0.07863900000006652>
682.0480 	EXP 	line1: autoDraw = True
682.0480 	EXP 	line_2: autoDraw = True
682.0480 	EXP 	line_3: autoDraw = True
682.0480 	EXP 	line4: autoDraw = True
682.0643 	EXP 	fixation: autoDraw = False
683.0646 	INFO 	Keyboard events cleared
683.0644 	EXP 	probe: autoDraw = True
684.5140 	EXP 	Device response: <KeyPress from None: t=684.5031341000001, value=c, duration=None>
684.5144 	EXP 	New trial (rep=14, index=0): <Trial 56 (0 in rep 14) data={'pos': np.int64(150), 'corr_resp': 'v', 'thisN': 56, 'thisTrialN': 0, 'thisRepN': 14}>
684.5159 	DATA 	Keypress: c
684.5309 	EXP 	fixation: autoDraw = False
684.5309 	EXP 	line1: autoDraw = False
684.5309 	EXP 	line_2: autoDraw = False
684.5309 	EXP 	line_3: autoDraw = False
684.5309 	EXP 	line4: autoDraw = False
684.5309 	EXP 	probe: autoDraw = False
684.5309 	EXP 	fixation: autoDraw = True
684.6318 	EXP 	Device response: <KeyPress from None: t=684.5031341000001, value=c, duration=0.1258093999999801>
685.5139 	EXP 	line1: autoDraw = True
685.5139 	EXP 	line_2: autoDraw = True
685.5139 	EXP 	line_3: autoDraw = True
685.5139 	EXP 	line4: autoDraw = True
685.5314 	EXP 	fixation: autoDraw = False
686.5144 	INFO 	Keyboard events cleared
686.5142 	EXP 	probe: autoDraw = True
687.4489 	EXP 	Device response: <KeyPress from None: t=687.4469292000001, value=v, duration=None>
687.4493 	EXP 	New trial (rep=14, index=1): <Trial 57 (1 in rep 14) data={'pos': np.int64(-50), 'corr_resp': 'x', 'thisN': 57, 'thisTrialN': 1, 'thisRepN': 14}>
687.4507 	DATA 	Keypress: v
687.4642 	EXP 	fixation: autoDraw = False
687.4642 	EXP 	line1: autoDraw = False
687.4642 	EXP 	line_2: autoDraw = False
687.4642 	EXP 	line_3: autoDraw = False
687.4642 	EXP 	line4: autoDraw = False
687.4642 	EXP 	probe: autoDraw = False
687.4642 	EXP 	fixation: autoDraw = True
687.6651 	EXP 	Device response: <KeyPress from None: t=687.4469292000001, value=v, duration=0.21161589999996977>
688.4636 	EXP 	fixation: autoDraw = False
688.4636 	EXP 	line1: autoDraw = True
688.4636 	EXP 	line_2: autoDraw = True
688.4636 	EXP 	line_3: autoDraw = True
688.4636 	EXP 	line4: autoDraw = True
689.4648 	INFO 	Keyboard events cleared
689.4646 	EXP 	probe: autoDraw = True
690.7141 	EXP 	Device response: <KeyPress from None: t=690.7058655000001, value=x, duration=None>
690.7145 	EXP 	New trial (rep=14, index=2): <Trial 58 (2 in rep 14) data={'pos': np.int64(-150), 'corr_resp': 'z', 'thisN': 58, 'thisTrialN': 2, 'thisRepN': 14}>
690.7157 	DATA 	Keypress: x
690.7306 	EXP 	fixation: autoDraw = False
690.7306 	EXP 	line1: autoDraw = False
690.7306 	EXP 	line_2: autoDraw = False
690.7306 	EXP 	line_3: autoDraw = False
690.7306 	EXP 	line4: autoDraw = False
690.7306 	EXP 	probe: autoDraw = False
690.7306 	EXP 	fixation: autoDraw = True
690.8490 	EXP 	Device response: <KeyPress from None: t=690.7058655000001, value=x, duration=0.14129170000001068>
691.7154 	EXP 	line1: autoDraw = True
691.7154 	EXP 	line_2: autoDraw = True
691.7154 	EXP 	line_3: autoDraw = True
691.7154 	EXP 	line4: autoDraw = True
691.7319 	EXP 	fixation: autoDraw = False
692.7144 	INFO 	Keyboard events cleared
692.7142 	EXP 	probe: autoDraw = True
693.7330 	DATA 	Keypress: z
693.7475 	EXP 	Device response: <KeyPress from None: t=693.7320383000001, value=z, duration=None>
693.7479 	EXP 	New trial (rep=14, index=3): <Trial 59 (3 in rep 14) data={'pos': np.int64(50), 'corr_resp': 'c', 'thisN': 59, 'thisTrialN': 3, 'thisRepN': 14}>
693.7637 	EXP 	fixation: autoDraw = False
693.7637 	EXP 	line1: autoDraw = False
693.7637 	EXP 	line_2: autoDraw = False
693.7637 	EXP 	line_3: autoDraw = False
693.7637 	EXP 	line4: autoDraw = False
693.7637 	EXP 	probe: autoDraw = False
693.7637 	EXP 	fixation: autoDraw = True
693.8647 	EXP 	Device response: <KeyPress from None: t=693.7320383000001, value=z, duration=0.12116999999989275>
694.7479 	EXP 	line1: autoDraw = True
694.7479 	EXP 	line_2: autoDraw = True
694.7479 	EXP 	line_3: autoDraw = True
694.7479 	EXP 	line4: autoDraw = True
694.7647 	EXP 	fixation: autoDraw = False
695.7471 	INFO 	Keyboard events cleared
695.7469 	EXP 	probe: autoDraw = True
696.1000 	DATA 	Keypress: lctrl
696.7476 	EXP 	Device response: <KeyPress from None: t=696.7418927000001, value=c, duration=None>
696.7480 	EXP 	New trial (rep=15, index=0): <Trial 60 (0 in rep 15) data={'pos': np.int64(150), 'corr_resp': 'v', 'thisN': 60, 'thisTrialN': 0, 'thisRepN': 15}>
696.7494 	DATA 	Keypress: c
696.7636 	EXP 	fixation: autoDraw = False
696.7636 	EXP 	line1: autoDraw = False
696.7636 	EXP 	line_2: autoDraw = False
696.7636 	EXP 	line_3: autoDraw = False
696.7636 	EXP 	line4: autoDraw = False
696.7636 	EXP 	probe: autoDraw = False
696.7636 	EXP 	fixation: autoDraw = True
696.8977 	EXP 	Device response: <KeyPress from None: t=696.7418927000001, value=c, duration=0.15062969999985398>
697.7473 	EXP 	line1: autoDraw = True
697.7473 	EXP 	line_2: autoDraw = True
697.7473 	EXP 	line_3: autoDraw = True
697.7473 	EXP 	line4: autoDraw = True
697.7638 	EXP 	fixation: autoDraw = False
698.7483 	INFO 	Keyboard events cleared
698.7481 	EXP 	probe: autoDraw = True
699.3167 	DATA 	Keypress: v
699.3309 	EXP 	Device response: <KeyPress from None: t=699.3162284, value=v, duration=None>
699.3313 	EXP 	New trial (rep=15, index=1): <Trial 61 (1 in rep 15) data={'pos': np.int64(-50), 'corr_resp': 'x', 'thisN': 61, 'thisTrialN': 1, 'thisRepN': 15}>
699.3479 	EXP 	fixation: autoDraw = False
699.3479 	EXP 	line1: autoDraw = False
699.3479 	EXP 	line_2: autoDraw = False
699.3479 	EXP 	line_3: autoDraw = False
699.3479 	EXP 	line4: autoDraw = False
699.3479 	EXP 	probe: autoDraw = False
699.3479 	EXP 	fixation: autoDraw = True
699.5649 	EXP 	Device response: <KeyPress from None: t=699.3162284, value=v, duration=0.2346428000000742>
700.3311 	EXP 	line1: autoDraw = True
700.3311 	EXP 	line_2: autoDraw = True
700.3311 	EXP 	line_3: autoDraw = True
700.3311 	EXP 	line4: autoDraw = True
700.3469 	EXP 	fixation: autoDraw = False
701.3312 	INFO 	Keyboard events cleared
701.3311 	EXP 	probe: autoDraw = True
702.1815 	EXP 	Device response: <KeyPress from None: t=702.1773934, value=x, duration=None>
702.1819 	EXP 	New trial (rep=15, index=2): <Trial 62 (2 in rep 15) data={'pos': np.int64(50), 'corr_resp': 'c', 'thisN': 62, 'thisTrialN': 2, 'thisRepN': 15}>
702.1834 	DATA 	Keypress: x
702.1971 	EXP 	fixation: autoDraw = False
702.1971 	EXP 	line1: autoDraw = False
702.1971 	EXP 	line_2: autoDraw = False
702.1971 	EXP 	line_3: autoDraw = False
702.1971 	EXP 	line4: autoDraw = False
702.1971 	EXP 	probe: autoDraw = False
702.1971 	EXP 	fixation: autoDraw = True
702.2642 	EXP 	Device response: <KeyPress from None: t=702.1773934, value=x, duration=0.07173499999998967>
703.1805 	EXP 	line1: autoDraw = True
703.1805 	EXP 	line_2: autoDraw = True
703.1805 	EXP 	line_3: autoDraw = True
703.1805 	EXP 	line4: autoDraw = True
703.1974 	EXP 	fixation: autoDraw = False
704.1807 	INFO 	Keyboard events cleared
704.1806 	EXP 	probe: autoDraw = True
704.9317 	EXP 	Device response: <KeyPress from None: t=704.9204571, value=c, duration=None>
704.9321 	EXP 	New trial (rep=15, index=3): <Trial 63 (3 in rep 15) data={'pos': np.int64(-150), 'corr_resp': 'z', 'thisN': 63, 'thisTrialN': 3, 'thisRepN': 15}>
704.9334 	DATA 	Keypress: c
704.9476 	EXP 	fixation: autoDraw = False
704.9476 	EXP 	line1: autoDraw = False
704.9476 	EXP 	line_2: autoDraw = False
704.9476 	EXP 	line_3: autoDraw = False
704.9476 	EXP 	line4: autoDraw = False
704.9476 	EXP 	probe: autoDraw = False
704.9476 	EXP 	fixation: autoDraw = True
705.0143 	EXP 	Device response: <KeyPress from None: t=704.9204571, value=c, duration=0.0852469999999812>
705.9313 	EXP 	line1: autoDraw = True
705.9313 	EXP 	line_2: autoDraw = True
705.9313 	EXP 	line_3: autoDraw = True
705.9313 	EXP 	line4: autoDraw = True
705.9477 	EXP 	fixation: autoDraw = False
706.9319 	INFO 	Keyboard events cleared
706.9318 	EXP 	probe: autoDraw = True
707.6641 	EXP 	Device response: <KeyPress from None: t=707.6500462000001, value=z, duration=None>
707.6644 	EXP 	New trial (rep=16, index=0): <Trial 64 (0 in rep 16) data={'pos': np.int64(-50), 'corr_resp': 'x', 'thisN': 64, 'thisTrialN': 0, 'thisRepN': 16}>
707.6658 	DATA 	Keypress: z
707.6811 	EXP 	fixation: autoDraw = False
707.6811 	EXP 	line1: autoDraw = False
707.6811 	EXP 	line_2: autoDraw = False
707.6811 	EXP 	line_3: autoDraw = False
707.6811 	EXP 	line4: autoDraw = False
707.6811 	EXP 	probe: autoDraw = False
707.6811 	EXP 	fixation: autoDraw = True
707.7318 	EXP 	Device response: <KeyPress from None: t=707.6500462000001, value=z, duration=0.07162979999998242>
708.6638 	EXP 	line1: autoDraw = True
708.6638 	EXP 	line_2: autoDraw = True
708.6638 	EXP 	line_3: autoDraw = True
708.6638 	EXP 	line4: autoDraw = True
708.6817 	EXP 	fixation: autoDraw = False
709.6644 	INFO 	Keyboard events cleared
709.6642 	EXP 	probe: autoDraw = True
711.2981 	EXP 	Device response: <KeyPress from None: t=711.2906051, value=x, duration=None>
711.2985 	EXP 	New trial (rep=16, index=1): <Trial 65 (1 in rep 16) data={'pos': np.int64(50), 'corr_resp': 'c', 'thisN': 65, 'thisTrialN': 1, 'thisRepN': 16}>
711.2999 	DATA 	Keypress: x
711.3145 	EXP 	fixation: autoDraw = False
711.3145 	EXP 	line1: autoDraw = False
711.3145 	EXP 	line_2: autoDraw = False
711.3145 	EXP 	line_3: autoDraw = False
711.3145 	EXP 	line4: autoDraw = False
711.3145 	EXP 	probe: autoDraw = False
711.3145 	EXP 	fixation: autoDraw = True
711.3816 	EXP 	Device response: <KeyPress from None: t=711.2906051, value=x, duration=0.0844756999999845>
712.2980 	EXP 	line1: autoDraw = True
712.2980 	EXP 	line_2: autoDraw = True
712.2980 	EXP 	line_3: autoDraw = True
712.2980 	EXP 	line4: autoDraw = True
712.3146 	EXP 	fixation: autoDraw = False
713.2980 	INFO 	Keyboard events cleared
713.2978 	EXP 	probe: autoDraw = True
714.3003 	DATA 	Keypress: c
714.3152 	EXP 	Device response: <KeyPress from None: t=714.2988065, value=c, duration=None>
714.3156 	EXP 	New trial (rep=16, index=2): <Trial 66 (2 in rep 16) data={'pos': np.int64(-150), 'corr_resp': 'z', 'thisN': 66, 'thisTrialN': 2, 'thisRepN': 16}>
714.3311 	EXP 	fixation: autoDraw = False
714.3311 	EXP 	line1: autoDraw = False
714.3311 	EXP 	line_2: autoDraw = False
714.3311 	EXP 	line_3: autoDraw = False
714.3311 	EXP 	line4: autoDraw = False
714.3311 	EXP 	probe: autoDraw = False
714.3311 	EXP 	fixation: autoDraw = True
714.4148 	EXP 	Device response: <KeyPress from None: t=714.2988065, value=c, duration=0.1128155000001243>
715.3311 	EXP 	fixation: autoDraw = False
715.3311 	EXP 	line1: autoDraw = True
715.3311 	EXP 	line_2: autoDraw = True
715.3311 	EXP 	line_3: autoDraw = True
715.3311 	EXP 	line4: autoDraw = True
716.3305 	INFO 	Keyboard events cleared
716.3304 	EXP 	probe: autoDraw = True
718.4310 	EXP 	Device response: <KeyPress from None: t=718.4170545, value=z, duration=None>
718.4314 	EXP 	New trial (rep=16, index=3): <Trial 67 (3 in rep 16) data={'pos': np.int64(150), 'corr_resp': 'v', 'thisN': 67, 'thisTrialN': 3, 'thisRepN': 16}>
718.4327 	DATA 	Keypress: z
718.4477 	EXP 	fixation: autoDraw = False
718.4477 	EXP 	line1: autoDraw = False
718.4477 	EXP 	line_2: autoDraw = False
718.4477 	EXP 	line_3: autoDraw = False
718.4477 	EXP 	line4: autoDraw = False
718.4477 	EXP 	probe: autoDraw = False
718.4477 	EXP 	fixation: autoDraw = True
718.5643 	EXP 	Device response: <KeyPress from None: t=718.4170545, value=z, duration=0.14282450000018798>
719.4305 	EXP 	line1: autoDraw = True
719.4305 	EXP 	line_2: autoDraw = True
719.4305 	EXP 	line_3: autoDraw = True
719.4305 	EXP 	line4: autoDraw = True
719.4476 	EXP 	fixation: autoDraw = False
720.4306 	INFO 	Keyboard events cleared
720.4305 	EXP 	probe: autoDraw = True
721.9812 	EXP 	Device response: <KeyPress from None: t=721.9780317, value=v, duration=None>
721.9816 	EXP 	New trial (rep=17, index=0): <Trial 68 (0 in rep 17) data={'pos': np.int64(50), 'corr_resp': 'c', 'thisN': 68, 'thisTrialN': 0, 'thisRepN': 17}>
721.9832 	DATA 	Keypress: v
721.9971 	EXP 	fixation: autoDraw = False
721.9971 	EXP 	line1: autoDraw = False
721.9971 	EXP 	line_2: autoDraw = False
721.9971 	EXP 	line_3: autoDraw = False
721.9971 	EXP 	line4: autoDraw = False
721.9971 	EXP 	probe: autoDraw = False
721.9971 	EXP 	fixation: autoDraw = True
722.1318 	EXP 	Device response: <KeyPress from None: t=721.9780317, value=v, duration=0.14665809999996782>
722.9960 	EXP 	line1: autoDraw = True
722.9960 	EXP 	line_2: autoDraw = True
722.9960 	EXP 	line_3: autoDraw = True
722.9960 	EXP 	line4: autoDraw = True
723.0128 	EXP 	fixation: autoDraw = False
723.9806 	INFO 	Keyboard events cleared
723.9804 	EXP 	probe: autoDraw = True
725.1144 	EXP 	Device response: <KeyPress from None: t=725.1030288, value=c, duration=None>
725.1149 	EXP 	New trial (rep=17, index=1): <Trial 69 (1 in rep 17) data={'pos': np.int64(-150), 'corr_resp': 'z', 'thisN': 69, 'thisTrialN': 1, 'thisRepN': 17}>
725.1163 	DATA 	Keypress: c
725.1305 	EXP 	fixation: autoDraw = False
725.1305 	EXP 	line1: autoDraw = False
725.1305 	EXP 	line_2: autoDraw = False
725.1305 	EXP 	line_3: autoDraw = False
725.1305 	EXP 	line4: autoDraw = False
725.1305 	EXP 	probe: autoDraw = False
725.1305 	EXP 	fixation: autoDraw = True
725.1810 	EXP 	Device response: <KeyPress from None: t=725.1030288, value=c, duration=0.06606560000000172>
726.1140 	EXP 	line1: autoDraw = True
726.1140 	EXP 	line_2: autoDraw = True
726.1140 	EXP 	line_3: autoDraw = True
726.1140 	EXP 	line4: autoDraw = True
726.1306 	EXP 	fixation: autoDraw = False
727.1142 	INFO 	Keyboard events cleared
727.1140 	EXP 	probe: autoDraw = True
727.6648 	EXP 	Device response: <KeyPress from None: t=727.6618092000001, value=z, duration=None>
727.6651 	EXP 	New trial (rep=17, index=2): <Trial 70 (2 in rep 17) data={'pos': np.int64(-50), 'corr_resp': 'x', 'thisN': 70, 'thisTrialN': 2, 'thisRepN': 17}>
727.6664 	DATA 	Keypress: z
727.6805 	EXP 	fixation: autoDraw = False
727.6805 	EXP 	line1: autoDraw = False
727.6805 	EXP 	line_2: autoDraw = False
727.6805 	EXP 	line_3: autoDraw = False
727.6805 	EXP 	line4: autoDraw = False
727.6805 	EXP 	probe: autoDraw = False
727.6805 	EXP 	fixation: autoDraw = True
727.8642 	EXP 	Device response: <KeyPress from None: t=727.6618092000001, value=z, duration=0.18655889999990904>
728.6640 	EXP 	line1: autoDraw = True
728.6640 	EXP 	line_2: autoDraw = True
728.6640 	EXP 	line_3: autoDraw = True
728.6640 	EXP 	line4: autoDraw = True
728.6805 	EXP 	fixation: autoDraw = False
729.6812 	INFO 	Keyboard events cleared
729.6811 	EXP 	probe: autoDraw = True
730.3311 	EXP 	Device response: <KeyPress from None: t=730.3184917000001, value=x, duration=None>
730.3315 	EXP 	New trial (rep=17, index=3): <Trial 71 (3 in rep 17) data={'pos': np.int64(150), 'corr_resp': 'v', 'thisN': 71, 'thisTrialN': 3, 'thisRepN': 17}>
730.3331 	DATA 	Keypress: x
730.3473 	EXP 	fixation: autoDraw = False
730.3473 	EXP 	line1: autoDraw = False
730.3473 	EXP 	line_2: autoDraw = False
730.3473 	EXP 	line_3: autoDraw = False
730.3473 	EXP 	line4: autoDraw = False
730.3473 	EXP 	probe: autoDraw = False
730.3473 	EXP 	fixation: autoDraw = True
730.5477 	EXP 	Device response: <KeyPress from None: t=730.3184917000001, value=x, duration=0.2179914999999255>
731.3308 	EXP 	line1: autoDraw = True
731.3308 	EXP 	line_2: autoDraw = True
731.3308 	EXP 	line_3: autoDraw = True
731.3308 	EXP 	line4: autoDraw = True
731.3475 	EXP 	fixation: autoDraw = False
732.3306 	INFO 	Keyboard events cleared
732.3305 	EXP 	probe: autoDraw = True
732.8980 	EXP 	Device response: <KeyPress from None: t=732.8917215000001, value=v, duration=None>
732.8984 	EXP 	New trial (rep=18, index=0): <Trial 72 (0 in rep 18) data={'pos': np.int64(-150), 'corr_resp': 'z', 'thisN': 72, 'thisTrialN': 0, 'thisRepN': 18}>
732.8996 	DATA 	Keypress: v
732.9138 	EXP 	fixation: autoDraw = False
732.9138 	EXP 	line1: autoDraw = False
732.9138 	EXP 	line_2: autoDraw = False
732.9138 	EXP 	line_3: autoDraw = False
732.9138 	EXP 	line4: autoDraw = False
732.9138 	EXP 	probe: autoDraw = False
732.9138 	EXP 	fixation: autoDraw = True
733.0643 	EXP 	Device response: <KeyPress from None: t=732.8917215000001, value=v, duration=0.17024159999982658>
733.8981 	EXP 	line1: autoDraw = True
733.8981 	EXP 	line_2: autoDraw = True
733.8981 	EXP 	line_3: autoDraw = True
733.8981 	EXP 	line4: autoDraw = True
733.9144 	EXP 	fixation: autoDraw = False
734.8987 	INFO 	Keyboard events cleared
734.8985 	EXP 	probe: autoDraw = True
735.8991 	EXP 	Device response: <KeyPress from None: t=735.8896108000001, value=z, duration=None>
735.8995 	EXP 	New trial (rep=18, index=1): <Trial 73 (1 in rep 18) data={'pos': np.int64(50), 'corr_resp': 'c', 'thisN': 73, 'thisTrialN': 1, 'thisRepN': 18}>
735.9008 	DATA 	Keypress: z
735.9144 	EXP 	fixation: autoDraw = False
735.9144 	EXP 	line1: autoDraw = False
735.9144 	EXP 	line_2: autoDraw = False
735.9144 	EXP 	line_3: autoDraw = False
735.9144 	EXP 	line4: autoDraw = False
735.9144 	EXP 	probe: autoDraw = False
735.9144 	EXP 	fixation: autoDraw = True
736.0982 	EXP 	Device response: <KeyPress from None: t=735.8896108000001, value=z, duration=0.20143179999990934>
736.9139 	EXP 	fixation: autoDraw = False
736.9139 	EXP 	line1: autoDraw = True
736.9139 	EXP 	line_2: autoDraw = True
736.9139 	EXP 	line_3: autoDraw = True
736.9139 	EXP 	line4: autoDraw = True
737.9146 	INFO 	Keyboard events cleared
737.9145 	EXP 	probe: autoDraw = True
739.2811 	EXP 	Device response: <KeyPress from None: t=739.2679036, value=c, duration=None>
739.2816 	EXP 	New trial (rep=18, index=2): <Trial 74 (2 in rep 18) data={'pos': np.int64(150), 'corr_resp': 'v', 'thisN': 74, 'thisTrialN': 2, 'thisRepN': 18}>
739.2831 	DATA 	Keypress: c
739.2974 	EXP 	fixation: autoDraw = False
739.2974 	EXP 	line1: autoDraw = False
739.2974 	EXP 	line_2: autoDraw = False
739.2974 	EXP 	line_3: autoDraw = False
739.2974 	EXP 	line4: autoDraw = False
739.2974 	EXP 	probe: autoDraw = False
739.2974 	EXP 	fixation: autoDraw = True
739.3811 	EXP 	Device response: <KeyPress from None: t=739.2679036, value=c, duration=0.10725440000010167>
740.2806 	EXP 	line1: autoDraw = True
740.2806 	EXP 	line_2: autoDraw = True
740.2806 	EXP 	line_3: autoDraw = True
740.2806 	EXP 	line4: autoDraw = True
740.2974 	EXP 	fixation: autoDraw = False
741.2811 	INFO 	Keyboard events cleared
741.2809 	EXP 	probe: autoDraw = True
742.3314 	EXP 	Device response: <KeyPress from None: t=742.3283849, value=v, duration=None>
742.3318 	EXP 	New trial (rep=18, index=3): <Trial 75 (3 in rep 18) data={'pos': np.int64(-50), 'corr_resp': 'x', 'thisN': 75, 'thisTrialN': 3, 'thisRepN': 18}>
742.3334 	DATA 	Keypress: v
742.3471 	EXP 	fixation: autoDraw = False
742.3471 	EXP 	line1: autoDraw = False
742.3471 	EXP 	line_2: autoDraw = False
742.3471 	EXP 	line_3: autoDraw = False
742.3471 	EXP 	line4: autoDraw = False
742.3471 	EXP 	probe: autoDraw = False
742.3471 	EXP 	fixation: autoDraw = True
742.3976 	EXP 	Device response: <KeyPress from None: t=742.3283849, value=v, duration=0.05675259999998161>
743.3472 	EXP 	fixation: autoDraw = False
743.3472 	EXP 	line1: autoDraw = True
743.3472 	EXP 	line_2: autoDraw = True
743.3472 	EXP 	line_3: autoDraw = True
743.3472 	EXP 	line4: autoDraw = True
744.3309 	INFO 	Keyboard events cleared
744.3307 	EXP 	probe: autoDraw = True
745.4815 	EXP 	Device response: <KeyPress from None: t=745.4795762000001, value=x, duration=None>
745.4818 	EXP 	New trial (rep=19, index=0): <Trial 76 (0 in rep 19) data={'pos': np.int64(-150), 'corr_resp': 'z', 'thisN': 76, 'thisTrialN': 0, 'thisRepN': 19}>
745.4835 	DATA 	Keypress: x
745.4973 	EXP 	fixation: autoDraw = False
745.4973 	EXP 	line1: autoDraw = False
745.4973 	EXP 	line_2: autoDraw = False
745.4973 	EXP 	line_3: autoDraw = False
745.4973 	EXP 	line4: autoDraw = False
745.4973 	EXP 	probe: autoDraw = False
745.4973 	EXP 	fixation: autoDraw = True
745.5813 	EXP 	Device response: <KeyPress from None: t=745.4795762000001, value=x, duration=0.09603149999998095>
746.4975 	EXP 	fixation: autoDraw = False
746.4975 	EXP 	line1: autoDraw = True
746.4975 	EXP 	line_2: autoDraw = True
746.4975 	EXP 	line_3: autoDraw = True
746.4975 	EXP 	line4: autoDraw = True
747.4976 	INFO 	Keyboard events cleared
747.4974 	EXP 	probe: autoDraw = True
748.3154 	EXP 	Device response: <KeyPress from None: t=748.3107403000001, value=z, duration=None>
748.3159 	EXP 	New trial (rep=19, index=1): <Trial 77 (1 in rep 19) data={'pos': np.int64(150), 'corr_resp': 'v', 'thisN': 77, 'thisTrialN': 1, 'thisRepN': 19}>
748.3173 	DATA 	Keypress: z
748.3305 	EXP 	fixation: autoDraw = False
748.3305 	EXP 	line1: autoDraw = False
748.3305 	EXP 	line_2: autoDraw = False
748.3305 	EXP 	line_3: autoDraw = False
748.3305 	EXP 	line4: autoDraw = False
748.3305 	EXP 	probe: autoDraw = False
748.3305 	EXP 	fixation: autoDraw = True
748.4487 	EXP 	Device response: <KeyPress from None: t=748.3107403000001, value=z, duration=0.1287238999998408>
749.3305 	EXP 	fixation: autoDraw = False
749.3305 	EXP 	line1: autoDraw = True
749.3305 	EXP 	line_2: autoDraw = True
749.3305 	EXP 	line_3: autoDraw = True
749.3305 	EXP 	line4: autoDraw = True
750.3309 	INFO 	Keyboard events cleared
750.3307 	EXP 	probe: autoDraw = True
751.2831 	DATA 	Keypress: v
751.2978 	EXP 	Device response: <KeyPress from None: t=751.281025, value=v, duration=None>
751.2981 	EXP 	New trial (rep=19, index=2): <Trial 78 (2 in rep 19) data={'pos': np.int64(-50), 'corr_resp': 'x', 'thisN': 78, 'thisTrialN': 2, 'thisRepN': 19}>
751.3139 	EXP 	fixation: autoDraw = False
751.3139 	EXP 	line1: autoDraw = False
751.3139 	EXP 	line_2: autoDraw = False
751.3139 	EXP 	line_3: autoDraw = False
751.3139 	EXP 	line4: autoDraw = False
751.3139 	EXP 	probe: autoDraw = False
751.3139 	EXP 	fixation: autoDraw = True
751.4153 	EXP 	Device response: <KeyPress from None: t=751.281025, value=v, duration=0.119566500000019>
752.2973 	EXP 	line1: autoDraw = True
752.2973 	EXP 	line_2: autoDraw = True
752.2973 	EXP 	line_3: autoDraw = True
752.2973 	EXP 	line4: autoDraw = True
752.3140 	EXP 	fixation: autoDraw = False
753.2977 	INFO 	Keyboard events cleared
753.2975 	EXP 	probe: autoDraw = True
754.1479 	EXP 	Device response: <KeyPress from None: t=754.1352783, value=x, duration=None>
754.1483 	EXP 	New trial (rep=19, index=3): <Trial 79 (3 in rep 19) data={'pos': np.int64(50), 'corr_resp': 'c', 'thisN': 79, 'thisTrialN': 3, 'thisRepN': 19}>
754.1496 	DATA 	Keypress: x
754.1638 	EXP 	fixation: autoDraw = False
754.1638 	EXP 	line1: autoDraw = False
754.1638 	EXP 	line_2: autoDraw = False
754.1638 	EXP 	line_3: autoDraw = False
754.1638 	EXP 	line4: autoDraw = False
754.1638 	EXP 	probe: autoDraw = False
754.1638 	EXP 	fixation: autoDraw = True
754.2649 	EXP 	Device response: <KeyPress from None: t=754.1352783, value=x, duration=0.1265773000000081>
755.1474 	EXP 	line1: autoDraw = True
755.1474 	EXP 	line_2: autoDraw = True
755.1474 	EXP 	line_3: autoDraw = True
755.1474 	EXP 	line4: autoDraw = True
755.1641 	EXP 	fixation: autoDraw = False
756.1482 	INFO 	Keyboard events cleared
756.1480 	EXP 	probe: autoDraw = True
757.8317 	EXP 	Device response: <KeyPress from None: t=757.8287041000001, value=c, duration=None>
757.8321 	EXP 	New trial (rep=20, index=0): <Trial 80 (0 in rep 20) data={'pos': np.int64(50), 'corr_resp': 'c', 'thisN': 80, 'thisTrialN': 0, 'thisRepN': 20}>
757.8334 	DATA 	Keypress: c
757.8482 	EXP 	fixation: autoDraw = False
757.8482 	EXP 	line1: autoDraw = False
757.8482 	EXP 	line_2: autoDraw = False
757.8482 	EXP 	line_3: autoDraw = False
757.8482 	EXP 	line4: autoDraw = False
757.8482 	EXP 	probe: autoDraw = False
757.8482 	EXP 	fixation: autoDraw = True
757.9980 	EXP 	Device response: <KeyPress from None: t=757.8287041000001, value=c, duration=0.1538720999999441>
758.8318 	EXP 	line1: autoDraw = True
758.8318 	EXP 	line_2: autoDraw = True
758.8318 	EXP 	line_3: autoDraw = True
758.8318 	EXP 	line4: autoDraw = True
758.8484 	EXP 	fixation: autoDraw = False
759.8484 	INFO 	Keyboard events cleared
759.8482 	EXP 	probe: autoDraw = True
760.9485 	EXP 	Device response: <KeyPress from None: t=760.9398456000001, value=c, duration=None>
760.9489 	EXP 	New trial (rep=20, index=1): <Trial 81 (1 in rep 20) data={'pos': np.int64(150), 'corr_resp': 'v', 'thisN': 81, 'thisTrialN': 1, 'thisRepN': 20}>
760.9503 	DATA 	Keypress: c
761.1163 	EXP 	fixation: autoDraw = False
761.1163 	EXP 	line1: autoDraw = False
761.1163 	EXP 	line_2: autoDraw = False
761.1163 	EXP 	line_3: autoDraw = False
761.1163 	EXP 	line4: autoDraw = False
761.1163 	EXP 	probe: autoDraw = False
761.1163 	EXP 	fixation: autoDraw = True
761.1319 	EXP 	Device response: <KeyPress from None: t=760.9398456000001, value=c, duration=0.18953209999995124>
761.9480 	EXP 	line1: autoDraw = True
761.9480 	EXP 	line_2: autoDraw = True
761.9480 	EXP 	line_3: autoDraw = True
761.9480 	EXP 	line4: autoDraw = True
762.1312 	EXP 	fixation: autoDraw = False
762.9651 	INFO 	Keyboard events cleared
762.9649 	EXP 	probe: autoDraw = True
763.5477 	EXP 	Device response: <KeyPress from None: t=763.5347002999999, value=v, duration=None>
763.5481 	EXP 	New trial (rep=20, index=2): <Trial 82 (2 in rep 20) data={'pos': np.int64(-150), 'corr_resp': 'z', 'thisN': 82, 'thisTrialN': 2, 'thisRepN': 20}>
763.5495 	DATA 	Keypress: v
763.5640 	EXP 	fixation: autoDraw = False
763.5640 	EXP 	line1: autoDraw = False
763.5640 	EXP 	line_2: autoDraw = False
763.5640 	EXP 	line_3: autoDraw = False
763.5640 	EXP 	line4: autoDraw = False
763.5640 	EXP 	probe: autoDraw = False
763.5640 	EXP 	fixation: autoDraw = True
763.7480 	EXP 	Device response: <KeyPress from None: t=763.5347002999999, value=v, duration=0.19603380000012294>
764.5473 	EXP 	line1: autoDraw = True
764.5473 	EXP 	line_2: autoDraw = True
764.5473 	EXP 	line_3: autoDraw = True
764.5473 	EXP 	line4: autoDraw = True
764.5639 	EXP 	fixation: autoDraw = False
765.5475 	INFO 	Keyboard events cleared
765.5474 	EXP 	probe: autoDraw = True
766.4340 	DATA 	Keypress: z
766.4485 	EXP 	Device response: <KeyPress from None: t=766.4324329000001, value=z, duration=None>
766.4488 	EXP 	New trial (rep=20, index=3): <Trial 83 (3 in rep 20) data={'pos': np.int64(-50), 'corr_resp': 'x', 'thisN': 83, 'thisTrialN': 3, 'thisRepN': 20}>
766.4645 	EXP 	fixation: autoDraw = False
766.4645 	EXP 	line1: autoDraw = False
766.4645 	EXP 	line_2: autoDraw = False
766.4645 	EXP 	line_3: autoDraw = False
766.4645 	EXP 	line4: autoDraw = False
766.4645 	EXP 	probe: autoDraw = False
766.4645 	EXP 	fixation: autoDraw = True
766.5319 	EXP 	Device response: <KeyPress from None: t=766.4324329000001, value=z, duration=0.08913259999985712>
767.4641 	EXP 	fixation: autoDraw = False
767.4641 	EXP 	line1: autoDraw = True
767.4641 	EXP 	line_2: autoDraw = True
767.4641 	EXP 	line_3: autoDraw = True
767.4641 	EXP 	line4: autoDraw = True
768.4484 	INFO 	Keyboard events cleared
768.4482 	EXP 	probe: autoDraw = True
769.2658 	EXP 	Device response: <KeyPress from None: t=769.2607680000001, value=x, duration=None>
769.2661 	EXP 	New trial (rep=21, index=0): <Trial 84 (0 in rep 21) data={'pos': np.int64(-150), 'corr_resp': 'z', 'thisN': 84, 'thisTrialN': 0, 'thisRepN': 21}>
769.2674 	DATA 	Keypress: x
769.2813 	EXP 	fixation: autoDraw = False
769.2813 	EXP 	line1: autoDraw = False
769.2813 	EXP 	line_2: autoDraw = False
769.2813 	EXP 	line_3: autoDraw = False
769.2813 	EXP 	line4: autoDraw = False
769.2813 	EXP 	probe: autoDraw = False
769.2813 	EXP 	fixation: autoDraw = True
769.3320 	EXP 	Device response: <KeyPress from None: t=769.2607680000001, value=x, duration=0.06856470000002446>
770.2812 	EXP 	fixation: autoDraw = False
770.2812 	EXP 	line1: autoDraw = True
770.2812 	EXP 	line_2: autoDraw = True
770.2812 	EXP 	line_3: autoDraw = True
770.2812 	EXP 	line4: autoDraw = True
771.2822 	INFO 	Keyboard events cleared
771.2820 	EXP 	probe: autoDraw = True
772.0818 	EXP 	Device response: <KeyPress from None: t=772.0712000000001, value=z, duration=None>
772.0822 	EXP 	New trial (rep=21, index=1): <Trial 85 (1 in rep 21) data={'pos': np.int64(50), 'corr_resp': 'c', 'thisN': 85, 'thisTrialN': 1, 'thisRepN': 21}>
772.0835 	DATA 	Keypress: z
772.0983 	EXP 	fixation: autoDraw = False
772.0983 	EXP 	line1: autoDraw = False
772.0983 	EXP 	line_2: autoDraw = False
772.0983 	EXP 	line_3: autoDraw = False
772.0983 	EXP 	line4: autoDraw = False
772.0983 	EXP 	probe: autoDraw = False
772.0983 	EXP 	fixation: autoDraw = True
772.1821 	EXP 	Device response: <KeyPress from None: t=772.0712000000001, value=z, duration=0.10438950000002478>
773.0988 	EXP 	fixation: autoDraw = False
773.0988 	EXP 	line1: autoDraw = True
773.0988 	EXP 	line_2: autoDraw = True
773.0988 	EXP 	line_3: autoDraw = True
773.0988 	EXP 	line4: autoDraw = True
774.0819 	INFO 	Keyboard events cleared
774.0817 	EXP 	probe: autoDraw = True
776.5824 	EXP 	Device response: <KeyPress from None: t=776.5798695999999, value=c, duration=None>
776.5828 	EXP 	New trial (rep=21, index=2): <Trial 86 (2 in rep 21) data={'pos': np.int64(-50), 'corr_resp': 'x', 'thisN': 86, 'thisTrialN': 2, 'thisRepN': 21}>
776.5841 	DATA 	Keypress: c
776.5974 	EXP 	fixation: autoDraw = False
776.5974 	EXP 	line1: autoDraw = False
776.5974 	EXP 	line_2: autoDraw = False
776.5974 	EXP 	line_3: autoDraw = False
776.5974 	EXP 	line4: autoDraw = False
776.5974 	EXP 	probe: autoDraw = False
776.5974 	EXP 	fixation: autoDraw = True
776.6654 	EXP 	Device response: <KeyPress from None: t=776.5798695999999, value=c, duration=0.07768240000018523>
777.5815 	EXP 	line1: autoDraw = True
777.5815 	EXP 	line_2: autoDraw = True
777.5815 	EXP 	line_3: autoDraw = True
777.5815 	EXP 	line4: autoDraw = True
777.5987 	EXP 	fixation: autoDraw = False
778.5976 	INFO 	Keyboard events cleared
778.5974 	EXP 	probe: autoDraw = True
779.6313 	EXP 	Device response: <KeyPress from None: t=779.6194282000001, value=x, duration=None>
779.6317 	EXP 	New trial (rep=21, index=3): <Trial 87 (3 in rep 21) data={'pos': np.int64(150), 'corr_resp': 'v', 'thisN': 87, 'thisTrialN': 3, 'thisRepN': 21}>
779.6330 	DATA 	Keypress: x
779.6473 	EXP 	fixation: autoDraw = False
779.6473 	EXP 	line1: autoDraw = False
779.6473 	EXP 	line_2: autoDraw = False
779.6473 	EXP 	line_3: autoDraw = False
779.6473 	EXP 	line4: autoDraw = False
779.6473 	EXP 	probe: autoDraw = False
779.6473 	EXP 	fixation: autoDraw = True
779.7147 	EXP 	Device response: <KeyPress from None: t=779.6194282000001, value=x, duration=0.08392639999988205>
780.6308 	EXP 	line1: autoDraw = True
780.6308 	EXP 	line_2: autoDraw = True
780.6308 	EXP 	line_3: autoDraw = True
780.6308 	EXP 	line4: autoDraw = True
780.6483 	EXP 	fixation: autoDraw = False
781.6322 	INFO 	Keyboard events cleared
781.6320 	EXP 	probe: autoDraw = True
782.6823 	EXP 	Device response: <KeyPress from None: t=782.6731560000001, value=v, duration=None>
782.6827 	EXP 	New trial (rep=22, index=0): <Trial 88 (0 in rep 22) data={'pos': np.int64(-50), 'corr_resp': 'x', 'thisN': 88, 'thisTrialN': 0, 'thisRepN': 22}>
782.6839 	DATA 	Keypress: v
782.6974 	EXP 	fixation: autoDraw = False
782.6974 	EXP 	line1: autoDraw = False
782.6974 	EXP 	line_2: autoDraw = False
782.6974 	EXP 	line_3: autoDraw = False
782.6974 	EXP 	line4: autoDraw = False
782.6974 	EXP 	probe: autoDraw = False
782.6974 	EXP 	fixation: autoDraw = True
782.8153 	EXP 	Device response: <KeyPress from None: t=782.6731560000001, value=v, duration=0.13894239999990532>
783.6983 	EXP 	fixation: autoDraw = False
783.6983 	EXP 	line1: autoDraw = True
783.6983 	EXP 	line_2: autoDraw = True
783.6983 	EXP 	line_3: autoDraw = True
783.6983 	EXP 	line4: autoDraw = True
784.6977 	INFO 	Keyboard events cleared
784.6975 	EXP 	probe: autoDraw = True
785.5647 	EXP 	Device response: <KeyPress from None: t=785.5513525000001, value=x, duration=None>
785.5650 	EXP 	New trial (rep=22, index=1): <Trial 89 (1 in rep 22) data={'pos': np.int64(50), 'corr_resp': 'c', 'thisN': 89, 'thisTrialN': 1, 'thisRepN': 22}>
785.5663 	DATA 	Keypress: x
785.5817 	EXP 	fixation: autoDraw = False
785.5817 	EXP 	line1: autoDraw = False
785.5817 	EXP 	line_2: autoDraw = False
785.5817 	EXP 	line_3: autoDraw = False
785.5817 	EXP 	line4: autoDraw = False
785.5817 	EXP 	probe: autoDraw = False
785.5817 	EXP 	fixation: autoDraw = True
785.6485 	EXP 	Device response: <KeyPress from None: t=785.5513525000001, value=x, duration=0.08620539999992616>
786.5648 	EXP 	line1: autoDraw = True
786.5648 	EXP 	line_2: autoDraw = True
786.5648 	EXP 	line_3: autoDraw = True
786.5648 	EXP 	line4: autoDraw = True
786.5809 	EXP 	fixation: autoDraw = False
787.5652 	INFO 	Keyboard events cleared
787.5650 	EXP 	probe: autoDraw = True
788.6504 	DATA 	Keypress: c
788.6653 	EXP 	Device response: <KeyPress from None: t=788.6495070000001, value=c, duration=None>
788.6657 	EXP 	New trial (rep=22, index=2): <Trial 90 (2 in rep 22) data={'pos': np.int64(-150), 'corr_resp': 'z', 'thisN': 90, 'thisTrialN': 2, 'thisRepN': 22}>
788.6808 	EXP 	fixation: autoDraw = False
788.6808 	EXP 	line1: autoDraw = False
788.6808 	EXP 	line_2: autoDraw = False
788.6808 	EXP 	line_3: autoDraw = False
788.6808 	EXP 	line4: autoDraw = False
788.6808 	EXP 	probe: autoDraw = False
788.6808 	EXP 	fixation: autoDraw = True
788.6996 	EXP 	Device response: <KeyPress from None: t=788.6495070000001, value=c, duration=0.04604329999983747>
789.6809 	EXP 	fixation: autoDraw = False
789.6809 	EXP 	line1: autoDraw = True
789.6809 	EXP 	line_2: autoDraw = True
789.6809 	EXP 	line_3: autoDraw = True
789.6809 	EXP 	line4: autoDraw = True
790.6643 	INFO 	Keyboard events cleared
790.6641 	EXP 	probe: autoDraw = True
791.3656 	EXP 	Device response: <KeyPress from None: t=791.3594087000001, value=z, duration=None>
791.3660 	EXP 	New trial (rep=22, index=3): <Trial 91 (3 in rep 22) data={'pos': np.int64(150), 'corr_resp': 'v', 'thisN': 91, 'thisTrialN': 3, 'thisRepN': 22}>
791.3673 	DATA 	Keypress: z
791.3820 	EXP 	fixation: autoDraw = False
791.3820 	EXP 	line1: autoDraw = False
791.3820 	EXP 	line_2: autoDraw = False
791.3820 	EXP 	line_3: autoDraw = False
791.3820 	EXP 	line4: autoDraw = False
791.3820 	EXP 	probe: autoDraw = False
791.3820 	EXP 	fixation: autoDraw = True
791.4488 	EXP 	Device response: <KeyPress from None: t=791.3594087000001, value=z, duration=0.08075179999991633>
792.3821 	EXP 	fixation: autoDraw = False
792.3821 	EXP 	line1: autoDraw = True
792.3821 	EXP 	line_2: autoDraw = True
792.3821 	EXP 	line_3: autoDraw = True
792.3821 	EXP 	line4: autoDraw = True
793.3823 	INFO 	Keyboard events cleared
793.3821 	EXP 	probe: autoDraw = True
794.1487 	EXP 	Device response: <KeyPress from None: t=794.1340205000001, value=v, duration=None>
794.1492 	EXP 	New trial (rep=23, index=0): <Trial 92 (0 in rep 23) data={'pos': np.int64(150), 'corr_resp': 'v', 'thisN': 92, 'thisTrialN': 0, 'thisRepN': 23}>
794.1508 	DATA 	Keypress: v
794.1643 	EXP 	fixation: autoDraw = False
794.1643 	EXP 	line1: autoDraw = False
794.1643 	EXP 	line_2: autoDraw = False
794.1643 	EXP 	line_3: autoDraw = False
794.1643 	EXP 	line4: autoDraw = False
794.1643 	EXP 	probe: autoDraw = False
794.1643 	EXP 	fixation: autoDraw = True
794.2319 	EXP 	Device response: <KeyPress from None: t=794.1340205000001, value=v, duration=0.08198659999993652>
795.1484 	EXP 	line1: autoDraw = True
795.1484 	EXP 	line_2: autoDraw = True
795.1484 	EXP 	line_3: autoDraw = True
795.1484 	EXP 	line4: autoDraw = True
795.1648 	EXP 	fixation: autoDraw = False
796.1481 	INFO 	Keyboard events cleared
796.1479 	EXP 	probe: autoDraw = True
796.7671 	DATA 	Keypress: v
796.7819 	EXP 	Device response: <KeyPress from None: t=796.7655527, value=v, duration=None>
796.7823 	EXP 	New trial (rep=23, index=1): <Trial 93 (1 in rep 23) data={'pos': np.int64(-150), 'corr_resp': 'z', 'thisN': 93, 'thisTrialN': 1, 'thisRepN': 23}>
796.7979 	EXP 	fixation: autoDraw = False
796.7979 	EXP 	line1: autoDraw = False
796.7979 	EXP 	line_2: autoDraw = False
796.7979 	EXP 	line_3: autoDraw = False
796.7979 	EXP 	line4: autoDraw = False
796.7979 	EXP 	probe: autoDraw = False
796.7979 	EXP 	fixation: autoDraw = True
796.8989 	EXP 	Device response: <KeyPress from None: t=796.7655527, value=v, duration=0.12883290000013403>
797.7811 	EXP 	line1: autoDraw = True
797.7811 	EXP 	line_2: autoDraw = True
797.7811 	EXP 	line_3: autoDraw = True
797.7811 	EXP 	line4: autoDraw = True
797.7976 	EXP 	fixation: autoDraw = False
798.7817 	INFO 	Keyboard events cleared
798.7815 	EXP 	probe: autoDraw = True
799.5839 	DATA 	Keypress: z
799.5988 	EXP 	Device response: <KeyPress from None: t=799.5820762000001, value=z, duration=None>
799.5992 	EXP 	New trial (rep=23, index=2): <Trial 94 (2 in rep 23) data={'pos': np.int64(50), 'corr_resp': 'c', 'thisN': 94, 'thisTrialN': 2, 'thisRepN': 23}>
799.6149 	EXP 	fixation: autoDraw = False
799.6149 	EXP 	line1: autoDraw = False
799.6149 	EXP 	line_2: autoDraw = False
799.6149 	EXP 	line_3: autoDraw = False
799.6149 	EXP 	line4: autoDraw = False
799.6149 	EXP 	probe: autoDraw = False
799.6149 	EXP 	fixation: autoDraw = True
799.6655 	EXP 	Device response: <KeyPress from None: t=799.5820762000001, value=z, duration=0.06860699999992903>
800.5975 	EXP 	line1: autoDraw = True
800.5975 	EXP 	line_2: autoDraw = True
800.5975 	EXP 	line_3: autoDraw = True
800.5975 	EXP 	line4: autoDraw = True
800.6153 	EXP 	fixation: autoDraw = False
801.5979 	INFO 	Keyboard events cleared
801.5978 	EXP 	probe: autoDraw = True
802.4166 	DATA 	Keypress: c
802.4326 	EXP 	Device response: <KeyPress from None: t=802.4157742, value=c, duration=None>
802.4330 	EXP 	New trial (rep=23, index=3): <Trial 95 (3 in rep 23) data={'pos': np.int64(-50), 'corr_resp': 'x', 'thisN': 95, 'thisTrialN': 3, 'thisRepN': 23}>
802.4477 	EXP 	fixation: autoDraw = False
802.4477 	EXP 	line1: autoDraw = False
802.4477 	EXP 	line_2: autoDraw = False
802.4477 	EXP 	line_3: autoDraw = False
802.4477 	EXP 	line4: autoDraw = False
802.4477 	EXP 	probe: autoDraw = False
802.4477 	EXP 	fixation: autoDraw = True
802.4821 	EXP 	Device response: <KeyPress from None: t=802.4157742, value=c, duration=0.059941700000081255>
803.4493 	EXP 	fixation: autoDraw = False
803.4493 	EXP 	line1: autoDraw = True
803.4493 	EXP 	line_2: autoDraw = True
803.4493 	EXP 	line_3: autoDraw = True
803.4493 	EXP 	line4: autoDraw = True
804.4320 	INFO 	Keyboard events cleared
804.4318 	EXP 	probe: autoDraw = True
805.2341 	DATA 	Keypress: x
805.2488 	EXP 	Device response: <KeyPress from None: t=805.2321115, value=x, duration=None>
805.2492 	EXP 	New trial (rep=24, index=0): <Trial 96 (0 in rep 24) data={'pos': np.int64(150), 'corr_resp': 'v', 'thisN': 96, 'thisTrialN': 0, 'thisRepN': 24}>
805.2647 	EXP 	fixation: autoDraw = False
805.2647 	EXP 	line1: autoDraw = False
805.2647 	EXP 	line_2: autoDraw = False
805.2647 	EXP 	line_3: autoDraw = False
805.2647 	EXP 	line4: autoDraw = False
805.2647 	EXP 	probe: autoDraw = False
805.2647 	EXP 	fixation: autoDraw = True
805.2993 	EXP 	Device response: <KeyPress from None: t=805.2321115, value=x, duration=0.05796660000009979>
806.2486 	EXP 	line1: autoDraw = True
806.2486 	EXP 	line_2: autoDraw = True
806.2486 	EXP 	line_3: autoDraw = True
806.2486 	EXP 	line4: autoDraw = True
806.2651 	EXP 	fixation: autoDraw = False
807.2481 	INFO 	Keyboard events cleared
807.2479 	EXP 	probe: autoDraw = True
808.8331 	EXP 	Device response: <KeyPress from None: t=808.8288509000001, value=v, duration=None>
808.8335 	EXP 	New trial (rep=24, index=1): <Trial 97 (1 in rep 24) data={'pos': np.int64(-50), 'corr_resp': 'x', 'thisN': 97, 'thisTrialN': 1, 'thisRepN': 24}>
808.8348 	DATA 	Keypress: v
808.8479 	EXP 	fixation: autoDraw = False
808.8479 	EXP 	line1: autoDraw = False
808.8479 	EXP 	line_2: autoDraw = False
808.8479 	EXP 	line_3: autoDraw = False
808.8479 	EXP 	line4: autoDraw = False
808.8479 	EXP 	probe: autoDraw = False
808.8479 	EXP 	fixation: autoDraw = True
808.8814 	EXP 	Device response: <KeyPress from None: t=808.8288509000001, value=v, duration=0.03967760000000453>
809.8482 	EXP 	fixation: autoDraw = False
809.8482 	EXP 	line1: autoDraw = True
809.8482 	EXP 	line_2: autoDraw = True
809.8482 	EXP 	line_3: autoDraw = True
809.8482 	EXP 	line4: autoDraw = True
810.8497 	INFO 	Keyboard events cleared
810.8495 	EXP 	probe: autoDraw = True
811.8160 	EXP 	Device response: <KeyPress from None: t=811.8043574000001, value=x, duration=None>
811.8166 	EXP 	New trial (rep=24, index=2): <Trial 98 (2 in rep 24) data={'pos': np.int64(50), 'corr_resp': 'c', 'thisN': 98, 'thisTrialN': 2, 'thisRepN': 24}>
811.8184 	DATA 	Keypress: x
811.8311 	EXP 	fixation: autoDraw = False
811.8311 	EXP 	line1: autoDraw = False
811.8311 	EXP 	line_2: autoDraw = False
811.8311 	EXP 	line_3: autoDraw = False
811.8311 	EXP 	line4: autoDraw = False
811.8311 	EXP 	probe: autoDraw = False
811.8311 	EXP 	fixation: autoDraw = True
811.8984 	EXP 	Device response: <KeyPress from None: t=811.8043574000001, value=x, duration=0.08422059999998055>
812.8317 	EXP 	fixation: autoDraw = False
812.8317 	EXP 	line1: autoDraw = True
812.8317 	EXP 	line_2: autoDraw = True
812.8317 	EXP 	line_3: autoDraw = True
812.8317 	EXP 	line4: autoDraw = True
813.8322 	INFO 	Keyboard events cleared
813.8320 	EXP 	probe: autoDraw = True
814.8815 	EXP 	Device response: <KeyPress from None: t=814.8688708, value=c, duration=None>
814.8823 	EXP 	New trial (rep=24, index=3): <Trial 99 (3 in rep 24) data={'pos': np.int64(-150), 'corr_resp': 'z', 'thisN': 99, 'thisTrialN': 3, 'thisRepN': 24}>
814.8835 	DATA 	Keypress: c
814.8978 	EXP 	fixation: autoDraw = False
814.8978 	EXP 	line1: autoDraw = False
814.8978 	EXP 	line_2: autoDraw = False
814.8978 	EXP 	line_3: autoDraw = False
814.8978 	EXP 	line4: autoDraw = False
814.8978 	EXP 	probe: autoDraw = False
814.8978 	EXP 	fixation: autoDraw = True
814.9501 	EXP 	Device response: <KeyPress from None: t=814.8688708, value=c, duration=0.07840170000008584>
815.8819 	EXP 	line1: autoDraw = True
815.8819 	EXP 	line_2: autoDraw = True
815.8819 	EXP 	line_3: autoDraw = True
815.8819 	EXP 	line4: autoDraw = True
815.8986 	EXP 	fixation: autoDraw = False
816.8829 	INFO 	Keyboard events cleared
816.8827 	EXP 	probe: autoDraw = True
817.7323 	EXP 	Device response: <KeyPress from None: t=817.7186343000001, value=z, duration=None>
817.7326 	EXP 	New trial (rep=25, index=0): <Trial 100 (0 in rep 25) data={'pos': np.int64(-50), 'corr_resp': 'x', 'thisN': 100, 'thisTrialN': 0, 'thisRepN': 25}>
817.7340 	DATA 	Keypress: z
817.7484 	EXP 	fixation: autoDraw = False
817.7484 	EXP 	line1: autoDraw = False
817.7484 	EXP 	line_2: autoDraw = False
817.7484 	EXP 	line_3: autoDraw = False
817.7484 	EXP 	line4: autoDraw = False
817.7484 	EXP 	probe: autoDraw = False
817.7484 	EXP 	fixation: autoDraw = True
817.7988 	EXP 	Device response: <KeyPress from None: t=817.7186343000001, value=z, duration=0.06504399999994348>
818.7476 	EXP 	fixation: autoDraw = False
818.7476 	EXP 	line1: autoDraw = True
818.7476 	EXP 	line_2: autoDraw = True
818.7476 	EXP 	line_3: autoDraw = True
818.7476 	EXP 	line4: autoDraw = True
819.7476 	INFO 	Keyboard events cleared
819.7475 	EXP 	probe: autoDraw = True
820.5655 	EXP 	Device response: <KeyPress from None: t=820.5613642000001, value=x, duration=None>
820.5659 	EXP 	New trial (rep=25, index=1): <Trial 101 (1 in rep 25) data={'pos': np.int64(-150), 'corr_resp': 'z', 'thisN': 101, 'thisTrialN': 1, 'thisRepN': 25}>
820.5674 	DATA 	Keypress: x
820.5815 	EXP 	fixation: autoDraw = False
820.5815 	EXP 	line1: autoDraw = False
820.5815 	EXP 	line_2: autoDraw = False
820.5815 	EXP 	line_3: autoDraw = False
820.5815 	EXP 	line4: autoDraw = False
820.5815 	EXP 	probe: autoDraw = False
820.5815 	EXP 	fixation: autoDraw = True
820.6647 	EXP 	Device response: <KeyPress from None: t=820.5613642000001, value=x, duration=0.09305389999985891>
821.5816 	EXP 	fixation: autoDraw = False
821.5816 	EXP 	line1: autoDraw = True
821.5816 	EXP 	line_2: autoDraw = True
821.5816 	EXP 	line_3: autoDraw = True
821.5816 	EXP 	line4: autoDraw = True
822.5646 	INFO 	Keyboard events cleared
822.5644 	EXP 	probe: autoDraw = True
823.3987 	EXP 	Device response: <KeyPress from None: t=823.3949709999999, value=z, duration=None>
823.3990 	EXP 	New trial (rep=25, index=2): <Trial 102 (2 in rep 25) data={'pos': np.int64(50), 'corr_resp': 'c', 'thisN': 102, 'thisTrialN': 2, 'thisRepN': 25}>
823.4002 	DATA 	Keypress: z
823.4153 	EXP 	fixation: autoDraw = False
823.4153 	EXP 	line1: autoDraw = False
823.4153 	EXP 	line_2: autoDraw = False
823.4153 	EXP 	line_3: autoDraw = False
823.4153 	EXP 	line4: autoDraw = False
823.4153 	EXP 	probe: autoDraw = False
823.4153 	EXP 	fixation: autoDraw = True
823.5157 	EXP 	Device response: <KeyPress from None: t=823.3949709999999, value=z, duration=0.10905250000018896>
824.3979 	EXP 	line1: autoDraw = True
824.3979 	EXP 	line_2: autoDraw = True
824.3979 	EXP 	line_3: autoDraw = True
824.3979 	EXP 	line4: autoDraw = True
824.4153 	EXP 	fixation: autoDraw = False
825.3986 	INFO 	Keyboard events cleared
825.3985 	EXP 	probe: autoDraw = True
826.7485 	EXP 	Device response: <KeyPress from None: t=826.7452233000001, value=c, duration=None>
826.7489 	EXP 	New trial (rep=25, index=3): <Trial 103 (3 in rep 25) data={'pos': np.int64(150), 'corr_resp': 'v', 'thisN': 103, 'thisTrialN': 3, 'thisRepN': 25}>
826.7502 	DATA 	Keypress: c
826.7645 	EXP 	fixation: autoDraw = False
826.7645 	EXP 	line1: autoDraw = False
826.7645 	EXP 	line_2: autoDraw = False
826.7645 	EXP 	line_3: autoDraw = False
826.7645 	EXP 	line4: autoDraw = False
826.7645 	EXP 	probe: autoDraw = False
826.7645 	EXP 	fixation: autoDraw = True
826.8482 	EXP 	Device response: <KeyPress from None: t=826.7452233000001, value=c, duration=0.08609369999999217>
827.7488 	EXP 	line1: autoDraw = True
827.7488 	EXP 	line_2: autoDraw = True
827.7488 	EXP 	line_3: autoDraw = True
827.7488 	EXP 	line4: autoDraw = True
827.7653 	EXP 	fixation: autoDraw = False
828.7497 	INFO 	Keyboard events cleared
828.7495 	EXP 	probe: autoDraw = True
829.5489 	EXP 	Device response: <KeyPress from None: t=829.5455717, value=v, duration=None>
829.5493 	EXP 	New trial (rep=26, index=0): <Trial 104 (0 in rep 26) data={'pos': np.int64(50), 'corr_resp': 'c', 'thisN': 104, 'thisTrialN': 0, 'thisRepN': 26}>
829.5506 	DATA 	Keypress: v
829.5660 	EXP 	fixation: autoDraw = False
829.5660 	EXP 	line1: autoDraw = False
829.5660 	EXP 	line_2: autoDraw = False
829.5660 	EXP 	line_3: autoDraw = False
829.5660 	EXP 	line4: autoDraw = False
829.5660 	EXP 	probe: autoDraw = False
829.5660 	EXP 	fixation: autoDraw = True
829.6488 	EXP 	Device response: <KeyPress from None: t=829.5455717, value=v, duration=0.10070130000008248>
830.5485 	EXP 	line1: autoDraw = True
830.5485 	EXP 	line_2: autoDraw = True
830.5485 	EXP 	line_3: autoDraw = True
830.5485 	EXP 	line4: autoDraw = True
830.5657 	EXP 	fixation: autoDraw = False
831.5494 	INFO 	Keyboard events cleared
831.5492 	EXP 	probe: autoDraw = True
832.3489 	EXP 	Device response: <KeyPress from None: t=832.3480918, value=c, duration=None>
832.3493 	EXP 	New trial (rep=26, index=1): <Trial 105 (1 in rep 26) data={'pos': np.int64(-50), 'corr_resp': 'x', 'thisN': 105, 'thisTrialN': 1, 'thisRepN': 26}>
832.3506 	DATA 	Keypress: c
832.3643 	EXP 	fixation: autoDraw = False
832.3643 	EXP 	line1: autoDraw = False
832.3643 	EXP 	line_2: autoDraw = False
832.3643 	EXP 	line_3: autoDraw = False
832.3643 	EXP 	line4: autoDraw = False
832.3643 	EXP 	probe: autoDraw = False
832.3643 	EXP 	fixation: autoDraw = True
832.4001 	EXP 	Device response: <KeyPress from None: t=832.3480918, value=c, duration=0.05008980000002339>
833.3485 	EXP 	line1: autoDraw = True
833.3485 	EXP 	line_2: autoDraw = True
833.3485 	EXP 	line_3: autoDraw = True
833.3485 	EXP 	line4: autoDraw = True
833.3664 	EXP 	fixation: autoDraw = False
834.3657 	INFO 	Keyboard events cleared
834.3655 	EXP 	probe: autoDraw = True
835.2982 	EXP 	Device response: <KeyPress from None: t=835.2930185, value=x, duration=None>
835.2986 	EXP 	New trial (rep=26, index=2): <Trial 106 (2 in rep 26) data={'pos': np.int64(150), 'corr_resp': 'v', 'thisN': 106, 'thisTrialN': 2, 'thisRepN': 26}>
835.3002 	DATA 	Keypress: x
835.3144 	EXP 	fixation: autoDraw = False
835.3144 	EXP 	line1: autoDraw = False
835.3144 	EXP 	line_2: autoDraw = False
835.3144 	EXP 	line_3: autoDraw = False
835.3144 	EXP 	line4: autoDraw = False
835.3144 	EXP 	probe: autoDraw = False
835.3144 	EXP 	fixation: autoDraw = True
835.3826 	EXP 	Device response: <KeyPress from None: t=835.2930185, value=x, duration=0.08126820000006774>
836.2976 	EXP 	line1: autoDraw = True
836.2976 	EXP 	line_2: autoDraw = True
836.2976 	EXP 	line_3: autoDraw = True
836.2976 	EXP 	line4: autoDraw = True
836.3144 	EXP 	fixation: autoDraw = False
837.2978 	INFO 	Keyboard events cleared
837.2976 	EXP 	probe: autoDraw = True
838.0315 	EXP 	Device response: <KeyPress from None: t=838.0233002, value=v, duration=None>
838.0318 	EXP 	New trial (rep=26, index=3): <Trial 107 (3 in rep 26) data={'pos': np.int64(-150), 'corr_resp': 'z', 'thisN': 107, 'thisTrialN': 3, 'thisRepN': 26}>
838.0334 	DATA 	Keypress: v
838.0478 	EXP 	fixation: autoDraw = False
838.0478 	EXP 	line1: autoDraw = False
838.0478 	EXP 	line_2: autoDraw = False
838.0478 	EXP 	line_3: autoDraw = False
838.0478 	EXP 	line4: autoDraw = False
838.0478 	EXP 	probe: autoDraw = False
838.0478 	EXP 	fixation: autoDraw = True
838.1320 	EXP 	Device response: <KeyPress from None: t=838.0233002, value=v, duration=0.09853249999991931>
839.0318 	EXP 	line1: autoDraw = True
839.0318 	EXP 	line_2: autoDraw = True
839.0318 	EXP 	line_3: autoDraw = True
839.0318 	EXP 	line4: autoDraw = True
839.0489 	EXP 	fixation: autoDraw = False
840.0320 	INFO 	Keyboard events cleared
840.0319 	EXP 	probe: autoDraw = True
841.6677 	DATA 	Keypress: z
841.6825 	EXP 	Device response: <KeyPress from None: t=841.6654737000001, value=z, duration=None>
841.6829 	EXP 	New trial (rep=27, index=0): <Trial 108 (0 in rep 27) data={'pos': np.int64(-150), 'corr_resp': 'z', 'thisN': 108, 'thisTrialN': 0, 'thisRepN': 27}>
841.6976 	EXP 	fixation: autoDraw = False
841.6976 	EXP 	line1: autoDraw = False
841.6976 	EXP 	line_2: autoDraw = False
841.6976 	EXP 	line_3: autoDraw = False
841.6976 	EXP 	line4: autoDraw = False
841.6976 	EXP 	probe: autoDraw = False
841.6976 	EXP 	fixation: autoDraw = True
841.7987 	EXP 	Device response: <KeyPress from None: t=841.6654737000001, value=z, duration=0.11712489999990794>
842.6985 	EXP 	fixation: autoDraw = False
842.6985 	EXP 	line1: autoDraw = True
842.6985 	EXP 	line_2: autoDraw = True
842.6985 	EXP 	line_3: autoDraw = True
842.6985 	EXP 	line4: autoDraw = True
843.6988 	INFO 	Keyboard events cleared
843.6986 	EXP 	probe: autoDraw = True
844.6323 	EXP 	Device response: <KeyPress from None: t=844.6179274000001, value=z, duration=None>
844.6327 	EXP 	New trial (rep=27, index=1): <Trial 109 (1 in rep 27) data={'pos': np.int64(-50), 'corr_resp': 'x', 'thisN': 109, 'thisTrialN': 1, 'thisRepN': 27}>
844.6341 	DATA 	Keypress: z
844.6486 	EXP 	fixation: autoDraw = False
844.6486 	EXP 	line1: autoDraw = False
844.6486 	EXP 	line_2: autoDraw = False
844.6486 	EXP 	line_3: autoDraw = False
844.6486 	EXP 	line4: autoDraw = False
844.6486 	EXP 	probe: autoDraw = False
844.6486 	EXP 	fixation: autoDraw = True
844.7156 	EXP 	Device response: <KeyPress from None: t=844.6179274000001, value=z, duration=0.0952594999998837>
845.6488 	EXP 	fixation: autoDraw = False
845.6488 	EXP 	line1: autoDraw = True
845.6488 	EXP 	line_2: autoDraw = True
845.6488 	EXP 	line_3: autoDraw = True
845.6488 	EXP 	line4: autoDraw = True
846.6332 	INFO 	Keyboard events cleared
846.6330 	EXP 	probe: autoDraw = True
847.4650 	EXP 	Device response: <KeyPress from None: t=847.4536461, value=x, duration=None>
847.4654 	EXP 	New trial (rep=27, index=2): <Trial 110 (2 in rep 27) data={'pos': np.int64(150), 'corr_resp': 'v', 'thisN': 110, 'thisTrialN': 2, 'thisRepN': 27}>
847.4667 	DATA 	Keypress: x
847.4810 	EXP 	fixation: autoDraw = False
847.4810 	EXP 	line1: autoDraw = False
847.4810 	EXP 	line_2: autoDraw = False
847.4810 	EXP 	line_3: autoDraw = False
847.4810 	EXP 	line4: autoDraw = False
847.4810 	EXP 	probe: autoDraw = False
847.4810 	EXP 	fixation: autoDraw = True
847.5316 	EXP 	Device response: <KeyPress from None: t=847.4536461, value=x, duration=0.06889490000003207>
848.4644 	EXP 	line1: autoDraw = True
848.4644 	EXP 	line_2: autoDraw = True
848.4644 	EXP 	line_3: autoDraw = True
848.4644 	EXP 	line4: autoDraw = True
848.4813 	EXP 	fixation: autoDraw = False
849.4645 	INFO 	Keyboard events cleared
849.4644 	EXP 	probe: autoDraw = True
850.4317 	EXP 	Device response: <KeyPress from None: t=850.4180944, value=v, duration=None>
850.4321 	EXP 	New trial (rep=27, index=3): <Trial 111 (3 in rep 27) data={'pos': np.int64(50), 'corr_resp': 'c', 'thisN': 111, 'thisTrialN': 3, 'thisRepN': 27}>
850.4336 	DATA 	Keypress: v
850.4482 	EXP 	fixation: autoDraw = False
850.4482 	EXP 	line1: autoDraw = False
850.4482 	EXP 	line_2: autoDraw = False
850.4482 	EXP 	line_3: autoDraw = False
850.4482 	EXP 	line4: autoDraw = False
850.4482 	EXP 	probe: autoDraw = False
850.4482 	EXP 	fixation: autoDraw = True
850.4818 	EXP 	Device response: <KeyPress from None: t=850.4180944, value=v, duration=0.06027719999997316>
851.4312 	EXP 	line1: autoDraw = True
851.4312 	EXP 	line_2: autoDraw = True
851.4312 	EXP 	line_3: autoDraw = True
851.4312 	EXP 	line4: autoDraw = True
851.4478 	EXP 	fixation: autoDraw = False
852.4312 	INFO 	Keyboard events cleared
852.4310 	EXP 	probe: autoDraw = True
853.2504 	DATA 	Keypress: c
853.2654 	EXP 	Device response: <KeyPress from None: t=853.2499543000001, value=c, duration=None>
853.2657 	EXP 	New trial (rep=28, index=0): <Trial 112 (0 in rep 28) data={'pos': np.int64(50), 'corr_resp': 'c', 'thisN': 112, 'thisTrialN': 0, 'thisRepN': 28}>
853.2818 	EXP 	fixation: autoDraw = False
853.2818 	EXP 	line1: autoDraw = False
853.2818 	EXP 	line_2: autoDraw = False
853.2818 	EXP 	line_3: autoDraw = False
853.2818 	EXP 	line4: autoDraw = False
853.2818 	EXP 	probe: autoDraw = False
853.2818 	EXP 	fixation: autoDraw = True
853.3166 	EXP 	Device response: <KeyPress from None: t=853.2499543000001, value=c, duration=0.06457769999997254>
854.2656 	EXP 	line1: autoDraw = True
854.2656 	EXP 	line_2: autoDraw = True
854.2656 	EXP 	line_3: autoDraw = True
854.2656 	EXP 	line4: autoDraw = True
854.2821 	EXP 	fixation: autoDraw = False
855.2646 	INFO 	Keyboard events cleared
855.2644 	EXP 	probe: autoDraw = True
856.7493 	EXP 	Device response: <KeyPress from None: t=856.7472907000001, value=c, duration=None>
856.7497 	EXP 	New trial (rep=28, index=1): <Trial 113 (1 in rep 28) data={'pos': np.int64(-150), 'corr_resp': 'z', 'thisN': 113, 'thisTrialN': 1, 'thisRepN': 28}>
856.7513 	DATA 	Keypress: c
856.7645 	EXP 	fixation: autoDraw = False
856.7645 	EXP 	line1: autoDraw = False
856.7645 	EXP 	line_2: autoDraw = False
856.7645 	EXP 	line_3: autoDraw = False
856.7645 	EXP 	line4: autoDraw = False
856.7645 	EXP 	probe: autoDraw = False
856.7645 	EXP 	fixation: autoDraw = True
856.8320 	EXP 	Device response: <KeyPress from None: t=856.7472907000001, value=c, duration=0.0832589999999982>
857.7648 	EXP 	fixation: autoDraw = False
857.7648 	EXP 	line1: autoDraw = True
857.7648 	EXP 	line_2: autoDraw = True
857.7648 	EXP 	line_3: autoDraw = True
857.7648 	EXP 	line4: autoDraw = True
858.7480 	INFO 	Keyboard events cleared
858.7478 	EXP 	probe: autoDraw = True
859.6825 	EXP 	Device response: <KeyPress from None: t=859.6735286, value=z, duration=None>
859.6829 	EXP 	New trial (rep=28, index=2): <Trial 114 (2 in rep 28) data={'pos': np.int64(-50), 'corr_resp': 'x', 'thisN': 114, 'thisTrialN': 2, 'thisRepN': 28}>
859.6845 	DATA 	Keypress: z
859.6985 	EXP 	fixation: autoDraw = False
859.6985 	EXP 	line1: autoDraw = False
859.6985 	EXP 	line_2: autoDraw = False
859.6985 	EXP 	line_3: autoDraw = False
859.6985 	EXP 	line4: autoDraw = False
859.6985 	EXP 	probe: autoDraw = False
859.6985 	EXP 	fixation: autoDraw = True
859.7665 	EXP 	Device response: <KeyPress from None: t=859.6735286, value=z, duration=0.09141169999998056>
860.6818 	EXP 	line1: autoDraw = True
860.6818 	EXP 	line_2: autoDraw = True
860.6818 	EXP 	line_3: autoDraw = True
860.6818 	EXP 	line4: autoDraw = True
860.6985 	EXP 	fixation: autoDraw = False
861.6822 	INFO 	Keyboard events cleared
861.6820 	EXP 	probe: autoDraw = True
862.4987 	EXP 	Device response: <KeyPress from None: t=862.4876907, value=x, duration=None>
862.4991 	EXP 	New trial (rep=28, index=3): <Trial 115 (3 in rep 28) data={'pos': np.int64(150), 'corr_resp': 'v', 'thisN': 115, 'thisTrialN': 3, 'thisRepN': 28}>
862.5006 	DATA 	Keypress: x
862.5145 	EXP 	fixation: autoDraw = False
862.5145 	EXP 	line1: autoDraw = False
862.5145 	EXP 	line_2: autoDraw = False
862.5145 	EXP 	line_3: autoDraw = False
862.5145 	EXP 	line4: autoDraw = False
862.5145 	EXP 	probe: autoDraw = False
862.5145 	EXP 	fixation: autoDraw = True
862.5830 	EXP 	Device response: <KeyPress from None: t=862.4876907, value=x, duration=0.08354789999998502>
863.4991 	EXP 	line1: autoDraw = True
863.4991 	EXP 	line_2: autoDraw = True
863.4991 	EXP 	line_3: autoDraw = True
863.4991 	EXP 	line4: autoDraw = True
863.5157 	EXP 	fixation: autoDraw = False
864.4992 	INFO 	Keyboard events cleared
864.4990 	EXP 	probe: autoDraw = True
865.4654 	EXP 	Device response: <KeyPress from None: t=865.4587147, value=v, duration=None>
865.4658 	EXP 	New trial (rep=29, index=0): <Trial 116 (0 in rep 29) data={'pos': np.int64(-50), 'corr_resp': 'x', 'thisN': 116, 'thisTrialN': 0, 'thisRepN': 29}>
865.4671 	DATA 	Keypress: v
865.4817 	EXP 	fixation: autoDraw = False
865.4817 	EXP 	line1: autoDraw = False
865.4817 	EXP 	line_2: autoDraw = False
865.4817 	EXP 	line_3: autoDraw = False
865.4817 	EXP 	line4: autoDraw = False
865.4817 	EXP 	probe: autoDraw = False
865.4817 	EXP 	fixation: autoDraw = True
865.5164 	EXP 	Device response: <KeyPress from None: t=865.4587147, value=v, duration=0.053878299999951196>
866.4646 	EXP 	line1: autoDraw = True
866.4646 	EXP 	line_2: autoDraw = True
866.4646 	EXP 	line_3: autoDraw = True
866.4646 	EXP 	line4: autoDraw = True
866.4827 	EXP 	fixation: autoDraw = False
867.4656 	INFO 	Keyboard events cleared
867.4655 	EXP 	probe: autoDraw = True
868.1851 	DATA 	Keypress: x
868.1988 	EXP 	Device response: <KeyPress from None: t=868.1846653, value=x, duration=None>
868.1992 	EXP 	New trial (rep=29, index=1): <Trial 117 (1 in rep 29) data={'pos': np.int64(150), 'corr_resp': 'v', 'thisN': 117, 'thisTrialN': 1, 'thisRepN': 29}>
868.2147 	EXP 	fixation: autoDraw = False
868.2147 	EXP 	line1: autoDraw = False
868.2147 	EXP 	line_2: autoDraw = False
868.2147 	EXP 	line_3: autoDraw = False
868.2147 	EXP 	line4: autoDraw = False
868.2147 	EXP 	probe: autoDraw = False
868.2147 	EXP 	fixation: autoDraw = True
868.2818 	EXP 	Device response: <KeyPress from None: t=868.1846653, value=x, duration=0.0814196000001175>
869.2000 	EXP 	line1: autoDraw = True
869.2000 	EXP 	line_2: autoDraw = True
869.2000 	EXP 	line_3: autoDraw = True
869.2000 	EXP 	line4: autoDraw = True
869.2164 	EXP 	fixation: autoDraw = False
870.1993 	INFO 	Keyboard events cleared
870.1992 	EXP 	probe: autoDraw = True
870.9840 	DATA 	Keypress: v
870.9987 	EXP 	Device response: <KeyPress from None: t=870.9825642999999, value=v, duration=None>
870.9991 	EXP 	New trial (rep=29, index=2): <Trial 118 (2 in rep 29) data={'pos': np.int64(-150), 'corr_resp': 'z', 'thisN': 118, 'thisTrialN': 2, 'thisRepN': 29}>
871.0146 	EXP 	fixation: autoDraw = False
871.0146 	EXP 	line1: autoDraw = False
871.0146 	EXP 	line_2: autoDraw = False
871.0146 	EXP 	line_3: autoDraw = False
871.0146 	EXP 	line4: autoDraw = False
871.0146 	EXP 	probe: autoDraw = False
871.0146 	EXP 	fixation: autoDraw = True
871.0650 	EXP 	Device response: <KeyPress from None: t=870.9825642999999, value=v, duration=0.06880270000010569>
871.9991 	EXP 	line1: autoDraw = True
871.9991 	EXP 	line_2: autoDraw = True
871.9991 	EXP 	line_3: autoDraw = True
871.9991 	EXP 	line4: autoDraw = True
872.0148 	EXP 	fixation: autoDraw = False
873.0147 	INFO 	Keyboard events cleared
873.0145 	EXP 	probe: autoDraw = True
874.0496 	EXP 	Device response: <KeyPress from None: t=874.0451484, value=z, duration=None>
874.0501 	EXP 	New trial (rep=29, index=3): <Trial 119 (3 in rep 29) data={'pos': np.int64(50), 'corr_resp': 'c', 'thisN': 119, 'thisTrialN': 3, 'thisRepN': 29}>
874.0514 	DATA 	Keypress: z
874.0654 	EXP 	fixation: autoDraw = False
874.0654 	EXP 	line1: autoDraw = False
874.0654 	EXP 	line_2: autoDraw = False
874.0654 	EXP 	line_3: autoDraw = False
874.0654 	EXP 	line4: autoDraw = False
874.0654 	EXP 	probe: autoDraw = False
874.0654 	EXP 	fixation: autoDraw = True
874.0826 	EXP 	Device response: <KeyPress from None: t=874.0451484, value=z, duration=0.03482320000011896>
875.0653 	EXP 	fixation: autoDraw = False
875.0653 	EXP 	line1: autoDraw = True
875.0653 	EXP 	line_2: autoDraw = True
875.0653 	EXP 	line_3: autoDraw = True
875.0653 	EXP 	line4: autoDraw = True
876.0482 	INFO 	Keyboard events cleared
876.0480 	EXP 	probe: autoDraw = True
876.9163 	EXP 	Device response: <KeyPress from None: t=876.9148968, value=c, duration=None>
876.9167 	EXP 	New trial (rep=30, index=0): <Trial 120 (0 in rep 30) data={'pos': np.int64(-150), 'corr_resp': 'z', 'thisN': 120, 'thisTrialN': 0, 'thisRepN': 30}>
876.9180 	DATA 	Keypress: c
876.9320 	EXP 	fixation: autoDraw = False
876.9320 	EXP 	line1: autoDraw = False
876.9320 	EXP 	line_2: autoDraw = False
876.9320 	EXP 	line_3: autoDraw = False
876.9320 	EXP 	line4: autoDraw = False
876.9320 	EXP 	probe: autoDraw = False
876.9320 	EXP 	fixation: autoDraw = True
877.0159 	EXP 	Device response: <KeyPress from None: t=876.9148968, value=c, duration=0.09263890000011088>
877.9321 	EXP 	fixation: autoDraw = False
877.9321 	EXP 	line1: autoDraw = True
877.9321 	EXP 	line_2: autoDraw = True
877.9321 	EXP 	line_3: autoDraw = True
877.9321 	EXP 	line4: autoDraw = True
878.9323 	INFO 	Keyboard events cleared
878.9321 	EXP 	probe: autoDraw = True
879.7320 	EXP 	Device response: <KeyPress from None: t=879.7185832, value=z, duration=None>
879.7324 	EXP 	New trial (rep=30, index=1): <Trial 121 (1 in rep 30) data={'pos': np.int64(-50), 'corr_resp': 'x', 'thisN': 121, 'thisTrialN': 1, 'thisRepN': 30}>
879.7337 	DATA 	Keypress: z
879.7494 	EXP 	fixation: autoDraw = False
879.7494 	EXP 	line1: autoDraw = False
879.7494 	EXP 	line_2: autoDraw = False
879.7494 	EXP 	line_3: autoDraw = False
879.7494 	EXP 	line4: autoDraw = False
879.7494 	EXP 	probe: autoDraw = False
879.7494 	EXP 	fixation: autoDraw = True
879.7991 	EXP 	Device response: <KeyPress from None: t=879.7185832, value=z, duration=0.07953930000007858>
880.7325 	EXP 	line1: autoDraw = True
880.7325 	EXP 	line_2: autoDraw = True
880.7325 	EXP 	line_3: autoDraw = True
880.7325 	EXP 	line4: autoDraw = True
880.7493 	EXP 	fixation: autoDraw = False
881.7332 	INFO 	Keyboard events cleared
881.7330 	EXP 	probe: autoDraw = True
882.9819 	EXP 	Device response: <KeyPress from None: t=882.9750778, value=x, duration=None>
882.9824 	EXP 	New trial (rep=30, index=2): <Trial 122 (2 in rep 30) data={'pos': np.int64(150), 'corr_resp': 'v', 'thisN': 122, 'thisTrialN': 2, 'thisRepN': 30}>
882.9838 	DATA 	Keypress: x
882.9980 	EXP 	fixation: autoDraw = False
882.9980 	EXP 	line1: autoDraw = False
882.9980 	EXP 	line_2: autoDraw = False
882.9980 	EXP 	line_3: autoDraw = False
882.9980 	EXP 	line4: autoDraw = False
882.9980 	EXP 	probe: autoDraw = False
882.9980 	EXP 	fixation: autoDraw = True
883.1484 	EXP 	Device response: <KeyPress from None: t=882.9750778, value=x, duration=0.16240809999999328>
883.9824 	EXP 	line1: autoDraw = True
883.9824 	EXP 	line_2: autoDraw = True
883.9824 	EXP 	line_3: autoDraw = True
883.9824 	EXP 	line4: autoDraw = True
883.9997 	EXP 	fixation: autoDraw = False
884.9816 	INFO 	Keyboard events cleared
884.9814 	EXP 	probe: autoDraw = True
885.3825 	EXP 	Device response: <KeyPress from None: t=885.3678706000001, value=v, duration=None>
885.3829 	EXP 	New trial (rep=30, index=3): <Trial 123 (3 in rep 30) data={'pos': np.int64(50), 'corr_resp': 'c', 'thisN': 123, 'thisTrialN': 3, 'thisRepN': 30}>
885.3842 	DATA 	Keypress: v
885.3980 	EXP 	fixation: autoDraw = False
885.3980 	EXP 	line1: autoDraw = False
885.3980 	EXP 	line_2: autoDraw = False
885.3980 	EXP 	line_3: autoDraw = False
885.3980 	EXP 	line4: autoDraw = False
885.3980 	EXP 	probe: autoDraw = False
885.3980 	EXP 	fixation: autoDraw = True
885.5663 	EXP 	Device response: <KeyPress from None: t=885.3678706000001, value=v, duration=0.18795529999988503>
886.3980 	EXP 	fixation: autoDraw = False
886.3980 	EXP 	line1: autoDraw = True
886.3980 	EXP 	line_2: autoDraw = True
886.3980 	EXP 	line_3: autoDraw = True
886.3980 	EXP 	line4: autoDraw = True
887.3984 	INFO 	Keyboard events cleared
887.3983 	EXP 	probe: autoDraw = True
888.4486 	EXP 	Device response: <KeyPress from None: t=888.4459569, value=c, duration=None>
888.4491 	EXP 	New trial (rep=31, index=0): <Trial 124 (0 in rep 31) data={'pos': np.int64(50), 'corr_resp': 'c', 'thisN': 124, 'thisTrialN': 0, 'thisRepN': 31}>
888.4507 	DATA 	Keypress: c
888.4646 	EXP 	fixation: autoDraw = False
888.4646 	EXP 	line1: autoDraw = False
888.4646 	EXP 	line_2: autoDraw = False
888.4646 	EXP 	line_3: autoDraw = False
888.4646 	EXP 	line4: autoDraw = False
888.4646 	EXP 	probe: autoDraw = False
888.4646 	EXP 	fixation: autoDraw = True
888.5652 	EXP 	Device response: <KeyPress from None: t=888.4459569, value=c, duration=0.1131103999998686>
889.4487 	EXP 	line1: autoDraw = True
889.4487 	EXP 	line_2: autoDraw = True
889.4487 	EXP 	line_3: autoDraw = True
889.4487 	EXP 	line4: autoDraw = True
889.4646 	EXP 	fixation: autoDraw = False
890.4482 	INFO 	Keyboard events cleared
890.4480 	EXP 	probe: autoDraw = True
890.9987 	EXP 	Device response: <KeyPress from None: t=890.9839213, value=c, duration=None>
890.9991 	EXP 	New trial (rep=31, index=1): <Trial 125 (1 in rep 31) data={'pos': np.int64(150), 'corr_resp': 'v', 'thisN': 125, 'thisTrialN': 1, 'thisRepN': 31}>
891.0004 	DATA 	Keypress: c
891.0148 	EXP 	fixation: autoDraw = False
891.0148 	EXP 	line1: autoDraw = False
891.0148 	EXP 	line_2: autoDraw = False
891.0148 	EXP 	line_3: autoDraw = False
891.0148 	EXP 	line4: autoDraw = False
891.0148 	EXP 	probe: autoDraw = False
891.0148 	EXP 	fixation: autoDraw = True
891.1985 	EXP 	Device response: <KeyPress from None: t=890.9839213, value=c, duration=0.1997664000000441>
891.9989 	EXP 	line1: autoDraw = True
891.9989 	EXP 	line_2: autoDraw = True
891.9989 	EXP 	line_3: autoDraw = True
891.9989 	EXP 	line4: autoDraw = True
892.0148 	EXP 	fixation: autoDraw = False
892.9992 	INFO 	Keyboard events cleared
892.9991 	EXP 	probe: autoDraw = True
893.4987 	EXP 	Device response: <KeyPress from None: t=893.4966759000001, value=v, duration=None>
893.4991 	EXP 	New trial (rep=31, index=2): <Trial 126 (2 in rep 31) data={'pos': np.int64(-150), 'corr_resp': 'z', 'thisN': 126, 'thisTrialN': 2, 'thisRepN': 31}>
893.5004 	DATA 	Keypress: v
893.5146 	EXP 	fixation: autoDraw = False
893.5146 	EXP 	line1: autoDraw = False
893.5146 	EXP 	line_2: autoDraw = False
893.5146 	EXP 	line_3: autoDraw = False
893.5146 	EXP 	line4: autoDraw = False
893.5146 	EXP 	probe: autoDraw = False
893.5146 	EXP 	fixation: autoDraw = True
893.6987 	EXP 	Device response: <KeyPress from None: t=893.4966759000001, value=v, duration=0.20113969999988512>
894.4981 	EXP 	line1: autoDraw = True
894.4981 	EXP 	line_2: autoDraw = True
894.4981 	EXP 	line_3: autoDraw = True
894.4981 	EXP 	line4: autoDraw = True
894.5147 	EXP 	fixation: autoDraw = False
895.4984 	INFO 	Keyboard events cleared
895.4982 	EXP 	probe: autoDraw = True
896.4167 	EXP 	Device response: <KeyPress from None: t=896.4146238999999, value=z, duration=None>
896.4171 	EXP 	New trial (rep=31, index=3): <Trial 127 (3 in rep 31) data={'pos': np.int64(-50), 'corr_resp': 'x', 'thisN': 127, 'thisTrialN': 3, 'thisRepN': 31}>
896.4184 	DATA 	Keypress: z
896.4320 	EXP 	fixation: autoDraw = False
896.4320 	EXP 	line1: autoDraw = False
896.4320 	EXP 	line_2: autoDraw = False
896.4320 	EXP 	line_3: autoDraw = False
896.4320 	EXP 	line4: autoDraw = False
896.4320 	EXP 	probe: autoDraw = False
896.4320 	EXP 	fixation: autoDraw = True
896.5495 	EXP 	Device response: <KeyPress from None: t=896.4146238999999, value=z, duration=0.12990430000013475>
897.4314 	EXP 	fixation: autoDraw = False
897.4314 	EXP 	line1: autoDraw = True
897.4314 	EXP 	line_2: autoDraw = True
897.4314 	EXP 	line_3: autoDraw = True
897.4314 	EXP 	line4: autoDraw = True
898.4323 	INFO 	Keyboard events cleared
898.4321 	EXP 	probe: autoDraw = True
899.4003 	DATA 	Keypress: x
899.4162 	EXP 	Device response: <KeyPress from None: t=899.3994935999999, value=x, duration=None>
899.4170 	EXP 	New trial (rep=32, index=0): <Trial 128 (0 in rep 32) data={'pos': np.int64(50), 'corr_resp': 'c', 'thisN': 128, 'thisTrialN': 0, 'thisRepN': 32}>
899.4328 	EXP 	fixation: autoDraw = False
899.4328 	EXP 	line1: autoDraw = False
899.4328 	EXP 	line_2: autoDraw = False
899.4328 	EXP 	line_3: autoDraw = False
899.4328 	EXP 	line4: autoDraw = False
899.4328 	EXP 	probe: autoDraw = False
899.4328 	EXP 	fixation: autoDraw = True
899.5154 	EXP 	Device response: <KeyPress from None: t=899.3994935999999, value=x, duration=0.10090430000013839>
900.4320 	EXP 	fixation: autoDraw = False
900.4320 	EXP 	line1: autoDraw = True
900.4320 	EXP 	line_2: autoDraw = True
900.4320 	EXP 	line_3: autoDraw = True
900.4320 	EXP 	line4: autoDraw = True
901.4316 	INFO 	Keyboard events cleared
901.4314 	EXP 	probe: autoDraw = True
903.2990 	EXP 	Device response: <KeyPress from None: t=903.2945439, value=c, duration=None>
903.2994 	EXP 	New trial (rep=32, index=1): <Trial 129 (1 in rep 32) data={'pos': np.int64(-150), 'corr_resp': 'z', 'thisN': 129, 'thisTrialN': 1, 'thisRepN': 32}>
903.3007 	DATA 	Keypress: c
903.3147 	EXP 	fixation: autoDraw = False
903.3147 	EXP 	line1: autoDraw = False
903.3147 	EXP 	line_2: autoDraw = False
903.3147 	EXP 	line_3: autoDraw = False
903.3147 	EXP 	line4: autoDraw = False
903.3147 	EXP 	probe: autoDraw = False
903.3147 	EXP 	fixation: autoDraw = True
903.4661 	EXP 	Device response: <KeyPress from None: t=903.2945439, value=c, duration=0.16967590000012933>
904.2993 	EXP 	line1: autoDraw = True
904.2993 	EXP 	line_2: autoDraw = True
904.2993 	EXP 	line_3: autoDraw = True
904.2993 	EXP 	line4: autoDraw = True
904.3163 	EXP 	fixation: autoDraw = False
905.2995 	INFO 	Keyboard events cleared
905.2993 	EXP 	probe: autoDraw = True
906.2494 	EXP 	Device response: <KeyPress from None: t=906.2429618000001, value=z, duration=None>
906.2498 	EXP 	New trial (rep=32, index=2): <Trial 130 (2 in rep 32) data={'pos': np.int64(-50), 'corr_resp': 'x', 'thisN': 130, 'thisTrialN': 2, 'thisRepN': 32}>
906.2510 	DATA 	Keypress: z
906.2657 	EXP 	fixation: autoDraw = False
906.2657 	EXP 	line1: autoDraw = False
906.2657 	EXP 	line_2: autoDraw = False
906.2657 	EXP 	line_3: autoDraw = False
906.2657 	EXP 	line4: autoDraw = False
906.2657 	EXP 	probe: autoDraw = False
906.2657 	EXP 	fixation: autoDraw = True
906.4157 	EXP 	Device response: <KeyPress from None: t=906.2429618000001, value=z, duration=0.1627766999999949>
907.2651 	EXP 	fixation: autoDraw = False
907.2651 	EXP 	line1: autoDraw = True
907.2651 	EXP 	line_2: autoDraw = True
907.2651 	EXP 	line_3: autoDraw = True
907.2651 	EXP 	line4: autoDraw = True
908.2496 	INFO 	Keyboard events cleared
908.2495 	EXP 	probe: autoDraw = True
909.4490 	EXP 	Device response: <KeyPress from None: t=909.447809, value=x, duration=None>
909.4494 	EXP 	New trial (rep=32, index=3): <Trial 131 (3 in rep 32) data={'pos': np.int64(150), 'corr_resp': 'v', 'thisN': 131, 'thisTrialN': 3, 'thisRepN': 32}>
909.4513 	DATA 	Keypress: x
909.4648 	EXP 	fixation: autoDraw = False
909.4648 	EXP 	line1: autoDraw = False
909.4648 	EXP 	line_2: autoDraw = False
909.4648 	EXP 	line_3: autoDraw = False
909.4648 	EXP 	line4: autoDraw = False
909.4648 	EXP 	probe: autoDraw = False
909.4648 	EXP 	fixation: autoDraw = True
909.5329 	EXP 	Device response: <KeyPress from None: t=909.447809, value=x, duration=0.0766247999999905>
910.4489 	EXP 	line1: autoDraw = True
910.4489 	EXP 	line_2: autoDraw = True
910.4489 	EXP 	line_3: autoDraw = True
910.4489 	EXP 	line4: autoDraw = True
910.4656 	EXP 	fixation: autoDraw = False
911.4491 	INFO 	Keyboard events cleared
911.4490 	EXP 	probe: autoDraw = True
912.3487 	EXP 	Device response: <KeyPress from None: t=912.3430584, value=v, duration=None>
912.3491 	EXP 	New trial (rep=33, index=0): <Trial 132 (0 in rep 33) data={'pos': np.int64(50), 'corr_resp': 'c', 'thisN': 132, 'thisTrialN': 0, 'thisRepN': 33}>
912.3505 	DATA 	Keypress: v
912.3649 	EXP 	fixation: autoDraw = False
912.3649 	EXP 	line1: autoDraw = False
912.3649 	EXP 	line_2: autoDraw = False
912.3649 	EXP 	line_3: autoDraw = False
912.3649 	EXP 	line4: autoDraw = False
912.3649 	EXP 	probe: autoDraw = False
912.3649 	EXP 	fixation: autoDraw = True
912.4165 	EXP 	Device response: <KeyPress from None: t=912.3430584, value=v, duration=0.06448829999999361>
913.3488 	EXP 	line1: autoDraw = True
913.3488 	EXP 	line_2: autoDraw = True
913.3488 	EXP 	line_3: autoDraw = True
913.3488 	EXP 	line4: autoDraw = True
913.3649 	EXP 	fixation: autoDraw = False
914.3482 	INFO 	Keyboard events cleared
914.3481 	EXP 	probe: autoDraw = True
915.1159 	EXP 	Device response: <KeyPress from None: t=915.1146391, value=c, duration=None>
915.1163 	EXP 	New trial (rep=33, index=1): <Trial 133 (1 in rep 33) data={'pos': np.int64(-150), 'corr_resp': 'z', 'thisN': 133, 'thisTrialN': 1, 'thisRepN': 33}>
915.1176 	DATA 	Keypress: c
915.1317 	EXP 	fixation: autoDraw = False
915.1317 	EXP 	line1: autoDraw = False
915.1317 	EXP 	line_2: autoDraw = False
915.1317 	EXP 	line_3: autoDraw = False
915.1317 	EXP 	line4: autoDraw = False
915.1317 	EXP 	probe: autoDraw = False
915.1317 	EXP 	fixation: autoDraw = True
915.1827 	EXP 	Device response: <KeyPress from None: t=915.1146391, value=c, duration=0.06510189999994509>
916.1316 	EXP 	fixation: autoDraw = False
916.1316 	EXP 	line1: autoDraw = True
916.1316 	EXP 	line_2: autoDraw = True
916.1316 	EXP 	line_3: autoDraw = True
916.1316 	EXP 	line4: autoDraw = True
917.1317 	INFO 	Keyboard events cleared
917.1315 	EXP 	probe: autoDraw = True
918.0828 	EXP 	Device response: <KeyPress from None: t=918.0738441000001, value=z, duration=None>
918.0832 	EXP 	New trial (rep=33, index=2): <Trial 134 (2 in rep 33) data={'pos': np.int64(-50), 'corr_resp': 'x', 'thisN': 134, 'thisTrialN': 2, 'thisRepN': 33}>
918.0880 	DATA 	Keypress: z
918.0992 	EXP 	fixation: autoDraw = False
918.0992 	EXP 	line1: autoDraw = False
918.0992 	EXP 	line_2: autoDraw = False
918.0992 	EXP 	line_3: autoDraw = False
918.0992 	EXP 	line4: autoDraw = False
918.0992 	EXP 	probe: autoDraw = False
918.0992 	EXP 	fixation: autoDraw = True
918.2325 	EXP 	Device response: <KeyPress from None: t=918.0738441000001, value=z, duration=0.1426169999999729>
919.0823 	EXP 	line1: autoDraw = True
919.0823 	EXP 	line_2: autoDraw = True
919.0823 	EXP 	line_3: autoDraw = True
919.0823 	EXP 	line4: autoDraw = True
919.0986 	EXP 	fixation: autoDraw = False
920.0832 	INFO 	Keyboard events cleared
920.0830 	EXP 	probe: autoDraw = True
920.5155 	EXP 	Device response: <KeyPress from None: t=920.5057921, value=x, duration=None>
920.5159 	EXP 	New trial (rep=33, index=3): <Trial 135 (3 in rep 33) data={'pos': np.int64(150), 'corr_resp': 'v', 'thisN': 135, 'thisTrialN': 3, 'thisRepN': 33}>
920.5172 	DATA 	Keypress: x
920.5316 	EXP 	fixation: autoDraw = False
920.5316 	EXP 	line1: autoDraw = False
920.5316 	EXP 	line_2: autoDraw = False
920.5316 	EXP 	line_3: autoDraw = False
920.5316 	EXP 	line4: autoDraw = False
920.5316 	EXP 	probe: autoDraw = False
920.5316 	EXP 	fixation: autoDraw = True
920.6825 	EXP 	Device response: <KeyPress from None: t=920.5057921, value=x, duration=0.1610086999999112>
921.5163 	EXP 	line1: autoDraw = True
921.5163 	EXP 	line_2: autoDraw = True
921.5163 	EXP 	line_3: autoDraw = True
921.5163 	EXP 	line4: autoDraw = True
921.5329 	EXP 	fixation: autoDraw = False
922.5155 	INFO 	Keyboard events cleared
922.5153 	EXP 	probe: autoDraw = True
922.9822 	EXP 	Device response: <KeyPress from None: t=922.9690855000001, value=v, duration=None>
922.9826 	EXP 	New trial (rep=34, index=0): <Trial 136 (0 in rep 34) data={'pos': np.int64(150), 'corr_resp': 'v', 'thisN': 136, 'thisTrialN': 0, 'thisRepN': 34}>
922.9839 	DATA 	Keypress: v
922.9982 	EXP 	fixation: autoDraw = False
922.9982 	EXP 	line1: autoDraw = False
922.9982 	EXP 	line_2: autoDraw = False
922.9982 	EXP 	line_3: autoDraw = False
922.9982 	EXP 	line4: autoDraw = False
922.9982 	EXP 	probe: autoDraw = False
922.9982 	EXP 	fixation: autoDraw = True
923.1321 	EXP 	Device response: <KeyPress from None: t=922.9690855000001, value=v, duration=0.15949449999993703>
923.9822 	EXP 	line1: autoDraw = True
923.9822 	EXP 	line_2: autoDraw = True
923.9822 	EXP 	line_3: autoDraw = True
923.9822 	EXP 	line4: autoDraw = True
923.9989 	EXP 	fixation: autoDraw = False
924.9823 	INFO 	Keyboard events cleared
924.9822 	EXP 	probe: autoDraw = True
925.4327 	EXP 	Device response: <KeyPress from None: t=925.4199897000001, value=v, duration=None>
925.4330 	EXP 	New trial (rep=34, index=1): <Trial 137 (1 in rep 34) data={'pos': np.int64(-50), 'corr_resp': 'x', 'thisN': 137, 'thisTrialN': 1, 'thisRepN': 34}>
925.4343 	DATA 	Keypress: v
925.4482 	EXP 	fixation: autoDraw = False
925.4482 	EXP 	line1: autoDraw = False
925.4482 	EXP 	line_2: autoDraw = False
925.4482 	EXP 	line_3: autoDraw = False
925.4482 	EXP 	line4: autoDraw = False
925.4482 	EXP 	probe: autoDraw = False
925.4482 	EXP 	fixation: autoDraw = True
925.6327 	EXP 	Device response: <KeyPress from None: t=925.4199897000001, value=v, duration=0.20418979999999465>
926.4322 	EXP 	line1: autoDraw = True
926.4322 	EXP 	line_2: autoDraw = True
926.4322 	EXP 	line_3: autoDraw = True
926.4322 	EXP 	line4: autoDraw = True
926.4489 	EXP 	fixation: autoDraw = False
927.4325 	INFO 	Keyboard events cleared
927.4324 	EXP 	probe: autoDraw = True
927.8322 	EXP 	Device response: <KeyPress from None: t=927.8189276, value=x, duration=None>
927.8328 	EXP 	New trial (rep=34, index=2): <Trial 138 (2 in rep 34) data={'pos': np.int64(-150), 'corr_resp': 'z', 'thisN': 138, 'thisTrialN': 2, 'thisRepN': 34}>
927.8341 	DATA 	Keypress: x
927.8491 	EXP 	fixation: autoDraw = False
927.8491 	EXP 	line1: autoDraw = False
927.8491 	EXP 	line_2: autoDraw = False
927.8491 	EXP 	line_3: autoDraw = False
927.8491 	EXP 	line4: autoDraw = False
927.8491 	EXP 	probe: autoDraw = False
927.8491 	EXP 	fixation: autoDraw = True
927.9992 	EXP 	Device response: <KeyPress from None: t=927.8189276, value=x, duration=0.17719519999991462>
928.8327 	EXP 	line1: autoDraw = True
928.8327 	EXP 	line_2: autoDraw = True
928.8327 	EXP 	line_3: autoDraw = True
928.8327 	EXP 	line4: autoDraw = True
928.8496 	EXP 	fixation: autoDraw = False
929.8328 	INFO 	Keyboard events cleared
929.8326 	EXP 	probe: autoDraw = True
930.3851 	DATA 	Keypress: z
930.4001 	EXP 	Device response: <KeyPress from None: t=930.3837535, value=z, duration=None>
930.4007 	EXP 	New trial (rep=34, index=3): <Trial 139 (3 in rep 34) data={'pos': np.int64(50), 'corr_resp': 'c', 'thisN': 139, 'thisTrialN': 3, 'thisRepN': 34}>
930.4150 	EXP 	fixation: autoDraw = False
930.4150 	EXP 	line1: autoDraw = False
930.4150 	EXP 	line_2: autoDraw = False
930.4150 	EXP 	line_3: autoDraw = False
930.4150 	EXP 	line4: autoDraw = False
930.4150 	EXP 	probe: autoDraw = False
930.4150 	EXP 	fixation: autoDraw = True
930.6334 	EXP 	Device response: <KeyPress from None: t=930.3837535, value=z, duration=0.2445193000000927>
931.3988 	EXP 	line1: autoDraw = True
931.3988 	EXP 	line_2: autoDraw = True
931.3988 	EXP 	line_3: autoDraw = True
931.3988 	EXP 	line4: autoDraw = True
931.4154 	EXP 	fixation: autoDraw = False
932.4165 	INFO 	Keyboard events cleared
932.4163 	EXP 	probe: autoDraw = True
933.3163 	EXP 	Device response: <KeyPress from None: t=933.3093352000001, value=c, duration=None>
933.3166 	EXP 	New trial (rep=35, index=0): <Trial 140 (0 in rep 35) data={'pos': np.int64(-150), 'corr_resp': 'z', 'thisN': 140, 'thisTrialN': 0, 'thisRepN': 35}>
933.3179 	DATA 	Keypress: c
933.3318 	EXP 	fixation: autoDraw = False
933.3318 	EXP 	line1: autoDraw = False
933.3318 	EXP 	line_2: autoDraw = False
933.3318 	EXP 	line_3: autoDraw = False
933.3318 	EXP 	line4: autoDraw = False
933.3318 	EXP 	probe: autoDraw = False
933.3318 	EXP 	fixation: autoDraw = True
933.5156 	EXP 	Device response: <KeyPress from None: t=933.3093352000001, value=c, duration=0.1962072999999691>
934.3323 	EXP 	fixation: autoDraw = False
934.3323 	EXP 	line1: autoDraw = True
934.3323 	EXP 	line_2: autoDraw = True
934.3323 	EXP 	line_3: autoDraw = True
934.3323 	EXP 	line4: autoDraw = True
935.3158 	INFO 	Keyboard events cleared
935.3157 	EXP 	probe: autoDraw = True
936.2187 	DATA 	Keypress: z
936.2323 	EXP 	Device response: <KeyPress from None: t=936.2182588000001, value=z, duration=None>
936.2327 	EXP 	New trial (rep=35, index=1): <Trial 141 (1 in rep 35) data={'pos': np.int64(50), 'corr_resp': 'c', 'thisN': 141, 'thisTrialN': 1, 'thisRepN': 35}>
936.2482 	EXP 	fixation: autoDraw = False
936.2482 	EXP 	line1: autoDraw = False
936.2482 	EXP 	line_2: autoDraw = False
936.2482 	EXP 	line_3: autoDraw = False
936.2482 	EXP 	line4: autoDraw = False
936.2482 	EXP 	probe: autoDraw = False
936.2482 	EXP 	fixation: autoDraw = True
936.5831 	EXP 	Device response: <KeyPress from None: t=936.2182588000001, value=z, duration=0.36014539999996487>
937.2473 	EXP 	line1: autoDraw = True
937.2473 	EXP 	line_2: autoDraw = True
937.2473 	EXP 	line_3: autoDraw = True
937.2473 	EXP 	line4: autoDraw = True
937.2641 	EXP 	fixation: autoDraw = False
938.2320 	INFO 	Keyboard events cleared
938.2317 	EXP 	probe: autoDraw = True
938.7159 	EXP 	Device response: <KeyPress from None: t=938.7133985, value=x, duration=None>
938.7163 	EXP 	New trial (rep=35, index=2): <Trial 142 (2 in rep 35) data={'pos': np.int64(-50), 'corr_resp': 'x', 'thisN': 142, 'thisTrialN': 2, 'thisRepN': 35}>
938.7176 	DATA 	Keypress: x
938.7316 	EXP 	fixation: autoDraw = False
938.7316 	EXP 	line1: autoDraw = False
938.7316 	EXP 	line_2: autoDraw = False
938.7316 	EXP 	line_3: autoDraw = False
938.7316 	EXP 	line4: autoDraw = False
938.7316 	EXP 	probe: autoDraw = False
938.7316 	EXP 	fixation: autoDraw = True
938.8155 	EXP 	Device response: <KeyPress from None: t=938.7133985, value=x, duration=0.09843260000002374>
939.7151 	EXP 	line1: autoDraw = True
939.7151 	EXP 	line_2: autoDraw = True
939.7151 	EXP 	line_3: autoDraw = True
939.7151 	EXP 	line4: autoDraw = True
939.7316 	EXP 	fixation: autoDraw = False
940.7319 	INFO 	Keyboard events cleared
940.7317 	EXP 	probe: autoDraw = True
941.5324 	EXP 	Device response: <KeyPress from None: t=941.5305212000001, value=x, duration=None>
941.5328 	EXP 	New trial (rep=35, index=3): <Trial 143 (3 in rep 35) data={'pos': np.int64(150), 'corr_resp': 'v', 'thisN': 143, 'thisTrialN': 3, 'thisRepN': 35}>
941.5345 	DATA 	Keypress: x
941.5483 	EXP 	fixation: autoDraw = False
941.5483 	EXP 	line1: autoDraw = False
941.5483 	EXP 	line_2: autoDraw = False
941.5483 	EXP 	line_3: autoDraw = False
941.5483 	EXP 	line4: autoDraw = False
941.5483 	EXP 	probe: autoDraw = False
941.5483 	EXP 	fixation: autoDraw = True
941.6995 	EXP 	Device response: <KeyPress from None: t=941.5305212000001, value=x, duration=0.16674130000001242>
942.5326 	EXP 	line1: autoDraw = True
942.5326 	EXP 	line_2: autoDraw = True
942.5326 	EXP 	line_3: autoDraw = True
942.5326 	EXP 	line4: autoDraw = True
942.5483 	EXP 	fixation: autoDraw = False
943.5326 	INFO 	Keyboard events cleared
943.5324 	EXP 	probe: autoDraw = True
944.4662 	EXP 	Device response: <KeyPress from None: t=944.4631042999999, value=v, duration=None>
944.4667 	EXP 	New trial (rep=36, index=0): <Trial 144 (0 in rep 36) data={'pos': np.int64(50), 'corr_resp': 'c', 'thisN': 144, 'thisTrialN': 0, 'thisRepN': 36}>
944.4681 	DATA 	Keypress: v
944.4819 	EXP 	fixation: autoDraw = False
944.4819 	EXP 	line1: autoDraw = False
944.4819 	EXP 	line_2: autoDraw = False
944.4819 	EXP 	line_3: autoDraw = False
944.4819 	EXP 	line4: autoDraw = False
944.4819 	EXP 	probe: autoDraw = False
944.4819 	EXP 	fixation: autoDraw = True
944.5502 	EXP 	Device response: <KeyPress from None: t=944.4631042999999, value=v, duration=0.08213550000004943>
945.4656 	EXP 	line1: autoDraw = True
945.4656 	EXP 	line_2: autoDraw = True
945.4656 	EXP 	line_3: autoDraw = True
945.4656 	EXP 	line4: autoDraw = True
945.4824 	EXP 	fixation: autoDraw = False
946.4653 	INFO 	Keyboard events cleared
946.4651 	EXP 	probe: autoDraw = True
947.8341 	DATA 	Keypress: c
947.8491 	EXP 	Device response: <KeyPress from None: t=947.8335499, value=c, duration=None>
947.8495 	EXP 	New trial (rep=36, index=1): <Trial 145 (1 in rep 36) data={'pos': np.int64(150), 'corr_resp': 'v', 'thisN': 145, 'thisTrialN': 1, 'thisRepN': 36}>
947.8649 	EXP 	fixation: autoDraw = False
947.8649 	EXP 	line1: autoDraw = False
947.8649 	EXP 	line_2: autoDraw = False
947.8649 	EXP 	line_3: autoDraw = False
947.8649 	EXP 	line4: autoDraw = False
947.8649 	EXP 	probe: autoDraw = False
947.8649 	EXP 	fixation: autoDraw = True
948.0157 	EXP 	Device response: <KeyPress from None: t=947.8335499, value=c, duration=0.17598950000001423>
948.8483 	EXP 	line1: autoDraw = True
948.8483 	EXP 	line_2: autoDraw = True
948.8483 	EXP 	line_3: autoDraw = True
948.8483 	EXP 	line4: autoDraw = True
948.8651 	EXP 	fixation: autoDraw = False
949.8486 	INFO 	Keyboard events cleared
949.8484 	EXP 	probe: autoDraw = True
950.8340 	DATA 	Keypress: v
950.8490 	EXP 	Device response: <KeyPress from None: t=950.8330649, value=v, duration=None>
950.8493 	EXP 	New trial (rep=36, index=2): <Trial 146 (2 in rep 36) data={'pos': np.int64(-50), 'corr_resp': 'x', 'thisN': 146, 'thisTrialN': 2, 'thisRepN': 36}>
950.8657 	EXP 	fixation: autoDraw = False
950.8657 	EXP 	line1: autoDraw = False
950.8657 	EXP 	line_2: autoDraw = False
950.8657 	EXP 	line_3: autoDraw = False
950.8657 	EXP 	line4: autoDraw = False
950.8657 	EXP 	probe: autoDraw = False
950.8657 	EXP 	fixation: autoDraw = True
950.9997 	EXP 	Device response: <KeyPress from None: t=950.8330649, value=v, duration=0.1602100000000064>
951.8494 	EXP 	line1: autoDraw = True
951.8494 	EXP 	line_2: autoDraw = True
951.8494 	EXP 	line_3: autoDraw = True
951.8494 	EXP 	line4: autoDraw = True
951.8657 	EXP 	fixation: autoDraw = False
952.8489 	INFO 	Keyboard events cleared
952.8487 	EXP 	probe: autoDraw = True
953.4824 	EXP 	Device response: <KeyPress from None: t=953.4793925000001, value=x, duration=None>
953.4828 	EXP 	New trial (rep=36, index=3): <Trial 147 (3 in rep 36) data={'pos': np.int64(-150), 'corr_resp': 'z', 'thisN': 147, 'thisTrialN': 3, 'thisRepN': 36}>
953.4847 	DATA 	Keypress: x
953.4984 	EXP 	fixation: autoDraw = False
953.4984 	EXP 	line1: autoDraw = False
953.4984 	EXP 	line_2: autoDraw = False
953.4984 	EXP 	line_3: autoDraw = False
953.4984 	EXP 	line4: autoDraw = False
953.4984 	EXP 	probe: autoDraw = False
953.4984 	EXP 	fixation: autoDraw = True
953.6330 	EXP 	Device response: <KeyPress from None: t=953.4793925000001, value=x, duration=0.14663999999993393>
954.4829 	EXP 	line1: autoDraw = True
954.4829 	EXP 	line_2: autoDraw = True
954.4829 	EXP 	line_3: autoDraw = True
954.4829 	EXP 	line4: autoDraw = True
954.4989 	EXP 	fixation: autoDraw = False
955.4827 	INFO 	Keyboard events cleared
955.4825 	EXP 	probe: autoDraw = True
956.2340 	EXP 	Device response: <KeyPress from None: t=956.2320213, value=z, duration=None>
956.2344 	EXP 	New trial (rep=37, index=0): <Trial 148 (0 in rep 37) data={'pos': np.int64(-150), 'corr_resp': 'z', 'thisN': 148, 'thisTrialN': 0, 'thisRepN': 37}>
956.2357 	DATA 	Keypress: z
956.2487 	EXP 	fixation: autoDraw = False
956.2487 	EXP 	line1: autoDraw = False
956.2487 	EXP 	line_2: autoDraw = False
956.2487 	EXP 	line_3: autoDraw = False
956.2487 	EXP 	line4: autoDraw = False
956.2487 	EXP 	probe: autoDraw = False
956.2487 	EXP 	fixation: autoDraw = True
956.3163 	EXP 	Device response: <KeyPress from None: t=956.2320213, value=z, duration=0.0793800999999803>
957.2491 	EXP 	fixation: autoDraw = False
957.2491 	EXP 	line1: autoDraw = True
957.2491 	EXP 	line_2: autoDraw = True
957.2491 	EXP 	line_3: autoDraw = True
957.2491 	EXP 	line4: autoDraw = True
958.2489 	INFO 	Keyboard events cleared
958.2488 	EXP 	probe: autoDraw = True
959.1829 	EXP 	Device response: <KeyPress from None: t=959.1710493, value=z, duration=None>
959.1833 	EXP 	New trial (rep=37, index=1): <Trial 149 (1 in rep 37) data={'pos': np.int64(50), 'corr_resp': 'c', 'thisN': 149, 'thisTrialN': 1, 'thisRepN': 37}>
959.1846 	DATA 	Keypress: z
959.1985 	EXP 	fixation: autoDraw = False
959.1985 	EXP 	line1: autoDraw = False
959.1985 	EXP 	line_2: autoDraw = False
959.1985 	EXP 	line_3: autoDraw = False
959.1985 	EXP 	line4: autoDraw = False
959.1985 	EXP 	probe: autoDraw = False
959.1985 	EXP 	fixation: autoDraw = True
959.2823 	EXP 	Device response: <KeyPress from None: t=959.1710493, value=z, duration=0.09701350000000275>
960.1826 	EXP 	line1: autoDraw = True
960.1826 	EXP 	line_2: autoDraw = True
960.1826 	EXP 	line_3: autoDraw = True
960.1826 	EXP 	line4: autoDraw = True
960.1990 	EXP 	fixation: autoDraw = False
961.1824 	INFO 	Keyboard events cleared
961.1823 	EXP 	probe: autoDraw = True
963.7988 	EXP 	Device response: <KeyPress from None: t=963.7849266999999, value=c, duration=None>
963.7992 	EXP 	New trial (rep=37, index=2): <Trial 150 (2 in rep 37) data={'pos': np.int64(150), 'corr_resp': 'v', 'thisN': 150, 'thisTrialN': 2, 'thisRepN': 37}>
963.8007 	DATA 	Keypress: c
963.8150 	EXP 	fixation: autoDraw = False
963.8150 	EXP 	line1: autoDraw = False
963.8150 	EXP 	line_2: autoDraw = False
963.8150 	EXP 	line_3: autoDraw = False
963.8150 	EXP 	line4: autoDraw = False
963.8150 	EXP 	probe: autoDraw = False
963.8150 	EXP 	fixation: autoDraw = True
963.8658 	EXP 	Device response: <KeyPress from None: t=963.7849266999999, value=c, duration=0.07771440000010443>
964.7983 	EXP 	line1: autoDraw = True
964.7983 	EXP 	line_2: autoDraw = True
964.7983 	EXP 	line_3: autoDraw = True
964.7983 	EXP 	line4: autoDraw = True
964.8150 	EXP 	fixation: autoDraw = False
965.7994 	INFO 	Keyboard events cleared
965.7992 	EXP 	probe: autoDraw = True
966.9158 	EXP 	Device response: <KeyPress from None: t=966.9083304000001, value=v, duration=None>
966.9161 	EXP 	New trial (rep=37, index=3): <Trial 151 (3 in rep 37) data={'pos': np.int64(-50), 'corr_resp': 'x', 'thisN': 151, 'thisTrialN': 3, 'thisRepN': 37}>
966.9174 	DATA 	Keypress: v
966.9323 	EXP 	fixation: autoDraw = False
966.9323 	EXP 	line1: autoDraw = False
966.9323 	EXP 	line_2: autoDraw = False
966.9323 	EXP 	line_3: autoDraw = False
966.9323 	EXP 	line4: autoDraw = False
966.9323 	EXP 	probe: autoDraw = False
966.9323 	EXP 	fixation: autoDraw = True
967.0822 	EXP 	Device response: <KeyPress from None: t=966.9083304000001, value=v, duration=0.17343549999986863>
967.9150 	EXP 	line1: autoDraw = True
967.9150 	EXP 	line_2: autoDraw = True
967.9150 	EXP 	line_3: autoDraw = True
967.9150 	EXP 	line4: autoDraw = True
967.9317 	EXP 	fixation: autoDraw = False
968.9152 	INFO 	Keyboard events cleared
968.9151 	EXP 	probe: autoDraw = True
969.7176 	DATA 	Keypress: x
969.7323 	EXP 	Device response: <KeyPress from None: t=969.7157869, value=x, duration=None>
969.7327 	EXP 	New trial (rep=38, index=0): <Trial 152 (0 in rep 38) data={'pos': np.int64(150), 'corr_resp': 'v', 'thisN': 152, 'thisTrialN': 0, 'thisRepN': 38}>
969.7485 	EXP 	fixation: autoDraw = False
969.7485 	EXP 	line1: autoDraw = False
969.7485 	EXP 	line_2: autoDraw = False
969.7485 	EXP 	line_3: autoDraw = False
969.7485 	EXP 	line4: autoDraw = False
969.7485 	EXP 	probe: autoDraw = False
969.7485 	EXP 	fixation: autoDraw = True
969.8154 	EXP 	Device response: <KeyPress from None: t=969.7157869, value=x, duration=0.0855180000000928>
970.7327 	EXP 	line1: autoDraw = True
970.7327 	EXP 	line_2: autoDraw = True
970.7327 	EXP 	line_3: autoDraw = True
970.7327 	EXP 	line4: autoDraw = True
970.7489 	EXP 	fixation: autoDraw = False
971.7322 	INFO 	Keyboard events cleared
971.7321 	EXP 	probe: autoDraw = True
972.7000 	EXP 	Device response: <KeyPress from None: t=972.6976469000001, value=v, duration=None>
972.7003 	EXP 	New trial (rep=38, index=1): <Trial 153 (1 in rep 38) data={'pos': np.int64(-50), 'corr_resp': 'x', 'thisN': 153, 'thisTrialN': 1, 'thisRepN': 38}>
972.7018 	DATA 	Keypress: v
972.7163 	EXP 	fixation: autoDraw = False
972.7163 	EXP 	line1: autoDraw = False
972.7163 	EXP 	line_2: autoDraw = False
972.7163 	EXP 	line_3: autoDraw = False
972.7163 	EXP 	line4: autoDraw = False
972.7163 	EXP 	probe: autoDraw = False
972.7163 	EXP 	fixation: autoDraw = True
972.8162 	EXP 	Device response: <KeyPress from None: t=972.6976469000001, value=v, duration=0.11569199999985358>
973.6993 	EXP 	line1: autoDraw = True
973.6993 	EXP 	line_2: autoDraw = True
973.6993 	EXP 	line_3: autoDraw = True
973.6993 	EXP 	line4: autoDraw = True
973.7158 	EXP 	fixation: autoDraw = False
974.7156 	INFO 	Keyboard events cleared
974.7155 	EXP 	probe: autoDraw = True
975.5166 	EXP 	Device response: <KeyPress from None: t=975.5063181, value=x, duration=None>
975.5170 	EXP 	New trial (rep=38, index=2): <Trial 154 (2 in rep 38) data={'pos': np.int64(50), 'corr_resp': 'c', 'thisN': 154, 'thisTrialN': 2, 'thisRepN': 38}>
975.5183 	DATA 	Keypress: x
975.5318 	EXP 	fixation: autoDraw = False
975.5318 	EXP 	line1: autoDraw = False
975.5318 	EXP 	line_2: autoDraw = False
975.5318 	EXP 	line_3: autoDraw = False
975.5318 	EXP 	line4: autoDraw = False
975.5318 	EXP 	probe: autoDraw = False
975.5318 	EXP 	fixation: autoDraw = True
975.6830 	EXP 	Device response: <KeyPress from None: t=975.5063181, value=x, duration=0.1680968999999095>
976.5152 	EXP 	line1: autoDraw = True
976.5152 	EXP 	line_2: autoDraw = True
976.5152 	EXP 	line_3: autoDraw = True
976.5152 	EXP 	line4: autoDraw = True
976.5318 	EXP 	fixation: autoDraw = False
977.5154 	INFO 	Keyboard events cleared
977.5153 	EXP 	probe: autoDraw = True
979.3158 	EXP 	Device response: <KeyPress from None: t=979.3096428000001, value=c, duration=None>
979.3161 	EXP 	New trial (rep=38, index=3): <Trial 155 (3 in rep 38) data={'pos': np.int64(-150), 'corr_resp': 'z', 'thisN': 155, 'thisTrialN': 3, 'thisRepN': 38}>
979.3175 	DATA 	Keypress: c
979.3318 	EXP 	fixation: autoDraw = False
979.3318 	EXP 	line1: autoDraw = False
979.3318 	EXP 	line_2: autoDraw = False
979.3318 	EXP 	line_3: autoDraw = False
979.3318 	EXP 	line4: autoDraw = False
979.3318 	EXP 	probe: autoDraw = False
979.3318 	EXP 	fixation: autoDraw = True
979.4990 	EXP 	Device response: <KeyPress from None: t=979.3096428000001, value=c, duration=0.1738333999999213>
980.3165 	EXP 	line1: autoDraw = True
980.3165 	EXP 	line_2: autoDraw = True
980.3165 	EXP 	line_3: autoDraw = True
980.3165 	EXP 	line4: autoDraw = True
980.3325 	EXP 	fixation: autoDraw = False
981.3163 	INFO 	Keyboard events cleared
981.3161 	EXP 	probe: autoDraw = True
982.5332 	EXP 	Device response: <KeyPress from None: t=982.5248298000001, value=z, duration=None>
982.5336 	EXP 	New trial (rep=39, index=0): <Trial 156 (0 in rep 39) data={'pos': np.int64(-50), 'corr_resp': 'x', 'thisN': 156, 'thisTrialN': 0, 'thisRepN': 39}>
982.5350 	DATA 	Keypress: z
982.5494 	EXP 	fixation: autoDraw = False
982.5494 	EXP 	line1: autoDraw = False
982.5494 	EXP 	line_2: autoDraw = False
982.5494 	EXP 	line_3: autoDraw = False
982.5494 	EXP 	line4: autoDraw = False
982.5494 	EXP 	probe: autoDraw = False
982.5494 	EXP 	fixation: autoDraw = True
982.6327 	EXP 	Device response: <KeyPress from None: t=982.5248298000001, value=z, duration=0.10496479999983421>
983.5488 	EXP 	fixation: autoDraw = False
983.5488 	EXP 	line1: autoDraw = True
983.5488 	EXP 	line_2: autoDraw = True
983.5488 	EXP 	line_3: autoDraw = True
983.5488 	EXP 	line4: autoDraw = True
984.5486 	INFO 	Keyboard events cleared
984.5485 	EXP 	probe: autoDraw = True
985.3656 	EXP 	Device response: <KeyPress from None: t=985.3570667000001, value=x, duration=None>
985.3660 	EXP 	New trial (rep=39, index=1): <Trial 157 (1 in rep 39) data={'pos': np.int64(150), 'corr_resp': 'v', 'thisN': 157, 'thisTrialN': 1, 'thisRepN': 39}>
985.3674 	DATA 	Keypress: x
985.3820 	EXP 	fixation: autoDraw = False
985.3820 	EXP 	line1: autoDraw = False
985.3820 	EXP 	line_2: autoDraw = False
985.3820 	EXP 	line_3: autoDraw = False
985.3820 	EXP 	line4: autoDraw = False
985.3820 	EXP 	probe: autoDraw = False
985.3820 	EXP 	fixation: autoDraw = True
985.5324 	EXP 	Device response: <KeyPress from None: t=985.3570667000001, value=x, duration=0.1723485999998502>
986.3653 	EXP 	line1: autoDraw = True
986.3653 	EXP 	line_2: autoDraw = True
986.3653 	EXP 	line_3: autoDraw = True
986.3653 	EXP 	line4: autoDraw = True
986.3821 	EXP 	fixation: autoDraw = False
987.3660 	INFO 	Keyboard events cleared
987.3658 	EXP 	probe: autoDraw = True
988.2490 	EXP 	Device response: <KeyPress from None: t=988.2371943, value=v, duration=None>
988.2494 	EXP 	New trial (rep=39, index=2): <Trial 158 (2 in rep 39) data={'pos': np.int64(-150), 'corr_resp': 'z', 'thisN': 158, 'thisTrialN': 2, 'thisRepN': 39}>
988.2509 	DATA 	Keypress: v
988.2653 	EXP 	fixation: autoDraw = False
988.2653 	EXP 	line1: autoDraw = False
988.2653 	EXP 	line_2: autoDraw = False
988.2653 	EXP 	line_3: autoDraw = False
988.2653 	EXP 	line4: autoDraw = False
988.2653 	EXP 	probe: autoDraw = False
988.2653 	EXP 	fixation: autoDraw = True
988.3503 	EXP 	Device response: <KeyPress from None: t=988.2371943, value=v, duration=0.09897539999997207>
989.2495 	EXP 	line1: autoDraw = True
989.2495 	EXP 	line_2: autoDraw = True
989.2495 	EXP 	line_3: autoDraw = True
989.2495 	EXP 	line4: autoDraw = True
989.2660 	EXP 	fixation: autoDraw = False
990.2507 	INFO 	Keyboard events cleared
990.2505 	EXP 	probe: autoDraw = True
990.9995 	EXP 	Device response: <KeyPress from None: t=990.9964132, value=z, duration=None>
990.9999 	EXP 	New trial (rep=39, index=3): <Trial 159 (3 in rep 39) data={'pos': np.int64(50), 'corr_resp': 'c', 'thisN': 159, 'thisTrialN': 3, 'thisRepN': 39}>
991.0013 	DATA 	Keypress: z
991.0160 	EXP 	fixation: autoDraw = False
991.0160 	EXP 	line1: autoDraw = False
991.0160 	EXP 	line_2: autoDraw = False
991.0160 	EXP 	line_3: autoDraw = False
991.0160 	EXP 	line4: autoDraw = False
991.0160 	EXP 	probe: autoDraw = False
991.0160 	EXP 	fixation: autoDraw = True
991.0664 	EXP 	Device response: <KeyPress from None: t=990.9964132, value=z, duration=0.06017399999996087>
991.9987 	EXP 	line1: autoDraw = True
991.9987 	EXP 	line_2: autoDraw = True
991.9987 	EXP 	line_3: autoDraw = True
991.9987 	EXP 	line4: autoDraw = True
992.0153 	EXP 	fixation: autoDraw = False
992.9987 	INFO 	Keyboard events cleared
992.9986 	EXP 	probe: autoDraw = True
994.2490 	EXP 	Device response: <KeyPress from None: t=994.2423083000001, value=c, duration=None>
994.2493 	EXP 	New trial (rep=40, index=0): <Trial 160 (0 in rep 40) data={'pos': np.int64(-50), 'corr_resp': 'x', 'thisN': 160, 'thisTrialN': 0, 'thisRepN': 40}>
994.2505 	DATA 	Keypress: c
994.2652 	EXP 	fixation: autoDraw = False
994.2652 	EXP 	line1: autoDraw = False
994.2652 	EXP 	line_2: autoDraw = False
994.2652 	EXP 	line_3: autoDraw = False
994.2652 	EXP 	line4: autoDraw = False
994.2652 	EXP 	probe: autoDraw = False
994.2652 	EXP 	fixation: autoDraw = True
994.3159 	EXP 	Device response: <KeyPress from None: t=994.2423083000001, value=c, duration=0.06843699999990349>
995.2485 	EXP 	line1: autoDraw = True
995.2485 	EXP 	line_2: autoDraw = True
995.2485 	EXP 	line_3: autoDraw = True
995.2485 	EXP 	line4: autoDraw = True
995.2652 	EXP 	fixation: autoDraw = False
996.2487 	INFO 	Keyboard events cleared
996.2485 	EXP 	probe: autoDraw = True
997.0324 	EXP 	Device response: <KeyPress from None: t=997.0285134000001, value=x, duration=None>
997.0328 	EXP 	New trial (rep=40, index=1): <Trial 161 (1 in rep 40) data={'pos': np.int64(50), 'corr_resp': 'c', 'thisN': 161, 'thisTrialN': 1, 'thisRepN': 40}>
997.0342 	DATA 	Keypress: x
997.0486 	EXP 	fixation: autoDraw = False
997.0486 	EXP 	line1: autoDraw = False
997.0486 	EXP 	line_2: autoDraw = False
997.0486 	EXP 	line_3: autoDraw = False
997.0486 	EXP 	line4: autoDraw = False
997.0486 	EXP 	probe: autoDraw = False
997.0486 	EXP 	fixation: autoDraw = True
997.1158 	EXP 	Device response: <KeyPress from None: t=997.0285134000001, value=x, duration=0.071364899999935>
998.0320 	EXP 	line1: autoDraw = True
998.0320 	EXP 	line_2: autoDraw = True
998.0320 	EXP 	line_3: autoDraw = True
998.0320 	EXP 	line4: autoDraw = True
998.0485 	EXP 	fixation: autoDraw = False
999.0322 	INFO 	Keyboard events cleared
999.0320 	EXP 	probe: autoDraw = True
1000.1492 	EXP 	Device response: <KeyPress from None: t=1000.1376938000001, value=c, duration=None>
1000.1496 	EXP 	New trial (rep=40, index=2): <Trial 162 (2 in rep 40) data={'pos': np.int64(-150), 'corr_resp': 'z', 'thisN': 162, 'thisTrialN': 2, 'thisRepN': 40}>
1000.1509 	DATA 	Keypress: c
1000.1654 	EXP 	fixation: autoDraw = False
1000.1654 	EXP 	line1: autoDraw = False
1000.1654 	EXP 	line_2: autoDraw = False
1000.1654 	EXP 	line_3: autoDraw = False
1000.1654 	EXP 	line4: autoDraw = False
1000.1654 	EXP 	probe: autoDraw = False
1000.1654 	EXP 	fixation: autoDraw = True
1000.2156 	EXP 	Device response: <KeyPress from None: t=1000.1376938000001, value=c, duration=0.06503029999998944>
1001.1488 	EXP 	line1: autoDraw = True
1001.1488 	EXP 	line_2: autoDraw = True
1001.1488 	EXP 	line_3: autoDraw = True
1001.1488 	EXP 	line4: autoDraw = True
1001.1653 	EXP 	fixation: autoDraw = False
1002.1489 	INFO 	Keyboard events cleared
1002.1488 	EXP 	probe: autoDraw = True
1002.8851 	DATA 	Keypress: z
1002.8999 	EXP 	Device response: <KeyPress from None: t=1002.8830969, value=z, duration=None>
1002.9003 	EXP 	New trial (rep=40, index=3): <Trial 163 (3 in rep 40) data={'pos': np.int64(150), 'corr_resp': 'v', 'thisN': 163, 'thisTrialN': 3, 'thisRepN': 40}>
1002.9163 	EXP 	fixation: autoDraw = False
1002.9163 	EXP 	line1: autoDraw = False
1002.9163 	EXP 	line_2: autoDraw = False
1002.9163 	EXP 	line_3: autoDraw = False
1002.9163 	EXP 	line4: autoDraw = False
1002.9163 	EXP 	probe: autoDraw = False
1002.9163 	EXP 	fixation: autoDraw = True
1002.9674 	EXP 	Device response: <KeyPress from None: t=1002.8830969, value=z, duration=0.07609950000005483>
1003.9155 	EXP 	line1: autoDraw = True
1003.9155 	EXP 	line_2: autoDraw = True
1003.9155 	EXP 	line_3: autoDraw = True
1003.9155 	EXP 	line4: autoDraw = True
1003.9319 	EXP 	fixation: autoDraw = False
1004.9155 	INFO 	Keyboard events cleared
1004.9153 	EXP 	probe: autoDraw = True
1005.8160 	EXP 	Device response: <KeyPress from None: t=1005.809391, value=v, duration=None>
1005.8165 	EXP 	New trial (rep=41, index=0): <Trial 164 (0 in rep 41) data={'pos': np.int64(-150), 'corr_resp': 'z', 'thisN': 164, 'thisTrialN': 0, 'thisRepN': 41}>
1005.8183 	DATA 	Keypress: v
1005.8321 	EXP 	fixation: autoDraw = False
1005.8321 	EXP 	line1: autoDraw = False
1005.8321 	EXP 	line_2: autoDraw = False
1005.8321 	EXP 	line_3: autoDraw = False
1005.8321 	EXP 	line4: autoDraw = False
1005.8321 	EXP 	probe: autoDraw = False
1005.8321 	EXP 	fixation: autoDraw = True
1005.8829 	EXP 	Device response: <KeyPress from None: t=1005.809391, value=v, duration=0.07237979999990785>
1006.8153 	EXP 	line1: autoDraw = True
1006.8153 	EXP 	line_2: autoDraw = True
1006.8153 	EXP 	line_3: autoDraw = True
1006.8153 	EXP 	line4: autoDraw = True
1006.8320 	EXP 	fixation: autoDraw = False
1007.8154 	INFO 	Keyboard events cleared
1007.8152 	EXP 	probe: autoDraw = True
1008.4351 	DATA 	Keypress: z
1008.4498 	EXP 	Device response: <KeyPress from None: t=1008.4334435999999, value=z, duration=None>
1008.4502 	EXP 	New trial (rep=41, index=1): <Trial 165 (1 in rep 41) data={'pos': np.int64(-50), 'corr_resp': 'x', 'thisN': 165, 'thisTrialN': 1, 'thisRepN': 41}>
1008.4657 	EXP 	fixation: autoDraw = False
1008.4657 	EXP 	line1: autoDraw = False
1008.4657 	EXP 	line_2: autoDraw = False
1008.4657 	EXP 	line_3: autoDraw = False
1008.4657 	EXP 	line4: autoDraw = False
1008.4657 	EXP 	probe: autoDraw = False
1008.4657 	EXP 	fixation: autoDraw = True
1008.5667 	EXP 	Device response: <KeyPress from None: t=1008.4334435999999, value=z, duration=0.12301300000012816>
1009.4653 	EXP 	fixation: autoDraw = False
1009.4653 	EXP 	line1: autoDraw = True
1009.4653 	EXP 	line_2: autoDraw = True
1009.4653 	EXP 	line_3: autoDraw = True
1009.4653 	EXP 	line4: autoDraw = True
1010.4654 	INFO 	Keyboard events cleared
1010.4652 	EXP 	probe: autoDraw = True
1011.2492 	EXP 	Device response: <KeyPress from None: t=1011.2376466000001, value=x, duration=None>
1011.2496 	EXP 	New trial (rep=41, index=2): <Trial 166 (2 in rep 41) data={'pos': np.int64(50), 'corr_resp': 'c', 'thisN': 166, 'thisTrialN': 2, 'thisRepN': 41}>
1011.2522 	DATA 	Keypress: x
1011.2656 	EXP 	fixation: autoDraw = False
1011.2656 	EXP 	line1: autoDraw = False
1011.2656 	EXP 	line_2: autoDraw = False
1011.2656 	EXP 	line_3: autoDraw = False
1011.2656 	EXP 	line4: autoDraw = False
1011.2656 	EXP 	probe: autoDraw = False
1011.2656 	EXP 	fixation: autoDraw = True
1011.3331 	EXP 	Device response: <KeyPress from None: t=1011.2376466000001, value=x, duration=0.09300400000006448>
1012.2490 	EXP 	line1: autoDraw = True
1012.2490 	EXP 	line_2: autoDraw = True
1012.2490 	EXP 	line_3: autoDraw = True
1012.2490 	EXP 	line4: autoDraw = True
1012.2663 	EXP 	fixation: autoDraw = False
1013.2503 	INFO 	Keyboard events cleared
1013.2500 	EXP 	probe: autoDraw = True
1014.2178 	EXP 	Device response: <KeyPress from None: t=1014.2116335000001, value=c, duration=None>
1014.2182 	EXP 	New trial (rep=41, index=3): <Trial 167 (3 in rep 41) data={'pos': np.int64(150), 'corr_resp': 'v', 'thisN': 167, 'thisTrialN': 3, 'thisRepN': 41}>
1014.2195 	DATA 	Keypress: c
1014.2329 	EXP 	fixation: autoDraw = False
1014.2329 	EXP 	line1: autoDraw = False
1014.2329 	EXP 	line_2: autoDraw = False
1014.2329 	EXP 	line_3: autoDraw = False
1014.2329 	EXP 	line4: autoDraw = False
1014.2329 	EXP 	probe: autoDraw = False
1014.2329 	EXP 	fixation: autoDraw = True
1014.2827 	EXP 	Device response: <KeyPress from None: t=1014.2116335000001, value=c, duration=0.0562221000000136>
1015.2325 	EXP 	fixation: autoDraw = False
1015.2325 	EXP 	line1: autoDraw = True
1015.2325 	EXP 	line_2: autoDraw = True
1015.2325 	EXP 	line_3: autoDraw = True
1015.2325 	EXP 	line4: autoDraw = True
1016.2330 	INFO 	Keyboard events cleared
1016.2328 	EXP 	probe: autoDraw = True
1016.9333 	EXP 	Device response: <KeyPress from None: t=1016.9310479999999, value=v, duration=None>
1016.9337 	EXP 	New trial (rep=42, index=0): <Trial 168 (0 in rep 42) data={'pos': np.int64(-50), 'corr_resp': 'x', 'thisN': 168, 'thisTrialN': 0, 'thisRepN': 42}>
1016.9354 	DATA 	Keypress: v
1016.9485 	EXP 	fixation: autoDraw = False
1016.9485 	EXP 	line1: autoDraw = False
1016.9485 	EXP 	line_2: autoDraw = False
1016.9485 	EXP 	line_3: autoDraw = False
1016.9485 	EXP 	line4: autoDraw = False
1016.9485 	EXP 	probe: autoDraw = False
1016.9485 	EXP 	fixation: autoDraw = True
1017.1492 	EXP 	Device response: <KeyPress from None: t=1016.9310479999999, value=v, duration=0.21495920000006663>
1017.9336 	EXP 	line1: autoDraw = True
1017.9336 	EXP 	line_2: autoDraw = True
1017.9336 	EXP 	line_3: autoDraw = True
1017.9336 	EXP 	line4: autoDraw = True
1017.9494 	EXP 	fixation: autoDraw = False
1018.9331 	INFO 	Keyboard events cleared
1018.9329 	EXP 	probe: autoDraw = True
1019.7161 	EXP 	Device response: <KeyPress from None: t=1019.7056967999999, value=x, duration=None>
1019.7165 	EXP 	New trial (rep=42, index=1): <Trial 169 (1 in rep 42) data={'pos': np.int64(150), 'corr_resp': 'v', 'thisN': 169, 'thisTrialN': 1, 'thisRepN': 42}>
1019.7178 	DATA 	Keypress: x
1019.7332 	EXP 	fixation: autoDraw = False
1019.7332 	EXP 	line1: autoDraw = False
1019.7332 	EXP 	line_2: autoDraw = False
1019.7332 	EXP 	line_3: autoDraw = False
1019.7332 	EXP 	line4: autoDraw = False
1019.7332 	EXP 	probe: autoDraw = False
1019.7332 	EXP 	fixation: autoDraw = True
1019.7828 	EXP 	Device response: <KeyPress from None: t=1019.7056967999999, value=x, duration=0.07293049999998402>
1020.7155 	EXP 	line1: autoDraw = True
1020.7155 	EXP 	line_2: autoDraw = True
1020.7155 	EXP 	line_3: autoDraw = True
1020.7155 	EXP 	line4: autoDraw = True
1020.7496 	EXP 	fixation: autoDraw = False
1021.7159 	INFO 	Keyboard events cleared
1021.7157 	EXP 	probe: autoDraw = True
1022.1348 	DATA 	Keypress: v
1022.1500 	EXP 	Device response: <KeyPress from None: t=1022.1331261, value=v, duration=None>
1022.1504 	EXP 	New trial (rep=42, index=2): <Trial 170 (2 in rep 42) data={'pos': np.int64(50), 'corr_resp': 'c', 'thisN': 170, 'thisTrialN': 2, 'thisRepN': 42}>
1022.1653 	EXP 	fixation: autoDraw = False
1022.1653 	EXP 	line1: autoDraw = False
1022.1653 	EXP 	line_2: autoDraw = False
1022.1653 	EXP 	line_3: autoDraw = False
1022.1653 	EXP 	line4: autoDraw = False
1022.1653 	EXP 	probe: autoDraw = False
1022.1653 	EXP 	fixation: autoDraw = True
1022.3158 	EXP 	Device response: <KeyPress from None: t=1022.1331261, value=v, duration=0.16852700000004006>
1023.1653 	EXP 	fixation: autoDraw = False
1023.1653 	EXP 	line1: autoDraw = True
1023.1653 	EXP 	line_2: autoDraw = True
1023.1653 	EXP 	line_3: autoDraw = True
1023.1653 	EXP 	line4: autoDraw = True
1024.1655 	INFO 	Keyboard events cleared
1024.1653 	EXP 	probe: autoDraw = True
1024.8994 	EXP 	Device response: <KeyPress from None: t=1024.884477, value=c, duration=None>
1024.8998 	EXP 	New trial (rep=42, index=3): <Trial 171 (3 in rep 42) data={'pos': np.int64(-150), 'corr_resp': 'z', 'thisN': 171, 'thisTrialN': 3, 'thisRepN': 42}>
1024.9014 	DATA 	Keypress: c
1024.9155 	EXP 	fixation: autoDraw = False
1024.9155 	EXP 	line1: autoDraw = False
1024.9155 	EXP 	line_2: autoDraw = False
1024.9155 	EXP 	line_3: autoDraw = False
1024.9155 	EXP 	line4: autoDraw = False
1024.9155 	EXP 	probe: autoDraw = False
1024.9155 	EXP 	fixation: autoDraw = True
1025.0659 	EXP 	Device response: <KeyPress from None: t=1024.884477, value=c, duration=0.17872639999995954>
1025.8990 	EXP 	line1: autoDraw = True
1025.8990 	EXP 	line_2: autoDraw = True
1025.8990 	EXP 	line_3: autoDraw = True
1025.8990 	EXP 	line4: autoDraw = True
1025.9155 	EXP 	fixation: autoDraw = False
1026.8991 	INFO 	Keyboard events cleared
1026.8989 	EXP 	probe: autoDraw = True
1027.5667 	EXP 	Device response: <KeyPress from None: t=1027.5563073, value=z, duration=None>
1027.5671 	EXP 	New trial (rep=43, index=0): <Trial 172 (0 in rep 43) data={'pos': np.int64(50), 'corr_resp': 'c', 'thisN': 172, 'thisTrialN': 0, 'thisRepN': 43}>
1027.5686 	DATA 	Keypress: z
1027.5826 	EXP 	fixation: autoDraw = False
1027.5826 	EXP 	line1: autoDraw = False
1027.5826 	EXP 	line_2: autoDraw = False
1027.5826 	EXP 	line_3: autoDraw = False
1027.5826 	EXP 	line4: autoDraw = False
1027.5826 	EXP 	probe: autoDraw = False
1027.5826 	EXP 	fixation: autoDraw = True
1027.7500 	EXP 	Device response: <KeyPress from None: t=1027.5563073, value=z, duration=0.1874189000000115>
1028.5661 	EXP 	line1: autoDraw = True
1028.5661 	EXP 	line_2: autoDraw = True
1028.5661 	EXP 	line_3: autoDraw = True
1028.5661 	EXP 	line4: autoDraw = True
1028.5836 	EXP 	fixation: autoDraw = False
1029.5664 	INFO 	Keyboard events cleared
1029.5662 	EXP 	probe: autoDraw = True
1030.5992 	EXP 	Device response: <KeyPress from None: t=1030.5849186, value=c, duration=None>
1030.5996 	EXP 	New trial (rep=43, index=1): <Trial 173 (1 in rep 43) data={'pos': np.int64(-150), 'corr_resp': 'z', 'thisN': 173, 'thisTrialN': 1, 'thisRepN': 43}>
1030.6009 	DATA 	Keypress: c
1030.6155 	EXP 	fixation: autoDraw = False
1030.6155 	EXP 	line1: autoDraw = False
1030.6155 	EXP 	line_2: autoDraw = False
1030.6155 	EXP 	line_3: autoDraw = False
1030.6155 	EXP 	line4: autoDraw = False
1030.6155 	EXP 	probe: autoDraw = False
1030.6155 	EXP 	fixation: autoDraw = True
1030.6337 	EXP 	Device response: <KeyPress from None: t=1030.5849186, value=c, duration=0.040845799999942756>
1031.5998 	EXP 	line1: autoDraw = True
1031.5998 	EXP 	line_2: autoDraw = True
1031.5998 	EXP 	line_3: autoDraw = True
1031.5998 	EXP 	line4: autoDraw = True
1031.6162 	EXP 	fixation: autoDraw = False
1032.5998 	INFO 	Keyboard events cleared
1032.5997 	EXP 	probe: autoDraw = True
1033.5333 	EXP 	Device response: <KeyPress from None: t=1033.5307497000001, value=z, duration=None>
1033.5337 	EXP 	New trial (rep=43, index=2): <Trial 174 (2 in rep 43) data={'pos': np.int64(-50), 'corr_resp': 'x', 'thisN': 174, 'thisTrialN': 2, 'thisRepN': 43}>
1033.5351 	DATA 	Keypress: z
1033.5496 	EXP 	fixation: autoDraw = False
1033.5496 	EXP 	line1: autoDraw = False
1033.5496 	EXP 	line_2: autoDraw = False
1033.5496 	EXP 	line_3: autoDraw = False
1033.5496 	EXP 	line4: autoDraw = False
1033.5496 	EXP 	probe: autoDraw = False
1033.5496 	EXP 	fixation: autoDraw = True
1033.6336 	EXP 	Device response: <KeyPress from None: t=1033.5307497000001, value=z, duration=0.10165169999982027>
1034.5489 	EXP 	fixation: autoDraw = False
1034.5489 	EXP 	line1: autoDraw = True
1034.5489 	EXP 	line_2: autoDraw = True
1034.5489 	EXP 	line_3: autoDraw = True
1034.5489 	EXP 	line4: autoDraw = True
1035.5490 	INFO 	Keyboard events cleared
1035.5488 	EXP 	probe: autoDraw = True
1036.4004 	EXP 	Device response: <KeyPress from None: t=1036.3986587, value=x, duration=None>
1036.4008 	EXP 	New trial (rep=43, index=3): <Trial 175 (3 in rep 43) data={'pos': np.int64(150), 'corr_resp': 'v', 'thisN': 175, 'thisTrialN': 3, 'thisRepN': 43}>
1036.4024 	DATA 	Keypress: x
1036.4159 	EXP 	fixation: autoDraw = False
1036.4159 	EXP 	line1: autoDraw = False
1036.4159 	EXP 	line_2: autoDraw = False
1036.4159 	EXP 	line_3: autoDraw = False
1036.4159 	EXP 	line4: autoDraw = False
1036.4159 	EXP 	probe: autoDraw = False
1036.4159 	EXP 	fixation: autoDraw = True
1036.5670 	EXP 	Device response: <KeyPress from None: t=1036.3986587, value=x, duration=0.15259960000003048>
1037.3997 	EXP 	line1: autoDraw = True
1037.3997 	EXP 	line_2: autoDraw = True
1037.3997 	EXP 	line_3: autoDraw = True
1037.3997 	EXP 	line4: autoDraw = True
1037.4169 	EXP 	fixation: autoDraw = False
1038.4000 	INFO 	Keyboard events cleared
1038.3999 	EXP 	probe: autoDraw = True
1039.3504 	EXP 	Device response: <KeyPress from None: t=1039.3476796, value=v, duration=None>
1039.3508 	EXP 	New trial (rep=44, index=0): <Trial 176 (0 in rep 44) data={'pos': np.int64(50), 'corr_resp': 'c', 'thisN': 176, 'thisTrialN': 0, 'thisRepN': 44}>
1039.3524 	DATA 	Keypress: v
1039.3653 	EXP 	fixation: autoDraw = False
1039.3653 	EXP 	line1: autoDraw = False
1039.3653 	EXP 	line_2: autoDraw = False
1039.3653 	EXP 	line_3: autoDraw = False
1039.3653 	EXP 	line4: autoDraw = False
1039.3653 	EXP 	probe: autoDraw = False
1039.3653 	EXP 	fixation: autoDraw = True
1039.5003 	EXP 	Device response: <KeyPress from None: t=1039.3476796, value=v, duration=0.14370129999997516>
1040.3662 	EXP 	fixation: autoDraw = False
1040.3662 	EXP 	line1: autoDraw = True
1040.3662 	EXP 	line_2: autoDraw = True
1040.3662 	EXP 	line_3: autoDraw = True
1040.3662 	EXP 	line4: autoDraw = True
1041.3676 	INFO 	Keyboard events cleared
1041.3674 	EXP 	probe: autoDraw = True
1042.1003 	EXP 	Device response: <KeyPress from None: t=1042.0881809, value=c, duration=None>
1042.1011 	EXP 	New trial (rep=44, index=1): <Trial 177 (1 in rep 44) data={'pos': np.int64(-150), 'corr_resp': 'z', 'thisN': 177, 'thisTrialN': 1, 'thisRepN': 44}>
1042.1032 	DATA 	Keypress: c
1042.1155 	EXP 	fixation: autoDraw = False
1042.1155 	EXP 	line1: autoDraw = False
1042.1155 	EXP 	line_2: autoDraw = False
1042.1155 	EXP 	line_3: autoDraw = False
1042.1155 	EXP 	line4: autoDraw = False
1042.1155 	EXP 	probe: autoDraw = False
1042.1155 	EXP 	fixation: autoDraw = True
1042.2664 	EXP 	Device response: <KeyPress from None: t=1042.0881809, value=c, duration=0.17549140000005536>
1043.1154 	EXP 	fixation: autoDraw = False
1043.1154 	EXP 	line1: autoDraw = True
1043.1154 	EXP 	line_2: autoDraw = True
1043.1154 	EXP 	line_3: autoDraw = True
1043.1154 	EXP 	line4: autoDraw = True
1044.1172 	INFO 	Keyboard events cleared
1044.1170 	EXP 	probe: autoDraw = True
1044.8997 	EXP 	Device response: <KeyPress from None: t=1044.8965181, value=z, duration=None>
1044.9001 	EXP 	New trial (rep=44, index=2): <Trial 178 (2 in rep 44) data={'pos': np.int64(150), 'corr_resp': 'v', 'thisN': 178, 'thisTrialN': 2, 'thisRepN': 44}>
1044.9015 	DATA 	Keypress: z
1044.9162 	EXP 	fixation: autoDraw = False
1044.9162 	EXP 	line1: autoDraw = False
1044.9162 	EXP 	line_2: autoDraw = False
1044.9162 	EXP 	line_3: autoDraw = False
1044.9162 	EXP 	line4: autoDraw = False
1044.9162 	EXP 	probe: autoDraw = False
1044.9162 	EXP 	fixation: autoDraw = True
1045.0337 	EXP 	Device response: <KeyPress from None: t=1044.8965181, value=z, duration=0.12038729999994757>
1045.8989 	EXP 	line1: autoDraw = True
1045.8989 	EXP 	line_2: autoDraw = True
1045.8989 	EXP 	line_3: autoDraw = True
1045.8989 	EXP 	line4: autoDraw = True
1045.9156 	EXP 	fixation: autoDraw = False
1046.8991 	INFO 	Keyboard events cleared
1046.8989 	EXP 	probe: autoDraw = True
1047.8670 	EXP 	Device response: <KeyPress from None: t=1047.8574355, value=b, duration=None>
1047.8674 	EXP 	New trial (rep=44, index=3): <Trial 179 (3 in rep 44) data={'pos': np.int64(-50), 'corr_resp': 'x', 'thisN': 179, 'thisTrialN': 3, 'thisRepN': 44}>
1047.8687 	DATA 	Keypress: b
1047.8820 	EXP 	fixation: autoDraw = False
1047.8820 	EXP 	line1: autoDraw = False
1047.8820 	EXP 	line_2: autoDraw = False
1047.8820 	EXP 	line_3: autoDraw = False
1047.8820 	EXP 	line4: autoDraw = False
1047.8820 	EXP 	probe: autoDraw = False
1047.8820 	EXP 	fixation: autoDraw = True
1047.9660 	EXP 	Device response: <KeyPress from None: t=1047.8574355, value=b, duration=0.09756930000003194>
1048.8822 	EXP 	fixation: autoDraw = False
1048.8822 	EXP 	line1: autoDraw = True
1048.8822 	EXP 	line_2: autoDraw = True
1048.8822 	EXP 	line_3: autoDraw = True
1048.8822 	EXP 	line4: autoDraw = True
1049.8667 	INFO 	Keyboard events cleared
1049.8665 	EXP 	probe: autoDraw = True
1051.0332 	EXP 	Device response: <KeyPress from None: t=1051.0208418, value=x, duration=None>
1051.0336 	EXP 	New trial (rep=45, index=0): <Trial 180 (0 in rep 45) data={'pos': np.int64(150), 'corr_resp': 'v', 'thisN': 180, 'thisTrialN': 0, 'thisRepN': 45}>
1051.0349 	DATA 	Keypress: x
1051.0496 	EXP 	fixation: autoDraw = False
1051.0496 	EXP 	line1: autoDraw = False
1051.0496 	EXP 	line_2: autoDraw = False
1051.0496 	EXP 	line_3: autoDraw = False
1051.0496 	EXP 	line4: autoDraw = False
1051.0496 	EXP 	probe: autoDraw = False
1051.0496 	EXP 	fixation: autoDraw = True
1051.1504 	EXP 	Device response: <KeyPress from None: t=1051.0208418, value=x, duration=0.11833700000011049>
1052.0331 	EXP 	line1: autoDraw = True
1052.0331 	EXP 	line_2: autoDraw = True
1052.0331 	EXP 	line_3: autoDraw = True
1052.0331 	EXP 	line4: autoDraw = True
1052.0497 	EXP 	fixation: autoDraw = False
1053.0330 	INFO 	Keyboard events cleared
1053.0328 	EXP 	probe: autoDraw = True
1056.2833 	EXP 	Device response: <KeyPress from None: t=1056.2748671, value=v, duration=None>
1056.2836 	EXP 	New trial (rep=45, index=1): <Trial 181 (1 in rep 45) data={'pos': np.int64(-150), 'corr_resp': 'z', 'thisN': 181, 'thisTrialN': 1, 'thisRepN': 45}>
1056.2848 	DATA 	Keypress: v
1056.3000 	EXP 	fixation: autoDraw = False
1056.3000 	EXP 	line1: autoDraw = False
1056.3000 	EXP 	line_2: autoDraw = False
1056.3000 	EXP 	line_3: autoDraw = False
1056.3000 	EXP 	line4: autoDraw = False
1056.3000 	EXP 	probe: autoDraw = False
1056.3000 	EXP 	fixation: autoDraw = True
1056.4336 	EXP 	Device response: <KeyPress from None: t=1056.2748671, value=v, duration=0.15616580000005342>
1057.2830 	EXP 	line1: autoDraw = True
1057.2830 	EXP 	line_2: autoDraw = True
1057.2830 	EXP 	line_3: autoDraw = True
1057.2830 	EXP 	line4: autoDraw = True
1057.3000 	EXP 	fixation: autoDraw = False
1058.2831 	INFO 	Keyboard events cleared
1058.2830 	EXP 	probe: autoDraw = True
1059.0667 	EXP 	Device response: <KeyPress from None: t=1059.063635, value=v, duration=None>
1059.0670 	EXP 	New trial (rep=45, index=2): <Trial 182 (2 in rep 45) data={'pos': np.int64(50), 'corr_resp': 'c', 'thisN': 182, 'thisTrialN': 2, 'thisRepN': 45}>
1059.0683 	DATA 	Keypress: v
1059.0839 	EXP 	fixation: autoDraw = False
1059.0839 	EXP 	line1: autoDraw = False
1059.0839 	EXP 	line_2: autoDraw = False
1059.0839 	EXP 	line_3: autoDraw = False
1059.0839 	EXP 	line4: autoDraw = False
1059.0839 	EXP 	probe: autoDraw = False
1059.0839 	EXP 	fixation: autoDraw = True
1059.1514 	DATA 	Keypress: z
1059.1670 	EXP 	Device response: <KeyPress from None: t=1059.150153, value=z, duration=None>
1059.2825 	EXP 	Device response: <KeyPress from None: t=1059.063635, value=v, duration=0.20305350000012368>
1059.3002 	EXP 	Device response: <KeyPress from None: t=1059.150153, value=z, duration=0.14437810000003992>
1060.0663 	EXP 	line1: autoDraw = True
1060.0663 	EXP 	line_2: autoDraw = True
1060.0663 	EXP 	line_3: autoDraw = True
1060.0663 	EXP 	line4: autoDraw = True
1060.0840 	EXP 	fixation: autoDraw = False
1061.0665 	INFO 	Keyboard events cleared
1061.0664 	EXP 	probe: autoDraw = True
1066.1006 	EXP 	Device response: <KeyPress from None: t=1066.0940546, value=v, duration=None>
1066.1012 	EXP 	New trial (rep=45, index=3): <Trial 183 (3 in rep 45) data={'pos': np.int64(-50), 'corr_resp': 'x', 'thisN': 183, 'thisTrialN': 3, 'thisRepN': 45}>
1066.1028 	DATA 	Keypress: v
1066.1164 	EXP 	fixation: autoDraw = False
1066.1164 	EXP 	line1: autoDraw = False
1066.1164 	EXP 	line_2: autoDraw = False
1066.1164 	EXP 	line_3: autoDraw = False
1066.1164 	EXP 	line4: autoDraw = False
1066.1164 	EXP 	probe: autoDraw = False
1066.1164 	EXP 	fixation: autoDraw = True
1066.2002 	EXP 	Device response: <KeyPress from None: t=1066.0940546, value=v, duration=0.09395510000013019>
1067.1161 	EXP 	fixation: autoDraw = False
1067.1161 	EXP 	line1: autoDraw = True
1067.1161 	EXP 	line_2: autoDraw = True
1067.1161 	EXP 	line_3: autoDraw = True
1067.1161 	EXP 	line4: autoDraw = True
1068.1163 	INFO 	Keyboard events cleared
1068.1161 	EXP 	probe: autoDraw = True
1069.9503 	EXP 	Device response: <KeyPress from None: t=1069.9442811000001, value=x, duration=None>
1069.9507 	EXP 	New trial (rep=46, index=0): <Trial 184 (0 in rep 46) data={'pos': np.int64(50), 'corr_resp': 'c', 'thisN': 184, 'thisTrialN': 0, 'thisRepN': 46}>
1069.9520 	DATA 	Keypress: x
1069.9665 	EXP 	fixation: autoDraw = False
1069.9665 	EXP 	line1: autoDraw = False
1069.9665 	EXP 	line_2: autoDraw = False
1069.9665 	EXP 	line_3: autoDraw = False
1069.9665 	EXP 	line4: autoDraw = False
1069.9665 	EXP 	probe: autoDraw = False
1069.9665 	EXP 	fixation: autoDraw = True
1070.0001 	EXP 	Device response: <KeyPress from None: t=1069.9442811000001, value=x, duration=0.04583209999987048>
1070.9497 	EXP 	line1: autoDraw = True
1070.9497 	EXP 	line_2: autoDraw = True
1070.9497 	EXP 	line_3: autoDraw = True
1070.9497 	EXP 	line4: autoDraw = True
1070.9664 	EXP 	fixation: autoDraw = False
1071.9496 	INFO 	Keyboard events cleared
1071.9494 	EXP 	probe: autoDraw = True
1073.6671 	EXP 	Device response: <KeyPress from None: t=1073.6558715, value=c, duration=None>
1073.6676 	EXP 	New trial (rep=46, index=1): <Trial 185 (1 in rep 46) data={'pos': np.int64(150), 'corr_resp': 'v', 'thisN': 185, 'thisTrialN': 1, 'thisRepN': 46}>
1073.6689 	DATA 	Keypress: c
1073.6829 	EXP 	fixation: autoDraw = False
1073.6829 	EXP 	line1: autoDraw = False
1073.6829 	EXP 	line_2: autoDraw = False
1073.6829 	EXP 	line_3: autoDraw = False
1073.6829 	EXP 	line4: autoDraw = False
1073.6829 	EXP 	probe: autoDraw = False
1073.6829 	EXP 	fixation: autoDraw = True
1073.8170 	EXP 	Device response: <KeyPress from None: t=1073.6558715, value=c, duration=0.15722649999997884>
1074.6663 	EXP 	line1: autoDraw = True
1074.6663 	EXP 	line_2: autoDraw = True
1074.6663 	EXP 	line_3: autoDraw = True
1074.6663 	EXP 	line4: autoDraw = True
1074.6829 	EXP 	fixation: autoDraw = False
1075.6830 	INFO 	Keyboard events cleared
1075.6829 	EXP 	probe: autoDraw = True
1076.7835 	EXP 	Device response: <KeyPress from None: t=1076.7825477000001, value=v, duration=None>
1076.7839 	EXP 	New trial (rep=46, index=2): <Trial 186 (2 in rep 46) data={'pos': np.int64(-50), 'corr_resp': 'x', 'thisN': 186, 'thisTrialN': 2, 'thisRepN': 46}>
1076.7852 	DATA 	Keypress: v
1076.7989 	EXP 	fixation: autoDraw = False
1076.7989 	EXP 	line1: autoDraw = False
1076.7989 	EXP 	line_2: autoDraw = False
1076.7989 	EXP 	line_3: autoDraw = False
1076.7989 	EXP 	line4: autoDraw = False
1076.7989 	EXP 	probe: autoDraw = False
1076.7989 	EXP 	fixation: autoDraw = True
1076.9497 	EXP 	Device response: <KeyPress from None: t=1076.7825477000001, value=v, duration=0.15606439999987742>
1077.7842 	EXP 	line1: autoDraw = True
1077.7842 	EXP 	line_2: autoDraw = True
1077.7842 	EXP 	line_3: autoDraw = True
1077.7842 	EXP 	line4: autoDraw = True
1077.8002 	EXP 	fixation: autoDraw = False
1078.7832 	INFO 	Keyboard events cleared
1078.7830 	EXP 	probe: autoDraw = True
1087.8340 	EXP 	Device response: <KeyPress from None: t=1087.8279593, value=x, duration=None>
1087.8344 	EXP 	New trial (rep=46, index=3): <Trial 187 (3 in rep 46) data={'pos': np.int64(-150), 'corr_resp': 'z', 'thisN': 187, 'thisTrialN': 3, 'thisRepN': 46}>
1087.8360 	DATA 	Keypress: x
1087.8499 	EXP 	fixation: autoDraw = False
1087.8499 	EXP 	line1: autoDraw = False
1087.8499 	EXP 	line_2: autoDraw = False
1087.8499 	EXP 	line_3: autoDraw = False
1087.8499 	EXP 	line4: autoDraw = False
1087.8499 	EXP 	probe: autoDraw = False
1087.8499 	EXP 	fixation: autoDraw = True
1087.9170 	EXP 	Device response: <KeyPress from None: t=1087.8279593, value=x, duration=0.07514030000015737>
1088.8507 	EXP 	fixation: autoDraw = False
1088.8507 	EXP 	line1: autoDraw = True
1088.8507 	EXP 	line_2: autoDraw = True
1088.8507 	EXP 	line_3: autoDraw = True
1088.8507 	EXP 	line4: autoDraw = True
1089.8500 	INFO 	Keyboard events cleared
1089.8499 	EXP 	probe: autoDraw = True
1095.3334 	EXP 	Device response: <KeyPress from None: t=1095.3305742, value=z, duration=None>
1095.3339 	EXP 	New trial (rep=47, index=0): <Trial 188 (0 in rep 47) data={'pos': np.int64(50), 'corr_resp': 'c', 'thisN': 188, 'thisTrialN': 0, 'thisRepN': 47}>
1095.3354 	DATA 	Keypress: z
1095.3499 	EXP 	fixation: autoDraw = False
1095.3499 	EXP 	line1: autoDraw = False
1095.3499 	EXP 	line_2: autoDraw = False
1095.3499 	EXP 	line_3: autoDraw = False
1095.3499 	EXP 	line4: autoDraw = False
1095.3499 	EXP 	probe: autoDraw = False
1095.3499 	EXP 	fixation: autoDraw = True
1095.4171 	EXP 	Device response: <KeyPress from None: t=1095.3305742, value=z, duration=0.08457610000004934>
1096.3331 	EXP 	line1: autoDraw = True
1096.3331 	EXP 	line_2: autoDraw = True
1096.3331 	EXP 	line_3: autoDraw = True
1096.3331 	EXP 	line4: autoDraw = True
1096.3497 	EXP 	fixation: autoDraw = False
1097.3333 	INFO 	Keyboard events cleared
1097.3331 	EXP 	probe: autoDraw = True
1100.7336 	EXP 	Device response: <KeyPress from None: t=1100.7306124, value=v, duration=None>
1100.7339 	EXP 	New trial (rep=47, index=1): <Trial 189 (1 in rep 47) data={'pos': np.int64(-50), 'corr_resp': 'x', 'thisN': 189, 'thisTrialN': 1, 'thisRepN': 47}>
1100.7352 	DATA 	Keypress: v
1100.7526 	EXP 	fixation: autoDraw = False
1100.7526 	EXP 	line1: autoDraw = False
1100.7526 	EXP 	line_2: autoDraw = False
1100.7526 	EXP 	line_3: autoDraw = False
1100.7526 	EXP 	line4: autoDraw = False
1100.7526 	EXP 	probe: autoDraw = False
1100.7526 	EXP 	fixation: autoDraw = True
1100.8830 	EXP 	Device response: <KeyPress from None: t=1100.7306124, value=v, duration=0.1483404000000519>
1101.7334 	EXP 	line1: autoDraw = True
1101.7334 	EXP 	line_2: autoDraw = True
1101.7334 	EXP 	line_3: autoDraw = True
1101.7334 	EXP 	line4: autoDraw = True
1101.7665 	EXP 	fixation: autoDraw = False
1102.7501 	INFO 	Keyboard events cleared
1102.7499 	EXP 	probe: autoDraw = True
1103.2337 	EXP 	Device response: <KeyPress from None: t=1103.230253, value=x, duration=None>
1103.2341 	EXP 	New trial (rep=47, index=2): <Trial 190 (2 in rep 47) data={'pos': np.int64(150), 'corr_resp': 'v', 'thisN': 190, 'thisTrialN': 2, 'thisRepN': 47}>
1103.2362 	DATA 	Keypress: x
1103.2500 	EXP 	fixation: autoDraw = False
1103.2500 	EXP 	line1: autoDraw = False
1103.2500 	EXP 	line_2: autoDraw = False
1103.2500 	EXP 	line_3: autoDraw = False
1103.2500 	EXP 	line4: autoDraw = False
1103.2500 	EXP 	probe: autoDraw = False
1103.2500 	EXP 	fixation: autoDraw = True
1103.3840 	EXP 	Device response: <KeyPress from None: t=1103.230253, value=x, duration=0.13887130000011894>
1104.2332 	EXP 	line1: autoDraw = True
1104.2332 	EXP 	line_2: autoDraw = True
1104.2332 	EXP 	line_3: autoDraw = True
1104.2332 	EXP 	line4: autoDraw = True
1104.2492 	EXP 	fixation: autoDraw = False
1105.2507 	INFO 	Keyboard events cleared
1105.2505 	EXP 	probe: autoDraw = True
1105.5692 	DATA 	Keypress: v
1105.5829 	EXP 	Device response: <KeyPress from None: t=1105.5678317, value=v, duration=None>
1105.5833 	EXP 	New trial (rep=47, index=3): <Trial 191 (3 in rep 47) data={'pos': np.int64(-150), 'corr_resp': 'z', 'thisN': 191, 'thisTrialN': 3, 'thisRepN': 47}>
1105.5991 	EXP 	fixation: autoDraw = False
1105.5991 	EXP 	line1: autoDraw = False
1105.5991 	EXP 	line_2: autoDraw = False
1105.5991 	EXP 	line_3: autoDraw = False
1105.5991 	EXP 	line4: autoDraw = False
1105.5991 	EXP 	probe: autoDraw = False
1105.5991 	EXP 	fixation: autoDraw = True
1105.7502 	EXP 	Device response: <KeyPress from None: t=1105.5678317, value=v, duration=0.17900490000010905>
1106.5831 	EXP 	line1: autoDraw = True
1106.5831 	EXP 	line_2: autoDraw = True
1106.5831 	EXP 	line_3: autoDraw = True
1106.5831 	EXP 	line4: autoDraw = True
1106.6001 	EXP 	fixation: autoDraw = False
1107.5836 	INFO 	Keyboard events cleared
1107.5834 	EXP 	probe: autoDraw = True
1107.9503 	EXP 	Device response: <KeyPress from None: t=1107.9360472, value=z, duration=None>
1107.9507 	EXP 	New trial (rep=48, index=0): <Trial 192 (0 in rep 48) data={'pos': np.int64(-50), 'corr_resp': 'x', 'thisN': 192, 'thisTrialN': 0, 'thisRepN': 48}>
1107.9519 	DATA 	Keypress: z
1107.9662 	EXP 	fixation: autoDraw = False
1107.9662 	EXP 	line1: autoDraw = False
1107.9662 	EXP 	line_2: autoDraw = False
1107.9662 	EXP 	line_3: autoDraw = False
1107.9662 	EXP 	line4: autoDraw = False
1107.9662 	EXP 	probe: autoDraw = False
1107.9662 	EXP 	fixation: autoDraw = True
1108.1171 	EXP 	Device response: <KeyPress from None: t=1107.9360472, value=z, duration=0.17828989999998157>
1108.9667 	EXP 	fixation: autoDraw = False
1108.9667 	EXP 	line1: autoDraw = True
1108.9667 	EXP 	line_2: autoDraw = True
1108.9667 	EXP 	line_3: autoDraw = True
1108.9667 	EXP 	line4: autoDraw = True
1109.9502 	INFO 	Keyboard events cleared
1109.9500 	EXP 	probe: autoDraw = True
1110.3022 	DATA 	Keypress: x
1110.3165 	EXP 	Device response: <KeyPress from None: t=1110.3001473, value=x, duration=None>
1110.3169 	EXP 	New trial (rep=48, index=1): <Trial 193 (1 in rep 48) data={'pos': np.int64(150), 'corr_resp': 'v', 'thisN': 193, 'thisTrialN': 1, 'thisRepN': 48}>
1110.3334 	EXP 	fixation: autoDraw = False
1110.3334 	EXP 	line1: autoDraw = False
1110.3334 	EXP 	line_2: autoDraw = False
1110.3334 	EXP 	line_3: autoDraw = False
1110.3334 	EXP 	line4: autoDraw = False
1110.3334 	EXP 	probe: autoDraw = False
1110.3334 	EXP 	fixation: autoDraw = True
1110.4666 	EXP 	Device response: <KeyPress from None: t=1110.3001473, value=x, duration=0.15337250000015956>
1111.3170 	EXP 	line1: autoDraw = True
1111.3170 	EXP 	line_2: autoDraw = True
1111.3170 	EXP 	line_3: autoDraw = True
1111.3170 	EXP 	line4: autoDraw = True
1111.3330 	EXP 	fixation: autoDraw = False
1112.3168 	INFO 	Keyboard events cleared
1112.3167 	EXP 	probe: autoDraw = True
1112.6508 	EXP 	Device response: <KeyPress from None: t=1112.6404123, value=v, duration=None>
1112.6512 	EXP 	New trial (rep=48, index=2): <Trial 194 (2 in rep 48) data={'pos': np.int64(-150), 'corr_resp': 'z', 'thisN': 194, 'thisTrialN': 2, 'thisRepN': 48}>
1112.6525 	DATA 	Keypress: v
1112.6658 	EXP 	fixation: autoDraw = False
1112.6658 	EXP 	line1: autoDraw = False
1112.6658 	EXP 	line_2: autoDraw = False
1112.6658 	EXP 	line_3: autoDraw = False
1112.6658 	EXP 	line4: autoDraw = False
1112.6658 	EXP 	probe: autoDraw = False
1112.6658 	EXP 	fixation: autoDraw = True
1112.8329 	EXP 	Device response: <KeyPress from None: t=1112.6404123, value=v, duration=0.1814864000000398>
1113.6664 	EXP 	fixation: autoDraw = False
1113.6664 	EXP 	line1: autoDraw = True
1113.6664 	EXP 	line_2: autoDraw = True
1113.6664 	EXP 	line_3: autoDraw = True
1113.6664 	EXP 	line4: autoDraw = True
1114.6501 	INFO 	Keyboard events cleared
1114.6499 	EXP 	probe: autoDraw = True
1115.1167 	EXP 	Device response: <KeyPress from None: t=1115.1137845, value=z, duration=None>
1115.1171 	EXP 	New trial (rep=48, index=3): <Trial 195 (3 in rep 48) data={'pos': np.int64(50), 'corr_resp': 'c', 'thisN': 195, 'thisTrialN': 3, 'thisRepN': 48}>
1115.1183 	DATA 	Keypress: z
1115.1342 	EXP 	fixation: autoDraw = False
1115.1342 	EXP 	line1: autoDraw = False
1115.1342 	EXP 	line_2: autoDraw = False
1115.1342 	EXP 	line_3: autoDraw = False
1115.1342 	EXP 	line4: autoDraw = False
1115.1342 	EXP 	probe: autoDraw = False
1115.1342 	EXP 	fixation: autoDraw = True
1115.2671 	EXP 	Device response: <KeyPress from None: t=1115.1137845, value=z, duration=0.15031729999986965>
1116.1165 	EXP 	line1: autoDraw = True
1116.1165 	EXP 	line_2: autoDraw = True
1116.1165 	EXP 	line_3: autoDraw = True
1116.1165 	EXP 	line4: autoDraw = True
1116.1336 	EXP 	fixation: autoDraw = False
1117.1168 	INFO 	Keyboard events cleared
1117.1166 	EXP 	probe: autoDraw = True
1118.1339 	EXP 	Device response: <KeyPress from None: t=1118.1187872, value=c, duration=None>
1118.1343 	EXP 	New trial (rep=49, index=0): <Trial 196 (0 in rep 49) data={'pos': np.int64(-150), 'corr_resp': 'z', 'thisN': 196, 'thisTrialN': 0, 'thisRepN': 49}>
1118.1356 	DATA 	Keypress: c
1118.1493 	EXP 	fixation: autoDraw = False
1118.1493 	EXP 	line1: autoDraw = False
1118.1493 	EXP 	line_2: autoDraw = False
1118.1493 	EXP 	line_3: autoDraw = False
1118.1493 	EXP 	line4: autoDraw = False
1118.1493 	EXP 	probe: autoDraw = False
1118.1493 	EXP 	fixation: autoDraw = True
1118.1998 	EXP 	Device response: <KeyPress from None: t=1118.1187872, value=c, duration=0.07205279999993763>
1119.1325 	EXP 	line1: autoDraw = True
1119.1325 	EXP 	line_2: autoDraw = True
1119.1325 	EXP 	line_3: autoDraw = True
1119.1325 	EXP 	line4: autoDraw = True
1119.1495 	EXP 	fixation: autoDraw = False
1120.1337 	INFO 	Keyboard events cleared
1120.1336 	EXP 	probe: autoDraw = True
1127.3171 	EXP 	Device response: <KeyPress from None: t=1127.3134296, value=z, duration=None>
1127.3174 	EXP 	New trial (rep=49, index=1): <Trial 197 (1 in rep 49) data={'pos': np.int64(50), 'corr_resp': 'c', 'thisN': 197, 'thisTrialN': 1, 'thisRepN': 49}>
1127.3189 	DATA 	Keypress: z
1127.3342 	EXP 	fixation: autoDraw = False
1127.3342 	EXP 	line1: autoDraw = False
1127.3342 	EXP 	line_2: autoDraw = False
1127.3342 	EXP 	line_3: autoDraw = False
1127.3342 	EXP 	line4: autoDraw = False
1127.3342 	EXP 	probe: autoDraw = False
1127.3342 	EXP 	fixation: autoDraw = True
1127.4168 	EXP 	Device response: <KeyPress from None: t=1127.3134296, value=z, duration=0.08707000000003973>
1128.3166 	EXP 	line1: autoDraw = True
1128.3166 	EXP 	line_2: autoDraw = True
1128.3166 	EXP 	line_3: autoDraw = True
1128.3166 	EXP 	line4: autoDraw = True
1128.3338 	EXP 	fixation: autoDraw = False
1129.3169 	INFO 	Keyboard events cleared
1129.3167 	EXP 	probe: autoDraw = True
1131.5833 	EXP 	Device response: <KeyPress from None: t=1131.5720494, value=c, duration=None>
1131.5837 	EXP 	New trial (rep=49, index=2): <Trial 198 (2 in rep 49) data={'pos': np.int64(-50), 'corr_resp': 'x', 'thisN': 198, 'thisTrialN': 2, 'thisRepN': 49}>
1131.5854 	DATA 	Keypress: c
1131.5994 	EXP 	fixation: autoDraw = False
1131.5994 	EXP 	line1: autoDraw = False
1131.5994 	EXP 	line_2: autoDraw = False
1131.5994 	EXP 	line_3: autoDraw = False
1131.5994 	EXP 	line4: autoDraw = False
1131.5994 	EXP 	probe: autoDraw = False
1131.5994 	EXP 	fixation: autoDraw = True
1131.7499 	EXP 	Device response: <KeyPress from None: t=1131.5720494, value=c, duration=0.17072640000014871>
1132.5827 	EXP 	line1: autoDraw = True
1132.5827 	EXP 	line_2: autoDraw = True
1132.5827 	EXP 	line_3: autoDraw = True
1132.5827 	EXP 	line4: autoDraw = True
1132.5997 	EXP 	fixation: autoDraw = False
1133.5831 	INFO 	Keyboard events cleared
1133.5829 	EXP 	probe: autoDraw = True
1134.5199 	DATA 	Keypress: x
1134.5331 	EXP 	Device response: <KeyPress from None: t=1134.5192757, value=x, duration=None>
1134.5335 	EXP 	New trial (rep=49, index=3): <Trial 199 (3 in rep 49) data={'pos': np.int64(150), 'corr_resp': 'v', 'thisN': 199, 'thisTrialN': 3, 'thisRepN': 49}>
1134.5499 	EXP 	fixation: autoDraw = False
1134.5499 	EXP 	line1: autoDraw = False
1134.5499 	EXP 	line_2: autoDraw = False
1134.5499 	EXP 	line_3: autoDraw = False
1134.5499 	EXP 	line4: autoDraw = False
1134.5499 	EXP 	probe: autoDraw = False
1134.5499 	EXP 	fixation: autoDraw = True
1134.6675 	EXP 	Device response: <KeyPress from None: t=1134.5192757, value=x, duration=0.14498520000006465>
1135.5339 	EXP 	line1: autoDraw = True
1135.5339 	EXP 	line_2: autoDraw = True
1135.5339 	EXP 	line_3: autoDraw = True
1135.5339 	EXP 	line4: autoDraw = True
1135.5507 	EXP 	fixation: autoDraw = False
1136.5338 	INFO 	Keyboard events cleared
1136.5336 	EXP 	probe: autoDraw = True
1138.9499 	EXP 	Device response: <KeyPress from None: t=1138.9452008, value=v, duration=None>
1138.9514 	DATA 	Keypress: v
1138.9661 	EXP 	fixation: autoDraw = False
1138.9661 	EXP 	line1: autoDraw = False
1138.9661 	EXP 	line_2: autoDraw = False
1138.9661 	EXP 	line_3: autoDraw = False
1138.9661 	EXP 	line4: autoDraw = False
1138.9661 	EXP 	probe: autoDraw = False
1138.9663 	EXP 	untitled: status = STOPPED
1139.1537 	INFO 	saved data to 'C:\\Users\\DELL\\Desktop\\psychopie_final\\motor sequence\\data\\par_1_mtr_seq_untitled_2025-10-01_19h28.49.025.csv'
1139.1612 	INFO 	saved data to C:\Users\DELL\Desktop\psychopie_final\motor sequence\data\par_1_mtr_seq_untitled_2025-10-01_19h28.49.025.psydat
1140.4905 	WARNING 	Stopping key buffers but this could be dangerous ifother keyboards rely on the same.
1140.4923 	WARNING 	Stopping key buffers but this could be dangerous ifother keyboards rely on the same.
