pos,corr_resp,thisN,thisTrialN,thisRepN,key_resp.keys,key_resp.corr,key_resp.rt,key_resp.duration,trials.thisRepN,trials.thisTrialN,trials.thisN,trials.thisIndex,trials_2.thisRepN,trials_2.thisTrialN,trials_2.thisN,trials_2.thisIndex,thisRow.t,notes,trial.started,fixation.started,line1.started,line_2.started,line_3.started,line4.started,fixation.stopped,probe.started,key_resp.started,trial.stopped,trials.key_resp.keys,trials.key_resp.corr,trials.key_resp.rt,trials.key_resp.duration,trials_2.key_resp.keys,trials_2.key_resp.corr,trials_2.key_resp.rt,trials_2.key_resp.duration,participant,session,date,expName,expVersion,psychopyVersion,frameRate,expStart,
-50,x,0,0,0,x,1,0.5614959999998064,None,0,0,0,0,,,,,0.0274239000000307,,0.018403000000034808,0.0274239000000307,1.0017492000001766,1.0017492000001766,1.0017492000001766,1.0017492000001766,1.0354980000001888,2.0021223000003374,2.0021223000003374,2.6451899000003323,x,1,0.5614959999998064,None,,,,,par_5_mtr_seq,001,2025-10-01_23h22.40.371,untitled,,2025.1.1,59.98735466569841,2025-10-01 23h22.50.092171 +0530,
150,v,1,1,0,v,1,0.37014369999997143,None,0,1,1,1,,,,,2.654656100000011,,2.6456969000000754,2.654656100000011,3.653760500000317,3.653760500000317,3.653760500000317,3.653760500000317,3.653760500000317,4.653698500000246,4.653698500000246,5.038574400000016,v,1,0.37014369999997143,None,,,,,par_5_mtr_seq,001,2025-10-01_23h22.40.371,untitled,,2025.1.1,59.98735466569841,2025-10-01 23h22.50.092171 +0530,
50,c,2,2,0,c,1,2.2915106999998898,None,0,2,2,2,,,,,5.05385860000024,,5.039078100000097,5.05385860000024,6.053654800000004,6.053654800000004,6.053654800000004,6.053654800000004,6.053654800000004,7.053612100000009,7.053612100000009,9.354455000000144,c,1,2.2915106999998898,None,,,,,par_5_mtr_seq,001,2025-10-01_23h22.40.371,untitled,,2025.1.1,59.98735466569841,2025-10-01 23h22.50.092171 +0530,
-150,z,3,3,0,z,1,0.2775691000001643,None,0,3,3,3,,,,,9.37021390000018,,9.355034100000012,9.37021390000018,10.35409910000044,10.35409910000044,10.35409910000044,10.35409910000044,10.369903100000101,11.353421000000253,11.353421000000253,11.6378208000001,z,1,0.2775691000001643,None,,,,,par_5_mtr_seq,001,2025-10-01_23h22.40.371,untitled,,2025.1.1,59.98735466569841,2025-10-01 23h22.50.092171 +0530,
-50,x,4,0,1,x,1,0.9289695000002212,None,1,0,4,0,,,,,11.653358900000057,,11.638376100000187,11.653358900000057,12.637040200000229,12.637040200000229,12.637040200000229,12.637040200000229,12.653796300000067,13.653734900000018,13.653734900000018,14.587742900000194,x,1,0.9289695000002212,None,,,,,par_5_mtr_seq,001,2025-10-01_23h22.40.371,untitled,,2025.1.1,59.98735466569841,2025-10-01 23h22.50.092171 +0530,
150,v,5,1,1,v,1,1.0812998000001244,None,1,1,5,1,,,,,14.604283900000155,,14.588317700000061,14.604283900000155,15.586984100000336,15.586984100000336,15.586984100000336,15.586984100000336,15.60428920000004,16.586938700000246,16.586938700000246,17.671105300000363,v,1,1.0812998000001244,None,,,,,par_5_mtr_seq,001,2025-10-01_23h22.40.371,untitled,,2025.1.1,59.98735466569841,2025-10-01 23h22.50.092171 +0530,
50,c,6,2,1,c,1,1.5688607000001866,None,1,2,6,2,,,,,17.6870842000003,,17.67167100000006,17.6870842000003,18.670410900000206,18.670410900000206,18.670410900000206,18.670410900000206,18.686964400000306,19.67069300000003,19.67069300000003,21.254250800000136,c,1,1.5688607000001866,None,,,,,par_5_mtr_seq,001,2025-10-01_23h22.40.371,untitled,,2025.1.1,59.98735466569841,2025-10-01 23h22.50.092171 +0530,
-150,z,7,3,1,z,1,0.41120249999994485,None,1,3,7,3,,,,,21.270535700000437,,21.254818900000373,21.270535700000437,22.253850400000374,22.253850400000374,22.253850400000374,22.253850400000374,22.270148600000084,23.25419490000013,23.25419490000013,23.6713778000003,z,1,0.41120249999994485,None,,,,,par_5_mtr_seq,001,2025-10-01_23h22.40.371,untitled,,2025.1.1,59.98735466569841,2025-10-01 23h22.50.092171 +0530,
-50,x,8,0,2,x,1,0.5640610000000379,None,2,0,8,0,,,,,23.686293500000374,,23.671900200000437,23.686293500000374,24.670619400000305,24.670619400000305,24.670619400000305,24.670619400000305,24.687148700000307,25.687090200000057,25.687090200000057,26.2541741,x,1,0.5640610000000379,None,,,,,par_5_mtr_seq,001,2025-10-01_23h22.40.371,untitled,,2025.1.1,59.98735466569841,2025-10-01 23h22.50.092171 +0530,
150,v,9,1,2,v,1,0.53638490000003,None,2,1,9,1,,,,,26.270574699999997,,26.25473510000029,26.270574699999997,27.25423230000024,27.25423230000024,27.25423230000024,27.25423230000024,27.27044640000031,28.253723200000422,28.253723200000422,28.80442690000018,v,1,0.53638490000003,None,,,,,par_5_mtr_seq,001,2025-10-01_23h22.40.371,untitled,,2025.1.1,59.98735466569841,2025-10-01 23h22.50.092171 +0530,
50,c,10,2,2,c,1,1.0948372000002564,None,2,2,10,2,,,,,28.81964700000026,,28.804881900000055,28.81964700000026,29.803616000000147,29.803616000000147,29.803616000000147,29.803616000000147,29.820585800000117,30.80367950000027,30.80367950000027,31.904353300000366,c,1,1.0948372000002564,None,,,,,par_5_mtr_seq,001,2025-10-01_23h22.40.371,untitled,,2025.1.1,59.98735466569841,2025-10-01 23h22.50.092171 +0530,
-150,z,11,3,2,z,1,0.3261795000003076,None,2,3,11,3,,,,,31.920673200000238,,31.90491370000018,31.920673200000238,32.903730500000165,32.903730500000165,32.903730500000165,32.903730500000165,32.92059660000041,33.903734800000166,33.903734800000166,34.237468100000115,z,1,0.3261795000003076,None,,,,,par_5_mtr_seq,001,2025-10-01_23h22.40.371,untitled,,2025.1.1,59.98735466569841,2025-10-01 23h22.50.092171 +0530,
-50,x,12,0,3,x,1,0.7428491000000577,None,3,0,12,0,,,,,34.2536027000001,,34.23807110000007,34.2536027000001,35.23713070000031,35.23713070000031,35.23713070000031,35.23713070000031,35.2538598000001,36.23704420000013,36.23704420000013,36.9875847000003,x,1,0.7428491000000577,None,,,,,par_5_mtr_seq,001,2025-10-01_23h22.40.371,untitled,,2025.1.1,59.98735466569841,2025-10-01 23h22.50.092171 +0530,
150,v,13,1,3,v,1,0.7502276999998685,None,3,1,13,1,,,,,37.00380860000041,,36.9880248000004,37.00380860000041,37.98735690000012,37.98735690000012,37.98735690000012,37.98735690000012,38.003718200000094,39.00378720000026,39.00378720000026,39.75485460000027,v,1,0.7502276999998685,None,,,,,par_5_mtr_seq,001,2025-10-01_23h22.40.371,untitled,,2025.1.1,59.98735466569841,2025-10-01 23h22.50.092171 +0530,
50,c,14,2,3,c,1,0.5867551999999705,None,3,2,14,2,,,,,39.77123240000037,,39.75543730000027,39.77123240000037,40.77058110000007,40.77058110000007,40.77058110000007,40.77058110000007,40.77058110000007,41.7704377,41.7704377,42.371176300000116,c,1,0.5867551999999705,None,,,,,par_5_mtr_seq,001,2025-10-01_23h22.40.371,untitled,,2025.1.1,59.98735466569841,2025-10-01 23h22.50.092171 +0530,
-150,z,15,3,3,z,1,0.30116599999973914,None,3,3,15,3,,,,,42.38682830000016,,42.371666000000005,42.38682830000016,43.370469900000444,43.370469900000444,43.370469900000444,43.370469900000444,43.38791960000026,44.37043620000031,44.37043620000031,44.68752740000036,z,1,0.30116599999973914,None,,,,,par_5_mtr_seq,001,2025-10-01_23h22.40.371,untitled,,2025.1.1,59.98735466569841,2025-10-01 23h22.50.092171 +0530,
-50,x,16,0,4,x,1,0.41574420000006285,None,4,0,16,0,,,,,44.70346930000005,,44.68801870000016,44.70346930000005,45.687593800000286,45.687593800000286,45.687593800000286,45.687593800000286,45.70363520000001,46.687932900000305,46.687932900000305,47.10472300000038,x,1,0.41574420000006285,None,,,,,par_5_mtr_seq,001,2025-10-01_23h22.40.371,untitled,,2025.1.1,59.98735466569841,2025-10-01 23h22.50.092171 +0530,
150,v,17,1,4,v,1,0.37943889999996827,None,4,1,17,1,,,,,47.12021430000004,,47.1051994000004,47.12021430000004,48.12047190000021,48.12047190000021,48.12047190000021,48.12047190000021,48.12047190000021,49.10404450000033,49.10404450000033,49.48759160000009,v,1,0.37943889999996827,None,,,,,par_5_mtr_seq,001,2025-10-01_23h22.40.371,untitled,,2025.1.1,59.98735466569841,2025-10-01 23h22.50.092171 +0530,
50,c,18,2,4,c,1,0.5292968999997356,None,4,2,18,2,,,,,49.50343860000021,,49.488152000000355,49.50343860000021,50.48709430000008,50.48709430000008,50.48709430000008,50.48709430000008,50.50379450000037,51.48713190000035,51.48713190000035,52.021564500000295,c,1,0.5292968999997356,None,,,,,par_5_mtr_seq,001,2025-10-01_23h22.40.371,untitled,,2025.1.1,59.98735466569841,2025-10-01 23h22.50.092171 +0530,
-150,z,19,3,4,z,1,0.2985109999999622,None,4,3,19,3,,,,,52.037543800000094,,52.0221518000003,52.037543800000094,53.03712880000012,53.03712880000012,53.03712880000012,53.03712880000012,53.03712880000012,54.0370769000001,54.0370769000001,54.338916900000186,z,1,0.2985109999999622,None,,,,,par_5_mtr_seq,001,2025-10-01_23h22.40.371,untitled,,2025.1.1,59.98735466569841,2025-10-01 23h22.50.092171 +0530,
-50,x,20,0,5,x,1,1.4173123000000487,None,5,0,20,0,,,,,54.35358210000004,,54.33939650000002,54.35358210000004,55.35388450000028,55.35388450000028,55.35388450000028,55.35388450000028,55.35388450000028,56.353911400000015,56.353911400000015,57.78716620000023,x,1,1.4173123000000487,None,,,,,par_5_mtr_seq,001,2025-10-01_23h22.40.371,untitled,,2025.1.1,59.98735466569841,2025-10-01 23h22.50.092171 +0530,
150,v,21,1,5,c,0,2.1978799999997136,None,5,1,21,1,,,,,57.803055600000334,,57.787687000000005,57.803055600000334,58.787148700000216,58.787148700000216,58.787148700000216,58.787148700000216,58.8032317000002,59.78710740000042,59.78710740000042,61.988080900000114,c,0,2.1978799999997136,None,,,,,par_5_mtr_seq,001,2025-10-01_23h22.40.371,untitled,,2025.1.1,59.98735466569841,2025-10-01 23h22.50.092171 +0530,
50,c,22,2,5,c,1,1.1032546999999795,None,5,2,22,2,,,,,62.00373060000038,,61.98862410000038,62.00373060000038,63.004499300000134,63.004499300000134,63.004499300000134,63.004499300000134,63.004499300000134,64.00411300000042,64.00411300000042,65.12158040000031,c,1,1.1032546999999795,None,,,,,par_5_mtr_seq,001,2025-10-01_23h22.40.371,untitled,,2025.1.1,59.98735466569841,2025-10-01 23h22.50.092171 +0530,
-150,z,23,3,5,x,0,0.39226460000008956,None,5,3,23,3,,,,,65.13665480000009,,65.12209480000001,65.13665480000009,66.13733200000024,66.13733200000024,66.13733200000024,66.13733200000024,66.13733200000024,67.12001420000024,67.12001420000024,67.52081050000015,x,0,0.39226460000008956,None,,,,,par_5_mtr_seq,001,2025-10-01_23h22.40.371,untitled,,2025.1.1,59.98735466569841,2025-10-01 23h22.50.092171 +0530,
-50,x,24,0,6,x,1,0.4376424999995834,None,6,0,24,0,,,,,67.53676840000026,,67.52129200000036,67.53676840000026,68.5205361000003,68.5205361000003,68.5205361000003,68.5205361000003,68.53664900000012,69.52029100000027,69.52029100000027,69.97097620000022,x,1,0.4376424999995834,None,,,,,par_5_mtr_seq,001,2025-10-01_23h22.40.371,untitled,,2025.1.1,59.98735466569841,2025-10-01 23h22.50.092171 +0530,
150,v,25,1,6,v,1,1.5136066999998548,None,6,1,25,1,,,,,69.98735010000019,,69.97153370000024,69.98735010000019,70.9704858,70.9704858,70.9704858,70.9704858,70.9870861000004,71.97107090000009,71.97107090000009,73.48776660000021,v,1,1.5136066999998548,None,,,,,par_5_mtr_seq,001,2025-10-01_23h22.40.371,untitled,,2025.1.1,59.98735466569841,2025-10-01 23h22.50.092171 +0530,
50,c,26,2,6,c,1,0.7959805000000415,None,6,2,26,2,,,,,73.50343210000028,,73.48825450000004,73.50343210000028,74.48732410000002,74.48732410000002,74.48732410000002,74.48732410000002,74.50420370000029,75.50405140000021,75.50405140000021,76.30400530000043,c,1,0.7959805000000415,None,,,,,par_5_mtr_seq,001,2025-10-01_23h22.40.371,untitled,,2025.1.1,59.98735466569841,2025-10-01 23h22.50.092171 +0530,
-150,z,27,3,6,z,1,0.38013120000005074,None,6,3,27,3,,,,,76.3198867000001,,76.30455410000013,76.3198867000001,77.3038932000004,77.3038932000004,77.3038932000004,77.3038932000004,77.31999420000011,78.3040202000002,78.3040202000002,78.68753240000024,z,1,0.38013120000005074,None,,,,,par_5_mtr_seq,001,2025-10-01_23h22.40.371,untitled,,2025.1.1,59.98735466569841,2025-10-01 23h22.50.092171 +0530,
-50,x,28,0,7,x,1,0.4722508999998354,None,7,0,28,0,,,,,78.7034265000002,,78.68802890000006,78.7034265000002,79.68717340000012,79.68717340000012,79.68717340000012,79.68717340000012,79.70359260000032,80.68714360000013,80.68714360000013,81.17073370000026,x,1,0.4722508999998354,None,,,,,par_5_mtr_seq,001,2025-10-01_23h22.40.371,untitled,,2025.1.1,59.98735466569841,2025-10-01 23h22.50.092171 +0530,
150,v,29,1,7,v,1,0.33057589999998527,None,7,1,29,1,,,,,81.18675410000014,,81.17137310000044,81.18675410000014,82.17114000000038,82.17114000000038,82.17114000000038,82.17114000000038,82.18723790000013,83.17093310000018,83.17093310000018,83.50450980000005,v,1,0.33057589999998527,None,,,,,par_5_mtr_seq,001,2025-10-01_23h22.40.371,untitled,,2025.1.1,59.98735466569841,2025-10-01 23h22.50.092171 +0530,
50,c,30,2,7,x,0,0.33741109999982655,None,7,2,30,2,,,,,83.52019390000032,,83.50499860000036,83.52019390000032,84.52152650000016,84.52152650000016,84.52152650000016,84.52152650000016,84.52152650000016,85.50450600000022,85.50450600000022,85.85457870000027,x,0,0.33741109999982655,None,,,,,par_5_mtr_seq,001,2025-10-01_23h22.40.371,untitled,,2025.1.1,59.98735466569841,2025-10-01 23h22.50.092171 +0530,
-150,z,31,3,7,z,1,0.33189579999998386,None,7,3,31,3,,,,,85.87052870000025,,85.85506600000008,85.87052870000025,86.85424280000007,86.85424280000007,86.85424280000007,86.85424280000007,86.8713802000002,87.8540138000003,87.8540138000003,88.18790470000022,z,1,0.33189579999998386,None,,,,,par_5_mtr_seq,001,2025-10-01_23h22.40.371,untitled,,2025.1.1,59.98735466569841,2025-10-01 23h22.50.092171 +0530,
-50,x,32,0,8,x,1,0.46454839999978503,None,8,0,32,0,,,,,88.20318520000001,,88.18839650000018,88.20318520000001,89.18682750000016,89.18682750000016,89.18682750000016,89.18682750000016,89.20368050000025,90.20343550000007,90.20343550000007,90.67125250000026,x,1,0.46454839999978503,None,,,,,par_5_mtr_seq,001,2025-10-01_23h22.40.371,untitled,,2025.1.1,59.98735466569841,2025-10-01 23h22.50.092171 +0530,
150,v,33,1,8,v,1,0.4053601999999046,None,8,1,33,1,,,,,90.68677340000022,,90.67173710000043,90.68677340000022,91.67043680000006,91.67043680000006,91.67043680000006,91.67043680000006,91.68704350000007,92.67017760000044,92.67017760000044,93.08796710000024,v,1,0.4053601999999046,None,,,,,par_5_mtr_seq,001,2025-10-01_23h22.40.371,untitled,,2025.1.1,59.98735466569841,2025-10-01 23h22.50.092171 +0530,
50,c,34,2,8,c,1,0.43998340000007374,None,8,2,34,2,,,,,93.10353180000038,,93.08843890000026,93.10353180000038,94.10497690000011,94.10497690000011,94.10497690000011,94.10497690000011,94.10497690000011,95.08787830000028,95.08787830000028,95.5384583,c,1,0.43998340000007374,None,,,,,par_5_mtr_seq,001,2025-10-01_23h22.40.371,untitled,,2025.1.1,59.98735466569841,2025-10-01 23h22.50.092171 +0530,
-150,z,35,3,8,z,1,0.398479199999656,None,8,3,35,3,,,,,95.55345950000037,,95.53895210000019,95.55345950000037,96.55389350000041,96.55389350000041,96.55389350000041,96.55389350000041,96.55389350000041,97.55380640000021,97.55380640000021,97.95556230000011,z,1,0.398479199999656,None,,,,,par_5_mtr_seq,001,2025-10-01_23h22.40.371,untitled,,2025.1.1,59.98735466569841,2025-10-01 23h22.50.092171 +0530,
-50,x,36,0,9,x,1,0.3847415000000183,None,9,0,36,0,,,,,97.9699942000002,,97.95604160000039,97.9699942000002,98.97097670000039,98.97097670000039,98.97097670000039,98.97097670000039,98.97097670000039,99.97135560000015,99.97135560000015,100.37143040000001,x,1,0.3847415000000183,None,,,,,par_5_mtr_seq,001,2025-10-01_23h22.40.371,untitled,,2025.1.1,59.98735466569841,2025-10-01 23h22.50.092171 +0530,
150,v,37,1,9,v,1,0.3208024000000478,None,9,1,37,1,,,,,100.3869851000004,,100.37201360000017,100.3869851000004,101.37109670000018,101.37109670000018,101.37109670000018,101.37109670000018,101.38716620000014,102.37140920000002,102.37140920000002,102.70422250000001,v,1,0.3208024000000478,None,,,,,par_5_mtr_seq,001,2025-10-01_23h22.40.371,untitled,,2025.1.1,59.98735466569841,2025-10-01 23h22.50.092171 +0530,
50,c,38,2,9,c,1,0.5292827000002944,None,9,2,38,2,,,,,102.72075720000021,,102.70485580000013,102.72075720000021,103.70392040000024,103.70392040000024,103.70392040000024,103.70392040000024,103.72010130000035,104.70386640000015,104.70386640000015,105.23826430000008,c,1,0.5292827000002944,None,,,,,par_5_mtr_seq,001,2025-10-01_23h22.40.371,untitled,,2025.1.1,59.98735466569841,2025-10-01 23h22.50.092171 +0530,
-150,z,39,3,9,z,1,1.0409799000003659,None,9,3,39,3,,,,,105.25370150000026,,105.23875940000016,105.25370150000026,106.23676460000024,106.23676460000024,106.23676460000024,106.23676460000024,106.2541583000002,107.25508710000031,107.25508710000031,108.30430540000043,z,1,1.0409799000003659,None,,,,,par_5_mtr_seq,001,2025-10-01_23h22.40.371,untitled,,2025.1.1,59.98735466569841,2025-10-01 23h22.50.092171 +0530,
-50,x,40,0,10,x,1,1.1109035999998014,None,10,0,40,0,,,,,108.32020750000038,,108.30484210000031,108.32020750000038,109.30428640000036,109.30428640000036,109.30428640000036,109.30428640000036,109.32063800000014,110.30413910000016,110.30413910000016,111.42161040000019,x,1,1.1109035999998014,None,,,,,par_5_mtr_seq,001,2025-10-01_23h22.40.371,untitled,,2025.1.1,59.98735466569841,2025-10-01 23h22.50.092171 +0530,
150,v,41,1,10,v,1,0.4948626000000331,None,10,1,41,1,,,,,111.43662590000031,,111.42210940000041,111.43662590000031,112.42070420000027,112.42070420000027,112.42070420000027,112.42070420000027,112.43714350000027,113.42037660000005,113.42037660000005,113.92240250000032,v,1,0.4948626000000331,None,,,,,par_5_mtr_seq,001,2025-10-01_23h22.40.371,untitled,,2025.1.1,59.98735466569841,2025-10-01 23h22.50.092171 +0530,
50,c,42,2,10,c,1,0.6501161999999567,None,10,2,42,2,,,,,113.93668660000003,,113.92290950000006,113.93668660000003,114.93681780000043,114.93681780000043,114.93681780000043,114.93681780000043,114.93681780000043,115.93702300000041,115.93702300000041,116.58867190000001,c,1,0.6501161999999567,None,,,,,par_5_mtr_seq,001,2025-10-01_23h22.40.371,untitled,,2025.1.1,59.98735466569841,2025-10-01 23h22.50.092171 +0530,
-150,z,43,3,10,z,1,0.3683754999997291,None,10,3,43,3,,,,,116.60483220000015,,116.58914900000036,116.60483220000015,117.58742140000004,117.58742140000004,117.58742140000004,117.58742140000004,117.60471510000025,118.58868830000029,118.58868830000029,118.97105690000035,z,1,0.3683754999997291,None,,,,,par_5_mtr_seq,001,2025-10-01_23h22.40.371,untitled,,2025.1.1,59.98735466569841,2025-10-01 23h22.50.092171 +0530,
-50,x,44,0,11,x,1,0.5790311000000656,None,11,0,44,0,,,,,118.98669970000037,,118.97155800000019,118.98669970000037,119.97023970000009,119.97023970000009,119.97023970000009,119.97023970000009,119.98707880000029,120.97087900000042,120.97087900000042,121.55549940000037,x,1,0.5790311000000656,None,,,,,par_5_mtr_seq,001,2025-10-01_23h22.40.371,untitled,,2025.1.1,59.98735466569841,2025-10-01 23h22.50.092171 +0530,
150,v,45,1,11,v,1,0.6699739000000591,None,11,1,45,1,,,,,121.57028280000031,,121.55606540000008,121.57028280000031,122.57143680000036,122.57143680000036,122.57143680000036,122.57143680000036,122.57143680000036,123.57158910000044,123.57158910000044,124.25472080000009,v,1,0.6699739000000591,None,,,,,par_5_mtr_seq,001,2025-10-01_23h22.40.371,untitled,,2025.1.1,59.98735466569841,2025-10-01 23h22.50.092171 +0530,
50,c,46,2,11,c,1,0.8407412999999906,None,11,2,46,2,,,,,124.27009120000002,,124.25520730000017,124.27009120000002,125.25470380000024,125.25470380000024,125.25470380000024,125.25470380000024,125.27082900000005,126.25419160000001,126.25419160000001,127.10563470000034,c,1,0.8407412999999906,None,,,,,par_5_mtr_seq,001,2025-10-01_23h22.40.371,untitled,,2025.1.1,59.98735466569841,2025-10-01 23h22.50.092171 +0530,
-150,z,47,3,11,z,1,1.1736651000001075,None,11,3,47,3,,,,,127.12057060000006,,127.1061393,127.12057060000006,128.12030120000009,128.12030120000009,128.12030120000009,128.12030120000009,128.12030120000009,129.12017650000007,129.12017650000007,130.30549210000027,z,1,1.1736651000001075,None,,,,,par_5_mtr_seq,001,2025-10-01_23h22.40.371,untitled,,2025.1.1,59.98735466569841,2025-10-01 23h22.50.092171 +0530,
-50,x,48,0,12,x,1,0.7709875000000466,None,12,0,48,0,,,,,130.32097780000004,,130.3059717000001,130.32097780000004,131.32032320000008,131.32032320000008,131.32032320000008,131.32032320000008,131.32032320000008,132.32057610000038,132.32057610000038,133.10487850000027,x,1,0.7709875000000466,None,,,,,par_5_mtr_seq,001,2025-10-01_23h22.40.371,untitled,,2025.1.1,59.98735466569841,2025-10-01 23h22.50.092171 +0530,
150,v,49,1,12,v,1,0.9045833999998649,None,12,1,49,1,,,,,133.1201744,,133.10553420000042,133.1201744,134.10398250000026,134.10398250000026,134.10398250000026,134.10398250000026,134.1213415000002,135.10678340000004,135.10678340000004,136.02136260000043,v,1,0.9045833999998649,None,,,,,par_5_mtr_seq,001,2025-10-01_23h22.40.371,untitled,,2025.1.1,59.98735466569841,2025-10-01 23h22.50.092171 +0530,
50,c,50,2,12,c,1,0.7862473000000136,None,12,2,50,2,,,,,136.03709170000002,,136.02186790000042,136.03709170000002,137.02114130000018,137.02114130000018,137.02114130000018,137.02114130000018,137.03775710000036,138.0373585000002,138.0373585000002,138.8381943000004,c,1,0.7862473000000136,None,,,,,par_5_mtr_seq,001,2025-10-01_23h22.40.371,untitled,,2025.1.1,59.98735466569841,2025-10-01 23h22.50.092171 +0530,
-150,z,51,3,12,z,1,0.8892880999997033,None,12,3,51,3,,,,,138.85366120000026,,138.8387488000003,138.85366120000026,139.85413420000032,139.85413420000032,139.85413420000032,139.85413420000032,139.85413420000032,140.83738490000042,140.83738490000042,141.7389159000004,z,1,0.8892880999997033,None,,,,,par_5_mtr_seq,001,2025-10-01_23h22.40.371,untitled,,2025.1.1,59.98735466569841,2025-10-01 23h22.50.092171 +0530,
-50,x,52,0,13,x,1,0.7306948000000375,None,13,0,52,0,,,,,141.75372650000008,,141.73939690000043,141.75372650000008,142.7544012000003,142.7544012000003,142.7544012000003,142.7544012000003,142.7544012000003,143.75412750000032,143.75412750000032,144.4875806,x,1,0.7306948000000375,None,,,,,par_5_mtr_seq,001,2025-10-01_23h22.40.371,untitled,,2025.1.1,59.98735466569841,2025-10-01 23h22.50.092171 +0530,
150,v,53,1,13,v,1,0.6807905999999093,None,13,1,53,1,,,,,144.50338210000018,,144.48802330000035,144.50338210000018,145.48819460000004,145.48819460000004,145.48819460000004,145.48819460000004,145.50401660000034,146.48698420000028,146.48698420000028,147.1712080000002,v,1,0.6807905999999093,None,,,,,par_5_mtr_seq,001,2025-10-01_23h22.40.371,untitled,,2025.1.1,59.98735466569841,2025-10-01 23h22.50.092171 +0530,
50,c,54,2,13,c,1,0.7254924000003484,None,13,2,54,2,,,,,147.18696830000044,,147.1717748000001,147.18696830000044,148.17106280000007,148.17106280000007,148.17106280000007,148.17106280000007,148.18768390000014,149.17076460000044,149.17076460000044,149.90483240000003,c,1,0.7254924000003484,None,,,,,par_5_mtr_seq,001,2025-10-01_23h22.40.371,untitled,,2025.1.1,59.98735466569841,2025-10-01 23h22.50.092171 +0530,
-150,z,55,3,13,z,1,0.5009344000000056,None,13,3,55,3,,,,,149.9205804000003,,149.90531210000017,149.9205804000003,150.90418370000043,150.90418370000043,150.90418370000043,150.90418370000043,150.9206505000002,151.90402500000027,151.90402500000027,152.42105970000011,z,1,0.5009344000000056,None,,,,,par_5_mtr_seq,001,2025-10-01_23h22.40.371,untitled,,2025.1.1,59.98735466569841,2025-10-01 23h22.50.092171 +0530,
-50,x,56,0,14,x,1,0.5972260000003189,None,14,0,56,0,,,,,152.43705490000002,,152.42189050000025,152.43705490000002,153.4216266000003,153.4216266000003,153.4216266000003,153.4216266000003,153.43805880000036,154.42114290000018,154.42114290000018,155.02162660000022,x,1,0.5972260000003189,None,,,,,par_5_mtr_seq,001,2025-10-01_23h22.40.371,untitled,,2025.1.1,59.98735466569841,2025-10-01 23h22.50.092171 +0530,
150,v,57,1,14,v,1,0.30907129999968674,None,14,1,57,1,,,,,155.03753880000022,,155.02210690000038,155.03753880000022,156.02078990000018,156.02078990000018,156.02078990000018,156.02078990000018,156.03734470000018,157.02117530000032,157.02117530000032,157.3378662,v,1,0.30907129999968674,None,,,,,par_5_mtr_seq,001,2025-10-01_23h22.40.371,untitled,,2025.1.1,59.98735466569841,2025-10-01 23h22.50.092171 +0530,
50,c,58,2,14,c,1,0.38453230000004623,None,14,2,58,2,,,,,157.35424010000042,,157.33840310000005,157.35424010000042,158.33775830000013,158.33775830000013,158.33775830000013,158.33775830000013,158.35411350000004,159.3379817,159.3379817,159.73776550000002,c,1,0.38453230000004623,None,,,,,par_5_mtr_seq,001,2025-10-01_23h22.40.371,untitled,,2025.1.1,59.98735466569841,2025-10-01 23h22.50.092171 +0530,
-150,z,59,3,14,z,1,2.0640159999998104,None,14,3,59,3,,,,,159.7535694000003,,159.73824830000012,159.7535694000003,160.73775950000027,160.73775950000027,160.73775950000027,160.73775950000027,160.75370790000034,161.7375559000002,161.7375559000002,163.8046092000004,z,1,2.0640159999998104,None,,,,,par_5_mtr_seq,001,2025-10-01_23h22.40.371,untitled,,2025.1.1,59.98735466569841,2025-10-01 23h22.50.092171 +0530,
-50,x,60,0,15,x,1,0.877047599999969,None,15,0,60,0,,,,,163.8215495000004,,163.80509260000008,163.8215495000004,164.80494650000037,164.80494650000037,164.80494650000037,164.80494650000037,164.82110390000025,165.8042892000003,165.8042892000003,166.68829900000037,x,1,0.877047599999969,None,,,,,par_5_mtr_seq,001,2025-10-01_23h22.40.371,untitled,,2025.1.1,59.98735466569841,2025-10-01 23h22.50.092171 +0530,
150,v,61,1,15,v,1,0.4045922000000246,None,15,1,61,1,,,,,166.7041577,,166.68878750000022,166.7041577,167.68771590000006,167.68771590000006,167.68771590000006,167.68771590000006,167.70409040000004,168.68689010000026,168.68689010000026,169.10588050000024,v,1,0.4045922000000246,None,,,,,par_5_mtr_seq,001,2025-10-01_23h22.40.371,untitled,,2025.1.1,59.98735466569841,2025-10-01 23h22.50.092171 +0530,
50,c,62,2,15,c,1,0.8368009999999231,None,15,2,62,2,,,,,169.12034670000003,,169.10637170000018,169.12034670000003,170.12150550000024,170.12150550000024,170.12150550000024,170.12150550000024,170.12150550000024,171.12115300000005,171.12115300000005,171.97167400000035,c,1,0.8368009999999231,None,,,,,par_5_mtr_seq,001,2025-10-01_23h22.40.371,untitled,,2025.1.1,59.98735466569841,2025-10-01 23h22.50.092171 +0530,
-150,z,63,3,15,z,1,0.5535632000000987,None,15,3,63,3,,,,,171.98776420000013,,171.97215490000008,171.98776420000013,172.9714669,172.9714669,172.9714669,172.9714669,172.98737100000017,173.97062500000038,173.97062500000038,174.53776240000025,z,1,0.5535632000000987,None,,,,,par_5_mtr_seq,001,2025-10-01_23h22.40.371,untitled,,2025.1.1,59.98735466569841,2025-10-01 23h22.50.092171 +0530,
-50,x,64,0,16,x,1,0.6251969999998437,None,16,0,64,0,,,,,174.55373270000018,,174.5386271000002,174.55373270000018,175.5384927,175.5384927,175.5384927,175.5384927,175.55471160000025,176.53753740000002,176.53753740000002,177.17156170000044,x,1,0.6251969999998437,None,,,,,par_5_mtr_seq,001,2025-10-01_23h22.40.371,untitled,,2025.1.1,59.98735466569841,2025-10-01 23h22.50.092171 +0530,
150,v,65,1,16,v,1,0.6678452000001016,None,16,1,65,1,,,,,177.18692620000002,,177.1721134000004,177.18692620000002,178.17074660000026,178.17074660000026,178.17074660000026,178.17074660000026,178.1874318,179.17126970000027,179.17126970000027,179.85503850000032,v,1,0.6678452000001016,None,,,,,par_5_mtr_seq,001,2025-10-01_23h22.40.371,untitled,,2025.1.1,59.98735466569841,2025-10-01 23h22.50.092171 +0530,
50,c,66,2,16,c,1,1.7067956999999296,None,16,2,66,2,,,,,179.8702545000001,,179.8555091000003,179.8702545000001,180.85463730000038,180.85463730000038,180.85463730000038,180.85463730000038,180.87110260000009,181.87032430000045,181.87032430000045,183.58821650000027,c,1,1.7067956999999296,None,,,,,par_5_mtr_seq,001,2025-10-01_23h22.40.371,untitled,,2025.1.1,59.98735466569841,2025-10-01 23h22.50.092171 +0530,
-150,z,67,3,16,z,1,0.6067666999997527,None,16,3,67,3,,,,,183.6037293000004,,183.58880400000044,183.6037293000004,184.60410570000022,184.60410570000022,184.60410570000022,184.60410570000022,184.60410570000022,185.58856070000002,185.58856070000002,186.20919400000002,z,1,0.6067666999997527,None,,,,,par_5_mtr_seq,001,2025-10-01_23h22.40.371,untitled,,2025.1.1,59.98735466569841,2025-10-01 23h22.50.092171 +0530,
-50,x,68,0,17,x,1,2.007571200000257,None,17,0,68,0,,,,,186.22037760000012,,186.20978130000003,186.22037760000012,187.2211881000003,187.2211881000003,187.2211881000003,187.2211881000003,187.2211881000003,188.22092770000017,188.22092770000017,190.23777700000028,x,1,2.007571200000257,None,,,,,par_5_mtr_seq,001,2025-10-01_23h22.40.371,untitled,,2025.1.1,59.98735466569841,2025-10-01 23h22.50.092171 +0530,
150,v,69,1,17,v,1,1.0412665999997444,None,17,1,69,1,,,,,190.25463450000007,,190.23825410000018,190.25463450000007,191.23767850000013,191.23767850000013,191.23767850000013,191.23767850000013,191.2543870000004,192.2375892,192.2375892,193.28786780000019,v,1,1.0412665999997444,None,,,,,par_5_mtr_seq,001,2025-10-01_23h22.40.371,untitled,,2025.1.1,59.98735466569841,2025-10-01 23h22.50.092171 +0530,
50,c,70,2,17,c,1,0.787413000000015,None,17,2,70,2,,,,,193.3038174000003,,193.28837250000015,193.3038174000003,194.28700200000003,194.28700200000003,194.28700200000003,194.28700200000003,194.30504790000032,195.2871180000002,195.2871180000002,196.08821680000028,c,1,0.787413000000015,None,,,,,par_5_mtr_seq,001,2025-10-01_23h22.40.371,untitled,,2025.1.1,59.98735466569841,2025-10-01 23h22.50.092171 +0530,
-150,z,71,3,17,z,1,0.48755320000009306,None,17,3,71,3,,,,,196.10392100000035,,196.08871090000002,196.10392100000035,197.10490720000007,197.10490720000007,197.10490720000007,197.10490720000007,197.10490720000007,198.0875847000002,198.0875847000002,198.58814370000027,z,1,0.48755320000009306,None,,,,,par_5_mtr_seq,001,2025-10-01_23h22.40.371,untitled,,2025.1.1,59.98735466569841,2025-10-01 23h22.50.092171 +0530,
-50,x,72,0,18,x,1,0.822785699999713,None,18,0,72,0,,,,,198.60432590000028,,198.5886959000004,198.60432590000028,199.5879656000002,199.5879656000002,199.5879656000002,199.5879656000002,199.60539720000043,200.58746080000037,200.58746080000037,201.42173500000035,x,1,0.822785699999713,None,,,,,par_5_mtr_seq,001,2025-10-01_23h22.40.371,untitled,,2025.1.1,59.98735466569841,2025-10-01 23h22.50.092171 +0530,
150,v,73,1,18,v,1,0.7836443999999574,None,18,1,73,1,,,,,201.43703070000038,,201.42252540000027,201.43703070000038,202.42169490000015,202.42169490000015,202.42169490000015,202.42169490000015,202.4380686000004,203.43787120000025,203.43787120000025,204.2223266000001,v,1,0.7836443999999574,None,,,,,par_5_mtr_seq,001,2025-10-01_23h22.40.371,untitled,,2025.1.1,59.98735466569841,2025-10-01 23h22.50.092171 +0530,
50,c,74,2,18,c,1,1.048255799999879,None,18,2,74,2,,,,,204.23714550000022,,204.22280850000016,204.23714550000022,205.22086100000024,205.22086100000024,205.22086100000024,205.22086100000024,205.23716140000033,206.23716250000007,206.23716250000007,207.28859250000005,c,1,1.048255799999879,None,,,,,par_5_mtr_seq,001,2025-10-01_23h22.40.371,untitled,,2025.1.1,59.98735466569841,2025-10-01 23h22.50.092171 +0530,
-150,z,75,3,18,z,1,0.572998699999971,None,18,3,75,3,,,,,207.30379570000014,,207.28928460000043,207.30379570000014,208.2877166000003,208.2877166000003,208.2877166000003,208.2877166000003,208.3043364,209.2880352000002,209.2880352000002,209.87132930000007,z,1,0.572998699999971,None,,,,,par_5_mtr_seq,001,2025-10-01_23h22.40.371,untitled,,2025.1.1,59.98735466569841,2025-10-01 23h22.50.092171 +0530,
-50,x,76,0,19,x,1,0.7234249999996791,None,19,0,76,0,,,,,209.8871964,,209.8718547000003,209.8871964,210.87121990000014,210.87121990000014,210.87121990000014,210.87121990000014,210.8883767000002,211.8710513000001,211.8710513000001,212.60549180000044,x,1,0.7234249999996791,None,,,,,par_5_mtr_seq,001,2025-10-01_23h22.40.371,untitled,,2025.1.1,59.98735466569841,2025-10-01 23h22.50.092171 +0530,
150,v,77,1,19,v,1,0.8164685000001555,None,19,1,77,1,,,,,212.6205715000001,,212.60598370000025,212.6205715000001,213.62119820000044,213.62119820000044,213.62119820000044,213.62119820000044,213.62119820000044,214.6216784000003,214.6216784000003,215.45467150000013,v,1,0.8164685000001555,None,,,,,par_5_mtr_seq,001,2025-10-01_23h22.40.371,untitled,,2025.1.1,59.98735466569841,2025-10-01 23h22.50.092171 +0530,
50,c,78,2,19,c,1,1.3460113000001002,None,19,2,78,2,,,,,215.47193530000004,,215.45539990000043,215.47193530000004,216.45514410000033,216.45514410000033,216.45514410000033,216.45514410000033,216.47096180000017,217.45452380000006,217.45452380000006,218.8056905000003,c,1,1.3460113000001002,None,,,,,par_5_mtr_seq,001,2025-10-01_23h22.40.371,untitled,,2025.1.1,59.98735466569841,2025-10-01 23h22.50.092171 +0530,
-150,z,79,3,19,z,1,0.5199544000001879,None,19,3,79,3,,,,,218.82082730000002,,218.80635790000042,218.82082730000002,219.82081580000022,219.82081580000022,219.82081580000022,219.82081580000022,219.82081580000022,220.8037577,220.8037577,221.33842230000027,z,1,0.5199544000001879,None,,,,,par_5_mtr_seq,001,2025-10-01_23h22.40.371,untitled,,2025.1.1,59.98735466569841,2025-10-01 23h22.50.092171 +0530,
-50,x,80,0,20,x,1,0.7171588000001066,None,20,0,80,0,,,,,221.3537806000004,,221.33893350000017,221.3537806000004,222.33766230000037,222.33766230000037,222.33766230000037,222.33766230000037,222.3542567000004,223.33774200000016,223.33774200000016,224.07174150000037,x,1,0.7171588000001066,None,,,,,par_5_mtr_seq,001,2025-10-01_23h22.40.371,untitled,,2025.1.1,59.98735466569841,2025-10-01 23h22.50.092171 +0530,
150,v,81,1,20,v,1,0.9532169999997677,None,20,1,81,1,,,,,224.08718100000033,,224.07221710000022,224.08718100000033,225.0711271,225.0711271,225.0711271,225.0711271,225.08821830000034,226.0878077000002,226.0878077000002,227.0551876000004,v,1,0.9532169999997677,None,,,,,par_5_mtr_seq,001,2025-10-01_23h22.40.371,untitled,,2025.1.1,59.98735466569841,2025-10-01 23h22.50.092171 +0530,
50,c,82,2,20,c,1,0.651863399999911,None,20,2,82,2,,,,,227.07066810000015,,227.05567910000036,227.07066810000015,228.05438680000043,228.05438680000043,228.05438680000043,228.05438680000043,228.0710812000002,229.07169360000034,229.07169360000034,229.7385978000002,c,1,0.651863399999911,None,,,,,par_5_mtr_seq,001,2025-10-01_23h22.40.371,untitled,,2025.1.1,59.98735466569841,2025-10-01 23h22.50.092171 +0530,
-150,z,83,3,20,z,1,0.869536700000026,None,20,3,83,3,,,,,229.75438060000033,,229.7391478000004,229.75438060000033,230.73847600000045,230.73847600000045,230.73847600000045,230.73847600000045,230.75529380000035,231.7549425000002,231.7549425000002,232.63888810000026,z,1,0.869536700000026,None,,,,,par_5_mtr_seq,001,2025-10-01_23h22.40.371,untitled,,2025.1.1,59.98735466569841,2025-10-01 23h22.50.092171 +0530,
-50,x,84,0,21,x,1,0.5479850000001534,None,21,0,84,0,,,,,232.6542231000003,,232.63940470000034,232.6542231000003,233.6371951000001,233.6371951000001,233.6371951000001,233.6371951000001,233.65441630000032,234.65443540000024,234.65443540000024,235.20585290000008,x,1,0.5479850000001534,None,,,,,par_5_mtr_seq,001,2025-10-01_23h22.40.371,untitled,,2025.1.1,59.98735466569841,2025-10-01 23h22.50.092171 +0530,
150,v,85,1,21,v,1,0.7641531999997824,None,21,1,85,1,,,,,235.22106330000042,,235.2063323000002,235.22106330000042,236.20390190000035,236.20390190000035,236.20390190000035,236.20390190000035,236.22162180000032,237.22111220000033,237.22111220000033,237.98822510000036,v,1,0.7641531999997824,None,,,,,par_5_mtr_seq,001,2025-10-01_23h22.40.371,untitled,,2025.1.1,59.98735466569841,2025-10-01 23h22.50.092171 +0530,
50,c,86,2,21,c,1,0.6704015000000254,None,21,2,86,2,,,,,238.00406630000043,,237.9887675,238.00406630000043,238.9874460000001,238.9874460000001,238.9874460000001,238.9874460000001,239.00535830000035,239.98820760000035,239.98820760000035,240.6718437000004,c,1,0.6704015000000254,None,,,,,par_5_mtr_seq,001,2025-10-01_23h22.40.371,untitled,,2025.1.1,59.98735466569841,2025-10-01 23h22.50.092171 +0530,
-150,z,87,3,21,z,1,0.5679432999995697,None,21,3,87,3,,,,,240.68736750000016,,240.67233020000003,240.68736750000016,241.6714019000001,241.6714019000001,241.6714019000001,241.6714019000001,241.68806230000018,242.6881583000004,242.6881583000004,243.27128240000002,z,1,0.5679432999995697,None,,,,,par_5_mtr_seq,001,2025-10-01_23h22.40.371,untitled,,2025.1.1,59.98735466569841,2025-10-01 23h22.50.092171 +0530,
-50,x,88,0,22,x,1,0.5258017000001018,None,22,0,88,0,,,,,243.2871925000004,,243.27182230000017,243.2871925000004,244.27101710000034,244.27101710000034,244.27101710000034,244.27101710000034,244.2876336000004,245.2714004000004,245.2714004000004,245.80514540000013,x,1,0.5258017000001018,None,,,,,par_5_mtr_seq,001,2025-10-01_23h22.40.371,untitled,,2025.1.1,59.98735466569841,2025-10-01 23h22.50.092171 +0530,
150,v,89,1,22,v,1,0.8804003000000193,None,22,1,89,1,,,,,245.82129200000008,,245.8057614000004,245.82129200000008,246.80550370000037,246.80550370000037,246.80550370000037,246.80550370000037,246.82112540000026,247.80531080000037,247.80531080000037,248.6888597000002,v,1,0.8804003000000193,None,,,,,par_5_mtr_seq,001,2025-10-01_23h22.40.371,untitled,,2025.1.1,59.98735466569841,2025-10-01 23h22.50.092171 +0530,
50,c,90,2,22,c,1,0.40649130000019795,None,22,2,90,2,,,,,248.7039977000004,,248.68939170000021,248.7039977000004,249.68793060000007,249.68793060000007,249.68793060000007,249.68793060000007,249.70457710000028,250.68744170000036,250.68744170000036,251.1048966000003,c,1,0.40649130000019795,None,,,,,par_5_mtr_seq,001,2025-10-01_23h22.40.371,untitled,,2025.1.1,59.98735466569841,2025-10-01 23h22.50.092171 +0530,
-150,z,91,3,22,z,1,0.6397026999998161,None,22,3,91,3,,,,,251.12123740000015,,251.1053780000002,251.12123740000015,252.1046483,252.1046483,252.1046483,252.1046483,252.12132210000027,253.10459280000032,253.10459280000032,253.75450920000003,z,1,0.6397026999998161,None,,,,,par_5_mtr_seq,001,2025-10-01_23h22.40.371,untitled,,2025.1.1,59.98735466569841,2025-10-01 23h22.50.092171 +0530,
-50,x,92,0,23,x,1,0.6071362999996381,None,23,0,92,0,,,,,253.77085320000015,,253.75510970000005,253.77085320000015,254.75513,254.75513,254.75513,254.75513,254.7716588000003,255.75476050000043,255.75476050000043,256.3717614000002,x,1,0.6071362999996381,None,,,,,par_5_mtr_seq,001,2025-10-01_23h22.40.371,untitled,,2025.1.1,59.98735466569841,2025-10-01 23h22.50.092171 +0530,
150,v,93,1,23,v,1,0.7651138000001083,None,23,1,93,1,,,,,256.3879916000001,,256.3722751,256.3879916000001,257.3712314000004,257.3712314000004,257.3712314000004,257.3712314000004,257.3875138000003,258.37177820000034,258.37177820000034,259.13947540000026,v,1,0.7651138000001083,None,,,,,par_5_mtr_seq,001,2025-10-01_23h22.40.371,untitled,,2025.1.1,59.98735466569841,2025-10-01 23h22.50.092171 +0530,
50,c,94,2,23,c,1,0.8019616000001406,None,23,2,94,2,,,,,259.15492520000043,,259.13999820000026,259.15492520000043,260.1546162000004,260.1546162000004,260.1546162000004,260.1546162000004,260.1546162000004,261.1547451000001,261.1547451000001,261.9714355000001,c,1,0.8019616000001406,None,,,,,par_5_mtr_seq,001,2025-10-01_23h22.40.371,untitled,,2025.1.1,59.98735466569841,2025-10-01 23h22.50.092171 +0530,
-150,z,95,3,23,z,1,0.2762166000002253,None,23,3,95,3,,,,,261.9880710000002,,261.97196110000004,261.9880710000002,262.9712389000001,262.9712389000001,262.9712389000001,262.9712389000001,262.98821860000044,263.9711843,263.9711843,264.25497780000023,z,1,0.2762166000002253,None,,,,,par_5_mtr_seq,001,2025-10-01_23h22.40.371,untitled,,2025.1.1,59.98735466569841,2025-10-01 23h22.50.092171 +0530,
-50,x,96,0,24,x,1,1.7773585999998431,None,24,0,96,0,,,,,264.2707161000003,,264.2554774,264.2707161000003,265.25481720000016,265.25481720000016,265.25481720000016,265.25481720000016,265.27161330000035,266.25469680000015,266.25469680000015,268.0389212,x,1,1.7773585999998431,None,,,,,par_5_mtr_seq,001,2025-10-01_23h22.40.371,untitled,,2025.1.1,59.98735466569841,2025-10-01 23h22.50.092171 +0530,
150,v,97,1,24,v,1,1.607171599999674,None,24,1,97,1,,,,,268.0544424000004,,268.03948100000025,268.0544424000004,269.05476160000035,269.05476160000035,269.05476160000035,269.05476160000035,269.05476160000035,270.0544552000001,270.0544552000001,271.6716730000003,v,1,1.607171599999674,None,,,,,par_5_mtr_seq,001,2025-10-01_23h22.40.371,untitled,,2025.1.1,59.98735466569841,2025-10-01 23h22.50.092171 +0530,
50,c,98,2,24,c,1,0.8203063000000839,None,24,2,98,2,,,,,271.6875895000003,,271.6722271000003,271.6875895000003,272.6712671,272.6712671,272.6712671,272.6712671,272.68895180000027,273.6714701000001,273.6714701000001,274.50552530000004,c,1,0.8203063000000839,None,,,,,par_5_mtr_seq,001,2025-10-01_23h22.40.371,untitled,,2025.1.1,59.98735466569841,2025-10-01 23h22.50.092171 +0530,
-150,z,99,3,24,z,1,4.656635700000152,None,24,3,99,3,,,,,274.52153560000033,,274.50606500000004,274.52153560000033,275.50449860000026,275.50449860000026,275.50449860000026,275.50449860000026,275.5214401000003,276.5046719000002,276.5046719000002,281.1717257,z,1,4.656635700000152,None,,,,,par_5_mtr_seq,001,2025-10-01_23h22.40.371,untitled,,2025.1.1,59.98735466569841,2025-10-01 23h22.50.092171 +0530,
-50,x,100,0,25,x,1,1.9134033999998792,None,25,0,100,0,,,,,281.18845100000044,,281.1722662000002,281.18845100000044,282.17143730000043,282.17143730000043,282.17143730000043,282.17143730000043,282.1880145,283.17156360000035,283.17156360000035,285.0883337,x,1,1.9134033999998792,None,,,,,par_5_mtr_seq,001,2025-10-01_23h22.40.371,untitled,,2025.1.1,59.98735466569841,2025-10-01 23h22.50.092171 +0530,
150,v,101,1,25,v,1,1.7433611999999812,None,25,1,101,1,,,,,285.10473390000016,,285.08879030000026,285.10473390000016,286.08826120000003,286.08826120000003,286.08826120000003,286.08826120000003,286.1047813,287.0888821000003,287.0888821000003,288.83879260000003,v,1,1.7433611999999812,None,,,,,par_5_mtr_seq,001,2025-10-01_23h22.40.371,untitled,,2025.1.1,59.98735466569841,2025-10-01 23h22.50.092171 +0530,
50,c,102,2,25,c,1,0.8854003999999804,None,25,2,102,2,,,,,288.8549111000002,,288.8392845000003,288.8549111000002,289.83747270000003,289.83747270000003,289.83747270000003,289.83747270000003,289.85413480000034,290.83821510000007,290.83821510000007,291.7380741000002,c,1,0.8854003999999804,None,,,,,par_5_mtr_seq,001,2025-10-01_23h22.40.371,untitled,,2025.1.1,59.98735466569841,2025-10-01 23h22.50.092171 +0530,
-150,z,103,3,25,z,1,0.621645400000034,None,25,3,103,3,,,,,291.7541231,,291.7385325,291.7541231,292.7384062000001,292.7384062000001,292.7384062000001,292.7384062000001,292.7547396,293.73731940000016,293.73731940000016,294.37232200000017,z,1,0.621645400000034,None,,,,,par_5_mtr_seq,001,2025-10-01_23h22.40.371,untitled,,2025.1.1,59.98735466569841,2025-10-01 23h22.50.092171 +0530,
-50,x,104,0,26,x,1,0.3134811999998419,None,26,0,104,0,,,,,294.3880919000003,,294.37294010000005,294.3880919000003,295.38811490000035,295.38811490000035,295.38811490000035,295.38811490000035,295.38811490000035,296.38865050000004,296.38865050000004,296.7050264000004,x,1,0.3134811999998419,None,,,,,par_5_mtr_seq,001,2025-10-01_23h22.40.371,untitled,,2025.1.1,59.98735466569841,2025-10-01 23h22.50.092171 +0530,
150,v,105,1,26,v,1,0.3476958999999624,None,26,1,105,1,,,,,296.7208577000001,,296.7055067000001,296.7208577000001,297.70457160000024,297.70457160000024,297.70457160000024,297.70457160000024,297.72084670000004,298.7044887000002,298.7044887000002,299.0555478000001,v,1,0.3476958999999624,None,,,,,par_5_mtr_seq,001,2025-10-01_23h22.40.371,untitled,,2025.1.1,59.98735466569841,2025-10-01 23h22.50.092171 +0530,
50,c,106,2,26,c,1,0.37843819999989137,None,26,2,106,2,,,,,299.0716088000004,,299.0560300000002,299.0716088000004,300.0710709,300.0710709,300.0710709,300.0710709,300.0710709,301.05514870000025,301.05514870000025,301.43923970000014,c,1,0.37843819999989137,None,,,,,par_5_mtr_seq,001,2025-10-01_23h22.40.371,untitled,,2025.1.1,59.98735466569841,2025-10-01 23h22.50.092171 +0530,
-150,z,107,3,26,z,1,0.2945521000001463,None,26,3,107,3,,,,,301.45416570000043,,301.4397200000003,301.45416570000043,302.45460030000004,302.45460030000004,302.45460030000004,302.45460030000004,302.45460030000004,303.45451070000036,303.45451070000036,303.7555401000004,z,1,0.2945521000001463,None,,,,,par_5_mtr_seq,001,2025-10-01_23h22.40.371,untitled,,2025.1.1,59.98735466569841,2025-10-01 23h22.50.092171 +0530,
-50,x,108,0,27,x,1,0.9682702999998583,None,27,0,108,0,,,,,303.77100240000027,,303.7560537000004,303.77100240000027,304.7541312000003,304.7541312000003,304.7541312000003,304.7541312000003,304.7712412000001,305.75496660000044,305.75496660000044,306.7384906000002,x,1,0.9682702999998583,None,,,,,par_5_mtr_seq,001,2025-10-01_23h22.40.371,untitled,,2025.1.1,59.98735466569841,2025-10-01 23h22.50.092171 +0530,
150,v,109,1,27,v,1,1.2006954000003134,None,27,1,109,1,,,,,306.7544643000001,,306.7390231000004,306.7544643000001,307.7383697,307.7383697,307.7383697,307.7383697,307.75440530000014,308.73835940000026,308.73835940000026,309.9552283000003,v,1,1.2006954000003134,None,,,,,par_5_mtr_seq,001,2025-10-01_23h22.40.371,untitled,,2025.1.1,59.98735466569841,2025-10-01 23h22.50.092171 +0530,
50,c,110,2,27,c,1,0.9403418999995665,None,27,2,110,2,,,,,309.9720298000002,,309.95567100000017,309.9720298000002,310.9713936000003,310.9713936000003,310.9713936000003,310.9713936000003,310.9713936000003,311.95522710000023,311.95522710000023,312.9046274000002,c,1,0.9403418999995665,None,,,,,par_5_mtr_seq,001,2025-10-01_23h22.40.371,untitled,,2025.1.1,59.98735466569841,2025-10-01 23h22.50.092171 +0530,
-150,z,111,3,27,z,1,0.41225059999987934,None,27,3,111,3,,,,,312.92107780000015,,312.90513100000044,312.92107780000015,313.9047078000003,313.9047078000003,313.9047078000003,313.9047078000003,313.92185480000035,314.9045653000003,314.9045653000003,315.32294560000037,z,1,0.41225059999987934,None,,,,,par_5_mtr_seq,001,2025-10-01_23h22.40.371,untitled,,2025.1.1,59.98735466569841,2025-10-01 23h22.50.092171 +0530,
-50,x,112,0,28,x,1,0.4687547000003178,None,28,0,112,0,,,,,315.3375073000002,,315.3235330000002,315.3375073000002,316.3385027000004,316.3385027000004,316.3385027000004,316.3385027000004,316.3385027000004,317.3376776,317.3376776,317.8221216000002,x,1,0.4687547000003178,None,,,,,par_5_mtr_seq,001,2025-10-01_23h22.40.371,untitled,,2025.1.1,59.98735466569841,2025-10-01 23h22.50.092171 +0530,
150,v,113,1,28,v,1,0.36444899999969493,None,28,1,113,1,,,,,317.8373481000003,,317.8226045000001,317.8373481000003,318.82170700000006,318.82170700000006,318.82170700000006,318.82170700000006,318.8378947000001,319.82153500000004,319.82153500000004,320.1887703000002,v,1,0.36444899999969493,None,,,,,par_5_mtr_seq,001,2025-10-01_23h22.40.371,untitled,,2025.1.1,59.98735466569841,2025-10-01 23h22.50.092171 +0530,
50,c,114,2,28,c,1,0.40165420000039376,None,28,2,114,2,,,,,320.2041482000004,,320.1892508000001,320.2041482000004,321.1882932000003,321.1882932000003,321.1882932000003,321.1882932000003,321.2054033000004,322.18893430000026,322.18893430000026,322.60523520000015,c,1,0.40165420000039376,None,,,,,par_5_mtr_seq,001,2025-10-01_23h22.40.371,untitled,,2025.1.1,59.98735466569841,2025-10-01 23h22.50.092171 +0530,
-150,z,115,3,28,z,1,0.7825315999998566,None,28,3,115,3,,,,,322.6220135000003,,322.60583030000043,322.6220135000003,323.6048096000004,323.6048096000004,323.6048096000004,323.6048096000004,323.6221892000003,324.60564360000035,324.60564360000035,325.40522530000044,z,1,0.7825315999998566,None,,,,,par_5_mtr_seq,001,2025-10-01_23h22.40.371,untitled,,2025.1.1,59.98735466569841,2025-10-01 23h22.50.092171 +0530,
-50,x,116,0,29,c,0,0.4111030999997638,None,29,0,116,0,,,,,325.4211171000002,,325.4056650000002,325.4211171000002,326.4051281000002,326.4051281000002,326.4051281000002,326.4051281000002,326.42108940000026,327.40453760000037,327.40453760000037,327.8221759000003,c,0,0.4111030999997638,None,,,,,par_5_mtr_seq,001,2025-10-01_23h22.40.371,untitled,,2025.1.1,59.98735466569841,2025-10-01 23h22.50.092171 +0530,
150,v,117,1,29,v,1,0.31006969999998546,None,29,1,117,1,,,,,327.83758690000013,,327.8226372000004,327.83758690000013,328.82171570000037,328.82171570000037,328.82171570000037,328.82171570000037,328.8387193000003,329.82210110000005,329.82210110000005,330.1396909,v,1,0.31006969999998546,None,,,,,par_5_mtr_seq,001,2025-10-01_23h22.40.371,untitled,,2025.1.1,59.98735466569841,2025-10-01 23h22.50.092171 +0530,
50,c,118,2,29,z,0,0.11200999999982741,None,29,2,118,2,,,,,330.1544021000004,,330.14029660000006,330.1544021000004,331.15480690000004,331.15480690000004,331.15480690000004,331.15480690000004,331.15480690000004,332.15519760000006,332.15519760000006,332.2727225000003,z,0,0.11200999999982741,None,,,,,par_5_mtr_seq,001,2025-10-01_23h22.40.371,untitled,,2025.1.1,59.98735466569841,2025-10-01 23h22.50.092171 +0530,
-150,z,119,3,29,z,1,0.34441530000003695,None,29,3,119,3,,,,,332.2877417000004,,332.2733734000003,332.2877417000004,333.27164200000016,333.27164200000016,333.27164200000016,333.27164200000016,333.2885156000002,334.28878920000034,334.28878920000034,334.63920020000023,z,1,0.34441530000003695,None,,,,,par_5_mtr_seq,001,2025-10-01_23h22.40.371,untitled,,2025.1.1,59.98735466569841,2025-10-01 23h22.50.092171 +0530,
-50,x,120,0,30,x,1,0.5715443000003688,None,30,0,120,0,,,,,334.65428250000014,,334.6397234000001,334.65428250000014,335.6542658000003,335.6542658000003,335.6542658000003,335.6542658000003,335.6542658000003,336.65436560000035,336.65436560000035,337.2387530000001,x,1,0.5715443000003688,None,,,,,par_5_mtr_seq,001,2025-10-01_23h22.40.371,untitled,,2025.1.1,59.98735466569841,2025-10-01 23h22.50.092171 +0530,
150,v,121,1,30,v,1,0.3661608000002161,None,30,1,121,1,,,,,337.2542983000003,,337.2393611000002,337.2542983000003,338.2549723000002,338.2549723000002,338.2549723000002,338.2549723000002,338.2549723000002,339.23843950000037,339.23843950000037,339.62176550000004,v,1,0.3661608000002161,None,,,,,par_5_mtr_seq,001,2025-10-01_23h22.40.371,untitled,,2025.1.1,59.98735466569841,2025-10-01 23h22.50.092171 +0530,
50,c,122,2,30,c,1,0.5658382999999958,None,30,2,122,2,,,,,339.6377587000002,,339.6222823000003,339.6377587000002,340.62142840000024,340.62142840000024,340.62142840000024,340.62142840000024,340.63832440000033,341.6213686000001,341.6213686000001,342.19007790000023,c,1,0.5658382999999958,None,,,,,par_5_mtr_seq,001,2025-10-01_23h22.40.371,untitled,,2025.1.1,59.98735466569841,2025-10-01 23h22.50.092171 +0530,
-150,z,123,3,30,z,1,0.5176163999999517,None,30,3,123,3,,,,,342.20463830000017,,342.19057520000024,342.20463830000017,343.2047528000003,343.2047528000003,343.2047528000003,343.2047528000003,343.2047528000003,344.20507210000005,344.20507210000005,344.7385448,z,1,0.5176163999999517,None,,,,,par_5_mtr_seq,001,2025-10-01_23h22.40.371,untitled,,2025.1.1,59.98735466569841,2025-10-01 23h22.50.092171 +0530,
-50,x,124,0,31,x,1,0.45386320000034175,None,31,0,124,0,,,,,344.7542857000003,,344.73903210000026,344.7542857000003,345.73826740000004,345.73826740000004,345.73826740000004,345.73826740000004,345.7545847000001,346.7387679000003,346.7387679000003,347.2051958000002,x,1,0.45386320000034175,None,,,,,par_5_mtr_seq,001,2025-10-01_23h22.40.371,untitled,,2025.1.1,59.98735466569841,2025-10-01 23h22.50.092171 +0530,
150,v,125,1,31,v,1,0.3983341000002838,None,31,1,125,1,,,,,347.2211908000004,,347.2056768000002,347.2211908000004,348.2043652000002,348.2043652000002,348.2043652000002,348.2043652000002,348.2227168000004,349.20539830000007,349.20539830000007,349.60528350000004,v,1,0.3983341000002838,None,,,,,par_5_mtr_seq,001,2025-10-01_23h22.40.371,untitled,,2025.1.1,59.98735466569841,2025-10-01 23h22.50.092171 +0530,
50,c,126,2,31,c,1,2.892947400000139,None,31,2,126,2,,,,,349.62122720000025,,349.60578780000014,349.62122720000025,350.60452080000005,350.60452080000005,350.60452080000005,350.60452080000005,350.6209745000001,351.60539560000007,351.60539560000007,354.5055520000001,c,1,2.892947400000139,None,,,,,par_5_mtr_seq,001,2025-10-01_23h22.40.371,untitled,,2025.1.1,59.98735466569841,2025-10-01 23h22.50.092171 +0530,
-150,z,127,3,31,z,1,0.74139839999998,None,31,3,127,3,,,,,354.5210880000004,,354.5064394000001,354.5210880000004,355.50533920000044,355.50533920000044,355.50533920000044,355.50533920000044,355.52232200000026,356.5215896000004,356.5215896000004,357.2724121000001,z,1,0.74139839999998,None,,,,,par_5_mtr_seq,001,2025-10-01_23h22.40.371,untitled,,2025.1.1,59.98735466569841,2025-10-01 23h22.50.092171 +0530,
-50,x,128,0,32,x,1,0.6737428000001273,None,32,0,128,0,,,,,357.2885086000001,,357.2728511,357.2885086000001,358.2719410000004,358.2719410000004,358.2719410000004,358.2719410000004,358.28859060000013,359.27149290000034,359.27149290000034,359.9564615000004,x,1,0.6737428000001273,None,,,,,par_5_mtr_seq,001,2025-10-01_23h22.40.371,untitled,,2025.1.1,59.98735466569841,2025-10-01 23h22.50.092171 +0530,
150,v,129,1,32,v,1,1.2028965999998036,None,32,1,129,1,,,,,359.9711698000001,,359.9569451000002,359.9711698000001,360.9720405000003,360.9720405000003,360.9720405000003,360.9720405000003,360.9720405000003,361.9711535000001,361.9711535000001,363.1887590000001,v,1,1.2028965999998036,None,,,,,par_5_mtr_seq,001,2025-10-01_23h22.40.371,untitled,,2025.1.1,59.98735466569841,2025-10-01 23h22.50.092171 +0530,
50,c,130,2,32,c,1,3.881090100000165,None,32,2,130,2,,,,,363.20483490000015,,363.18932040000027,363.20483490000015,364.18889590000026,364.18889590000026,364.18889590000026,364.18889590000026,364.2048420000001,365.1886534,365.1886534,369.07288570000037,c,1,3.881090100000165,None,,,,,par_5_mtr_seq,001,2025-10-01_23h22.40.371,untitled,,2025.1.1,59.98735466569841,2025-10-01 23h22.50.092171 +0530,
-150,z,131,3,32,z,1,1.386838599999919,None,32,3,131,3,,,,,369.0886292,,369.0733256000003,369.0886292,370.0892537000004,370.0892537000004,370.0892537000004,370.0892537000004,370.0892537000004,371.08831780000037,371.08831780000037,372.48869460000014,z,1,1.386838599999919,None,,,,,par_5_mtr_seq,001,2025-10-01_23h22.40.371,untitled,,2025.1.1,59.98735466569841,2025-10-01 23h22.50.092171 +0530,
-50,x,132,0,33,x,1,0.6634736000000885,None,33,0,132,0,,,,,372.5046745000004,,372.4893655000001,372.5046745000004,373.48798030000034,373.48798030000034,373.48798030000034,373.48798030000034,373.5049858000002,374.4890951000002,374.4890951000002,375.15551010000036,x,1,0.6634736000000885,None,,,,,par_5_mtr_seq,001,2025-10-01_23h22.40.371,untitled,,2025.1.1,59.98735466569841,2025-10-01 23h22.50.092171 +0530,
150,v,133,1,33,v,1,0.7962084999999206,None,33,1,133,1,,,,,375.17127470000014,,375.1559650000004,375.17127470000014,376.15493560000004,376.15493560000004,376.15493560000004,376.15493560000004,376.1725717000004,377.1560429000001,377.1560429000001,377.95546200000035,v,1,0.7962084999999206,None,,,,,par_5_mtr_seq,001,2025-10-01_23h22.40.371,untitled,,2025.1.1,59.98735466569841,2025-10-01 23h22.50.092171 +0530,
50,c,134,2,33,c,1,0.4080410999999913,None,33,2,134,2,,,,,377.9711255000002,,377.9559512000001,377.9711255000002,378.97264350000023,378.97264350000023,378.97264350000023,378.97264350000023,378.97264350000023,379.97181370000044,379.97181370000044,380.39006940000036,c,1,0.4080410999999913,None,,,,,par_5_mtr_seq,001,2025-10-01_23h22.40.371,untitled,,2025.1.1,59.98735466569841,2025-10-01 23h22.50.092171 +0530,
-150,z,135,3,33,z,1,0.7510504000001674,None,33,3,135,3,,,,,380.4046822,,380.3905797000002,380.4046822,381.40517910000017,381.40517910000017,381.40517910000017,381.40517910000017,381.40517910000017,382.40489260000004,382.40489260000004,383.17214010000043,z,1,0.7510504000001674,None,,,,,par_5_mtr_seq,001,2025-10-01_23h22.40.371,untitled,,2025.1.1,59.98735466569841,2025-10-01 23h22.50.092171 +0530,
-50,x,136,0,34,x,1,0.5840892000001077,None,34,0,136,0,,,,,383.18837550000035,,383.17270970000027,383.18837550000035,384.18845740000006,384.18845740000006,384.18845740000006,384.18845740000006,384.18845740000006,385.17100070000015,385.17100070000015,385.75683000000026,x,1,0.5840892000001077,None,,,,,par_5_mtr_seq,001,2025-10-01_23h22.40.371,untitled,,2025.1.1,59.98735466569841,2025-10-01 23h22.50.092171 +0530,
150,v,137,1,34,v,1,0.9563930999997865,None,34,1,137,1,,,,,385.77153020000014,,385.75734330000023,385.77153020000014,386.7715721000004,386.7715721000004,386.7715721000004,386.7715721000004,386.7715721000004,387.7721375000001,387.7721375000001,388.73882040000035,v,1,0.9563930999997865,None,,,,,par_5_mtr_seq,001,2025-10-01_23h22.40.371,untitled,,2025.1.1,59.98735466569841,2025-10-01 23h22.50.092171 +0530,
50,c,138,2,34,c,1,0.47673340000028475,None,34,2,138,2,,,,,388.7545911000002,,388.7393025000001,388.7545911000002,389.7382945000004,389.7382945000004,389.7382945000004,389.7382945000004,389.7555590000002,390.7545604000002,390.7545604000002,391.2387368000004,c,1,0.47673340000028475,None,,,,,par_5_mtr_seq,001,2025-10-01_23h22.40.371,untitled,,2025.1.1,59.98735466569841,2025-10-01 23h22.50.092171 +0530,
-150,z,139,3,34,z,1,0.725075199999992,None,34,3,139,3,,,,,391.2551453000001,,391.239274,391.2551453000001,392.2378507000003,392.2378507000003,392.2378507000003,392.2378507000003,392.25528970000005,393.2378769000002,393.2378769000002,393.9722863000002,z,1,0.725075199999992,None,,,,,par_5_mtr_seq,001,2025-10-01_23h22.40.371,untitled,,2025.1.1,59.98735466569841,2025-10-01 23h22.50.092171 +0530,
-50,x,140,0,35,x,1,0.4884910000000673,None,35,0,140,0,,,,,393.9891085000004,,393.97276450000027,393.9891085000004,394.97205780000013,394.97205780000013,394.97205780000013,394.97205780000013,394.9888880000003,395.97170430000006,395.97170430000006,396.4725768000003,x,1,0.4884910000000673,None,,,,,par_5_mtr_seq,001,2025-10-01_23h22.40.371,untitled,,2025.1.1,59.98735466569841,2025-10-01 23h22.50.092171 +0530,
150,v,141,1,35,v,1,2.7042332000000897,None,35,1,141,1,,,,,396.4878010000002,,396.4730719000004,396.4878010000002,397.4884027000003,397.4884027000003,397.4884027000003,397.4884027000003,397.4884027000003,398.4721047000003,398.4721047000003,401.18855940000003,v,1,2.7042332000000897,None,,,,,par_5_mtr_seq,001,2025-10-01_23h22.40.371,untitled,,2025.1.1,59.98735466569841,2025-10-01 23h22.50.092171 +0530,
50,c,142,2,35,c,1,0.2974936999999045,None,35,2,142,2,,,,,401.2050860000004,,401.18922010000006,401.2050860000004,402.188259,402.188259,402.188259,402.188259,402.2056474000001,403.1887112000004,403.1887112000004,403.48905190000005,c,1,0.2974936999999045,None,,,,,par_5_mtr_seq,001,2025-10-01_23h22.40.371,untitled,,2025.1.1,59.98735466569841,2025-10-01 23h22.50.092171 +0530,
-150,z,143,3,35,z,1,0.5906152999996266,None,35,3,143,3,,,,,403.5054159000001,,403.4896487000001,403.5054159000001,404.4888539000003,404.4888539000003,404.4888539000003,404.4888539000003,404.5057667000001,405.4885326000003,405.4885326000003,406.0896869000003,z,1,0.5906152999996266,None,,,,,par_5_mtr_seq,001,2025-10-01_23h22.40.371,untitled,,2025.1.1,59.98735466569841,2025-10-01 23h22.50.092171 +0530,
-50,x,144,0,36,x,1,0.9087968999997429,None,36,0,144,0,,,,,406.10479120000036,,406.0901901000002,406.10479120000036,407.10500740000043,407.10500740000043,407.10500740000043,407.10500740000043,407.10500740000043,408.1053119000003,408.1053119000003,409.0223767000002,x,1,0.9087968999997429,None,,,,,par_5_mtr_seq,001,2025-10-01_23h22.40.371,untitled,,2025.1.1,59.98735466569841,2025-10-01 23h22.50.092171 +0530,
150,v,145,1,36,v,1,0.7494331000002603,None,36,1,145,1,,,,,409.03809230000024,,409.0228594,409.03809230000024,410.0219121,410.0219121,410.0219121,410.0219121,410.0384220000001,411.0221098000002,411.0221098000002,411.77269320000005,v,1,0.7494331000002603,None,,,,,par_5_mtr_seq,001,2025-10-01_23h22.40.371,untitled,,2025.1.1,59.98735466569841,2025-10-01 23h22.50.092171 +0530,
50,c,146,2,36,c,1,1.1419143000002805,None,36,2,146,2,,,,,411.7883296,,411.77320910000026,411.7883296,412.7892929000004,412.7892929000004,412.7892929000004,412.7892929000004,412.7892929000004,413.7717869000003,413.7717869000003,414.9230007000001,c,1,1.1419143000002805,None,,,,,par_5_mtr_seq,001,2025-10-01_23h22.40.371,untitled,,2025.1.1,59.98735466569841,2025-10-01 23h22.50.092171 +0530,
-150,z,147,3,36,z,1,0.7139962999999625,None,36,3,147,3,,,,,414.9384621000004,,414.92350480000005,414.9384621000004,415.93942460000017,415.93942460000017,415.93942460000017,415.93942460000017,415.93942460000017,416.9384508000003,416.9384508000003,417.6566369000002,z,1,0.7139962999999625,None,,,,,par_5_mtr_seq,001,2025-10-01_23h22.40.371,untitled,,2025.1.1,59.98735466569841,2025-10-01 23h22.50.092171 +0530,
-50,x,148,0,37,x,1,0.6287732000000688,None,37,0,148,0,,,,,417.67159330000004,,417.65713570000025,417.67159330000004,418.67185440000003,418.67185440000003,418.67185440000003,418.67185440000003,418.67185440000003,419.6723806,419.6723806,420.3063143000004,x,1,0.6287732000000688,None,,,,,par_5_mtr_seq,001,2025-10-01_23h22.40.371,untitled,,2025.1.1,59.98735466569841,2025-10-01 23h22.50.092171 +0530,
150,v,149,1,37,v,1,0.3661802000001444,None,37,1,149,1,,,,,420.3213493000003,,420.30685470000026,420.3213493000003,421.32185610000033,421.32185610000033,421.32185610000033,421.32185610000033,421.32185610000033,422.3228048000001,422.3228048000001,422.68985090000024,v,1,0.3661802000001444,None,,,,,par_5_mtr_seq,001,2025-10-01_23h22.40.371,untitled,,2025.1.1,59.98735466569841,2025-10-01 23h22.50.092171 +0530,
50,c,150,2,37,c,1,1.1836596000002828,None,37,2,150,2,,,,,422.70467880000024,,422.6903271000001,422.70467880000024,423.70544960000007,423.70544960000007,423.70544960000007,423.70544960000007,423.70544960000007,424.7052485000004,424.7052485000004,425.8896996000003,c,1,1.1836596000002828,None,,,,,par_5_mtr_seq,001,2025-10-01_23h22.40.371,untitled,,2025.1.1,59.98735466569841,2025-10-01 23h22.50.092171 +0530,
-150,z,151,3,37,z,1,0.6646092000000863,None,37,3,151,3,,,,,425.90587470000037,,425.8901799,425.90587470000037,426.9049205000001,426.9049205000001,426.9049205000001,426.9049205000001,426.9049205000001,427.88822180000034,427.88822180000034,428.55610330000036,z,1,0.6646092000000863,None,,,,,par_5_mtr_seq,001,2025-10-01_23h22.40.371,untitled,,2025.1.1,59.98735466569841,2025-10-01 23h22.50.092171 +0530,
-50,x,152,0,38,x,1,0.24706629999991492,None,38,0,152,0,,,,,428.5715667000004,,428.5566318000001,428.5715667000004,429.5719858000002,429.5719858000002,429.5719858000002,429.5719858000002,429.5719858000002,430.5721246000003,430.5721246000003,430.8221386,x,1,0.24706629999991492,None,,,,,par_5_mtr_seq,001,2025-10-01_23h22.40.371,untitled,,2025.1.1,59.98735466569841,2025-10-01 23h22.50.092171 +0530,
150,v,153,1,38,v,1,1.0443356000000676,None,38,1,153,1,,,,,430.8386835000001,,430.8226189000002,430.8386835000001,431.8224478000002,431.8224478000002,431.8224478000002,431.8224478000002,431.8383675,432.82331280000017,432.82331280000017,433.8722101000003,v,1,1.0443356000000676,None,,,,,par_5_mtr_seq,001,2025-10-01_23h22.40.371,untitled,,2025.1.1,59.98735466569841,2025-10-01 23h22.50.092171 +0530,
50,c,154,2,38,c,1,0.9331986000001962,None,38,2,154,2,,,,,433.8882285000004,,433.87269600000036,433.8882285000004,434.87200520000033,434.87200520000033,434.87200520000033,434.87200520000033,434.8884503000004,435.8723249000004,435.8723249000004,436.8226163000004,c,1,0.9331986000001962,None,,,,,par_5_mtr_seq,001,2025-10-01_23h22.40.371,untitled,,2025.1.1,59.98735466569841,2025-10-01 23h22.50.092171 +0530,
-150,z,155,3,38,z,1,1.0190793000001577,None,38,3,155,3,,,,,436.83795480000026,,436.8230900000003,436.83795480000026,437.8221203000003,437.8221203000003,437.8221203000003,437.8221203000003,437.8386237000004,438.82157570000027,438.82157570000027,439.85569510000005,z,1,1.0190793000001577,None,,,,,par_5_mtr_seq,001,2025-10-01_23h22.40.371,untitled,,2025.1.1,59.98735466569841,2025-10-01 23h22.50.092171 +0530,
-50,x,156,0,39,x,1,1.7276231999999254,None,39,0,156,0,,,,,439.87119900000016,,439.85646080000015,439.87119900000016,440.85518100000036,440.85518100000036,440.85518100000036,440.85518100000036,440.8715659000004,441.8552384000004,441.8552384000004,443.5898307000002,x,1,1.7276231999999254,None,,,,,par_5_mtr_seq,001,2025-10-01_23h22.40.371,untitled,,2025.1.1,59.98735466569841,2025-10-01 23h22.50.092171 +0530,
150,v,157,1,39,v,1,1.3239472999998725,None,39,1,157,1,,,,,443.6046660000002,,443.59033830000044,443.6046660000002,444.58871590000035,444.58871590000035,444.58871590000035,444.58871590000035,444.60503780000045,445.5887108000002,445.5887108000002,446.9229188000004,v,1,1.3239472999998725,None,,,,,par_5_mtr_seq,001,2025-10-01_23h22.40.371,untitled,,2025.1.1,59.98735466569841,2025-10-01 23h22.50.092171 +0530,
50,c,158,2,39,c,1,1.2353468000001158,None,39,2,158,2,,,,,446.93867160000036,,446.9233983000004,446.93867160000036,447.9220325000001,447.9220325000001,447.9220325000001,447.9220325000001,447.9383312,448.9389890000002,448.9389890000002,450.1888009000004,c,1,1.2353468000001158,None,,,,,par_5_mtr_seq,001,2025-10-01_23h22.40.371,untitled,,2025.1.1,59.98735466569841,2025-10-01 23h22.50.092171 +0530,
-150,z,159,3,39,z,1,2.3461387999996077,None,39,3,159,3,,,,,450.2048513000004,,450.1893831000002,450.2048513000004,451.1887068000001,451.1887068000001,451.1887068000001,451.1887068000001,451.20474430000013,452.18925720000016,452.18925720000016,454.53877550000016,z,1,2.3461387999996077,None,,,,,par_5_mtr_seq,001,2025-10-01_23h22.40.371,untitled,,2025.1.1,59.98735466569841,2025-10-01 23h22.50.092171 +0530,
-50,x,160,0,40,x,1,1.4168955000000096,None,40,0,160,0,,,,,454.5551486000004,,454.5392178000002,454.5551486000004,455.5384881,455.5384881,455.5384881,455.5384881,455.5565348,456.53863550000005,456.53863550000005,457.9721384000004,x,1,1.4168955000000096,None,,,,,par_5_mtr_seq,001,2025-10-01_23h22.40.371,untitled,,2025.1.1,59.98735466569841,2025-10-01 23h22.50.092171 +0530,
150,v,161,1,40,v,1,1.4534817999997358,None,40,1,161,1,,,,,457.9887441000001,,457.9726114,457.9887441000001,458.9720225000001,458.9720225000001,458.9720225000001,458.9720225000001,458.9896097000001,459.97252670000034,459.97252670000034,461.4368542000002,v,1,1.4534817999997358,None,,,,,par_5_mtr_seq,001,2025-10-01_23h22.40.371,untitled,,2025.1.1,59.98735466569841,2025-10-01 23h22.50.092171 +0530,
50,c,162,2,40,c,1,0.8822949000000335,None,40,2,162,2,,,,,461.45301740000014,,461.4373803000003,461.45301740000014,462.43815870000026,462.43815870000026,462.43815870000026,462.43815870000026,462.4548423000001,463.4389398000003,463.4389398000003,464.3226960000002,c,1,0.8822949000000335,None,,,,,par_5_mtr_seq,001,2025-10-01_23h22.40.371,untitled,,2025.1.1,59.98735466569841,2025-10-01 23h22.50.092171 +0530,
-150,z,163,3,40,z,1,0.3308385999998791,None,40,3,163,3,,,,,464.3387107000003,,464.32317710000007,464.3387107000003,465.32196890000023,465.32196890000023,465.32196890000023,465.32196890000023,465.3386615000004,466.32228120000036,466.32228120000036,466.6561542000004,z,1,0.3308385999998791,None,,,,,par_5_mtr_seq,001,2025-10-01_23h22.40.371,untitled,,2025.1.1,59.98735466569841,2025-10-01 23h22.50.092171 +0530,
-50,x,164,0,41,x,1,0.5352422000000843,None,41,0,164,0,,,,,466.6719056000002,,466.6568269000004,466.6719056000002,467.6561856000003,467.6561856000003,467.6561856000003,467.6561856000003,467.6718154,468.6564248000004,468.6564248000004,469.20558100000017,x,1,0.5352422000000843,None,,,,,par_5_mtr_seq,001,2025-10-01_23h22.40.371,untitled,,2025.1.1,59.98735466569841,2025-10-01 23h22.50.092171 +0530,
150,v,165,1,41,v,1,0.4640183999999863,None,41,1,165,1,,,,,469.2222074000001,,469.2060617000002,469.2222074000001,470.20478890000004,470.20478890000004,470.20478890000004,470.20478890000004,470.2219766000003,471.2058056000001,471.2058056000001,471.6728982000004,v,1,0.4640183999999863,None,,,,,par_5_mtr_seq,001,2025-10-01_23h22.40.371,untitled,,2025.1.1,59.98735466569841,2025-10-01 23h22.50.092171 +0530,
50,c,166,2,41,c,1,0.40286180000020977,None,41,2,166,2,,,,,471.68831980000004,,471.6733889000002,471.68831980000004,472.67194900000004,472.67194900000004,472.67194900000004,472.67194900000004,472.6883178000003,473.67214120000017,473.67214120000017,474.0895594000003,c,1,0.40286180000020977,None,,,,,par_5_mtr_seq,001,2025-10-01_23h22.40.371,untitled,,2025.1.1,59.98735466569841,2025-10-01 23h22.50.092171 +0530,
-150,z,167,3,41,z,1,0.6233931000001576,None,41,3,167,3,,,,,474.1046915000002,,474.09006350000027,474.1046915000002,475.08890930000007,475.08890930000007,475.08890930000007,475.08890930000007,475.10727620000034,476.08962610000026,476.08962610000026,476.72274350000043,z,1,0.6233931000001576,None,,,,,par_5_mtr_seq,001,2025-10-01_23h22.40.371,untitled,,2025.1.1,59.98735466569841,2025-10-01 23h22.50.092171 +0530,
-50,x,168,0,42,x,1,0.5253367000000253,None,42,0,168,0,,,,,476.73819890000004,,476.72322440000016,476.73819890000004,477.72159750000037,477.72159750000037,477.72159750000037,477.72159750000037,477.7396993000002,478.72212750000017,478.72212750000017,479.2562339000001,x,1,0.5253367000000253,None,,,,,par_5_mtr_seq,001,2025-10-01_23h22.40.371,untitled,,2025.1.1,59.98735466569841,2025-10-01 23h22.50.092171 +0530,
150,v,169,1,42,v,1,0.36389139999982945,None,42,1,169,1,,,,,479.2716965000004,,479.25673350000034,479.2716965000004,480.2559173000004,480.2559173000004,480.2559173000004,480.2559173000004,480.2722039,481.25627190000023,481.25627190000023,481.62296190000006,v,1,0.36389139999982945,None,,,,,par_5_mtr_seq,001,2025-10-01_23h22.40.371,untitled,,2025.1.1,59.98735466569841,2025-10-01 23h22.50.092171 +0530,
50,c,170,2,42,c,1,1.133006199999727,None,42,2,170,2,,,,,481.63858600000003,,481.62344250000024,481.63858600000003,482.62179830000014,482.62179830000014,482.62179830000014,482.62179830000014,482.63834190000034,483.6222057,483.6222057,484.7563126,c,1,1.133006199999727,None,,,,,par_5_mtr_seq,001,2025-10-01_23h22.40.371,untitled,,2025.1.1,59.98735466569841,2025-10-01 23h22.50.092171 +0530,
-150,z,171,3,42,z,1,0.7275732999996762,None,42,3,171,3,,,,,484.7714476000001,,484.7567932000002,484.7714476000001,485.77211050000005,485.77211050000005,485.77211050000005,485.77211050000005,485.77211050000005,486.7557026000004,486.7557026000004,487.4895008000003,z,1,0.7275732999996762,None,,,,,par_5_mtr_seq,001,2025-10-01_23h22.40.371,untitled,,2025.1.1,59.98735466569841,2025-10-01 23h22.50.092171 +0530,
-50,x,172,0,43,x,1,0.3528886999997667,None,43,0,172,0,,,,,487.50539200000003,,487.48994150000044,487.50539200000003,488.48957710000013,488.48957710000013,488.48957710000013,488.48957710000013,488.5059897000001,489.48852750000015,489.48852750000015,489.8561485,x,1,0.3528886999997667,None,,,,,par_5_mtr_seq,001,2025-10-01_23h22.40.371,untitled,,2025.1.1,59.98735466569841,2025-10-01 23h22.50.092171 +0530,
150,v,173,1,43,v,1,0.7810617000000093,None,43,1,173,1,,,,,489.87208640000017,,489.8567573,489.87208640000017,490.85625690000006,490.85625690000006,490.85625690000006,490.85625690000006,490.8721714000003,491.85489180000013,491.85489180000013,492.6391574000004,v,1,0.7810617000000093,None,,,,,par_5_mtr_seq,001,2025-10-01_23h22.40.371,untitled,,2025.1.1,59.98735466569841,2025-10-01 23h22.50.092171 +0530,
50,c,174,2,43,c,1,0.7555198000000019,None,43,2,174,2,,,,,492.6550494000003,,492.6396686000003,492.6550494000003,493.63917830000037,493.63917830000037,493.63917830000037,493.63917830000037,493.6562267000004,494.63960350000025,494.63960350000025,495.4057283000002,c,1,0.7555198000000019,None,,,,,par_5_mtr_seq,001,2025-10-01_23h22.40.371,untitled,,2025.1.1,59.98735466569841,2025-10-01 23h22.50.092171 +0530,
-150,z,175,3,43,z,1,0.8175590000000739,None,43,3,175,3,,,,,495.42155600000024,,495.4062707000003,495.42155600000024,496.40496950000033,496.40496950000033,496.40496950000033,496.40496950000033,496.4221772000001,497.4052858,497.4052858,498.23913120000043,z,1,0.8175590000000739,None,,,,,par_5_mtr_seq,001,2025-10-01_23h22.40.371,untitled,,2025.1.1,59.98735466569841,2025-10-01 23h22.50.092171 +0530,
-50,x,176,0,44,x,1,0.5261627999998382,None,44,0,176,0,,,,,498.2554704000004,,498.2396861000002,498.2554704000004,499.2397387000001,499.2397387000001,499.2397387000001,499.2397387000001,499.2554716000004,500.2387569000002,500.2387569000002,500.7738446000003,x,1,0.5261627999998382,None,,,,,par_5_mtr_seq,001,2025-10-01_23h22.40.371,untitled,,2025.1.1,59.98735466569841,2025-10-01 23h22.50.092171 +0530,
150,v,177,1,44,v,1,1.0910420999998678,None,44,1,177,1,,,,,500.78876470000023,,500.7743244000003,500.78876470000023,501.7884659000001,501.7884659000001,501.7884659000001,501.7884659000001,501.7884659000001,502.78880670000035,502.78880670000035,503.88947190000044,v,1,1.0910420999998678,None,,,,,par_5_mtr_seq,001,2025-10-01_23h22.40.371,untitled,,2025.1.1,59.98735466569841,2025-10-01 23h22.50.092171 +0530,
50,c,178,2,44,c,1,0.4657220999997662,None,44,2,178,2,,,,,503.90481370000043,,503.8900047000002,503.90481370000043,504.88847950000036,504.88847950000036,504.88847950000036,504.88847950000036,504.90573040000027,505.90613200000007,505.90613200000007,506.3735176,c,1,0.4657220999997662,None,,,,,par_5_mtr_seq,001,2025-10-01_23h22.40.371,untitled,,2025.1.1,59.98735466569841,2025-10-01 23h22.50.092171 +0530,
-150,z,179,3,44,z,1,1.1401122000002033,None,44,3,179,3,,,,,506.38857160000043,,506.3741401000002,506.38857160000043,507.3897949000002,507.3897949000002,507.3897949000002,507.3897949000002,507.3897949000002,508.3896522,508.3896522,509.5399459,z,1,1.1401122000002033,None,,,,,par_5_mtr_seq,001,2025-10-01_23h22.40.371,untitled,,2025.1.1,59.98735466569841,2025-10-01 23h22.50.092171 +0530,
-50,x,180,0,45,x,1,0.4309790000002067,None,45,0,180,0,,,,,509.5551472000002,,509.54051070000014,509.5551472000002,510.55517910000026,510.55517910000026,510.55517910000026,510.55517910000026,510.55517910000026,511.5383963000004,511.5383963000004,511.9722353000002,x,1,0.4309790000002067,None,,,,,par_5_mtr_seq,001,2025-10-01_23h22.40.371,untitled,,2025.1.1,59.98735466569841,2025-10-01 23h22.50.092171 +0530,
150,v,181,1,45,v,1,0.8086681999998291,None,45,1,181,1,,,,,511.9891557000001,,511.97277490000033,511.9891557000001,512.9726717000003,512.9726717000003,512.9726717000003,512.9726717000003,512.9894390000004,513.9716419000001,513.9716419000001,514.7892023000004,v,1,0.8086681999998291,None,,,,,par_5_mtr_seq,001,2025-10-01_23h22.40.371,untitled,,2025.1.1,59.98735466569841,2025-10-01 23h22.50.092171 +0530,
50,c,182,2,45,c,1,0.5484695999998621,None,45,2,182,2,,,,,514.8049562000001,,514.7898170000003,514.8049562000001,515.8054643,515.8054643,515.8054643,515.8054643,515.8054643,516.7883187000002,516.7883187000002,517.3397098,c,1,0.5484695999998621,None,,,,,par_5_mtr_seq,001,2025-10-01_23h22.40.371,untitled,,2025.1.1,59.98735466569841,2025-10-01 23h22.50.092171 +0530,
-150,z,183,3,45,z,1,0.5475115000003825,None,45,3,183,3,,,,,517.3552704000003,,517.3401884000004,517.3552704000003,518.3397294000001,518.3397294000001,518.3397294000001,518.3397294000001,518.3561373000002,519.3393178000001,519.3393178000001,519.8895125000004,z,1,0.5475115000003825,None,,,,,par_5_mtr_seq,001,2025-10-01_23h22.40.371,untitled,,2025.1.1,59.98735466569841,2025-10-01 23h22.50.092171 +0530,
-50,x,184,0,46,x,1,0.5285286000002998,None,46,0,184,0,,,,,519.9051006000004,,519.8900400000002,519.9051006000004,520.8883513000001,520.8883513000001,520.8883513000001,520.8883513000001,520.9056956000004,521.8887466000001,521.8887466000001,522.4229202000001,x,1,0.5285286000002998,None,,,,,par_5_mtr_seq,001,2025-10-01_23h22.40.371,untitled,,2025.1.1,59.98735466569841,2025-10-01 23h22.50.092171 +0530,
150,v,185,1,46,v,1,2.1175287000000935,None,46,1,185,1,,,,,522.4384104000001,,522.4235308000002,522.4384104000001,523.4225611000002,523.4225611000002,523.4225611000002,523.4225611000002,523.4385100000004,524.4223547000001,524.4223547000001,526.5564477000003,v,1,2.1175287000000935,None,,,,,par_5_mtr_seq,001,2025-10-01_23h22.40.371,untitled,,2025.1.1,59.98735466569841,2025-10-01 23h22.50.092171 +0530,
50,c,186,2,46,c,1,0.28002980000019306,None,46,2,186,2,,,,,526.5716541000002,,526.5569010000004,526.5716541000002,527.5558136000004,527.5558136000004,527.5558136000004,527.5558136000004,527.5730742000001,528.5717291000001,528.5717291000001,528.8561131000001,c,1,0.28002980000019306,None,,,,,par_5_mtr_seq,001,2025-10-01_23h22.40.371,untitled,,2025.1.1,59.98735466569841,2025-10-01 23h22.50.092171 +0530,
-150,z,187,3,46,z,1,0.8341077999998561,None,46,3,187,3,,,,,528.8720880000001,,528.8567272,528.8720880000001,529.8550712000001,529.8550712000001,529.8550712000001,529.8550712000001,529.8720071000002,530.8721498000004,530.8721498000004,531.7225922000002,z,1,0.8341077999998561,None,,,,,par_5_mtr_seq,001,2025-10-01_23h22.40.371,untitled,,2025.1.1,59.98735466569841,2025-10-01 23h22.50.092171 +0530,
-50,x,188,0,47,x,1,0.44462419999990743,None,47,0,188,0,,,,,531.7384504000001,,531.7232279000004,531.7384504000001,532.7217783000001,532.7217783000001,532.7217783000001,532.7217783000001,532.7391200000002,533.7217079000002,533.7217079000002,534.1734747,x,1,0.44462419999990743,None,,,,,par_5_mtr_seq,001,2025-10-01_23h22.40.371,untitled,,2025.1.1,59.98735466569841,2025-10-01 23h22.50.092171 +0530,
150,v,189,1,47,v,1,1.1814303999999538,None,47,1,189,1,,,,,534.1885580000003,,534.1740510000004,534.1885580000003,535.1728384000003,535.1728384000003,535.1728384000003,535.1728384000003,535.1888206000003,536.1724670000003,536.1724670000003,537.3569509000004,v,1,1.1814303999999538,None,,,,,par_5_mtr_seq,001,2025-10-01_23h22.40.371,untitled,,2025.1.1,59.98735466569841,2025-10-01 23h22.50.092171 +0530,
50,c,190,2,47,b,0,0.3376872999997431,None,47,2,190,2,,,,,537.3719827000004,,537.3574313000004,537.3719827000004,538.3555836,538.3555836,538.3555836,538.3555836,538.372296,539.3747749000004,539.3747749000004,539.7223454,b,0,0.3376872999997431,None,,,,,par_5_mtr_seq,001,2025-10-01_23h22.40.371,untitled,,2025.1.1,59.98735466569841,2025-10-01 23h22.50.092171 +0530,
-150,z,191,3,47,z,1,0.7751005999998597,None,47,3,191,3,,,,,539.7383791000002,,539.7228765000004,539.7383791000002,540.7222654000002,540.7222654000002,540.7222654000002,540.7222654000002,540.7394049000004,541.7229139000001,541.7229139000001,542.5066249000001,z,1,0.7751005999998597,None,,,,,par_5_mtr_seq,001,2025-10-01_23h22.40.371,untitled,,2025.1.1,59.98735466569841,2025-10-01 23h22.50.092171 +0530,
-50,x,192,0,48,x,1,0.47863269999970726,None,48,0,192,0,,,,,542.5224134,,542.5071112,542.5224134,543.5221856000003,543.5221856000003,543.5221856000003,543.5221856000003,543.5221856000003,544.5062565000003,544.5062565000003,544.9900210000001,x,1,0.47863269999970726,None,,,,,par_5_mtr_seq,001,2025-10-01_23h22.40.371,untitled,,2025.1.1,59.98735466569841,2025-10-01 23h22.50.092171 +0530,
150,v,193,1,48,v,1,1.020061799999894,None,48,1,193,1,,,,,545.0052403000004,,544.9904932000004,545.0052403000004,545.9890436000001,545.9890436000001,545.9890436000001,545.9890436000001,546.0057541000001,547.0055820000002,547.0055820000002,548.0390827000001,v,1,1.020061799999894,None,,,,,par_5_mtr_seq,001,2025-10-01_23h22.40.371,untitled,,2025.1.1,59.98735466569841,2025-10-01 23h22.50.092171 +0530,
50,c,194,2,48,c,1,0.4591661999997996,None,48,2,194,2,,,,,548.0552629000003,,548.0396432000002,548.0552629000003,549.0390191000001,549.0390191000001,549.0390191000001,549.0390191000001,549.0557232000001,550.0392069000004,550.0392069000004,550.5060422000001,c,1,0.4591661999997996,None,,,,,par_5_mtr_seq,001,2025-10-01_23h22.40.371,untitled,,2025.1.1,59.98735466569841,2025-10-01 23h22.50.092171 +0530,
-150,z,195,3,48,z,1,1.2052257000000282,None,48,3,195,3,,,,,550.5217732000001,,550.5065243000004,550.5217732000001,551.5218237000004,551.5218237000004,551.5218237000004,551.5218237000004,551.5218237000004,552.5051235000001,552.5051235000001,553.7231663000002,z,1,1.2052257000000282,None,,,,,par_5_mtr_seq,001,2025-10-01_23h22.40.371,untitled,,2025.1.1,59.98735466569841,2025-10-01 23h22.50.092171 +0530,
-50,x,196,0,49,x,1,0.328843699999652,None,49,0,196,0,,,,,553.7385117000003,,553.7236599000003,553.7385117000003,554.7223319000004,554.7223319000004,554.7223319000004,554.7223319000004,554.7392781000003,555.7386700000002,555.7386700000002,556.0728703000004,x,1,0.328843699999652,None,,,,,par_5_mtr_seq,001,2025-10-01_23h22.40.371,untitled,,2025.1.1,59.98735466569841,2025-10-01 23h22.50.092171 +0530,
150,v,197,1,49,c,0,0.778546400000323,None,49,1,197,1,,,,,556.0891515000003,,556.0733942000002,556.0891515000003,557.0875376000004,557.0875376000004,557.0875376000004,557.0875376000004,557.1039275000003,558.0724613000002,558.0724613000002,558.8539391000004,c,0,0.778546400000323,None,,,,,par_5_mtr_seq,001,2025-10-01_23h22.40.371,untitled,,2025.1.1,59.98735466569841,2025-10-01 23h22.50.092171 +0530,
50,c,198,2,49,x,0,0.4971255000000383,None,49,2,198,2,,,,,558.8700576000001,,558.8543185000003,558.8700576000001,559.855857,559.855857,559.855857,559.855857,559.8731855000001,560.8558796000002,560.8558796000002,561.3563459000002,x,0,0.4971255000000383,None,,,,,par_5_mtr_seq,001,2025-10-01_23h22.40.371,untitled,,2025.1.1,59.98735466569841,2025-10-01 23h22.50.092171 +0530,
-150,z,199,3,49,z,1,1.1555981000001339,None,49,3,199,3,,,,,561.3717372000001,,561.3570277000003,561.3717372000001,562.3720503000004,562.3720503000004,562.3720503000004,562.3720503000004,562.3720503000004,563.3554097000001,563.3554097000001,564.5226550000002,z,1,1.1555981000001339,None,,,,,par_5_mtr_seq,001,2025-10-01_23h22.40.371,untitled,,2025.1.1,59.98735466569841,2025-10-01 23h22.50.092171 +0530,
-150,z,0,0,0,z,1,0.5778847000001406,None,,,,,0,0,0,3,564.5393827000003,,564.5306668000003,564.5393827000003,565.5226995000003,565.5226995000003,565.5226995000003,565.5226995000003,565.5385553000001,566.5233068000002,566.5233068000002,567.1061920000002,,,,,z,1,0.5778847000001406,None,par_5_mtr_seq,001,2025-10-01_23h22.40.371,untitled,,2025.1.1,59.98735466569841,2025-10-01 23h22.50.092171 +0530,
-50,x,1,1,0,x,1,0.40182000000004336,None,,,,,0,1,1,0,567.1218652000002,,567.1066809000004,567.1218652000002,568.1054425000002,568.1054425000002,568.1054425000002,568.1054425000002,568.1222146,569.1054017000001,569.1054017000001,569.5236226000002,,,,,x,1,0.40182000000004336,None,par_5_mtr_seq,001,2025-10-01_23h22.40.371,untitled,,2025.1.1,59.98735466569841,2025-10-01 23h22.50.092171 +0530,
50,c,2,2,0,c,1,1.1714245000002848,None,,,,,0,2,2,2,569.5386474000002,,569.5241065,569.5386474000002,570.5224082000004,570.5224082000004,570.5224082000004,570.5224082000004,570.5394625000004,571.5395372000003,571.5395372000003,572.7228782000002,,,,,c,1,1.1714245000002848,None,par_5_mtr_seq,001,2025-10-01_23h22.40.371,untitled,,2025.1.1,59.98735466569841,2025-10-01 23h22.50.092171 +0530,
150,v,3,3,0,v,1,0.857449699999961,None,,,,,0,3,3,1,572.7394875,,572.7236172000003,572.7394875,573.7226657000001,573.7226657000001,573.7226657000001,573.7226657000001,573.7396881000004,574.7222355000004,574.7222355000004,575.5896567000004,,,,,v,1,0.857449699999961,None,par_5_mtr_seq,001,2025-10-01_23h22.40.371,untitled,,2025.1.1,59.98735466569841,2025-10-01 23h22.50.092171 +0530,
-50,x,4,0,1,x,1,0.5323056000001998,None,,,,,1,0,4,0,575.6056798000004,,575.5902248000002,575.6056798000004,576.5889769,576.5889769,576.5889769,576.5889769,576.6056805000003,577.5891327000004,577.5891327000004,578.1233489000001,,,,,x,1,0.5323056000001998,None,par_5_mtr_seq,001,2025-10-01_23h22.40.371,untitled,,2025.1.1,59.98735466569841,2025-10-01 23h22.50.092171 +0530,
50,c,5,1,1,c,1,0.7479081999999835,None,,,,,1,1,5,2,578.1393505000001,,578.1238351000002,578.1393505000001,579.1221959000004,579.1221959000004,579.1221959000004,579.1221959000004,579.1390605000001,580.1392546000002,580.1392546000002,580.8894757000003,,,,,c,1,0.7479081999999835,None,par_5_mtr_seq,001,2025-10-01_23h22.40.371,untitled,,2025.1.1,59.98735466569841,2025-10-01 23h22.50.092171 +0530,
-150,z,6,2,1,z,1,0.6018135999997867,None,,,,,1,2,6,3,580.9052519000002,,580.8898598000001,580.9052519000002,581.8885575000004,581.8885575000004,581.8885575000004,581.8885575000004,581.9061482000002,582.8889997000001,582.8889997000001,583.5061206,,,,,z,1,0.6018135999997867,None,par_5_mtr_seq,001,2025-10-01_23h22.40.371,untitled,,2025.1.1,59.98735466569841,2025-10-01 23h22.50.092171 +0530,
150,v,7,3,1,v,1,1.1197601000003488,None,,,,,1,3,7,1,583.5230827,,583.5066295000001,583.5230827,584.505247,584.505247,584.505247,584.505247,584.5393745000001,585.5062863000003,585.5062863000003,586.6392745000003,,,,,v,1,1.1197601000003488,None,par_5_mtr_seq,001,2025-10-01_23h22.40.371,untitled,,2025.1.1,59.98735466569841,2025-10-01 23h22.50.092171 +0530,
-150,z,8,0,2,z,1,0.7726300999997875,None,,,,,2,0,8,3,586.6555298000003,,586.6397792000002,586.6555298000003,587.6386793000001,587.6386793000001,587.6386793000001,587.6386793000001,587.6555326000002,588.6395405000003,588.6395405000003,589.4227972000003,,,,,z,1,0.7726300999997875,None,par_5_mtr_seq,001,2025-10-01_23h22.40.371,untitled,,2025.1.1,59.98735466569841,2025-10-01 23h22.50.092171 +0530,
-50,x,9,1,2,x,1,0.9317197000000306,None,,,,,2,1,9,0,589.4386669,,589.4233285,589.4386669,590.4220801000001,590.4220801000001,590.4220801000001,590.4220801000001,590.4393769000003,591.4227305000004,591.4227305000004,592.3567946000003,,,,,x,1,0.9317197000000306,None,par_5_mtr_seq,001,2025-10-01_23h22.40.371,untitled,,2025.1.1,59.98735466569841,2025-10-01 23h22.50.092171 +0530,
50,c,10,2,2,c,1,0.5366112000001522,None,,,,,2,2,10,2,592.3723149000002,,592.3573118000004,592.3723149000002,593.3563543,593.3563543,593.3563543,593.3563543,593.3729526000002,594.3554510000004,594.3554510000004,594.9066003000003,,,,,c,1,0.5366112000001522,None,par_5_mtr_seq,001,2025-10-01_23h22.40.371,untitled,,2025.1.1,59.98735466569841,2025-10-01 23h22.50.092171 +0530,
150,v,11,3,2,v,1,0.8500471000002108,None,,,,,2,3,11,1,594.9238683000003,,594.9071704000003,594.9238683000003,595.9068325000003,595.9068325000003,595.9068325000003,595.9068325000003,595.9226213000002,596.905796,596.905796,597.7566671000004,,,,,v,1,0.8500471000002108,None,par_5_mtr_seq,001,2025-10-01_23h22.40.371,untitled,,2025.1.1,59.98735466569841,2025-10-01 23h22.50.092171 +0530,
50,c,12,0,3,c,1,0.5106623000001491,None,,,,,3,0,12,2,597.7719251000003,,597.7571551000001,597.7719251000003,598.7558401000001,598.7558401000001,598.7558401000001,598.7558401000001,598.7725261,599.7725421,599.7725421,600.2902113,,,,,c,1,0.5106623000001491,None,par_5_mtr_seq,001,2025-10-01_23h22.40.371,untitled,,2025.1.1,59.98735466569841,2025-10-01 23h22.50.092171 +0530,
150,v,13,1,3,v,1,0.6462791000003563,None,,,,,3,1,13,1,600.3062657,,600.2907688,600.3062657,601.3059783000003,601.3059783000003,601.3059783000003,601.3059783000003,601.3059783000003,602.2889741000004,602.2889741000004,602.9397907000002,,,,,v,1,0.6462791000003563,None,par_5_mtr_seq,001,2025-10-01_23h22.40.371,untitled,,2025.1.1,59.98735466569841,2025-10-01 23h22.50.092171 +0530,
-50,x,14,2,3,x,1,0.5947809999997844,None,,,,,3,2,14,0,602.9554327000001,,602.9402921000001,602.9554327000001,603.9562634000004,603.9562634000004,603.9562634000004,603.9562634000004,603.9562634000004,604.9395412000003,604.9395412000003,605.5402313000004,,,,,x,1,0.5947809999997844,None,par_5_mtr_seq,001,2025-10-01_23h22.40.371,untitled,,2025.1.1,59.98735466569841,2025-10-01 23h22.50.092171 +0530,
-150,z,15,3,3,z,1,0.930701400000089,None,,,,,3,3,15,3,605.5564015000004,,605.5407758000001,605.5564015000004,606.5404056000002,606.5404056000002,606.5404056000002,606.5404056000002,606.5562147,607.5391938000002,607.5391938000002,608.4731792000002,,,,,z,1,0.930701400000089,None,par_5_mtr_seq,001,2025-10-01_23h22.40.371,untitled,,2025.1.1,59.98735466569841,2025-10-01 23h22.50.092171 +0530,
-150,z,16,0,4,z,1,0.48615849999987404,None,,,,,4,0,16,3,608.4886502000004,,608.4738014000004,608.4886502000004,609.4731303000003,609.4731303000003,609.4731303000003,609.4731303000003,609.4894247000002,610.4720382,610.4720382,610.9728312000002,,,,,z,1,0.48615849999987404,None,par_5_mtr_seq,001,2025-10-01_23h22.40.371,untitled,,2025.1.1,59.98735466569841,2025-10-01 23h22.50.092171 +0530,
-50,x,17,1,4,x,1,0.8907808999997542,None,,,,,4,1,17,0,610.9895674000004,,610.9733215000001,610.9895674000004,611.9729746000003,611.9729746000003,611.9729746000003,611.9729746000003,611.9898666000004,612.9727759000002,612.9727759000002,613.8727713000003,,,,,x,1,0.8907808999997542,None,par_5_mtr_seq,001,2025-10-01_23h22.40.371,untitled,,2025.1.1,59.98735466569841,2025-10-01 23h22.50.092171 +0530,
150,v,18,2,4,v,1,1.2579396000000997,None,,,,,4,2,18,1,613.8888918000002,,613.8735775,613.8888918000002,614.8731468000001,614.8731468000001,614.8731468000001,614.8731468000001,614.8891965000003,615.8726114000001,615.8726114000001,617.1396518000001,,,,,v,1,1.2579396000000997,None,par_5_mtr_seq,001,2025-10-01_23h22.40.371,untitled,,2025.1.1,59.98735466569841,2025-10-01 23h22.50.092171 +0530,
50,c,19,3,4,c,1,1.2025698000002194,None,,,,,4,3,19,2,617.1558071000004,,617.1401616000003,617.1558071000004,618.1393291000004,618.1393291000004,618.1393291000004,618.1393291000004,618.1553974000003,619.1392899000002,619.1392899000002,620.3568191000004,,,,,c,1,1.2025698000002194,None,par_5_mtr_seq,001,2025-10-01_23h22.40.371,untitled,,2025.1.1,59.98735466569841,2025-10-01 23h22.50.092171 +0530,
-50,x,20,0,5,x,1,0.49753899999996065,None,,,,,5,0,20,0,620.3721139000004,,620.3573810000003,620.3721139000004,621.3722553000002,621.3722553000002,621.3722553000002,621.3722553000002,621.3722553000002,622.3731129000003,622.3731129000003,622.8735114000001,,,,,x,1,0.49753899999996065,None,par_5_mtr_seq,001,2025-10-01_23h22.40.371,untitled,,2025.1.1,59.98735466569841,2025-10-01 23h22.50.092171 +0530,
-150,z,21,1,5,z,1,0.5064162999997279,None,,,,,5,1,21,3,622.8890041000004,,622.8740581000002,622.8890041000004,623.8891273000004,623.8891273000004,623.8891273000004,623.8891273000004,623.8891273000004,624.8723110000001,624.8723110000001,625.3897017000004,,,,,z,1,0.5064162999997279,None,par_5_mtr_seq,001,2025-10-01_23h22.40.371,untitled,,2025.1.1,59.98735466569841,2025-10-01 23h22.50.092171 +0530,
150,v,22,2,5,v,1,1.4539953999997124,None,,,,,5,2,22,1,625.4055839000002,,625.3901868000003,625.4055839000002,626.3892562000001,626.3892562000001,626.3892562000001,626.3892562000001,626.4061681000003,627.3897256,627.3897256,628.8563232000001,,,,,v,1,1.4539953999997124,None,par_5_mtr_seq,001,2025-10-01_23h22.40.371,untitled,,2025.1.1,59.98735466569841,2025-10-01 23h22.50.092171 +0530,
50,c,23,3,5,c,1,0.657896200000323,None,,,,,5,3,23,2,628.8720211000004,,628.8568439000001,628.8720211000004,629.8568468000003,629.8568468000003,629.8568468000003,629.8568468000003,629.8724285000003,630.8556529000002,630.8556529000002,631.523588,,,,,c,1,0.657896200000323,None,par_5_mtr_seq,001,2025-10-01_23h22.40.371,untitled,,2025.1.1,59.98735466569841,2025-10-01 23h22.50.092171 +0530,
150,v,24,0,6,x,0,0.9676798000000417,None,,,,,6,0,24,1,631.5386335000003,,631.5241674000004,631.5386335000003,632.5228833000001,632.5228833000001,632.5228833000001,632.5228833000001,632.5393115000002,633.5389816000002,633.5389816000002,634.5233299000001,,,,,x,0,0.9676798000000417,None,par_5_mtr_seq,001,2025-10-01_23h22.40.371,untitled,,2025.1.1,59.98735466569841,2025-10-01 23h22.50.092171 +0530,
-150,z,25,1,6,z,1,0.390640699999949,None,,,,,6,1,25,3,634.5395541000003,,634.5243103000003,634.5395541000003,635.5397189,635.5397189,635.5397189,635.5397189,635.5397189,636.5240096000002,636.5240096000002,636.9240043000004,,,,,z,1,0.390640699999949,None,par_5_mtr_seq,001,2025-10-01_23h22.40.371,untitled,,2025.1.1,59.98735466569841,2025-10-01 23h22.50.092171 +0530,
50,c,26,2,6,c,1,1.7624034999998912,None,,,,,6,2,26,2,636.9388943000004,,636.9244972000001,636.9388943000004,637.9398458000001,637.9398458000001,637.9398458000001,637.9398458000001,637.9398458000001,638.9392248000004,638.9392248000004,640.7076943000002,,,,,c,1,1.7624034999998912,None,par_5_mtr_seq,001,2025-10-01_23h22.40.371,untitled,,2025.1.1,59.98735466569841,2025-10-01 23h22.50.092171 +0530,
-50,x,27,3,6,x,1,1.0329047000000173,None,,,,,6,3,27,0,640.7223543,,640.7081979000004,640.7223543,641.7078792000002,641.7078792000002,641.7078792000002,641.7078792000002,641.7238001000001,642.7223676000003,642.7223676000003,643.7573880000004,,,,,x,1,1.0329047000000173,None,par_5_mtr_seq,001,2025-10-01_23h22.40.371,untitled,,2025.1.1,59.98735466569841,2025-10-01 23h22.50.092171 +0530,
-50,x,28,0,7,x,1,0.6338897000000543,None,,,,,7,0,28,0,643.7730037000001,,643.7579524000002,643.7730037000001,644.7721773000003,644.7721773000003,644.7721773000003,644.7721773000003,644.7721773000003,645.7555967000003,645.7555967000003,646.3902785,,,,,x,1,0.6338897000000543,None,par_5_mtr_seq,001,2025-10-01_23h22.40.371,untitled,,2025.1.1,59.98735466569841,2025-10-01 23h22.50.092171 +0530,
150,v,29,1,7,v,1,0.9525918999997884,None,,,,,7,1,29,1,646.4061850000003,,646.3907829000004,646.4061850000003,647.3891393000004,647.3891393000004,647.3891393000004,647.3891393000004,647.4058129,648.4059422,648.4059422,649.3733307000002,,,,,v,1,0.9525918999997884,None,par_5_mtr_seq,001,2025-10-01_23h22.40.371,untitled,,2025.1.1,59.98735466569841,2025-10-01 23h22.50.092171 +0530,
50,c,30,2,7,c,1,0.4903359999998429,None,,,,,7,2,30,2,649.3890224000002,,649.3738319000004,649.3890224000002,650.3733175000002,650.3733175000002,650.3733175000002,650.3733175000002,650.3894915000001,651.3736035000002,651.3736035000002,651.8729346,,,,,c,1,0.4903359999998429,None,par_5_mtr_seq,001,2025-10-01_23h22.40.371,untitled,,2025.1.1,59.98735466569841,2025-10-01 23h22.50.092171 +0530,
-150,z,31,3,7,x,0,0.9538695999999618,None,,,,,7,3,31,3,651.8888820000002,,651.8735529,651.8888820000002,652.8723994000002,652.8723994000002,652.8723994000002,652.8723994000002,652.8893535000002,653.8724746000003,653.8724746000003,654.8397822000002,,,,,x,0,0.9538695999999618,None,par_5_mtr_seq,001,2025-10-01_23h22.40.371,untitled,,2025.1.1,59.98735466569841,2025-10-01 23h22.50.092171 +0530,
150,v,32,0,8,c,0,1.0035338000002412,None,,,,,8,0,32,1,654.8560983000002,,654.8402682000001,654.8560983000002,655.8397380000001,655.8397380000001,655.8397380000001,655.8397380000001,655.8563873000003,656.8400086000001,656.8400086000001,657.8566906000001,,,,,c,0,1.0035338000002412,None,par_5_mtr_seq,001,2025-10-01_23h22.40.371,untitled,,2025.1.1,59.98735466569841,2025-10-01 23h22.50.092171 +0530,
-150,z,33,1,8,z,1,1.298337800000354,None,,,,,8,1,33,3,657.8730925000004,,657.8572002000001,657.8730925000004,658.8562771000002,658.8562771000002,658.8562771000002,658.8562771000002,658.8730960000003,659.8555568000002,659.8555568000002,661.1569679000004,,,,,z,1,1.298337800000354,None,par_5_mtr_seq,001,2025-10-01_23h22.40.371,untitled,,2025.1.1,59.98735466569841,2025-10-01 23h22.50.092171 +0530,
50,c,34,2,8,c,1,1.3072160000001531,None,,,,,8,2,34,2,661.1722788000002,,661.1574796000004,661.1722788000002,662.1562897000003,662.1562897000003,662.1562897000003,662.1562897000003,662.1728617000003,663.1572779000003,663.1572779000003,664.4736705,,,,,c,1,1.3072160000001531,None,par_5_mtr_seq,001,2025-10-01_23h22.40.371,untitled,,2025.1.1,59.98735466569841,2025-10-01 23h22.50.092171 +0530,
-50,x,35,3,8,x,1,0.4898251999998138,None,,,,,8,3,35,0,664.4898145000002,,664.4741405000004,664.4898145000002,665.4722778,665.4722778,665.4722778,665.4722778,665.4905648000004,666.4901941000003,666.4901941000003,666.9904462000004,,,,,x,1,0.4898251999998138,None,par_5_mtr_seq,001,2025-10-01_23h22.40.371,untitled,,2025.1.1,59.98735466569841,2025-10-01 23h22.50.092171 +0530,
50,c,36,0,9,c,1,0.567334899999878,None,,,,,9,0,36,2,667.0056730000001,,666.9909328000003,667.0056730000001,668.0063800000003,668.0063800000003,668.0063800000003,668.0063800000003,668.0063800000003,669.0062932000001,669.0062932000001,669.5899033000001,,,,,c,1,0.567334899999878,None,par_5_mtr_seq,001,2025-10-01_23h22.40.371,untitled,,2025.1.1,59.98735466569841,2025-10-01 23h22.50.092171 +0530,
-150,z,37,1,9,z,1,0.7013863000001948,None,,,,,9,1,37,3,669.6062041,,669.5903898000001,669.6062041,670.5890428000002,670.5890428000002,670.5890428000002,670.5890428000002,670.6056171,671.5894153000004,671.5894153000004,672.3071932000003,,,,,z,1,0.7013863000001948,None,par_5_mtr_seq,001,2025-10-01_23h22.40.371,untitled,,2025.1.1,59.98735466569841,2025-10-01 23h22.50.092171 +0530,
-50,x,38,2,9,z,0,1.9574396000002707,None,,,,,9,2,38,0,672.3226763000002,,672.3077282000004,672.3226763000002,673.3227826000002,673.3227826000002,673.3227826000002,673.3227826000002,673.3227826000002,674.3227104000002,674.3227104000002,676.2906120000002,,,,,z,0,1.9574396000002707,None,par_5_mtr_seq,001,2025-10-01_23h22.40.371,untitled,,2025.1.1,59.98735466569841,2025-10-01 23h22.50.092171 +0530,
150,v,39,3,9,c,0,0.9345259000001533,None,,,,,9,3,39,1,676.3065023000004,,676.2911501000003,676.3065023000004,677.2895467000003,677.2895467000003,677.2895467000003,677.2895467000003,677.3061389000004,678.3064051000001,678.3064051000001,679.2568497000002,,,,,c,0,0.9345259000001533,None,par_5_mtr_seq,001,2025-10-01_23h22.40.371,untitled,,2025.1.1,59.98735466569841,2025-10-01 23h22.50.092171 +0530,
-150,z,40,0,10,z,1,1.2909432999999808,None,,,,,10,0,40,3,679.2722269000001,,679.2573790000001,679.2722269000001,680.2564567000004,680.2564567000004,680.2564567000004,680.2564567000004,680.2727591000003,681.2726679000002,681.2726679000002,682.5738687000003,,,,,z,1,1.2909432999999808,None,par_5_mtr_seq,001,2025-10-01_23h22.40.371,untitled,,2025.1.1,59.98735466569841,2025-10-01 23h22.50.092171 +0530,
-50,x,41,1,10,x,1,0.7710713999999825,None,,,,,10,1,41,0,682.5893287000004,,682.574478,682.5893287000004,683.5730006000003,683.5730006000003,683.5730006000003,683.5730006000003,683.5897452000004,684.5728475000001,684.5728475000001,685.3565337,,,,,x,1,0.7710713999999825,None,par_5_mtr_seq,001,2025-10-01_23h22.40.371,untitled,,2025.1.1,59.98735466569841,2025-10-01 23h22.50.092171 +0530,
150,v,42,2,10,v,1,1.677329699999973,None,,,,,10,2,42,1,685.3726113000002,,685.3570409000004,685.3726113000002,686.3561499000002,686.3561499000002,686.3561499000002,686.3561499000002,686.3728222000004,687.3567875000003,687.3567875000003,689.0405319000001,,,,,v,1,1.677329699999973,None,par_5_mtr_seq,001,2025-10-01_23h22.40.371,untitled,,2025.1.1,59.98735466569841,2025-10-01 23h22.50.092171 +0530,
50,c,43,3,10,c,1,0.3672999999998865,None,,,,,10,3,43,2,689.0559133000002,,689.041021,689.0559133000002,690.0569517000004,690.0569517000004,690.0569517000004,690.0569517000004,690.0569517000004,691.0394236000002,691.0394236000002,691.4230265000001,,,,,c,1,0.3672999999998865,None,par_5_mtr_seq,001,2025-10-01_23h22.40.371,untitled,,2025.1.1,59.98735466569841,2025-10-01 23h22.50.092171 +0530,
-150,z,44,0,11,z,1,6.886920399999781,None,,,,,11,0,44,3,691.4395738000003,,691.4235745000001,691.4395738000003,692.4224296000002,692.4224296000002,692.4224296000002,692.4224296000002,692.4396398000004,693.4231195000002,693.4231195000002,700.3237511000002,,,,,z,1,6.886920399999781,None,par_5_mtr_seq,001,2025-10-01_23h22.40.371,untitled,,2025.1.1,59.98735466569841,2025-10-01 23h22.50.092171 +0530,
50,c,45,1,11,c,1,0.8876218999998855,None,,,,,11,1,45,2,700.3389220000004,,700.3242474000003,700.3389220000004,701.3238879,701.3238879,701.3238879,701.3238879,701.3403932000001,702.3229664,702.3229664,703.2234115000001,,,,,c,1,0.8876218999998855,None,par_5_mtr_seq,001,2025-10-01_23h22.40.371,untitled,,2025.1.1,59.98735466569841,2025-10-01 23h22.50.092171 +0530,
150,v,46,2,11,v,1,0.5409820999998374,None,,,,,11,2,46,1,703.2392004000003,,703.2241242,703.2392004000003,704.2235466000002,704.2235466000002,704.2235466000002,704.2235466000002,704.2400486000001,705.2229559000002,705.2229559000002,705.7740256000002,,,,,v,1,0.5409820999998374,None,par_5_mtr_seq,001,2025-10-01_23h22.40.371,untitled,,2025.1.1,59.98735466569841,2025-10-01 23h22.50.092171 +0530,
-50,x,47,3,11,x,1,0.28036569999994754,None,,,,,11,3,47,0,705.7896328000002,,705.7745301000004,705.7896328000002,706.7730341000001,706.7730341000001,706.7730341000001,706.7730341000001,706.7894846000004,707.7899682000002,707.7899682000002,708.0734786000003,,,,,x,1,0.28036569999994754,None,par_5_mtr_seq,001,2025-10-01_23h22.40.371,untitled,,2025.1.1,59.98735466569841,2025-10-01 23h22.50.092171 +0530,
150,v,48,0,12,v,1,1.5503904000001967,None,,,,,12,0,48,1,708.0891428000004,,708.0739667000003,708.0891428000004,709.0733734,709.0733734,709.0733734,709.0733734,709.0897606000003,710.0729078000004,710.0729078000004,711.6399931000001,,,,,v,1,1.5503904000001967,None,par_5_mtr_seq,001,2025-10-01_23h22.40.371,untitled,,2025.1.1,59.98735466569841,2025-10-01 23h22.50.092171 +0530,
-50,x,49,1,12,x,1,0.728240100000221,None,,,,,12,1,49,0,711.6569899000001,,711.6406606,711.6569899000001,712.6395050000001,712.6395050000001,712.6395050000001,712.6395050000001,712.6560639000004,713.6396099000003,713.6396099000003,714.3743435000001,,,,,x,1,0.728240100000221,None,par_5_mtr_seq,001,2025-10-01_23h22.40.371,untitled,,2025.1.1,59.98735466569841,2025-10-01 23h22.50.092171 +0530,
50,c,50,2,12,c,1,0.5371322000000873,None,,,,,12,2,50,2,714.3895012000003,,714.3748518000002,714.3895012000003,715.3901118000003,715.3901118000003,715.3901118000003,715.3901118000003,715.3901118000003,716.3898277000003,716.3898277000003,716.9398704,,,,,c,1,0.5371322000000873,None,par_5_mtr_seq,001,2025-10-01_23h22.40.371,untitled,,2025.1.1,59.98735466569841,2025-10-01 23h22.50.092171 +0530,
-150,z,51,3,12,z,1,1.077803899999708,None,,,,,12,3,51,3,716.9558046000002,,716.9404598000001,716.9558046000002,717.9401380000004,717.9401380000004,717.9401380000004,717.9401380000004,717.9572322000004,718.9391675000002,718.9391675000002,720.0238790000003,,,,,z,1,1.077803899999708,None,par_5_mtr_seq,001,2025-10-01_23h22.40.371,untitled,,2025.1.1,59.98735466569841,2025-10-01 23h22.50.092171 +0530,
50,c,52,0,13,c,1,1.0972818999998708,None,,,,,13,0,52,2,720.0390515000004,,720.0243743000001,720.0390515000004,721.0230007,721.0230007,721.0230007,721.0230007,721.0397911,722.0229772000002,722.0229772000002,723.1246022,,,,,c,1,1.0972818999998708,None,par_5_mtr_seq,001,2025-10-01_23h22.40.371,untitled,,2025.1.1,59.98735466569841,2025-10-01 23h22.50.092171 +0530,
-150,z,53,1,13,z,1,0.9352461000003132,None,,,,,13,1,53,3,723.1395530000004,,723.1251714,723.1395530000004,724.1403968000004,724.1403968000004,724.1403968000004,724.1403968000004,724.1403968000004,725.1401789000001,725.1401789000001,726.0898048000004,,,,,z,1,0.9352461000003132,None,par_5_mtr_seq,001,2025-10-01_23h22.40.371,untitled,,2025.1.1,59.98735466569841,2025-10-01 23h22.50.092171 +0530,
-50,x,54,2,13,x,1,0.7905335999998897,None,,,,,13,2,54,0,726.105818,,726.0903302000002,726.105818,727.0891550000001,727.0891550000001,727.0891550000001,727.0891550000001,727.1062516000002,728.0896240000002,728.0896240000002,728.8899163000001,,,,,x,1,0.7905335999998897,None,par_5_mtr_seq,001,2025-10-01_23h22.40.371,untitled,,2025.1.1,59.98735466569841,2025-10-01 23h22.50.092171 +0530,
150,v,55,3,13,v,1,1.4142980000001444,None,,,,,13,3,55,1,728.9061328000003,,728.8904038000001,728.9061328000003,729.8896253000003,729.8896253000003,729.8896253000003,729.8896253000003,729.9065608000001,730.8897263000003,730.8897263000003,732.306963,,,,,v,1,1.4142980000001444,None,par_5_mtr_seq,001,2025-10-01_23h22.40.371,untitled,,2025.1.1,59.98735466569841,2025-10-01 23h22.50.092171 +0530,
150,v,56,0,14,v,1,0.5493741000000227,None,,,,,14,0,56,1,732.3239529000002,,732.3074649,732.3239529000002,733.3071466000001,733.3071466000001,733.3071466000001,733.3071466000001,733.3241508000001,734.3065327000004,734.3065327000004,734.8567765000003,,,,,v,1,0.5493741000000227,None,par_5_mtr_seq,001,2025-10-01_23h22.40.371,untitled,,2025.1.1,59.98735466569841,2025-10-01 23h22.50.092171 +0530,
50,c,57,1,14,c,1,0.5226086000002397,None,,,,,14,1,57,2,734.8731391000001,,734.8573333000004,734.8731391000001,735.8570545000002,735.8570545000002,735.8570545000002,735.8570545000002,735.8729077000003,736.8574983000003,736.8574983000003,737.3899924000002,,,,,c,1,0.5226086000002397,None,par_5_mtr_seq,001,2025-10-01_23h22.40.371,untitled,,2025.1.1,59.98735466569841,2025-10-01 23h22.50.092171 +0530,
-150,z,58,2,14,z,1,1.660769099999925,None,,,,,14,2,58,3,737.4059026000004,,737.3906539000004,737.4059026000004,738.3899278000004,738.3899278000004,738.3899278000004,738.3899278000004,738.4058044000003,739.3903905000002,739.3903905000002,741.0574707000001,,,,,z,1,1.660769099999925,None,par_5_mtr_seq,001,2025-10-01_23h22.40.371,untitled,,2025.1.1,59.98735466569841,2025-10-01 23h22.50.092171 +0530,
-50,x,59,3,14,x,1,0.7721297000002778,None,,,,,14,3,59,0,741.0725987000001,,741.0579595000004,741.0725987000001,742.0564825000001,742.0564825000001,742.0564825000001,742.0564825000001,742.0733283000004,743.0732921000003,743.0732921000003,743.8571841000003,,,,,x,1,0.7721297000002778,None,par_5_mtr_seq,001,2025-10-01_23h22.40.371,untitled,,2025.1.1,59.98735466569841,2025-10-01 23h22.50.092171 +0530,
-50,x,60,0,15,x,1,1.0136257999997724,None,,,,,15,0,60,0,743.8725890000001,,743.8576727000004,743.8725890000001,744.8558982000004,744.8558982000004,744.8558982000004,744.8558982000004,744.8738018000004,745.8734597000002,745.8734597000002,746.8903259000003,,,,,x,1,1.0136257999997724,None,par_5_mtr_seq,001,2025-10-01_23h22.40.371,untitled,,2025.1.1,59.98735466569841,2025-10-01 23h22.50.092171 +0530,
150,v,61,1,15,v,1,1.0971364000001813,None,,,,,15,1,61,1,746.9057985000004,,746.8909397000002,746.9057985000004,747.8901918000001,747.8901918000001,747.8901918000001,747.8901918000001,747.9058991000002,748.9067690000002,748.9067690000002,750.0080957,,,,,v,1,1.0971364000001813,None,par_5_mtr_seq,001,2025-10-01_23h22.40.371,untitled,,2025.1.1,59.98735466569841,2025-10-01 23h22.50.092171 +0530,
-150,z,62,2,15,z,1,1.0342059999998128,None,,,,,15,2,62,3,750.0225799000004,,750.0086927000002,750.0225799000004,751.0229764000001,751.0229764000001,751.0229764000001,751.0229764000001,751.0229764000001,752.0238002000001,752.0238002000001,753.0736730000003,,,,,z,1,1.0342059999998128,None,par_5_mtr_seq,001,2025-10-01_23h22.40.371,untitled,,2025.1.1,59.98735466569841,2025-10-01 23h22.50.092171 +0530,
50,c,63,3,15,c,1,4.534825600000204,None,,,,,15,3,63,2,753.0895620000001,,753.0741825,753.0895620000001,754.0900573000004,754.0900573000004,754.0900573000004,754.0900573000004,754.0900573000004,755.0904406000004,755.0904406000004,759.6401032000003,,,,,c,1,4.534825600000204,None,par_5_mtr_seq,001,2025-10-01_23h22.40.371,untitled,,2025.1.1,59.98735466569841,2025-10-01 23h22.50.092171 +0530,
150,v,64,0,16,v,1,0.829097300000285,None,,,,,16,0,64,1,759.6562727,,759.6405906,759.6562727,760.640625,760.640625,760.640625,760.640625,760.6563730000003,761.6401256000004,761.6401256000004,762.4735134000002,,,,,v,1,0.829097300000285,None,par_5_mtr_seq,001,2025-10-01_23h22.40.371,untitled,,2025.1.1,59.98735466569841,2025-10-01 23h22.50.092171 +0530,
-150,z,65,1,16,z,1,4.443391000000247,None,,,,,16,1,65,3,762.4892568,,762.4740660000002,762.4892568,763.4731822000003,763.4731822000003,763.4731822000003,763.4731822000003,763.4904675000002,764.4740211000003,764.4740211000003,768.9244381000003,,,,,z,1,4.443391000000247,None,par_5_mtr_seq,001,2025-10-01_23h22.40.371,untitled,,2025.1.1,59.98735466569841,2025-10-01 23h22.50.092171 +0530,
-50,x,66,2,16,x,1,0.47313679999979286,None,,,,,16,2,66,0,768.9393705000002,,768.9250010000001,768.9393705000002,769.9409014000003,769.9409014000003,769.9409014000003,769.9409014000003,769.9409014000003,770.9395588000002,770.9395588000002,771.4240112000002,,,,,x,1,0.47313679999979286,None,par_5_mtr_seq,001,2025-10-01_23h22.40.371,untitled,,2025.1.1,59.98735466569841,2025-10-01 23h22.50.092171 +0530,
50,c,67,3,16,c,1,0.4594950999999128,None,,,,,16,3,67,2,771.4398479000001,,771.4245177000003,771.4398479000001,772.4400273000001,772.4400273000001,772.4400273000001,772.4400273000001,772.4400273000001,773.4231568,773.4231568,773.8902021000004,,,,,c,1,0.4594950999999128,None,par_5_mtr_seq,001,2025-10-01_23h22.40.371,untitled,,2025.1.1,59.98735466569841,2025-10-01 23h22.50.092171 +0530,
-150,z,68,0,17,z,1,2.702903000000333,None,,,,,17,0,68,3,773.9060482000004,,773.8906876000001,773.9060482000004,774.8902053000002,774.8902053000002,774.8902053000002,774.8902053000002,774.9068178000002,775.8894810000002,775.8894810000002,778.6068811,,,,,z,1,2.702903000000333,None,par_5_mtr_seq,001,2025-10-01_23h22.40.371,untitled,,2025.1.1,59.98735466569841,2025-10-01 23h22.50.092171 +0530,
50,c,69,1,17,x,0,0.9386094000001322,None,,,,,17,1,69,2,778.6233029,,778.6073279000002,778.6233029,779.6066758000002,779.6066758000002,779.6066758000002,779.6066758000002,779.6236532000003,780.6068363000004,780.6068363000004,781.5572291000003,,,,,x,0,0.9386094000001322,None,par_5_mtr_seq,001,2025-10-01_23h22.40.371,untitled,,2025.1.1,59.98735466569841,2025-10-01 23h22.50.092171 +0530,
-50,x,70,2,17,x,1,1.6233719000001656,None,,,,,17,2,70,0,781.5731766000004,,781.5578242000001,781.5731766000004,782.5569074,782.5569074,782.5569074,782.5569074,782.5743866000003,783.5565280000001,783.5565280000001,785.1905487000004,,,,,x,1,1.6233719000001656,None,par_5_mtr_seq,001,2025-10-01_23h22.40.371,untitled,,2025.1.1,59.98735466569841,2025-10-01 23h22.50.092171 +0530,
150,v,71,3,17,v,1,1.6661162000000331,None,,,,,17,3,71,1,785.2060706000002,,785.1911355000002,785.2060706000002,786.1904937000004,786.1904937000004,786.1904937000004,786.1904937000004,786.206498,787.1900815000004,787.1900815000004,788.8737060000003,,,,,v,1,1.6661162000000331,None,par_5_mtr_seq,001,2025-10-01_23h22.40.371,untitled,,2025.1.1,59.98735466569841,2025-10-01 23h22.50.092171 +0530,
50,c,72,0,18,c,1,0.8164681999996901,None,,,,,18,0,72,2,788.8899227000002,,788.8742942000003,788.8899227000002,789.8894881000001,789.8894881000001,789.8894881000001,789.8894881000001,789.8894881000001,790.8732314000003,790.8732314000003,791.7068303000001,,,,,c,1,0.8164681999996901,None,par_5_mtr_seq,001,2025-10-01_23h22.40.371,untitled,,2025.1.1,59.98735466569841,2025-10-01 23h22.50.092171 +0530,
150,v,73,1,18,v,1,0.5688900999998623,None,,,,,18,1,73,1,791.7233733000003,,791.7073884000001,791.7233733000003,792.7072235,792.7072235,792.7072235,792.7072235,792.7233267000001,793.7070643000002,793.7070643000002,794.2911213000002,,,,,v,1,0.5688900999998623,None,par_5_mtr_seq,001,2025-10-01_23h22.40.371,untitled,,2025.1.1,59.98735466569841,2025-10-01 23h22.50.092171 +0530,
-150,z,74,2,18,z,1,0.7953230999996777,None,,,,,18,2,74,3,794.3067778000004,,794.2916158000003,794.3067778000004,795.3060906000001,795.3060906000001,795.3060906000001,795.3060906000001,795.3060906000001,796.3060998000001,796.3060998000001,797.1078647000004,,,,,z,1,0.7953230999996777,None,par_5_mtr_seq,001,2025-10-01_23h22.40.371,untitled,,2025.1.1,59.98735466569841,2025-10-01 23h22.50.092171 +0530,
-50,x,75,3,18,x,1,3.410280000000057,None,,,,,18,3,75,0,797.1230158000003,,797.1083320000002,797.1230158000003,798.1231761000004,798.1231761000004,798.1231761000004,798.1231761000004,798.1231761000004,799.1064396000002,799.1064396000002,802.5242577000004,,,,,x,1,3.410280000000057,None,par_5_mtr_seq,001,2025-10-01_23h22.40.371,untitled,,2025.1.1,59.98735466569841,2025-10-01 23h22.50.092171 +0530,
50,c,76,0,19,c,1,2.3951201999998375,None,,,,,19,0,76,2,802.5394786000002,,802.5248078000004,802.5394786000002,803.5232574000001,803.5232574000001,803.5232574000001,803.5232574000001,803.5395024000004,804.5240351000002,804.5240351000002,806.9242067,,,,,c,1,2.3951201999998375,None,par_5_mtr_seq,001,2025-10-01_23h22.40.371,untitled,,2025.1.1,59.98735466569841,2025-10-01 23h22.50.092171 +0530,
-50,x,77,1,19,x,1,1.0106885999998667,None,,,,,19,1,77,0,806.9394921000003,,806.9246680000001,806.9394921000003,807.9392990000001,807.9392990000001,807.9392990000001,807.9392990000001,807.9392990000001,808.9243918000002,808.9243918000002,809.9405900000002,,,,,x,1,1.0106885999998667,None,par_5_mtr_seq,001,2025-10-01_23h22.40.371,untitled,,2025.1.1,59.98735466569841,2025-10-01 23h22.50.092171 +0530,
-150,z,78,2,19,z,1,2.1028470000001107,None,,,,,19,2,78,3,809.9564286000004,,809.9411708000002,809.9564286000004,810.9397516000004,810.9397516000004,810.9397516000004,810.9397516000004,810.9566764000001,811.9575123000004,811.9575123000004,814.0746489000003,,,,,z,1,2.1028470000001107,None,par_5_mtr_seq,001,2025-10-01_23h22.40.371,untitled,,2025.1.1,59.98735466569841,2025-10-01 23h22.50.092171 +0530,
150,v,79,3,19,v,1,1.8998962000000574,None,,,,,19,3,79,1,814.0894889000001,,814.0751426000002,814.0894889000001,815.0742508000003,815.0742508000003,815.0742508000003,815.0742508000003,815.090048,816.0902029000003,816.0902029000003,817.9908872000001,,,,,v,1,1.8998962000000574,None,par_5_mtr_seq,001,2025-10-01_23h22.40.371,untitled,,2025.1.1,59.98735466569841,2025-10-01 23h22.50.092171 +0530,
150,v,80,0,20,v,1,0.5667172999997092,None,,,,,20,0,80,1,818.0066945000003,,817.9913793000001,818.0066945000003,818.9907290000001,818.9907290000001,818.9907290000001,818.9907290000001,819.0064117000002,820.0068117000001,820.0068117000001,820.5907088000004,,,,,v,1,0.5667172999997092,None,par_5_mtr_seq,001,2025-10-01_23h22.40.371,untitled,,2025.1.1,59.98735466569841,2025-10-01 23h22.50.092171 +0530,
-50,x,81,1,20,x,1,0.9336733000000095,None,,,,,20,1,81,0,820.6071472000003,,820.5912054,820.6071472000003,821.5898119000003,821.5898119000003,821.5898119000003,821.5898119000003,821.6067958000003,822.5906944000003,822.5906944000003,823.5406919000002,,,,,x,1,0.9336733000000095,None,par_5_mtr_seq,001,2025-10-01_23h22.40.371,untitled,,2025.1.1,59.98735466569841,2025-10-01 23h22.50.092171 +0530,
-150,z,82,2,20,z,1,2.150484900000265,None,,,,,20,2,82,3,823.5562483000003,,823.5412866000001,823.5562483000003,824.5407257000002,824.5407257000002,824.5407257000002,824.5407257000002,824.5568162000004,825.5408965000001,825.5408965000001,827.7056096000001,,,,,z,1,2.150484900000265,None,par_5_mtr_seq,001,2025-10-01_23h22.40.371,untitled,,2025.1.1,59.98735466569841,2025-10-01 23h22.50.092171 +0530,
50,c,83,3,20,c,1,1.5986579999998867,None,,,,,20,3,83,2,827.7217329,,827.7061552,827.7217329,828.7054500000004,828.7054500000004,828.7054500000004,828.7054500000004,828.7216479000003,829.7210721000001,829.7210721000001,831.3223305000001,,,,,c,1,1.5986579999998867,None,par_5_mtr_seq,001,2025-10-01_23h22.40.371,untitled,,2025.1.1,59.98735466569841,2025-10-01 23h22.50.092171 +0530,
150,v,84,0,21,v,1,1.5674118000001727,None,,,,,21,0,84,1,831.3386221000001,,831.3228701000003,831.3386221000001,832.3244471000003,832.3244471000003,832.3244471000003,832.3244471000003,832.3406129,833.3379763000003,833.3379763000003,834.9218322000002,,,,,v,1,1.5674118000001727,None,par_5_mtr_seq,001,2025-10-01_23h22.40.371,untitled,,2025.1.1,59.98735466569841,2025-10-01 23h22.50.092171 +0530,
-150,z,85,1,21,z,1,0.915558400000009,None,,,,,21,1,85,3,834.9377958,,834.9223186000004,834.9377958,835.9232407000004,835.9232407000004,835.9232407000004,835.9232407000004,835.9401434000001,836.9211621000004,836.9211621000004,837.8400985000003,,,,,z,1,0.915558400000009,None,par_5_mtr_seq,001,2025-10-01_23h22.40.371,untitled,,2025.1.1,59.98735466569841,2025-10-01 23h22.50.092171 +0530,
50,c,86,2,21,c,1,1.812532800000099,None,,,,,21,2,86,2,837.8546941000004,,837.8405106,837.8546941000004,838.8400540000002,838.8400540000002,838.8400540000002,838.8400540000002,838.8565200000003,839.8396258000002,839.8396258000002,841.6571743000004,,,,,c,1,1.812532800000099,None,par_5_mtr_seq,001,2025-10-01_23h22.40.371,untitled,,2025.1.1,59.98735466569841,2025-10-01 23h22.50.092171 +0530,
-50,x,87,3,21,x,1,2.328883500000302,None,,,,,21,3,87,0,841.6730182000001,,841.6576303000002,841.6730182000001,842.6579550000001,842.6579550000001,842.6579550000001,842.6579550000001,842.6731046000004,843.6568868000004,843.6568868000004,845.9910639000004,,,,,x,1,2.328883500000302,None,par_5_mtr_seq,001,2025-10-01_23h22.40.371,untitled,,2025.1.1,59.98735466569841,2025-10-01 23h22.50.092171 +0530,
150,v,88,0,22,v,1,1.6139054999998734,None,,,,,22,0,88,1,846.0063579000002,,845.9916953000002,846.0063579000002,846.9899671000003,846.9899671000003,846.9899671000003,846.9899671000003,847.0074061,848.0070709000001,848.0070709000001,849.6241488000001,,,,,v,1,1.6139054999998734,None,par_5_mtr_seq,001,2025-10-01_23h22.40.371,untitled,,2025.1.1,59.98735466569841,2025-10-01 23h22.50.092171 +0530,
-50,x,89,1,22,x,1,1.3448797000000923,None,,,,,22,1,89,0,849.6396846000002,,849.6247847000004,849.6396846000002,850.6236424000003,850.6236424000003,850.6236424000003,850.6236424000003,850.6404530000004,851.6237562000001,851.6237562000001,852.9751336000004,,,,,x,1,1.3448797000000923,None,par_5_mtr_seq,001,2025-10-01_23h22.40.371,untitled,,2025.1.1,59.98735466569841,2025-10-01 23h22.50.092171 +0530,
50,c,90,2,22,c,1,5.932443400000011,None,,,,,22,2,90,2,852.9898187000003,,852.9757030000001,852.9898187000003,853.9738557000001,853.9738557000001,853.9738557000001,853.9738557000001,853.9897174000002,854.9910042000001,854.9910042000001,860.9246443000002,,,,,c,1,5.932443400000011,None,par_5_mtr_seq,001,2025-10-01_23h22.40.371,untitled,,2025.1.1,59.98735466569841,2025-10-01 23h22.50.092171 +0530,
-150,z,91,3,22,z,1,0.751016200000322,None,,,,,22,3,91,3,860.9403926,,860.9251336000002,860.9403926,861.9236461,861.9236461,861.9236461,861.9236461,861.9396858,862.9397239000004,862.9397239000004,863.7070792000004,,,,,z,1,0.751016200000322,None,par_5_mtr_seq,001,2025-10-01_23h22.40.371,untitled,,2025.1.1,59.98735466569841,2025-10-01 23h22.50.092171 +0530,
150,v,92,0,23,v,1,1.1361979999996947,None,,,,,23,0,92,1,863.7237481000002,,863.7075963000002,863.7237481000002,864.7065109,864.7065109,864.7065109,864.7065109,864.7238969,865.7071235000003,865.7071235000003,866.8571383000003,,,,,v,1,1.1361979999996947,None,par_5_mtr_seq,001,2025-10-01_23h22.40.371,untitled,,2025.1.1,59.98735466569841,2025-10-01 23h22.50.092171 +0530,
-50,x,93,1,23,x,1,0.6500306000002638,None,,,,,23,1,93,0,866.8733858,,866.8576916000002,866.8733858,867.8567672000004,867.8567672000004,867.8567672000004,867.8567672000004,867.8732344,868.8581513000004,868.8581513000004,869.5248669000002,,,,,x,1,0.6500306000002638,None,par_5_mtr_seq,001,2025-10-01_23h22.40.371,untitled,,2025.1.1,59.98735466569841,2025-10-01 23h22.50.092171 +0530,
50,c,94,2,23,c,1,0.712551699999949,None,,,,,23,2,94,2,869.5397621000002,,869.5253188000002,869.5397621000002,870.5233611000003,870.5233611000003,870.5233611000003,870.5233611000003,870.5403997000003,871.5403641000003,871.5403641000003,872.2580519000003,,,,,c,1,0.712551699999949,None,par_5_mtr_seq,001,2025-10-01_23h22.40.371,untitled,,2025.1.1,59.98735466569841,2025-10-01 23h22.50.092171 +0530,
-150,z,95,3,23,z,1,0.65006429999994,None,,,,,23,3,95,3,872.2730676000001,,872.2587473000003,872.2730676000001,873.2575132000002,873.2575132000002,873.2575132000002,873.2575132000002,873.2737151000001,874.2740928000003,874.2740928000003,874.9406137000001,,,,,z,1,0.65006429999994,None,par_5_mtr_seq,001,2025-10-01_23h22.40.371,untitled,,2025.1.1,59.98735466569841,2025-10-01 23h22.50.092171 +0530,
-150,z,96,0,24,z,1,0.3967576000000008,None,,,,,24,0,96,3,874.9564882000004,,874.9411359000001,874.9564882000004,875.941182,875.941182,875.941182,875.941182,875.9564916000004,876.9405645000002,876.9405645000002,877.3410537000004,,,,,z,1,0.3967576000000008,None,par_5_mtr_seq,001,2025-10-01_23h22.40.371,untitled,,2025.1.1,59.98735466569841,2025-10-01 23h22.50.092171 +0530,
50,c,97,1,24,c,1,1.1710763999999472,None,,,,,24,1,97,2,877.3568003,,877.3416776000004,877.3568003,878.3400061000002,878.3400061000002,878.3400061000002,878.3400061000002,878.3563690000001,879.3571368000003,879.3571368000003,880.5418489000003,,,,,c,1,1.1710763999999472,None,par_5_mtr_seq,001,2025-10-01_23h22.40.371,untitled,,2025.1.1,59.98735466569841,2025-10-01 23h22.50.092171 +0530,
-50,x,98,2,24,x,1,0.6555780999997296,None,,,,,24,2,98,0,880.5564372000003,,880.5423576000003,880.5564372000003,881.5578027000001,881.5578027000001,881.5578027000001,881.5578027000001,881.5578027000001,882.5574002000003,882.5574002000003,883.2237661000004,,,,,x,1,0.6555780999997296,None,par_5_mtr_seq,001,2025-10-01_23h22.40.371,untitled,,2025.1.1,59.98735466569841,2025-10-01 23h22.50.092171 +0530,
150,v,99,3,24,v,1,0.9667107999998734,None,,,,,24,3,99,1,883.2397896000002,,883.2243330000001,883.2397896000002,884.2239049000004,884.2239049000004,884.2239049000004,884.2239049000004,884.2398774000003,885.2241857000004,885.2241857000004,886.2074572000001,,,,,v,1,0.9667107999998734,None,par_5_mtr_seq,001,2025-10-01_23h22.40.371,untitled,,2025.1.1,59.98735466569841,2025-10-01 23h22.50.092171 +0530,
-150,z,100,0,25,z,1,0.7148353999996289,None,,,,,25,0,100,3,886.2231151000001,,886.2079631000001,886.2231151000001,887.2066268000003,887.2066268000003,887.2066268000003,887.2066268000003,887.2236947000001,888.2078352000003,888.2078352000003,888.9251903000004,,,,,z,1,0.7148353999996289,None,par_5_mtr_seq,001,2025-10-01_23h22.40.371,untitled,,2025.1.1,59.98735466569841,2025-10-01 23h22.50.092171 +0530,
50,c,101,1,25,c,1,0.5977797999998984,None,,,,,25,1,101,2,888.9398214000003,,888.9257944000001,888.9398214000003,889.9413298000004,889.9413298000004,889.9413298000004,889.9413298000004,889.9413298000004,890.9397366000003,890.9397366000003,891.5411425000002,,,,,c,1,0.5977797999998984,None,par_5_mtr_seq,001,2025-10-01_23h22.40.371,untitled,,2025.1.1,59.98735466569841,2025-10-01 23h22.50.092171 +0530,
150,v,102,2,25,v,1,1.0450782000002619,None,,,,,25,2,102,1,891.5565161000004,,891.5416511000003,891.5565161000004,892.5405490000003,892.5405490000003,892.5405490000003,892.5405490000003,892.5564938000002,893.5571119000001,893.5571119000001,894.6057888,,,,,v,1,1.0450782000002619,None,par_5_mtr_seq,001,2025-10-01_23h22.40.371,untitled,,2025.1.1,59.98735466569841,2025-10-01 23h22.50.092171 +0530,
-50,x,103,3,25,x,1,0.8729745999999068,None,,,,,25,3,103,0,894.6214772000003,,894.6062034000001,894.6214772000003,895.6064136,895.6064136,895.6064136,895.6064136,895.6239057000003,896.6053301000002,896.6053301000002,897.4885578000003,,,,,x,1,0.8729745999999068,None,par_5_mtr_seq,001,2025-10-01_23h22.40.371,untitled,,2025.1.1,59.98735466569841,2025-10-01 23h22.50.092171 +0530,
150,v,104,0,26,v,1,1.2811059999999088,None,,,,,26,0,104,1,897.5045865000002,,897.4890729000003,897.5045865000002,898.4879717000003,898.4879717000003,898.4879717000003,898.4879717000003,898.5047757000002,899.4884759000001,899.4884759000001,900.7755571000002,,,,,v,1,1.2811059999999088,None,par_5_mtr_seq,001,2025-10-01_23h22.40.371,untitled,,2025.1.1,59.98735466569841,2025-10-01 23h22.50.092171 +0530,
-150,z,105,1,26,z,1,0.7409263999998075,None,,,,,26,1,105,3,900.7912486,,900.7760663000004,900.7912486,901.7905112000003,901.7905112000003,901.7905112000003,901.7905112000003,901.7905112000003,902.7898653000002,902.7898653000002,903.5415310000003,,,,,z,1,0.7409263999998075,None,par_5_mtr_seq,001,2025-10-01_23h22.40.371,untitled,,2025.1.1,59.98735466569841,2025-10-01 23h22.50.092171 +0530,
-50,x,106,2,26,x,1,1.0795969000000696,None,,,,,26,2,106,0,903.5567151,,903.5420596000004,903.5567151,904.5400285000001,904.5400285000001,904.5400285000001,904.5400285000001,904.5568161000001,905.5402588000002,905.5402588000002,906.6247404000001,,,,,x,1,1.0795969000000696,None,par_5_mtr_seq,001,2025-10-01_23h22.40.371,untitled,,2025.1.1,59.98735466569841,2025-10-01 23h22.50.092171 +0530,
50,c,107,3,26,c,1,0.9042314000002989,None,,,,,26,3,107,2,906.6406067000003,,906.6251840000004,906.6406067000003,907.6243445,907.6243445,907.6243445,907.6243445,907.6403502000003,908.6405987000003,908.6405987000003,909.5578018000001,,,,,c,1,0.9042314000002989,None,par_5_mtr_seq,001,2025-10-01_23h22.40.371,untitled,,2025.1.1,59.98735466569841,2025-10-01 23h22.50.092171 +0530,
50,c,108,0,27,c,1,1.976274999999987,None,,,,,27,0,108,2,909.5736634000004,,909.5582942000001,909.5736634000004,910.5570627000002,910.5570627000002,910.5570627000002,910.5570627000002,910.5738518000003,911.5569271000004,911.5569271000004,913.5409889000002,,,,,c,1,1.976274999999987,None,par_5_mtr_seq,001,2025-10-01_23h22.40.371,untitled,,2025.1.1,59.98735466569841,2025-10-01 23h22.50.092171 +0530,
150,v,109,1,27,v,1,0.6115230000000338,None,,,,,27,1,109,1,913.5567196000002,,913.5417244,913.5567196000002,914.5422784000002,914.5422784000002,914.5422784000002,914.5422784000002,914.5570271000001,915.5405133000004,915.5405133000004,916.1587417000001,,,,,v,1,0.6115230000000338,None,par_5_mtr_seq,001,2025-10-01_23h22.40.371,untitled,,2025.1.1,59.98735466569841,2025-10-01 23h22.50.092171 +0530,
-50,x,110,2,27,x,1,0.5570486999999957,None,,,,,27,2,110,0,916.1732047,,916.1592511000003,916.1732047,917.1742801,917.1742801,917.1742801,917.1742801,917.1742801,918.1745663000002,918.1745663000002,918.7411703000002,,,,,x,1,0.5570486999999957,None,par_5_mtr_seq,001,2025-10-01_23h22.40.371,untitled,,2025.1.1,59.98735466569841,2025-10-01 23h22.50.092171 +0530,
-150,z,111,3,27,z,1,0.9342510000001312,None,,,,,27,3,111,3,918.7574793000003,,918.7417599,918.7574793000003,919.7570163,919.7570163,919.7570163,919.7570163,919.7570163,920.7571799000002,920.7571799000002,921.7071922,,,,,z,1,0.9342510000001312,None,par_5_mtr_seq,001,2025-10-01_23h22.40.371,untitled,,2025.1.1,59.98735466569841,2025-10-01 23h22.50.092171 +0530,
-50,x,112,0,28,x,1,0.5882784000000356,None,,,,,28,0,112,0,921.7232626,,921.7076949000002,921.7232626,922.7079423,922.7079423,922.7079423,922.7079423,922.7248043000004,923.7075333000003,923.7075333000003,924.308246,,,,,x,1,0.5882784000000356,None,par_5_mtr_seq,001,2025-10-01_23h22.40.371,untitled,,2025.1.1,59.98735466569841,2025-10-01 23h22.50.092171 +0530,
150,v,113,1,28,v,1,1.3418379999998251,None,,,,,28,1,113,1,924.3235953000003,,924.3087618000004,924.3235953000003,925.3241025000002,925.3241025000002,925.3241025000002,925.3241025000002,925.3241025000002,926.3232741000002,926.3232741000002,927.6747187000001,,,,,v,1,1.3418379999998251,None,par_5_mtr_seq,001,2025-10-01_23h22.40.371,untitled,,2025.1.1,59.98735466569841,2025-10-01 23h22.50.092171 +0530,
50,c,114,2,28,c,1,0.3906981000000087,None,,,,,28,2,114,2,927.6904034000004,,927.6752416000004,927.6904034000004,928.6906097000001,928.6906097000001,928.6906097000001,928.6906097000001,928.6906097000001,929.6741427000002,929.6741427000002,930.0745031000001,,,,,c,1,0.3906981000000087,None,par_5_mtr_seq,001,2025-10-01_23h22.40.371,untitled,,2025.1.1,59.98735466569841,2025-10-01 23h22.50.092171 +0530,
-150,z,115,3,28,z,1,1.5328776999999718,None,,,,,28,3,115,3,930.0899331,,930.0749846000003,930.0899331,931.0737245,931.0737245,931.0737245,931.0737245,931.0904656000002,932.0741288000004,932.0741288000004,933.6081124000002,,,,,z,1,1.5328776999999718,None,par_5_mtr_seq,001,2025-10-01_23h22.40.371,untitled,,2025.1.1,59.98735466569841,2025-10-01 23h22.50.092171 +0530,
150,v,116,0,29,v,1,3.982299299999795,None,,,,,29,0,116,1,933.6242122000003,,933.6086153000001,933.6242122000003,934.6234396000004,934.6234396000004,934.6234396000004,934.6234396000004,934.6234396000004,935.6243408,935.6243408,939.6085118000001,,,,,v,1,3.982299299999795,None,par_5_mtr_seq,001,2025-10-01_23h22.40.371,untitled,,2025.1.1,59.98735466569841,2025-10-01 23h22.50.092171 +0530,
50,c,117,1,29,c,1,1.362810399999944,None,,,,,29,1,117,2,939.6232623000001,,939.6091419000004,939.6232623000001,940.6239009000001,940.6239009000001,940.6239009000001,940.6239009000001,940.6239009000001,941.6238316000004,941.6238316000004,942.9914264000004,,,,,c,1,1.362810399999944,None,par_5_mtr_seq,001,2025-10-01_23h22.40.371,untitled,,2025.1.1,59.98735466569841,2025-10-01 23h22.50.092171 +0530,
-50,x,118,2,29,x,1,0.9179126000003635,None,,,,,29,2,118,0,943.0073111000002,,942.9920755000003,943.0073111000002,943.9906157,943.9906157,943.9906157,943.9906157,944.0078862,945.0067493000001,945.0067493000001,945.9407919,,,,,x,1,0.9179126000003635,None,par_5_mtr_seq,001,2025-10-01_23h22.40.371,untitled,,2025.1.1,59.98735466569841,2025-10-01 23h22.50.092171 +0530,
-150,z,119,3,29,x,0,0.5953857000004064,None,,,,,29,3,119,3,945.9567799000001,,945.9413888000004,945.9567799000001,946.9416897000001,946.9416897000001,946.9416897000001,946.9416897000001,946.9571875000001,947.9399564,947.9399564,948.5415187000003,,,,,x,0,0.5953857000004064,None,par_5_mtr_seq,001,2025-10-01_23h22.40.371,untitled,,2025.1.1,59.98735466569841,2025-10-01 23h22.50.092171 +0530,
-50,x,120,0,30,x,1,0.5815523999999641,None,,,,,30,0,120,0,948.5577344000003,,948.5420123000004,948.5577344000003,949.5570997000004,949.5570997000004,949.5570997000004,949.5570997000004,949.5570997000004,950.5574666000002,950.5574666000002,951.1422353000003,,,,,x,1,0.5815523999999641,None,par_5_mtr_seq,001,2025-10-01_23h22.40.371,untitled,,2025.1.1,59.98735466569841,2025-10-01 23h22.50.092171 +0530,
-150,z,121,1,30,z,1,0.5857969999997295,None,,,,,30,1,121,3,951.1567438000002,,951.1427228000002,951.1567438000002,952.1572622000003,952.1572622000003,952.1572622000003,952.1572622000003,952.1572622000003,953.1581291000002,953.1581291000002,953.7578616000001,,,,,z,1,0.5857969999997295,None,par_5_mtr_seq,001,2025-10-01_23h22.40.371,untitled,,2025.1.1,59.98735466569841,2025-10-01 23h22.50.092171 +0530,
50,c,122,2,30,c,1,2.4300403000002007,None,,,,,30,2,122,2,953.7735142000001,,953.7583157000004,953.7735142000001,954.7736116000001,954.7736116000001,954.7736116000001,954.7736116000001,954.7736116000001,955.7740901000002,955.7740901000002,958.2078535,,,,,c,1,2.4300403000002007,None,par_5_mtr_seq,001,2025-10-01_23h22.40.371,untitled,,2025.1.1,59.98735466569841,2025-10-01 23h22.50.092171 +0530,
150,v,123,3,30,c,0,0.7643837000000531,None,,,,,30,3,123,1,958.2234309,,958.2085953000001,958.2234309,959.2239076000001,959.2239076000001,959.2239076000001,959.2239076000001,959.2239076000001,960.2071756,960.2071756,960.9749753000001,,,,,c,0,0.7643837000000531,None,par_5_mtr_seq,001,2025-10-01_23h22.40.371,untitled,,2025.1.1,59.98735466569841,2025-10-01 23h22.50.092171 +0530,
50,c,124,0,31,c,1,1.1645847000004323,None,,,,,31,0,124,2,960.9903129000004,,960.9754636000002,960.9903129000004,961.9739799000004,961.9739799000004,961.9739799000004,961.9739799000004,961.9911152000004,962.9902340000003,962.9902340000003,964.1579074000001,,,,,c,1,1.1645847000004323,None,par_5_mtr_seq,001,2025-10-01_23h22.40.371,untitled,,2025.1.1,59.98735466569841,2025-10-01 23h22.50.092171 +0530,
-50,x,125,1,31,x,1,1.6935597000001508,None,,,,,31,1,125,0,964.1734784,,964.1583885,964.1734784,965.1573751000001,965.1573751000001,965.1573751000001,965.1573751000001,965.1739483000001,966.1572168000002,966.1572168000002,967.8578218000002,,,,,x,1,1.6935597000001508,None,par_5_mtr_seq,001,2025-10-01_23h22.40.371,untitled,,2025.1.1,59.98735466569841,2025-10-01 23h22.50.092171 +0530,
-150,z,126,2,31,z,1,0.6769923000001654,None,,,,,31,2,126,3,967.8735602000002,,967.8584343000002,967.8735602000002,968.8738949000003,968.8738949000003,968.8738949000003,968.8738949000003,968.8738949000003,969.8567757000001,969.8567757000001,970.541557,,,,,z,1,0.6769923000001654,None,par_5_mtr_seq,001,2025-10-01_23h22.40.371,untitled,,2025.1.1,59.98735466569841,2025-10-01 23h22.50.092171 +0530,
150,v,127,3,31,v,1,0.47305690000030154,None,,,,,31,3,127,1,970.5568875000004,,970.5428711000004,970.5568875000004,971.5407355000002,971.5407355000002,971.5407355000002,971.5407355000002,971.5577914,972.5574188,972.5574188,973.0407258,,,,,v,1,0.47305690000030154,None,par_5_mtr_seq,001,2025-10-01_23h22.40.371,untitled,,2025.1.1,59.98735466569841,2025-10-01 23h22.50.092171 +0530,
150,v,128,0,32,c,0,0.48883539999997083,None,,,,,32,0,128,1,973.0572448000003,,973.0412749000002,973.0572448000003,974.0408906000002,974.0408906000002,974.0408906000002,974.0408906000002,974.0571005000002,975.0416418000004,975.0416418000004,975.5419712000003,,,,,c,0,0.48883539999997083,None,par_5_mtr_seq,001,2025-10-01_23h22.40.371,untitled,,2025.1.1,59.98735466569841,2025-10-01 23h22.50.092171 +0530,
50,c,129,1,32,c,1,2.2756054999999833,None,,,,,32,1,129,2,975.5569079000002,,975.5424681000004,975.5569079000002,976.5579009000003,976.5579009000003,976.5579009000003,976.5579009000003,976.5579009000003,977.5578998000001,977.5578998000001,979.8412070000004,,,,,c,1,2.2756054999999833,None,par_5_mtr_seq,001,2025-10-01_23h22.40.371,untitled,,2025.1.1,59.98735466569841,2025-10-01 23h22.50.092171 +0530,
-150,z,130,2,32,z,1,1.1619636000000355,None,,,,,32,2,130,3,979.8568435000002,,979.8417351000003,979.8568435000002,980.8406623000001,980.8406623000001,980.8406623000001,980.8406623000001,980.8573778,981.8404262000004,981.8404262000004,983.0085284000002,,,,,z,1,1.1619636000000355,None,par_5_mtr_seq,001,2025-10-01_23h22.40.371,untitled,,2025.1.1,59.98735466569841,2025-10-01 23h22.50.092171 +0530,
-50,x,131,3,32,x,1,0.7018202999997811,None,,,,,32,3,131,0,983.0233881000004,,983.0090150000001,983.0233881000004,984.0082238,984.0082238,984.0082238,984.0082238,984.0240728000003,985.0074656000002,985.0074656000002,985.7241061000004,,,,,x,1,0.7018202999997811,None,par_5_mtr_seq,001,2025-10-01_23h22.40.371,untitled,,2025.1.1,59.98735466569841,2025-10-01 23h22.50.092171 +0530,
150,v,132,0,33,v,1,1.0305585000000974,None,,,,,33,0,132,1,985.7403711000002,,985.7246549000001,985.7403711000002,986.7240275000004,986.7240275000004,986.7240275000004,986.7240275000004,986.7410912,987.7236539,987.7236539,988.7579532000004,,,,,v,1,1.0305585000000974,None,par_5_mtr_seq,001,2025-10-01_23h22.40.371,untitled,,2025.1.1,59.98735466569841,2025-10-01 23h22.50.092171 +0530,
50,c,133,1,33,x,0,0.29192319999992833,None,,,,,33,1,133,2,988.7737030000003,,988.7585375000003,988.7737030000003,989.7572955,989.7572955,989.7572955,989.7572955,989.7741568000001,990.7573049000002,990.7573049000002,991.0579298000002,,,,,x,0,0.29192319999992833,None,par_5_mtr_seq,001,2025-10-01_23h22.40.371,untitled,,2025.1.1,59.98735466569841,2025-10-01 23h22.50.092171 +0530,
-150,z,134,2,33,z,1,1.1571357999996508,None,,,,,33,2,134,3,991.0749708000003,,991.0583985000003,991.0749708000003,992.0747595000003,992.0747595000003,992.0747595000003,992.0747595000003,992.0747595000003,993.0578258,993.0578258,994.2245713000002,,,,,z,1,1.1571357999996508,None,par_5_mtr_seq,001,2025-10-01_23h22.40.371,untitled,,2025.1.1,59.98735466569841,2025-10-01 23h22.50.092171 +0530,
-50,x,135,3,33,x,1,0.45080019999977594,None,,,,,33,3,135,0,994.2400626000003,,994.2250391000002,994.2400626000003,995.2248534,995.2248534,995.2248534,995.2248534,995.2414525000004,996.2411146000004,996.2411146000004,996.7080203,,,,,x,1,0.45080019999977594,None,par_5_mtr_seq,001,2025-10-01_23h22.40.371,untitled,,2025.1.1,59.98735466569841,2025-10-01 23h22.50.092171 +0530,
50,c,136,0,34,x,0,1.9667728999997962,None,,,,,34,0,136,2,996.7235496000003,,996.7086537,996.7235496000003,997.7076506000003,997.7076506000003,997.7076506000003,997.7076506000003,997.7241197000003,998.7069792000002,998.7069792000002,1000.6755641000004,,,,,x,0,1.9667728999997962,None,par_5_mtr_seq,001,2025-10-01_23h22.40.371,untitled,,2025.1.1,59.98735466569841,2025-10-01 23h22.50.092171 +0530,
-50,x,137,1,34,x,1,2.0029122999999345,None,,,,,34,1,137,0,1000.6889924000002,,1000.6761857000001,1000.6889924000002,1001.6908773,1001.6908773,1001.6908773,1001.6908773,1001.6908773,1002.6908586000004,1002.6908586000004,1004.7081276000004,,,,,x,1,2.0029122999999345,None,par_5_mtr_seq,001,2025-10-01_23h22.40.371,untitled,,2025.1.1,59.98735466569841,2025-10-01 23h22.50.092171 +0530,
150,v,138,2,34,b,0,0.9211529999997765,None,,,,,34,2,138,1,1004.7239760000002,,1004.7086622000002,1004.7239760000002,1005.7078792000002,1005.7078792000002,1005.7078792000002,1005.7078792000002,1005.7245003000003,1006.7074541000002,1006.7074541000002,1007.6416738000003,,,,,b,0,0.9211529999997765,None,par_5_mtr_seq,001,2025-10-01_23h22.40.371,untitled,,2025.1.1,59.98735466569841,2025-10-01 23h22.50.092171 +0530,
-150,z,139,3,34,z,1,0.8375049999999646,None,,,,,34,3,139,3,1007.6574347000001,,1007.6422293,1007.6574347000001,1008.6410035000004,1008.6410035000004,1008.6410035000004,1008.6410035000004,1008.6579417000003,1009.6403986,1009.6403986,1010.491246,,,,,z,1,0.8375049999999646,None,par_5_mtr_seq,001,2025-10-01_23h22.40.371,untitled,,2025.1.1,59.98735466569841,2025-10-01 23h22.50.092171 +0530,
-50,x,140,0,35,x,1,0.5995591000000786,None,,,,,35,0,140,0,1010.5071382000001,,1010.4918386000004,1010.5071382000001,1011.4915607000003,1011.4915607000003,1011.4915607000003,1011.4915607000003,1011.5086993000004,1012.5076556000004,1012.5076556000004,1013.1246026000003,,,,,x,1,0.5995591000000786,None,par_5_mtr_seq,001,2025-10-01_23h22.40.371,untitled,,2025.1.1,59.98735466569841,2025-10-01 23h22.50.092171 +0530,
-150,z,141,1,35,z,1,0.7328342999999222,None,,,,,35,1,141,3,1013.1403488000001,,1013.1251944,1013.1403488000001,1014.1243553000004,1014.1243553000004,1014.1243553000004,1014.1243553000004,1014.1403038000003,1015.1236348000002,1015.1236348000002,1015.8579416000002,,,,,z,1,0.7328342999999222,None,par_5_mtr_seq,001,2025-10-01_23h22.40.371,untitled,,2025.1.1,59.98735466569841,2025-10-01 23h22.50.092171 +0530,
150,v,142,2,35,v,1,1.5111919000000853,None,,,,,35,2,142,1,1015.8736771000004,,1015.8584683000004,1015.8736771000004,1016.8569715000003,1016.8569715000003,1016.8569715000003,1016.8569715000003,1016.8737627,1017.8569919000001,1017.8569919000001,1019.3747031000003,,,,,v,1,1.5111919000000853,None,par_5_mtr_seq,001,2025-10-01_23h22.40.371,untitled,,2025.1.1,59.98735466569841,2025-10-01 23h22.50.092171 +0530,
50,c,143,3,35,c,1,1.9920892999998614,None,,,,,35,3,143,2,1019.3904682000002,,1019.3752438000001,1019.3904682000002,1020.3744011000003,1020.3744011000003,1020.3744011000003,1020.3744011000003,1020.3910755000002,1021.3740851000002,1021.3740851000002,1023.3747649000002,,,,,c,1,1.9920892999998614,None,par_5_mtr_seq,001,2025-10-01_23h22.40.371,untitled,,2025.1.1,59.98735466569841,2025-10-01 23h22.50.092171 +0530,
-50,x,144,0,36,x,1,1.066783100000066,None,,,,,36,0,144,0,1023.3906182000001,,1023.3752234000003,1023.3906182000001,1024.3742841000003,1024.3742841000003,1024.3742841000003,1024.3742841000003,1024.3916983000004,1025.3742974000002,1025.3742974000002,1026.4583601000004,,,,,x,1,1.066783100000066,None,par_5_mtr_seq,001,2025-10-01_23h22.40.371,untitled,,2025.1.1,59.98735466569841,2025-10-01 23h22.50.092171 +0530,
50,c,145,1,36,c,1,0.8554645999997774,None,,,,,36,1,145,2,1026.4745156000004,,1026.4589271000004,1026.4745156000004,1027.457351,1027.457351,1027.457351,1027.457351,1027.4743301000003,1028.4576272000004,1028.4576272000004,1029.3247829000002,,,,,c,1,0.8554645999997774,None,par_5_mtr_seq,001,2025-10-01_23h22.40.371,untitled,,2025.1.1,59.98735466569841,2025-10-01 23h22.50.092171 +0530,
150,v,146,2,36,v,1,0.6960768999997526,None,,,,,36,2,146,1,1029.3407996,,1029.3252524000004,1029.3407996,1030.3242428000003,1030.3242428000003,1030.3242428000003,1030.3242428000003,1030.3415123000004,1031.3241605000003,1031.3241605000003,1032.0247842000003,,,,,v,1,0.6960768999997526,None,par_5_mtr_seq,001,2025-10-01_23h22.40.371,untitled,,2025.1.1,59.98735466569841,2025-10-01 23h22.50.092171 +0530,
-150,z,147,3,36,z,1,1.0487123000002612,None,,,,,36,3,147,3,1032.0403313000002,,1032.0253857000002,1032.0403313000002,1033.0245857000004,1033.0245857000004,1033.0245857000004,1033.0245857000004,1033.0410014000004,1034.0242658000002,1034.0242658000002,1035.0759281,,,,,z,1,1.0487123000002612,None,par_5_mtr_seq,001,2025-10-01_23h22.40.371,untitled,,2025.1.1,59.98735466569841,2025-10-01 23h22.50.092171 +0530,
-50,x,148,0,37,x,1,0.8999254000000292,None,,,,,37,0,148,0,1035.0915246000004,,1035.0764203000003,1035.0915246000004,1036.0917079,1036.0917079,1036.0917079,1036.0917079,1036.0917079,1037.0905545,1037.0905545,1038.0080593000002,,,,,x,1,0.8999254000000292,None,par_5_mtr_seq,001,2025-10-01_23h22.40.371,untitled,,2025.1.1,59.98735466569841,2025-10-01 23h22.50.092171 +0530,
-150,z,149,1,37,z,1,0.5744362999998884,None,,,,,37,1,149,3,1038.0237185,,1038.0086621,1038.0237185,1039.0085856,1039.0085856,1039.0085856,1039.0085856,1039.0241466000002,1040.007344,1040.007344,1040.5913941000003,,,,,z,1,0.5744362999998884,None,par_5_mtr_seq,001,2025-10-01_23h22.40.371,untitled,,2025.1.1,59.98735466569841,2025-10-01 23h22.50.092171 +0530,
50,c,150,2,37,c,1,0.7801353999998355,None,,,,,37,2,150,2,1040.6071922,,1040.5919758,1040.6071922,1041.6074029000001,1041.6074029000001,1041.6074029000001,1041.6074029000001,1041.6074029000001,1042.5908295000004,1042.5908295000004,1043.3746524000003,,,,,c,1,0.7801353999998355,None,par_5_mtr_seq,001,2025-10-01_23h22.40.371,untitled,,2025.1.1,59.98735466569841,2025-10-01 23h22.50.092171 +0530,
150,v,151,3,37,v,1,0.39773479999985284,None,,,,,37,3,151,1,1043.3903667000004,,1043.3751402000003,1043.3903667000004,1044.3749388,1044.3749388,1044.3749388,1044.3749388,1044.3912096000004,1045.374119,1045.374119,1045.7749566000002,,,,,v,1,0.39773479999985284,None,par_5_mtr_seq,001,2025-10-01_23h22.40.371,untitled,,2025.1.1,59.98735466569841,2025-10-01 23h22.50.092171 +0530,
50,c,152,0,38,c,1,0.9703173000002607,None,,,,,38,0,152,2,1045.7910606,,1045.7755240000001,1045.7910606,1046.7737599000002,1046.7737599000002,1046.7737599000002,1046.7737599000002,1046.7909428000003,1047.7911091,1047.7911091,1048.7748084000004,,,,,c,1,0.9703173000002607,None,par_5_mtr_seq,001,2025-10-01_23h22.40.371,untitled,,2025.1.1,59.98735466569841,2025-10-01 23h22.50.092171 +0530,
-150,z,153,1,38,z,1,0.5532020000000557,None,,,,,38,1,153,3,1048.7903084000004,,1048.7753007000001,1048.7903084000004,1049.7742264000003,1049.7742264000003,1049.7742264000003,1049.7742264000003,1049.7910482000002,1050.7750982000002,1050.7750982000002,1051.3420607000003,,,,,z,1,0.5532020000000557,None,par_5_mtr_seq,001,2025-10-01_23h22.40.371,untitled,,2025.1.1,59.98735466569841,2025-10-01 23h22.50.092171 +0530,
150,v,154,2,38,v,1,0.9212643999999273,None,,,,,38,2,154,1,1051.3573326,,1051.3426656000001,1051.3573326,1052.340979,1052.340979,1052.340979,1052.340979,1052.3580974000001,1053.3407959,1053.3407959,1054.2745454,,,,,v,1,0.9212643999999273,None,par_5_mtr_seq,001,2025-10-01_23h22.40.371,untitled,,2025.1.1,59.98735466569841,2025-10-01 23h22.50.092171 +0530,
-50,x,155,3,38,x,1,0.8330953999998201,None,,,,,38,3,155,0,1054.2903784,,1054.2750572000004,1054.2903784,1055.2742105000002,1055.2742105000002,1055.2742105000002,1055.2742105000002,1055.2911679000003,1056.2745113,1056.2745113,1057.1083816,,,,,x,1,0.8330953999998201,None,par_5_mtr_seq,001,2025-10-01_23h22.40.371,untitled,,2025.1.1,59.98735466569841,2025-10-01 23h22.50.092171 +0530,
-150,z,156,0,39,z,1,0.7211333999998715,None,,,,,39,0,156,3,1057.1239939000002,,1057.1088734000004,1057.1239939000002,1058.1074780000004,1058.1074780000004,1058.1074780000004,1058.1074780000004,1058.1253362000002,1059.124534,1059.124534,1059.8580382,,,,,z,1,0.7211333999998715,None,par_5_mtr_seq,001,2025-10-01_23h22.40.371,untitled,,2025.1.1,59.98735466569841,2025-10-01 23h22.50.092171 +0530,
150,v,157,1,39,v,1,1.3549885000002178,None,,,,,39,1,157,1,1059.8740085000004,,1059.8585395,1059.8740085000004,1060.8579065000004,1060.8579065000004,1060.8579065000004,1060.8579065000004,1060.8749736000004,1061.8574035000001,1061.8574035000001,1063.2258423000003,,,,,v,1,1.3549885000002178,None,par_5_mtr_seq,001,2025-10-01_23h22.40.371,untitled,,2025.1.1,59.98735466569841,2025-10-01 23h22.50.092171 +0530,
-50,x,158,2,39,x,1,0.9063963999997213,None,,,,,39,2,158,0,1063.2404621,,1063.2263377000004,1063.2404621,1064.2414029000001,1064.2414029000001,1064.2414029000001,1064.2414029000001,1064.2414029000001,1065.2413425000004,1065.2413425000004,1066.1583681000002,,,,,x,1,0.9063963999997213,None,par_5_mtr_seq,001,2025-10-01_23h22.40.371,untitled,,2025.1.1,59.98735466569841,2025-10-01 23h22.50.092171 +0530,
50,c,159,3,39,x,0,1.9994716999999582,None,,,,,39,3,159,2,1066.1739157000002,,1066.158934,1066.1739157000002,1067.1743476000001,1067.1743476000001,1067.1743476000001,1067.1743476000001,1067.1743476000001,1068.1590049000001,1068.1590049000001,1070.1746808000003,,,,,x,0,1.9994716999999582,None,par_5_mtr_seq,001,2025-10-01_23h22.40.371,untitled,,2025.1.1,59.98735466569841,2025-10-01 23h22.50.092171 +0530,
-50,x,160,0,40,x,1,0.7129784999997355,None,,,,,40,0,160,0,1070.1918488000001,,1070.1751604,1070.1918488000001,1071.1739675000003,1071.1739675000003,1071.1739675000003,1071.1739675000003,1071.2071787000004,1072.1911213000003,1072.1911213000003,1072.9080299000002,,,,,x,1,0.7129784999997355,None,par_5_mtr_seq,001,2025-10-01_23h22.40.371,untitled,,2025.1.1,59.98735466569841,2025-10-01 23h22.50.092171 +0530,
-150,z,161,1,40,z,1,0.9307025999996767,None,,,,,40,1,161,3,1072.9239809,,1072.9087285,1072.9239809,1073.90731,1073.90731,1073.90731,1073.90731,1073.9258096000003,1074.9076023000002,1074.9076023000002,1075.8413205000002,,,,,z,1,0.9307025999996767,None,par_5_mtr_seq,001,2025-10-01_23h22.40.371,untitled,,2025.1.1,59.98735466569841,2025-10-01 23h22.50.092171 +0530,
150,v,162,2,40,c,0,2.6094112000000678,None,,,,,40,2,162,1,1075.8570637000003,,1075.8418336000004,1075.8570637000003,1076.8411003,1076.8411003,1076.8411003,1076.8411003,1076.8577306000002,1077.8406107,1077.8406107,1080.4584672,,,,,c,0,2.6094112000000678,None,par_5_mtr_seq,001,2025-10-01_23h22.40.371,untitled,,2025.1.1,59.98735466569841,2025-10-01 23h22.50.092171 +0530,
50,c,163,3,40,x,0,0.31365939999977854,None,,,,,40,3,163,2,1080.4738275000004,,1080.4589531000001,1080.4738275000004,1081.4576738,1081.4576738,1081.4576738,1081.4576738,1081.4739335000004,1082.4581476000003,1082.4581476000003,1082.7747629,,,,,x,0,0.31365939999977854,None,par_5_mtr_seq,001,2025-10-01_23h22.40.371,untitled,,2025.1.1,59.98735466569841,2025-10-01 23h22.50.092171 +0530,
150,v,164,0,41,c,0,0.5918938999998318,None,,,,,41,0,164,1,1082.7905892000003,,1082.7753093000001,1082.7905892000003,1083.7754496000002,1083.7754496000002,1083.7754496000002,1083.7754496000002,1083.7910518000003,1084.7752155000003,1084.7752155000003,1085.3746778000004,,,,,c,0,0.5918938999998318,None,par_5_mtr_seq,001,2025-10-01_23h22.40.371,untitled,,2025.1.1,59.98735466569841,2025-10-01 23h22.50.092171 +0530,
-50,x,165,1,41,x,1,3.0275692000000163,None,,,,,41,1,165,0,1085.3905824000003,,1085.3752423,1085.3905824000003,1086.3748518000002,1086.3748518000002,1086.3748518000002,1086.3748518000002,1086.3909866000004,1087.3743225000003,1087.3743225000003,1090.4087650000001,,,,,x,1,3.0275692000000163,None,par_5_mtr_seq,001,2025-10-01_23h22.40.371,untitled,,2025.1.1,59.98735466569841,2025-10-01 23h22.50.092171 +0530,
-150,z,166,2,41,z,1,0.8749679000002288,None,,,,,41,2,166,3,1090.4239614000003,,1090.4092762,1090.4239614000003,1091.4252142,1091.4252142,1091.4252142,1091.4252142,1091.4252142,1092.4079000000002,1092.4079000000002,1093.2911916000003,,,,,z,1,0.8749679000002288,None,par_5_mtr_seq,001,2025-10-01_23h22.40.371,untitled,,2025.1.1,59.98735466569841,2025-10-01 23h22.50.092171 +0530,
50,c,167,3,41,c,1,1.3423299999999472,None,,,,,41,3,167,2,1093.3077491000004,,1093.2917022000001,1093.3077491000004,1094.2918084000003,1094.2918084000003,1094.2918084000003,1094.2918084000003,1094.3087578000004,1095.291517,1095.291517,1096.6419616000003,,,,,c,1,1.3423299999999472,None,par_5_mtr_seq,001,2025-10-01_23h22.40.371,untitled,,2025.1.1,59.98735466569841,2025-10-01 23h22.50.092171 +0530,
-50,x,168,0,42,x,1,1.8649734000000535,None,,,,,42,0,168,0,1096.6575372000002,,1096.6424545000004,1096.6575372000002,1097.6410032000003,1097.6410032000003,1097.6410032000003,1097.6410032000003,1097.6576232000002,1098.6418274000002,1098.6418274000002,1100.5088898000004,,,,,x,1,1.8649734000000535,None,par_5_mtr_seq,001,2025-10-01_23h22.40.371,untitled,,2025.1.1,59.98735466569841,2025-10-01 23h22.50.092171 +0530,
150,v,169,1,42,v,1,1.8996388999998999,None,,,,,42,1,169,1,1100.5238386,,1100.5094040000004,1100.5238386,1101.5250671000003,1101.5250671000003,1101.5250671000003,1101.5250671000003,1101.5250671000003,1102.5078556000003,1102.5078556000003,1104.4096440000003,,,,,v,1,1.8996388999998999,None,par_5_mtr_seq,001,2025-10-01_23h22.40.371,untitled,,2025.1.1,59.98735466569841,2025-10-01 23h22.50.092171 +0530,
50,c,170,2,42,c,1,1.1015806999998858,None,,,,,42,2,170,2,1104.4239873000001,,1104.410147,1104.4239873000001,1105.4247398000002,1105.4247398000002,1105.4247398000002,1105.4247398000002,1105.4247398000002,1106.4242538000003,1106.4242538000003,1107.5415959000002,,,,,c,1,1.1015806999998858,None,par_5_mtr_seq,001,2025-10-01_23h22.40.371,untitled,,2025.1.1,59.98735466569841,2025-10-01 23h22.50.092171 +0530,
-150,z,171,3,42,z,1,0.3439939999998387,None,,,,,42,3,171,3,1107.5573644,,1107.5423121000003,1107.5573644,1108.5412363,1108.5412363,1108.5412363,1108.5412363,1108.5584748,1109.5411190000004,1109.5411190000004,1109.8917076000002,,,,,z,1,0.3439939999998387,None,par_5_mtr_seq,001,2025-10-01_23h22.40.371,untitled,,2025.1.1,59.98735466569841,2025-10-01 23h22.50.092171 +0530,
-150,z,172,0,43,z,1,0.39792309999984354,None,,,,,43,0,172,3,1109.9076406000004,,1109.8923187,1109.9076406000004,1110.8915796000001,1110.8915796000001,1110.8915796000001,1110.8915796000001,1110.9082259000002,1111.8911194000002,1111.8911194000002,1112.2921439000002,,,,,z,1,0.39792309999984354,None,par_5_mtr_seq,001,2025-10-01_23h22.40.371,untitled,,2025.1.1,59.98735466569841,2025-10-01 23h22.50.092171 +0530,
-50,x,173,1,43,x,1,0.7523452000000361,None,,,,,43,1,173,0,1112.3073554000002,,1112.2926368000003,1112.3073554000002,1113.2917511,1113.2917511,1113.2917511,1113.2917511,1113.3080665000002,1114.2912589000002,1114.2912589000002,1115.0582546,,,,,x,1,0.7523452000000361,None,par_5_mtr_seq,001,2025-10-01_23h22.40.371,untitled,,2025.1.1,59.98735466569841,2025-10-01 23h22.50.092171 +0530,
150,v,174,2,43,v,1,1.719444199999998,None,,,,,43,2,174,1,1115.0746568000004,,1115.0588369000002,1115.0746568000004,1116.0580898000003,1116.0580898000003,1116.0580898000003,1116.0580898000003,1116.0741586000004,1117.0580426000001,1117.0580426000001,1118.7918838,,,,,v,1,1.719444199999998,None,par_5_mtr_seq,001,2025-10-01_23h22.40.371,untitled,,2025.1.1,59.98735466569841,2025-10-01 23h22.50.092171 +0530,
50,c,175,3,43,c,1,1.7090923000000657,None,,,,,43,3,175,2,1118.8078030000001,,1118.7923790000004,1118.8078030000001,1119.7917402000003,1119.7917402000003,1119.7917402000003,1119.7917402000003,1119.8082311000003,1120.7920169000004,1120.7920169000004,1122.5100257000004,,,,,c,1,1.7090923000000657,None,par_5_mtr_seq,001,2025-10-01_23h22.40.371,untitled,,2025.1.1,59.98735466569841,2025-10-01 23h22.50.092171 +0530,
50,c,176,0,44,z,0,1.716388900000311,None,,,,,44,0,176,2,1122.5255345,,1122.5105326000003,1122.5255345,1123.5245550000004,1123.5245550000004,1123.5245550000004,1123.5245550000004,1123.5415207,1124.5245372000004,1124.5245372000004,1126.24296,,,,,z,0,1.716388900000311,None,par_5_mtr_seq,001,2025-10-01_23h22.40.371,untitled,,2025.1.1,59.98735466569841,2025-10-01 23h22.50.092171 +0530,
-50,x,177,1,44,x,1,0.8649646999997458,None,,,,,44,1,177,0,1126.2577465000004,,1126.2434435,1126.2577465000004,1127.2580934000002,1127.2580934000002,1127.2580934000002,1127.2580934000002,1127.2580934000002,1128.2574759000004,1128.2574759000004,1129.1252659000002,,,,,x,1,0.8649646999997458,None,par_5_mtr_seq,001,2025-10-01_23h22.40.371,untitled,,2025.1.1,59.98735466569841,2025-10-01 23h22.50.092171 +0530,
-150,z,178,2,44,z,1,0.5389945000001717,None,,,,,44,2,178,3,1129.1411774000003,,1129.1257733000002,1129.1411774000003,1130.1240738000001,1130.1240738000001,1130.1240738000001,1130.1240738000001,1130.1413899000004,1131.1243326000003,1131.1243326000003,1131.6758180000002,,,,,z,1,0.5389945000001717,None,par_5_mtr_seq,001,2025-10-01_23h22.40.371,untitled,,2025.1.1,59.98735466569841,2025-10-01 23h22.50.092171 +0530,
150,v,179,3,44,x,0,1.5728801000000203,None,,,,,44,3,179,1,1131.6906609000002,,1131.676574,1131.6906609000002,1132.6914583000002,1132.6914583000002,1132.6914583000002,1132.6914583000002,1132.6914583000002,1133.6755167000001,1133.6755167000001,1135.2588033000002,,,,,x,0,1.5728801000000203,None,par_5_mtr_seq,001,2025-10-01_23h22.40.371,untitled,,2025.1.1,59.98735466569841,2025-10-01 23h22.50.092171 +0530,
150,v,180,0,45,v,1,1.3774443000002066,None,,,,,45,0,180,1,1135.2741572000004,,1135.2592946000004,1135.2741572000004,1136.2578365000004,1136.2578365000004,1136.2578365000004,1136.2578365000004,1136.2748281000004,1137.2581198000003,1137.2581198000003,1138.6419715000002,,,,,v,1,1.3774443000002066,None,par_5_mtr_seq,001,2025-10-01_23h22.40.371,untitled,,2025.1.1,59.98735466569841,2025-10-01 23h22.50.092171 +0530,
-150,z,181,1,45,z,1,6.430561100000432,None,,,,,45,1,181,3,1138.6575118,,1138.6424735,1138.6575118,1139.6580607,1139.6580607,1139.6580607,1139.6580607,1139.6580607,1140.6413725000002,1140.6413725000002,1147.0748574000004,,,,,z,1,6.430561100000432,None,par_5_mtr_seq,001,2025-10-01_23h22.40.371,untitled,,2025.1.1,59.98735466569841,2025-10-01 23h22.50.092171 +0530,
-50,x,182,2,45,x,1,0.6239472999995996,None,,,,,45,2,182,0,1147.0906774,,1147.0753632,1147.0906774,1148.0753804,1148.0753804,1148.0753804,1148.0753804,1148.0913551000003,1149.0746687,1149.0746687,1149.7092846,,,,,x,1,0.6239472999995996,None,par_5_mtr_seq,001,2025-10-01_23h22.40.371,untitled,,2025.1.1,59.98735466569841,2025-10-01 23h22.50.092171 +0530,
50,c,183,3,45,c,1,0.6869261000001643,None,,,,,45,3,183,2,1149.7241288,,1149.7098335,1149.7241288,1150.7252718000004,1150.7252718000004,1150.7252718000004,1150.7252718000004,1150.7252718000004,1151.7248109000002,1151.7248109000002,1152.4247333000003,,,,,c,1,0.6869261000001643,None,par_5_mtr_seq,001,2025-10-01_23h22.40.371,untitled,,2025.1.1,59.98735466569841,2025-10-01 23h22.50.092171 +0530,
-150,z,184,0,46,z,1,2.408017100000052,None,,,,,46,0,184,3,1152.4420662000002,,1152.4252194,1152.4420662000002,1153.4246494000004,1153.4246494000004,1153.4246494000004,1153.4246494000004,1153.4414628000004,1154.4240312000002,1154.4240312000002,1156.8429745000003,,,,,z,1,2.408017100000052,None,par_5_mtr_seq,001,2025-10-01_23h22.40.371,untitled,,2025.1.1,59.98735466569841,2025-10-01 23h22.50.092171 +0530,
-50,x,185,1,46,x,1,0.5020024000000376,None,,,,,46,1,185,0,1156.8592887000004,,1156.8435386,1156.8592887000004,1157.8585597000001,1157.8585597000001,1157.8585597000001,1157.8585597000001,1157.874346,1158.8583856,1158.8583856,1159.3749013000001,,,,,x,1,0.5020024000000376,None,par_5_mtr_seq,001,2025-10-01_23h22.40.371,untitled,,2025.1.1,59.98735466569841,2025-10-01 23h22.50.092171 +0530,
150,v,186,2,46,v,1,0.6689873000000262,None,,,,,46,2,186,1,1159.3913937000002,,1159.3753998000002,1159.3913937000002,1160.3895829000003,1160.3895829000003,1160.3895829000003,1160.3895829000003,1160.4062252000003,1161.3752054000001,1161.3752054000001,1162.0584173000002,,,,,v,1,0.6689873000000262,None,par_5_mtr_seq,001,2025-10-01_23h22.40.371,untitled,,2025.1.1,59.98735466569841,2025-10-01 23h22.50.092171 +0530,
50,c,187,3,46,c,1,0.5123029000001225,None,,,,,46,3,187,2,1162.0743111000002,,1162.0588836000002,1162.0743111000002,1163.0582203000004,1163.0582203000004,1163.0582203000004,1163.0582203000004,1163.0746157000003,1164.0581836000001,1164.0581836000001,1164.5764981000002,,,,,c,1,0.5123029000001225,None,par_5_mtr_seq,001,2025-10-01_23h22.40.371,untitled,,2025.1.1,59.98735466569841,2025-10-01 23h22.50.092171 +0530,
150,v,188,0,47,v,1,0.7980622000000039,None,,,,,47,0,188,1,1164.5912382000001,,1164.5769912,1164.5912382000001,1165.5913725,1165.5913725,1165.5913725,1165.5913725,1165.5913725,1166.5914125000004,1166.5914125000004,1167.3922893000004,,,,,v,1,0.7980622000000039,None,par_5_mtr_seq,001,2025-10-01_23h22.40.371,untitled,,2025.1.1,59.98735466569841,2025-10-01 23h22.50.092171 +0530,
-50,x,189,1,47,z,0,3.4295357000000877,None,,,,,47,1,189,0,1167.4078855000002,,1167.3927914,1167.4078855000002,1168.4076128000002,1168.4076128000002,1168.4076128000002,1168.4076128000002,1168.4076128000002,1169.3920463000004,1169.3920463000004,1172.8252706000003,,,,,z,0,3.4295357000000877,None,par_5_mtr_seq,001,2025-10-01_23h22.40.371,untitled,,2025.1.1,59.98735466569841,2025-10-01 23h22.50.092171 +0530,
-150,z,190,2,47,z,1,3.8724497000002884,None,,,,,47,2,190,3,1172.8411469000002,,1172.8259587000002,1172.8411469000002,1173.8412948,1173.8412948,1173.8412948,1173.8412948,1173.8412948,1174.8247560000004,1174.8247560000004,1178.7082241000003,,,,,z,1,3.8724497000002884,None,par_5_mtr_seq,001,2025-10-01_23h22.40.371,untitled,,2025.1.1,59.98735466569841,2025-10-01 23h22.50.092171 +0530,
50,c,191,3,47,c,1,0.4472275999996782,None,,,,,47,3,191,2,1178.7251332,,1178.7086681,1178.7251332,1179.7081807000004,1179.7081807000004,1179.7081807000004,1179.7081807000004,1179.7248425000002,1180.7083571000003,1180.7083571000003,1181.1593467000002,,,,,c,1,0.4472275999996782,None,par_5_mtr_seq,001,2025-10-01_23h22.40.371,untitled,,2025.1.1,59.98735466569841,2025-10-01 23h22.50.092171 +0530,
-50,x,192,0,48,x,1,0.8454742000003534,None,,,,,48,0,192,0,1181.1749501000004,,1181.1598771000004,1181.1749501000004,1182.1749946000004,1182.1749946000004,1182.1749946000004,1182.1749946000004,1182.1749946000004,1183.1750430000002,1183.1750430000002,1184.0258970000004,,,,,x,1,0.8454742000003534,None,par_5_mtr_seq,001,2025-10-01_23h22.40.371,untitled,,2025.1.1,59.98735466569841,2025-10-01 23h22.50.092171 +0530,
50,c,193,1,48,c,1,0.8282804000000397,None,,,,,48,1,193,2,1184.0417781,,1184.0263439,1184.0417781,1185.0415693000004,1185.0415693000004,1185.0415693000004,1185.0415693000004,1185.0415693000004,1186.0417253,1186.0417253,1186.8762587,,,,,c,1,0.8282804000000397,None,par_5_mtr_seq,001,2025-10-01_23h22.40.371,untitled,,2025.1.1,59.98735466569841,2025-10-01 23h22.50.092171 +0530,
150,v,194,2,48,v,1,0.7545736000001853,None,,,,,48,2,194,1,1186.8909656,,1186.8767659,1186.8909656,1187.8915904,1187.8915904,1187.8915904,1187.8915904,1187.8915904,1188.8913811000002,1188.8913811000002,1189.6593476000003,,,,,v,1,0.7545736000001853,None,par_5_mtr_seq,001,2025-10-01_23h22.40.371,untitled,,2025.1.1,59.98735466569841,2025-10-01 23h22.50.092171 +0530,
-150,z,195,3,48,z,1,0.3331913000001805,None,,,,,48,3,195,3,1189.6747963000003,,1189.6599085000003,1189.6747963000003,1190.6749908000002,1190.6749908000002,1190.6749908000002,1190.6749908000002,1190.6749908000002,1191.6582478,1191.6582478,1191.9925124000001,,,,,z,1,0.3331913000001805,None,par_5_mtr_seq,001,2025-10-01_23h22.40.371,untitled,,2025.1.1,59.98735466569841,2025-10-01 23h22.50.092171 +0530,
50,c,196,0,49,c,1,0.602437099999861,None,,,,,49,0,196,2,1192.0080176000001,,1191.9930013000003,1192.0080176000001,1193.0084587000001,1193.0084587000001,1193.0084587000001,1193.0084587000001,1193.0084587000001,1194.0084943000002,1194.0084943000002,1194.6250451,,,,,c,1,0.602437099999861,None,par_5_mtr_seq,001,2025-10-01_23h22.40.371,untitled,,2025.1.1,59.98735466569841,2025-10-01 23h22.50.092171 +0530,
-50,x,197,1,49,z,0,0.2741998000001331,None,,,,,49,1,197,0,1194.6410857,,1194.6256203000003,1194.6410857,1195.6249363000002,1195.6249363000002,1195.6249363000002,1195.6249363000002,1195.6416339000002,1196.6249811000002,1196.6249811000002,1196.9089581000003,,,,,z,0,0.2741998000001331,None,par_5_mtr_seq,001,2025-10-01_23h22.40.371,untitled,,2025.1.1,59.98735466569841,2025-10-01 23h22.50.092171 +0530,
150,v,198,2,49,v,1,0.48142120000011346,None,,,,,49,2,198,1,1196.9251713000003,,1196.9094702000002,1196.9251713000003,1197.9079655,1197.9079655,1197.9079655,1197.9079655,1197.9250641000003,1198.9250627000001,1198.9250627000001,1199.4090538,,,,,v,1,0.48142120000011346,None,par_5_mtr_seq,001,2025-10-01_23h22.40.371,untitled,,2025.1.1,59.98735466569841,2025-10-01 23h22.50.092171 +0530,
-150,z,199,3,49,z,1,0.5340839999998934,None,,,,,49,3,199,3,1199.4248447,,1199.4095863000002,1199.4248447,1200.4079667,1200.4079667,1200.4079667,1200.4079667,1200.4246622,1201.4087495000003,1201.4087495000003,1201.9586856,,,,,z,1,0.5340839999998934,None,par_5_mtr_seq,001,2025-10-01_23h22.40.371,untitled,,2025.1.1,59.98735466569841,2025-10-01 23h22.50.092171 +0530,
