pos,corr_resp,thisN,thisTrialN,thisRepN,key_resp.keys,key_resp.corr,key_resp.rt,key_resp.duration,trials.thisRepN,trials.thisTrialN,trials.thisN,trials.thisIndex,trials_2.thisRepN,trials_2.thisTrialN,trials_2.thisN,trials_2.thisIndex,thisRow.t,notes,trial.started,fixation.started,line1.started,line_2.started,line_3.started,line4.started,fixation.stopped,probe.started,key_resp.started,trial.stopped,trials.key_resp.keys,trials.key_resp.corr,trials.key_resp.rt,trials.key_resp.duration,trials_2.key_resp.keys,trials_2.key_resp.corr,trials_2.key_resp.rt,trials_2.key_resp.duration,participant,session,date,expName,expVersion,psychopyVersion,frameRate,expStart,
-50,x,0,0,0,x,1,0.7098722000000066,None,0,0,0,0,,,,,0.030099199999995108,,0.01977080000000342,0.030099199999995108,1.0056366999999966,1.0056366999999966,1.0056366999999966,1.0056366999999966,1.0391323999999997,2.0054943000000094,2.0054943000000094,2.8078716999999926,x,1,0.7098722000000066,None,,,,,par_4_mtr_seq,001,2025-10-01_22h47.00.991,untitled,,2025.1.1,60.02119948766625,2025-10-01 22h47.12.067456 +0530,
150,v,1,1,0,v,1,1.1814396999999985,None,0,1,1,1,,,,,2.817054200000001,,2.808428099999986,2.817054200000001,3.8221696999999892,3.8221696999999892,3.8221696999999892,3.8221696999999892,3.8221696999999892,4.822214000000002,4.822214000000002,6.00662220000001,v,1,1.1814396999999985,None,,,,,par_4_mtr_seq,001,2025-10-01_22h47.00.991,untitled,,2025.1.1,60.02119948766625,2025-10-01 22h47.12.067456 +0530,
50,c,2,2,0,c,1,0.9077210000000093,None,0,2,2,2,,,,,6.022358699999984,,6.007193699999988,6.022358699999984,7.022203599999983,7.022203599999983,7.022203599999983,7.022203599999983,7.022203599999983,8.022241600000001,8.022241600000001,8.939695999999998,c,1,0.9077210000000093,None,,,,,par_4_mtr_seq,001,2025-10-01_22h47.00.991,untitled,,2025.1.1,60.02119948766625,2025-10-01 22h47.12.067456 +0530,
-150,z,3,3,0,z,1,0.2734478999999794,None,0,3,3,3,,,,,8.956532399999986,,8.940226599999988,8.956532399999986,9.938937399999986,9.938937399999986,9.938937399999986,9.938937399999986,9.955647099999993,10.938965800000005,10.938965800000005,11.223233399999998,z,1,0.2734478999999794,None,,,,,par_4_mtr_seq,001,2025-10-01_22h47.00.991,untitled,,2025.1.1,60.02119948766625,2025-10-01 22h47.12.067456 +0530,
-50,x,4,0,1,x,1,0.4332956000000081,None,1,0,4,0,,,,,11.239076600000004,,11.223708600000009,11.239076600000004,12.23921279999999,12.23921279999999,12.23921279999999,12.23921279999999,12.23921279999999,13.222226199999994,13.222226199999994,13.656384400000007,x,1,0.4332956000000081,None,,,,,par_4_mtr_seq,001,2025-10-01_22h47.00.991,untitled,,2025.1.1,60.02119948766625,2025-10-01 22h47.12.067456 +0530,
150,v,5,1,1,v,1,0.7021721999999784,None,1,1,5,1,,,,,13.672236400000003,,13.656869599999993,13.672236400000003,14.655524200000002,14.655524200000002,14.655524200000002,14.655524200000002,14.6722307,15.670283799999993,15.670283799999993,16.38885669999999,v,1,0.7021721999999784,None,,,,,par_4_mtr_seq,001,2025-10-01_22h47.00.991,untitled,,2025.1.1,60.02119948766625,2025-10-01 22h47.12.067456 +0530,
50,c,6,2,1,v,0,0.40380530000001613,None,1,2,6,2,,,,,16.405667599999987,,16.3894114,16.405667599999987,17.3889384,17.3889384,17.3889384,17.3889384,17.4055841,18.388884899999994,18.388884899999994,18.806185099999993,v,0,0.40380530000001613,None,,,,,par_4_mtr_seq,001,2025-10-01_22h47.00.991,untitled,,2025.1.1,60.02119948766625,2025-10-01 22h47.12.067456 +0530,
-150,z,7,3,1,z,1,0.7605561999999964,None,1,3,7,3,,,,,18.821945199999988,,18.806644000000006,18.821945199999988,19.805669499999993,19.805669499999993,19.805669499999993,19.805669499999993,19.822183199999984,20.805792300000007,20.805792300000007,21.709944000000007,z,1,0.7605561999999964,None,,,,,par_4_mtr_seq,001,2025-10-01_22h47.00.991,untitled,,2025.1.1,60.02119948766625,2025-10-01 22h47.12.067456 +0530,
-50,x,8,0,2,x,1,0.4672877000000142,None,2,0,8,0,,,,,21.721327400000007,,21.710470499999985,21.721327400000007,22.722522400000003,22.722522400000003,22.722522400000003,22.722522400000003,22.722522400000003,23.72228229999999,23.72228229999999,24.190442200000007,x,1,0.4672877000000142,None,,,,,par_4_mtr_seq,001,2025-10-01_22h47.00.991,untitled,,2025.1.1,60.02119948766625,2025-10-01 22h47.12.067456 +0530,
150,v,9,1,2,v,1,0.33821570000000634,None,2,1,9,1,,,,,24.2056963,,24.19092280000001,24.2056963,25.205659300000008,25.205659300000008,25.205659300000008,25.205659300000008,25.205659300000008,26.205659699999984,26.205659699999984,26.556613699999986,v,1,0.33821570000000634,None,,,,,par_4_mtr_seq,001,2025-10-01_22h47.00.991,untitled,,2025.1.1,60.02119948766625,2025-10-01 22h47.12.067456 +0530,
50,c,10,2,2,c,1,0.5540521000000069,None,2,2,10,2,,,,,26.57276970000001,,26.557101799999998,26.57276970000001,27.572258500000004,27.572258500000004,27.572258500000004,27.572258500000004,27.589199699999995,28.5726861,28.5726861,29.139688000000007,c,1,0.5540521000000069,None,,,,,par_4_mtr_seq,001,2025-10-01_22h47.00.991,untitled,,2025.1.1,60.02119948766625,2025-10-01 22h47.12.067456 +0530,
-150,z,11,3,2,z,1,0.3331694000000027,None,2,3,11,3,,,,,29.155840100000006,,29.14014019999999,29.155840100000006,30.138776399999983,30.138776399999983,30.138776399999983,30.138776399999983,30.155759899999993,31.139050999999995,31.139050999999995,31.473053800000002,z,1,0.3331694000000027,None,,,,,par_4_mtr_seq,001,2025-10-01_22h47.00.991,untitled,,2025.1.1,60.02119948766625,2025-10-01 22h47.12.067456 +0530,
-50,x,12,0,3,x,1,0.44241199999999026,None,3,0,12,0,,,,,31.489137900000003,,31.47352860000001,31.489137900000003,32.473243,32.473243,32.473243,32.473243,32.4907542,33.47249980000001,33.47249980000001,33.92467619999999,x,1,0.44241199999999026,None,,,,,par_4_mtr_seq,001,2025-10-01_22h47.00.991,untitled,,2025.1.1,60.02119948766625,2025-10-01 22h47.12.067456 +0530,
150,v,13,1,3,v,1,0.30877990000001887,None,3,1,13,1,,,,,33.93931739999999,,33.925158100000004,33.93931739999999,34.939091899999994,34.939091899999994,34.939091899999994,34.939091899999994,34.939091899999994,35.93904269999999,35.93904269999999,36.256285099999985,v,1,0.30877990000001887,None,,,,,par_4_mtr_seq,001,2025-10-01_22h47.00.991,untitled,,2025.1.1,60.02119948766625,2025-10-01 22h47.12.067456 +0530,
50,c,14,2,3,x,0,0.31782000000001176,None,3,2,14,2,,,,,36.27238539999999,,36.25681309999999,36.27238539999999,37.254997799999984,37.254997799999984,37.254997799999984,37.254997799999984,37.27309779999999,38.2558554,38.2558554,38.5898268,x,0,0.31782000000001176,None,,,,,par_4_mtr_seq,001,2025-10-01_22h47.00.991,untitled,,2025.1.1,60.02119948766625,2025-10-01 22h47.12.067456 +0530,
-150,z,15,3,3,z,1,0.4745313999999894,None,3,3,15,3,,,,,38.60563569999999,,38.5903452,38.60563569999999,39.589429499999994,39.589429499999994,39.589429499999994,39.589429499999994,39.6056428,40.589043299999986,40.589043299999986,41.07291219999999,z,1,0.4745313999999894,None,,,,,par_4_mtr_seq,001,2025-10-01_22h47.00.991,untitled,,2025.1.1,60.02119948766625,2025-10-01 22h47.12.067456 +0530,
-50,x,16,0,4,x,1,0.45947959999998034,None,4,0,16,0,,,,,41.0890411,,41.073451000000006,41.0890411,42.073367399999995,42.073367399999995,42.073367399999995,42.073367399999995,42.08914469999999,43.07235739999999,43.07235739999999,43.53951910000001,x,1,0.45947959999998034,None,,,,,par_4_mtr_seq,001,2025-10-01_22h47.00.991,untitled,,2025.1.1,60.02119948766625,2025-10-01 22h47.12.067456 +0530,
150,v,17,1,4,v,1,0.31055710000001113,None,4,1,17,1,,,,,43.5559021,,43.539951299999984,43.5559021,44.53944329999999,44.53944329999999,44.53944329999999,44.53944329999999,44.556128599999994,45.539385899999985,45.539385899999985,45.856743800000004,v,1,0.31055710000001113,None,,,,,par_4_mtr_seq,001,2025-10-01_22h47.00.991,untitled,,2025.1.1,60.02119948766625,2025-10-01 22h47.12.067456 +0530,
50,c,18,2,4,c,1,0.41911179999999604,None,4,2,18,2,,,,,45.87236809999999,,45.85727879999999,45.87236809999999,46.85574109999999,46.85574109999999,46.85574109999999,46.85574109999999,46.8723971,47.85571949999999,47.85571949999999,48.2894694,c,1,0.41911179999999604,None,,,,,par_4_mtr_seq,001,2025-10-01_22h47.00.991,untitled,,2025.1.1,60.02119948766625,2025-10-01 22h47.12.067456 +0530,
-150,z,19,3,4,x,0,1.7082666000000017,None,4,3,19,3,,,,,48.3058101,,48.289924299999996,48.3058101,49.3057565,49.3057565,49.3057565,49.3057565,49.3057565,50.2888768,50.2888768,52.00660389999999,x,0,1.7082666000000017,None,,,,,par_4_mtr_seq,001,2025-10-01_22h47.00.991,untitled,,2025.1.1,60.02119948766625,2025-10-01 22h47.12.067456 +0530,
-50,x,20,0,5,x,1,1.1658331000000146,None,5,0,20,0,,,,,52.02252870000001,,52.007138999999995,52.02252870000001,53.022627,53.022627,53.022627,53.022627,53.022627,54.0225404,54.0225404,55.19068490000001,x,1,1.1658331000000146,None,,,,,par_4_mtr_seq,001,2025-10-01_22h47.00.991,untitled,,2025.1.1,60.02119948766625,2025-10-01 22h47.12.067456 +0530,
150,v,21,1,5,v,1,0.9803891999999905,None,5,1,21,1,,,,,55.20569760000001,,55.1911643,55.20569760000001,56.2057672,56.2057672,56.2057672,56.2057672,56.2057672,57.205740099999986,57.205740099999986,58.189500699999996,v,1,0.9803891999999905,None,,,,,par_4_mtr_seq,001,2025-10-01_22h47.00.991,untitled,,2025.1.1,60.02119948766625,2025-10-01 22h47.12.067456 +0530,
50,c,22,2,5,c,1,0.9799798999999894,None,5,2,22,2,,,,,58.206034999999986,,58.18993839999999,58.206034999999986,59.188929,59.188929,59.188929,59.188929,59.205918499999996,60.18930829999999,60.18930829999999,61.17286569999999,c,1,0.9799798999999894,None,,,,,par_4_mtr_seq,001,2025-10-01_22h47.00.991,untitled,,2025.1.1,60.02119948766625,2025-10-01 22h47.12.067456 +0530,
-150,z,23,3,5,z,1,0.6615644000000032,None,5,3,23,3,,,,,61.18995219999999,,61.17329860000001,61.18995219999999,62.172494099999994,62.172494099999994,62.172494099999994,62.172494099999994,62.1896107,63.172342999999984,63.172342999999984,63.840959699999985,z,1,0.6615644000000032,None,,,,,par_4_mtr_seq,001,2025-10-01_22h47.00.991,untitled,,2025.1.1,60.02119948766625,2025-10-01 22h47.12.067456 +0530,
-50,x,24,0,6,x,1,0.6645465000000002,None,6,0,24,0,,,,,63.856447799999984,,63.84143449999999,63.856447799999984,64.85577280000001,64.85577280000001,64.85577280000001,64.85577280000001,64.85577280000001,65.85592199999999,65.85592199999999,66.523449,x,1,0.6645465000000002,None,,,,,par_4_mtr_seq,001,2025-10-01_22h47.00.991,untitled,,2025.1.1,60.02119948766625,2025-10-01 22h47.12.067456 +0530,
150,v,25,1,6,v,1,0.8794322999999906,None,6,1,25,1,,,,,66.53905979999999,,66.52398729999999,66.53905979999999,67.52248549999999,67.52248549999999,67.52248549999999,67.52248549999999,67.53912679999999,68.53893539999999,68.53893539999999,69.42355760000001,v,1,0.8794322999999906,None,,,,,par_4_mtr_seq,001,2025-10-01_22h47.00.991,untitled,,2025.1.1,60.02119948766625,2025-10-01 22h47.12.067456 +0530,
50,c,26,2,6,c,1,0.768026099999986,None,6,2,26,2,,,,,69.43911449999999,,69.4240068,69.43911449999999,70.43923469999999,70.43923469999999,70.43923469999999,70.43923469999999,70.43923469999999,71.43952669999999,71.43952669999999,72.22345709999999,c,1,0.768026099999986,None,,,,,par_4_mtr_seq,001,2025-10-01_22h47.00.991,untitled,,2025.1.1,60.02119948766625,2025-10-01 22h47.12.067456 +0530,
-150,z,27,3,6,z,1,0.7496994999999913,None,6,3,27,3,,,,,72.23905830000001,,72.2240041,72.23905830000001,73.2390508,73.2390508,73.2390508,73.2390508,73.2390508,74.23945649999999,74.23945649999999,74.9901759,z,1,0.7496994999999913,None,,,,,par_4_mtr_seq,001,2025-10-01_22h47.00.991,untitled,,2025.1.1,60.02119948766625,2025-10-01 22h47.12.067456 +0530,
-50,x,28,0,7,x,1,0.6173359999999946,None,7,0,28,0,,,,,75.00596350000001,,74.9906546,75.00596350000001,76.0059919,76.0059919,76.0059919,76.0059919,76.0059919,77.00602860000001,77.00602860000001,77.6398294,x,1,0.6173359999999946,None,,,,,par_4_mtr_seq,001,2025-10-01_22h47.00.991,untitled,,2025.1.1,60.02119948766625,2025-10-01 22h47.12.067456 +0530,
150,v,29,1,7,v,1,0.9130077000000085,None,7,1,29,1,,,,,77.65579819999999,,77.6403568,77.65579819999999,78.6391792,78.6391792,78.6391792,78.6391792,78.65586479999999,79.6391276,79.6391276,80.556319,v,1,0.9130077000000085,None,,,,,par_4_mtr_seq,001,2025-10-01_22h47.00.991,untitled,,2025.1.1,60.02119948766625,2025-10-01 22h47.12.067456 +0530,
50,c,30,2,7,c,1,0.8176222000000166,None,7,2,30,2,,,,,80.57245749999998,,80.5567892,80.57245749999998,81.5559519,81.5559519,81.5559519,81.5559519,81.57229889999999,82.55579069999999,82.55579069999999,83.3889639,c,1,0.8176222000000166,None,,,,,par_4_mtr_seq,001,2025-10-01_22h47.00.991,untitled,,2025.1.1,60.02119948766625,2025-10-01 22h47.12.067456 +0530,
-150,z,31,3,7,z,1,0.5852035000000058,None,7,3,31,3,,,,,83.4056435,,83.3894616,83.4056435,84.3891868,84.3891868,84.3891868,84.3891868,84.4058695,85.3893304,85.3893304,85.990441,z,1,0.5852035000000058,None,,,,,par_4_mtr_seq,001,2025-10-01_22h47.00.991,untitled,,2025.1.1,60.02119948766625,2025-10-01 22h47.12.067456 +0530,
-50,x,32,0,8,x,1,0.7877211999999929,None,8,0,32,0,,,,,86.00585860000001,,85.9909854,86.00585860000001,87.00593129999999,87.00593129999999,87.00593129999999,87.00593129999999,87.00593129999999,88.0056935,88.0056935,88.80652860000001,x,1,0.7877211999999929,None,,,,,par_4_mtr_seq,001,2025-10-01_22h47.00.991,untitled,,2025.1.1,60.02119948766625,2025-10-01 22h47.12.067456 +0530,
150,v,33,1,8,v,1,1.0333196999999927,None,8,1,33,1,,,,,88.82232300000001,,88.80702550000001,88.82232300000001,89.80558729999998,89.80558729999998,89.80558729999998,89.80558729999998,89.82269779999999,90.8061079,90.8061079,91.8402936,v,1,1.0333196999999927,None,,,,,par_4_mtr_seq,001,2025-10-01_22h47.00.991,untitled,,2025.1.1,60.02119948766625,2025-10-01 22h47.12.067456 +0530,
50,c,34,2,8,c,1,0.8978376999999966,None,8,2,34,2,,,,,91.85673399999999,,91.84077020000001,91.85673399999999,92.8391809,92.8391809,92.8391809,92.8391809,92.8559291,93.8392011,93.8392011,94.73987639999999,c,1,0.8978376999999966,None,,,,,par_4_mtr_seq,001,2025-10-01_22h47.00.991,untitled,,2025.1.1,60.02119948766625,2025-10-01 22h47.12.067456 +0530,
-150,z,35,3,8,z,1,0.801877200000007,None,8,3,35,3,,,,,94.7559608,,94.74032840000001,94.7559608,95.73968249999999,95.73968249999999,95.73968249999999,95.73968249999999,95.7558745,96.73933389999999,96.73933389999999,97.55716799999999,z,1,0.801877200000007,None,,,,,par_4_mtr_seq,001,2025-10-01_22h47.00.991,untitled,,2025.1.1,60.02119948766625,2025-10-01 22h47.12.067456 +0530,
-50,x,36,0,9,x,1,0.9226320000000214,None,9,0,36,0,,,,,97.57253539999999,,97.55764690000001,97.57253539999999,98.5560108,98.5560108,98.5560108,98.5560108,98.5723514,99.5722892,99.5722892,100.50673419999998,x,1,0.9226320000000214,None,,,,,par_4_mtr_seq,001,2025-10-01_22h47.00.991,untitled,,2025.1.1,60.02119948766625,2025-10-01 22h47.12.067456 +0530,
150,v,37,1,9,v,1,1.0928322999999978,None,9,1,37,1,,,,,100.52279370000002,,100.50716519999997,100.52279370000002,101.50641159999998,101.50641159999998,101.50641159999998,101.50641159999998,101.52268609999999,102.50593400000002,102.50593400000002,103.60641909999998,v,1,1.0928322999999978,None,,,,,par_4_mtr_seq,001,2025-10-01_22h47.00.991,untitled,,2025.1.1,60.02119948766625,2025-10-01 22h47.12.067456 +0530,
50,c,38,2,9,c,1,0.7039361999999869,None,9,2,38,2,,,,,103.62307609999999,,103.60686249999998,103.62307609999999,104.60566169999998,104.60566169999998,104.60566169999998,104.60566169999998,104.62250949999998,105.60600019999998,105.60600019999998,106.32235229999998,c,1,0.7039361999999869,None,,,,,par_4_mtr_seq,001,2025-10-01_22h47.00.991,untitled,,2025.1.1,60.02119948766625,2025-10-01 22h47.12.067456 +0530,
-150,z,39,3,9,z,1,0.6409663000000023,None,9,3,39,3,,,,,106.33907770000002,,106.32279189999997,106.33907770000002,107.32257679999998,107.32257679999998,107.32257679999998,107.32257679999998,107.33920719999998,108.32224730000002,108.32224730000002,108.97333659999998,z,1,0.6409663000000023,None,,,,,par_4_mtr_seq,001,2025-10-01_22h47.00.991,untitled,,2025.1.1,60.02119948766625,2025-10-01 22h47.12.067456 +0530,
-50,x,40,0,10,x,1,0.6133954000000017,None,10,0,40,0,,,,,108.9885357,,108.97383689999998,108.9885357,109.97321099999999,109.97321099999999,109.97321099999999,109.97321099999999,109.9894165,110.9893821,110.9893821,111.60678180000002,x,1,0.6133954000000017,None,,,,,par_4_mtr_seq,001,2025-10-01_22h47.00.991,untitled,,2025.1.1,60.02119948766625,2025-10-01 22h47.12.067456 +0530,
150,v,41,1,10,c,0,0.6128985000000284,None,10,1,41,1,,,,,111.62204109999999,,111.60727170000001,111.62204109999999,112.6061047,112.6061047,112.6061047,112.6061047,112.62208629999998,113.60627729999999,113.60627729999999,114.22285740000001,c,0,0.6128985000000284,None,,,,,par_4_mtr_seq,001,2025-10-01_22h47.00.991,untitled,,2025.1.1,60.02119948766625,2025-10-01 22h47.12.067456 +0530,
50,c,42,2,10,c,1,0.40491119999995817,None,10,2,42,2,,,,,114.24024070000002,,114.2233238,114.24024070000002,115.22328529999999,115.22328529999999,115.22328529999999,115.22328529999999,115.2400748,116.22269920000002,116.22269920000002,116.63929230000002,c,1,0.40491119999995817,None,,,,,par_4_mtr_seq,001,2025-10-01_22h47.00.991,untitled,,2025.1.1,60.02119948766625,2025-10-01 22h47.12.067456 +0530,
-150,z,43,3,10,z,1,0.6004613000000063,None,10,3,43,3,,,,,116.65518659999998,,116.6398648,116.65518659999998,117.63969420000001,117.63969420000001,117.63969420000001,117.63969420000001,117.65649689999998,118.6392808,118.6392808,119.24055010000001,z,1,0.6004613000000063,None,,,,,par_4_mtr_seq,001,2025-10-01_22h47.00.991,untitled,,2025.1.1,60.02119948766625,2025-10-01 22h47.12.067456 +0530,
-50,x,44,0,11,x,1,0.6824132999999506,None,11,0,44,0,,,,,119.25592669999997,,119.24102829999998,119.25592669999997,120.2553408,120.2553408,120.2553408,120.2553408,120.2553408,121.25623999999999,121.25623999999999,121.9403747,x,1,0.6824132999999506,None,,,,,par_4_mtr_seq,001,2025-10-01_22h47.00.991,untitled,,2025.1.1,60.02119948766625,2025-10-01 22h47.12.067456 +0530,
150,v,45,1,11,v,1,1.050422900000001,None,11,1,45,1,,,,,121.95542510000001,,121.94086010000001,121.95542510000001,122.9556857,122.9556857,122.9556857,122.9556857,122.9556857,123.9565839,123.9565839,125.02298660000002,v,1,1.050422900000001,None,,,,,par_4_mtr_seq,001,2025-10-01_22h47.00.991,untitled,,2025.1.1,60.02119948766625,2025-10-01 22h47.12.067456 +0530,
50,c,46,2,11,c,1,0.9104730999999902,None,11,2,46,2,,,,,125.03924369999999,,125.02347129999998,125.03924369999999,126.02316050000002,126.02316050000002,126.02316050000002,126.02316050000002,126.0399165,127.02310690000002,127.02310690000002,127.94007920000001,c,1,0.9104730999999902,None,,,,,par_4_mtr_seq,001,2025-10-01_22h47.00.991,untitled,,2025.1.1,60.02119948766625,2025-10-01 22h47.12.067456 +0530,
-150,z,47,3,11,z,1,0.8701664000000164,None,11,3,47,3,,,,,127.9553924,,127.94061499999998,127.9553924,128.9395571,128.9395571,128.9395571,128.9395571,128.9559071,129.93958809999998,129.93958809999998,130.82323839999998,z,1,0.8701664000000164,None,,,,,par_4_mtr_seq,001,2025-10-01_22h47.00.991,untitled,,2025.1.1,60.02119948766625,2025-10-01 22h47.12.067456 +0530,
-50,x,48,0,12,x,1,0.7227738999999929,None,12,0,48,0,,,,,130.8388159,,130.8237191,130.8388159,131.82253400000002,131.82253400000002,131.82253400000002,131.82253400000002,131.839694,132.82294910000002,132.82294910000002,133.55757849999998,x,1,0.7227738999999929,None,,,,,par_4_mtr_seq,001,2025-10-01_22h47.00.991,untitled,,2025.1.1,60.02119948766625,2025-10-01 22h47.12.067456 +0530,
150,v,49,1,12,v,1,0.9239525000000413,None,12,1,49,1,,,,,133.5720609,,133.55818670000002,133.5720609,134.5732628,134.5732628,134.5732628,134.5732628,134.5732628,135.5720457,135.5720457,136.5068559,v,1,0.9239525000000413,None,,,,,par_4_mtr_seq,001,2025-10-01_22h47.00.991,untitled,,2025.1.1,60.02119948766625,2025-10-01 22h47.12.067456 +0530,
50,c,50,2,12,c,1,0.9705641999999557,None,12,2,50,2,,,,,136.5223676,,136.5073387,136.5223676,137.50538819999997,137.50538819999997,137.50538819999997,137.50538819999997,137.52311149999997,138.52309809999997,138.52309809999997,139.5069562,c,1,0.9705641999999557,None,,,,,par_4_mtr_seq,001,2025-10-01_22h47.00.991,untitled,,2025.1.1,60.02119948766625,2025-10-01 22h47.12.067456 +0530,
-150,z,51,3,12,z,1,0.551838000000032,None,12,3,51,3,,,,,139.5222996,,139.50749029999997,139.5222996,140.5066016,140.5066016,140.5066016,140.5066016,140.5227913,141.5229332,141.5229332,142.0898762,z,1,0.551838000000032,None,,,,,par_4_mtr_seq,001,2025-10-01_22h47.00.991,untitled,,2025.1.1,60.02119948766625,2025-10-01 22h47.12.067456 +0530,
-50,x,52,0,13,x,1,0.8869068000000198,None,13,0,52,0,,,,,142.1055743,,142.0904046,142.1055743,143.106379,143.106379,143.106379,143.106379,143.106379,144.0895092,144.0895092,144.9897937,x,1,0.8869068000000198,None,,,,,par_4_mtr_seq,001,2025-10-01_22h47.00.991,untitled,,2025.1.1,60.02119948766625,2025-10-01 22h47.12.067456 +0530,
150,v,53,1,13,v,1,1.0330485000000067,None,13,1,53,1,,,,,145.00531009999997,,144.9902444,145.00531009999997,145.99002710000002,145.99002710000002,145.99002710000002,145.99002710000002,146.00594969999997,146.98932250000001,146.98932250000001,148.0231346,v,1,1.0330485000000067,None,,,,,par_4_mtr_seq,001,2025-10-01_22h47.00.991,untitled,,2025.1.1,60.02119948766625,2025-10-01 22h47.12.067456 +0530,
50,c,54,2,13,c,1,0.7419236999999725,None,13,2,54,2,,,,,148.03892710000002,,148.0236241,148.03892710000002,149.02336129999998,149.02336129999998,149.02336129999998,149.02336129999998,149.0396548,150.0224746,150.0224746,150.77315169999997,c,1,0.7419236999999725,None,,,,,par_4_mtr_seq,001,2025-10-01_22h47.00.991,untitled,,2025.1.1,60.02119948766625,2025-10-01 22h47.12.067456 +0530,
-150,z,55,3,13,z,1,0.9010496999999873,None,13,3,55,3,,,,,150.78880779999997,,150.77375109999997,150.78880779999997,151.77292669999997,151.77292669999997,151.77292669999997,151.77292669999997,151.7897845,152.77264250000002,152.77264250000002,153.69041900000002,z,1,0.9010496999999873,None,,,,,par_4_mtr_seq,001,2025-10-01_22h47.00.991,untitled,,2025.1.1,60.02119948766625,2025-10-01 22h47.12.067456 +0530,
-50,x,56,0,14,x,1,0.5125684999999862,None,14,0,56,0,,,,,153.70554470000002,,153.69087839999997,153.70554470000002,154.7060293,154.7060293,154.7060293,154.7060293,154.7060293,155.6898195,155.6898195,156.206347,x,1,0.5125684999999862,None,,,,,par_4_mtr_seq,001,2025-10-01_22h47.00.991,untitled,,2025.1.1,60.02119948766625,2025-10-01 22h47.12.067456 +0530,
150,v,57,1,14,v,1,0.831452000000013,None,14,1,57,1,,,,,156.2220896,,156.20684269999998,156.2220896,157.2066951,157.2066951,157.2066951,157.2066951,157.22203439999998,158.2054488,158.2054488,159.03980409999997,v,1,0.831452000000013,None,,,,,par_4_mtr_seq,001,2025-10-01_22h47.00.991,untitled,,2025.1.1,60.02119948766625,2025-10-01 22h47.12.067456 +0530,
50,c,58,2,14,c,1,0.846959800000036,None,14,2,58,2,,,,,159.05548579999999,,159.04023899999999,159.05548579999999,160.05603739999998,160.05603739999998,160.05603739999998,160.05603739999998,160.05603739999998,161.0392443,161.0392443,161.88795190000002,c,1,0.846959800000036,None,,,,,par_4_mtr_seq,001,2025-10-01_22h47.00.991,untitled,,2025.1.1,60.02119948766625,2025-10-01 22h47.12.067456 +0530,
-150,z,59,3,14,z,1,0.8722756999999888,None,14,3,59,3,,,,,161.903927,,161.8883328,161.903927,162.8894879,162.8894879,162.8894879,162.8894879,162.9060859,163.88949380000003,163.88949380000003,164.77309359999998,z,1,0.8722756999999888,None,,,,,par_4_mtr_seq,001,2025-10-01_22h47.00.991,untitled,,2025.1.1,60.02119948766625,2025-10-01 22h47.12.067456 +0530,
-50,x,60,0,15,x,1,0.8774617999999919,None,15,0,60,0,,,,,164.78906059999997,,164.7736514,164.78906059999997,165.7734274,165.7734274,165.7734274,165.7734274,165.78969769999998,166.77290219999998,166.77290219999998,167.65784179999997,x,1,0.8774617999999919,None,,,,,par_4_mtr_seq,001,2025-10-01_22h47.00.991,untitled,,2025.1.1,60.02119948766625,2025-10-01 22h47.12.067456 +0530,
150,v,61,1,15,v,1,1.0843298000000345,None,15,1,61,1,,,,,167.67273640000002,,167.65832089999998,167.67273640000002,168.6727737,168.6727737,168.6727737,168.6727737,168.6727737,169.6728862,169.6728862,170.774276,v,1,1.0843298000000345,None,,,,,par_4_mtr_seq,001,2025-10-01_22h47.00.991,untitled,,2025.1.1,60.02119948766625,2025-10-01 22h47.12.067456 +0530,
50,c,62,2,15,c,1,0.8403094999999894,None,15,2,62,2,,,,,170.79133810000002,,170.7747921,170.79133810000002,171.7884133,171.7884133,171.7884133,171.7884133,171.80418650000001,172.78860880000002,172.78860880000002,173.63923440000002,c,1,0.8403094999999894,None,,,,,par_4_mtr_seq,001,2025-10-01_22h47.00.991,untitled,,2025.1.1,60.02119948766625,2025-10-01 22h47.12.067456 +0530,
-150,z,63,3,15,z,1,0.5013440000000173,None,15,3,63,3,,,,,173.6546727,,173.639654,173.6546727,174.63850330000002,174.63850330000002,174.63850330000002,174.63850330000002,174.6551827,175.63864569999998,175.63864569999998,176.1564169,z,1,0.5013440000000173,None,,,,,par_4_mtr_seq,001,2025-10-01_22h47.00.991,untitled,,2025.1.1,60.02119948766625,2025-10-01 22h47.12.067456 +0530,
-50,x,64,0,16,x,1,0.6694368999999938,None,16,0,64,0,,,,,176.1715828,,176.15706419999998,176.1715828,177.17090760000002,177.17090760000002,177.17090760000002,177.17090760000002,177.17090760000002,178.17094609999998,178.17094609999998,178.8550864,x,1,0.6694368999999938,None,,,,,par_4_mtr_seq,001,2025-10-01_22h47.00.991,untitled,,2025.1.1,60.02119948766625,2025-10-01 22h47.12.067456 +0530,
150,v,65,1,16,v,1,0.858587,None,16,1,65,1,,,,,178.87095649999998,,178.8555053,178.87095649999998,179.8546356,179.8546356,179.8546356,179.8546356,179.8709422,180.8550866,180.8550866,181.7215246,v,1,0.858587,None,,,,,par_4_mtr_seq,001,2025-10-01_22h47.00.991,untitled,,2025.1.1,60.02119948766625,2025-10-01 22h47.12.067456 +0530,
50,c,66,2,16,c,1,1.7292276999999672,None,16,2,66,2,,,,,181.73748719999998,,181.72190319999999,181.73748719999998,182.72124609999997,182.72124609999997,182.72124609999997,182.72124609999997,182.7380073,183.72210669999998,183.72210669999998,185.45549139999997,c,1,1.7292276999999672,None,,,,,par_4_mtr_seq,001,2025-10-01_22h47.00.991,untitled,,2025.1.1,60.02119948766625,2025-10-01 22h47.12.067456 +0530,
-150,z,67,3,16,z,1,0.653705299999956,None,16,3,67,3,,,,,185.4713602,,185.45600380000002,185.4713602,186.45420760000002,186.45420760000002,186.45420760000002,186.45420760000002,186.4711267,187.4556614,187.4556614,188.12312150000002,z,1,0.653705299999956,None,,,,,par_4_mtr_seq,001,2025-10-01_22h47.00.991,untitled,,2025.1.1,60.02119948766625,2025-10-01 22h47.12.067456 +0530,
-50,x,68,0,17,x,1,0.7276558000000364,None,17,0,68,0,,,,,188.13893180000002,,188.1236091,188.13893180000002,189.123041,189.123041,189.123041,189.123041,189.1397351,190.12249409999998,190.12249409999998,190.8568035,x,1,0.7276558000000364,None,,,,,par_4_mtr_seq,001,2025-10-01_22h47.00.991,untitled,,2025.1.1,60.02119948766625,2025-10-01 22h47.12.067456 +0530,
150,v,69,1,17,v,1,0.6045450999999957,None,17,1,69,1,,,,,190.8723117,,190.857283,190.8723117,191.85679599999997,191.85679599999997,191.85679599999997,191.85679599999997,191.87230519999997,192.85630959999997,192.85630959999997,193.47345109999998,v,1,0.6045450999999957,None,,,,,par_4_mtr_seq,001,2025-10-01_22h47.00.991,untitled,,2025.1.1,60.02119948766625,2025-10-01 22h47.12.067456 +0530,
50,c,70,2,17,c,1,0.7364359000000036,None,17,2,70,2,,,,,193.48977259999998,,193.47392179999997,193.48977259999998,194.4727699,194.4727699,194.4727699,194.4727699,194.4893942,195.48960110000002,195.48960110000002,196.24052189999998,c,1,0.7364359000000036,None,,,,,par_4_mtr_seq,001,2025-10-01_22h47.00.991,untitled,,2025.1.1,60.02119948766625,2025-10-01 22h47.12.067456 +0530,
-150,z,71,3,17,z,1,0.06939830000004577,None,17,3,71,3,,,,,196.25609479999997,,196.24100779999998,196.25609479999997,197.23957889999997,197.23957889999997,197.23957889999997,197.23957889999997,197.25624190000002,198.256484,198.256484,198.34039589999998,z,1,0.06939830000004577,None,,,,,par_4_mtr_seq,001,2025-10-01_22h47.00.991,untitled,,2025.1.1,60.02119948766625,2025-10-01 22h47.12.067456 +0530,
-50,x,72,0,18,x,1,0.6325110999999879,None,18,0,72,0,,,,,198.35621199999997,,198.34097859999997,198.35621199999997,199.35607269999997,199.35607269999997,199.35607269999997,199.35607269999997,199.35607269999997,200.35674369999998,200.35674369999998,200.99075520000002,x,1,0.6325110999999879,None,,,,,par_4_mtr_seq,001,2025-10-01_22h47.00.991,untitled,,2025.1.1,60.02119948766625,2025-10-01 22h47.12.067456 +0530,
150,v,73,1,18,v,1,0.35869000000002416,None,18,1,73,1,,,,,201.00621999999998,,200.99122319999998,201.00621999999998,202.00578459999997,202.00578459999997,202.00578459999997,202.00578459999997,202.00578459999997,202.9905351,202.9905351,203.3568308,v,1,0.35869000000002416,None,,,,,par_4_mtr_seq,001,2025-10-01_22h47.00.991,untitled,,2025.1.1,60.02119948766625,2025-10-01 22h47.12.067456 +0530,
50,c,74,2,18,z,0,0.16734139999999798,None,18,2,74,2,,,,,203.37302469999997,,203.35738170000002,203.37302469999997,204.35675400000002,204.35675400000002,204.35675400000002,204.35675400000002,204.373577,205.35662200000002,205.35662200000002,205.5246687,z,0,0.16734139999999798,None,,,,,par_4_mtr_seq,001,2025-10-01_22h47.00.991,untitled,,2025.1.1,60.02119948766625,2025-10-01 22h47.12.067456 +0530,
-150,z,75,3,18,z,1,0.4056689000000233,None,18,3,75,3,,,,,205.5402995,,205.5251606,205.5402995,206.53988520000001,206.53988520000001,206.53988520000001,206.53988520000001,206.53988520000001,207.5401271,207.5401271,207.9573418,z,1,0.4056689000000233,None,,,,,par_4_mtr_seq,001,2025-10-01_22h47.00.991,untitled,,2025.1.1,60.02119948766625,2025-10-01 22h47.12.067456 +0530,
-50,x,76,0,19,x,1,0.2964897999999607,None,19,0,76,0,,,,,207.97231670000002,,207.957785,207.97231670000002,208.9743532,208.9743532,208.9743532,208.9743532,208.9743532,209.95642399999997,209.95642399999997,210.2568931,x,1,0.2964897999999607,None,,,,,par_4_mtr_seq,001,2025-10-01_22h47.00.991,untitled,,2025.1.1,60.02119948766625,2025-10-01 22h47.12.067456 +0530,
150,v,77,1,19,v,1,0.7689732000000049,None,19,1,77,1,,,,,210.27309789999998,,210.2574108,210.27309789999998,211.2560901,211.2560901,211.2560901,211.2560901,211.274087,212.25598100000002,212.25598100000002,213.0397549,v,1,0.7689732000000049,None,,,,,par_4_mtr_seq,001,2025-10-01_22h47.00.991,untitled,,2025.1.1,60.02119948766625,2025-10-01 22h47.12.067456 +0530,
50,c,78,2,19,c,1,1.1071064999999862,None,19,2,78,2,,,,,213.0556151,,213.04027860000002,213.0556151,214.0397061,214.0397061,214.0397061,214.0397061,214.0563022,215.03915369999999,215.03915369999999,216.15702449999998,c,1,1.1071064999999862,None,,,,,par_4_mtr_seq,001,2025-10-01_22h47.00.991,untitled,,2025.1.1,60.02119948766625,2025-10-01 22h47.12.067456 +0530,
-150,z,79,3,19,z,1,0.41038509999998496,None,19,3,79,3,,,,,216.17233749999997,,216.157463,216.17233749999997,217.15563329999998,217.15563329999998,217.15563329999998,217.15563329999998,217.1733148,218.15702620000002,218.15702620000002,218.57332689999998,z,1,0.41038509999998496,None,,,,,par_4_mtr_seq,001,2025-10-01_22h47.00.991,untitled,,2025.1.1,60.02119948766625,2025-10-01 22h47.12.067456 +0530,
-50,x,80,0,20,x,1,0.8540472999999906,None,20,0,80,0,,,,,218.58921980000002,,218.57386250000002,218.58921980000002,219.5732514,219.5732514,219.5732514,219.5732514,219.58925140000002,220.57309170000002,220.57309170000002,221.44034240000002,x,1,0.8540472999999906,None,,,,,par_4_mtr_seq,001,2025-10-01_22h47.00.991,untitled,,2025.1.1,60.02119948766625,2025-10-01 22h47.12.067456 +0530,
150,v,81,1,20,v,1,0.4956071000000293,None,20,1,81,1,,,,,221.45558690000001,,221.44078309999998,221.45558690000001,222.4567798,222.4567798,222.4567798,222.4567798,222.4567798,223.4399133,223.4399133,223.9404364,v,1,0.4956071000000293,None,,,,,par_4_mtr_seq,001,2025-10-01_22h47.00.991,untitled,,2025.1.1,60.02119948766625,2025-10-01 22h47.12.067456 +0530,
50,c,82,2,20,c,1,1.1235729999999648,None,20,2,82,2,,,,,223.95570759999998,,223.9409071,223.95570759999998,224.9399292,224.9399292,224.9399292,224.9399292,224.95665730000002,225.9401706,225.9401706,227.07412290000002,c,1,1.1235729999999648,None,,,,,par_4_mtr_seq,001,2025-10-01_22h47.00.991,untitled,,2025.1.1,60.02119948766625,2025-10-01 22h47.12.067456 +0530,
-150,z,83,3,20,z,1,0.5677044000000251,None,20,3,83,3,,,,,227.08901509999998,,227.074752,227.08901509999998,228.0731861,228.0731861,228.0731861,228.0731861,228.08955550000002,229.0893153,229.0893153,229.6739627,z,1,0.5677044000000251,None,,,,,par_4_mtr_seq,001,2025-10-01_22h47.00.991,untitled,,2025.1.1,60.02119948766625,2025-10-01 22h47.12.067456 +0530,
-50,x,84,0,21,x,1,0.8686402000000157,None,21,0,84,0,,,,,229.6890906,,229.67443550000002,229.6890906,230.68950410000002,230.68950410000002,230.68950410000002,230.68950410000002,230.68950410000002,231.6734136,231.6734136,232.55640369999998,x,1,0.8686402000000157,None,,,,,par_4_mtr_seq,001,2025-10-01_22h47.00.991,untitled,,2025.1.1,60.02119948766625,2025-10-01 22h47.12.067456 +0530,
150,v,85,1,21,v,1,1.513566400000002,None,21,1,85,1,,,,,232.57327370000002,,232.5569696,232.57327370000002,233.5558843,233.5558843,233.5558843,233.5558843,233.57307559999998,234.55696369999998,234.55696369999998,236.0736672,v,1,1.513566400000002,None,,,,,par_4_mtr_seq,001,2025-10-01_22h47.00.991,untitled,,2025.1.1,60.02119948766625,2025-10-01 22h47.12.067456 +0530,
50,c,86,2,21,c,1,0.8015058999999951,None,21,2,86,2,,,,,236.0891079,,236.0741311,236.0891079,237.09063650000002,237.09063650000002,237.09063650000002,237.09063650000002,237.09063650000002,238.07365299999998,238.07365299999998,238.88957699999997,c,1,0.8015058999999951,None,,,,,par_4_mtr_seq,001,2025-10-01_22h47.00.991,untitled,,2025.1.1,60.02119948766625,2025-10-01 22h47.12.067456 +0530,
-150,z,87,3,21,z,1,0.6024977000000149,None,21,3,87,3,,,,,238.90567900000002,,238.89005889999999,238.90567900000002,239.8899303,239.8899303,239.8899303,239.8899303,239.9055709,240.8906516,240.8906516,241.5077882,z,1,0.6024977000000149,None,,,,,par_4_mtr_seq,001,2025-10-01_22h47.00.991,untitled,,2025.1.1,60.02119948766625,2025-10-01 22h47.12.067456 +0530,
-50,x,88,0,22,x,1,0.6237404999999967,None,22,0,88,0,,,,,241.523824,,241.5083022,241.523824,242.5227316,242.5227316,242.5227316,242.5227316,242.53947440000002,243.52303419999998,243.52303419999998,244.156388,x,1,0.6237404999999967,None,,,,,par_4_mtr_seq,001,2025-10-01_22h47.00.991,untitled,,2025.1.1,60.02119948766625,2025-10-01 22h47.12.067456 +0530,
150,v,89,1,22,v,1,1.1890933000000246,None,22,1,89,1,,,,,244.17343319999998,,244.15691600000002,244.17343319999998,245.1562548,245.1562548,245.1562548,245.1562548,245.17317709999998,246.1563438,246.1563438,247.3566692,v,1,1.1890933000000246,None,,,,,par_4_mtr_seq,001,2025-10-01_22h47.00.991,untitled,,2025.1.1,60.02119948766625,2025-10-01 22h47.12.067456 +0530,
50,c,90,2,22,c,1,0.36999320000001035,None,22,2,90,2,,,,,247.37261360000002,,247.3572453,247.37261360000002,248.3564751,248.3564751,248.3564751,248.3564751,248.37320949999997,249.3566321,249.3566321,249.74051939999998,c,1,0.36999320000001035,None,,,,,par_4_mtr_seq,001,2025-10-01_22h47.00.991,untitled,,2025.1.1,60.02119948766625,2025-10-01 22h47.12.067456 +0530,
-150,z,91,3,22,z,1,0.46972429999999576,None,22,3,91,3,,,,,249.75619970000002,,249.7409851,249.75619970000002,250.74022029999998,250.74022029999998,250.74022029999998,250.74022029999998,250.75661559999998,251.7565745,251.7565745,252.24043060000002,z,1,0.46972429999999576,None,,,,,par_4_mtr_seq,001,2025-10-01_22h47.00.991,untitled,,2025.1.1,60.02119948766625,2025-10-01 22h47.12.067456 +0530,
-50,x,92,0,23,x,1,0.6461468999999624,None,23,0,92,0,,,,,252.25590999999997,,252.24085989999998,252.25590999999997,253.2407116,253.2407116,253.2407116,253.2407116,253.2566511,254.24042450000002,254.24042450000002,254.8912742,x,1,0.6461468999999624,None,,,,,par_4_mtr_seq,001,2025-10-01_22h47.00.991,untitled,,2025.1.1,60.02119948766625,2025-10-01 22h47.12.067456 +0530,
150,v,93,1,23,v,1,1.0079261000000201,None,23,1,93,1,,,,,254.90576679999998,,254.89182110000002,254.90576679999998,255.9069086,255.9069086,255.9069086,255.9069086,255.9069086,256.8897338,256.8897338,257.9064141,v,1,1.0079261000000201,None,,,,,par_4_mtr_seq,001,2025-10-01_22h47.00.991,untitled,,2025.1.1,60.02119948766625,2025-10-01 22h47.12.067456 +0530,
50,c,94,2,23,c,1,0.546887799999979,None,23,2,94,2,,,,,257.9225616,,257.9068889,257.9225616,258.9065402,258.9065402,258.9065402,258.9065402,258.9234788,259.9060396,259.9060396,260.45693719999997,c,1,0.546887799999979,None,,,,,par_4_mtr_seq,001,2025-10-01_22h47.00.991,untitled,,2025.1.1,60.02119948766625,2025-10-01 22h47.12.067456 +0530,
-150,z,95,3,23,z,1,0.7983355000000074,None,23,3,95,3,,,,,260.4724382,,260.45739,260.4724382,261.4565417,261.4565417,261.4565417,261.4565417,261.47362069999997,262.4564319,262.4564319,263.2580154,z,1,0.7983355000000074,None,,,,,par_4_mtr_seq,001,2025-10-01_22h47.00.991,untitled,,2025.1.1,60.02119948766625,2025-10-01 22h47.12.067456 +0530,
-50,x,96,0,24,x,1,0.9128006999999911,None,24,0,96,0,,,,,263.2732555,,263.2584899,263.2732555,264.2731882,264.2731882,264.2731882,264.2731882,264.2731882,265.2735661,265.2735661,266.1904182,x,1,0.9128006999999911,None,,,,,par_4_mtr_seq,001,2025-10-01_22h47.00.991,untitled,,2025.1.1,60.02119948766625,2025-10-01 22h47.12.067456 +0530,
150,v,97,1,24,v,1,0.5370510999999851,None,24,1,97,1,,,,,266.205723,,266.19084829999997,266.205723,267.20689269999997,267.20689269999997,267.20689269999997,267.20689269999997,267.20689269999997,268.1893579,268.1893579,268.7403528,v,1,0.5370510999999851,None,,,,,par_4_mtr_seq,001,2025-10-01_22h47.00.991,untitled,,2025.1.1,60.02119948766625,2025-10-01 22h47.12.067456 +0530,
50,c,98,2,24,c,1,0.7382403999999951,None,24,2,98,2,,,,,268.7562071,,268.7410812,268.7562071,269.7397957,269.7397957,269.7397957,269.7397957,269.7561303,270.7399986,270.7399986,271.49142969999997,c,1,0.7382403999999951,None,,,,,par_4_mtr_seq,001,2025-10-01_22h47.00.991,untitled,,2025.1.1,60.02119948766625,2025-10-01 22h47.12.067456 +0530,
-150,z,99,3,24,z,1,0.8754423999999972,None,24,3,99,3,,,,,271.5074089,,271.4919277,271.5074089,272.506627,272.506627,272.506627,272.506627,272.5234278,273.4898727,273.4898727,274.3732733,z,1,0.8754423999999972,None,,,,,par_4_mtr_seq,001,2025-10-01_22h47.00.991,untitled,,2025.1.1,60.02119948766625,2025-10-01 22h47.12.067456 +0530,
-50,x,100,0,25,x,1,0.6072293999999943,None,25,0,100,0,,,,,274.3900219,,274.3739081,274.3900219,275.3761601,275.3761601,275.3761601,275.3761601,275.3898939,276.372474,276.372474,276.9904139,x,1,0.6072293999999943,None,,,,,par_4_mtr_seq,001,2025-10-01_22h47.00.991,untitled,,2025.1.1,60.02119948766625,2025-10-01 22h47.12.067456 +0530,
150,v,101,1,25,v,1,0.394396899999947,None,25,1,101,1,,,,,277.0062385,,276.9909425,277.0062385,278.0065447,278.0065447,278.0065447,278.0065447,278.0065447,278.9903783,278.9903783,279.3907095,v,1,0.394396899999947,None,,,,,par_4_mtr_seq,001,2025-10-01_22h47.00.991,untitled,,2025.1.1,60.02119948766625,2025-10-01 22h47.12.067456 +0530,
50,c,102,2,25,c,1,0.966831999999954,None,25,2,102,2,,,,,279.4057826,,279.3912466,279.4057826,280.406673,280.406673,280.406673,280.406673,280.406673,281.3899195,281.3899195,282.3580324,c,1,0.966831999999954,None,,,,,par_4_mtr_seq,001,2025-10-01_22h47.00.991,untitled,,2025.1.1,60.02119948766625,2025-10-01 22h47.12.067456 +0530,
-150,z,103,3,25,z,1,0.5189020000000255,None,25,3,103,3,,,,,282.3749267,,282.3585325,282.3749267,283.3738401,283.3738401,283.3738401,283.3738401,283.3904494,284.374081,284.374081,284.9079129,z,1,0.5189020000000255,None,,,,,par_4_mtr_seq,001,2025-10-01_22h47.00.991,untitled,,2025.1.1,60.02119948766625,2025-10-01 22h47.12.067456 +0530,
-50,x,104,0,26,x,1,0.4602110999999809,None,26,0,104,0,,,,,284.9232113,,284.9084127,284.9232113,285.9230649,285.9230649,285.9230649,285.9230649,285.9230649,286.9232572,286.9232572,287.3905264,x,1,0.4602110999999809,None,,,,,par_4_mtr_seq,001,2025-10-01_22h47.00.991,untitled,,2025.1.1,60.02119948766625,2025-10-01 22h47.12.067456 +0530,
150,v,105,1,26,v,1,0.5028171999999813,None,26,1,105,1,,,,,287.4066155,,287.3910176,287.4066155,288.3899608,288.3899608,288.3899608,288.3899608,288.4077647,289.3902368,289.3902368,289.907398,v,1,0.5028171999999813,None,,,,,par_4_mtr_seq,001,2025-10-01_22h47.00.991,untitled,,2025.1.1,60.02119948766625,2025-10-01 22h47.12.067456 +0530,
50,c,106,2,26,c,1,1.101567599999953,None,26,2,106,2,,,,,289.9235837,,289.90787819999997,289.9235837,290.9068685,290.9068685,290.9068685,290.9068685,290.9233719,291.9068655,291.9068655,293.0234609,c,1,1.101567599999953,None,,,,,par_4_mtr_seq,001,2025-10-01_22h47.00.991,untitled,,2025.1.1,60.02119948766625,2025-10-01 22h47.12.067456 +0530,
-150,z,107,3,26,z,1,0.5442675999999551,None,26,3,107,3,,,,,293.0394362,,293.023917,293.0394362,294.02329629999997,294.02329629999997,294.02329629999997,294.02329629999997,294.0401975,295.023098,295.023098,295.57384079999997,z,1,0.5442675999999551,None,,,,,par_4_mtr_seq,001,2025-10-01_22h47.00.991,untitled,,2025.1.1,60.02119948766625,2025-10-01 22h47.12.067456 +0530,
-50,x,108,0,27,x,1,1.143220499999984,None,27,0,108,0,,,,,295.589342,,295.5743212,295.589342,296.5736237,296.5736237,296.5736237,296.5736237,296.5900002,297.5733234,297.5733234,298.7238066,x,1,1.143220499999984,None,,,,,par_4_mtr_seq,001,2025-10-01_22h47.00.991,untitled,,2025.1.1,60.02119948766625,2025-10-01 22h47.12.067456 +0530,
150,v,109,1,27,v,1,0.8690070000000105,None,27,1,109,1,,,,,298.7402695,,298.724245,298.7402695,299.7235022,299.7235022,299.7235022,299.7235022,299.7403575,300.7243045,300.7243045,301.6073444,v,1,0.8690070000000105,None,,,,,par_4_mtr_seq,001,2025-10-01_22h47.00.991,untitled,,2025.1.1,60.02119948766625,2025-10-01 22h47.12.067456 +0530,
50,c,110,2,27,c,1,1.0486617999999908,None,27,2,110,2,,,,,301.6231351,,301.6077833,301.6231351,302.60666,302.60666,302.60666,302.60666,302.62342689999997,303.606856,303.606856,304.6575212,c,1,1.0486617999999908,None,,,,,par_4_mtr_seq,001,2025-10-01_22h47.00.991,untitled,,2025.1.1,60.02119948766625,2025-10-01 22h47.12.067456 +0530,
-150,z,111,3,27,z,1,0.8622948999999949,None,27,3,111,3,,,,,304.6728557,,304.6579923,304.6728557,305.6565645,305.6565645,305.6565645,305.6565645,305.673091,306.6570042,306.6570042,307.5240638,z,1,0.8622948999999949,None,,,,,par_4_mtr_seq,001,2025-10-01_22h47.00.991,untitled,,2025.1.1,60.02119948766625,2025-10-01 22h47.12.067456 +0530,
-50,x,112,0,28,x,1,0.5639464999999859,None,28,0,112,0,,,,,307.539446,,307.5245383,307.539446,308.5235909,308.5235909,308.5235909,308.5235909,308.5404826,309.5393055,309.5393055,310.1071494,x,1,0.5639464999999859,None,,,,,par_4_mtr_seq,001,2025-10-01_22h47.00.991,untitled,,2025.1.1,60.02119948766625,2025-10-01 22h47.12.067456 +0530,
150,v,113,1,28,v,1,0.7397514000000456,None,28,1,113,1,,,,,310.1235248,,310.1076155,310.1235248,311.1069754,311.1069754,311.1069754,311.1069754,311.1236439,312.1064099,312.1064099,312.8571374,v,1,0.7397514000000456,None,,,,,par_4_mtr_seq,001,2025-10-01_22h47.00.991,untitled,,2025.1.1,60.02119948766625,2025-10-01 22h47.12.067456 +0530,
50,c,114,2,28,c,1,1.1303268000000344,None,28,2,114,2,,,,,312.8738197,,312.8576984,312.8738197,313.8569691,313.8569691,313.8569691,313.8569691,313.8734013,314.8727343,314.8727343,316.0073296,c,1,1.1303268000000344,None,,,,,par_4_mtr_seq,001,2025-10-01_22h47.00.991,untitled,,2025.1.1,60.02119948766625,2025-10-01 22h47.12.067456 +0530,
-150,z,115,3,28,v,0,0.08567320000003065,None,28,3,115,3,,,,,316.0235406,,316.0078821,316.0235406,317.0067805,317.0067805,317.0067805,317.0067805,317.0234848,318.006762,318.006762,318.10734279999997,v,0,0.08567320000003065,None,,,,,par_4_mtr_seq,001,2025-10-01_22h47.00.991,untitled,,2025.1.1,60.02119948766625,2025-10-01 22h47.12.067456 +0530,
-50,x,116,0,29,x,1,0.6335296999999969,None,29,0,116,0,,,,,318.1235719,,318.107787,318.1235719,319.1067028,319.1067028,319.1067028,319.1067028,319.1236258,320.1068067,320.1068067,320.7411659,x,1,0.6335296999999969,None,,,,,par_4_mtr_seq,001,2025-10-01_22h47.00.991,untitled,,2025.1.1,60.02119948766625,2025-10-01 22h47.12.067456 +0530,
150,v,117,1,29,v,1,1.9511496999999736,None,29,1,117,1,,,,,320.7565914,,320.74163599999997,320.7565914,321.740281,321.740281,321.740281,321.740281,321.7567894,322.7567566,322.7567566,324.7242242,v,1,1.9511496999999736,None,,,,,par_4_mtr_seq,001,2025-10-01_22h47.00.991,untitled,,2025.1.1,60.02119948766625,2025-10-01 22h47.12.067456 +0530,
50,c,118,2,29,c,1,0.892095299999994,None,29,2,118,2,,,,,324.7402528,,324.7247577,324.7402528,325.7400306,325.7400306,325.7400306,325.7400306,325.7400306,326.7235266,326.7235266,327.6242921,c,1,0.892095299999994,None,,,,,par_4_mtr_seq,001,2025-10-01_22h47.00.991,untitled,,2025.1.1,60.02119948766625,2025-10-01 22h47.12.067456 +0530,
-150,z,119,3,29,lwindows,0,0.5242623000000322,None,29,3,119,3,,,,,327.64029469999997,,327.6247234,327.64029469999997,328.6239983,328.6239983,328.6239983,328.6239983,328.6401171,329.6241939,329.6241939,330.1577162,lwindows,0,0.5242623000000322,None,,,,,par_4_mtr_seq,001,2025-10-01_22h47.00.991,untitled,,2025.1.1,60.02119948766625,2025-10-01 22h47.12.067456 +0530,
-50,x,120,0,30,x,1,0.361299200000019,None,30,0,120,0,,,,,330.1738765,,330.1582669,330.1738765,331.1581751,331.1581751,331.1581751,331.1581751,331.1750987,332.173685,332.173685,332.5412484,x,1,0.361299200000019,None,,,,,par_4_mtr_seq,001,2025-10-01_22h47.00.991,untitled,,2025.1.1,60.02119948766625,2025-10-01 22h47.12.067456 +0530,
150,v,121,1,30,v,1,0.3396634000000063,None,30,1,121,1,,,,,332.5566998,,332.5416929,332.5566998,333.5402816,333.5402816,333.5402816,333.5402816,333.5568331,334.5402987,334.5402987,334.8909053,v,1,0.3396634000000063,None,,,,,par_4_mtr_seq,001,2025-10-01_22h47.00.991,untitled,,2025.1.1,60.02119948766625,2025-10-01 22h47.12.067456 +0530,
50,c,122,2,30,v,0,1.1417999000000236,None,30,2,122,2,,,,,334.9068969,,334.8914335,334.9068969,335.9060069,335.9060069,335.9060069,335.9060069,335.9060069,336.8904617,336.8904617,338.0407486,v,0,1.1417999000000236,None,,,,,par_4_mtr_seq,001,2025-10-01_22h47.00.991,untitled,,2025.1.1,60.02119948766625,2025-10-01 22h47.12.067456 +0530,
-150,z,123,3,30,z,1,1.9211735999999746,None,30,3,123,3,,,,,338.0563359,,338.0412713,338.0563359,339.0561547,339.0561547,339.0561547,339.0561547,339.0561547,340.0401881,340.0401881,341.9733973,z,1,1.9211735999999746,None,,,,,par_4_mtr_seq,001,2025-10-01_22h47.00.991,untitled,,2025.1.1,60.02119948766625,2025-10-01 22h47.12.067456 +0530,
-50,x,124,0,31,x,1,1.043099600000005,None,31,0,124,0,,,,,341.9901358,,341.9742989,341.9901358,342.9728745,342.9728745,342.9728745,342.9728745,342.9893163,343.9733787,343.9733787,345.0251966,x,1,1.043099600000005,None,,,,,par_4_mtr_seq,001,2025-10-01_22h47.00.991,untitled,,2025.1.1,60.02119948766625,2025-10-01 22h47.12.067456 +0530,
150,v,125,1,31,v,1,1.0238650999999663,None,31,1,125,1,,,,,345.0396603,,345.0260645,345.0396603,346.0408922,346.0408922,346.0408922,346.0408922,346.0408922,347.0252643,347.0252643,348.0555347,v,1,1.0238650999999663,None,,,,,par_4_mtr_seq,001,2025-10-01_22h47.00.991,untitled,,2025.1.1,60.02119948766625,2025-10-01 22h47.12.067456 +0530,
50,c,126,2,31,c,1,1.1817133999999783,None,31,2,126,2,,,,,348.0719874,,348.0560109,348.0719874,349.07113019999997,349.07113019999997,349.07113019999997,349.07113019999997,349.07113019999997,350.0711756,350.0711756,351.2554794,c,1,1.1817133999999783,None,,,,,par_4_mtr_seq,001,2025-10-01_22h47.00.991,untitled,,2025.1.1,60.02119948766625,2025-10-01 22h47.12.067456 +0530,
-150,z,127,3,31,z,1,0.8721084000000019,None,31,3,127,3,,,,,351.2715654,,351.2558471,351.2715654,352.2547446,352.2547446,352.2547446,352.2547446,352.2723407,353.2564796,353.2564796,354.1408172,z,1,0.8721084000000019,None,,,,,par_4_mtr_seq,001,2025-10-01_22h47.00.991,untitled,,2025.1.1,60.02119948766625,2025-10-01 22h47.12.067456 +0530,
-50,x,128,0,32,x,1,0.5792891999999483,None,32,0,128,0,,,,,354.1563508,,354.1412545,354.1563508,355.1405274,355.1405274,355.1405274,355.1405274,355.1575493,356.14037410000003,356.14037410000003,356.72438420000003,x,1,0.5792891999999483,None,,,,,par_4_mtr_seq,001,2025-10-01_22h47.00.991,untitled,,2025.1.1,60.02119948766625,2025-10-01 22h47.12.067456 +0530,
150,v,129,1,32,v,1,1.4859464000001026,None,32,1,129,1,,,,,356.7401565,,356.72489699999994,356.7401565,357.72397109999997,357.72397109999997,357.72397109999997,357.72397109999997,357.74062949999995,358.72330869999996,358.72330869999996,360.224326,v,1,1.4859464000001026,None,,,,,par_4_mtr_seq,001,2025-10-01_22h47.00.991,untitled,,2025.1.1,60.02119948766625,2025-10-01 22h47.12.067456 +0530,
50,c,130,2,32,c,1,0.6318266000000676,None,32,2,130,2,,,,,360.2405513,,360.2247953,360.2405513,361.22366309999995,361.22366309999995,361.22366309999995,361.22366309999995,361.24077909999994,362.2244131,362.2244131,362.85782600000005,c,1,0.6318266000000676,None,,,,,par_4_mtr_seq,001,2025-10-01_22h47.00.991,untitled,,2025.1.1,60.02119948766625,2025-10-01 22h47.12.067456 +0530,
-150,z,131,3,32,z,1,0.6754200999999966,None,32,3,131,3,,,,,362.8736599,,362.8582966,362.8736599,363.85671390000005,363.85671390000005,363.85671390000005,363.85671390000005,363.8736463,364.87373419999994,364.87373419999994,365.55763979999995,z,1,0.6754200999999966,None,,,,,par_4_mtr_seq,001,2025-10-01_22h47.00.991,untitled,,2025.1.1,60.02119948766625,2025-10-01 22h47.12.067456 +0530,
-50,x,132,0,33,c,0,1.4008102999999892,None,33,0,132,0,,,,,365.5738884,,365.558085,365.5738884,366.5580337,366.5580337,366.5580337,366.5580337,366.57348260000003,367.5562457,367.5562457,368.97436289999996,c,0,1.4008102999999892,None,,,,,par_4_mtr_seq,001,2025-10-01_22h47.00.991,untitled,,2025.1.1,60.02119948766625,2025-10-01 22h47.12.067456 +0530,
150,v,133,1,33,v,1,1.4026178999999956,None,33,1,133,1,,,,,368.990272,,368.9748608,368.990272,369.97358210000004,369.97358210000004,369.97358210000004,369.97358210000004,369.99024610000004,370.9738115,370.9738115,372.39101960000005,v,1,1.4026178999999956,None,,,,,par_4_mtr_seq,001,2025-10-01_22h47.00.991,untitled,,2025.1.1,60.02119948766625,2025-10-01 22h47.12.067456 +0530,
50,c,134,2,33,v,0,0.9194519999999784,None,33,2,134,2,,,,,372.4069137,,372.39154959999996,372.4069137,373.4071209,373.4071209,373.4071209,373.4071209,373.4071209,374.39039790000004,374.39039790000004,375.3243188,v,0,0.9194519999999784,None,,,,,par_4_mtr_seq,001,2025-10-01_22h47.00.991,untitled,,2025.1.1,60.02119948766625,2025-10-01 22h47.12.067456 +0530,
-150,z,135,3,33,z,1,1.026591900000085,None,33,3,135,3,,,,,375.34054660000004,,375.3248685,375.34054660000004,376.32418640000003,376.32418640000003,376.32418640000003,376.32418640000003,376.3403413,377.32376750000003,377.32376750000003,378.35784709999996,z,1,1.026591900000085,None,,,,,par_4_mtr_seq,001,2025-10-01_22h47.00.991,untitled,,2025.1.1,60.02119948766625,2025-10-01 22h47.12.067456 +0530,
-50,x,136,0,34,x,1,0.7822525000000269,None,34,0,136,0,,,,,378.37358700000004,,378.35832989999994,378.37358700000004,379.3736351,379.3736351,379.3736351,379.3736351,379.3736351,380.35664629999997,380.35664629999997,381.14124549999997,x,1,0.7822525000000269,None,,,,,par_4_mtr_seq,001,2025-10-01_22h47.00.991,untitled,,2025.1.1,60.02119948766625,2025-10-01 22h47.12.067456 +0530,
150,v,137,1,34,v,1,0.8838096000000633,None,34,1,137,1,,,,,381.1564787,,381.1417331,381.1564787,382.15657739999995,382.15657739999995,382.15657739999995,382.15657739999995,382.15657739999995,383.140725,383.140725,384.0407559,v,1,0.8838096000000633,None,,,,,par_4_mtr_seq,001,2025-10-01_22h47.00.991,untitled,,2025.1.1,60.02119948766625,2025-10-01 22h47.12.067456 +0530,
50,c,138,2,34,c,1,1.6988874999999553,None,34,2,138,2,,,,,384.05686920000005,,384.0412861,384.05686920000005,385.0405399,385.0405399,385.0405399,385.0405399,385.0570688,386.04020690000004,386.04020690000004,387.74119310000003,c,1,1.6988874999999553,None,,,,,par_4_mtr_seq,001,2025-10-01_22h47.00.991,untitled,,2025.1.1,60.02119948766625,2025-10-01 22h47.12.067456 +0530,
-150,z,139,3,34,z,1,0.8970285999999987,None,34,3,139,3,,,,,387.75712940000005,,387.7416673,387.75712940000005,388.74034900000004,388.74034900000004,388.74034900000004,388.74034900000004,388.75698090000003,389.74044360000005,389.74044360000005,390.64080079999997,z,1,0.8970285999999987,None,,,,,par_4_mtr_seq,001,2025-10-01_22h47.00.991,untitled,,2025.1.1,60.02119948766625,2025-10-01 22h47.12.067456 +0530,
-50,x,140,0,35,x,1,0.9595758000000387,None,35,0,140,0,,,,,390.65708329999995,,390.64126799999997,390.65708329999995,391.6404192,391.6404192,391.6404192,391.6404192,391.65709400000003,392.6407424,392.6407424,393.60762769999997,x,1,0.9595758000000387,None,,,,,par_4_mtr_seq,001,2025-10-01_22h47.00.991,untitled,,2025.1.1,60.02119948766625,2025-10-01 22h47.12.067456 +0530,
150,v,141,1,35,v,1,0.7813290999999936,None,35,1,141,1,,,,,393.62415539999995,,393.6081533,393.62415539999995,394.60708580000005,394.60708580000005,394.60708580000005,394.60708580000005,394.6236625,395.6071316,395.6071316,396.39124430000004,v,1,0.7813290999999936,None,,,,,par_4_mtr_seq,001,2025-10-01_22h47.00.991,untitled,,2025.1.1,60.02119948766625,2025-10-01 22h47.12.067456 +0530,
50,c,142,2,35,c,1,0.9175030000000106,None,35,2,142,2,,,,,396.4070778,,396.39175320000004,396.4070778,397.39052030000005,397.39052030000005,397.39052030000005,397.39052030000005,397.40688550000004,398.40707150000003,398.40707150000003,399.3407165,c,1,0.9175030000000106,None,,,,,par_4_mtr_seq,001,2025-10-01_22h47.00.991,untitled,,2025.1.1,60.02119948766625,2025-10-01 22h47.12.067456 +0530,
-150,z,143,3,35,z,1,0.875979099999995,None,35,3,143,3,,,,,399.3571405,,399.3412181,399.3571405,400.34059049999996,400.34059049999996,400.34059049999996,400.34059049999996,400.3573688,401.3399303,401.3399303,402.22369719999995,z,1,0.875979099999995,None,,,,,par_4_mtr_seq,001,2025-10-01_22h47.00.991,untitled,,2025.1.1,60.02119948766625,2025-10-01 22h47.12.067456 +0530,
-50,x,144,0,36,x,1,1.1640297999999802,None,36,0,144,0,,,,,402.2402634,,402.22425450000003,402.2402634,403.22348439999996,403.22348439999996,403.22348439999996,403.22348439999996,403.23981449999997,404.223892,404.223892,405.3908315,x,1,1.1640297999999802,None,,,,,par_4_mtr_seq,001,2025-10-01_22h47.00.991,untitled,,2025.1.1,60.02119948766625,2025-10-01 22h47.12.067456 +0530,
150,v,145,1,36,v,1,1.2745266000000584,None,36,1,145,1,,,,,405.40720020000003,,405.39136299999996,405.40720020000003,406.390753,406.390753,406.390753,406.390753,406.40699440000003,407.3905053,407.3905053,408.6741746,v,1,1.2745266000000584,None,,,,,par_4_mtr_seq,001,2025-10-01_22h47.00.991,untitled,,2025.1.1,60.02119948766625,2025-10-01 22h47.12.067456 +0530,
50,c,146,2,36,c,1,1.0657193999999208,None,36,2,146,2,,,,,408.6902427,,408.67471079999996,408.6902427,409.6740794,409.6740794,409.6740794,409.6740794,409.6905141,410.6738123,410.6738123,411.7414083,c,1,1.0657193999999208,None,,,,,par_4_mtr_seq,001,2025-10-01_22h47.00.991,untitled,,2025.1.1,60.02119948766625,2025-10-01 22h47.12.067456 +0530,
-150,z,147,3,36,z,1,0.5635935000000245,None,36,3,147,3,,,,,411.7571114,,411.7419022,411.7571114,412.7571445,412.7571445,412.7571445,412.7571445,412.7571445,413.74068650000004,413.74068650000004,414.3076129,z,1,0.5635935000000245,None,,,,,par_4_mtr_seq,001,2025-10-01_22h47.00.991,untitled,,2025.1.1,60.02119948766625,2025-10-01 22h47.12.067456 +0530,
-50,x,148,0,37,c,0,0.4044274000000314,None,37,0,148,0,,,,,414.3237871,,414.30806229999996,414.3237871,415.3073842,415.3073842,415.3073842,415.3073842,415.3238216,416.30785149999997,416.30785149999997,416.7244247,c,0,0.4044274000000314,None,,,,,par_4_mtr_seq,001,2025-10-01_22h47.00.991,untitled,,2025.1.1,60.02119948766625,2025-10-01 22h47.12.067456 +0530,
150,v,149,1,37,v,1,0.4993285000000469,None,37,1,149,1,,,,,416.74019080000005,,416.72496909999995,416.74019080000005,417.72378960000003,417.72378960000003,417.72378960000003,417.72378960000003,417.7402439,418.7241119,418.7241119,419.22505820000003,v,1,0.4993285000000469,None,,,,,par_4_mtr_seq,001,2025-10-01_22h47.00.991,untitled,,2025.1.1,60.02119948766625,2025-10-01 22h47.12.067456 +0530,
50,c,150,2,37,c,1,0.19981699999993907,None,37,2,150,2,,,,,419.2402443,,419.2256341,419.2402443,420.2406479,420.2406479,420.2406479,420.2406479,420.2406479,421.2404573,421.2404573,421.4415861,c,1,0.19981699999993907,None,,,,,par_4_mtr_seq,001,2025-10-01_22h47.00.991,untitled,,2025.1.1,60.02119948766625,2025-10-01 22h47.12.067456 +0530,
-150,z,151,3,37,z,1,0.4684551000000283,None,37,3,151,3,,,,,421.4571602,,421.4420649,421.4571602,422.45736980000004,422.45736980000004,422.45736980000004,422.45736980000004,422.45736980000004,423.457131,423.457131,423.9413863,z,1,0.4684551000000283,None,,,,,par_4_mtr_seq,001,2025-10-01_22h47.00.991,untitled,,2025.1.1,60.02119948766625,2025-10-01 22h47.12.067456 +0530,
-50,x,152,0,38,c,0,0.5972333000000845,None,38,0,152,0,,,,,423.9571624,,423.941857,423.9571624,424.9407146,424.9407146,424.9407146,424.9407146,424.95725600000003,425.94052139999997,425.94052139999997,426.54089639999995,c,0,0.5972333000000845,None,,,,,par_4_mtr_seq,001,2025-10-01_22h47.00.991,untitled,,2025.1.1,60.02119948766625,2025-10-01 22h47.12.067456 +0530,
150,v,153,1,38,v,1,0.5727775999999949,None,38,1,153,1,,,,,426.55757759999995,,426.54141500000003,426.55757759999995,427.54055600000004,427.54055600000004,427.54055600000004,427.54055600000004,427.55699300000003,428.54051400000003,428.54051400000003,429.1245569,v,1,0.5727775999999949,None,,,,,par_4_mtr_seq,001,2025-10-01_22h47.00.991,untitled,,2025.1.1,60.02119948766625,2025-10-01 22h47.12.067456 +0530,
50,c,154,2,38,c,1,0.5609262999998919,None,38,2,154,2,,,,,429.14062650000005,,429.12503260000005,429.14062650000005,430.12440919999995,430.12440919999995,430.12440919999995,430.12440919999995,430.1406971,431.12375,431.12375,431.6913577,c,1,0.5609262999998919,None,,,,,par_4_mtr_seq,001,2025-10-01_22h47.00.991,untitled,,2025.1.1,60.02119948766625,2025-10-01 22h47.12.067456 +0530,
-150,z,155,3,38,z,1,1.3992565999999442,None,38,3,155,3,,,,,431.7071647,,431.6917952,431.7071647,432.6905848,432.6905848,432.6905848,432.6905848,432.7073087,433.6906226,433.6906226,435.0917845,z,1,1.3992565999999442,None,,,,,par_4_mtr_seq,001,2025-10-01_22h47.00.991,untitled,,2025.1.1,60.02119948766625,2025-10-01 22h47.12.067456 +0530,
-50,x,156,0,39,x,1,0.9037491999999929,None,39,0,156,0,,,,,435.10738119999996,,435.09224959999995,435.10738119999996,436.1072322,436.1072322,436.1072322,436.1072322,436.1072322,437.09053470000003,437.09053470000003,438.00785099999996,x,1,0.9037491999999929,None,,,,,par_4_mtr_seq,001,2025-10-01_22h47.00.991,untitled,,2025.1.1,60.02119948766625,2025-10-01 22h47.12.067456 +0530,
150,v,157,1,39,v,1,0.9674768000000995,None,39,1,157,1,,,,,438.02401580000003,,438.00829050000004,438.02401580000003,439.0072513,439.0072513,439.0072513,439.0072513,439.0238634,440.00713640000004,440.00713640000004,440.9914357,v,1,0.9674768000000995,None,,,,,par_4_mtr_seq,001,2025-10-01_22h47.00.991,untitled,,2025.1.1,60.02119948766625,2025-10-01 22h47.12.067456 +0530,
50,c,158,2,39,c,1,0.5145675999999639,None,39,2,158,2,,,,,441.00712969999995,,440.9919668,441.00712969999995,441.9907488,441.9907488,441.9907488,441.9907488,442.0074098,442.9906154,442.9906154,443.5080371,c,1,0.5145675999999639,None,,,,,par_4_mtr_seq,001,2025-10-01_22h47.00.991,untitled,,2025.1.1,60.02119948766625,2025-10-01 22h47.12.067456 +0530,
-150,z,159,3,39,c,0,0.10094379999998182,None,39,3,159,3,,,,,443.5239146,,443.50856039999996,443.5239146,444.5072719,444.5072719,444.5072719,444.5072719,444.52374769999994,445.50730710000005,445.50730710000005,445.62451169999997,c,0,0.10094379999998182,None,,,,,par_4_mtr_seq,001,2025-10-01_22h47.00.991,untitled,,2025.1.1,60.02119948766625,2025-10-01 22h47.12.067456 +0530,
-50,x,160,0,40,x,1,0.9496690000000854,None,40,0,160,0,,,,,445.6404136,,445.62517549999995,445.6404136,446.62431730000003,446.62431730000003,446.62431730000003,446.62431730000003,446.6404155,447.6239557,447.6239557,448.57516999999996,x,1,0.9496690000000854,None,,,,,par_4_mtr_seq,001,2025-10-01_22h47.00.991,untitled,,2025.1.1,60.02119948766625,2025-10-01 22h47.12.067456 +0530,
150,v,161,1,40,v,1,0.8252502999999933,None,40,1,161,1,,,,,448.5903744,,448.57565079999995,448.5903744,449.5904488,449.5904488,449.5904488,449.5904488,449.5904488,450.59058300000004,450.59058300000004,451.42474830000003,v,1,0.8252502999999933,None,,,,,par_4_mtr_seq,001,2025-10-01_22h47.00.991,untitled,,2025.1.1,60.02119948766625,2025-10-01 22h47.12.067456 +0530,
50,c,162,2,40,c,1,0.6228152000001046,None,40,2,162,2,,,,,451.4408241,,451.4253043,451.4408241,452.42370170000004,452.42370170000004,452.42370170000004,452.42370170000004,452.44077319999997,453.42396940000003,453.42396940000003,454.0580857,c,1,0.6228152000001046,None,,,,,par_4_mtr_seq,001,2025-10-01_22h47.00.991,untitled,,2025.1.1,60.02119948766625,2025-10-01 22h47.12.067456 +0530,
-150,z,163,3,40,z,1,1.7061858000000711,None,40,3,163,3,,,,,454.07339490000004,,454.05853,454.07339490000004,455.0739705,455.0739705,455.0739705,455.0739705,455.0739705,456.0571714,456.0571714,457.7748318,z,1,1.7061858000000711,None,,,,,par_4_mtr_seq,001,2025-10-01_22h47.00.991,untitled,,2025.1.1,60.02119948766625,2025-10-01 22h47.12.067456 +0530,
-50,x,164,0,41,x,1,0.939612000000011,None,41,0,164,0,,,,,457.79069560000005,,457.7753662,457.79069560000005,458.77441209999995,458.77441209999995,458.77441209999995,458.77441209999995,458.7906461,459.7739954,459.7739954,460.72513560000004,x,1,0.939612000000011,None,,,,,par_4_mtr_seq,001,2025-10-01_22h47.00.991,untitled,,2025.1.1,60.02119948766625,2025-10-01 22h47.12.067456 +0530,
150,v,165,1,41,v,1,0.6705517999999984,None,41,1,165,1,,,,,460.7409149,,460.7255609,460.7409149,461.72545779999996,461.72545779999996,461.72545779999996,461.72545779999996,461.741449,462.7249851,462.7249851,463.40608829999996,v,1,0.6705517999999984,None,,,,,par_4_mtr_seq,001,2025-10-01_22h47.00.991,untitled,,2025.1.1,60.02119948766625,2025-10-01 22h47.12.067456 +0530,
50,c,166,2,41,c,1,0.3207987000000685,None,41,2,166,2,,,,,463.42241839999997,,463.4065792,463.42241839999997,464.4074326,464.4074326,464.4074326,464.4074326,464.4240982,465.407415,465.407415,465.74129949999997,c,1,0.3207987000000685,None,,,,,par_4_mtr_seq,001,2025-10-01_22h47.00.991,untitled,,2025.1.1,60.02119948766625,2025-10-01 22h47.12.067456 +0530,
-150,z,167,3,41,z,1,1.7723571999999876,None,41,3,167,3,,,,,465.75727359999996,,465.74182240000005,465.75727359999996,466.7408487,466.7408487,466.7408487,466.7408487,466.75750229999994,467.74080159999994,467.74080159999994,469.5246958,z,1,1.7723571999999876,None,,,,,par_4_mtr_seq,001,2025-10-01_22h47.00.991,untitled,,2025.1.1,60.02119948766625,2025-10-01 22h47.12.067456 +0530,
-50,x,168,0,42,c,0,1.481538999999998,None,42,0,168,0,,,,,469.54076239999995,,469.52522639999995,469.54076239999995,470.5240116,470.5240116,470.5240116,470.5240116,470.54103009999994,471.52414,471.52414,473.0079716,c,0,1.481538999999998,None,,,,,par_4_mtr_seq,001,2025-10-01_22h47.00.991,untitled,,2025.1.1,60.02119948766625,2025-10-01 22h47.12.067456 +0530,
150,v,169,1,42,v,1,1.0542745000000195,None,42,1,169,1,,,,,473.02407949999997,,473.00843699999996,473.02407949999997,474.0074022,474.0074022,474.0074022,474.0074022,474.0240886,475.00762169999996,475.00762169999996,476.07485999999994,v,1,1.0542745000000195,None,,,,,par_4_mtr_seq,001,2025-10-01_22h47.00.991,untitled,,2025.1.1,60.02119948766625,2025-10-01 22h47.12.067456 +0530,
50,c,170,2,42,c,1,0.6883004999999685,None,42,2,170,2,,,,,476.09096850000003,,476.07545000000005,476.09096850000003,477.07444209999994,477.07444209999994,477.07444209999994,477.07444209999994,477.09060939999995,478.0744598,478.0744598,478.7745678,c,1,0.6883004999999685,None,,,,,par_4_mtr_seq,001,2025-10-01_22h47.00.991,untitled,,2025.1.1,60.02119948766625,2025-10-01 22h47.12.067456 +0530,
-150,z,171,3,42,z,1,0.5441091999999799,None,42,3,171,3,,,,,478.79047920000005,,478.7749967,478.79047920000005,479.7747309,479.7747309,479.7747309,479.7747309,479.7907524,480.7743143,480.7743143,481.32520739999995,z,1,0.5441091999999799,None,,,,,par_4_mtr_seq,001,2025-10-01_22h47.00.991,untitled,,2025.1.1,60.02119948766625,2025-10-01 22h47.12.067456 +0530,
-50,x,172,0,43,x,1,0.8875246000000061,None,43,0,172,0,,,,,481.3406086,,481.3256364,481.3406086,482.3408452,482.3408452,482.3408452,482.3408452,482.3408452,483.34054979999996,483.34054979999996,484.2413405,x,1,0.8875246000000061,None,,,,,par_4_mtr_seq,001,2025-10-01_22h47.00.991,untitled,,2025.1.1,60.02119948766625,2025-10-01 22h47.12.067456 +0530,
150,v,173,1,43,v,1,1.7714037000000644,None,43,1,173,1,,,,,484.2576778,,484.24186910000003,484.2576778,485.2578472,485.2578472,485.2578472,485.2578472,485.2578472,486.24080260000005,486.24080260000005,488.0244659,v,1,1.7714037000000644,None,,,,,par_4_mtr_seq,001,2025-10-01_22h47.00.991,untitled,,2025.1.1,60.02119948766625,2025-10-01 22h47.12.067456 +0530,
50,c,174,2,43,c,1,1.2271420999999236,None,43,2,174,2,,,,,488.0409181,,488.02495250000004,488.0409181,489.0243027,489.0243027,489.0243027,489.0243027,489.041018,490.0243796,490.0243796,491.2582525,c,1,1.2271420999999236,None,,,,,par_4_mtr_seq,001,2025-10-01_22h47.00.991,untitled,,2025.1.1,60.02119948766625,2025-10-01 22h47.12.067456 +0530,
-150,z,175,3,43,z,1,0.6059005000000752,None,43,3,175,3,,,,,491.27405999999996,,491.25878409999996,491.27405999999996,492.27428810000004,492.27428810000004,492.27428810000004,492.27428810000004,492.27428810000004,493.2575227,493.2575227,493.8742297,z,1,0.6059005000000752,None,,,,,par_4_mtr_seq,001,2025-10-01_22h47.00.991,untitled,,2025.1.1,60.02119948766625,2025-10-01 22h47.12.067456 +0530,
-50,x,176,0,44,x,1,1.1221924999999828,None,44,0,176,0,,,,,493.88988659999995,,493.8747614,493.88988659999995,494.87436230000003,494.87436230000003,494.87436230000003,494.87436230000003,494.890768,495.8742946,495.8742946,497.00802209999995,x,1,1.1221924999999828,None,,,,,par_4_mtr_seq,001,2025-10-01_22h47.00.991,untitled,,2025.1.1,60.02119948766625,2025-10-01 22h47.12.067456 +0530,
150,v,177,1,44,v,1,1.0825201999999763,None,44,1,177,1,,,,,497.0242138,,497.0085103,497.0242138,498.0075928,498.0075928,498.0075928,498.0075928,498.02392810000003,499.0074691,499.0074691,500.09193200000004,v,1,1.0825201999999763,None,,,,,par_4_mtr_seq,001,2025-10-01_22h47.00.991,untitled,,2025.1.1,60.02119948766625,2025-10-01 22h47.12.067456 +0530,
50,c,178,2,44,c,1,0.8559943999999859,None,44,2,178,2,,,,,500.1072729,,500.09241899999995,500.1072729,501.09078109999996,501.09078109999996,501.09078109999996,501.09078109999996,501.10750069999995,502.0906496,502.0906496,502.95818469999995,c,1,0.8559943999999859,None,,,,,par_4_mtr_seq,001,2025-10-01_22h47.00.991,untitled,,2025.1.1,60.02119948766625,2025-10-01 22h47.12.067456 +0530,
-150,z,179,3,44,z,1,0.8152989000000161,None,44,3,179,3,,,,,502.97431789999996,,502.9586117,502.97431789999996,503.95780019999995,503.95780019999995,503.95780019999995,503.95780019999995,503.97428690000004,504.95741150000003,504.95741150000003,505.77474099999995,z,1,0.8152989000000161,None,,,,,par_4_mtr_seq,001,2025-10-01_22h47.00.991,untitled,,2025.1.1,60.02119948766625,2025-10-01 22h47.12.067456 +0530,
-50,x,180,0,45,x,1,0.6313334000000168,None,45,0,180,0,,,,,505.7904274,,505.7752746,505.7904274,506.7741995,506.7741995,506.7741995,506.7741995,506.7907808,507.77421019999997,507.77421019999997,508.4082979,x,1,0.6313334000000168,None,,,,,par_4_mtr_seq,001,2025-10-01_22h47.00.991,untitled,,2025.1.1,60.02119948766625,2025-10-01 22h47.12.067456 +0530,
150,v,181,1,45,v,1,1.1464985999999726,None,45,1,181,1,,,,,508.42413569999997,,508.4087511,508.42413569999997,509.4075725,509.4075725,509.4075725,509.4075725,509.42400610000004,510.42430809999996,510.42430809999996,511.5748466,v,1,1.1464985999999726,None,,,,,par_4_mtr_seq,001,2025-10-01_22h47.00.991,untitled,,2025.1.1,60.02119948766625,2025-10-01 22h47.12.067456 +0530,
50,c,182,2,45,v,0,1.2785465000000613,None,45,2,182,2,,,,,511.5907843,,511.57538999999997,511.5907843,512.5741452,512.5741452,512.5741452,512.5741452,512.5910183,513.5741949,513.5741949,514.8584194,v,0,1.2785465000000613,None,,,,,par_4_mtr_seq,001,2025-10-01_22h47.00.991,untitled,,2025.1.1,60.02119948766625,2025-10-01 22h47.12.067456 +0530,
-150,z,183,3,45,z,1,0.7274754999999686,None,45,3,183,3,,,,,514.8743072999999,,514.8589494,514.8743072999999,515.857539,515.857539,515.857539,515.857539,515.8741632,516.8576586,516.8576586,517.5915848,z,1,0.7274754999999686,None,,,,,par_4_mtr_seq,001,2025-10-01_22h47.00.991,untitled,,2025.1.1,60.02119948766625,2025-10-01 22h47.12.067456 +0530,
-50,x,184,0,46,x,1,0.6029641000000083,None,46,0,184,0,,,,,517.6068617,,517.5921291,517.6068617,518.5907921,518.5907921,518.5907921,518.5907921,518.6076011,519.59092,519.59092,520.2086494,x,1,0.6029641000000083,None,,,,,par_4_mtr_seq,001,2025-10-01_22h47.00.991,untitled,,2025.1.1,60.02119948766625,2025-10-01 22h47.12.067456 +0530,
150,v,185,1,46,b,0,1.2472285000000056,None,46,1,185,1,,,,,520.22462,,520.2091326999999,520.22462,521.2217908,521.2217908,521.2217908,521.2217908,521.2385914,522.2219288,522.2219288,523.4725634,b,0,1.2472285000000056,None,,,,,par_4_mtr_seq,001,2025-10-01_22h47.00.991,untitled,,2025.1.1,60.02119948766625,2025-10-01 22h47.12.067456 +0530,
50,c,186,2,46,v,0,0.40407940000000053,None,46,2,186,2,,,,,523.4884277,,523.4729527,523.4884277,524.4721167,524.4721167,524.4721167,524.4721167,524.4888882,525.4731316,525.4731316,525.8891276,v,0,0.40407940000000053,None,,,,,par_4_mtr_seq,001,2025-10-01_22h47.00.991,untitled,,2025.1.1,60.02119948766625,2025-10-01 22h47.12.067456 +0530,
-150,z,187,3,46,z,1,1.1973054999999704,None,46,3,187,3,,,,,525.9055894,,525.8894982,525.9055894,526.8888191,526.8888191,526.8888191,526.8888191,526.9053446,527.8888715,527.8888715,529.0907175,z,1,1.1973054999999704,None,,,,,par_4_mtr_seq,001,2025-10-01_22h47.00.991,untitled,,2025.1.1,60.02119948766625,2025-10-01 22h47.12.067456 +0530,
-50,x,188,0,47,x,1,0.9631594999999606,None,47,0,188,0,,,,,529.1065142,,529.0912212,529.1065142,530.0903792,530.0903792,530.0903792,530.0903792,530.1061432,531.105434,531.105434,532.0729116,x,1,0.9631594999999606,None,,,,,par_4_mtr_seq,001,2025-10-01_22h47.00.991,untitled,,2025.1.1,60.02119948766625,2025-10-01 22h47.12.067456 +0530,
150,v,189,1,47,v,1,0.39274199999999837,None,47,1,189,1,,,,,532.0887491,,532.073387,532.0887491,533.0729041,533.0729041,533.0729041,533.0729041,533.0894062,534.0719551,534.0719551,534.4725761,v,1,0.39274199999999837,None,,,,,par_4_mtr_seq,001,2025-10-01_22h47.00.991,untitled,,2025.1.1,60.02119948766625,2025-10-01 22h47.12.067456 +0530,
50,c,190,2,47,c,1,0.642060000000015,None,47,2,190,2,,,,,534.4887708,,534.472955,534.4887708,535.4724221,535.4724221,535.4724221,535.4724221,535.4890477,536.4723783,536.4723783,537.1225094,c,1,0.642060000000015,None,,,,,par_4_mtr_seq,001,2025-10-01_22h47.00.991,untitled,,2025.1.1,60.02119948766625,2025-10-01 22h47.12.067456 +0530,
-150,z,191,3,47,z,1,1.0187109999999393,None,47,3,191,3,,,,,537.13871,,537.1228857,537.13871,538.1220322,538.1220322,538.1220322,538.1220322,538.1387565,539.1222049,539.1222049,540.1566424,z,1,1.0187109999999393,None,,,,,par_4_mtr_seq,001,2025-10-01_22h47.00.991,untitled,,2025.1.1,60.02119948766625,2025-10-01 22h47.12.067456 +0530,
-50,x,192,0,48,x,1,1.767541900000083,None,48,0,192,0,,,,,540.1722488,,540.1571443,540.1722488,541.1723172,541.1723172,541.1723172,541.1723172,541.1723172,542.1724569,542.1724569,543.9565272,x,1,1.767541900000083,None,,,,,par_4_mtr_seq,001,2025-10-01_22h47.00.991,untitled,,2025.1.1,60.02119948766625,2025-10-01 22h47.12.067456 +0530,
150,v,193,1,48,v,1,0.88852159999999,None,48,1,193,1,,,,,543.9724604,,543.9569404,543.9724604,544.9559464,544.9559464,544.9559464,544.9559464,544.9726023,545.9556632,545.9556632,546.8565505,v,1,0.88852159999999,None,,,,,par_4_mtr_seq,001,2025-10-01_22h47.00.991,untitled,,2025.1.1,60.02119948766625,2025-10-01 22h47.12.067456 +0530,
50,c,194,2,48,v,0,0.7143151000000216,None,48,2,194,2,,,,,546.8723901,,546.8571076,546.8723901,547.8556524,547.8556524,547.8556524,547.8556524,547.8725465,548.8560879,548.8560879,549.5730789,v,0,0.7143151000000216,None,,,,,par_4_mtr_seq,001,2025-10-01_22h47.00.991,untitled,,2025.1.1,60.02119948766625,2025-10-01 22h47.12.067456 +0530,
-150,z,195,3,48,z,1,1.3055965999999444,None,48,3,195,3,,,,,549.5889231,,549.573578,549.5889231,550.5728852,550.5728852,550.5728852,550.5728852,550.5888936,551.57206,551.57206,552.8901476999999,z,1,1.3055965999999444,None,,,,,par_4_mtr_seq,001,2025-10-01_22h47.00.991,untitled,,2025.1.1,60.02119948766625,2025-10-01 22h47.12.067456 +0530,
-50,x,196,0,49,x,1,6.23133150000001,None,49,0,196,0,,,,,552.905701,,552.8905373,552.905701,553.8889831,553.8889831,553.8889831,553.8889831,553.9055073,554.9058818,554.9058818,561.1399965,x,1,6.23133150000001,None,,,,,par_4_mtr_seq,001,2025-10-01_22h47.00.991,untitled,,2025.1.1,60.02119948766625,2025-10-01 22h47.12.067456 +0530,
150,v,197,1,49,v,1,2.9032781999999315,None,49,1,197,1,,,,,561.1557112,,561.1405426,561.1557112,562.1554973,562.1554973,562.1554973,562.1554973,562.1554973,563.1412575,563.1412575,566.0578341,v,1,2.9032781999999315,None,,,,,par_4_mtr_seq,001,2025-10-01_22h47.00.991,untitled,,2025.1.1,60.02119948766625,2025-10-01 22h47.12.067456 +0530,
50,c,198,2,49,c,1,2.340648500000043,None,49,2,198,2,,,,,566.0734894,,566.058594,566.0734894,567.0576277,567.0576277,567.0576277,567.0576277,567.0739406,568.0577296,568.0577296,570.4090164,c,1,2.340648500000043,None,,,,,par_4_mtr_seq,001,2025-10-01_22h47.00.991,untitled,,2025.1.1,60.02119948766625,2025-10-01 22h47.12.067456 +0530,
-150,z,199,3,49,z,1,0.4390873999999485,None,49,3,199,3,,,,,570.4240601,,570.4094932,570.4240601,571.4246186,571.4246186,571.4246186,571.4246186,571.4246186,572.4075928999999,572.4075928999999,572.8587021,z,1,0.4390873999999485,None,,,,,par_4_mtr_seq,001,2025-10-01_22h47.00.991,untitled,,2025.1.1,60.02119948766625,2025-10-01 22h47.12.067456 +0530,
-150,z,0,0,0,z,1,0.5304063999999471,None,,,,,0,0,0,3,572.9035679,,572.8913,572.9035679,573.8573978,573.8573978,573.8573978,573.8573978,573.9079402,574.874338,574.874338,575.4081824,,,,,z,1,0.5304063999999471,None,par_4_mtr_seq,001,2025-10-01_22h47.00.991,untitled,,2025.1.1,60.02119948766625,2025-10-01 22h47.12.067456 +0530,
-50,x,1,1,0,x,1,2.978751500000044,None,,,,,0,1,1,0,575.4237766,,575.408633,575.4237766,576.4081046,576.4081046,576.4081046,576.4081046,576.4245624,577.4077471,577.4077471,580.3923639,,,,,x,1,2.978751500000044,None,par_4_mtr_seq,001,2025-10-01_22h47.00.991,untitled,,2025.1.1,60.02119948766625,2025-10-01 22h47.12.067456 +0530,
150,v,2,2,0,v,1,1.3088909000000513,None,,,,,0,2,2,1,580.407612,,580.3928672,580.407612,581.4078325,581.4078325,581.4078325,581.4078325,581.4078325,582.3916323,582.3916323,583.7077357,,,,,v,1,1.3088909000000513,None,par_4_mtr_seq,001,2025-10-01_22h47.00.991,untitled,,2025.1.1,60.02119948766625,2025-10-01 22h47.12.067456 +0530,
50,c,3,3,0,v,0,1.5788430999999719,None,,,,,0,3,3,2,583.7237762,,583.7081986,583.7237762,584.7071211,584.7071211,584.7071211,584.7071211,584.7237601,585.7076303,585.7076303,587.2913983,,,,,v,0,1.5788430999999719,None,par_4_mtr_seq,001,2025-10-01_22h47.00.991,untitled,,2025.1.1,60.02119948766625,2025-10-01 22h47.12.067456 +0530,
150,v,4,0,1,b,0,0.6572706999999127,None,,,,,1,0,4,1,587.3069762,,587.291878,587.3069762,588.2914403,588.2914403,588.2914403,588.2914403,588.3079725,589.2913101,589.2913101,589.9589508,,,,,b,0,0.6572706999999127,None,par_4_mtr_seq,001,2025-10-01_22h47.00.991,untitled,,2025.1.1,60.02119948766625,2025-10-01 22h47.12.067456 +0530,
-50,x,5,1,1,x,1,3.283116199999995,None,,,,,1,1,5,0,589.9744974,,589.9595985,589.9744974,590.9746817,590.9746817,590.9746817,590.9746817,590.9746817,591.9573969,591.9573969,595.2419293,,,,,x,1,3.283116199999995,None,par_4_mtr_seq,001,2025-10-01_22h47.00.991,untitled,,2025.1.1,60.02119948766625,2025-10-01 22h47.12.067456 +0530,
-150,z,6,2,1,z,1,2.2868115999999645,None,,,,,1,2,6,3,595.2573523,,595.2426067,595.2573523,596.2406637,596.2406637,596.2406637,596.2406637,596.2579585,597.2417452,597.2417452,599.5412686,,,,,z,1,2.2868115999999645,None,par_4_mtr_seq,001,2025-10-01_22h47.00.991,untitled,,2025.1.1,60.02119948766625,2025-10-01 22h47.12.067456 +0530,
50,c,7,3,1,c,1,2.3984355999999707,None,,,,,1,3,7,2,599.5578364,,599.5418307,599.5578364,600.5416696999999,600.5416696999999,600.5416696999999,600.5416696999999,600.5578535,601.5408531,601.5408531,603.942135,,,,,c,1,2.3984355999999707,None,par_4_mtr_seq,001,2025-10-01_22h47.00.991,untitled,,2025.1.1,60.02119948766625,2025-10-01 22h47.12.067456 +0530,
50,c,8,0,2,c,1,1.0712221,None,,,,,2,0,8,2,603.9578672,,603.9425732,603.9578672,604.9404933,604.9404933,604.9404933,604.9404933,604.9581938,605.941087,605.941087,607.0247745,,,,,c,1,1.0712221,None,par_4_mtr_seq,001,2025-10-01_22h47.00.991,untitled,,2025.1.1,60.02119948766625,2025-10-01 22h47.12.067456 +0530,
-50,x,9,1,2,x,1,1.4139883000000282,None,,,,,2,1,9,0,607.0405066,,607.025379,607.0405066,608.024375,608.024375,608.024375,608.024375,608.0411689,609.0247626,609.0247626,610.441728,,,,,x,1,1.4139883000000282,None,par_4_mtr_seq,001,2025-10-01_22h47.00.991,untitled,,2025.1.1,60.02119948766625,2025-10-01 22h47.12.067456 +0530,
-150,z,10,2,2,z,1,0.7423191000000315,None,,,,,2,2,10,3,610.4577821,,610.4422034,610.4577821,611.441423,611.441423,611.441423,611.441423,611.4580425,612.4418302,612.4418302,613.1919024,,,,,z,1,0.7423191000000315,None,par_4_mtr_seq,001,2025-10-01_22h47.00.991,untitled,,2025.1.1,60.02119948766625,2025-10-01 22h47.12.067456 +0530,
150,v,11,3,2,v,1,1.0060749000000442,None,,,,,2,3,11,1,613.2081257,,613.1923509,613.2081257,614.1912025,614.1912025,614.1912025,614.1912025,614.2072068,615.1916585,615.1916585,616.2096499,,,,,v,1,1.0060749000000442,None,par_4_mtr_seq,001,2025-10-01_22h47.00.991,untitled,,2025.1.1,60.02119948766625,2025-10-01 22h47.12.067456 +0530,
50,c,12,0,3,c,1,1.4808133000000225,None,,,,,3,0,12,2,616.2247093,,616.2102513,616.2247093,617.2244222,617.2244222,617.2244222,617.2244222,617.2244222,618.2239032,618.2239032,619.7083839,,,,,c,1,1.4808133000000225,None,par_4_mtr_seq,001,2025-10-01_22h47.00.991,untitled,,2025.1.1,60.02119948766625,2025-10-01 22h47.12.067456 +0530,
-50,x,13,1,3,x,1,1.284472199999982,None,,,,,3,1,13,0,619.7249317,,619.7089724,619.7249317,620.7076597,620.7076597,620.7076597,620.7076597,620.7249523,621.7251813,621.7251813,623.0247877,,,,,x,1,1.284472199999982,None,par_4_mtr_seq,001,2025-10-01_22h47.00.991,untitled,,2025.1.1,60.02119948766625,2025-10-01 22h47.12.067456 +0530,
150,v,14,2,3,v,1,3.290690599999948,None,,,,,3,2,14,1,623.0407912,,623.0254946,623.0407912,624.0411424,624.0411424,624.0411424,624.0411424,624.0411424,625.0247801,625.0247801,628.3253787,,,,,v,1,3.290690599999948,None,par_4_mtr_seq,001,2025-10-01_22h47.00.991,untitled,,2025.1.1,60.02119948766625,2025-10-01 22h47.12.067456 +0530,
-150,z,15,3,3,z,1,0.4008939000000282,None,,,,,3,3,15,3,628.3412536,,628.3259366999999,628.3412536,629.3409592,629.3409592,629.3409592,629.3409592,629.3409592,630.3250491,630.3250491,630.7415133,,,,,z,1,0.4008939000000282,None,par_4_mtr_seq,001,2025-10-01_22h47.00.991,untitled,,2025.1.1,60.02119948766625,2025-10-01 22h47.12.067456 +0530,
50,c,16,0,4,c,1,1.1690879000000223,None,,,,,4,0,16,2,630.7578559,,630.741972,630.7578559,631.7410318,631.7410318,631.7410318,631.7410318,631.7579639,632.7413422,632.7413422,633.9256512,,,,,c,1,1.1690879000000223,None,par_4_mtr_seq,001,2025-10-01_22h47.00.991,untitled,,2025.1.1,60.02119948766625,2025-10-01 22h47.12.067456 +0530,
-50,x,17,1,4,x,1,0.7535069000000476,None,,,,,4,1,17,0,633.941281,,633.9260893,633.941281,634.9256837,634.9256837,634.9256837,634.9256837,634.9421613,635.9248607,635.9248607,636.6923145,,,,,x,1,0.7535069000000476,None,par_4_mtr_seq,001,2025-10-01_22h47.00.991,untitled,,2025.1.1,60.02119948766625,2025-10-01 22h47.12.067456 +0530,
150,v,18,2,4,v,1,1.0741177999999536,None,,,,,4,2,18,1,636.7071658,,636.6927859,636.7071658,637.7079147,637.7079147,637.7079147,637.7079147,637.7079147,638.6915066,638.6915066,639.7754431,,,,,v,1,1.0741177999999536,None,par_4_mtr_seq,001,2025-10-01_22h47.00.991,untitled,,2025.1.1,60.02119948766625,2025-10-01 22h47.12.067456 +0530,
-150,z,19,3,4,z,1,0.6627981000000318,None,,,,,4,3,19,3,639.7910889,,639.7759928,639.7910889,640.7745321,640.7745321,640.7745321,640.7745321,640.7909648,641.7745235,641.7745235,642.4420506,,,,,z,1,0.6627981000000318,None,par_4_mtr_seq,001,2025-10-01_22h47.00.991,untitled,,2025.1.1,60.02119948766625,2025-10-01 22h47.12.067456 +0530,
150,v,20,0,5,v,1,1.8766506000000618,None,,,,,5,0,20,1,642.4580105,,642.4425398,642.4580105,643.4414414,643.4414414,643.4414414,643.4414414,643.4580034,644.4415155,644.4415155,646.3253572,,,,,v,1,1.8766506000000618,None,par_4_mtr_seq,001,2025-10-01_22h47.00.991,untitled,,2025.1.1,60.02119948766625,2025-10-01 22h47.12.067456 +0530,
-150,z,21,1,5,z,1,1.2626570999999558,None,,,,,5,1,21,3,646.3408497,,646.3258984,646.3408497,647.3249265,647.3249265,647.3249265,647.3249265,647.3414286,648.3249588,648.3249588,649.5930589,,,,,z,1,1.2626570999999558,None,par_4_mtr_seq,001,2025-10-01_22h47.00.991,untitled,,2025.1.1,60.02119948766625,2025-10-01 22h47.12.067456 +0530,
50,c,22,2,5,c,1,1.3219603999999663,None,,,,,5,2,22,2,649.6087078,,649.5935349,649.6087078,650.6082545,650.6082545,650.6082545,650.6082545,650.6082545,651.6078284,651.6078284,652.9416835,,,,,c,1,1.3219603999999663,None,par_4_mtr_seq,001,2025-10-01_22h47.00.991,untitled,,2025.1.1,60.02119948766625,2025-10-01 22h47.12.067456 +0530,
-50,x,23,3,5,x,1,0.6066594999999779,None,,,,,5,3,23,0,652.9583508,,652.9422449,652.9583508,653.9417255,653.9417255,653.9417255,653.9417255,653.9583544,654.9421278,654.9421278,655.5587728,,,,,x,1,0.6066594999999779,None,par_4_mtr_seq,001,2025-10-01_22h47.00.991,untitled,,2025.1.1,60.02119948766625,2025-10-01 22h47.12.067456 +0530,
-150,z,24,0,6,z,1,0.8010543000000325,None,,,,,6,0,24,3,655.5749095,,655.5593408,655.5749095,656.5580349,656.5580349,656.5580349,656.5580349,656.5745323,657.5582264,657.5582264,658.3755086,,,,,z,1,0.8010543000000325,None,par_4_mtr_seq,001,2025-10-01_22h47.00.991,untitled,,2025.1.1,60.02119948766625,2025-10-01 22h47.12.067456 +0530,
-50,x,25,1,6,x,1,0.8743147999999792,None,,,,,6,1,25,0,658.3915319,,658.3760532,658.3915319,659.3748204,659.3748204,659.3748204,659.3748204,659.3913086,660.3749384,660.3749384,661.2590562,,,,,x,1,0.8743147999999792,None,par_4_mtr_seq,001,2025-10-01_22h47.00.991,untitled,,2025.1.1,60.02119948766625,2025-10-01 22h47.12.067456 +0530,
50,c,26,2,6,c,1,2.9526275000000624,None,,,,,6,2,26,2,661.2741013,,661.2595191,661.2741013,662.2753825,662.2753825,662.2753825,662.2753825,662.2753825,663.2750638,663.2750638,666.2423461,,,,,c,1,2.9526275000000624,None,par_4_mtr_seq,001,2025-10-01_22h47.00.991,untitled,,2025.1.1,60.02119948766625,2025-10-01 22h47.12.067456 +0530,
150,v,27,3,6,v,1,1.0840562000000773,None,,,,,6,3,27,1,666.2582212,,666.2428768999999,666.2582212,667.2414856,667.2414856,667.2414856,667.2414856,667.2581072,668.2414178,668.2414178,669.3422126,,,,,v,1,1.0840562000000773,None,par_4_mtr_seq,001,2025-10-01_22h47.00.991,untitled,,2025.1.1,60.02119948766625,2025-10-01 22h47.12.067456 +0530,
50,c,28,0,7,c,1,1.3017786000000342,None,,,,,7,0,28,2,669.3583844,,669.3427267,669.3583844,670.3414601,670.3414601,670.3414601,670.3414601,670.3581995,671.3414,671.3414,672.6586178,,,,,c,1,1.3017786000000342,None,par_4_mtr_seq,001,2025-10-01_22h47.00.991,untitled,,2025.1.1,60.02119948766625,2025-10-01 22h47.12.067456 +0530,
-50,x,29,1,7,x,1,1.2608579999999847,None,,,,,7,1,29,0,672.674871,,672.659057,672.674871,673.6583191,673.6583191,673.6583191,673.6583191,673.6747797,674.6582107,674.6582107,675.9256678,,,,,x,1,1.2608579999999847,None,par_4_mtr_seq,001,2025-10-01_22h47.00.991,untitled,,2025.1.1,60.02119948766625,2025-10-01 22h47.12.067456 +0530,
-150,z,30,2,7,z,1,0.4635278000000653,None,,,,,7,2,30,3,675.9414001,,675.9261235,675.9414001,676.9248991,676.9248991,676.9248991,676.9248991,676.9416798,677.9249671,677.9249671,678.391879,,,,,z,1,0.4635278000000653,None,par_4_mtr_seq,001,2025-10-01_22h47.00.991,untitled,,2025.1.1,60.02119948766625,2025-10-01 22h47.12.067456 +0530,
150,v,31,3,7,v,1,1.468358500000022,None,,,,,7,3,31,1,678.4080733,,678.39237,678.4080733,679.3916542,679.3916542,679.3916542,679.3916542,679.408166,680.3916441,680.3916441,681.8756844,,,,,v,1,1.468358500000022,None,par_4_mtr_seq,001,2025-10-01_22h47.00.991,untitled,,2025.1.1,60.02119948766625,2025-10-01 22h47.12.067456 +0530,
-50,x,32,0,8,x,1,0.8476851000000352,None,,,,,8,0,32,0,681.8906115999999,,681.8762508,681.8906115999999,682.8750172,682.8750172,682.8750172,682.8750172,682.8915643,683.8750222,683.8750222,684.7254337,,,,,x,1,0.8476851000000352,None,par_4_mtr_seq,001,2025-10-01_22h47.00.991,untitled,,2025.1.1,60.02119948766625,2025-10-01 22h47.12.067456 +0530,
50,c,33,1,8,c,1,2.1752912000000606,None,,,,,8,1,33,2,684.7415767,,684.7260208,684.7415767,685.7249194,685.7249194,685.7249194,685.7249194,685.7418565,686.7249639,686.7249639,688.909378,,,,,c,1,2.1752912000000606,None,par_4_mtr_seq,001,2025-10-01_22h47.00.991,untitled,,2025.1.1,60.02119948766625,2025-10-01 22h47.12.067456 +0530,
-150,z,34,2,8,z,1,0.7299440000000459,None,,,,,8,2,34,3,688.9245796,,688.9098468,688.9245796,689.9250764,689.9250764,689.9250764,689.9250764,689.9250764,690.9248645,690.9248645,691.6587116,,,,,z,1,0.7299440000000459,None,par_4_mtr_seq,001,2025-10-01_22h47.00.991,untitled,,2025.1.1,60.02119948766625,2025-10-01 22h47.12.067456 +0530,
150,v,35,3,8,v,1,0.9652492000000166,None,,,,,8,3,35,1,691.6747595,,691.6591703,691.6747595,692.6585525,692.6585525,692.6585525,692.6585525,692.6749258,693.6582937,693.6582937,694.6259016,,,,,v,1,0.9652492000000166,None,par_4_mtr_seq,001,2025-10-01_22h47.00.991,untitled,,2025.1.1,60.02119948766625,2025-10-01 22h47.12.067456 +0530,
50,c,36,0,9,c,1,1.2145980999999892,None,,,,,9,0,36,2,694.6415708,,694.6263972,694.6415708,695.625075,695.625075,695.625075,695.625075,695.6415307,696.6415237,696.6415237,697.859076,,,,,c,1,1.2145980999999892,None,par_4_mtr_seq,001,2025-10-01_22h47.00.991,untitled,,2025.1.1,60.02119948766625,2025-10-01 22h47.12.067456 +0530,
-50,x,37,1,9,x,1,0.452334399999927,None,,,,,9,1,37,0,697.8748831,,697.8596314,697.8748831,698.8749766,698.8749766,698.8749766,698.8749766,698.8749766,699.8584035,699.8584035,700.325957,,,,,x,1,0.452334399999927,None,par_4_mtr_seq,001,2025-10-01_22h47.00.991,untitled,,2025.1.1,60.02119948766625,2025-10-01 22h47.12.067456 +0530,
150,v,38,2,9,v,1,0.432942799999978,None,,,,,9,2,38,1,700.3416464,,700.3265417,700.3416464,701.3252048,701.3252048,701.3252048,701.3252048,701.341553,702.3416379,702.3416379,702.7759581,,,,,v,1,0.432942799999978,None,par_4_mtr_seq,001,2025-10-01_22h47.00.991,untitled,,2025.1.1,60.02119948766625,2025-10-01 22h47.12.067456 +0530,
-150,z,39,3,9,z,1,0.43396500000005744,None,,,,,9,3,39,3,702.7913104,,702.7764548,702.7913104,703.7917729,703.7917729,703.7917729,703.7917729,703.7917729,704.7917553999999,704.7917553999999,705.2419356,,,,,z,1,0.43396500000005744,None,par_4_mtr_seq,001,2025-10-01_22h47.00.991,untitled,,2025.1.1,60.02119948766625,2025-10-01 22h47.12.067456 +0530,
-50,x,40,0,10,x,1,0.43925309999997353,None,,,,,10,0,40,0,705.258543,,705.2424992,705.258543,706.2417019,706.2417019,706.2417019,706.2417019,706.2582171,707.241626,707.241626,707.6932836,,,,,x,1,0.43925309999997353,None,par_4_mtr_seq,001,2025-10-01_22h47.00.991,untitled,,2025.1.1,60.02119948766625,2025-10-01 22h47.12.067456 +0530,
50,c,41,1,10,c,1,1.2264302999999472,None,,,,,10,1,41,2,707.707965,,707.6937656,707.707965,708.7081814,708.7081814,708.7081814,708.7081814,708.7081814,709.7084632,709.7084632,710.9418758,,,,,c,1,1.2264302999999472,None,par_4_mtr_seq,001,2025-10-01_22h47.00.991,untitled,,2025.1.1,60.02119948766625,2025-10-01 22h47.12.067456 +0530,
-150,z,42,2,10,z,1,1.214588899999967,None,,,,,10,2,42,3,710.9584226,,710.9423115,710.9584226,711.941813,711.941813,711.941813,711.941813,711.9586712,712.9416947,712.9416947,714.1597003,,,,,z,1,1.214588899999967,None,par_4_mtr_seq,001,2025-10-01_22h47.00.991,untitled,,2025.1.1,60.02119948766625,2025-10-01 22h47.12.067456 +0530,
150,v,43,3,10,v,1,1.058552299999974,None,,,,,10,3,43,1,714.1753352,,714.1601779,714.1753352,715.1751193,715.1751193,715.1751193,715.1751193,715.1751193,716.1750685,716.1750685,717.2427224,,,,,v,1,1.058552299999974,None,par_4_mtr_seq,001,2025-10-01_22h47.00.991,untitled,,2025.1.1,60.02119948766625,2025-10-01 22h47.12.067456 +0530,
150,v,44,0,11,v,1,0.4914249999999356,None,,,,,11,0,44,1,717.2583934,,717.2431559,717.2583934,718.2415347,718.2415347,718.2415347,718.2415347,718.2584019,719.2583597,719.2583597,719.7590284,,,,,v,1,0.4914249999999356,None,par_4_mtr_seq,001,2025-10-01_22h47.00.991,untitled,,2025.1.1,60.02119948766625,2025-10-01 22h47.12.067456 +0530,
-50,x,45,1,11,x,1,0.5420450000000301,None,,,,,11,1,45,0,719.7750412,,719.7595116,719.7750412,720.7582055,720.7582055,720.7582055,720.7582055,720.7752574,721.7584022,721.7584022,722.3090088,,,,,x,1,0.5420450000000301,None,par_4_mtr_seq,001,2025-10-01_22h47.00.991,untitled,,2025.1.1,60.02119948766625,2025-10-01 22h47.12.067456 +0530,
50,c,46,2,11,c,1,1.4402016999999887,None,,,,,11,2,46,2,722.3248662,,722.3095499,722.3248662,723.3084024,723.3084024,723.3084024,723.3084024,723.3250199,724.3083487,724.3083487,725.7590585,,,,,c,1,1.4402016999999887,None,par_4_mtr_seq,001,2025-10-01_22h47.00.991,untitled,,2025.1.1,60.02119948766625,2025-10-01 22h47.12.067456 +0530,
-150,z,47,3,11,z,1,0.7562551999999414,None,,,,,11,3,47,3,725.7752842,,725.7595641,725.7752842,726.7583709,726.7583709,726.7583709,726.7583709,726.7751674,727.7581696,727.7581696,728.5255295,,,,,z,1,0.7562551999999414,None,par_4_mtr_seq,001,2025-10-01_22h47.00.991,untitled,,2025.1.1,60.02119948766625,2025-10-01 22h47.12.067456 +0530,
50,c,48,0,12,c,1,1.625151800000026,None,,,,,12,0,48,2,728.5415268,,728.5260148,728.5415268,729.5253549,729.5253549,729.5253549,729.5253549,729.5415264,730.5247386,730.5247386,732.1587726,,,,,c,1,1.625151800000026,None,par_4_mtr_seq,001,2025-10-01_22h47.00.991,untitled,,2025.1.1,60.02119948766625,2025-10-01 22h47.12.067456 +0530,
150,v,49,1,12,v,1,1.5029903999999306,None,,,,,12,1,49,1,732.1752013,,732.159284,732.1752013,733.158942,733.158942,733.158942,733.158942,733.1751879,734.1583866,734.1583866,735.6756891,,,,,v,1,1.5029903999999306,None,par_4_mtr_seq,001,2025-10-01_22h47.00.991,untitled,,2025.1.1,60.02119948766625,2025-10-01 22h47.12.067456 +0530,
-50,x,50,2,12,x,1,0.7865934000000152,None,,,,,12,2,50,0,735.6921497,,735.6762235,735.6921497,736.6751876,736.6751876,736.6751876,736.6751876,736.6919775,737.6749258,737.6749258,738.4757885,,,,,x,1,0.7865934000000152,None,par_4_mtr_seq,001,2025-10-01_22h47.00.991,untitled,,2025.1.1,60.02119948766625,2025-10-01 22h47.12.067456 +0530,
-150,z,51,3,12,z,1,0.6664908000000196,None,,,,,12,3,51,3,738.4916691,,738.4762561,738.4916691,739.475318,739.475318,739.475318,739.475318,739.4918031,740.4750769,740.4750769,741.1428528,,,,,z,1,0.6664908000000196,None,par_4_mtr_seq,001,2025-10-01_22h47.00.991,untitled,,2025.1.1,60.02119948766625,2025-10-01 22h47.12.067456 +0530,
-50,x,52,0,13,x,1,0.9971312000000125,None,,,,,13,0,52,0,741.1589612,,741.143329,741.1589612,742.1581811,742.1581811,742.1581811,742.1581811,742.1581811,743.1585343,743.1585343,744.1589948,,,,,x,1,0.9971312000000125,None,par_4_mtr_seq,001,2025-10-01_22h47.00.991,untitled,,2025.1.1,60.02119948766625,2025-10-01 22h47.12.067456 +0530,
50,c,53,1,13,c,1,0.8830806999999368,None,,,,,13,1,53,2,744.1750567,,744.1595139,744.1750567,745.1584626,745.1584626,745.1584626,745.1584626,745.1750282,746.1583774,746.1583774,747.0426918,,,,,c,1,0.8830806999999368,None,par_4_mtr_seq,001,2025-10-01_22h47.00.991,untitled,,2025.1.1,60.02119948766625,2025-10-01 22h47.12.067456 +0530,
150,v,54,2,13,v,1,0.5769279999999526,None,,,,,13,2,54,1,747.0586953,,747.0431762,747.0586953,748.0418348,748.0418348,748.0418348,748.0418348,748.0584351,749.0577425,749.0577425,749.6418496,,,,,v,1,0.5769279999999526,None,par_4_mtr_seq,001,2025-10-01_22h47.00.991,untitled,,2025.1.1,60.02119948766625,2025-10-01 22h47.12.067456 +0530,
-150,z,55,3,13,z,1,0.538592699999981,None,,,,,13,3,55,3,749.6577882,,749.6423107,749.6577882,750.6410154,750.6410154,750.6410154,750.6410154,750.6584982,751.6427973,751.6427973,752.1923026,,,,,z,1,0.538592699999981,None,par_4_mtr_seq,001,2025-10-01_22h47.00.991,untitled,,2025.1.1,60.02119948766625,2025-10-01 22h47.12.067456 +0530,
-50,x,56,0,14,x,1,0.4183013999999048,None,,,,,14,0,56,0,752.2076401,,752.1928438,752.2076401,753.2087893,753.2087893,753.2087893,753.2087893,753.2087893,754.1918735,754.1918735,754.6250711,,,,,x,1,0.4183013999999048,None,par_4_mtr_seq,001,2025-10-01_22h47.00.991,untitled,,2025.1.1,60.02119948766625,2025-10-01 22h47.12.067456 +0530,
50,c,57,1,14,c,1,0.5564777999999251,None,,,,,14,1,57,2,754.6413323,,754.6255093999999,754.6413323,755.6265442,755.6265442,755.6265442,755.6265442,755.6415374,756.626,756.626,757.1912874,,,,,c,1,0.5564777999999251,None,par_4_mtr_seq,001,2025-10-01_22h47.00.991,untitled,,2025.1.1,60.02119948766625,2025-10-01 22h47.12.067456 +0530,
-150,z,58,2,14,z,1,0.7729577000000063,None,,,,,14,2,58,3,757.2066201,,757.1917681,757.2066201,758.1908156,758.1908156,758.1908156,758.1908156,758.2077914,759.1904043,759.1904043,759.9740777,,,,,z,1,0.7729577000000063,None,par_4_mtr_seq,001,2025-10-01_22h47.00.991,untitled,,2025.1.1,60.02119948766625,2025-10-01 22h47.12.067456 +0530,
150,v,59,3,14,v,1,0.4252860999999939,None,,,,,14,3,59,1,759.9897873,,759.9746613,759.9897873,760.9752235,760.9752235,760.9752235,760.9752235,760.9917937,761.9745593,761.9745593,762.4093285,,,,,v,1,0.4252860999999939,None,par_4_mtr_seq,001,2025-10-01_22h47.00.991,untitled,,2025.1.1,60.02119948766625,2025-10-01 22h47.12.067456 +0530,
-50,x,60,0,15,x,1,0.46499130000006517,None,,,,,15,0,60,0,762.4255687,,762.4097973,762.4255687,763.4084967,763.4084967,763.4084967,763.4084967,763.4254036,764.4085531,764.4085531,764.8762665,,,,,x,1,0.46499130000006517,None,par_4_mtr_seq,001,2025-10-01_22h47.00.991,untitled,,2025.1.1,60.02119948766625,2025-10-01 22h47.12.067456 +0530,
50,c,61,1,15,c,1,1.1021867000000611,None,,,,,15,1,61,2,764.8921058,,764.87678,764.8921058,765.8752952,765.8752952,765.8752952,765.8752952,765.8916775,766.8752103,766.8752103,767.9925344,,,,,c,1,1.1021867000000611,None,par_4_mtr_seq,001,2025-10-01_22h47.00.991,untitled,,2025.1.1,60.02119948766625,2025-10-01 22h47.12.067456 +0530,
150,v,62,2,15,v,1,0.8905217000000221,None,,,,,15,2,62,1,768.0083663,,767.9930542,768.0083663,768.99184,768.99184,768.99184,768.99184,769.008393,769.9920843,769.9920843,770.8925434,,,,,v,1,0.8905217000000221,None,par_4_mtr_seq,001,2025-10-01_22h47.00.991,untitled,,2025.1.1,60.02119948766625,2025-10-01 22h47.12.067456 +0530,
-150,z,63,3,15,z,1,0.4339617000000544,None,,,,,15,3,63,3,770.9085557,,770.8930443,770.9085557,771.8919526,771.8919526,771.8919526,771.8919526,771.9085342,772.8918802,772.8918802,773.3425976,,,,,z,1,0.4339617000000544,None,par_4_mtr_seq,001,2025-10-01_22h47.00.991,untitled,,2025.1.1,60.02119948766625,2025-10-01 22h47.12.067456 +0530,
150,v,64,0,16,v,1,0.8943560999999818,None,,,,,16,0,64,1,773.3585948,,773.3430536,773.3585948,774.3421016,774.3421016,774.3421016,774.3421016,774.3585666,775.341779,775.341779,776.2428521,,,,,v,1,0.8943560999999818,None,par_4_mtr_seq,001,2025-10-01_22h47.00.991,untitled,,2025.1.1,60.02119948766625,2025-10-01 22h47.12.067456 +0530,
-50,x,65,1,16,x,1,0.42714060000002974,None,,,,,16,1,65,0,776.2584863,,776.2432955,776.2584863,777.2418734,777.2418734,777.2418734,777.2418734,777.258343,778.2424092,778.2424092,778.6760546,,,,,x,1,0.42714060000002974,None,par_4_mtr_seq,001,2025-10-01_22h47.00.991,untitled,,2025.1.1,60.02119948766625,2025-10-01 22h47.12.067456 +0530,
50,c,66,2,16,c,1,0.8850771999999552,None,,,,,16,2,66,2,778.691804,,778.6765367,778.691804,779.675284,779.675284,779.675284,779.675284,779.6919525,780.676413,780.676413,781.5759968,,,,,c,1,0.8850771999999552,None,par_4_mtr_seq,001,2025-10-01_22h47.00.991,untitled,,2025.1.1,60.02119948766625,2025-10-01 22h47.12.067456 +0530,
-150,z,67,3,16,x,0,0.38519559999997455,None,,,,,16,3,67,3,781.5924018,,781.5764956,781.5924018,782.5753277,782.5753277,782.5753277,782.5753277,782.5919279,783.5913992,783.5913992,783.9927205,,,,,x,0,0.38519559999997455,None,par_4_mtr_seq,001,2025-10-01_22h47.00.991,untitled,,2025.1.1,60.02119948766625,2025-10-01 22h47.12.067456 +0530,
50,c,68,0,17,c,1,1.4038333000000875,None,,,,,17,0,68,2,784.0085645,,783.9936289,784.0085645,784.9919934,784.9919934,784.9919934,784.9919934,785.0085888,785.9919225,785.9919225,787.4092946,,,,,c,1,1.4038333000000875,None,par_4_mtr_seq,001,2025-10-01_22h47.00.991,untitled,,2025.1.1,60.02119948766625,2025-10-01 22h47.12.067456 +0530,
150,v,69,1,17,v,1,0.4895057999999608,None,,,,,17,1,69,1,787.4252308,,787.4097382,787.4252308,788.4088925,788.4088925,788.4088925,788.4088925,788.4261251,789.4085774,789.4085774,789.9096549,,,,,v,1,0.4895057999999608,None,par_4_mtr_seq,001,2025-10-01_22h47.00.991,untitled,,2025.1.1,60.02119948766625,2025-10-01 22h47.12.067456 +0530,
-150,z,70,2,17,z,1,0.856327599999986,None,,,,,17,2,70,3,789.9252622,,789.9101942,789.9252622,790.9252231,790.9252231,790.9252231,790.9252231,790.9252231,791.9255869,791.9255869,792.7923429,,,,,z,1,0.856327599999986,None,par_4_mtr_seq,001,2025-10-01_22h47.00.991,untitled,,2025.1.1,60.02119948766625,2025-10-01 22h47.12.067456 +0530,
-50,x,71,3,17,x,1,0.7823536000000786,None,,,,,17,3,71,0,792.8086479,,792.7928063,792.8086479,793.7921381,793.7921381,793.7921381,793.7921381,793.8084069,794.7920531,794.7920531,795.5762483,,,,,x,1,0.7823536000000786,None,par_4_mtr_seq,001,2025-10-01_22h47.00.991,untitled,,2025.1.1,60.02119948766625,2025-10-01 22h47.12.067456 +0530,
-150,z,72,0,18,z,1,0.7249679000000242,None,,,,,18,0,72,3,795.5920372,,795.5767282,795.5920372,796.5919434,796.5919434,796.5919434,796.5919434,796.5919434,797.575485,797.575485,798.3090865,,,,,z,1,0.7249679000000242,None,par_4_mtr_seq,001,2025-10-01_22h47.00.991,untitled,,2025.1.1,60.02119948766625,2025-10-01 22h47.12.067456 +0530,
50,c,73,1,18,c,1,1.2084883999999647,None,,,,,18,1,73,2,798.3253419,,798.3096258,798.3253419,799.3088825,799.3088825,799.3088825,799.3088825,799.3257294,800.3087306,800.3087306,801.5260622,,,,,c,1,1.2084883999999647,None,par_4_mtr_seq,001,2025-10-01_22h47.00.991,untitled,,2025.1.1,60.02119948766625,2025-10-01 22h47.12.067456 +0530,
150,v,74,2,18,v,1,0.880342399999904,None,,,,,18,2,74,1,801.5422169,,801.5266065,801.5422169,802.5256899,802.5256899,802.5256899,802.5256899,802.542136,803.5257617999999,803.5257617999999,804.4090479,,,,,v,1,0.880342399999904,None,par_4_mtr_seq,001,2025-10-01_22h47.00.991,untitled,,2025.1.1,60.02119948766625,2025-10-01 22h47.12.067456 +0530,
-50,x,75,3,18,x,1,0.7182924999999614,None,,,,,18,3,75,0,804.4254622,,804.4096156,804.4254622,805.4084455,805.4084455,805.4084455,805.4084455,805.4254405,806.4108026,806.4108026,807.142704,,,,,x,1,0.7182924999999614,None,par_4_mtr_seq,001,2025-10-01_22h47.00.991,untitled,,2025.1.1,60.02119948766625,2025-10-01 22h47.12.067456 +0530,
50,c,76,0,19,c,1,1.8865574999999808,None,,,,,19,0,76,2,807.1586248,,807.1431453,807.1586248,808.1420641,808.1420641,808.1420641,808.1420641,808.1586955,809.1420201,809.1420201,811.0425941,,,,,c,1,1.8865574999999808,None,par_4_mtr_seq,001,2025-10-01_22h47.00.991,untitled,,2025.1.1,60.02119948766625,2025-10-01 22h47.12.067456 +0530,
-50,x,77,1,19,x,1,0.9374831999999742,None,,,,,19,1,77,0,811.0587728,,811.0431564,811.0587728,812.042027,812.042027,812.042027,812.042027,812.0594932,813.0421263,813.0421263,813.9930372,,,,,x,1,0.9374831999999742,None,par_4_mtr_seq,001,2025-10-01_22h47.00.991,untitled,,2025.1.1,60.02119948766625,2025-10-01 22h47.12.067456 +0530,
-150,z,78,2,19,z,1,0.4838191999999708,None,,,,,19,2,78,3,814.0083917,,813.9934919,814.0083917,814.9922139,814.9922139,814.9922139,814.9922139,815.0087014,815.9919039,815.9919039,816.4926102,,,,,z,1,0.4838191999999708,None,par_4_mtr_seq,001,2025-10-01_22h47.00.991,untitled,,2025.1.1,60.02119948766625,2025-10-01 22h47.12.067456 +0530,
150,v,79,3,19,v,1,0.704311999999959,None,,,,,19,3,79,1,816.5094083,,816.4930784,816.5094083,817.4922266,817.4922266,817.4922266,817.4922266,817.5087134,818.492177,818.492177,819.2093698,,,,,v,1,0.704311999999959,None,par_4_mtr_seq,001,2025-10-01_22h47.00.991,untitled,,2025.1.1,60.02119948766625,2025-10-01 22h47.12.067456 +0530,
-50,x,80,0,20,x,1,0.506639499999892,None,,,,,20,0,80,0,819.2253435,,819.2099086,819.2253435,820.2088228,820.2088228,820.2088228,820.2088228,820.2255484,821.2087591,821.2087591,821.7263771,,,,,x,1,0.506639499999892,None,par_4_mtr_seq,001,2025-10-01_22h47.00.991,untitled,,2025.1.1,60.02119948766625,2025-10-01 22h47.12.067456 +0530,
50,c,81,1,20,c,1,1.173869599999989,None,,,,,20,1,81,2,821.7419748,,821.7268277,821.7419748,822.7419811999999,822.7419811999999,822.7419811999999,822.7419811999999,822.7419811999999,823.7420883,823.7420883,824.9260649,,,,,c,1,1.173869599999989,None,par_4_mtr_seq,001,2025-10-01_22h47.00.991,untitled,,2025.1.1,60.02119948766625,2025-10-01 22h47.12.067456 +0530,
150,v,82,2,20,v,1,0.4731296999999586,None,,,,,20,2,82,1,824.9420748,,824.9265028,824.9420748,825.9256751,825.9256751,825.9256751,825.9256751,825.9421458,826.9255943,826.9255943,827.409834,,,,,v,1,0.4731296999999586,None,par_4_mtr_seq,001,2025-10-01_22h47.00.991,untitled,,2025.1.1,60.02119948766625,2025-10-01 22h47.12.067456 +0530,
-150,z,83,3,20,z,1,0.5083868000000393,None,,,,,20,3,83,3,827.4247835,,827.4103117,827.4247835,828.4257135,828.4257135,828.4257135,828.4257135,828.4257135,829.4259118,829.4259118,829.9426981,,,,,z,1,0.5083868000000393,None,par_4_mtr_seq,001,2025-10-01_22h47.00.991,untitled,,2025.1.1,60.02119948766625,2025-10-01 22h47.12.067456 +0530,
150,v,84,0,21,v,1,0.5541808000000401,None,,,,,21,0,84,1,829.9591654,,829.9432375,829.9591654,830.9421035,830.9421035,830.9421035,830.9421035,830.9587898999999,831.9420167,831.9420167,832.5095266,,,,,v,1,0.5541808000000401,None,par_4_mtr_seq,001,2025-10-01_22h47.00.991,untitled,,2025.1.1,60.02119948766625,2025-10-01 22h47.12.067456 +0530,
-50,x,85,1,21,x,1,0.48118539999995846,None,,,,,21,1,85,0,832.5254569,,832.5100071,832.5254569,833.5088512,833.5088512,833.5088512,833.5088512,833.5252356,834.5087672,834.5087672,834.9927186,,,,,x,1,0.48118539999995846,None,par_4_mtr_seq,001,2025-10-01_22h47.00.991,untitled,,2025.1.1,60.02119948766625,2025-10-01 22h47.12.067456 +0530,
-150,z,86,2,21,z,1,0.5618553999998994,None,,,,,21,2,86,3,835.0088339,,834.9931602,835.0088339,835.9920727,835.9920727,835.9920727,835.9920727,836.0090029,836.9928767,836.9928767,837.5594195,,,,,z,1,0.5618553999998994,None,par_4_mtr_seq,001,2025-10-01_22h47.00.991,untitled,,2025.1.1,60.02119948766625,2025-10-01 22h47.12.067456 +0530,
50,c,87,3,21,c,1,1.3839230999999472,None,,,,,21,3,87,2,837.5756005,,837.5598722,837.5756005,838.5579711,838.5579711,838.5579711,838.5579711,838.5753355,839.55956,839.55956,840.9595585,,,,,c,1,1.3839230999999472,None,par_4_mtr_seq,001,2025-10-01_22h47.00.991,untitled,,2025.1.1,60.02119948766625,2025-10-01 22h47.12.067456 +0530,
50,c,88,0,22,c,1,1.2180317999999488,None,,,,,22,0,88,2,840.975331,,840.9600494,840.975331,841.9590088,841.9590088,841.9590088,841.9590088,841.9754825,842.9748565,842.9748565,844.2095177,,,,,c,1,1.2180317999999488,None,par_4_mtr_seq,001,2025-10-01_22h47.00.991,untitled,,2025.1.1,60.02119948766625,2025-10-01 22h47.12.067456 +0530,
-50,x,89,1,22,x,1,0.9471905000000334,None,,,,,22,1,89,0,844.2259439,,844.209957,844.2259439,845.208782,845.208782,845.208782,845.208782,845.2255837,846.2087453,846.2087453,847.1593057,,,,,x,1,0.9471905000000334,None,par_4_mtr_seq,001,2025-10-01_22h47.00.991,untitled,,2025.1.1,60.02119948766625,2025-10-01 22h47.12.067456 +0530,
-150,z,90,2,22,z,1,0.4895652999999811,None,,,,,22,2,90,3,847.1754391,,847.1597773,847.1754391,848.1589531,848.1589531,848.1589531,848.1589531,848.1752321,849.1590354,849.1590354,849.6595743,,,,,z,1,0.4895652999999811,None,par_4_mtr_seq,001,2025-10-01_22h47.00.991,untitled,,2025.1.1,60.02119948766625,2025-10-01 22h47.12.067456 +0530,
150,v,91,3,22,v,1,0.9501321000000189,None,,,,,22,3,91,1,849.6762647,,849.6601095,849.6762647,850.6588788,850.6588788,850.6588788,850.6588788,850.6754449,851.6591019,851.6591019,852.6264362,,,,,v,1,0.9501321000000189,None,par_4_mtr_seq,001,2025-10-01_22h47.00.991,untitled,,2025.1.1,60.02119948766625,2025-10-01 22h47.12.067456 +0530,
50,c,92,0,23,c,1,1.7896771000000626,None,,,,,23,0,92,2,852.6421443,,852.627043,852.6421443,853.6255748,853.6255748,853.6255748,853.6255748,853.6423081,854.6258456,854.6258456,856.4261305,,,,,c,1,1.7896771000000626,None,par_4_mtr_seq,001,2025-10-01_22h47.00.991,untitled,,2025.1.1,60.02119948766625,2025-10-01 22h47.12.067456 +0530,
150,v,93,1,23,v,1,0.7228516999999783,None,,,,,23,1,93,1,856.4423306,,856.4265734,856.4423306,857.4255359,857.4255359,857.4255359,857.4255359,857.4423083,858.4255721,858.4255721,859.1596766,,,,,v,1,0.7228516999999783,None,par_4_mtr_seq,001,2025-10-01_22h47.00.991,untitled,,2025.1.1,60.02119948766625,2025-10-01 22h47.12.067456 +0530,
-50,x,94,2,23,x,1,0.8420926000000009,None,,,,,23,2,94,0,859.1753876,,859.1601574,859.1753876,860.1593198,860.1593198,860.1593198,860.1593198,860.1749896,861.1737844,861.1737844,862.0262396,,,,,x,1,0.8420926000000009,None,par_4_mtr_seq,001,2025-10-01_22h47.00.991,untitled,,2025.1.1,60.02119948766625,2025-10-01 22h47.12.067456 +0530,
-150,z,95,3,23,z,1,0.9304444000000558,None,,,,,23,3,95,3,862.0422695,,862.0266885,862.0422695,863.025733,863.025733,863.025733,863.025733,863.0422699,864.0258347,864.0258347,864.9593856,,,,,z,1,0.9304444000000558,None,par_4_mtr_seq,001,2025-10-01_22h47.00.991,untitled,,2025.1.1,60.02119948766625,2025-10-01 22h47.12.067456 +0530,
50,c,96,0,24,c,1,1.381692099999782,None,,,,,24,0,96,2,864.975611,,864.9598806,864.975611,865.9593875,865.9593875,865.9593875,865.9593875,865.9755969,866.9589205999999,866.9589205999999,868.3430317000001,,,,,c,1,1.381692099999782,None,par_4_mtr_seq,001,2025-10-01_22h47.00.991,untitled,,2025.1.1,60.02119948766625,2025-10-01 22h47.12.067456 +0530,
150,v,97,1,24,v,1,2.1841415999999754,None,,,,,24,1,97,1,868.3589572,,868.343518,868.3589572,869.3593116000001,869.3593116000001,869.3593116000001,869.3593116000001,869.3593116000001,870.3425077999999,870.3425077999999,872.5438393000001,,,,,v,1,2.1841415999999754,None,par_4_mtr_seq,001,2025-10-01_22h47.00.991,untitled,,2025.1.1,60.02119948766625,2025-10-01 22h47.12.067456 +0530,
-50,x,98,2,24,x,1,0.6805440999999064,None,,,,,24,2,98,0,872.5595866,,872.5443607000001,872.5595866,873.5589346,873.5589346,873.5589346,873.5589346,873.5589346,874.5589682000001,874.5589682000001,875.2428345,,,,,x,1,0.6805440999999064,None,par_4_mtr_seq,001,2025-10-01_22h47.00.991,untitled,,2025.1.1,60.02119948766625,2025-10-01 22h47.12.067456 +0530,
-150,z,99,3,24,z,1,1.4298676000000796,None,,,,,24,3,99,3,875.2587505,,875.2432875000001,875.2587505,876.2422485999999,876.2422485999999,876.2422485999999,876.2422485999999,876.2593794000001,877.2425703,877.2425703,878.6758235000001,,,,,z,1,1.4298676000000796,None,par_4_mtr_seq,001,2025-10-01_22h47.00.991,untitled,,2025.1.1,60.02119948766625,2025-10-01 22h47.12.067456 +0530,
-50,x,100,0,25,x,1,1.3607187000000067,None,,,,,25,0,100,0,878.6922699999999,,878.6763586000001,878.6922699999999,879.6749322,879.6749322,879.6749322,879.6749322,879.6918141,880.6759306,880.6759306,882.0429250000001,,,,,x,1,1.3607187000000067,None,par_4_mtr_seq,001,2025-10-01_22h47.00.991,untitled,,2025.1.1,60.02119948766625,2025-10-01 22h47.12.067456 +0530,
150,v,101,1,25,v,1,1.0618934999999965,None,,,,,25,1,101,1,882.0588813,,882.043378,882.0588813,883.0423124,883.0423124,883.0423124,883.0423124,883.0586632000001,884.0422421,884.0422421,885.1098341000001,,,,,v,1,1.0618934999999965,None,par_4_mtr_seq,001,2025-10-01_22h47.00.991,untitled,,2025.1.1,60.02119948766625,2025-10-01 22h47.12.067456 +0530,
-150,z,102,2,25,z,1,1.9452155999999832,None,,,,,25,2,102,3,885.1259624999999,,885.110399,885.1259624999999,886.1090614000001,886.1090614000001,886.1090614000001,886.1090614000001,886.1258434,887.1090409,887.1090409,889.0604428999999,,,,,z,1,1.9452155999999832,None,par_4_mtr_seq,001,2025-10-01_22h47.00.991,untitled,,2025.1.1,60.02119948766625,2025-10-01 22h47.12.067456 +0530,
50,c,103,3,25,c,1,1.8802733999998509,None,,,,,25,3,103,2,889.0756498,,889.0609258000001,889.0756498,890.0757901999999,890.0757901999999,890.0757901999999,890.0757901999999,890.0757901999999,891.0757531,891.0757531,892.9603349,,,,,c,1,1.8802733999998509,None,par_4_mtr_seq,001,2025-10-01_22h47.00.991,untitled,,2025.1.1,60.02119948766625,2025-10-01 22h47.12.067456 +0530,
-150,z,104,0,26,z,1,0.9217779000000519,None,,,,,26,0,104,3,892.9757111,,892.9608049,892.9757111,893.9757983999999,893.9757983999999,893.9757983999999,893.9757983999999,893.9757983999999,894.976106,894.976106,895.9096383,,,,,z,1,0.9217779000000519,None,par_4_mtr_seq,001,2025-10-01_22h47.00.991,untitled,,2025.1.1,60.02119948766625,2025-10-01 22h47.12.067456 +0530,
150,v,105,1,26,v,1,0.9750763999998071,None,,,,,26,1,105,1,895.9259745999999,,895.9101721000001,895.9259745999999,896.9095808000001,896.9095808000001,896.9095808000001,896.9095808000001,896.9259773,897.9090309,897.9090309,898.8929010999999,,,,,v,1,0.9750763999998071,None,par_4_mtr_seq,001,2025-10-01_22h47.00.991,untitled,,2025.1.1,60.02119948766625,2025-10-01 22h47.12.067456 +0530,
-50,x,106,2,26,x,1,0.7535280999998122,None,,,,,26,2,106,0,898.9090094,,898.8934078000001,898.9090094,899.89333,899.89333,899.89333,899.89333,899.9091103,900.8925903,900.8925903,901.6597813,,,,,x,1,0.7535280999998122,None,par_4_mtr_seq,001,2025-10-01_22h47.00.991,untitled,,2025.1.1,60.02119948766625,2025-10-01 22h47.12.067456 +0530,
50,c,107,3,26,c,1,0.8890270999997938,None,,,,,26,3,107,2,901.6757269000001,,901.6603220000001,901.6757269000001,902.6593016999999,902.6593016999999,902.6593016999999,902.6593016999999,902.6757786,903.6590785,903.6590785,904.5597521000001,,,,,c,1,0.8890270999997938,None,par_4_mtr_seq,001,2025-10-01_22h47.00.991,untitled,,2025.1.1,60.02119948766625,2025-10-01 22h47.12.067456 +0530,
-150,z,108,0,27,z,1,1.1742239999998674,None,,,,,27,0,108,3,904.5757698000001,,904.5602926,904.5757698000001,905.5589051999999,905.5589051999999,905.5589051999999,905.5589051999999,905.5757152,906.5589897000001,906.5589897000001,907.7430793,,,,,z,1,1.1742239999998674,None,par_4_mtr_seq,001,2025-10-01_22h47.00.991,untitled,,2025.1.1,60.02119948766625,2025-10-01 22h47.12.067456 +0530,
150,v,109,1,27,v,1,1.0220036999999138,None,,,,,27,1,109,1,907.7593032999999,,907.7435658,907.7593032999999,908.7424158,908.7424158,908.7424158,908.7424158,908.7590962,909.7423978999999,909.7423978999999,910.7766427,,,,,v,1,1.0220036999999138,None,par_4_mtr_seq,001,2025-10-01_22h47.00.991,untitled,,2025.1.1,60.02119948766625,2025-10-01 22h47.12.067456 +0530,
-50,x,110,2,27,x,1,0.6762519000001248,None,,,,,27,2,110,0,910.7921858999999,,910.7770887999999,910.7921858999999,911.7754552,911.7754552,911.7754552,911.7754552,911.7924867999999,912.7757573,912.7757573,913.4594556999999,,,,,x,1,0.6762519000001248,None,par_4_mtr_seq,001,2025-10-01_22h47.00.991,untitled,,2025.1.1,60.02119948766625,2025-10-01 22h47.12.067456 +0530,
50,c,111,3,27,c,1,3.00393669999994,None,,,,,27,3,111,2,913.4758264000001,,913.4599274999999,913.4758264000001,914.4591721999999,914.4591721999999,914.4591721999999,914.4591721999999,914.4759842,915.4589763,915.4589763,918.476507,,,,,c,1,3.00393669999994,None,par_4_mtr_seq,001,2025-10-01_22h47.00.991,untitled,,2025.1.1,60.02119948766625,2025-10-01 22h47.12.067456 +0530,
150,v,112,0,28,v,1,0.8804443999999876,None,,,,,28,0,112,1,918.4925594,,918.4770511,918.4925594,919.4760652000001,919.4760652000001,919.4760652000001,919.4760652000001,919.4922114,920.4758148,920.4758148,921.3597117,,,,,v,1,0.8804443999999876,None,par_4_mtr_seq,001,2025-10-01_22h47.00.991,untitled,,2025.1.1,60.02119948766625,2025-10-01 22h47.12.067456 +0530,
-150,z,113,1,28,z,1,1.0218237999999928,None,,,,,28,1,113,3,921.3749179,,921.3601797,921.3749179,922.3593371999999,922.3593371999999,922.3593371999999,922.3593371999999,922.3759847,923.3592179999999,923.3592179999999,924.3934759,,,,,z,1,1.0218237999999928,None,par_4_mtr_seq,001,2025-10-01_22h47.00.991,untitled,,2025.1.1,60.02119948766625,2025-10-01 22h47.12.067456 +0530,
50,c,114,2,28,c,1,1.3619768000000931,None,,,,,28,2,114,2,924.4092583,,924.3940386999999,924.4092583,925.4094039,925.4094039,925.4094039,925.4094039,925.4094039,926.4092727999999,926.4092727999999,927.7763736,,,,,c,1,1.3619768000000931,None,par_4_mtr_seq,001,2025-10-01_22h47.00.991,untitled,,2025.1.1,60.02119948766625,2025-10-01 22h47.12.067456 +0530,
-50,x,115,3,28,x,1,1.283138999999892,None,,,,,28,3,115,0,927.7916678,,927.7768113999999,927.7916678,928.7758276000001,928.7758276000001,928.7758276000001,928.7758276000001,928.7920814,929.7756387000001,929.7756387000001,931.0602127999999,,,,,x,1,1.283138999999892,None,par_4_mtr_seq,001,2025-10-01_22h47.00.991,untitled,,2025.1.1,60.02119948766625,2025-10-01 22h47.12.067456 +0530,
-50,x,116,0,29,x,1,0.7694398999999521,None,,,,,29,0,116,0,931.0757619,,931.0607099,931.0757619,932.0758678999999,932.0758678999999,932.0758678999999,932.0758678999999,932.0758678999999,933.0756591999999,933.0756591999999,933.8599275,,,,,x,1,0.7694398999999521,None,par_4_mtr_seq,001,2025-10-01_22h47.00.991,untitled,,2025.1.1,60.02119948766625,2025-10-01 22h47.12.067456 +0530,
150,v,117,1,29,v,1,1.3883060999999088,None,,,,,29,1,117,1,933.8750443,,933.8604697,933.8750443,934.8759676999999,934.8759676999999,934.8759676999999,934.8759676999999,934.8759676999999,935.8758022000001,935.8758022000001,937.2766899,,,,,v,1,1.3883060999999088,None,par_4_mtr_seq,001,2025-10-01_22h47.00.991,untitled,,2025.1.1,60.02119948766625,2025-10-01 22h47.12.067456 +0530,
50,c,118,2,29,c,1,0.7255075000000488,None,,,,,29,2,118,2,937.2926891999999,,937.2772536000001,937.2926891999999,938.2760095,938.2760095,938.2760095,938.2760095,938.2921981000001,939.2759474000001,939.2759474000001,940.0098956,,,,,c,1,0.7255075000000488,None,par_4_mtr_seq,001,2025-10-01_22h47.00.991,untitled,,2025.1.1,60.02119948766625,2025-10-01 22h47.12.067456 +0530,
-150,z,119,3,29,z,1,0.7476616000001286,None,,,,,29,3,119,3,940.0260334000001,,940.0104376,940.0260334000001,941.0091833,941.0091833,941.0091833,941.0091833,941.0259344,942.0086865,942.0086865,942.7594691999999,,,,,z,1,0.7476616000001286,None,par_4_mtr_seq,001,2025-10-01_22h47.00.991,untitled,,2025.1.1,60.02119948766625,2025-10-01 22h47.12.067456 +0530,
-50,x,120,0,30,z,0,0.22533660000021882,None,,,,,30,0,120,0,942.7753234,,942.7599415999999,942.7753234,943.7603895999999,943.7603895999999,943.7603895999999,943.7603895999999,943.7756604,944.7589577,944.7589577,944.9925187,,,,,z,0,0.22533660000021882,None,par_4_mtr_seq,001,2025-10-01_22h47.00.991,untitled,,2025.1.1,60.02119948766625,2025-10-01 22h47.12.067456 +0530,
150,v,121,1,30,z,0,0.7853863999998794,None,,,,,30,1,121,1,945.0086238,,944.9929558,945.0086238,945.9923272,945.9923272,945.9923272,945.9923272,946.0098038,946.9925706,946.9925706,947.7927779999999,,,,,z,0,0.7853863999998794,None,par_4_mtr_seq,001,2025-10-01_22h47.00.991,untitled,,2025.1.1,60.02119948766625,2025-10-01 22h47.12.067456 +0530,
50,c,122,2,30,c,1,0.8637758000002123,None,,,,,30,2,122,2,947.8085864000001,,947.7932255,947.8085864000001,948.792816,948.792816,948.792816,948.792816,948.8091057999999,949.7926655,949.7926655,950.6599245000001,,,,,c,1,0.8637758000002123,None,par_4_mtr_seq,001,2025-10-01_22h47.00.991,untitled,,2025.1.1,60.02119948766625,2025-10-01 22h47.12.067456 +0530,
-150,z,123,3,30,z,1,0.49301500000001397,None,,,,,30,3,123,3,950.6759527,,950.6604699999999,950.6759527,951.6593145999999,951.6593145999999,951.6593145999999,951.6593145999999,951.6758902,952.6593416,952.6593416,953.1599579,,,,,z,1,0.49301500000001397,None,par_4_mtr_seq,001,2025-10-01_22h47.00.991,untitled,,2025.1.1,60.02119948766625,2025-10-01 22h47.12.067456 +0530,
50,c,124,0,31,c,1,0.9664504999998371,None,,,,,31,0,124,2,953.1758664,,953.1604189000001,953.1758664,954.159481,954.159481,954.159481,954.159481,954.1759162,955.1592589999999,955.1592589999999,956.1270581,,,,,c,1,0.9664504999998371,None,par_4_mtr_seq,001,2025-10-01_22h47.00.991,untitled,,2025.1.1,60.02119948766625,2025-10-01 22h47.12.067456 +0530,
150,v,125,1,31,v,1,0.577733999999964,None,,,,,31,1,125,1,956.1422809,,956.1275648,956.1422809,957.1424154,957.1424154,957.1424154,957.1424154,957.1424154,958.1426203,958.1426203,958.7265421000001,,,,,v,1,0.577733999999964,None,par_4_mtr_seq,001,2025-10-01_22h47.00.991,untitled,,2025.1.1,60.02119948766625,2025-10-01 22h47.12.067456 +0530,
-150,z,126,2,31,z,1,1.1059010999999828,None,,,,,31,2,126,3,958.7425282999999,,958.7270136000001,958.7425282999999,959.7261417000001,959.7261417000001,959.7261417000001,959.7261417000001,959.7428481999999,960.7260494000001,960.7260494000001,961.8433334,,,,,z,1,1.1059010999999828,None,par_4_mtr_seq,001,2025-10-01_22h47.00.991,untitled,,2025.1.1,60.02119948766625,2025-10-01 22h47.12.067456 +0530,
-50,x,127,3,31,x,1,0.7350079000000278,None,,,,,31,3,127,0,961.8593376,,961.8438132,961.8593376,962.8424576000001,962.8424576000001,962.8424576000001,962.8424576000001,962.8593026,963.8425458999999,963.8425458999999,964.5936134,,,,,x,1,0.7350079000000278,None,par_4_mtr_seq,001,2025-10-01_22h47.00.991,untitled,,2025.1.1,60.02119948766625,2025-10-01 22h47.12.067456 +0530,
-50,x,128,0,32,x,1,0.49268179999990025,None,,,,,32,0,128,0,964.6094821,,964.5941761,964.6094821,965.6090542000001,965.6090542000001,965.6090542000001,965.6090542000001,965.6090542000001,966.6091087000001,966.6091087000001,967.1115180999999,,,,,x,1,0.49268179999990025,None,par_4_mtr_seq,001,2025-10-01_22h47.00.991,untitled,,2025.1.1,60.02119948766625,2025-10-01 22h47.12.067456 +0530,
150,v,129,1,32,v,1,0.3645788999999695,None,,,,,32,1,129,1,967.1259838,,967.1119998,967.1259838,968.1259438000001,968.1259438000001,968.1259438000001,968.1259438000001,968.1259438000001,969.1260424999999,969.1260424999999,969.4932941999999,,,,,v,1,0.3645788999999695,None,par_4_mtr_seq,001,2025-10-01_22h47.00.991,untitled,,2025.1.1,60.02119948766625,2025-10-01 22h47.12.067456 +0530,
-150,z,130,2,32,z,1,0.5061697999999524,None,,,,,32,2,130,3,969.5094336000001,,969.4937309999999,969.5094336000001,970.4926420999999,970.4926420999999,970.4926420999999,970.4926420999999,970.5094942,971.4925927,971.4925927,972.0100397,,,,,z,1,0.5061697999999524,None,par_4_mtr_seq,001,2025-10-01_22h47.00.991,untitled,,2025.1.1,60.02119948766625,2025-10-01 22h47.12.067456 +0530,
50,c,131,3,32,c,1,1.5777137000000039,None,,,,,32,3,131,2,972.0261555999999,,972.0105797,972.0261555999999,973.0093263,973.0093263,973.0093263,973.0093263,973.0260149,974.0093020999999,974.0093020999999,975.5940623,,,,,c,1,1.5777137000000039,None,par_4_mtr_seq,001,2025-10-01_22h47.00.991,untitled,,2025.1.1,60.02119948766625,2025-10-01 22h47.12.067456 +0530,
50,c,132,0,33,c,1,0.5095862999999099,None,,,,,33,0,132,2,975.6094462,,975.594645,975.6094462,976.6093749999999,976.6093749999999,976.6093749999999,976.6093749999999,976.6093749999999,977.6093466000001,977.6093466000001,978.126547,,,,,c,1,0.5095862999999099,None,par_4_mtr_seq,001,2025-10-01_22h47.00.991,untitled,,2025.1.1,60.02119948766625,2025-10-01 22h47.12.067456 +0530,
150,v,133,1,33,v,1,0.39767910000000484,None,,,,,33,1,133,1,978.1436393,,978.1270229,978.1436393,979.1263534999999,979.1263534999999,979.1263534999999,979.1263534999999,979.1424902,980.1261707,980.1261707,980.5267957,,,,,v,1,0.39767910000000484,None,par_4_mtr_seq,001,2025-10-01_22h47.00.991,untitled,,2025.1.1,60.02119948766625,2025-10-01 22h47.12.067456 +0530,
-150,z,134,2,33,z,1,0.40845249999983935,None,,,,,33,2,134,3,980.5428484,,980.5273331,980.5428484,981.5259886,981.5259886,981.5259886,981.5259886,981.5428412,982.5259847000001,982.5259847000001,982.9435907000001,,,,,z,1,0.40845249999983935,None,par_4_mtr_seq,001,2025-10-01_22h47.00.991,untitled,,2025.1.1,60.02119948766625,2025-10-01 22h47.12.067456 +0530,
-50,x,135,3,33,x,1,1.0313366000000315,None,,,,,33,3,135,0,982.9595051,,982.9440249999999,982.9595051,983.9426803,983.9426803,983.9426803,983.9426803,983.9595339000001,984.9426362999999,984.9426362999999,985.9768783999999,,,,,x,1,1.0313366000000315,None,par_4_mtr_seq,001,2025-10-01_22h47.00.991,untitled,,2025.1.1,60.02119948766625,2025-10-01 22h47.12.067456 +0530,
150,v,136,0,34,v,1,0.8916735999998764,None,,,,,34,0,136,1,985.9926767999999,,985.9774156,985.9926767999999,986.9763221,986.9763221,986.9763221,986.9763221,986.9926821,987.9763495999999,987.9763495999999,988.8769908999999,,,,,v,1,0.8916735999998764,None,par_4_mtr_seq,001,2025-10-01_22h47.00.991,untitled,,2025.1.1,60.02119948766625,2025-10-01 22h47.12.067456 +0530,
-50,x,137,1,34,x,1,0.6586538999999902,None,,,,,34,1,137,0,988.8927322000001,,988.8775383000001,988.8927322000001,989.8760713,989.8760713,989.8760713,989.8760713,989.8928761000001,990.892737,990.892737,991.5603219999999,,,,,x,1,0.6586538999999902,None,par_4_mtr_seq,001,2025-10-01_22h47.00.991,untitled,,2025.1.1,60.02119948766625,2025-10-01 22h47.12.067456 +0530,
-150,z,138,2,34,z,1,1.106448999999884,None,,,,,34,2,138,3,991.5763005,,991.5608117,991.5763005,992.5594709000001,992.5594709000001,992.5594709000001,992.5594709000001,992.5763043000001,993.5594178,993.5594178,994.6767151,,,,,z,1,1.106448999999884,None,par_4_mtr_seq,001,2025-10-01_22h47.00.991,untitled,,2025.1.1,60.02119948766625,2025-10-01 22h47.12.067456 +0530,
50,c,139,3,34,c,1,1.2711671000001843,None,,,,,34,3,139,2,994.6928403999999,,994.6771519,994.6928403999999,995.6761488999999,995.6761488999999,995.6761488999999,995.6761488999999,995.6927216,996.6762677999999,996.6762677999999,997.9610810999999,,,,,c,1,1.2711671000001843,None,par_4_mtr_seq,001,2025-10-01_22h47.00.991,untitled,,2025.1.1,60.02119948766625,2025-10-01 22h47.12.067456 +0530,
-150,z,140,0,35,z,1,1.0800181000001885,None,,,,,35,0,140,3,997.9761293,,997.9615628,997.9761293,998.9760994,998.9760994,998.9760994,998.9760994,998.9760994,999.9760716,999.9760716,1001.0598288,,,,,z,1,1.0800181000001885,None,par_4_mtr_seq,001,2025-10-01_22h47.00.991,untitled,,2025.1.1,60.02119948766625,2025-10-01 22h47.12.067456 +0530,
50,c,141,1,35,c,1,1.2563532999997733,None,,,,,35,1,141,2,1001.0761223000001,,1001.0603038,1001.0761223000001,1002.0594950000001,1002.0594950000001,1002.0594950000001,1002.0594950000001,1002.076154,1003.0592955000001,1003.0592955000001,1004.3270458999999,,,,,c,1,1.2563532999997733,None,par_4_mtr_seq,001,2025-10-01_22h47.00.991,untitled,,2025.1.1,60.02119948766625,2025-10-01 22h47.12.067456 +0530,
-50,x,142,2,35,x,1,1.1962246000000505,None,,,,,35,2,142,0,1004.3423761,,1004.3275388000001,1004.3423761,1005.3429015,1005.3429015,1005.3429015,1005.3429015,1005.3429015,1006.3259303000001,1006.3259303000001,1007.5269672000001,,,,,x,1,1.1962246000000505,None,par_4_mtr_seq,001,2025-10-01_22h47.00.991,untitled,,2025.1.1,60.02119948766625,2025-10-01 22h47.12.067456 +0530,
150,v,143,3,35,v,1,1.1444754999999986,None,,,,,35,3,143,1,1007.5427332,,1007.5275502999999,1007.5427332,1008.5259215,1008.5259215,1008.5259215,1008.5259215,1008.5428459999999,1009.5263148,1009.5263148,1010.6772890000001,,,,,v,1,1.1444754999999986,None,par_4_mtr_seq,001,2025-10-01_22h47.00.991,untitled,,2025.1.1,60.02119948766625,2025-10-01 22h47.12.067456 +0530,
150,v,144,0,36,v,1,2.604001199999857,None,,,,,36,0,144,1,1010.6925955,,1010.6778697999999,1010.6925955,1011.6927423000001,1011.6927423000001,1011.6927423000001,1011.6927423000001,1011.6927423000001,1012.6927729,1012.6927729,1015.3103176000001,,,,,v,1,2.604001199999857,None,par_4_mtr_seq,001,2025-10-01_22h47.00.991,untitled,,2025.1.1,60.02119948766625,2025-10-01 22h47.12.067456 +0530,
-150,z,145,1,36,z,1,3.9326078999999936,None,,,,,36,1,145,3,1015.3264493,,1015.3108844,1015.3264493,1016.3094652999999,1016.3094652999999,1016.3094652999999,1016.3094652999999,1016.326259,1017.3095434999999,1017.3095434999999,1021.2442827000001,,,,,z,1,3.9326078999999936,None,par_4_mtr_seq,001,2025-10-01_22h47.00.991,untitled,,2025.1.1,60.02119948766625,2025-10-01 22h47.12.067456 +0530,
50,c,146,2,36,c,1,1.3312384000000748,None,,,,,36,2,146,2,1021.2591985,,1021.2447638,1021.2591985,1022.2595685,1022.2595685,1022.2595685,1022.2595685,1022.2595685,1023.2594727,1023.2594727,1024.5935593,,,,,c,1,1.3312384000000748,None,par_4_mtr_seq,001,2025-10-01_22h47.00.991,untitled,,2025.1.1,60.02119948766625,2025-10-01 22h47.12.067456 +0530,
-50,x,147,3,36,x,1,0.4940222999998696,None,,,,,36,3,147,0,1024.6096696999998,,1024.5939967999998,1024.6096696999998,1025.5929024000002,1025.5929024000002,1025.5929024000002,1025.5929024000002,1025.6096501000002,1026.5928717000002,1026.5928717000002,1027.0933906,,,,,x,1,0.4940222999998696,None,par_4_mtr_seq,001,2025-10-01_22h47.00.991,untitled,,2025.1.1,60.02119948766625,2025-10-01 22h47.12.067456 +0530,
-150,z,148,0,37,z,1,0.3927346000000398,None,,,,,37,0,148,3,1027.1095869,,1027.0939334,1027.1095869,1028.0931541,1028.0931541,1028.0931541,1028.0931541,1028.1095916999998,1029.0930718999998,1029.0930718999998,1029.4934409000002,,,,,z,1,0.3927346000000398,None,par_4_mtr_seq,001,2025-10-01_22h47.00.991,untitled,,2025.1.1,60.02119948766625,2025-10-01 22h47.12.067456 +0530,
-50,x,149,1,37,x,1,0.47789880000004814,None,,,,,37,1,149,0,1029.5094155000002,,1029.4939645999998,1029.5094155000002,1030.4928151,1030.4928151,1030.4928151,1030.4928151,1030.5095713,1031.4925613999999,1031.4925613999999,1031.9770852000001,,,,,x,1,0.47789880000004814,None,par_4_mtr_seq,001,2025-10-01_22h47.00.991,untitled,,2025.1.1,60.02119948766625,2025-10-01 22h47.12.067456 +0530,
50,c,150,2,37,c,1,0.6558959000001323,None,,,,,37,2,150,2,1031.9930175999998,,1031.9775665000002,1031.9930175999998,1032.9926185999998,1032.9926185999998,1032.9926185999998,1032.9926185999998,1032.9926185999998,1033.9761973999998,1033.9761973999998,1034.643588,,,,,c,1,0.6558959000001323,None,par_4_mtr_seq,001,2025-10-01_22h47.00.991,untitled,,2025.1.1,60.02119948766625,2025-10-01 22h47.12.067456 +0530,
150,v,151,3,37,v,1,0.49415320000002794,None,,,,,37,3,151,1,1034.6600093000002,,1034.6441208,1034.6600093000002,1035.6431026999999,1035.6431026999999,1035.6431026999999,1035.6431026999999,1035.6595449000001,1036.6430787,1036.6430787,1037.1445786999998,,,,,v,1,0.49415320000002794,None,par_4_mtr_seq,001,2025-10-01_22h47.00.991,untitled,,2025.1.1,60.02119948766625,2025-10-01 22h47.12.067456 +0530,
-150,z,152,0,38,z,1,0.37849129999995057,None,,,,,38,0,152,3,1037.1594593,,1037.1450765999998,1037.1594593,1038.1598124000002,1038.1598124000002,1038.1598124000002,1038.1598124000002,1038.1598124000002,1039.1592529,1039.1592529,1039.5436408,,,,,z,1,0.37849129999995057,None,par_4_mtr_seq,001,2025-10-01_22h47.00.991,untitled,,2025.1.1,60.02119948766625,2025-10-01 22h47.12.067456 +0530,
50,c,153,1,38,c,1,0.5811102999998639,None,,,,,38,1,153,2,1039.5594344,,1039.5442266999999,1039.5594344,1040.5428430000002,1040.5428430000002,1040.5428430000002,1040.5428430000002,1040.5597352,1041.5428738,1041.5428738,1042.1269563,,,,,c,1,0.5811102999998639,None,par_4_mtr_seq,001,2025-10-01_22h47.00.991,untitled,,2025.1.1,60.02119948766625,2025-10-01 22h47.12.067456 +0530,
150,v,154,2,38,v,1,0.39137800000003153,None,,,,,38,2,154,1,1042.1429755999998,,1042.1274568,1042.1429755999998,1043.1264173999998,1043.1264173999998,1043.1264173999998,1043.1264173999998,1043.1429398999999,1044.1434872,1044.1434872,1044.5438181999998,,,,,v,1,0.39137800000003153,None,par_4_mtr_seq,001,2025-10-01_22h47.00.991,untitled,,2025.1.1,60.02119948766625,2025-10-01 22h47.12.067456 +0530,
-50,x,155,3,38,x,1,0.6331840000000284,None,,,,,38,3,155,0,1044.5596227,,1044.5443369,1044.5596227,1045.5431090000002,1045.5431090000002,1045.5431090000002,1045.5431090000002,1045.5596209,1046.5430353000002,1046.5430353000002,1047.1773488,,,,,x,1,0.6331840000000284,None,par_4_mtr_seq,001,2025-10-01_22h47.00.991,untitled,,2025.1.1,60.02119948766625,2025-10-01 22h47.12.067456 +0530,
150,v,156,0,39,v,1,0.5604521999998724,None,,,,,39,0,156,1,1047.1926641,,1047.1778453000002,1047.1926641,1048.1928675,1048.1928675,1048.1928675,1048.1928675,1048.1928675,1049.1931969000002,1049.1931969000002,1049.7602112,,,,,v,1,0.5604521999998724,None,par_4_mtr_seq,001,2025-10-01_22h47.00.991,untitled,,2025.1.1,60.02119948766625,2025-10-01 22h47.12.067456 +0530,
50,c,157,1,39,c,1,0.5298405999999432,None,,,,,39,1,157,2,1049.7760597000001,,1049.7606681000002,1049.7760597000001,1050.7596831,1050.7596831,1050.7596831,1050.7596831,1050.7765003999998,1051.7603316999998,1051.7603316999998,1052.2931647999999,,,,,c,1,0.5298405999999432,None,par_4_mtr_seq,001,2025-10-01_22h47.00.991,untitled,,2025.1.1,60.02119948766625,2025-10-01 22h47.12.067456 +0530,
-150,z,158,2,39,z,1,0.3176275999999234,None,,,,,39,2,158,3,1052.3100258,,1052.2937271,1052.3100258,1053.2931546999998,1053.2931546999998,1053.2931546999998,1053.2931546999998,1053.3095004000002,1054.2931217,1054.2931217,1054.6270964999999,,,,,z,1,0.3176275999999234,None,par_4_mtr_seq,001,2025-10-01_22h47.00.991,untitled,,2025.1.1,60.02119948766625,2025-10-01 22h47.12.067456 +0530,
-50,x,159,3,39,x,1,1.1526668000001337,None,,,,,39,3,159,0,1054.6421802,,1054.6275583000001,1054.6421802,1055.6434212,1055.6434212,1055.6434212,1055.6434212,1055.6434212,1056.6261249999998,1056.6261249999998,1057.7932341,,,,,x,1,1.1526668000001337,None,par_4_mtr_seq,001,2025-10-01_22h47.00.991,untitled,,2025.1.1,60.02119948766625,2025-10-01 22h47.12.067456 +0530,
50,c,160,0,40,c,1,0.35054250000007414,None,,,,,40,0,160,2,1057.8096381999999,,1057.7936713,1057.8096381999999,1058.7927383,1058.7927383,1058.7927383,1058.7927383,1058.8094095000001,1059.793146,1059.793146,1060.1606001,,,,,c,1,0.35054250000007414,None,par_4_mtr_seq,001,2025-10-01_22h47.00.991,untitled,,2025.1.1,60.02119948766625,2025-10-01 22h47.12.067456 +0530,
-50,x,161,1,40,x,1,0.5682368000000224,None,,,,,40,1,161,0,1060.1766913000001,,1060.1611687999998,1060.1766913000001,1061.1765037,1061.1765037,1061.1765037,1061.1765037,1061.1765037,1062.1597963999998,1062.1597963999998,1062.7435062,,,,,x,1,0.5682368000000224,None,par_4_mtr_seq,001,2025-10-01_22h47.00.991,untitled,,2025.1.1,60.02119948766625,2025-10-01 22h47.12.067456 +0530,
-150,z,162,2,40,z,1,0.40438960000005864,None,,,,,40,2,162,3,1062.7598514000001,,1062.7440458,1062.7598514000001,1063.7428082000001,1063.7428082000001,1063.7428082000001,1063.7428082000001,1063.760052,1064.7428857999998,1064.7428857999998,1065.1603841,,,,,z,1,0.40438960000005864,None,par_4_mtr_seq,001,2025-10-01_22h47.00.991,untitled,,2025.1.1,60.02119948766625,2025-10-01 22h47.12.067456 +0530,
150,v,163,3,40,v,1,0.6832768000001579,None,,,,,40,3,163,1,1065.1763796999999,,1065.1608209,1065.1763796999999,1066.1597415,1066.1597415,1066.1597415,1066.1597415,1066.1765389000002,1067.1762306,1067.1762306,1067.8616492,,,,,v,1,0.6832768000001579,None,par_4_mtr_seq,001,2025-10-01_22h47.00.991,untitled,,2025.1.1,60.02119948766625,2025-10-01 22h47.12.067456 +0530,
50,c,164,0,41,c,1,0.8008781000000909,None,,,,,41,0,164,2,1067.8761392000001,,1067.8621409000002,1067.8761392000001,1068.8765991,1068.8765991,1068.8765991,1068.8765991,1068.8765991,1069.8764582,1069.8764582,1070.6938277,,,,,c,1,0.8008781000000909,None,par_4_mtr_seq,001,2025-10-01_22h47.00.991,untitled,,2025.1.1,60.02119948766625,2025-10-01 22h47.12.067456 +0530,
-150,z,165,1,41,z,1,0.4801205999999638,None,,,,,41,1,165,3,1070.7098233000002,,1070.6943907,1070.7098233000002,1071.693307,1071.693307,1071.693307,1071.693307,1071.7095906999998,1072.6932574000002,1072.6932574000002,1073.1776326,,,,,z,1,0.4801205999999638,None,par_4_mtr_seq,001,2025-10-01_22h47.00.991,untitled,,2025.1.1,60.02119948766625,2025-10-01 22h47.12.067456 +0530,
150,v,166,2,41,v,1,2.7177710999999363,None,,,,,41,2,166,1,1073.1927669000002,,1073.1781419,1073.1927669000002,1074.1935305000002,1074.1935305000002,1074.1935305000002,1074.1935305000002,1074.1935305000002,1075.1930883,1075.1930883,1077.9272194,,,,,v,1,2.7177710999999363,None,par_4_mtr_seq,001,2025-10-01_22h47.00.991,untitled,,2025.1.1,60.02119948766625,2025-10-01 22h47.12.067456 +0530,
-50,x,167,3,41,x,1,1.7014011999999639,None,,,,,41,3,167,0,1077.9438989,,1077.9277013,1077.9438989,1078.9264658000002,1078.9264658000002,1078.9264658000002,1078.9264658000002,1078.9431331,1079.9265549000002,1079.9265549000002,1081.6435261000001,,,,,x,1,1.7014011999999639,None,par_4_mtr_seq,001,2025-10-01_22h47.00.991,untitled,,2025.1.1,60.02119948766625,2025-10-01 22h47.12.067456 +0530,
150,v,168,0,42,v,1,1.7587432000000263,None,,,,,42,0,168,1,1081.6589887,,1081.6439676,1081.6589887,1082.6432808,1082.6432808,1082.6432808,1082.6432808,1082.6597579,1083.6432748000002,1083.6432748000002,1085.4107875,,,,,v,1,1.7587432000000263,None,par_4_mtr_seq,001,2025-10-01_22h47.00.991,untitled,,2025.1.1,60.02119948766625,2025-10-01 22h47.12.067456 +0530,
50,c,169,1,42,c,1,1.16652380000005,None,,,,,42,1,169,2,1085.4263305999998,,1085.4112768,1085.4263305999998,1086.4267194,1086.4267194,1086.4267194,1086.4267194,1086.4267194,1087.4264514000001,1087.4264514000001,1088.5938873,,,,,c,1,1.16652380000005,None,par_4_mtr_seq,001,2025-10-01_22h47.00.991,untitled,,2025.1.1,60.02119948766625,2025-10-01 22h47.12.067456 +0530,
-50,x,170,2,42,x,1,1.062516100000039,None,,,,,42,2,170,0,1088.6095715000001,,1088.5943613,1088.6095715000001,1089.5932478999998,1089.5932478999998,1089.5932478999998,1089.5932478999998,1089.6098877,1090.5931012,1090.5931012,1091.6605246,,,,,x,1,1.062516100000039,None,par_4_mtr_seq,001,2025-10-01_22h47.00.991,untitled,,2025.1.1,60.02119948766625,2025-10-01 22h47.12.067456 +0530,
-150,z,171,3,42,z,1,0.5981547000001228,None,,,,,42,3,171,3,1091.6764764999998,,1091.6610463000002,1091.6764764999998,1092.6601353,1092.6601353,1092.6601353,1092.6601353,1092.6770339,1093.6598261999998,1093.6598261999998,1094.2607948,,,,,z,1,0.5981547000001228,None,par_4_mtr_seq,001,2025-10-01_22h47.00.991,untitled,,2025.1.1,60.02119948766625,2025-10-01 22h47.12.067456 +0530,
-50,x,172,0,43,x,1,2.386843400000089,None,,,,,43,0,172,0,1094.2762463,,1094.2613430000001,1094.2762463,1095.2764908999998,1095.2764908999998,1095.2764908999998,1095.2764908999998,1095.2764908999998,1096.2766639000001,1096.2766639000001,1098.6774921,,,,,x,1,2.386843400000089,None,par_4_mtr_seq,001,2025-10-01_22h47.00.991,untitled,,2025.1.1,60.02119948766625,2025-10-01 22h47.12.067456 +0530,
150,v,173,1,43,v,1,0.832252599999947,None,,,,,43,1,173,1,1098.6930091,,1098.6780841,1098.6930091,1099.6932321999998,1099.6932321999998,1099.6932321999998,1099.6932321999998,1099.6932321999998,1100.6931404000002,1100.6931404000002,1101.5273806999999,,,,,v,1,0.832252599999947,None,par_4_mtr_seq,001,2025-10-01_22h47.00.991,untitled,,2025.1.1,60.02119948766625,2025-10-01 22h47.12.067456 +0530,
50,c,174,2,43,c,1,1.092886500000077,None,,,,,43,2,174,2,1101.5428886999998,,1101.5278950000002,1101.5428886999998,1102.5265175999998,1102.5265175999998,1102.5265175999998,1102.5265175999998,1102.5433594,1103.5267352,1103.5267352,1104.6271449,,,,,c,1,1.092886500000077,None,par_4_mtr_seq,001,2025-10-01_22h47.00.991,untitled,,2025.1.1,60.02119948766625,2025-10-01 22h47.12.067456 +0530,
-150,z,175,3,43,z,1,0.6194373999999243,None,,,,,43,3,175,3,1104.6433596000002,,1104.6275979000002,1104.6433596000002,1105.6265890999998,1105.6265890999998,1105.6265890999998,1105.6265890999998,1105.6433588999998,1106.6267186,1106.6267186,1107.2604746000002,,,,,z,1,0.6194373999999243,None,par_4_mtr_seq,001,2025-10-01_22h47.00.991,untitled,,2025.1.1,60.02119948766625,2025-10-01 22h47.12.067456 +0530,
150,v,176,0,44,v,1,0.9550269000001208,None,,,,,44,0,176,1,1107.2762893,,1107.2609275999998,1107.2762893,1108.2600776999998,1108.2600776999998,1108.2600776999998,1108.2600776999998,1108.2763055,1109.2601605999998,1109.2601605999998,1110.2272241,,,,,v,1,0.9550269000001208,None,par_4_mtr_seq,001,2025-10-01_22h47.00.991,untitled,,2025.1.1,60.02119948766625,2025-10-01 22h47.12.067456 +0530,
50,c,177,1,44,c,1,1.077596000000085,None,,,,,44,1,177,2,1110.2433175,,1110.2281603000001,1110.2433175,1111.2266332999998,1111.2266332999998,1111.2266332999998,1111.2266332999998,1111.2432580999998,1112.2263899,1112.2263899,1113.3106007000001,,,,,c,1,1.077596000000085,None,par_4_mtr_seq,001,2025-10-01_22h47.00.991,untitled,,2025.1.1,60.02119948766625,2025-10-01 22h47.12.067456 +0530,
-150,z,178,2,44,z,1,0.5463748999998188,None,,,,,44,2,178,3,1113.3263861,,1113.3111023000001,1113.3263861,1114.3099775,1114.3099775,1114.3099775,1114.3099775,1114.3265445000002,1115.3098866,1115.3098866,1115.8603796000002,,,,,z,1,0.5463748999998188,None,par_4_mtr_seq,001,2025-10-01_22h47.00.991,untitled,,2025.1.1,60.02119948766625,2025-10-01 22h47.12.067456 +0530,
-50,x,179,3,44,x,1,0.9191089999999349,None,,,,,44,3,179,0,1115.8763855000002,,1115.8608221999998,1115.8763855000002,1116.8599235000001,1116.8599235000001,1116.8599235000001,1116.8599235000001,1116.8766042000002,1117.8599343,1117.8599343,1118.7934647000002,,,,,x,1,0.9191089999999349,None,par_4_mtr_seq,001,2025-10-01_22h47.00.991,untitled,,2025.1.1,60.02119948766625,2025-10-01 22h47.12.067456 +0530,
150,v,180,0,45,v,1,0.8403844000001754,None,,,,,45,0,180,1,1118.8100264,,1118.7940251999999,1118.8100264,1119.7932396,1119.7932396,1119.7932396,1119.7932396,1119.8099207,1120.7932138,1120.7932138,1121.643896,,,,,v,1,0.8403844000001754,None,par_4_mtr_seq,001,2025-10-01_22h47.00.991,untitled,,2025.1.1,60.02119948766625,2025-10-01 22h47.12.067456 +0530,
-50,x,181,1,45,x,1,0.6940409999999702,None,,,,,45,1,181,0,1121.6599385999998,,1121.6444437999999,1121.6599385999998,1122.6429714,1122.6429714,1122.6429714,1122.6429714,1122.6599158,1123.6429933,1123.6429933,1124.3436986000002,,,,,x,1,0.6940409999999702,None,par_4_mtr_seq,001,2025-10-01_22h47.00.991,untitled,,2025.1.1,60.02119948766625,2025-10-01 22h47.12.067456 +0530,
-150,z,182,2,45,z,1,0.9548076999999466,None,,,,,45,2,182,3,1124.3602495999999,,1124.3441358999999,1124.3602495999999,1125.343465,1125.343465,1125.343465,1125.343465,1125.3606472000001,1126.3433191,1126.3433191,1127.3108424000002,,,,,z,1,0.9548076999999466,None,par_4_mtr_seq,001,2025-10-01_22h47.00.991,untitled,,2025.1.1,60.02119948766625,2025-10-01 22h47.12.067456 +0530,
50,c,183,3,45,c,1,0.9109019999998509,None,,,,,45,3,183,2,1127.3273958,,1127.3115041,1127.3273958,1128.3102359999998,1128.3102359999998,1128.3102359999998,1128.3102359999998,1128.3266278,1129.3103418,1129.3103418,1130.2276394,,,,,c,1,0.9109019999998509,None,par_4_mtr_seq,001,2025-10-01_22h47.00.991,untitled,,2025.1.1,60.02119948766625,2025-10-01 22h47.12.067456 +0530,
-150,z,184,0,46,z,1,0.9294350000000122,None,,,,,46,0,184,3,1130.2429155,,1130.2281929,1130.2429155,1131.2432720000002,1131.2432720000002,1131.2432720000002,1131.2432720000002,1131.2432720000002,1132.2432568,1132.2432568,1133.1774776000002,,,,,z,1,0.9294350000000122,None,par_4_mtr_seq,001,2025-10-01_22h47.00.991,untitled,,2025.1.1,60.02119948766625,2025-10-01 22h47.12.067456 +0530,
-50,x,185,1,46,x,1,0.9201708000000508,None,,,,,46,1,185,0,1133.1931923000002,,1133.1780663999998,1133.1931923000002,1134.1766214,1134.1766214,1134.1766214,1134.1766214,1134.1933384,1135.1768668999998,1135.1768668999998,1136.1104550999999,,,,,x,1,0.9201708000000508,None,par_4_mtr_seq,001,2025-10-01_22h47.00.991,untitled,,2025.1.1,60.02119948766625,2025-10-01 22h47.12.067456 +0530,
150,v,186,2,46,v,1,1.0561159999999745,None,,,,,46,2,186,1,1136.1267143,,1136.1108967999999,1136.1267143,1137.1100284,1137.1100284,1137.1100284,1137.1100284,1137.1267742999999,1138.1103061,1138.1103061,1139.1769975000002,,,,,v,1,1.0561159999999745,None,par_4_mtr_seq,001,2025-10-01_22h47.00.991,untitled,,2025.1.1,60.02119948766625,2025-10-01 22h47.12.067456 +0530,
50,c,187,3,46,c,1,1.163139000000001,None,,,,,46,3,187,2,1139.1931270999999,,1139.1774811,1139.1931270999999,1140.176728,1140.176728,1140.176728,1140.176728,1140.1933926000002,1141.1766923,1141.1766923,1142.3438658,,,,,c,1,1.163139000000001,None,par_4_mtr_seq,001,2025-10-01_22h47.00.991,untitled,,2025.1.1,60.02119948766625,2025-10-01 22h47.12.067456 +0530,
-50,x,188,0,47,x,1,2.142382600000019,None,,,,,47,0,188,0,1142.360244,,1142.3443274,1142.360244,1143.3434425,1143.3434425,1143.3434425,1143.3434425,1143.3599917000001,1144.3434145,1144.3434145,1146.4934816,,,,,x,1,2.142382600000019,None,par_4_mtr_seq,001,2025-10-01_22h47.00.991,untitled,,2025.1.1,60.02119948766625,2025-10-01 22h47.12.067456 +0530,
50,c,189,1,47,c,1,1.5002047000000402,None,,,,,47,1,189,2,1146.509673,,1146.4940843,1146.509673,1147.4925440000002,1147.4925440000002,1147.4925440000002,1147.4925440000002,1147.5091572000001,1148.4938332000002,1148.4938332000002,1150.0104092000001,,,,,c,1,1.5002047000000402,None,par_4_mtr_seq,001,2025-10-01_22h47.00.991,untitled,,2025.1.1,60.02119948766625,2025-10-01 22h47.12.067456 +0530,
-150,z,190,2,47,z,1,0.6270687999999609,None,,,,,47,2,190,3,1150.0271745,,1150.0108833999998,1150.0271745,1151.0100549,1151.0100549,1151.0100549,1151.0100549,1151.0269914,1152.0105910000002,1152.0105910000002,1152.6442197000001,,,,,z,1,0.6270687999999609,None,par_4_mtr_seq,001,2025-10-01_22h47.00.991,untitled,,2025.1.1,60.02119948766625,2025-10-01 22h47.12.067456 +0530,
150,v,191,3,47,v,1,0.38909880000005614,None,,,,,47,3,191,1,1152.6592483999998,,1152.6447217,1152.6592483999998,1153.6435698,1153.6435698,1153.6435698,1153.6435698,1153.6603059,1154.6442120000002,1154.6442120000002,1155.0441523999998,,,,,v,1,0.38909880000005614,None,par_4_mtr_seq,001,2025-10-01_22h47.00.991,untitled,,2025.1.1,60.02119948766625,2025-10-01 22h47.12.067456 +0530,
-50,x,192,0,48,x,1,0.7964600000000246,None,,,,,48,0,192,0,1155.0594855,,1155.0450549000002,1155.0594855,1156.0432105999998,1156.0432105999998,1156.0432105999998,1156.0432105999998,1156.0603596,1157.0437510000002,1157.0437510000002,1157.8437355,,,,,x,1,0.7964600000000246,None,par_4_mtr_seq,001,2025-10-01_22h47.00.991,untitled,,2025.1.1,60.02119948766625,2025-10-01 22h47.12.067456 +0530,
50,c,193,1,48,c,1,0.5203108999999131,None,,,,,48,1,193,2,1157.8603115,,1157.8443433000002,1157.8603115,1158.8434563,1158.8434563,1158.8434563,1158.8434563,1158.8610057,1159.8437603000002,1159.8437603000002,1160.3771397,,,,,c,1,0.5203108999999131,None,par_4_mtr_seq,001,2025-10-01_22h47.00.991,untitled,,2025.1.1,60.02119948766625,2025-10-01 22h47.12.067456 +0530,
-150,z,194,2,48,z,1,0.5265663000000131,None,,,,,48,2,194,3,1160.3931805000002,,1160.3776659999999,1160.3931805000002,1161.3780445000002,1161.3780445000002,1161.3780445000002,1161.3780445000002,1161.3942839000001,1162.3917494000002,1162.3917494000002,1162.9272419,,,,,z,1,0.5265663000000131,None,par_4_mtr_seq,001,2025-10-01_22h47.00.991,untitled,,2025.1.1,60.02119948766625,2025-10-01 22h47.12.067456 +0530,
150,v,195,3,48,v,1,0.3675777000000835,None,,,,,48,3,195,1,1162.9429014000002,,1162.9277151000001,1162.9429014000002,1163.9277648000002,1163.9277648000002,1163.9277648000002,1163.9277648000002,1163.9439902,1164.926695,1164.926695,1165.3103030000002,,,,,v,1,0.3675777000000835,None,par_4_mtr_seq,001,2025-10-01_22h47.00.991,untitled,,2025.1.1,60.02119948766625,2025-10-01 22h47.12.067456 +0530,
-50,x,196,0,49,x,1,0.46373319999997875,None,,,,,49,0,196,0,1165.3267058000001,,1165.3107807000001,1165.3267058000001,1166.3101416,1166.3101416,1166.3101416,1166.3101416,1166.3261674,1167.3102772000002,1167.3102772000002,1167.7768624,,,,,x,1,0.46373319999997875,None,par_4_mtr_seq,001,2025-10-01_22h47.00.991,untitled,,2025.1.1,60.02119948766625,2025-10-01 22h47.12.067456 +0530,
50,c,197,1,49,v,0,0.34789709999995466,None,,,,,49,1,197,2,1167.7926146,,1167.7774278000002,1167.7926146,1168.77675,1168.77675,1168.77675,1168.77675,1168.7936611,1169.7769573,1169.7769573,1170.1277832,,,,,v,0,0.34789709999995466,None,par_4_mtr_seq,001,2025-10-01_22h47.00.991,untitled,,2025.1.1,60.02119948766625,2025-10-01 22h47.12.067456 +0530,
150,v,198,2,49,b,0,0.09673240000006444,None,,,,,49,2,198,1,1170.1428950999998,,1170.1282765,1170.1428950999998,1171.1267761,1171.1267761,1171.1267761,1171.1267761,1171.1427721,1172.1269665,1172.1269665,1172.2273857999999,,,,,b,0,0.09673240000006444,None,par_4_mtr_seq,001,2025-10-01_22h47.00.991,untitled,,2025.1.1,60.02119948766625,2025-10-01 22h47.12.067456 +0530,
-150,z,199,3,49,n,0,0.38116439999998875,None,,,,,49,3,199,3,1172.2430731,,1172.2278600999998,1172.2430731,1173.2268967,1173.2268967,1173.2268967,1173.2268967,1173.2433778,1174.2436422,1174.2436422,1174.6276239,,,,,n,0,0.38116439999998875,None,par_4_mtr_seq,001,2025-10-01_22h47.00.991,untitled,,2025.1.1,60.02119948766625,2025-10-01 22h47.12.067456 +0530,
