pos,corr_resp,thisN,thisTrialN,thisRepN,key_resp.keys,key_resp.corr,key_resp.rt,key_resp.duration,trials.thisRepN,trials.thisTrialN,trials.thisN,trials.thisIndex,trials_2.thisRepN,trials_2.thisTrialN,trials_2.thisN,trials_2.thisIndex,thisRow.t,notes,trial.started,fixation.started,line1.started,line_2.started,line_3.started,line4.started,fixation.stopped,probe.started,key_resp.started,trial.stopped,trials.key_resp.keys,trials.key_resp.corr,trials.key_resp.rt,trials.key_resp.duration,trials_2.key_resp.keys,trials_2.key_resp.corr,trials_2.key_resp.rt,trials_2.key_resp.duration,participant,session,date,expName,expVersion,psychopyVersion,frameRate,expStart,
-50,x,0,0,0,x,1,0.5864963000000216,None,0,0,0,0,,,,,0.028892900000016652,,0.019337600000028488,0.028892900000016652,1.0107057000000168,1.0107057000000168,1.0107057000000168,1.0107057000000168,1.0440464000000134,2.010878400000024,2.010878400000024,2.619178800000043,x,1,0.5864963000000216,None,,,,,par_1_mtr_seq,001,2025-10-01_19h28.49.025,untitled,,2025.1.1,60.060060060065474,2025-10-01 19h29.00.343266 +0530,
150,v,1,1,0,v,1,0.506623999999988,None,0,1,1,1,,,,,2.6288274000000342,,2.619692500000042,2.6288274000000342,3.627472100000034,3.627472100000034,3.627472100000034,3.627472100000034,3.644038300000034,4.627276400000028,4.627276400000028,5.145313000000044,v,1,0.506623999999988,None,,,,,par_1_mtr_seq,001,2025-10-01_19h28.49.025,untitled,,2025.1.1,60.060060060065474,2025-10-01 19h29.00.343266 +0530,
50,c,2,2,0,c,1,0.7712875000000281,None,0,2,2,2,,,,,5.161004700000035,,5.145791300000042,5.161004700000035,6.144278600000007,6.144278600000007,6.144278600000007,6.144278600000007,6.1612769000000185,7.160783900000013,7.160783900000013,7.945102200000008,c,1,0.7712875000000281,None,,,,,par_1_mtr_seq,001,2025-10-01_19h28.49.025,untitled,,2025.1.1,60.060060060065474,2025-10-01 19h29.00.343266 +0530,
-150,z,3,3,0,x,0,0.4420868999999925,None,0,3,3,3,,,,,7.960901100000001,,7.945589600000005,7.960901100000001,8.960820800000022,8.960820800000022,8.960820800000022,8.960820800000022,8.960820800000022,9.960827900000027,9.960827900000027,10.411595500000033,x,0,0.4420868999999925,None,,,,,par_1_mtr_seq,001,2025-10-01_19h28.49.025,untitled,,2025.1.1,60.060060060065474,2025-10-01 19h29.00.343266 +0530,
-50,x,4,0,1,x,1,0.557013100000006,None,1,0,4,0,,,,,10.427437500000053,,10.412134100000003,10.427437500000053,11.41084380000001,11.41084380000001,11.41084380000001,11.41084380000001,11.427380200000016,12.410860400000047,12.410860400000047,12.97812300000004,x,1,0.557013100000006,None,,,,,par_1_mtr_seq,001,2025-10-01_19h28.49.025,untitled,,2025.1.1,60.060060060065474,2025-10-01 19h29.00.343266 +0530,
150,v,5,1,1,v,1,0.4641194999999243,None,1,1,5,1,,,,,12.994276200000002,,12.978690500000027,12.994276200000002,13.97741289999999,13.97741289999999,13.97741289999999,13.97741289999999,13.99416050000002,14.977468600000066,14.977468600000066,15.444963600000051,v,1,0.4641194999999243,None,,,,,par_1_mtr_seq,001,2025-10-01_19h28.49.025,untitled,,2025.1.1,60.060060060065474,2025-10-01 19h29.00.343266 +0530,
50,c,6,2,1,c,1,0.9648145999999542,None,1,2,6,2,,,,,15.46066380000002,,15.445424000000003,15.46066380000002,16.461025800000016,16.461025800000016,16.461025800000016,16.461025800000016,16.461025800000016,17.444101199999977,17.444101199999977,18.41186170000003,c,1,0.9648145999999542,None,,,,,par_1_mtr_seq,001,2025-10-01_19h28.49.025,untitled,,2025.1.1,60.060060060065474,2025-10-01 19h29.00.343266 +0530,
-150,z,7,3,1,z,1,0.958556499999986,None,1,3,7,3,,,,,18.427572000000055,,18.4123204,18.427572000000055,19.428204700000038,19.428204700000038,19.428204700000038,19.428204700000038,19.428204700000038,20.42770040000005,20.42770040000005,21.395025000000032,z,1,0.958556499999986,None,,,,,par_1_mtr_seq,001,2025-10-01_19h28.49.025,untitled,,2025.1.1,60.060060060065474,2025-10-01 19h29.00.343266 +0530,
-50,x,8,0,2,x,1,0.6235159000000294,None,2,0,8,0,,,,,21.410766200000012,,21.395497200000023,21.410766200000012,22.39430260000006,22.39430260000006,22.39430260000006,22.39430260000006,22.411016000000018,23.393862200000058,23.393862200000058,24.028070400000047,x,1,0.6235159000000294,None,,,,,par_1_mtr_seq,001,2025-10-01_19h28.49.025,untitled,,2025.1.1,60.060060060065474,2025-10-01 19h29.00.343266 +0530,
150,v,9,1,2,v,1,1.2514390000000049,None,2,1,9,1,,,,,24.04314850000003,,24.02859090000004,24.04314850000003,25.027706100000046,25.027706100000046,25.027706100000046,25.027706100000046,25.044362400000068,26.027610500000037,26.027610500000037,27.29496000000006,v,1,1.2514390000000049,None,,,,,par_1_mtr_seq,001,2025-10-01_19h28.49.025,untitled,,2025.1.1,60.060060060065474,2025-10-01 19h29.00.343266 +0530,
50,c,10,2,2,c,1,0.7193426000000045,None,2,2,10,2,,,,,27.311123000000066,,27.29550549999999,27.311123000000066,28.29490499999997,28.29490499999997,28.29490499999997,28.29490499999997,28.310726000000045,29.294257800000082,29.294257800000082,30.028221099999996,c,1,0.7193426000000045,None,,,,,par_1_mtr_seq,001,2025-10-01_19h28.49.025,untitled,,2025.1.1,60.060060060065474,2025-10-01 19h29.00.343266 +0530,
-150,z,11,3,2,z,1,0.6804994999999963,None,2,3,11,3,,,,,30.04460830000005,,30.028696500000024,30.04460830000005,31.027371000000016,31.027371000000016,31.027371000000016,31.027371000000016,31.044376400000033,32.02758549999999,32.02758549999999,32.71136020000006,z,1,0.6804994999999963,None,,,,,par_1_mtr_seq,001,2025-10-01_19h28.49.025,untitled,,2025.1.1,60.060060060065474,2025-10-01 19h29.00.343266 +0530,
-50,x,12,0,3,x,1,0.5756258999999773,None,3,0,12,0,,,,,32.72785829999998,,32.711824800000045,32.72785829999998,33.71082009999998,33.71082009999998,33.71082009999998,33.71082009999998,33.7276263,34.71091290000004,34.71091290000004,35.29501140000002,x,1,0.5756258999999773,None,,,,,par_1_mtr_seq,001,2025-10-01_19h28.49.025,untitled,,2025.1.1,60.060060060065474,2025-10-01 19h29.00.343266 +0530,
150,v,13,1,3,v,1,0.36860760000001846,None,3,1,13,1,,,,,35.31095620000008,,35.295448100000044,35.31095620000008,36.294342400000005,36.294342400000005,36.294342400000005,36.294342400000005,36.310999100000004,37.294360900000015,37.294360900000015,37.67826309999998,v,1,0.36860760000001846,None,,,,,par_1_mtr_seq,001,2025-10-01_19h28.49.025,untitled,,2025.1.1,60.060060060065474,2025-10-01 19h29.00.343266 +0530,
50,c,14,2,3,c,1,0.5590804000000844,None,3,2,14,2,,,,,37.69427489999998,,37.678729299999986,37.69427489999998,38.677601200000026,38.677601200000026,38.677601200000026,38.677601200000026,38.69432619999998,39.677584900000056,39.677584900000056,40.24484660000007,c,1,0.5590804000000844,None,,,,,par_1_mtr_seq,001,2025-10-01_19h28.49.025,untitled,,2025.1.1,60.060060060065474,2025-10-01 19h29.00.343266 +0530,
-150,z,15,3,3,z,1,0.4995922000000519,None,3,3,15,3,,,,,40.260856500000045,,40.245341600000074,40.260856500000045,41.24443910000002,41.24443910000002,41.24443910000002,41.24443910000002,41.26099190000002,42.24429429999998,42.24429429999998,42.746046800000045,z,1,0.4995922000000519,None,,,,,par_1_mtr_seq,001,2025-10-01_19h28.49.025,untitled,,2025.1.1,60.060060060065474,2025-10-01 19h29.00.343266 +0530,
-50,x,16,0,4,x,1,0.5523944999999912,None,4,0,16,0,,,,,42.76165890000004,,42.74652450000008,42.76165890000004,43.76098150000007,43.76098150000007,43.76098150000007,43.76098150000007,43.76098150000007,44.7611359,44.7611359,45.328211800000076,x,1,0.5523944999999912,None,,,,,par_1_mtr_seq,001,2025-10-01_19h28.49.025,untitled,,2025.1.1,60.060060060065474,2025-10-01 19h29.00.343266 +0530,
150,v,17,1,4,v,1,0.5535260000000335,None,4,1,17,1,,,,,45.34431310000002,,45.328662099999974,45.34431310000002,46.32763310000007,46.32763310000007,46.32763310000007,46.32763310000007,46.34428580000008,47.32735960000002,47.32735960000002,47.89516930000002,v,1,0.5535260000000335,None,,,,,par_1_mtr_seq,001,2025-10-01_19h28.49.025,untitled,,2025.1.1,60.060060060065474,2025-10-01 19h29.00.343266 +0530,
50,c,18,2,4,c,1,0.542128899999966,None,4,2,18,2,,,,,47.91101290000006,,47.895733800000016,47.91101290000006,48.91129410000008,48.91129410000008,48.91129410000008,48.91129410000008,48.91129410000008,49.894305799999984,49.894305799999984,50.44509700000003,c,1,0.542128899999966,None,,,,,par_1_mtr_seq,001,2025-10-01_19h28.49.025,untitled,,2025.1.1,60.060060060065474,2025-10-01 19h29.00.343266 +0530,
-150,z,19,3,4,z,1,0.5474560999999767,None,4,3,19,3,,,,,50.46124730000008,,50.445635400000015,50.46124730000008,51.444530999999984,51.444530999999984,51.444530999999984,51.444530999999984,51.46087310000007,52.444322899999975,52.444322899999975,52.99478220000003,z,1,0.5474560999999767,None,,,,,par_1_mtr_seq,001,2025-10-01_19h28.49.025,untitled,,2025.1.1,60.060060060065474,2025-10-01 19h29.00.343266 +0530,
-50,x,20,0,5,x,1,0.7384492999999566,None,5,0,20,0,,,,,53.01075650000007,,52.995322699999974,53.01075650000007,53.994301500000006,53.994301500000006,53.994301500000006,53.994301500000006,54.01106930000003,54.99515610000003,54.99515610000003,55.745367800000054,x,1,0.7384492999999566,None,,,,,par_1_mtr_seq,001,2025-10-01_19h28.49.025,untitled,,2025.1.1,60.060060060065474,2025-10-01 19h29.00.343266 +0530,
150,v,21,1,5,v,1,0.6513048000000481,None,5,1,21,1,,,,,55.760876600000074,,55.74584590000006,55.760876600000074,56.76101900000003,56.76101900000003,56.76101900000003,56.76101900000003,56.76101900000003,57.760750099999996,57.760750099999996,58.428436600000055,v,1,0.6513048000000481,None,,,,,par_1_mtr_seq,001,2025-10-01_19h28.49.025,untitled,,2025.1.1,60.060060060065474,2025-10-01 19h29.00.343266 +0530,
50,c,22,2,5,c,1,0.3834981999999627,None,5,2,22,2,,,,,58.44520840000007,,58.4289794,58.44520840000007,59.42772500000001,59.42772500000001,59.42772500000001,59.42772500000001,59.444335799999976,60.42775160000008,60.42775160000008,60.82819660000007,c,1,0.3834981999999627,None,,,,,par_1_mtr_seq,001,2025-10-01_19h28.49.025,untitled,,2025.1.1,60.060060060065474,2025-10-01 19h29.00.343266 +0530,
-150,z,23,3,5,z,1,0.3040957000000617,None,5,3,23,3,,,,,60.84429320000004,,60.82874790000005,60.84429320000004,61.827729100000056,61.827729100000056,61.827729100000056,61.827729100000056,61.84427149999999,62.827754700000014,62.827754700000014,63.144876899999986,z,1,0.3040957000000617,None,,,,,par_1_mtr_seq,001,2025-10-01_19h28.49.025,untitled,,2025.1.1,60.060060060065474,2025-10-01 19h29.00.343266 +0530,
-50,x,24,0,6,x,1,0.5403266000000713,None,6,0,24,0,,,,,63.16106030000003,,63.14533560000007,63.16106030000003,64.14445940000007,64.14445940000007,64.14445940000007,64.14445940000007,64.16108270000007,65.14443289999997,65.14443289999997,65.69511239999997,x,1,0.5403266000000713,None,,,,,par_1_mtr_seq,001,2025-10-01_19h28.49.025,untitled,,2025.1.1,60.060060060065474,2025-10-01 19h29.00.343266 +0530,
150,v,25,1,6,v,1,0.2883818999999903,None,6,1,25,1,,,,,65.7110222,,65.69562010000004,65.7110222,66.69447109999999,66.69447109999999,66.69447109999999,66.69447109999999,66.71102610000003,67.69413850000001,67.69413850000001,67.99569480000002,v,1,0.2883818999999903,None,,,,,par_1_mtr_seq,001,2025-10-01_19h28.49.025,untitled,,2025.1.1,60.060060060065474,2025-10-01 19h29.00.343266 +0530,
50,c,26,2,6,c,1,0.44517849999999726,None,6,2,26,2,,,,,68.01126299999999,,67.99618910000004,68.01126299999999,69.01136340000005,69.01136340000005,69.01136340000005,69.01136340000005,69.01136340000005,70.01128070000004,70.01128070000004,70.46155370000008,c,1,0.44517849999999726,None,,,,,par_1_mtr_seq,001,2025-10-01_19h28.49.025,untitled,,2025.1.1,60.060060060065474,2025-10-01 19h29.00.343266 +0530,
-150,z,27,3,6,z,1,0.5931459999999333,None,6,3,27,3,,,,,70.47745859999998,,70.46203130000004,70.47745859999998,71.46098719999998,71.46098719999998,71.46098719999998,71.46098719999998,71.47789680000005,72.46183760000008,72.46183760000008,73.0621304,z,1,0.5931459999999333,None,,,,,par_1_mtr_seq,001,2025-10-01_19h28.49.025,untitled,,2025.1.1,60.060060060065474,2025-10-01 19h29.00.343266 +0530,
-50,x,28,0,7,x,1,1.060724499999992,None,7,0,28,0,,,,,73.07747830000005,,73.06263200000001,73.07747830000005,74.07781410000007,74.07781410000007,74.07781410000007,74.07781410000007,74.07781410000007,75.0774963,75.0774963,76.14559280000003,x,1,1.060724499999992,None,,,,,par_1_mtr_seq,001,2025-10-01_19h28.49.025,untitled,,2025.1.1,60.060060060065474,2025-10-01 19h29.00.343266 +0530,
150,v,29,1,7,v,1,0.42246879999993325,None,7,1,29,1,,,,,76.16102050000006,,76.14609660000008,76.16102050000006,77.16110300000003,77.16110300000003,77.16110300000003,77.16110300000003,77.16110300000003,78.16114730000004,78.16114730000004,78.59563030000004,v,1,0.42246879999993325,None,,,,,par_1_mtr_seq,001,2025-10-01_19h28.49.025,untitled,,2025.1.1,60.060060060065474,2025-10-01 19h29.00.343266 +0530,
50,c,30,2,7,c,1,0.4131079999999656,None,7,2,30,2,,,,,78.61072510000008,,78.59612950000007,78.61072510000008,79.61103160000005,79.61103160000005,79.61103160000005,79.61103160000005,79.61103160000005,80.61057540000002,80.61057540000002,81.02869090000002,c,1,0.4131079999999656,None,,,,,par_1_mtr_seq,001,2025-10-01_19h28.49.025,untitled,,2025.1.1,60.060060060065474,2025-10-01 19h29.00.343266 +0530,
-150,z,31,3,7,z,1,0.5299632999999631,None,7,3,31,3,,,,,81.04480530000001,,81.02916670000002,81.04480530000001,82.04397540000002,82.04397540000002,82.04397540000002,82.04397540000002,82.06092320000005,83.04442470000004,83.04442470000004,83.57908380000003,z,1,0.5299632999999631,None,,,,,par_1_mtr_seq,001,2025-10-01_19h28.49.025,untitled,,2025.1.1,60.060060060065474,2025-10-01 19h29.00.343266 +0530,
-50,x,32,0,8,x,1,0.47438579999993635,None,8,0,32,0,,,,,83.5942781,,83.57958240000005,83.5942781,84.59385110000005,84.59385110000005,84.59385110000005,84.59385110000005,84.59385110000005,85.57779370000003,85.57779370000003,86.06219060000001,x,1,0.47438579999993635,None,,,,,par_1_mtr_seq,001,2025-10-01_19h28.49.025,untitled,,2025.1.1,60.060060060065474,2025-10-01 19h29.00.343266 +0530,
150,v,33,1,8,v,1,0.3367192000000614,None,8,1,33,1,,,,,86.07775779999997,,86.06287140000006,86.07775779999997,87.06125140000006,87.06125140000006,87.06125140000006,87.06125140000006,87.07782440000005,88.07816910000008,88.07816910000008,88.42949329999999,v,1,0.3367192000000614,None,,,,,par_1_mtr_seq,001,2025-10-01_19h28.49.025,untitled,,2025.1.1,60.060060060065474,2025-10-01 19h29.00.343266 +0530,
50,c,34,2,8,c,1,0.6456971999999723,None,8,2,34,2,,,,,88.44511770000008,,88.42999510000004,88.44511770000008,89.44442500000002,89.44442500000002,89.44442500000002,89.44442500000002,89.44442500000002,90.4447384,90.4447384,91.0960063,c,1,0.6456971999999723,None,,,,,par_1_mtr_seq,001,2025-10-01_19h28.49.025,untitled,,2025.1.1,60.060060060065474,2025-10-01 19h29.00.343266 +0530,
-150,z,35,3,8,x,0,0.3226942000000008,None,8,3,35,3,,,,,91.11065210000004,,91.09650980000004,91.11065210000004,92.11069440000006,92.11069440000006,92.11069440000006,92.11069440000006,92.11069440000006,93.11148509999998,93.11148509999998,93.4455567,x,0,0.3226942000000008,None,,,,,par_1_mtr_seq,001,2025-10-01_19h28.49.025,untitled,,2025.1.1,60.060060060065474,2025-10-01 19h29.00.343266 +0530,
-50,x,36,0,9,x,1,0.6244851000000153,None,9,0,36,0,,,,,93.46067970000001,,93.44605530000001,93.46067970000001,94.46118820000004,94.46118820000004,94.46118820000004,94.46118820000004,94.46118820000004,95.46048300000007,95.46048300000007,96.09467210000003,x,1,0.6244851000000153,None,,,,,par_1_mtr_seq,001,2025-10-01_19h28.49.025,untitled,,2025.1.1,60.060060060065474,2025-10-01 19h29.00.343266 +0530,
150,v,37,1,9,v,1,0.3073368999999957,None,9,1,37,1,,,,,96.11069459999999,,96.09527490000005,96.11069459999999,97.0938142,97.0938142,97.0938142,97.0938142,97.11068690000002,98.09492880000005,98.09492880000005,98.41206180000006,v,1,0.3073368999999957,None,,,,,par_1_mtr_seq,001,2025-10-01_19h28.49.025,untitled,,2025.1.1,60.060060060065474,2025-10-01 19h29.00.343266 +0530,
50,c,38,2,9,c,1,0.422559299999989,None,9,2,38,2,,,,,98.42699530000004,,98.41249970000001,98.42699530000004,99.42789200000004,99.42789200000004,99.42789200000004,99.42789200000004,99.42789200000004,100.42794470000001,100.42794470000001,100.86205749999999,c,1,0.422559299999989,None,,,,,par_1_mtr_seq,001,2025-10-01_19h28.49.025,untitled,,2025.1.1,60.060060060065474,2025-10-01 19h29.00.343266 +0530,
-150,z,39,3,9,z,1,0.489736799999946,None,9,3,39,3,,,,,100.87726429999998,,100.86253799999997,100.87726429999998,101.8612574,101.8612574,101.8612574,101.8612574,101.87892950000003,102.87821359999998,102.87821359999998,103.37894660000006,z,1,0.489736799999946,None,,,,,par_1_mtr_seq,001,2025-10-01_19h28.49.025,untitled,,2025.1.1,60.060060060065474,2025-10-01 19h29.00.343266 +0530,
-50,x,40,0,10,x,1,0.31621800000004896,None,10,0,40,0,,,,,103.39459160000001,,103.37946450000004,103.39459160000001,104.39464770000006,104.39464770000006,104.39464770000006,104.39464770000006,104.39464770000006,105.3950691,105.3950691,105.71203230000003,x,1,0.31621800000004896,None,,,,,par_1_mtr_seq,001,2025-10-01_19h28.49.025,untitled,,2025.1.1,60.060060060065474,2025-10-01 19h29.00.343266 +0530,
150,v,41,1,10,v,1,0.27298339999993004,None,10,1,41,1,,,,,105.72790850000001,,105.71254060000001,105.72790850000001,106.71059950000006,106.71059950000006,106.71059950000006,106.71059950000006,106.72709689999999,107.71138410000003,107.71138410000003,107.9958239,v,1,0.27298339999993004,None,,,,,par_1_mtr_seq,001,2025-10-01_19h28.49.025,untitled,,2025.1.1,60.060060060065474,2025-10-01 19h29.00.343266 +0530,
50,c,42,2,10,c,1,0.3599745000000212,None,10,2,42,2,,,,,108.01050429999998,,107.99639950000005,108.01050429999998,108.99456750000002,108.99456750000002,108.99456750000002,108.99456750000002,109.01057650000007,109.99459750000005,109.99459750000005,110.36139309999999,c,1,0.3599745000000212,None,,,,,par_1_mtr_seq,001,2025-10-01_19h28.49.025,untitled,,2025.1.1,60.060060060065474,2025-10-01 19h29.00.343266 +0530,
-150,z,43,3,10,z,1,0.29087890000005245,None,10,3,43,3,,,,,110.37721250000004,,110.3619559,110.37721250000004,111.36193660000004,111.36193660000004,111.36193660000004,111.36193660000004,111.37722740000004,112.36055640000006,112.36055640000006,112.66196550000006,z,1,0.29087890000005245,None,,,,,par_1_mtr_seq,001,2025-10-01_19h28.49.025,untitled,,2025.1.1,60.060060060065474,2025-10-01 19h29.00.343266 +0530,
-50,x,44,0,11,x,1,0.299590799999919,None,11,0,44,0,,,,,112.67713690000005,,112.66250880000007,112.67713690000005,113.66127920000008,113.66127920000008,113.66127920000008,113.66127920000008,113.67802410000002,114.66133480000008,114.66133480000008,114.96228010000004,x,1,0.299590799999919,None,,,,,par_1_mtr_seq,001,2025-10-01_19h28.49.025,untitled,,2025.1.1,60.060060060065474,2025-10-01 19h29.00.343266 +0530,
150,v,45,1,11,v,1,0.2481356999999207,None,11,1,45,1,,,,,114.97710730000006,,114.96275200000002,114.97710730000006,115.96125970000003,115.96125970000003,115.96125970000003,115.96125970000003,115.97795789999998,116.97791370000004,116.97791370000004,117.22817680000003,v,1,0.2481356999999207,None,,,,,par_1_mtr_seq,001,2025-10-01_19h28.49.025,untitled,,2025.1.1,60.060060060065474,2025-10-01 19h29.00.343266 +0530,
50,c,46,2,11,c,1,0.4459176999999954,None,11,2,46,2,,,,,117.24406169999997,,117.22865030000003,117.24406169999997,118.22810270000002,118.22810270000002,118.22810270000002,118.22810270000002,118.24510829999997,119.22810560000005,119.22810560000005,119.67914270000006,c,1,0.4459176999999954,None,,,,,par_1_mtr_seq,001,2025-10-01_19h28.49.025,untitled,,2025.1.1,60.060060060065474,2025-10-01 19h29.00.343266 +0530,
-150,z,47,3,11,z,1,0.34091429999989487,None,11,3,47,3,,,,,119.69527140000002,,119.67976870000007,119.69527140000002,120.69476220000001,120.69476220000001,120.69476220000001,120.69476220000001,120.69476220000001,121.693446,121.693446,122.04343970000002,z,1,0.34091429999989487,None,,,,,par_1_mtr_seq,001,2025-10-01_19h28.49.025,untitled,,2025.1.1,60.060060060065474,2025-10-01 19h29.00.343266 +0530,
-50,x,48,0,12,x,1,0.2679309000000103,None,12,0,48,0,,,,,122.06025999999997,,122.04389500000002,122.06025999999997,123.04398000000003,123.04398000000003,123.04398000000003,123.04398000000003,123.06113100000005,124.04393570000002,124.04393570000002,124.32825480000008,x,1,0.2679309000000103,None,,,,,par_1_mtr_seq,001,2025-10-01_19h28.49.025,untitled,,2025.1.1,60.060060060065474,2025-10-01 19h29.00.343266 +0530,
150,v,49,1,12,v,1,0.3041686999999911,None,12,1,49,1,,,,,124.34381200000007,,124.32876729999998,124.34381200000007,125.32882030000007,125.32882030000007,125.32882030000007,125.32882030000007,125.34458240000004,126.32826010000008,126.32826010000008,126.64535410000008,v,1,0.3041686999999911,None,,,,,par_1_mtr_seq,001,2025-10-01_19h28.49.025,untitled,,2025.1.1,60.060060060065474,2025-10-01 19h29.00.343266 +0530,
50,c,50,2,12,c,1,0.35491290000004483,None,12,2,50,2,,,,,126.66149170000006,,126.64589669999998,126.66149170000006,127.64459870000007,127.64459870000007,127.64459870000007,127.64459870000007,127.66251610000006,128.64496930000007,128.64496930000007,129.01182700000004,c,1,0.35491290000004483,None,,,,,par_1_mtr_seq,001,2025-10-01_19h28.49.025,untitled,,2025.1.1,60.060060060065474,2025-10-01 19h29.00.343266 +0530,
-150,z,51,3,12,z,1,0.2665894000000435,None,12,3,51,3,,,,,129.02808670000002,,129.01230840000005,129.02808670000002,130.01089810000008,130.01089810000008,130.01089810000008,130.01089810000008,130.0282648,131.01136570000006,131.01136570000006,131.27888200000007,z,1,0.2665894000000435,None,,,,,par_1_mtr_seq,001,2025-10-01_19h28.49.025,untitled,,2025.1.1,60.060060060065474,2025-10-01 19h29.00.343266 +0530,
-50,x,52,0,13,x,1,0.5428531000000021,None,13,0,52,0,,,,,131.29438720000007,,131.27942660000008,131.29438720000007,132.29499780000003,132.29499780000003,132.29499780000003,132.29499780000003,132.29499780000003,133.27774970000007,133.27774970000007,133.82878030000006,x,1,0.5428531000000021,None,,,,,par_1_mtr_seq,001,2025-10-01_19h28.49.025,untitled,,2025.1.1,60.060060060065474,2025-10-01 19h29.00.343266 +0530,
150,v,53,1,13,v,1,0.7162341999999171,None,13,1,53,1,,,,,133.84478680000007,,133.8294214,133.84478680000007,134.84451890000003,134.84451890000003,134.84451890000003,134.84451890000003,134.84451890000003,135.84276169999998,135.84276169999998,136.56202740000003,v,1,0.7162341999999171,None,,,,,par_1_mtr_seq,001,2025-10-01_19h28.49.025,untitled,,2025.1.1,60.060060060065474,2025-10-01 19h29.00.343266 +0530,
50,c,54,2,13,c,1,0.46786950000000616,None,13,2,54,2,,,,,136.57746930000008,,136.5625271,136.57746930000008,137.56138850000002,137.56138850000002,137.56138850000002,137.56138850000002,137.5783722,138.5607483,138.5607483,139.044808,c,1,0.46786950000000616,None,,,,,par_1_mtr_seq,001,2025-10-01_19h28.49.025,untitled,,2025.1.1,60.060060060065474,2025-10-01 19h29.00.343266 +0530,
-150,z,55,3,13,z,1,0.2869633000000249,None,13,3,55,3,,,,,139.0612264,,139.04528990000006,139.0612264,140.04489139999998,140.04489139999998,140.04489139999998,140.04489139999998,140.06160870000008,141.04482760000008,141.04482760000008,141.34490019999998,z,1,0.2869633000000249,None,,,,,par_1_mtr_seq,001,2025-10-01_19h28.49.025,untitled,,2025.1.1,60.060060060065474,2025-10-01 19h29.00.343266 +0530,
-50,x,56,0,14,x,1,0.2932627999999795,None,14,0,56,0,,,,,141.36234690000003,,141.34540370000002,141.36234690000003,142.34554590000005,142.34554590000005,142.34554590000005,142.34554590000005,142.36150659999998,143.34521700000005,143.34521700000005,143.64583070000003,x,1,0.2932627999999795,None,,,,,par_1_mtr_seq,001,2025-10-01_19h28.49.025,untitled,,2025.1.1,60.060060060065474,2025-10-01 19h29.00.343266 +0530,
150,v,57,1,14,c,0,0.1895259000000351,None,14,1,57,1,,,,,143.6607388,,143.64632430000006,143.6607388,144.64514830000007,144.64514830000007,144.64514830000007,144.64514830000007,144.66167380000002,145.66184370000008,145.66184370000008,145.86222729999997,c,0,0.1895259000000351,None,,,,,par_1_mtr_seq,001,2025-10-01_19h28.49.025,untitled,,2025.1.1,60.060060060065474,2025-10-01 19h29.00.343266 +0530,
50,c,58,2,14,c,1,0.4517547000000377,None,14,2,58,2,,,,,145.87746500000003,,145.86271110000007,145.87746500000003,146.8785295,146.8785295,146.8785295,146.8785295,146.8785295,147.87814660000004,147.87814660000004,148.34491820000005,c,1,0.4517547000000377,None,,,,,par_1_mtr_seq,001,2025-10-01_19h28.49.025,untitled,,2025.1.1,60.060060060065474,2025-10-01 19h29.00.343266 +0530,
-150,z,59,3,14,x,0,0.4097310000000789,None,14,3,59,3,,,,,148.36079270000005,,148.34535920000008,148.36079270000005,149.34420469999998,149.34420469999998,149.34420469999998,149.34420469999998,149.3622861,150.34454930000004,150.34454930000004,150.76050040000007,x,0,0.4097310000000789,None,,,,,par_1_mtr_seq,001,2025-10-01_19h28.49.025,untitled,,2025.1.1,60.060060060065474,2025-10-01 19h29.00.343266 +0530,
-50,x,60,0,15,z,0,0.38856569999995827,None,15,0,60,0,,,,,150.7758877,,150.76106040000002,150.7758877,151.76230150000004,151.76230150000004,151.76230150000004,151.76230150000004,151.77852170000006,152.75987680000003,152.75987680000003,153.16319800000008,z,0,0.38856569999995827,None,,,,,par_1_mtr_seq,001,2025-10-01_19h28.49.025,untitled,,2025.1.1,60.060060060065474,2025-10-01 19h29.00.343266 +0530,
150,v,61,1,15,v,1,0.48071490000006634,None,15,1,61,1,,,,,153.1783256,,153.16376580000008,153.1783256,154.17843240000002,154.17843240000002,154.17843240000002,154.17843240000002,154.17843240000002,155.17610060000004,155.17610060000004,155.66168570000002,v,1,0.48071490000006634,None,,,,,par_1_mtr_seq,001,2025-10-01_19h28.49.025,untitled,,2025.1.1,60.060060060065474,2025-10-01 19h29.00.343266 +0530,
50,c,62,2,15,c,1,0.36760639999999967,None,15,2,62,2,,,,,155.67746250000005,,155.66216959999997,155.67746250000005,156.66073630000005,156.66073630000005,156.66073630000005,156.66073630000005,156.67755540000007,157.6614879,157.6614879,158.04541819999997,c,1,0.36760639999999967,None,,,,,par_1_mtr_seq,001,2025-10-01_19h28.49.025,untitled,,2025.1.1,60.060060060065474,2025-10-01 19h29.00.343266 +0530,
-150,z,63,3,15,z,1,0.5800269999999728,None,15,3,63,3,,,,,158.06070410000007,,158.04588920000003,158.06070410000007,159.0594893,159.0594893,159.0594893,159.0594893,159.07604420000007,160.05921,160.05921,160.6459585,z,1,0.5800269999999728,None,,,,,par_1_mtr_seq,001,2025-10-01_19h28.49.025,untitled,,2025.1.1,60.060060060065474,2025-10-01 19h29.00.343266 +0530,
-50,x,64,0,16,x,1,0.33558159999995496,None,16,0,64,0,,,,,160.6611861,,160.64644140000007,160.6611861,161.64585410000007,161.64585410000007,161.64585410000007,161.64585410000007,161.66144540000005,162.66163200000005,162.66163200000005,163.01217129999998,x,1,0.33558159999995496,None,,,,,par_1_mtr_seq,001,2025-10-01_19h28.49.025,untitled,,2025.1.1,60.060060060065474,2025-10-01 19h29.00.343266 +0530,
150,v,65,1,16,v,1,0.6456730999999536,None,16,1,65,1,,,,,163.02772670000002,,163.01261490000002,163.02772670000002,164.01149410000005,164.01149410000005,164.01149410000005,164.01149410000005,164.0283677,165.01184999999998,165.01184999999998,165.66322550000007,v,1,0.6456730999999536,None,,,,,par_1_mtr_seq,001,2025-10-01_19h28.49.025,untitled,,2025.1.1,60.060060060065474,2025-10-01 19h29.00.343266 +0530,
50,c,66,2,16,z,0,0.41926939999996193,None,16,2,66,2,,,,,165.67751510000005,,165.66370590000008,165.67751510000005,166.678094,166.678094,166.678094,166.678094,166.678094,167.6786012,167.6786012,168.11174219999998,z,0,0.41926939999996193,None,,,,,par_1_mtr_seq,001,2025-10-01_19h28.49.025,untitled,,2025.1.1,60.060060060065474,2025-10-01 19h29.00.343266 +0530,
-150,z,67,3,16,c,0,0.6347544999999855,None,16,3,67,3,,,,,168.12767640000004,,168.11220420000006,168.12767640000004,169.11171910000007,169.11171910000007,169.11171910000007,169.11171910000007,169.127703,170.11201210000002,170.11201210000002,170.76161309999998,c,0,0.6347544999999855,None,,,,,par_1_mtr_seq,001,2025-10-01_19h28.49.025,untitled,,2025.1.1,60.060060060065474,2025-10-01 19h29.00.343266 +0530,
-50,x,68,0,17,z,0,0.35267029999999977,None,17,0,68,0,,,,,170.7776993,,170.7621358,170.7776993,171.76159359999997,171.76159359999997,171.76159359999997,171.76159359999997,171.77784710000003,172.77622770000005,172.77622770000005,173.14392780000003,z,0,0.35267029999999977,None,,,,,par_1_mtr_seq,001,2025-10-01_19h28.49.025,untitled,,2025.1.1,60.060060060065474,2025-10-01 19h29.00.343266 +0530,
150,v,69,1,17,v,1,0.38062330000002476,None,17,1,69,1,,,,,173.1599069,,173.1444169,173.1599069,174.14459180000006,174.14459180000006,174.14459180000006,174.14459180000006,174.16100600000004,175.1449695,175.1449695,175.52896150000004,v,1,0.38062330000002476,None,,,,,par_1_mtr_seq,001,2025-10-01_19h28.49.025,untitled,,2025.1.1,60.060060060065474,2025-10-01 19h29.00.343266 +0530,
50,c,70,2,17,c,1,0.3309675000000425,None,17,2,70,2,,,,,175.5445525,,175.5295304,175.5445525,176.54347890000008,176.54347890000008,176.54347890000008,176.54347890000008,176.56005730000004,177.54282539999997,177.54282539999997,177.87653139999998,c,1,0.3309675000000425,None,,,,,par_1_mtr_seq,001,2025-10-01_19h28.49.025,untitled,,2025.1.1,60.060060060065474,2025-10-01 19h29.00.343266 +0530,
-150,z,71,3,17,z,1,0.65242580000006,None,17,3,71,3,,,,,177.89249890000008,,177.87691619999998,177.89249890000008,178.87604850000002,178.87604850000002,178.87604850000002,178.87604850000002,178.89254119999998,179.87575900000002,179.87575900000002,180.5436833,z,1,0.65242580000006,None,,,,,par_1_mtr_seq,001,2025-10-01_19h28.49.025,untitled,,2025.1.1,60.060060060065474,2025-10-01 19h29.00.343266 +0530,
-50,x,72,0,18,x,1,1.2763281000000006,None,18,0,72,0,,,,,180.55951430000005,,180.5442521,180.55951430000005,181.55966999999998,181.55966999999998,181.55966999999998,181.55966999999998,181.55966999999998,182.54311930000006,182.54311930000006,183.82690850000006,x,1,1.2763281000000006,None,,,,,par_1_mtr_seq,001,2025-10-01_19h28.49.025,untitled,,2025.1.1,60.060060060065474,2025-10-01 19h29.00.343266 +0530,
150,v,73,1,18,v,1,0.39978870000004463,None,18,1,73,1,,,,,183.84311750000006,,183.82728930000007,183.84311750000006,184.82632710000007,184.82632710000007,184.82632710000007,184.82632710000007,184.84322440000005,185.82695020000006,185.82695020000006,186.2275955,v,1,0.39978870000004463,None,,,,,par_1_mtr_seq,001,2025-10-01_19h28.49.025,untitled,,2025.1.1,60.060060060065474,2025-10-01 19h29.00.343266 +0530,
50,c,74,2,18,c,1,0.4274595000000545,None,18,2,74,2,,,,,186.24408660000006,,186.22798260000002,186.24408660000006,187.24289120000003,187.24289120000003,187.24289120000003,187.24289120000003,187.24289120000003,188.24284569999998,188.24284569999998,188.6768839,c,1,0.4274595000000545,None,,,,,par_1_mtr_seq,001,2025-10-01_19h28.49.025,untitled,,2025.1.1,60.060060060065474,2025-10-01 19h29.00.343266 +0530,
-150,z,75,3,18,z,1,0.6337896000000001,None,18,3,75,3,,,,,188.69319059999998,,188.67739730000005,188.69319059999998,189.67670080000005,189.67670080000005,189.67670080000005,189.67670080000005,189.69353020000005,190.67609790000006,190.67609790000006,191.32684170000005,z,1,0.6337896000000001,None,,,,,par_1_mtr_seq,001,2025-10-01_19h28.49.025,untitled,,2025.1.1,60.060060060065474,2025-10-01 19h29.00.343266 +0530,
-50,x,76,0,19,x,1,0.9317528999999922,None,19,0,76,0,,,,,191.3429089,,191.3272336,191.3429089,192.32677,192.32677,192.32677,192.32677,192.3451639,193.32618720000005,193.32618720000005,194.26159289999998,x,1,0.9317528999999922,None,,,,,par_1_mtr_seq,001,2025-10-01_19h28.49.025,untitled,,2025.1.1,60.060060060065474,2025-10-01 19h29.00.343266 +0530,
150,v,77,1,19,v,1,0.48024759999998423,None,19,1,77,1,,,,,194.27915459999997,,194.26199270000006,194.27915459999997,195.27699410000002,195.27699410000002,195.27699410000002,195.27699410000002,195.29385150000007,196.27645370000005,196.27645370000005,196.76057450000008,v,1,0.48024759999998423,None,,,,,par_1_mtr_seq,001,2025-10-01_19h28.49.025,untitled,,2025.1.1,60.060060060065474,2025-10-01 19h29.00.343266 +0530,
50,c,78,2,19,c,1,0.5852737000000161,None,19,2,78,2,,,,,196.77639910000005,,196.7612047,196.77639910000005,197.75980960000004,197.75980960000004,197.75980960000004,197.75980960000004,197.77670290000003,198.76075509999998,198.76075509999998,199.3615125,c,1,0.5852737000000161,None,,,,,par_1_mtr_seq,001,2025-10-01_19h28.49.025,untitled,,2025.1.1,60.060060060065474,2025-10-01 19h29.00.343266 +0530,
-150,z,79,3,19,z,1,1.1030081999999766,None,19,3,79,3,,,,,199.37697250000008,,199.36193579999997,199.37697250000008,200.37669590000007,200.37669590000007,200.37669590000007,200.37669590000007,200.37669590000007,201.37682700000005,201.37682700000005,202.49452080000003,z,1,1.1030081999999766,None,,,,,par_1_mtr_seq,001,2025-10-01_19h28.49.025,untitled,,2025.1.1,60.060060060065474,2025-10-01 19h29.00.343266 +0530,
-50,x,80,0,20,x,1,0.6585962999999992,None,20,0,80,0,,,,,202.51031380000006,,202.49503260000006,202.51031380000006,203.5102984,203.5102984,203.5102984,203.5102984,203.5102984,204.49368479999998,204.49368479999998,205.16040570000007,x,1,0.6585962999999992,None,,,,,par_1_mtr_seq,001,2025-10-01_19h28.49.025,untitled,,2025.1.1,60.060060060065474,2025-10-01 19h29.00.343266 +0530,
150,v,81,1,20,v,1,0.4332703999999694,None,20,1,81,1,,,,,205.17641400000002,,205.16080399999998,205.17641400000002,206.15982240000005,206.15982240000005,206.15982240000005,206.15982240000005,206.17644789999997,207.15982310000004,207.15982310000004,207.59385270000007,v,1,0.4332703999999694,None,,,,,par_1_mtr_seq,001,2025-10-01_19h28.49.025,untitled,,2025.1.1,60.060060060065474,2025-10-01 19h29.00.343266 +0530,
50,c,82,2,20,c,1,0.8384013999999524,None,20,2,82,2,,,,,207.60965680000004,,207.59424109999998,207.60965680000004,208.59355240000002,208.59355240000002,208.59355240000002,208.59355240000002,208.61001770000007,209.59365430000003,209.59365430000003,210.44473449999998,c,1,0.8384013999999524,None,,,,,par_1_mtr_seq,001,2025-10-01_19h28.49.025,untitled,,2025.1.1,60.060060060065474,2025-10-01 19h29.00.343266 +0530,
-150,z,83,3,20,z,1,0.7210549000000128,None,20,3,83,3,,,,,210.46032830000001,,210.4451924,210.46032830000001,211.4599495,211.4599495,211.4599495,211.4599495,211.4599495,212.46031060000007,212.46031060000007,213.19368099999997,z,1,0.7210549000000128,None,,,,,par_1_mtr_seq,001,2025-10-01_19h28.49.025,untitled,,2025.1.1,60.060060060065474,2025-10-01 19h29.00.343266 +0530,
-50,x,84,0,21,x,1,0.41923350000001847,None,21,0,84,0,,,,,213.20981419999998,,213.1941958,213.20981419999998,214.19322210000007,214.19322210000007,214.19322210000007,214.19322210000007,214.2099968,215.19357660000003,215.19357660000003,215.62711280000008,x,1,0.41923350000001847,None,,,,,par_1_mtr_seq,001,2025-10-01_19h28.49.025,untitled,,2025.1.1,60.060060060065474,2025-10-01 19h29.00.343266 +0530,
150,v,85,1,21,v,1,0.4045628999999735,None,21,1,85,1,,,,,215.64349030000005,,215.6274955,215.64349030000005,216.62685820000002,216.62685820000002,216.62685820000002,216.62685820000002,216.64385360000006,217.6265148,217.6265148,218.04314190000002,v,1,0.4045628999999735,None,,,,,par_1_mtr_seq,001,2025-10-01_19h28.49.025,untitled,,2025.1.1,60.060060060065474,2025-10-01 19h29.00.343266 +0530,
50,c,86,2,21,c,1,0.5495359999999891,None,21,2,86,2,,,,,218.0600339,,218.04355240000007,218.0600339,219.04348879999998,219.04348879999998,219.04348879999998,219.04348879999998,219.0599552,220.04319170000008,220.04319170000008,220.59452380000005,c,1,0.5495359999999891,None,,,,,par_1_mtr_seq,001,2025-10-01_19h28.49.025,untitled,,2025.1.1,60.060060060065474,2025-10-01 19h29.00.343266 +0530,
-150,z,87,3,21,z,1,1.2784123999999792,None,21,3,87,3,,,,,220.6099302,,220.59504760000004,220.6099302,221.59440940000002,221.59440940000002,221.59440940000002,221.59440940000002,221.61131239999997,222.59446930000001,222.59446930000001,223.87873810000008,z,1,1.2784123999999792,None,,,,,par_1_mtr_seq,001,2025-10-01_19h28.49.025,untitled,,2025.1.1,60.060060060065474,2025-10-01 19h29.00.343266 +0530,
-50,x,88,0,22,x,1,0.6729256999999507,None,22,0,88,0,,,,,223.89538490000007,,223.87927320000006,223.89538490000007,224.87884380000003,224.87884380000003,224.87884380000003,224.87884380000003,224.89526220000005,225.87889830000006,225.87889830000006,226.56255620000002,x,1,0.6729256999999507,None,,,,,par_1_mtr_seq,001,2025-10-01_19h28.49.025,untitled,,2025.1.1,60.060060060065474,2025-10-01 19h29.00.343266 +0530,
150,v,89,1,22,v,1,0.4786783000000696,None,22,1,89,1,,,,,226.57864510000002,,226.56303820000005,226.57864510000002,227.56262270000002,227.56262270000002,227.56262270000002,227.56262270000002,227.57818080000004,228.5626469,228.5626469,229.04772590000005,v,1,0.4786783000000696,None,,,,,par_1_mtr_seq,001,2025-10-01_19h28.49.025,untitled,,2025.1.1,60.060060060065474,2025-10-01 19h29.00.343266 +0530,
50,c,90,2,22,c,1,0.7429795000000468,None,22,2,90,2,,,,,229.06145820000006,,229.04825100000005,229.06145820000006,230.06218580000007,230.06218580000007,230.06218580000007,230.06218580000007,230.06218580000007,231.06189300000005,231.06189300000005,231.81238600000006,c,1,0.7429795000000468,None,,,,,par_1_mtr_seq,001,2025-10-01_19h28.49.025,untitled,,2025.1.1,60.060060060065474,2025-10-01 19h29.00.343266 +0530,
-150,z,91,3,22,z,1,0.4270091999999295,None,22,3,91,3,,,,,231.82799980000004,,231.81286620000003,231.82799980000004,232.8285849,232.8285849,232.8285849,232.8285849,232.8285849,233.81178050000005,233.81178050000005,234.2463957,z,1,0.4270091999999295,None,,,,,par_1_mtr_seq,001,2025-10-01_19h28.49.025,untitled,,2025.1.1,60.060060060065474,2025-10-01 19h29.00.343266 +0530,
-50,x,92,0,23,x,1,0.600283300000001,None,23,0,92,0,,,,,234.2615776,,234.2472017,234.2615776,235.24501859999998,235.24501859999998,235.24501859999998,235.24501859999998,235.26208510000004,236.26207810000005,236.26207810000005,236.86359460000006,x,1,0.600283300000001,None,,,,,par_1_mtr_seq,001,2025-10-01_19h28.49.025,untitled,,2025.1.1,60.060060060065474,2025-10-01 19h29.00.343266 +0530,
150,v,93,1,23,v,1,0.5371082999999999,None,23,1,93,1,,,,,236.8776977,,236.8640944,236.8776977,237.87776740000004,237.87776740000004,237.87776740000004,237.87776740000004,237.87776740000004,238.87870470000007,238.87870470000007,239.4291849,v,1,0.5371082999999999,None,,,,,par_1_mtr_seq,001,2025-10-01_19h28.49.025,untitled,,2025.1.1,60.060060060065474,2025-10-01 19h29.00.343266 +0530,
50,c,94,2,23,v,0,3.0964764999999943,None,23,2,94,2,,,,,239.44532500000003,,239.42965650000008,239.44532500000003,240.42864280000003,240.42864280000003,240.42864280000003,240.42864280000003,240.44596350000006,241.42848020000008,241.42848020000008,244.53061939999998,v,0,3.0964764999999943,None,,,,,par_1_mtr_seq,001,2025-10-01_19h28.49.025,untitled,,2025.1.1,60.060060060065474,2025-10-01 19h29.00.343266 +0530,
-150,z,95,3,23,z,1,5.97090460000004,None,23,3,95,3,,,,,244.54539520000003,,244.53109930000005,244.54539520000003,245.54532860000006,245.54532860000006,245.54532860000006,245.54532860000006,245.54532860000006,246.54533020000008,246.54533020000008,252.52970290000007,z,1,5.97090460000004,None,,,,,par_1_mtr_seq,001,2025-10-01_19h28.49.025,untitled,,2025.1.1,60.060060060065474,2025-10-01 19h29.00.343266 +0530,
-50,x,96,0,24,x,1,1.4702475999999933,None,24,0,96,0,,,,,252.54543750000005,,252.53018450000002,252.54543750000005,253.54474340000002,253.54474340000002,253.54474340000002,253.54474340000002,253.54474340000002,254.5290913,254.5290913,256.01271940000004,x,1,1.4702475999999933,None,,,,,par_1_mtr_seq,001,2025-10-01_19h28.49.025,untitled,,2025.1.1,60.060060060065474,2025-10-01 19h29.00.343266 +0530,
150,v,97,1,24,v,1,0.4004374999999527,None,24,1,97,1,,,,,256.0290109,,256.0131941000001,256.0290109,257.0124228000001,257.0124228000001,257.0124228000001,257.0124228000001,257.02890460000003,258.0120591,258.0120591,258.41337610000005,v,1,0.4004374999999527,None,,,,,par_1_mtr_seq,001,2025-10-01_19h28.49.025,untitled,,2025.1.1,60.060060060065474,2025-10-01 19h29.00.343266 +0530,
50,c,98,2,24,c,1,1.6303600999999617,None,24,2,98,2,,,,,258.42904110000006,,258.41387480000003,258.42904110000006,259.4298183000001,259.4298183000001,259.4298183000001,259.4298183000001,259.4298183000001,260.42865830000005,260.42865830000005,262.06237050000004,c,1,1.6303600999999617,None,,,,,par_1_mtr_seq,001,2025-10-01_19h28.49.025,untitled,,2025.1.1,60.060060060065474,2025-10-01 19h29.00.343266 +0530,
-150,z,99,3,24,z,1,0.5370841999999811,None,24,3,99,3,,,,,262.07804710000005,,262.06286910000006,262.07804710000005,263.0625682,263.0625682,263.0625682,263.0625682,263.0787275,264.06196250000005,264.06196250000005,264.6121964,z,1,0.5370841999999811,None,,,,,par_1_mtr_seq,001,2025-10-01_19h28.49.025,untitled,,2025.1.1,60.060060060065474,2025-10-01 19h29.00.343266 +0530,
-50,x,100,0,25,x,1,1.829087999999956,None,25,0,100,0,,,,,264.6286778,,264.6127553,264.6286778,265.61232760000007,265.61232760000007,265.61232760000007,265.61232760000007,265.62865940000006,266.61225150000007,266.61225150000007,268.44679229999997,x,1,1.829087999999956,None,,,,,par_1_mtr_seq,001,2025-10-01_19h28.49.025,untitled,,2025.1.1,60.060060060065474,2025-10-01 19h29.00.343266 +0530,
150,v,101,1,25,v,1,0.9897654000000102,None,25,1,101,1,,,,,268.4614801,,268.44727680000005,268.4614801,269.46239030000004,269.46239030000004,269.46239030000004,269.46239030000004,269.46239030000004,270.4613111,270.4613111,271.4628391,v,1,0.9897654000000102,None,,,,,par_1_mtr_seq,001,2025-10-01_19h28.49.025,untitled,,2025.1.1,60.060060060065474,2025-10-01 19h29.00.343266 +0530,
50,c,102,2,25,c,1,1.7492942000000085,None,25,2,102,2,,,,,271.47807950000004,,271.4633335,271.47807950000004,272.4623567,272.4623567,272.4623567,272.4623567,272.4790825,273.4623772,273.4623772,275.2137023,c,1,1.7492942000000085,None,,,,,par_1_mtr_seq,001,2025-10-01_19h28.49.025,untitled,,2025.1.1,60.060060060065474,2025-10-01 19h29.00.343266 +0530,
-150,z,103,3,25,z,1,0.5347647999999481,None,25,3,103,3,,,,,275.22887190000006,,275.2141834,275.22887190000006,276.22995960000003,276.22995960000003,276.22995960000003,276.22995960000003,276.22995960000003,277.22744120000004,277.22744120000004,277.7771318,z,1,0.5347647999999481,None,,,,,par_1_mtr_seq,001,2025-10-01_19h28.49.025,untitled,,2025.1.1,60.060060060065474,2025-10-01 19h29.00.343266 +0530,
-50,x,104,0,26,x,1,0.7685735000000022,None,26,0,104,0,,,,,277.7937135000001,,277.77760490000003,277.7937135000001,278.77838710000003,278.77838710000003,278.77838710000003,278.77838710000003,278.79483000000005,279.779221,279.779221,280.5622899,x,1,0.7685735000000022,None,,,,,par_1_mtr_seq,001,2025-10-01_19h28.49.025,untitled,,2025.1.1,60.060060060065474,2025-10-01 19h29.00.343266 +0530,
150,v,105,1,26,v,1,0.36621709999997165,None,26,1,105,1,,,,,280.57948,,280.56287380000003,280.57948,281.5625122,281.5625122,281.5625122,281.5625122,281.5789844000001,282.56281060000003,282.56281060000003,282.93045770000003,v,1,0.36621709999997165,None,,,,,par_1_mtr_seq,001,2025-10-01_19h28.49.025,untitled,,2025.1.1,60.060060060065474,2025-10-01 19h29.00.343266 +0530,
50,c,106,2,26,c,1,0.9332337000000734,None,26,2,106,2,,,,,282.9453221,,282.93093480000005,282.9453221,283.9453518,283.9453518,283.9453518,283.9453518,283.9453518,284.94552940000005,284.94552940000005,285.8797622000001,c,1,0.9332337000000734,None,,,,,par_1_mtr_seq,001,2025-10-01_19h28.49.025,untitled,,2025.1.1,60.060060060065474,2025-10-01 19h29.00.343266 +0530,
-150,z,107,3,26,z,1,0.44961880000005294,None,26,3,107,3,,,,,285.8958821,,285.88027880000004,285.8958821,286.8790173,286.8790173,286.8790173,286.8790173,286.8948629,287.87832190000006,287.87832190000006,288.32904670000005,z,1,0.44961880000005294,None,,,,,par_1_mtr_seq,001,2025-10-01_19h28.49.025,untitled,,2025.1.1,60.060060060065474,2025-10-01 19h29.00.343266 +0530,
-50,x,108,0,27,x,1,0.3181447000000617,None,27,0,108,0,,,,,288.3447662,,288.32952380000006,288.3447662,289.3282745,289.3282745,289.3282745,289.3282745,289.3452714,290.32841770000005,290.32841770000005,290.6620538000001,x,1,0.3181447000000617,None,,,,,par_1_mtr_seq,001,2025-10-01_19h28.49.025,untitled,,2025.1.1,60.060060060065474,2025-10-01 19h29.00.343266 +0530,
150,v,109,1,27,v,1,0.27783880000004046,None,27,1,109,1,,,,,290.67812420000007,,290.66252540000005,290.67812420000007,291.6622765000001,291.6622765000001,291.6622765000001,291.6622765000001,291.67946070000005,292.6619329,292.6619329,292.9466525,v,1,0.27783880000004046,None,,,,,par_1_mtr_seq,001,2025-10-01_19h28.49.025,untitled,,2025.1.1,60.060060060065474,2025-10-01 19h29.00.343266 +0530,
50,c,110,2,27,c,1,0.3020382999999356,None,27,2,110,2,,,,,292.9617488,,292.94713720000004,292.9617488,293.96243430000004,293.96243430000004,293.96243430000004,293.96243430000004,293.96243430000004,294.9615777,294.9615777,295.279351,c,1,0.3020382999999356,None,,,,,par_1_mtr_seq,001,2025-10-01_19h28.49.025,untitled,,2025.1.1,60.060060060065474,2025-10-01 19h29.00.343266 +0530,
-150,z,111,3,27,z,1,0.34766610000008313,None,27,3,111,3,,,,,295.2949338000001,,295.28045640000005,295.2949338000001,296.27833480000004,296.27833480000004,296.27833480000004,296.27833480000004,296.2954737,297.27895050000006,297.27895050000006,297.62991940000006,z,1,0.34766610000008313,None,,,,,par_1_mtr_seq,001,2025-10-01_19h28.49.025,untitled,,2025.1.1,60.060060060065474,2025-10-01 19h29.00.343266 +0530,
-50,x,112,0,28,x,1,0.35015980000002855,None,28,0,112,0,,,,,297.64488040000003,,297.63056430000006,297.64488040000003,298.64538030000006,298.64538030000006,298.64538030000006,298.64538030000006,298.64538030000006,299.64567640000007,299.64567640000007,300.0128162,x,1,0.35015980000002855,None,,,,,par_1_mtr_seq,001,2025-10-01_19h28.49.025,untitled,,2025.1.1,60.060060060065474,2025-10-01 19h29.00.343266 +0530,
150,v,113,1,28,v,1,0.4612557000000379,None,28,1,113,1,,,,,300.0284041,,300.0133294,300.0284041,301.01242560000003,301.01242560000003,301.01242560000003,301.01242560000003,301.0292764000001,302.0123678,302.0123678,302.4790921,v,1,0.4612557000000379,None,,,,,par_1_mtr_seq,001,2025-10-01_19h28.49.025,untitled,,2025.1.1,60.060060060065474,2025-10-01 19h29.00.343266 +0530,
50,c,114,2,28,c,1,0.3844590999999582,None,28,2,114,2,,,,,302.49491320000004,,302.47961010000006,302.49491320000004,303.4782228,303.4782228,303.4782228,303.4782228,303.4950196,304.4792201,304.4792201,304.87908820000007,c,1,0.3844590999999582,None,,,,,par_1_mtr_seq,001,2025-10-01_19h28.49.025,untitled,,2025.1.1,60.060060060065474,2025-10-01 19h29.00.343266 +0530,
-150,z,115,3,28,z,1,0.4165398999999752,None,28,3,115,3,,,,,304.8950103000001,,304.8795592,304.8950103000001,305.87934359999997,305.87934359999997,305.87934359999997,305.87934359999997,305.8955787,306.87919480000005,306.87919480000005,307.29651050000007,z,1,0.4165398999999752,None,,,,,par_1_mtr_seq,001,2025-10-01_19h28.49.025,untitled,,2025.1.1,60.060060060065474,2025-10-01 19h29.00.343266 +0530,
-50,x,116,0,29,x,1,0.39697510000007696,None,29,0,116,0,,,,,307.3116795000001,,307.297093,307.3116795000001,308.29523530000006,308.29523530000006,308.29523530000006,308.29523530000006,308.31249230000003,309.31267760000003,309.31267760000003,309.7128956,x,1,0.39697510000007696,None,,,,,par_1_mtr_seq,001,2025-10-01_19h28.49.025,untitled,,2025.1.1,60.060060060065474,2025-10-01 19h29.00.343266 +0530,
150,v,117,1,29,v,1,0.6639532000000372,None,29,1,117,1,,,,,309.7290839,,309.71337900000003,309.7290839,310.7117085,310.7117085,310.7117085,310.7117085,310.72836110000003,311.71159339999997,311.71159339999997,312.3805856,v,1,0.6639532000000372,None,,,,,par_1_mtr_seq,001,2025-10-01_19h28.49.025,untitled,,2025.1.1,60.060060060065474,2025-10-01 19h29.00.343266 +0530,
50,c,118,2,29,c,1,0.5079920000000584,None,29,2,118,2,,,,,312.3949927,,312.38106260000006,312.3949927,313.39576680000005,313.39576680000005,313.39576680000005,313.39576680000005,313.39576680000005,314.3960727,314.3960727,314.9127596000001,c,1,0.5079920000000584,None,,,,,par_1_mtr_seq,001,2025-10-01_19h28.49.025,untitled,,2025.1.1,60.060060060065474,2025-10-01 19h29.00.343266 +0530,
-150,z,119,3,29,z,1,0.5298209000000043,None,29,3,119,3,,,,,314.92923900000005,,314.9132013000001,314.92923900000005,315.9123488,315.9123488,315.9123488,315.9123488,315.9297517,316.9122761,316.9122761,317.4468048,z,1,0.5298209000000043,None,,,,,par_1_mtr_seq,001,2025-10-01_19h28.49.025,untitled,,2025.1.1,60.060060060065474,2025-10-01 19h29.00.343266 +0530,
-50,x,120,0,30,x,1,0.7254034000000047,None,30,0,120,0,,,,,317.4617274,,317.44731060000004,317.4617274,318.4450517,318.4450517,318.4450517,318.4450517,318.46254510000006,319.44570020000003,319.44570020000003,320.1792789,x,1,0.7254034000000047,None,,,,,par_1_mtr_seq,001,2025-10-01_19h28.49.025,untitled,,2025.1.1,60.060060060065474,2025-10-01 19h29.00.343266 +0530,
150,v,121,1,30,v,1,0.38691910000000007,None,30,1,121,1,,,,,320.19512270000007,,320.17965060000006,320.19512270000007,321.178993,321.178993,321.178993,321.178993,321.195735,322.17904640000006,322.17904640000006,322.57921080000006,v,1,0.38691910000000007,None,,,,,par_1_mtr_seq,001,2025-10-01_19h28.49.025,untitled,,2025.1.1,60.060060060065474,2025-10-01 19h29.00.343266 +0530,
50,c,122,2,30,c,1,0.8207986999999548,None,30,2,122,2,,,,,322.5957826,,322.57964920000006,322.5957826,323.57958010000004,323.57958010000004,323.57958010000004,323.57958010000004,323.5966995,324.57947250000007,324.57947250000007,325.41325760000007,c,1,0.8207986999999548,None,,,,,par_1_mtr_seq,001,2025-10-01_19h28.49.025,untitled,,2025.1.1,60.060060060065474,2025-10-01 19h29.00.343266 +0530,
-150,z,123,3,30,z,1,0.5508244999999761,None,30,3,123,3,,,,,325.4283851,,325.4137316,325.4283851,326.41219420000004,326.41219420000004,326.41219420000004,326.41219420000004,326.4294737,327.413006,327.413006,327.9798925,z,1,0.5508244999999761,None,,,,,par_1_mtr_seq,001,2025-10-01_19h28.49.025,untitled,,2025.1.1,60.060060060065474,2025-10-01 19h29.00.343266 +0530,
-50,x,124,0,31,x,1,0.7852395000001025,None,31,0,124,0,,,,,327.9957959000001,,327.9804156,327.9957959000001,328.9790732,328.9790732,328.9790732,328.9790732,328.9956919,329.9960909,329.9960909,330.79581340000004,x,1,0.7852395000001025,None,,,,,par_1_mtr_seq,001,2025-10-01_19h28.49.025,untitled,,2025.1.1,60.060060060065474,2025-10-01 19h29.00.343266 +0530,
150,v,125,1,31,v,1,0.37914569999998093,None,31,1,125,1,,,,,330.8120712,,330.79646420000006,330.8120712,331.7961024,331.7961024,331.7961024,331.7961024,331.8129953,332.796019,332.796019,333.18005300000004,v,1,0.37914569999998093,None,,,,,par_1_mtr_seq,001,2025-10-01_19h28.49.025,untitled,,2025.1.1,60.060060060065474,2025-10-01 19h29.00.343266 +0530,
50,c,126,2,31,c,1,0.645470400000022,None,31,2,126,2,,,,,333.19508440000004,,333.18063270000005,333.19508440000004,334.1791131,334.1791131,334.1791131,334.1791131,334.19603240000004,335.1961649,335.1961649,335.8461791,c,1,0.645470400000022,None,,,,,par_1_mtr_seq,001,2025-10-01_19h28.49.025,untitled,,2025.1.1,60.060060060065474,2025-10-01 19h29.00.343266 +0530,
-150,z,127,3,31,z,1,1.4195327999999563,None,31,3,127,3,,,,,335.86172750000003,,335.846642,335.86172750000003,336.8457928,336.8457928,336.8457928,336.8457928,336.86257050000006,337.8626846000001,337.8626846000001,339.2960332,z,1,1.4195327999999563,None,,,,,par_1_mtr_seq,001,2025-10-01_19h28.49.025,untitled,,2025.1.1,60.060060060065474,2025-10-01 19h29.00.343266 +0530,
-50,x,128,0,32,x,1,0.8614440000000059,None,32,0,128,0,,,,,339.31224050000003,,339.29650820000006,339.31224050000003,340.2960482,340.2960482,340.2960482,340.2960482,340.3126129,341.2951872,341.2951872,342.16330660000006,x,1,0.8614440000000059,None,,,,,par_1_mtr_seq,001,2025-10-01_19h28.49.025,untitled,,2025.1.1,60.060060060065474,2025-10-01 19h29.00.343266 +0530,
150,v,129,1,32,v,1,0.44501179999997476,None,32,1,129,1,,,,,342.17898650000006,,342.1637453000001,342.17898650000006,343.1626708,343.1626708,343.1626708,343.1626708,343.17898809999997,344.162875,344.162875,344.61330180000004,v,1,0.44501179999997476,None,,,,,par_1_mtr_seq,001,2025-10-01_19h28.49.025,untitled,,2025.1.1,60.060060060065474,2025-10-01 19h29.00.343266 +0530,
50,c,130,2,32,c,1,0.4292014999999765,None,32,2,130,2,,,,,344.6290901,,344.6137641,344.6290901,345.62982280000006,345.62982280000006,345.62982280000006,345.62982280000006,345.62982280000006,346.6122743000001,346.6122743000001,347.04597910000007,c,1,0.4292014999999765,None,,,,,par_1_mtr_seq,001,2025-10-01_19h28.49.025,untitled,,2025.1.1,60.060060060065474,2025-10-01 19h29.00.343266 +0530,
-150,z,131,3,32,z,1,0.5496224000000893,None,32,3,131,3,,,,,347.06182350000006,,347.046469,347.06182350000006,348.04592190000005,348.04592190000005,348.04592190000005,348.04592190000005,348.0625563,349.0461183,349.0461183,349.5966962,z,1,0.5496224000000893,None,,,,,par_1_mtr_seq,001,2025-10-01_19h28.49.025,untitled,,2025.1.1,60.060060060065474,2025-10-01 19h29.00.343266 +0530,
-50,x,132,0,33,x,1,0.5011246999999912,None,33,0,132,0,,,,,349.6118142,,349.5971939,349.6118142,350.61283260000005,350.61283260000005,350.61283260000005,350.61283260000005,350.61283260000005,351.6117684000001,351.6117684000001,352.1292174,x,1,0.5011246999999912,None,,,,,par_1_mtr_seq,001,2025-10-01_19h28.49.025,untitled,,2025.1.1,60.060060060065474,2025-10-01 19h29.00.343266 +0530,
150,v,133,1,33,v,1,0.367637899999977,None,33,1,133,1,,,,,352.14509929999997,,352.12971100000004,352.14509929999997,353.1286569,353.1286569,353.1286569,353.1286569,353.145122,354.12857470000006,354.12857470000006,354.5126153,v,1,0.367637899999977,None,,,,,par_1_mtr_seq,001,2025-10-01_19h28.49.025,untitled,,2025.1.1,60.060060060065474,2025-10-01 19h29.00.343266 +0530,
50,c,134,2,33,c,1,0.5004853000000367,None,33,2,134,2,,,,,354.52847710000003,,354.5131507,354.52847710000003,355.5118261,355.5118261,355.5118261,355.5118261,355.529495,356.51275870000006,356.51275870000006,357.02939230000004,c,1,0.5004853000000367,None,,,,,par_1_mtr_seq,001,2025-10-01_19h28.49.025,untitled,,2025.1.1,60.060060060065474,2025-10-01 19h29.00.343266 +0530,
-150,z,135,3,33,z,1,0.7559069000000136,None,33,3,135,3,,,,,357.0457079,,357.02994,357.0457079,358.0294334,358.0294334,358.0294334,358.0294334,358.0460581,359.02976090000004,359.02976090000004,359.7968092,z,1,0.7559069000000136,None,,,,,par_1_mtr_seq,001,2025-10-01_19h28.49.025,untitled,,2025.1.1,60.060060060065474,2025-10-01 19h29.00.343266 +0530,
-50,x,136,0,34,x,1,0.6426996000000145,None,34,0,136,0,,,,,359.8129616,,359.79735519999997,359.8129616,360.8128497,360.8128497,360.8128497,360.8128497,360.8128497,361.7958963,361.7958963,362.446868,x,1,0.6426996000000145,None,,,,,par_1_mtr_seq,001,2025-10-01_19h28.49.025,untitled,,2025.1.1,60.060060060065474,2025-10-01 19h29.00.343266 +0530,
150,v,137,1,34,v,1,1.2738464999999906,None,34,1,137,1,,,,,362.46245010000007,,362.44738540000003,362.46245010000007,363.4623465000001,363.4623465000001,363.4623465000001,363.4623465000001,363.4623465000001,364.44626400000004,364.44626400000004,365.7296236000001,v,1,1.2738464999999906,None,,,,,par_1_mtr_seq,001,2025-10-01_19h28.49.025,untitled,,2025.1.1,60.060060060065474,2025-10-01 19h29.00.343266 +0530,
50,c,138,2,34,c,1,0.5636716999999862,None,34,2,138,2,,,,,365.74536610000007,,365.7303431,365.74536610000007,366.7298141,366.7298141,366.7298141,366.7298141,366.7460530000001,367.7293221,367.7293221,368.2970240000001,c,1,0.5636716999999862,None,,,,,par_1_mtr_seq,001,2025-10-01_19h28.49.025,untitled,,2025.1.1,60.060060060065474,2025-10-01 19h29.00.343266 +0530,
-150,z,139,3,34,z,1,0.5255544999999984,None,34,3,139,3,,,,,368.31233440000005,,368.29750390000004,368.31233440000005,369.3120778,369.3120778,369.3120778,369.3120778,369.3120778,370.312085,370.312085,370.8462416,z,1,0.5255544999999984,None,,,,,par_1_mtr_seq,001,2025-10-01_19h28.49.025,untitled,,2025.1.1,60.060060060065474,2025-10-01 19h29.00.343266 +0530,
-50,x,140,0,35,x,1,0.6059884999999667,None,35,0,140,0,,,,,370.86194780000005,,370.8467257,370.86194780000005,371.8619628,371.8619628,371.8619628,371.8619628,371.8619628,372.8627448,372.8627448,373.48012040000003,x,1,0.6059884999999667,None,,,,,par_1_mtr_seq,001,2025-10-01_19h28.49.025,untitled,,2025.1.1,60.060060060065474,2025-10-01 19h29.00.343266 +0530,
150,v,141,1,35,v,1,0.2592518999999811,None,35,1,141,1,,,,,373.49535420000007,,373.48059920000003,373.49535420000007,374.4953975000001,374.4953975000001,374.4953975000001,374.4953975000001,374.4953975000001,375.47957940000003,375.47957940000003,375.7467842,v,1,0.2592518999999811,None,,,,,par_1_mtr_seq,001,2025-10-01_19h28.49.025,untitled,,2025.1.1,60.060060060065474,2025-10-01 19h29.00.343266 +0530,
50,c,142,2,35,c,1,0.643842100000029,None,35,2,142,2,,,,,375.7621437,,375.74728830000004,375.7621437,376.7461256,376.7461256,376.7461256,376.7461256,376.7627655,377.7463417,377.7463417,378.39701390000005,c,1,0.643842100000029,None,,,,,par_1_mtr_seq,001,2025-10-01_19h28.49.025,untitled,,2025.1.1,60.060060060065474,2025-10-01 19h29.00.343266 +0530,
-150,z,143,3,35,z,1,0.45973670000000766,None,35,3,143,3,,,,,378.412831,,378.3974898,378.412831,379.4128316,379.4128316,379.4128316,379.4128316,379.4128316,380.4127598,380.4127598,380.88036910000005,z,1,0.45973670000000766,None,,,,,par_1_mtr_seq,001,2025-10-01_19h28.49.025,untitled,,2025.1.1,60.060060060065474,2025-10-01 19h29.00.343266 +0530,
-50,x,144,0,36,x,1,0.6006438000000571,None,36,0,144,0,,,,,380.89535980000005,,380.8809514000001,380.89535980000005,381.8794756,381.8794756,381.8794756,381.8794756,381.8960932,382.8962219,382.8962219,383.5131096,x,1,0.6006438000000571,None,,,,,par_1_mtr_seq,001,2025-10-01_19h28.49.025,untitled,,2025.1.1,60.060060060065474,2025-10-01 19h29.00.343266 +0530,
150,v,145,1,36,v,1,0.3054149999999254,None,36,1,145,1,,,,,383.5299139,,383.5136583,383.5299139,384.5299844,384.5299844,384.5299844,384.5299844,384.5460135000001,385.5132463,385.5132463,385.8294771000001,v,1,0.3054149999999254,None,,,,,par_1_mtr_seq,001,2025-10-01_19h28.49.025,untitled,,2025.1.1,60.060060060065474,2025-10-01 19h29.00.343266 +0530,
50,c,146,2,36,c,1,0.4179649000000154,None,36,2,146,2,,,,,385.8463888,,385.8300497,385.8463888,386.82994270000006,386.82994270000006,386.82994270000006,386.82994270000006,386.8463865,387.8294029,387.8294029,388.2632791,c,1,0.4179649000000154,None,,,,,par_1_mtr_seq,001,2025-10-01_19h28.49.025,untitled,,2025.1.1,60.060060060065474,2025-10-01 19h29.00.343266 +0530,
-150,z,147,3,36,z,1,0.7242892000000438,None,36,3,147,3,,,,,388.27935560000003,,388.26382290000004,388.27935560000003,389.2621825,389.2621825,389.2621825,389.2621825,389.2802007,390.2790686000001,390.2790686000001,391.0134869,z,1,0.7242892000000438,None,,,,,par_1_mtr_seq,001,2025-10-01_19h28.49.025,untitled,,2025.1.1,60.060060060065474,2025-10-01 19h29.00.343266 +0530,
-50,x,148,0,37,x,1,0.6649461999999176,None,37,0,148,0,,,,,391.0292777000001,,391.01395990000003,391.0292777000001,392.01305420000006,392.01305420000006,392.01305420000006,392.01305420000006,392.02998279999997,393.0122527,393.0122527,393.68011120000006,x,1,0.6649461999999176,None,,,,,par_1_mtr_seq,001,2025-10-01_19h28.49.025,untitled,,2025.1.1,60.060060060065474,2025-10-01 19h29.00.343266 +0530,
150,v,149,1,37,v,1,0.40680410000004485,None,37,1,149,1,,,,,393.69518860000005,,393.68058210000004,393.69518860000005,394.6795228,394.6795228,394.6795228,394.6795228,394.69591290000005,395.6960700000001,395.6960700000001,396.11362670000005,v,1,0.40680410000004485,None,,,,,par_1_mtr_seq,001,2025-10-01_19h28.49.025,untitled,,2025.1.1,60.060060060065474,2025-10-01 19h29.00.343266 +0530,
50,c,150,2,37,c,1,0.5550276999999824,None,37,2,150,2,,,,,396.1288023000001,,396.11412740000003,396.1288023000001,397.13024100000007,397.13024100000007,397.13024100000007,397.13024100000007,397.13024100000007,398.12901380000005,398.12901380000005,398.6968051,c,1,0.5550276999999824,None,,,,,par_1_mtr_seq,001,2025-10-01_19h28.49.025,untitled,,2025.1.1,60.060060060065474,2025-10-01 19h29.00.343266 +0530,
-150,z,151,3,37,z,1,0.47272899999995843,None,37,3,151,3,,,,,398.7129196000001,,398.69728250000003,398.7129196000001,399.6965218,399.6965218,399.6965218,399.6965218,399.713033,400.696462,400.696462,401.1804819,z,1,0.47272899999995843,None,,,,,par_1_mtr_seq,001,2025-10-01_19h28.49.025,untitled,,2025.1.1,60.060060060065474,2025-10-01 19h29.00.343266 +0530,
-50,x,152,0,38,x,1,1.0725800000000163,None,38,0,152,0,,,,,401.19553510000003,,401.18096760000003,401.19553510000003,402.17984750000005,402.17984750000005,402.17984750000005,402.17984750000005,402.19576830000005,403.1967609000001,403.1967609000001,404.2794903,x,1,1.0725800000000163,None,,,,,par_1_mtr_seq,001,2025-10-01_19h28.49.025,untitled,,2025.1.1,60.060060060065474,2025-10-01 19h29.00.343266 +0530,
150,v,153,1,38,v,1,0.9797585999999683,None,38,1,153,1,,,,,404.2956636,,404.279987,404.2956636,405.27875370000004,405.27875370000004,405.27875370000004,405.27875370000004,405.29668130000005,406.2796956000001,406.2796956000001,407.2633052,v,1,0.9797585999999683,None,,,,,par_1_mtr_seq,001,2025-10-01_19h28.49.025,untitled,,2025.1.1,60.060060060065474,2025-10-01 19h29.00.343266 +0530,
50,c,154,2,38,c,1,0.4737334000000146,None,38,2,154,2,,,,,407.2787968,,407.2637416,407.2787968,408.26300590000005,408.26300590000005,408.26300590000005,408.26300590000005,408.27950780000003,409.26254570000003,409.26254570000003,409.7460473,c,1,0.4737334000000146,None,,,,,par_1_mtr_seq,001,2025-10-01_19h28.49.025,untitled,,2025.1.1,60.060060060065474,2025-10-01 19h29.00.343266 +0530,
-150,z,155,3,38,z,1,0.8689193000000159,None,38,3,155,3,,,,,409.7623258,,409.74647649999997,409.7623258,410.74613020000004,410.74613020000004,410.74613020000004,410.74613020000004,410.7632515,411.7460151,411.7460151,412.6296773,z,1,0.8689193000000159,None,,,,,par_1_mtr_seq,001,2025-10-01_19h28.49.025,untitled,,2025.1.1,60.060060060065474,2025-10-01 19h29.00.343266 +0530,
-50,x,156,0,39,c,0,0.6485023000000183,None,39,0,156,0,,,,,412.6458423,,412.63017130000003,412.6458423,413.62954820000004,413.62954820000004,413.62954820000004,413.62954820000004,413.6461597,414.6290643,414.6290643,415.28007,c,0,0.6485023000000183,None,,,,,par_1_mtr_seq,001,2025-10-01_19h28.49.025,untitled,,2025.1.1,60.060060060065474,2025-10-01 19h29.00.343266 +0530,
150,v,157,1,39,v,1,0.37432730000000447,None,39,1,157,1,,,,,415.2958209000001,,415.28084309999997,415.2958209000001,416.2957477,416.2957477,416.2957477,416.2957477,416.2957477,417.29546860000005,417.29546860000005,417.6784814,v,1,0.37432730000000447,None,,,,,par_1_mtr_seq,001,2025-10-01_19h28.49.025,untitled,,2025.1.1,60.060060060065474,2025-10-01 19h29.00.343266 +0530,
50,c,158,2,39,c,1,0.5527004000000488,None,39,2,158,2,,,,,417.6946074,,417.6788736,417.6946074,418.6944526,418.6944526,418.6944526,418.6944526,418.6944526,419.6942993,419.6942993,420.2629403000001,c,1,0.5527004000000488,None,,,,,par_1_mtr_seq,001,2025-10-01_19h28.49.025,untitled,,2025.1.1,60.060060060065474,2025-10-01 19h29.00.343266 +0530,
-150,z,159,3,39,z,1,0.4752200000000357,None,39,3,159,3,,,,,420.2796241,,420.2633774000001,420.2796241,421.2622673000001,421.2622673000001,421.2622673000001,421.2622673000001,421.2788411,422.26234880000004,422.26234880000004,422.746393,z,1,0.4752200000000357,None,,,,,par_1_mtr_seq,001,2025-10-01_19h28.49.025,untitled,,2025.1.1,60.060060060065474,2025-10-01 19h29.00.343266 +0530,
-50,x,160,0,40,x,1,0.47873560000005,None,40,0,160,0,,,,,422.762205,,422.74687570000003,422.762205,423.7465075,423.7465075,423.7465075,423.7465075,423.76316970000005,424.7465972,424.7465972,425.2313242,x,1,0.47873560000005,None,,,,,par_1_mtr_seq,001,2025-10-01_19h28.49.025,untitled,,2025.1.1,60.060060060065474,2025-10-01 19h29.00.343266 +0530,
150,v,161,1,40,v,1,0.41671899999994366,None,40,1,161,1,,,,,425.24613910000005,,425.23180560000003,425.24613910000005,426.2472835,426.2472835,426.2472835,426.2472835,426.2472835,427.2462111,427.2462111,427.6638821,v,1,0.41671899999994366,None,,,,,par_1_mtr_seq,001,2025-10-01_19h28.49.025,untitled,,2025.1.1,60.060060060065474,2025-10-01 19h29.00.343266 +0530,
50,c,162,2,40,c,1,0.5429444000000103,None,40,2,162,2,,,,,427.6794927000001,,427.6643574,427.6794927000001,428.67975980000006,428.67975980000006,428.67975980000006,428.67975980000006,428.67975980000006,429.6803595,429.6803595,430.2306128,c,1,0.5429444000000103,None,,,,,par_1_mtr_seq,001,2025-10-01_19h28.49.025,untitled,,2025.1.1,60.060060060065474,2025-10-01 19h29.00.343266 +0530,
-150,z,163,3,40,z,1,0.39637340000001586,None,40,3,163,3,,,,,430.2465033,,430.23108990000003,430.2465033,431.2466259,431.2466259,431.2466259,431.2466259,431.2466259,432.2462813000001,432.2462813000001,432.6476966,z,1,0.39637340000001586,None,,,,,par_1_mtr_seq,001,2025-10-01_19h28.49.025,untitled,,2025.1.1,60.060060060065474,2025-10-01 19h29.00.343266 +0530,
-50,x,164,0,41,x,1,0.518286900000021,None,41,0,164,0,,,,,432.66255090000004,,432.6482093000001,432.66255090000004,433.6633987,433.6633987,433.6633987,433.6633987,433.6633987,434.6622251,434.6622251,435.1969994,x,1,0.518286900000021,None,,,,,par_1_mtr_seq,001,2025-10-01_19h28.49.025,untitled,,2025.1.1,60.060060060065474,2025-10-01 19h29.00.343266 +0530,
150,v,165,1,41,v,1,0.5310696000000235,None,41,1,165,1,,,,,435.2121231,,435.19749120000006,435.2121231,436.21310260000007,436.21310260000007,436.21310260000007,436.21310260000007,436.21310260000007,437.1965107,437.1965107,437.7304068000001,v,1,0.5310696000000235,None,,,,,par_1_mtr_seq,001,2025-10-01_19h28.49.025,untitled,,2025.1.1,60.060060060065474,2025-10-01 19h29.00.343266 +0530,
50,c,166,2,41,c,1,0.6998370000000023,None,41,2,166,2,,,,,437.7461213,,437.73089330000005,437.7461213,438.7297592,438.7297592,438.7297592,438.7297592,438.7455963,439.7316091,439.7316091,440.4473041,c,1,0.6998370000000023,None,,,,,par_1_mtr_seq,001,2025-10-01_19h28.49.025,untitled,,2025.1.1,60.060060060065474,2025-10-01 19h29.00.343266 +0530,
-150,z,167,3,41,z,1,0.6053984999999784,None,41,3,167,3,,,,,440.4631269,,440.44787870000005,440.4631269,441.446651,441.446651,441.446651,441.446651,441.4631544,442.4473143,442.4473143,443.06364270000006,z,1,0.6053984999999784,None,,,,,par_1_mtr_seq,001,2025-10-01_19h28.49.025,untitled,,2025.1.1,60.060060060065474,2025-10-01 19h29.00.343266 +0530,
-50,x,168,0,42,x,1,0.8992100000000391,None,42,0,168,0,,,,,443.0802863,,443.0641346,443.0802863,444.0634375000001,444.0634375000001,444.0634375000001,444.0634375000001,444.08032720000006,445.06301900000005,445.06301900000005,445.964932,x,1,0.8992100000000391,None,,,,,par_1_mtr_seq,001,2025-10-01_19h28.49.025,untitled,,2025.1.1,60.060060060065474,2025-10-01 19h29.00.343266 +0530,
150,v,169,1,42,v,1,0.35033310000005713,None,42,1,169,1,,,,,445.98013130000004,,445.9654084,445.98013130000004,446.9796623,446.9796623,446.9796623,446.9796623,446.9967313000001,447.97979280000004,447.97979280000004,448.3311062,v,1,0.35033310000005713,None,,,,,par_1_mtr_seq,001,2025-10-01_19h28.49.025,untitled,,2025.1.1,60.060060060065474,2025-10-01 19h29.00.343266 +0530,
50,c,170,2,42,c,1,0.45874880000008034,None,42,2,170,2,,,,,448.3456477,,448.3315871,448.3456477,449.34658780000007,449.34658780000007,449.34658780000007,449.34658780000007,449.34658780000007,450.3461936,450.3461936,450.8144386,c,1,0.45874880000008034,None,,,,,par_1_mtr_seq,001,2025-10-01_19h28.49.025,untitled,,2025.1.1,60.060060060065474,2025-10-01 19h29.00.343266 +0530,
-150,z,171,3,42,z,1,0.36684760000002825,None,42,3,171,3,,,,,450.82913440000004,,450.8149188,450.82913440000004,451.82988190000003,451.82988190000003,451.82988190000003,451.82988190000003,451.82988190000003,452.82893820000004,452.82893820000004,453.1965137000001,z,1,0.36684760000002825,None,,,,,par_1_mtr_seq,001,2025-10-01_19h28.49.025,untitled,,2025.1.1,60.060060060065474,2025-10-01 19h29.00.343266 +0530,
-50,x,172,0,43,x,1,0.3864052999999785,None,43,0,172,0,,,,,453.2132286,,453.19700420000004,453.2132286,454.1957975,454.1957975,454.1957975,454.1957975,454.2123722,455.19706080000003,455.19706080000003,455.59511240000006,x,1,0.3864052999999785,None,,,,,par_1_mtr_seq,001,2025-10-01_19h28.49.025,untitled,,2025.1.1,60.060060060065474,2025-10-01 19h29.00.343266 +0530,
150,v,173,1,43,v,1,0.46293610000009267,None,43,1,173,1,,,,,455.6112825,,455.59552900000006,455.6112825,456.59417140000005,456.59417140000005,456.59417140000005,456.59417140000005,456.6108732,457.59573580000006,457.59573580000006,458.0650627,v,1,0.46293610000009267,None,,,,,par_1_mtr_seq,001,2025-10-01_19h28.49.025,untitled,,2025.1.1,60.060060060065474,2025-10-01 19h29.00.343266 +0530,
50,c,174,2,43,c,1,0.27713619999997263,None,43,2,174,2,,,,,458.0794028,,458.06576770000004,458.0794028,459.0791300000001,459.0791300000001,459.0791300000001,459.0791300000001,459.0791300000001,460.080513,460.080513,460.36371510000004,c,1,0.27713619999997263,None,,,,,par_1_mtr_seq,001,2025-10-01_19h28.49.025,untitled,,2025.1.1,60.060060060065474,2025-10-01 19h29.00.343266 +0530,
-150,z,175,3,43,z,1,0.5388269999999693,None,43,3,175,3,,,,,460.3790662,,460.36419090000004,460.3790662,461.36253780000004,461.36253780000004,461.36253780000004,461.36253780000004,461.37978210000006,462.37981520000005,462.37981520000005,462.9303742000001,z,1,0.5388269999999693,None,,,,,par_1_mtr_seq,001,2025-10-01_19h28.49.025,untitled,,2025.1.1,60.060060060065474,2025-10-01 19h29.00.343266 +0530,
-50,x,176,0,44,x,1,0.6639948000000686,None,44,0,176,0,,,,,462.94588410000006,,462.9308055,462.94588410000006,463.92973140000004,463.92973140000004,463.92973140000004,463.92973140000004,463.9470509,464.94669880000004,464.94669880000004,465.61448600000006,x,1,0.6639948000000686,None,,,,,par_1_mtr_seq,001,2025-10-01_19h28.49.025,untitled,,2025.1.1,60.060060060065474,2025-10-01 19h29.00.343266 +0530,
150,v,177,1,44,v,1,0.5012491999999611,None,44,1,177,1,,,,,465.6299733000001,,465.61499790000005,465.6299733000001,466.61344510000004,466.61344510000004,466.61344510000004,466.61344510000004,466.6297833,467.61316020000004,467.61316020000004,468.129779,v,1,0.5012491999999611,None,,,,,par_1_mtr_seq,001,2025-10-01_19h28.49.025,untitled,,2025.1.1,60.060060060065474,2025-10-01 19h29.00.343266 +0530,
50,c,178,2,44,c,1,1.282403600000066,None,44,2,178,2,,,,,468.14658740000004,,468.13025560000005,468.14658740000004,469.12928110000007,469.12928110000007,469.12928110000007,469.12928110000007,469.14626640000006,470.1290574000001,470.1290574000001,471.4139881,c,1,1.282403600000066,None,,,,,par_1_mtr_seq,001,2025-10-01_19h28.49.025,untitled,,2025.1.1,60.060060060065474,2025-10-01 19h29.00.343266 +0530,
-150,z,179,3,44,z,1,0.7173608000000513,None,44,3,179,3,,,,,471.42927640000005,,471.4144610000001,471.42927640000005,472.429524,472.429524,472.429524,472.429524,472.429524,473.41383310000003,473.41383310000003,474.148139,z,1,0.7173608000000513,None,,,,,par_1_mtr_seq,001,2025-10-01_19h28.49.025,untitled,,2025.1.1,60.060060060065474,2025-10-01 19h29.00.343266 +0530,
-50,x,180,0,45,x,1,1.2346617999999125,None,45,0,180,0,,,,,474.1624254000001,,474.14861800000006,474.1624254000001,475.16306440000005,475.16306440000005,475.16306440000005,475.16306440000005,475.16306440000005,476.16338700000006,476.16338700000006,477.41421160000004,x,1,1.2346617999999125,None,,,,,par_1_mtr_seq,001,2025-10-01_19h28.49.025,untitled,,2025.1.1,60.060060060065474,2025-10-01 19h29.00.343266 +0530,
150,v,181,1,45,v,1,0.5717240999999831,None,45,1,181,1,,,,,477.4300849,,477.41474370000003,477.4300849,478.41311410000003,478.41311410000003,478.41311410000003,478.41311410000003,478.43042620000006,479.42998020000005,479.42998020000005,480.0136142,v,1,0.5717240999999831,None,,,,,par_1_mtr_seq,001,2025-10-01_19h28.49.025,untitled,,2025.1.1,60.060060060065474,2025-10-01 19h29.00.343266 +0530,
50,c,182,2,45,c,1,0.7725226999999677,None,45,2,182,2,,,,,480.029232,,480.0141125,480.029232,481.0137578,481.0137578,481.0137578,481.0137578,481.0304542,482.0130762,482.0130762,482.799656,c,1,0.7725226999999677,None,,,,,par_1_mtr_seq,001,2025-10-01_19h28.49.025,untitled,,2025.1.1,60.060060060065474,2025-10-01 19h29.00.343266 +0530,
-150,z,183,3,45,c,0,0.4330984000000626,None,45,3,183,3,,,,,482.81486259999997,,482.80052550000005,482.81486259999997,483.8130517000001,483.8130517000001,483.8130517000001,483.8130517000001,483.82918040000004,484.8130942,484.8130942,485.2475873000001,c,0,0.4330984000000626,None,,,,,par_1_mtr_seq,001,2025-10-01_19h28.49.025,untitled,,2025.1.1,60.060060060065474,2025-10-01 19h29.00.343266 +0530,
-50,x,184,0,46,x,1,1.0925072,None,46,0,184,0,,,,,485.2630993,,485.24806750000005,485.2630993,486.2634607,486.2634607,486.2634607,486.2634607,486.2634607,487.26326770000003,487.26326770000003,488.36338850000004,x,1,1.0925072,None,,,,,par_1_mtr_seq,001,2025-10-01_19h28.49.025,untitled,,2025.1.1,60.060060060065474,2025-10-01 19h29.00.343266 +0530,
150,v,185,1,46,v,1,0.40946420000000217,None,46,1,185,1,,,,,488.379326,,488.3639472,488.379326,489.36397750000003,489.36397750000003,489.36397750000003,489.36397750000003,489.3802332,490.3631974,490.3631974,490.78007390000005,v,1,0.40946420000000217,None,,,,,par_1_mtr_seq,001,2025-10-01_19h28.49.025,untitled,,2025.1.1,60.060060060065474,2025-10-01 19h29.00.343266 +0530,
50,c,186,2,46,c,1,1.4394840999999587,None,46,2,186,2,,,,,490.7960358,,490.7806243,490.7960358,491.7792928,491.7792928,491.7792928,491.7792928,491.7967694,492.7792471,492.7792471,494.2307148,c,1,1.4394840999999587,None,,,,,par_1_mtr_seq,001,2025-10-01_19h28.49.025,untitled,,2025.1.1,60.060060060065474,2025-10-01 19h29.00.343266 +0530,
-150,z,187,3,46,z,1,0.44541479999998046,None,46,3,187,3,,,,,494.24589760000003,,494.23118680000005,494.24589760000003,495.22988010000006,495.22988010000006,495.22988010000006,495.22988010000006,495.24728730000004,496.22988150000003,496.22988150000003,496.6802157000001,z,1,0.44541479999998046,None,,,,,par_1_mtr_seq,001,2025-10-01_19h28.49.025,untitled,,2025.1.1,60.060060060065474,2025-10-01 19h29.00.343266 +0530,
-50,x,188,0,47,x,1,0.623638700000015,None,47,0,188,0,,,,,496.6961307,,496.6810649,496.6961307,497.69697070000007,497.69697070000007,497.69697070000007,497.69697070000007,497.69697070000007,498.68010019999997,498.68010019999997,499.3141975,x,1,0.623638700000015,None,,,,,par_1_mtr_seq,001,2025-10-01_19h28.49.025,untitled,,2025.1.1,60.060060060065474,2025-10-01 19h29.00.343266 +0530,
150,v,189,1,47,v,1,0.37592029999996157,None,47,1,189,1,,,,,499.3292579,,499.3148239000001,499.3292579,500.3131062,500.3131062,500.3131062,500.3131062,500.3303697,501.3131756,501.3131756,501.6979784,v,1,0.37592029999996157,None,,,,,par_1_mtr_seq,001,2025-10-01_19h28.49.025,untitled,,2025.1.1,60.060060060065474,2025-10-01 19h29.00.343266 +0530,
50,c,190,2,47,c,1,0.6968772999999828,None,47,2,190,2,,,,,501.71326220000003,,501.69845870000006,501.71326220000003,502.7136656,502.7136656,502.7136656,502.7136656,502.7136656,503.71355470000003,503.71355470000003,504.4148392000001,c,1,0.6968772999999828,None,,,,,par_1_mtr_seq,001,2025-10-01_19h28.49.025,untitled,,2025.1.1,60.060060060065474,2025-10-01 19h29.00.343266 +0530,
-150,z,191,3,47,z,1,0.814011599999958,None,47,3,191,3,,,,,504.4305067,,504.41531370000007,504.4305067,505.42980020000005,505.42980020000005,505.42980020000005,505.42980020000005,505.42980020000005,506.4308644,506.4308644,507.2478090000001,z,1,0.814011599999958,None,,,,,par_1_mtr_seq,001,2025-10-01_19h28.49.025,untitled,,2025.1.1,60.060060060065474,2025-10-01 19h29.00.343266 +0530,
-50,x,192,0,48,v,0,0.36795570000003863,None,48,0,192,0,,,,,507.26301580000006,,507.24828160000004,507.26301580000006,508.24736770000004,508.24736770000004,508.24736770000004,508.24736770000004,508.26448800000003,509.26424670000006,509.26424670000006,509.6483879,v,0,0.36795570000003863,None,,,,,par_1_mtr_seq,001,2025-10-01_19h28.49.025,untitled,,2025.1.1,60.060060060065474,2025-10-01 19h29.00.343266 +0530,
150,v,193,1,48,v,1,0.4365885999999364,None,48,1,193,1,,,,,509.66406430000006,,509.648993,509.66406430000006,510.6636907000001,510.6636907000001,510.6636907000001,510.6636907000001,510.6799075,511.66346380000005,511.66346380000005,512.114679,v,1,0.4365885999999364,None,,,,,par_1_mtr_seq,001,2025-10-01_19h28.49.025,untitled,,2025.1.1,60.060060060065474,2025-10-01 19h29.00.343266 +0530,
50,c,194,2,48,c,1,0.6805832000000009,None,48,2,194,2,,,,,512.1293554,,512.1151599,512.1293554,513.1308475000001,513.1308475000001,513.1308475000001,513.1308475000001,513.1308475000001,514.1308002000001,514.1308002000001,514.8142623,c,1,0.6805832000000009,None,,,,,par_1_mtr_seq,001,2025-10-01_19h28.49.025,untitled,,2025.1.1,60.060060060065474,2025-10-01 19h29.00.343266 +0530,
-150,z,195,3,48,z,1,0.5936640000001034,None,48,3,195,3,,,,,514.8292745,,514.8147172,514.8292745,515.8142666,515.8142666,515.8142666,515.8142666,515.8311729000001,516.8140456,516.8140456,517.4137454,z,1,0.5936640000001034,None,,,,,par_1_mtr_seq,001,2025-10-01_19h28.49.025,untitled,,2025.1.1,60.060060060065474,2025-10-01 19h29.00.343266 +0530,
-50,x,196,0,49,x,1,0.9796476999999868,None,49,0,196,0,,,,,517.4294001000001,,517.4143925000001,517.4294001000001,518.4294031000001,518.4294031000001,518.4294031000001,518.4294031000001,518.4294031000001,519.4146905,519.4146905,520.3957984,x,1,0.9796476999999868,None,,,,,par_1_mtr_seq,001,2025-10-01_19h28.49.025,untitled,,2025.1.1,60.060060060065474,2025-10-01 19h29.00.343266 +0530,
150,v,197,1,49,v,1,0.5207988999999316,None,49,1,197,1,,,,,520.4119498,,520.3962548000001,520.4119498,521.4123315,521.4123315,521.4123315,521.4123315,521.4123315,522.3959952,522.3959952,522.9302266000001,v,1,0.5207988999999316,None,,,,,par_1_mtr_seq,001,2025-10-01_19h28.49.025,untitled,,2025.1.1,60.060060060065474,2025-10-01 19h29.00.343266 +0530,
50,c,198,2,49,c,1,0.5447110999999722,None,49,2,198,2,,,,,522.9459204,,522.9307825000001,522.9459204,523.9304598,523.9304598,523.9304598,523.9304598,523.9467569000001,524.9306826000001,524.9306826000001,525.4810698,c,1,0.5447110999999722,None,,,,,par_1_mtr_seq,001,2025-10-01_19h28.49.025,untitled,,2025.1.1,60.060060060065474,2025-10-01 19h29.00.343266 +0530,
-150,z,199,3,49,z,1,0.49669200000016644,None,49,3,199,3,,,,,525.4968979,,525.4816553,525.4968979,526.4952003000001,526.4952003000001,526.4952003000001,526.4952003000001,526.5115061000001,527.4961899,527.4961899,527.9970294,z,1,0.49669200000016644,None,,,,,par_1_mtr_seq,001,2025-10-01_19h28.49.025,untitled,,2025.1.1,60.060060060065474,2025-10-01 19h29.00.343266 +0530,
-150,z,0,0,0,z,1,0.6076571999999487,None,,,,,0,0,0,3,528.0485297,,528.0385096,528.0485297,528.9961983000001,528.9961983000001,528.9961983000001,528.9961983000001,529.0631912000001,529.9968091000001,529.9968091000001,530.6139705,,,,,z,1,0.6076571999999487,None,par_1_mtr_seq,001,2025-10-01_19h28.49.025,untitled,,2025.1.1,60.060060060065474,2025-10-01 19h29.00.343266 +0530,
150,v,1,1,0,v,1,0.34433739999985846,None,,,,,0,1,1,1,530.6295198,,530.6144283000001,530.6295198,531.6128994999999,531.6128994999999,531.6128994999999,531.6128994999999,531.6293802,532.6131237,532.6131237,532.9647934,,,,,v,1,0.34433739999985846,None,par_1_mtr_seq,001,2025-10-01_19h28.49.025,untitled,,2025.1.1,60.060060060065474,2025-10-01 19h29.00.343266 +0530,
-50,x,2,2,0,x,1,0.558809999999994,None,,,,,0,2,2,0,532.9798286,,532.9652748999999,532.9798286,533.980024,533.980024,533.980024,533.980024,533.980024,534.9799548000001,534.9799548000001,535.5468680000001,,,,,x,1,0.558809999999994,None,par_1_mtr_seq,001,2025-10-01_19h28.49.025,untitled,,2025.1.1,60.060060060065474,2025-10-01 19h29.00.343266 +0530,
50,c,3,3,0,v,0,0.4009005000000343,None,,,,,0,3,3,2,535.5628825000001,,535.5473718999999,535.5628825000001,536.5471134,536.5471134,536.5471134,536.5471134,536.5638704,537.5469413999999,537.5469413999999,537.964379,,,,,v,0,0.4009005000000343,None,par_1_mtr_seq,001,2025-10-01_19h28.49.025,untitled,,2025.1.1,60.060060060065474,2025-10-01 19h29.00.343266 +0530,
-50,x,4,0,1,x,1,0.6629897000000256,None,,,,,1,0,4,0,537.9809462000001,,537.9648731,537.9809462000001,538.9636194,538.9636194,538.9636194,538.9636194,538.9802299,539.9641275000001,539.9641275000001,540.6306065000001,,,,,x,1,0.6629897000000256,None,par_1_mtr_seq,001,2025-10-01_19h28.49.025,untitled,,2025.1.1,60.060060060065474,2025-10-01 19h29.00.343266 +0530,
-150,z,5,1,1,z,1,0.8666119999998045,None,,,,,1,1,5,3,540.6462191,,540.631151,540.6462191,541.6305171000001,541.6305171000001,541.6305171000001,541.6305171000001,541.6462488,542.629418,542.629418,543.4979184000001,,,,,z,1,0.8666119999998045,None,par_1_mtr_seq,001,2025-10-01_19h28.49.025,untitled,,2025.1.1,60.060060060065474,2025-10-01 19h29.00.343266 +0530,
50,c,6,2,1,v,0,1.1767706000000544,None,,,,,1,2,6,2,543.5133786000001,,543.4984003,543.5133786000001,544.5132636999999,544.5132636999999,544.5132636999999,544.5132636999999,544.5132636999999,545.4964067999999,545.4964067999999,546.6801525000001,,,,,v,0,1.1767706000000544,None,par_1_mtr_seq,001,2025-10-01_19h28.49.025,untitled,,2025.1.1,60.060060060065474,2025-10-01 19h29.00.343266 +0530,
150,v,7,3,1,v,1,0.5510229999999865,None,,,,,1,3,7,1,546.6967999999999,,546.680599,546.6967999999999,547.6794823,547.6794823,547.6794823,547.6794823,547.696142,548.6797217999999,548.6797217999999,549.2470148,,,,,v,1,0.5510229999999865,None,par_1_mtr_seq,001,2025-10-01_19h28.49.025,untitled,,2025.1.1,60.060060060065474,2025-10-01 19h29.00.343266 +0530,
-50,x,8,0,2,x,1,0.8301174000000628,None,,,,,2,0,8,0,549.2633516999999,,549.2475248999999,549.2633516999999,550.2472335,550.2472335,550.2472335,550.2472335,550.2638349000001,551.2469373000001,551.2469373000001,552.0808496,,,,,x,1,0.8301174000000628,None,par_1_mtr_seq,001,2025-10-01_19h28.49.025,untitled,,2025.1.1,60.060060060065474,2025-10-01 19h29.00.343266 +0530,
-150,z,9,1,2,z,1,1.0972507999999834,None,,,,,2,1,9,3,552.0962154000001,,552.0812920000001,552.0962154000001,553.0966447999999,553.0966447999999,553.0966447999999,553.0966447999999,553.0966447999999,554.0802243,554.0802243,555.1802732000001,,,,,z,1,1.0972507999999834,None,par_1_mtr_seq,001,2025-10-01_19h28.49.025,untitled,,2025.1.1,60.060060060065474,2025-10-01 19h29.00.343266 +0530,
150,v,10,2,2,v,1,0.3776176999999734,None,,,,,2,2,10,1,555.1962885,,555.1809536999999,555.1962885,556.1812067000001,556.1812067000001,556.1812067000001,556.1812067000001,556.1973353000001,557.1801408000001,557.1801408000001,557.5642518,,,,,v,1,0.3776176999999734,None,par_1_mtr_seq,001,2025-10-01_19h28.49.025,untitled,,2025.1.1,60.060060060065474,2025-10-01 19h29.00.343266 +0530,
50,c,11,3,2,c,1,0.6153474000000188,None,,,,,2,3,11,2,557.5797050000001,,557.5647215000001,557.5797050000001,558.5629341000001,558.5629341000001,558.5629341000001,558.5629341000001,558.5794719,559.5806547,559.5806547,560.1973834,,,,,c,1,0.6153474000000188,None,par_1_mtr_seq,001,2025-10-01_19h28.49.025,untitled,,2025.1.1,60.060060060065474,2025-10-01 19h29.00.343266 +0530,
-50,x,12,0,3,x,1,0.5782951999999568,None,,,,,3,0,12,0,560.2127806000001,,560.1978847,560.2127806000001,561.1972082,561.1972082,561.1972082,561.1972082,561.2139322,562.1962307000001,562.1962307000001,562.7808132,,,,,x,1,0.5782951999999568,None,par_1_mtr_seq,001,2025-10-01_19h28.49.025,untitled,,2025.1.1,60.060060060065474,2025-10-01 19h29.00.343266 +0530,
150,v,13,1,3,v,1,1.831459300000006,None,,,,,3,1,13,1,562.7962952,,562.7813140999999,562.7962952,563.7797825,563.7797825,563.7797825,563.7797825,563.7970438,564.7967971,564.7967971,566.6310118000001,,,,,v,1,1.831459300000006,None,par_1_mtr_seq,001,2025-10-01_19h28.49.025,untitled,,2025.1.1,60.060060060065474,2025-10-01 19h29.00.343266 +0530,
50,c,14,2,3,c,1,1.0785628000000997,None,,,,,3,2,14,2,566.6476563000001,,566.6314535000001,566.6476563000001,567.6303026,567.6303026,567.6303026,567.6303026,567.647166,568.6475415,568.6475415,569.7310844000001,,,,,c,1,1.0785628000000997,None,par_1_mtr_seq,001,2025-10-01_19h28.49.025,untitled,,2025.1.1,60.060060060065474,2025-10-01 19h29.00.343266 +0530,
-150,z,15,3,3,z,1,0.7500539000000117,None,,,,,3,3,15,3,569.7463178,,569.7315656999999,569.7463178,570.7467494,570.7467494,570.7467494,570.7467494,570.7467494,571.7302963,571.7302963,572.4815120000001,,,,,z,1,0.7500539000000117,None,par_1_mtr_seq,001,2025-10-01_19h28.49.025,untitled,,2025.1.1,60.060060060065474,2025-10-01 19h29.00.343266 +0530,
50,c,16,0,4,c,1,0.8010870000000523,None,,,,,4,0,16,2,572.4967529,,572.4820597,572.4967529,573.4968192000001,573.4968192000001,573.4968192000001,573.4968192000001,573.4968192000001,574.4970524,574.4970524,575.3152745,,,,,c,1,0.8010870000000523,None,par_1_mtr_seq,001,2025-10-01_19h28.49.025,untitled,,2025.1.1,60.060060060065474,2025-10-01 19h29.00.343266 +0530,
150,v,17,1,4,v,1,0.5830074000000423,None,,,,,4,1,17,1,575.3306468999999,,575.31576,575.3306468999999,576.3306014,576.3306014,576.3306014,576.3306014,576.3306014,577.3306498,577.3306498,577.9312007000001,,,,,v,1,0.5830074000000423,None,par_1_mtr_seq,001,2025-10-01_19h28.49.025,untitled,,2025.1.1,60.060060060065474,2025-10-01 19h29.00.343266 +0530,
-150,z,18,2,4,z,1,1.0892502000001514,None,,,,,4,2,18,3,577.9465026,,577.9316882,577.9465026,578.9463323,578.9463323,578.9463323,578.9463323,578.9463323,579.9465373,579.9465373,581.0477281000001,,,,,z,1,1.0892502000001514,None,par_1_mtr_seq,001,2025-10-01_19h28.49.025,untitled,,2025.1.1,60.060060060065474,2025-10-01 19h29.00.343266 +0530,
-50,x,19,3,4,x,1,0.025393600000143124,None,,,,,4,3,19,0,581.0630225,,581.0481927000001,581.0630225,582.0474981,582.0474981,582.0474981,582.0474981,582.064226,583.0469858000001,583.0469858000001,583.0813809000001,,,,,x,1,0.025393600000143124,None,par_1_mtr_seq,001,2025-10-01_19h28.49.025,untitled,,2025.1.1,60.060060060065474,2025-10-01 19h29.00.343266 +0530,
-150,z,20,0,5,z,1,0.6534865000000991,None,,,,,5,0,20,3,583.0967931,,583.0819451,583.0967931,584.0798101,584.0798101,584.0798101,584.0798101,584.0969265000001,585.0804600000001,585.0804600000001,585.7473958,,,,,z,1,0.6534865000000991,None,par_1_mtr_seq,001,2025-10-01_19h28.49.025,untitled,,2025.1.1,60.060060060065474,2025-10-01 19h29.00.343266 +0530,
-50,x,21,1,5,x,1,0.5527537999998913,None,,,,,5,1,21,0,585.7649348,,585.7478642000001,585.7649348,586.7476429000001,586.7476429000001,586.7476429000001,586.7476429000001,586.7630165,587.7471289,587.7471289,588.3138478999999,,,,,x,1,0.5527537999998913,None,par_1_mtr_seq,001,2025-10-01_19h28.49.025,untitled,,2025.1.1,60.060060060065474,2025-10-01 19h29.00.343266 +0530,
150,v,22,2,5,v,1,0.43125430000009146,None,,,,,5,2,22,1,588.3296986,,588.3143981999999,588.3296986,589.3142647,589.3142647,589.3142647,589.3142647,589.3314562,590.3139737000001,590.3139737000001,590.7481571999999,,,,,v,1,0.43125430000009146,None,par_1_mtr_seq,001,2025-10-01_19h28.49.025,untitled,,2025.1.1,60.060060060065474,2025-10-01 19h29.00.343266 +0530,
50,c,23,3,5,c,1,0.5032962000000225,None,,,,,5,3,23,2,590.7633586,,590.7486821,590.7633586,591.747584,591.747584,591.747584,591.747584,591.7645767000001,592.7645067999999,592.7645067999999,593.2808832000001,,,,,c,1,0.5032962000000225,None,par_1_mtr_seq,001,2025-10-01_19h28.49.025,untitled,,2025.1.1,60.060060060065474,2025-10-01 19h29.00.343266 +0530,
50,c,24,0,6,c,1,0.39956180000012864,None,,,,,6,0,24,2,593.2975607999999,,593.2814571000001,593.2975607999999,594.2799474000001,594.2799474000001,594.2799474000001,594.2799474000001,594.2977671000001,595.2964926,595.2964926,595.6975172,,,,,c,1,0.39956180000012864,None,par_1_mtr_seq,001,2025-10-01_19h28.49.025,untitled,,2025.1.1,60.060060060065474,2025-10-01 19h29.00.343266 +0530,
-50,x,25,1,6,x,1,0.37851820000014413,None,,,,,6,1,25,0,595.7131360999999,,595.6980004,595.7131360999999,596.6972266,596.6972266,596.6972266,596.6972266,596.7139381,597.6978838,597.6978838,598.0815038000001,,,,,x,1,0.37851820000014413,None,par_1_mtr_seq,001,2025-10-01_19h28.49.025,untitled,,2025.1.1,60.060060060065474,2025-10-01 19h29.00.343266 +0530,
150,v,26,2,6,v,1,0.3471715000000586,None,,,,,6,2,26,1,598.0964469,,598.0820706,598.0964469,599.0973715,599.0973715,599.0973715,599.0973715,599.0973715,600.0970081,600.0970081,600.4480549,,,,,v,1,0.3471715000000586,None,par_1_mtr_seq,001,2025-10-01_19h28.49.025,untitled,,2025.1.1,60.060060060065474,2025-10-01 19h29.00.343266 +0530,
-150,z,27,3,6,z,1,0.7335155000000668,None,,,,,6,3,27,3,600.4631746,,600.4485559,600.4631746,601.4641899999999,601.4641899999999,601.4641899999999,601.4641899999999,601.4641899999999,602.4472642999999,602.4472642999999,603.1979612,,,,,z,1,0.7335155000000668,None,par_1_mtr_seq,001,2025-10-01_19h28.49.025,untitled,,2025.1.1,60.060060060065474,2025-10-01 19h29.00.343266 +0530,
150,v,28,0,7,x,0,0.22814979999998286,None,,,,,7,0,28,1,603.2131379,,603.1985683,603.2131379,604.1977567000001,604.1977567000001,604.1977567000001,604.1977567000001,604.2139611,605.1987982,605.1987982,605.4317717000001,,,,,x,0,0.22814979999998286,None,par_1_mtr_seq,001,2025-10-01_19h28.49.025,untitled,,2025.1.1,60.060060060065474,2025-10-01 19h29.00.343266 +0530,
-150,z,29,1,7,z,1,0.5723037999998724,None,,,,,7,1,29,3,605.4465319999999,,605.4322876000001,605.4465319999999,606.4464555,606.4464555,606.4464555,606.4464555,606.4464555,607.4465605,607.4465605,608.0305453999999,,,,,z,1,0.5723037999998724,None,par_1_mtr_seq,001,2025-10-01_19h28.49.025,untitled,,2025.1.1,60.060060060065474,2025-10-01 19h29.00.343266 +0530,
50,c,30,2,7,c,1,1.2258025000000998,None,,,,,7,2,30,2,608.0466189000001,,608.0311188000001,608.0466189000001,609.0305804,609.0305804,609.0305804,609.0305804,609.0473016999999,610.0306820000001,610.0306820000001,611.2642853,,,,,c,1,1.2258025000000998,None,par_1_mtr_seq,001,2025-10-01_19h28.49.025,untitled,,2025.1.1,60.060060060065474,2025-10-01 19h29.00.343266 +0530,
-50,x,31,3,7,x,1,0.5851686000000882,None,,,,,7,3,31,0,611.2798068,,611.2648204,611.2798068,612.2636987999999,612.2636987999999,612.2636987999999,612.2636987999999,612.2803544999999,613.2635123,613.2635123,613.8641792999999,,,,,x,1,0.5851686000000882,None,par_1_mtr_seq,001,2025-10-01_19h28.49.025,untitled,,2025.1.1,60.060060060065474,2025-10-01 19h29.00.343266 +0530,
50,c,32,0,8,c,1,0.4055562999999438,None,,,,,8,0,32,2,613.8797131000001,,613.8647518,613.8797131000001,614.8638997,614.8638997,614.8638997,614.8638997,614.8809025,615.8640720000001,615.8640720000001,616.2807117,,,,,c,1,0.4055562999999438,None,par_1_mtr_seq,001,2025-10-01_19h28.49.025,untitled,,2025.1.1,60.060060060065474,2025-10-01 19h29.00.343266 +0530,
-150,z,33,1,8,z,1,0.6567751999998563,None,,,,,8,1,33,3,616.2970683000001,,616.2812031000001,616.2970683000001,617.2807451000001,617.2807451000001,617.2807451000001,617.2807451000001,617.2974739000001,618.2809668,618.2809668,618.9481601,,,,,z,1,0.6567751999998563,None,par_1_mtr_seq,001,2025-10-01_19h28.49.025,untitled,,2025.1.1,60.060060060065474,2025-10-01 19h29.00.343266 +0530,
-50,x,34,2,8,x,1,0.8873568999999861,None,,,,,8,2,34,0,618.964219,,618.9488222,618.964219,619.9471787,619.9471787,619.9471787,619.9471787,619.9636607,620.9471775,620.9471775,621.8481002000001,,,,,x,1,0.8873568999999861,None,par_1_mtr_seq,001,2025-10-01_19h28.49.025,untitled,,2025.1.1,60.060060060065474,2025-10-01 19h29.00.343266 +0530,
150,v,35,3,8,v,1,0.4093126999998731,None,,,,,8,3,35,1,621.8632215,,621.8485463,621.8632215,622.8480127,622.8480127,622.8480127,622.8480127,622.8639872000001,623.8619219,623.8619219,624.2806158999999,,,,,v,1,0.4093126999998731,None,par_1_mtr_seq,001,2025-10-01_19h28.49.025,untitled,,2025.1.1,60.060060060065474,2025-10-01 19h29.00.343266 +0530,
-50,x,36,0,9,x,1,0.6815093000000161,None,,,,,9,0,36,0,624.2967195000001,,624.2811035,624.2967195000001,625.2809611,625.2809611,625.2809611,625.2809611,625.2967408,626.2800871,626.2800871,626.9648268000001,,,,,x,1,0.6815093000000161,None,par_1_mtr_seq,001,2025-10-01_19h28.49.025,untitled,,2025.1.1,60.060060060065474,2025-10-01 19h29.00.343266 +0530,
150,v,37,1,9,v,1,0.9314712999998846,None,,,,,9,1,37,1,626.9800076000001,,626.9653357,626.9800076000001,627.9638854,627.9638854,627.9638854,627.9638854,627.9807215000001,628.9806118000001,628.9806118000001,629.9147175,,,,,v,1,0.9314712999998846,None,par_1_mtr_seq,001,2025-10-01_19h28.49.025,untitled,,2025.1.1,60.060060060065474,2025-10-01 19h29.00.343266 +0530,
50,c,38,2,9,c,1,0.9859587999999349,None,,,,,9,2,38,2,629.9311422000001,,629.9152853,629.9311422000001,630.9149368000001,630.9149368000001,630.9149368000001,630.9149368000001,630.9308252000001,631.9133335000001,631.9133335000001,632.9149371000001,,,,,c,1,0.9859587999999349,None,par_1_mtr_seq,001,2025-10-01_19h28.49.025,untitled,,2025.1.1,60.060060060065474,2025-10-01 19h29.00.343266 +0530,
-150,z,39,3,9,z,1,0.6508444000000964,None,,,,,9,3,39,3,632.9298712,,632.9155170000001,632.9298712,633.9134128000001,633.9134128000001,633.9134128000001,633.9134128000001,633.9304691,634.9143778,634.9143778,635.58076,,,,,z,1,0.6508444000000964,None,par_1_mtr_seq,001,2025-10-01_19h28.49.025,untitled,,2025.1.1,60.060060060065474,2025-10-01 19h29.00.343266 +0530,
50,c,40,0,10,c,1,0.5759289000000081,None,,,,,10,0,40,2,635.5966829000001,,635.5813361,635.5966829000001,636.5810473000001,636.5810473000001,636.5810473000001,636.5810473000001,636.5982638,637.5808771,637.5808771,638.1643857000001,,,,,c,1,0.5759289000000081,None,par_1_mtr_seq,001,2025-10-01_19h28.49.025,untitled,,2025.1.1,60.060060060065474,2025-10-01 19h29.00.343266 +0530,
150,v,41,1,10,v,1,0.5208151999997881,None,,,,,10,1,41,1,638.1800889000001,,638.1648698000001,638.1800889000001,639.1800860000001,639.1800860000001,639.1800860000001,639.1800860000001,639.1800860000001,640.1805406999999,640.1805406999999,640.7140688,,,,,v,1,0.5208151999997881,None,par_1_mtr_seq,001,2025-10-01_19h28.49.025,untitled,,2025.1.1,60.060060060065474,2025-10-01 19h29.00.343266 +0530,
-50,x,42,2,10,x,1,0.6059546999999839,None,,,,,10,2,42,0,640.7298507,,640.7146144999999,640.7298507,641.7134341000001,641.7134341000001,641.7134341000001,641.7134341000001,641.7301055,642.7133752,642.7133752,643.3315682,,,,,x,1,0.6059546999999839,None,par_1_mtr_seq,001,2025-10-01_19h28.49.025,untitled,,2025.1.1,60.060060060065474,2025-10-01 19h29.00.343266 +0530,
-150,z,43,3,10,z,1,0.8216228999999657,None,,,,,10,3,43,3,643.3469188000001,,643.3320327000001,643.3469188000001,644.3472572000001,644.3472572000001,644.3472572000001,644.3472572000001,644.3472572000001,645.3474326,645.3474326,646.1818163,,,,,z,1,0.8216228999999657,None,par_1_mtr_seq,001,2025-10-01_19h28.49.025,untitled,,2025.1.1,60.060060060065474,2025-10-01 19h29.00.343266 +0530,
150,v,44,0,11,v,1,0.9846130000000812,None,,,,,11,0,44,1,646.1971330000001,,646.1823625,646.1971330000001,647.1970498000001,647.1970498000001,647.1970498000001,647.1970498000001,647.1970498000001,648.1967551,648.1967551,649.1973123,,,,,v,1,0.9846130000000812,None,par_1_mtr_seq,001,2025-10-01_19h28.49.025,untitled,,2025.1.1,60.060060060065474,2025-10-01 19h29.00.343266 +0530,
-50,x,45,1,11,x,1,1.5311483000000408,None,,,,,11,1,45,0,649.2131939999999,,649.1978750000001,649.2131939999999,650.197498,650.197498,650.197498,650.197498,650.2132495000001,651.1968108000001,651.1968108000001,652.7309239000001,,,,,x,1,1.5311483000000408,None,par_1_mtr_seq,001,2025-10-01_19h28.49.025,untitled,,2025.1.1,60.060060060065474,2025-10-01 19h29.00.343266 +0530,
-150,z,46,2,11,z,1,0.7798573999998553,None,,,,,11,2,46,3,652.7467486,,652.7314063000001,652.7467486,653.7302162000001,653.7302162000001,653.7302162000001,653.7302162000001,653.7474990000001,654.7468128,654.7468128,655.5319830000001,,,,,z,1,0.7798573999998553,None,par_1_mtr_seq,001,2025-10-01_19h28.49.025,untitled,,2025.1.1,60.060060060065474,2025-10-01 19h29.00.343266 +0530,
50,c,47,3,11,c,1,1.1171876000000793,None,,,,,11,3,47,2,655.5473406000001,,655.5324655,655.5473406000001,656.5468253000001,656.5468253000001,656.5468253000001,656.5468253000001,656.5468253000001,657.5467628000001,657.5467628000001,658.6652333,,,,,c,1,1.1171876000000793,None,par_1_mtr_seq,001,2025-10-01_19h28.49.025,untitled,,2025.1.1,60.060060060065474,2025-10-01 19h29.00.343266 +0530,
-150,z,48,0,12,z,1,0.881311500000038,None,,,,,12,0,48,3,658.6799760000001,,658.6660853000001,658.6799760000001,659.6816120000001,659.6816120000001,659.6816120000001,659.6816120000001,659.6816120000001,660.6640835999999,660.6640835999999,661.5482849,,,,,z,1,0.881311500000038,None,par_1_mtr_seq,001,2025-10-01_19h28.49.025,untitled,,2025.1.1,60.060060060065474,2025-10-01 19h29.00.343266 +0530,
-50,x,49,1,12,x,1,0.8388044999999238,None,,,,,12,1,49,0,661.564306,,661.5487926999999,661.564306,662.5636523000001,662.5636523000001,662.5636523000001,662.5636523000001,662.5636523000001,663.5642839,663.5642839,664.4144381000001,,,,,x,1,0.8388044999999238,None,par_1_mtr_seq,001,2025-10-01_19h28.49.025,untitled,,2025.1.1,60.060060060065474,2025-10-01 19h29.00.343266 +0530,
50,c,50,2,12,v,0,1.5522742000000562,None,,,,,12,2,50,2,664.4300383,,664.4151715,664.4300383,665.430846,665.430846,665.430846,665.430846,665.430846,666.4135741,666.4135741,667.9826191,,,,,v,0,1.5522742000000562,None,par_1_mtr_seq,001,2025-10-01_19h28.49.025,untitled,,2025.1.1,60.060060060065474,2025-10-01 19h29.00.343266 +0530,
150,v,51,3,12,v,1,1.5902516000001015,None,,,,,12,3,51,1,667.9983400000001,,667.9831753999999,667.9983400000001,668.9977835,668.9977835,668.9977835,668.9977835,668.9977835,669.9977056,669.9977056,671.5975635,,,,,v,1,1.5902516000001015,None,par_1_mtr_seq,001,2025-10-01_19h28.49.025,untitled,,2025.1.1,60.060060060065474,2025-10-01 19h29.00.343266 +0530,
-50,x,52,0,13,x,1,0.9619920000000093,None,,,,,13,0,52,0,671.6137601,,671.5980208000001,671.6137601,672.5976698,672.5976698,672.5976698,672.5976698,672.6141928,673.5968545999999,673.5968545999999,674.5652564,,,,,x,1,0.9619920000000093,None,par_1_mtr_seq,001,2025-10-01_19h28.49.025,untitled,,2025.1.1,60.060060060065474,2025-10-01 19h29.00.343266 +0530,
150,v,53,1,13,v,1,1.5565279000002192,None,,,,,13,1,53,1,674.5803317,,674.5658447999999,674.5803317,675.5809501000001,675.5809501000001,675.5809501000001,675.5809501000001,675.5809501000001,676.5809724000001,676.5809724000001,678.1494788,,,,,v,1,1.5565279000002192,None,par_1_mtr_seq,001,2025-10-01_19h28.49.025,untitled,,2025.1.1,60.060060060065474,2025-10-01 19h29.00.343266 +0530,
-150,z,54,2,13,z,1,0.8762672999998813,None,,,,,13,2,54,3,678.1636085,,678.1499884,678.1636085,679.1475098999999,679.1475098999999,679.1475098999999,679.1475098999999,679.1642335000001,680.1637099,680.1637099,681.0486834000001,,,,,z,1,0.8762672999998813,None,par_1_mtr_seq,001,2025-10-01_19h28.49.025,untitled,,2025.1.1,60.060060060065474,2025-10-01 19h29.00.343266 +0530,
50,c,55,3,13,c,1,1.4386038000000099,None,,,,,13,3,55,2,681.0637644999999,,681.0491753000001,681.0637644999999,682.0480109,682.0480109,682.0480109,682.0480109,682.0643324,683.0644409000001,683.0644409000001,684.5141627,,,,,c,1,1.4386038000000099,None,par_1_mtr_seq,001,2025-10-01_19h28.49.025,untitled,,2025.1.1,60.060060060065474,2025-10-01 19h29.00.343266 +0530,
150,v,56,0,14,v,1,0.9326668000001064,None,,,,,14,0,56,1,684.530921,,684.5147311999999,684.530921,685.5139065999999,685.5139065999999,685.5139065999999,685.5139065999999,685.5314373000001,686.5141907,686.5141907,687.4491082,,,,,v,1,0.9326668000001064,None,par_1_mtr_seq,001,2025-10-01_19h28.49.025,untitled,,2025.1.1,60.060060060065474,2025-10-01 19h29.00.343266 +0530,
-50,x,57,1,14,x,1,1.2412022999999408,None,,,,,14,1,57,0,687.4642387000001,,687.4495882000001,687.4642387000001,688.4636184999999,688.4636184999999,688.4636184999999,688.4636184999999,688.4636184999999,689.4645906999999,689.4645906999999,690.7142971999999,,,,,x,1,1.2412022999999408,None,par_1_mtr_seq,001,2025-10-01_19h28.49.025,untitled,,2025.1.1,60.060060060065474,2025-10-01 19h29.00.343266 +0530,
-150,z,58,2,14,z,1,1.0177044000001843,None,,,,,14,2,58,3,690.7306326,,690.7147385999999,690.7306326,691.7153719,691.7153719,691.7153719,691.7153719,691.7318752000001,692.7142467000001,692.7142467000001,693.7477188,,,,,z,1,1.0177044000001843,None,par_1_mtr_seq,001,2025-10-01_19h28.49.025,untitled,,2025.1.1,60.060060060065474,2025-10-01 19h29.00.343266 +0530,
50,c,59,3,14,c,1,0.9949264000001676,None,,,,,14,3,59,2,693.7636708,,693.7481875000001,693.7636708,694.74792,694.74792,694.74792,694.74792,694.7646982000001,695.7468948000001,695.7468948000001,696.7477861,,,,,c,1,0.9949264000001676,None,par_1_mtr_seq,001,2025-10-01_19h28.49.025,untitled,,2025.1.1,60.060060060065474,2025-10-01 19h29.00.343266 +0530,
150,v,60,0,15,v,1,0.5680394999999407,None,,,,,15,0,60,1,696.7636301,,696.7482696,696.7636301,697.7472680000001,697.7472680000001,697.7472680000001,697.7472680000001,697.7638435000001,698.7481128,698.7481128,699.3310859000001,,,,,v,1,0.5680394999999407,None,par_1_mtr_seq,001,2025-10-01_19h28.49.025,untitled,,2025.1.1,60.060060060065474,2025-10-01 19h29.00.343266 +0530,
-50,x,61,1,15,x,1,0.8462520999999015,None,,,,,15,1,61,0,699.3478723999999,,699.3316781999999,699.3478723999999,700.3311134,700.3311134,700.3311134,700.3311134,700.3469352,701.3310642000001,701.3310642000001,702.1817189999999,,,,,x,1,0.8462520999999015,None,par_1_mtr_seq,001,2025-10-01_19h28.49.025,untitled,,2025.1.1,60.060060060065474,2025-10-01 19h29.00.343266 +0530,
50,c,62,2,15,c,1,0.7398141999999552,None,,,,,15,2,62,2,702.1970707,,702.1823316,702.1970707,703.1804755000001,703.1804755000001,703.1804755000001,703.1804755000001,703.1974338,704.1805647000001,704.1805647000001,704.9318928,,,,,c,1,0.7398141999999552,None,par_1_mtr_seq,001,2025-10-01_19h28.49.025,untitled,,2025.1.1,60.060060060065474,2025-10-01 19h29.00.343266 +0530,
-150,z,63,3,15,z,1,0.7181985000001987,None,,,,,15,3,63,3,704.9475867000001,,704.9323644000001,704.9475867000001,705.9313103,705.9313103,705.9313103,705.9313103,705.9476774,706.9317739,706.9317739,707.6642356,,,,,z,1,0.7181985000001987,None,par_1_mtr_seq,001,2025-10-01_19h28.49.025,untitled,,2025.1.1,60.060060060065474,2025-10-01 19h29.00.343266 +0530,
-50,x,64,0,16,x,1,1.6263480000000072,None,,,,,16,0,64,0,707.6811204,,707.6648147999999,707.6811204,708.663845,708.663845,708.663845,708.663845,708.6817002,709.6641670000001,709.6641670000001,711.2982861,,,,,x,1,1.6263480000000072,None,par_1_mtr_seq,001,2025-10-01_19h28.49.025,untitled,,2025.1.1,60.060060060065474,2025-10-01 19h29.00.343266 +0530,
50,c,65,1,16,c,1,1.0009354999999687,None,,,,,16,1,65,2,711.3144684000001,,711.2988290999999,711.3144684000001,712.2980368999999,712.2980368999999,712.2980368999999,712.2980368999999,712.3146166000001,713.2978023000001,713.2978023000001,714.3154207,,,,,c,1,1.0009354999999687,None,par_1_mtr_seq,001,2025-10-01_19h28.49.025,untitled,,2025.1.1,60.060060060065474,2025-10-01 19h29.00.343266 +0530,
-150,z,66,2,16,z,1,2.08661549999988,None,,,,,16,2,66,3,714.3311082,,714.3160078999999,714.3311082,715.3311252000001,715.3311252000001,715.3311252000001,715.3311252000001,715.3311252000001,716.3303696,716.3303696,718.4311804000001,,,,,z,1,2.08661549999988,None,par_1_mtr_seq,001,2025-10-01_19h28.49.025,untitled,,2025.1.1,60.060060060065474,2025-10-01 19h29.00.343266 +0530,
150,v,67,3,16,v,1,1.5474801000000298,None,,,,,16,3,67,1,718.4476578000001,,718.4316833,718.4476578000001,719.4305458000001,719.4305458000001,719.4305458000001,719.4305458000001,719.4476485,720.4304788,720.4304788,721.9814081,,,,,v,1,1.5474801000000298,None,par_1_mtr_seq,001,2025-10-01_19h28.49.025,untitled,,2025.1.1,60.060060060065474,2025-10-01 19h29.00.343266 +0530,
50,c,68,0,17,c,1,1.1225393999998232,None,,,,,17,0,68,2,721.9970622999999,,721.9818763999999,721.9970622999999,722.9960209999999,722.9960209999999,722.9960209999999,722.9960209999999,723.0128456,723.9804167,723.9804167,725.1146278000001,,,,,c,1,1.1225393999998232,None,par_1_mtr_seq,001,2025-10-01_19h28.49.025,untitled,,2025.1.1,60.060060060065474,2025-10-01 19h29.00.343266 +0530,
-150,z,69,1,17,z,1,0.5477877000000717,None,,,,,17,1,69,3,725.1305394000001,,725.1151574,725.1305394000001,726.1140401,726.1140401,726.1140401,726.1140401,726.1305836000001,727.1139515,727.1139515,727.6649556,,,,,z,1,0.5477877000000717,None,par_1_mtr_seq,001,2025-10-01_19h28.49.025,untitled,,2025.1.1,60.060060060065474,2025-10-01 19h29.00.343266 +0530,
-50,x,70,2,17,x,1,0.6373408000001746,None,,,,,17,2,70,0,727.6804645,,727.6654436000001,727.6804645,728.6639878000001,728.6639878000001,728.6639878000001,728.6639878000001,728.6805264,729.6810837,729.6810837,730.3312963999999,,,,,x,1,0.6373408000001746,None,par_1_mtr_seq,001,2025-10-01_19h28.49.025,untitled,,2025.1.1,60.060060060065474,2025-10-01 19h29.00.343266 +0530,
150,v,71,3,17,v,1,0.5611969999999928,None,,,,,17,3,71,1,730.3473497,,730.3319968999999,730.3473497,731.3308268999999,731.3308268999999,731.3308268999999,731.3308268999999,731.3474925,732.3304556,732.3304556,732.8981941,,,,,v,1,0.5611969999999928,None,par_1_mtr_seq,001,2025-10-01_19h28.49.025,untitled,,2025.1.1,60.060060060065474,2025-10-01 19h29.00.343266 +0530,
-150,z,72,0,18,z,1,0.9910404000002018,None,,,,,18,0,72,3,732.9138262000001,,732.8986384,732.9138262000001,733.8981134,733.8981134,733.8981134,733.8981134,733.9143937000001,734.8984932000001,734.8984932000001,735.8992507,,,,,z,1,0.9910404000002018,None,par_1_mtr_seq,001,2025-10-01_19h28.49.025,untitled,,2025.1.1,60.060060060065474,2025-10-01 19h29.00.343266 +0530,
50,c,73,1,18,c,1,1.3533456999998634,None,,,,,18,1,73,2,735.9144272000001,,735.8997529999999,735.9144272000001,736.9138525000001,736.9138525000001,736.9138525000001,736.9138525000001,736.9138525000001,737.9144868999999,737.9144868999999,739.2813039,,,,,c,1,1.3533456999998634,None,par_1_mtr_seq,001,2025-10-01_19h28.49.025,untitled,,2025.1.1,60.060060060065474,2025-10-01 19h29.00.343266 +0530,
150,v,74,2,18,v,1,1.047419600000012,None,,,,,18,2,74,1,739.2973953999999,,739.2819199,739.2973953999999,740.2806353999999,740.2806353999999,740.2806353999999,740.2806353999999,740.2973652000001,741.280894,741.280894,742.3315613,,,,,v,1,1.047419600000012,None,par_1_mtr_seq,001,2025-10-01_19h28.49.025,untitled,,2025.1.1,60.060060060065474,2025-10-01 19h29.00.343266 +0530,
-50,x,75,3,18,x,1,1.1487655000000814,None,,,,,18,3,75,0,742.3470757,,742.3320679000001,742.3470757,743.3472495999999,743.3472495999999,743.3472495999999,743.3472495999999,743.3472495999999,744.3307296,744.3307296,745.4816579000001,,,,,x,1,1.1487655000000814,None,par_1_mtr_seq,001,2025-10-01_19h28.49.025,untitled,,2025.1.1,60.060060060065474,2025-10-01 19h29.00.343266 +0530,
-150,z,76,0,19,z,1,0.8132798000001458,None,,,,,19,0,76,3,745.4972591999999,,745.4821454,745.4972591999999,746.4974906,746.4974906,746.4974906,746.4974906,746.4974906,747.4973845,747.4973845,748.3156524000001,,,,,z,1,0.8132798000001458,None,par_1_mtr_seq,001,2025-10-01_19h28.49.025,untitled,,2025.1.1,60.060060060065474,2025-10-01 19h29.00.343266 +0530,
150,v,77,1,19,v,1,0.950256999999965,None,,,,,19,1,77,1,748.3305482000001,,748.3162500000001,748.3305482000001,749.3304705,749.3304705,749.3304705,749.3304705,749.3304705,750.3306973000001,750.3306973000001,751.297949,,,,,v,1,0.950256999999965,None,par_1_mtr_seq,001,2025-10-01_19h28.49.025,untitled,,2025.1.1,60.060060060065474,2025-10-01 19h29.00.343266 +0530,
-50,x,78,2,19,x,1,0.8377129000000423,None,,,,,19,2,78,0,751.3138583,,751.2984255000001,751.3138583,752.2973365,752.2973365,752.2973365,752.2973365,752.3139521,753.297495,753.297495,754.148085,,,,,x,1,0.8377129000000423,None,par_1_mtr_seq,001,2025-10-01_19h28.49.025,untitled,,2025.1.1,60.060060060065474,2025-10-01 19h29.00.343266 +0530,
50,c,79,3,19,c,1,1.6805861000000277,None,,,,,19,3,79,2,754.1637851,,754.1486072,754.1637851,755.1474264000001,755.1474264000001,755.1474264000001,755.1474264000001,755.1640529000001,756.1480452000001,756.1480452000001,757.8319174000001,,,,,c,1,1.6805861000000277,None,par_1_mtr_seq,001,2025-10-01_19h28.49.025,untitled,,2025.1.1,60.060060060065474,2025-10-01 19h29.00.343266 +0530,
50,c,80,0,20,c,1,1.0915840000000117,None,,,,,20,0,80,2,757.8482397,,757.832422,757.8482397,758.8317976000001,758.8317976000001,758.8317976000001,758.8317976000001,758.8483641,759.8481781,759.8481781,760.9486850999999,,,,,c,1,1.0915840000000117,None,par_1_mtr_seq,001,2025-10-01_19h28.49.025,untitled,,2025.1.1,60.060060060065474,2025-10-01 19h29.00.343266 +0530,
150,v,81,1,20,v,1,0.5697376999999051,None,,,,,20,1,81,1,761.1162615000001,,760.9491684,761.1162615000001,761.9479681,761.9479681,761.9479681,761.9479681,762.1312098999999,762.9648915,762.9648915,763.5479184000001,,,,,v,1,0.5697376999999051,None,par_1_mtr_seq,001,2025-10-01_19h28.49.025,untitled,,2025.1.1,60.060060060065474,2025-10-01 19h29.00.343266 +0530,
-150,z,82,2,20,z,1,0.8849930000001223,None,,,,,20,2,82,3,763.5639684,,763.5484269000001,763.5639684,764.5473096000001,764.5473096000001,764.5473096000001,764.5473096000001,764.5638574,765.5473658999999,765.5473658999999,766.4486548,,,,,z,1,0.8849930000001223,None,par_1_mtr_seq,001,2025-10-01_19h28.49.025,untitled,,2025.1.1,60.060060060065474,2025-10-01 19h29.00.343266 +0530,
-50,x,83,3,20,x,1,0.8124449000001732,None,,,,,20,3,83,0,766.4645255,,766.4491134,766.4645255,767.4641299,767.4641299,767.4641299,767.4641299,767.4641299,768.4482479999999,768.4482479999999,769.2659371,,,,,x,1,0.8124449000001732,None,par_1_mtr_seq,001,2025-10-01_19h28.49.025,untitled,,2025.1.1,60.060060060065474,2025-10-01 19h29.00.343266 +0530,
-150,z,84,0,21,z,1,0.7891345000000456,None,,,,,21,0,84,3,769.2812673000001,,769.2664462,769.2812673000001,770.2812207,770.2812207,770.2812207,770.2812207,770.2812207,771.2819924,771.2819924,772.0820332999999,,,,,z,1,0.7891345000000456,None,par_1_mtr_seq,001,2025-10-01_19h28.49.025,untitled,,2025.1.1,60.060060060065474,2025-10-01 19h29.00.343266 +0530,
50,c,85,1,21,c,1,2.49808280000002,None,,,,,21,1,85,2,772.0982825000001,,772.0825355,772.0982825000001,773.0988445,773.0988445,773.0988445,773.0988445,773.0988445,774.0817122000001,774.0817122000001,776.5826187,,,,,c,1,2.49808280000002,None,par_1_mtr_seq,001,2025-10-01_19h28.49.025,untitled,,2025.1.1,60.060060060065474,2025-10-01 19h29.00.343266 +0530,
-50,x,86,2,21,x,1,1.0219665000001896,None,,,,,21,2,86,0,776.5973595,,776.5831028,776.5973595,777.5815236999999,777.5815236999999,777.5815236999999,777.5815236999999,777.5987284,778.5973873,778.5973873,779.6314589000001,,,,,x,1,1.0219665000001896,None,par_1_mtr_seq,001,2025-10-01_19h28.49.025,untitled,,2025.1.1,60.060060060065474,2025-10-01 19h29.00.343266 +0530,
150,v,87,3,21,v,1,1.041089300000067,None,,,,,21,3,87,1,779.6472562000001,,779.6319779,779.6472562000001,780.6308346999999,780.6308346999999,780.6308346999999,780.6308346999999,780.6483332,781.6319696,781.6319696,782.6824868000001,,,,,v,1,1.041089300000067,None,par_1_mtr_seq,001,2025-10-01_19h28.49.025,untitled,,2025.1.1,60.060060060065474,2025-10-01 19h29.00.343266 +0530,
-50,x,88,0,22,x,1,0.8537511000001814,None,,,,,22,0,88,0,782.697375,,782.6829671,782.697375,783.6982854,783.6982854,783.6982854,783.6982854,783.6982854,784.6975305999999,784.6975305999999,785.5648507000001,,,,,x,1,0.8537511000001814,None,par_1_mtr_seq,001,2025-10-01_19h28.49.025,untitled,,2025.1.1,60.060060060065474,2025-10-01 19h29.00.343266 +0530,
50,c,89,1,22,c,1,1.0844402000000173,None,,,,,22,1,89,2,785.5817174000001,,785.5653208000001,785.5817174000001,786.5648059,786.5648059,786.5648059,786.5648059,786.5809065999999,787.5649859,787.5649859,788.6655215000001,,,,,c,1,1.0844402000000173,None,par_1_mtr_seq,001,2025-10-01_19h28.49.025,untitled,,2025.1.1,60.060060060065474,2025-10-01 19h29.00.343266 +0530,
-150,z,90,2,22,z,1,0.6952422000001661,None,,,,,22,2,90,3,788.6808305,,788.6660684000001,788.6808305,789.6808934000001,789.6808934000001,789.6808934000001,789.6808934000001,789.6808934000001,790.6640964999999,790.6640964999999,791.3657645999999,,,,,z,1,0.6952422000001661,None,par_1_mtr_seq,001,2025-10-01_19h28.49.025,untitled,,2025.1.1,60.060060060065474,2025-10-01 19h29.00.343266 +0530,
150,v,91,3,22,v,1,0.751850400000194,None,,,,,22,3,91,1,791.3820036,,791.366266,791.3820036,792.3821003,792.3821003,792.3821003,792.3821003,792.3821003,793.3820833,793.3820833,794.1489653000001,,,,,v,1,0.751850400000194,None,par_1_mtr_seq,001,2025-10-01_19h28.49.025,untitled,,2025.1.1,60.060060060065474,2025-10-01 19h29.00.343266 +0530,
150,v,92,0,23,v,1,0.6175610999998753,None,,,,,23,0,92,1,794.1643431,,794.1495915,794.1643431,795.1484326,795.1484326,795.1484326,795.1484326,795.1648133000001,796.1479234000001,796.1479234000001,796.7820847,,,,,v,1,0.6175610999998753,None,par_1_mtr_seq,001,2025-10-01_19h28.49.025,untitled,,2025.1.1,60.060060060065474,2025-10-01 19h29.00.343266 +0530,
-150,z,93,1,23,z,1,0.8004544000000351,None,,,,,23,1,93,3,796.7978694000001,,796.7826599,796.7978694000001,797.7811432000001,797.7811432000001,797.7811432000001,797.7811432000001,797.7976094,798.7815471000001,798.7815471000001,799.5990199,,,,,z,1,0.8004544000000351,None,par_1_mtr_seq,001,2025-10-01_19h28.49.025,untitled,,2025.1.1,60.060060060065474,2025-10-01 19h29.00.343266 +0530,
50,c,94,2,23,c,1,0.8179235999998582,None,,,,,23,2,94,2,799.6149298,,799.5995070000001,799.6149298,800.5974896,800.5974896,800.5974896,800.5974896,800.6152869,801.5977763999999,801.5977763999999,802.4328121000001,,,,,c,1,0.8179235999998582,None,par_1_mtr_seq,001,2025-10-01_19h28.49.025,untitled,,2025.1.1,60.060060060065474,2025-10-01 19h29.00.343266 +0530,
-50,x,95,3,23,x,1,0.8001990000000205,None,,,,,23,3,95,0,802.4477445,,802.4333133,802.4477445,803.4493433,803.4493433,803.4493433,803.4493433,803.4493433,804.4318389,804.4318389,805.2489839,,,,,x,1,0.8001990000000205,None,par_1_mtr_seq,001,2025-10-01_19h28.49.025,untitled,,2025.1.1,60.060060060065474,2025-10-01 19h29.00.343266 +0530,
150,v,96,0,24,v,1,1.5808708000001843,None,,,,,24,0,96,1,805.2647429000001,,805.2495025999999,805.2647429000001,806.2485865000001,806.2485865000001,806.2485865000001,806.2485865000001,806.2651006000001,807.2479119,807.2479119,808.8332445000001,,,,,v,1,1.5808708000001843,None,par_1_mtr_seq,001,2025-10-01_19h28.49.025,untitled,,2025.1.1,60.060060060065474,2025-10-01 19h29.00.343266 +0530,
-50,x,97,1,24,x,1,0.9547429000001557,None,,,,,24,1,97,0,808.847869,,808.8337469,808.847869,809.8482291,809.8482291,809.8482291,809.8482291,809.8482291,810.8495304,810.8495304,811.8162791,,,,,x,1,0.9547429000001557,None,par_1_mtr_seq,001,2025-10-01_19h28.49.025,untitled,,2025.1.1,60.060060060065474,2025-10-01 19h29.00.343266 +0530,
50,c,98,2,24,c,1,1.036788099999967,None,,,,,24,2,98,2,811.8311001,,811.8168835000001,811.8311001,812.8317167,812.8317167,812.8317167,812.8317167,812.8317167,813.832003,813.832003,814.8820965,,,,,c,1,1.036788099999967,None,par_1_mtr_seq,001,2025-10-01_19h28.49.025,untitled,,2025.1.1,60.060060060065474,2025-10-01 19h29.00.343266 +0530,
-150,z,99,3,24,z,1,0.8358345000001464,None,,,,,24,3,99,3,814.8977741000001,,814.8825451,814.8977741000001,815.8819163000001,815.8819163000001,815.8819163000001,815.8819163000001,815.8986367,816.8827178000001,816.8827178000001,817.7324493000001,,,,,z,1,0.8358345000001464,None,par_1_mtr_seq,001,2025-10-01_19h28.49.025,untitled,,2025.1.1,60.060060060065474,2025-10-01 19h29.00.343266 +0530,
-50,x,100,0,25,x,1,0.8138397000000168,None,,,,,25,0,100,0,817.7484271999999,,817.7329561000001,817.7484271999999,818.7475666,818.7475666,818.7475666,818.7475666,818.7475666,819.7474583999999,819.7474583999999,820.5657209999999,,,,,x,1,0.8138397000000168,None,par_1_mtr_seq,001,2025-10-01_19h28.49.025,untitled,,2025.1.1,60.060060060065474,2025-10-01 19h29.00.343266 +0530,
-150,z,101,1,25,z,1,0.8305069999998977,None,,,,,25,1,101,3,820.5814928,,820.5662252,820.5814928,821.5816249,821.5816249,821.5816249,821.5816249,821.5816249,822.5643970000001,822.5643970000001,823.3988569,,,,,z,1,0.8305069999998977,None,par_1_mtr_seq,001,2025-10-01_19h28.49.025,untitled,,2025.1.1,60.060060060065474,2025-10-01 19h29.00.343266 +0530,
50,c,102,2,25,c,1,1.3466834000000745,None,,,,,25,2,102,2,823.4152875,,823.3993021000001,823.4152875,824.3979417,824.3979417,824.3979417,824.3979417,824.4152826,825.3984707,825.3984707,826.7487315999999,,,,,c,1,1.3466834000000745,None,par_1_mtr_seq,001,2025-10-01_19h28.49.025,untitled,,2025.1.1,60.060060060065474,2025-10-01 19h29.00.343266 +0530,
150,v,103,3,25,v,1,0.7959922000000006,None,,,,,25,3,103,1,826.7645079000001,,826.7492185000001,826.7645079000001,827.7488372,827.7488372,827.7488372,827.7488372,827.7652521,828.7494862000001,828.7494862000001,829.5490698000001,,,,,v,1,0.7959922000000006,None,par_1_mtr_seq,001,2025-10-01_19h28.49.025,untitled,,2025.1.1,60.060060060065474,2025-10-01 19h29.00.343266 +0530,
50,c,104,0,26,c,1,0.7988075999999182,None,,,,,26,0,104,2,829.5660345000001,,829.5495876,829.5660345000001,830.5484556000001,830.5484556000001,830.5484556000001,830.5484556000001,830.5657140999999,831.5491963,831.5491963,832.3490654,,,,,c,1,0.7988075999999182,None,par_1_mtr_seq,001,2025-10-01_19h28.49.025,untitled,,2025.1.1,60.060060060065474,2025-10-01 19h29.00.343266 +0530,
-50,x,105,1,26,x,1,0.9273940000000493,None,,,,,26,1,105,0,832.3643217000001,,832.3495742,832.3643217000001,833.3485175999999,833.3485175999999,833.3485175999999,833.3485175999999,833.366421,834.3655492,834.3655492,835.2984120000001,,,,,x,1,0.9273940000000493,None,par_1_mtr_seq,001,2025-10-01_19h28.49.025,untitled,,2025.1.1,60.060060060065474,2025-10-01 19h29.00.343266 +0530,
150,v,106,2,26,v,1,0.7256141999998817,None,,,,,26,2,106,1,835.3143714,,835.2989018000001,835.3143714,836.2976374,836.2976374,836.2976374,836.2976374,836.3144196999999,837.2976179,837.2976179,838.0316482000001,,,,,v,1,0.7256141999998817,None,par_1_mtr_seq,001,2025-10-01_19h28.49.025,untitled,,2025.1.1,60.060060060065474,2025-10-01 19h29.00.343266 +0530,
-150,z,107,3,26,z,1,1.6335456000001614,None,,,,,26,3,107,3,838.0478045,,838.0320917000001,838.0478045,839.0318017,839.0318017,839.0318017,839.0318017,839.0488551000001,840.0318573,840.0318573,841.6827003999999,,,,,z,1,1.6335456000001614,None,par_1_mtr_seq,001,2025-10-01_19h28.49.025,untitled,,2025.1.1,60.060060060065474,2025-10-01 19h29.00.343266 +0530,
-150,z,108,0,27,z,1,0.9192120000000159,None,,,,,27,0,108,3,841.6975701000001,,841.6831859000001,841.6975701000001,842.6985208000001,842.6985208000001,842.6985208000001,842.6985208000001,842.6985208000001,843.6986471,843.6986471,844.6325006,,,,,z,1,0.9192120000000159,None,par_1_mtr_seq,001,2025-10-01_19h28.49.025,untitled,,2025.1.1,60.060060060065474,2025-10-01 19h29.00.343266 +0530,
-50,x,109,1,27,x,1,0.8205579000000398,None,,,,,27,1,109,0,844.6485789999999,,844.6329631000001,844.6485789999999,845.6488462,845.6488462,845.6488462,845.6488462,845.6488462,846.633008,846.633008,847.4652189999999,,,,,x,1,0.8205579000000398,None,par_1_mtr_seq,001,2025-10-01_19h28.49.025,untitled,,2025.1.1,60.060060060065474,2025-10-01 19h29.00.343266 +0530,
150,v,110,2,27,v,1,0.9536391999999978,None,,,,,27,2,110,1,847.4810416,,847.4657195,847.4810416,848.4644015000001,848.4644015000001,848.4644015000001,848.4644015000001,848.4813059,849.4643868,849.4643868,850.4319310000001,,,,,v,1,0.9536391999999978,None,par_1_mtr_seq,001,2025-10-01_19h28.49.025,untitled,,2025.1.1,60.060060060065474,2025-10-01 19h29.00.343266 +0530,
50,c,111,3,27,c,1,0.8188846000000467,None,,,,,27,3,111,2,850.4482058000001,,850.4324156,850.4482058000001,851.4312125000001,851.4312125000001,851.4312125000001,851.4312125000001,851.44784,852.4310018000001,852.4310018000001,853.2655159999999,,,,,c,1,0.8188846000000467,None,par_1_mtr_seq,001,2025-10-01_19h28.49.025,untitled,,2025.1.1,60.060060060065474,2025-10-01 19h29.00.343266 +0530,
50,c,112,0,28,c,1,1.4827869000000646,None,,,,,28,0,112,2,853.2817806,,853.2659550000001,853.2817806,854.2656278,854.2656278,854.2656278,854.2656278,854.282111,855.2644365000001,855.2644365000001,856.7494569,,,,,c,1,1.4827869000000646,None,par_1_mtr_seq,001,2025-10-01_19h28.49.025,untitled,,2025.1.1,60.060060060065474,2025-10-01 19h29.00.343266 +0530,
-150,z,113,1,28,z,1,0.9256533000000218,None,,,,,28,1,113,3,856.7644981999999,,856.7502345,856.7644981999999,857.7648286000001,857.7648286000001,857.7648286000001,857.7648286000001,857.7648286000001,858.7478048,858.7478048,859.6827226,,,,,z,1,0.9256533000000218,None,par_1_mtr_seq,001,2025-10-01_19h28.49.025,untitled,,2025.1.1,60.060060060065474,2025-10-01 19h29.00.343266 +0530,
-50,x,114,2,28,x,1,0.8055647999999564,None,,,,,28,2,114,0,859.6985369000001,,859.6832388,859.6985369000001,860.6818464,860.6818464,860.6818464,860.6818464,860.6985376,861.6820463000001,861.6820463000001,862.498838,,,,,x,1,0.8055647999999564,None,par_1_mtr_seq,001,2025-10-01_19h28.49.025,untitled,,2025.1.1,60.060060060065474,2025-10-01 19h29.00.343266 +0530,
150,v,115,3,28,v,1,0.9596538999999211,None,,,,,28,3,115,1,862.5144965,,862.4995378000001,862.5144965,863.4991069,863.4991069,863.4991069,863.4991069,863.5156592999999,864.498992,864.498992,865.4655948,,,,,v,1,0.9596538999999211,None,par_1_mtr_seq,001,2025-10-01_19h28.49.025,untitled,,2025.1.1,60.060060060065474,2025-10-01 19h29.00.343266 +0530,
-50,x,116,0,29,x,1,0.7191439000000628,None,,,,,29,0,116,0,865.4817367,,865.4661076,865.4817367,866.4645765,866.4645765,866.4645765,866.4645765,866.4826646000001,867.4654555,867.4654555,868.1989638,,,,,x,1,0.7191439000000628,None,par_1_mtr_seq,001,2025-10-01_19h28.49.025,untitled,,2025.1.1,60.060060060065474,2025-10-01 19h29.00.343266 +0530,
150,v,117,1,29,v,1,0.7833424999998897,None,,,,,29,1,117,1,868.2146811,,868.1995394,868.2146811,869.1999803000001,869.1999803000001,869.1999803000001,869.1999803000001,869.2164141000001,870.1991539,870.1991539,870.9989023,,,,,v,1,0.7833424999998897,None,par_1_mtr_seq,001,2025-10-01_19h28.49.025,untitled,,2025.1.1,60.060060060065474,2025-10-01 19h29.00.343266 +0530,
-150,z,118,2,29,z,1,1.0305571999999756,None,,,,,29,2,118,3,871.0145702,,870.9995474,871.0145702,871.9990823,871.9990823,871.9990823,871.9990823,872.014797,873.0145146,873.0145146,874.0498219000001,,,,,z,1,1.0305571999999756,None,par_1_mtr_seq,001,2025-10-01_19h28.49.025,untitled,,2025.1.1,60.060060060065474,2025-10-01 19h29.00.343266 +0530,
50,c,119,3,29,c,1,0.8668246999998246,None,,,,,29,3,119,2,874.0653972,,874.0503968,874.0653972,875.0652967999999,875.0652967999999,875.0652967999999,875.0652967999999,875.0652967999999,876.0480033000001,876.0480033000001,876.9165165,,,,,c,1,0.8668246999998246,None,par_1_mtr_seq,001,2025-10-01_19h28.49.025,untitled,,2025.1.1,60.060060060065474,2025-10-01 19h29.00.343266 +0530,
-150,z,120,0,30,z,1,0.7864245999999184,None,,,,,30,0,120,3,876.9320480000001,,876.9170047,876.9320480000001,877.9321325000001,877.9321325000001,877.9321325000001,877.9321325000001,877.9321325000001,878.9320859,878.9320859,879.7321936000001,,,,,z,1,0.7864245999999184,None,par_1_mtr_seq,001,2025-10-01_19h28.49.025,untitled,,2025.1.1,60.060060060065474,2025-10-01 19h29.00.343266 +0530,
-50,x,121,1,30,x,1,1.2419938000000457,None,,,,,30,1,121,0,879.7494458000001,,879.7326449,879.7494458000001,880.7325058000001,880.7325058000001,880.7325058000001,880.7325058000001,880.7492721000001,881.7330102999999,881.7330102999999,882.9821732,,,,,x,1,1.2419938000000457,None,par_1_mtr_seq,001,2025-10-01_19h28.49.025,untitled,,2025.1.1,60.060060060065474,2025-10-01 19h29.00.343266 +0530,
150,v,122,2,30,v,1,0.3863427999999658,None,,,,,30,2,122,1,882.9979963000001,,882.9827507,882.9979963000001,883.9823601,883.9823601,883.9823601,883.9823601,883.9996899,884.9814422,884.9814422,885.3826721,,,,,v,1,0.3863427999999658,None,par_1_mtr_seq,001,2025-10-01_19h28.49.025,untitled,,2025.1.1,60.060060060065474,2025-10-01 19h29.00.343266 +0530,
50,c,123,3,30,c,1,1.0476120999999239,None,,,,,30,3,123,2,885.3980474,,885.3831607,885.3980474,886.3980208,886.3980208,886.3980208,886.3980208,886.3980208,887.3982656000001,887.3982656000001,888.4488526,,,,,c,1,1.0476120999999239,None,par_1_mtr_seq,001,2025-10-01_19h28.49.025,untitled,,2025.1.1,60.060060060065474,2025-10-01 19h29.00.343266 +0530,
50,c,124,0,31,c,1,0.5358406999998806,None,,,,,31,0,124,2,888.4646457000001,,888.4494029,888.4646457000001,889.4486631,889.4486631,889.4486631,889.4486631,889.4646152,890.4480102,890.4480102,890.9988678,,,,,c,1,0.5358406999998806,None,par_1_mtr_seq,001,2025-10-01_19h28.49.025,untitled,,2025.1.1,60.060060060065474,2025-10-01 19h29.00.343266 +0530,
150,v,125,1,31,v,1,0.49752650000004905,None,,,,,31,1,125,1,891.0147519,,890.9993777,891.0147519,891.9989044000001,891.9989044000001,891.9989044000001,891.9989044000001,892.0148179,892.9990798000001,892.9990798000001,893.4989338,,,,,v,1,0.49752650000004905,None,par_1_mtr_seq,001,2025-10-01_19h28.49.025,untitled,,2025.1.1,60.060060060065474,2025-10-01 19h29.00.343266 +0530,
-150,z,126,2,31,z,1,0.9163547999999082,None,,,,,31,2,126,3,893.5145786,,893.4994379,893.5145786,894.498141,894.498141,894.498141,894.498141,894.5146658000001,895.4981974,895.4981974,896.416896,,,,,z,1,0.9163547999999082,None,par_1_mtr_seq,001,2025-10-01_19h28.49.025,untitled,,2025.1.1,60.060060060065474,2025-10-01 19h29.00.343266 +0530,
-50,x,127,3,31,x,1,0.9673225999999886,None,,,,,31,3,127,0,896.4320418,,896.4173986999999,896.4320418,897.4314168999999,897.4314168999999,897.4314168999999,897.4314168999999,897.4314168999999,898.4320969,898.4320969,899.4168142000001,,,,,x,1,0.9673225999999886,None,par_1_mtr_seq,001,2025-10-01_19h28.49.025,untitled,,2025.1.1,60.060060060065474,2025-10-01 19h29.00.343266 +0530,
50,c,128,0,32,c,1,1.8630688000000646,None,,,,,32,0,128,2,899.4327656,,899.4172896,899.4327656,900.4319780999999,900.4319780999999,900.4319780999999,900.4319780999999,900.4319780999999,901.4314052,901.4314052,903.2991787999999,,,,,c,1,1.8630688000000646,None,par_1_mtr_seq,001,2025-10-01_19h28.49.025,untitled,,2025.1.1,60.060060060065474,2025-10-01 19h29.00.343266 +0530,
-150,z,129,1,32,z,1,0.94353910000018,None,,,,,32,1,129,3,903.3146876999999,,903.2996631000001,903.3146876999999,904.2992965000001,904.2992965000001,904.2992965000001,904.2992965000001,904.3162632000001,905.2993471,905.2993471,906.2496166999999,,,,,z,1,0.94353910000018,None,par_1_mtr_seq,001,2025-10-01_19h28.49.025,untitled,,2025.1.1,60.060060060065474,2025-10-01 19h29.00.343266 +0530,
-50,x,130,2,32,x,1,1.198274099999935,None,,,,,32,2,130,0,906.2656998,,906.2500643999999,906.2656998,907.2650838,907.2650838,907.2650838,907.2650838,907.2650838,908.2494669,908.2494669,909.4491742,,,,,x,1,1.198274099999935,None,par_1_mtr_seq,001,2025-10-01_19h28.49.025,untitled,,2025.1.1,60.060060060065474,2025-10-01 19h29.00.343266 +0530,
150,v,131,3,32,v,1,0.8940310000000409,None,,,,,32,3,131,1,909.4648204,,909.4496808000001,909.4648204,910.4489129000001,910.4489129000001,910.4489129000001,910.4489129000001,910.4655793,911.4489570999999,911.4489570999999,912.3488811,,,,,v,1,0.8940310000000409,None,par_1_mtr_seq,001,2025-10-01_19h28.49.025,untitled,,2025.1.1,60.060060060065474,2025-10-01 19h29.00.343266 +0530,
50,c,132,0,33,c,1,0.7664866999998594,None,,,,,33,0,132,2,912.3648551000001,,912.3494439000001,912.3648551000001,913.3488098,913.3488098,913.3488098,913.3488098,913.3648722,914.3480846,914.3480846,915.1160594,,,,,c,1,0.7664866999998594,None,par_1_mtr_seq,001,2025-10-01_19h28.49.025,untitled,,2025.1.1,60.060060060065474,2025-10-01 19h29.00.343266 +0530,
-150,z,133,1,33,z,1,0.9422315000001618,None,,,,,33,1,133,3,915.1316563,,915.1165536000001,915.1316563,916.131562,916.131562,916.131562,916.131562,916.131562,917.1315369000001,917.1315369000001,918.0830079,,,,,z,1,0.9422315000001618,None,par_1_mtr_seq,001,2025-10-01_19h28.49.025,untitled,,2025.1.1,60.060060060065474,2025-10-01 19h29.00.343266 +0530,
-50,x,134,2,33,x,1,0.4226654999999937,None,,,,,33,2,134,0,918.0992073,,918.0835032,918.0992073,919.0822925,919.0822925,919.0822925,919.0822925,919.0986313999999,920.0830481,920.0830481,920.5157234999999,,,,,x,1,0.4226654999999937,None,par_1_mtr_seq,001,2025-10-01_19h28.49.025,untitled,,2025.1.1,60.060060060065474,2025-10-01 19h29.00.343266 +0530,
150,v,135,3,33,v,1,0.4537224000000606,None,,,,,33,3,135,1,920.5315834,,920.5162235,920.5315834,921.5162942,921.5162942,921.5162942,921.5162942,921.5329362,922.5152861000001,922.5152861000001,922.9824529,,,,,v,1,0.4537224000000606,None,par_1_mtr_seq,001,2025-10-01_19h28.49.025,untitled,,2025.1.1,60.060060060065474,2025-10-01 19h29.00.343266 +0530,
150,v,136,0,34,v,1,0.437740900000108,None,,,,,34,0,136,1,922.9981620000001,,922.9829386000001,922.9981620000001,923.9821711,923.9821711,923.9821711,923.9821711,923.9988969000001,924.9821790000001,924.9821790000001,925.4328502999999,,,,,v,1,0.437740900000108,None,par_1_mtr_seq,001,2025-10-01_19h28.49.025,untitled,,2025.1.1,60.060060060065474,2025-10-01 19h29.00.343266 +0530,
-50,x,137,1,34,x,1,0.38649529999997867,None,,,,,34,1,137,0,925.4481615,,925.4332992,925.4481615,926.4322268000001,926.4322268000001,926.4322268000001,926.4322268000001,926.4488742999999,927.4323627000001,927.4323627000001,927.8325378,,,,,x,1,0.38649529999997867,None,par_1_mtr_seq,001,2025-10-01_19h28.49.025,untitled,,2025.1.1,60.060060060065474,2025-10-01 19h29.00.343266 +0530,
-150,z,138,2,34,z,1,0.551023700000087,None,,,,,34,2,138,3,927.8490826,,927.8330777000001,927.8490826,928.8326595999999,928.8326595999999,928.8326595999999,928.8326595999999,928.8495713,929.8326483999999,929.8326483999999,930.4004628,,,,,z,1,0.551023700000087,None,par_1_mtr_seq,001,2025-10-01_19h28.49.025,untitled,,2025.1.1,60.060060060065474,2025-10-01 19h29.00.343266 +0530,
50,c,139,3,34,c,1,0.8929551999999603,None,,,,,34,3,139,2,930.4150017,,930.4012963,930.4150017,931.3988426000001,931.3988426000001,931.3988426000001,931.3988426000001,931.4154364000001,932.4163039,932.4163039,933.3164385,,,,,c,1,0.8929551999999603,None,par_1_mtr_seq,001,2025-10-01_19h28.49.025,untitled,,2025.1.1,60.060060060065474,2025-10-01 19h29.00.343266 +0530,
-150,z,140,0,35,z,1,0.9025272000001223,None,,,,,35,0,140,3,933.3317915,,933.3169270000001,933.3317915,934.3322557000001,934.3322557000001,934.3322557000001,934.3322557000001,934.3322557000001,935.3156578,935.3156578,936.2325069000001,,,,,z,1,0.9025272000001223,None,par_1_mtr_seq,001,2025-10-01_19h28.49.025,untitled,,2025.1.1,60.060060060065474,2025-10-01 19h29.00.343266 +0530,
50,c,141,1,35,x,0,0.4815576000000874,None,,,,,35,1,141,2,936.2482051,,936.2330065000001,936.2482051,937.2472646000001,937.2472646000001,937.2472646000001,937.2472646000001,937.2640582000001,938.2317489,938.2317489,938.7160957000001,,,,,x,0,0.4815576000000874,None,par_1_mtr_seq,001,2025-10-01_19h28.49.025,untitled,,2025.1.1,60.060060060065474,2025-10-01 19h29.00.343266 +0530,
-50,x,142,2,35,x,1,0.7987273000001096,None,,,,,35,2,142,0,938.7315795,,938.7165910000001,938.7315795,939.7151205,939.7151205,939.7151205,939.7151205,939.7316238999999,940.7317215,940.7317215,941.5326365000001,,,,,x,1,0.7987273000001096,None,par_1_mtr_seq,001,2025-10-01_19h28.49.025,untitled,,2025.1.1,60.060060060065474,2025-10-01 19h29.00.343266 +0530,
150,v,143,3,35,v,1,0.9306226999999581,None,,,,,35,3,143,1,941.5482774,,941.5331241000001,941.5482774,942.5326325999999,942.5326325999999,942.5326325999999,942.5326325999999,942.5483091000001,943.5324057,943.5324057,944.4664266,,,,,v,1,0.9306226999999581,None,par_1_mtr_seq,001,2025-10-01_19h28.49.025,untitled,,2025.1.1,60.060060060065474,2025-10-01 19h29.00.343266 +0530,
50,c,144,0,36,c,1,1.3683529999998427,None,,,,,36,0,144,2,944.4819244,,944.4670333000001,944.4819244,945.4655983,945.4655983,945.4655983,945.4655983,945.4824353000001,946.4651097999999,946.4651097999999,947.8493003000001,,,,,c,1,1.3683529999998427,None,par_1_mtr_seq,001,2025-10-01_19h28.49.025,untitled,,2025.1.1,60.060060060065474,2025-10-01 19h29.00.343266 +0530,
150,v,145,1,36,v,1,0.9845539000000372,None,,,,,36,1,145,1,947.8648797000001,,947.8497861000001,947.8648797000001,948.8483139,948.8483139,948.8483139,948.8483139,948.8650519,949.8484126000001,949.8484126000001,950.8491541999999,,,,,v,1,0.9845539000000372,None,par_1_mtr_seq,001,2025-10-01_19h28.49.025,untitled,,2025.1.1,60.060060060065474,2025-10-01 19h29.00.343266 +0530,
-50,x,146,2,36,x,1,0.6306220000001304,None,,,,,36,2,146,0,950.8656765999999,,950.8496553,950.8656765999999,951.8494237,951.8494237,951.8494237,951.8494237,951.8656664,952.8486852000001,952.8486852000001,953.4826091,,,,,x,1,0.6306220000001304,None,par_1_mtr_seq,001,2025-10-01_19h28.49.025,untitled,,2025.1.1,60.060060060065474,2025-10-01 19h29.00.343266 +0530,
-150,z,147,3,36,z,1,0.7494487999999819,None,,,,,36,3,147,3,953.4984402,,953.4831245,953.4984402,954.4829052,954.4829052,954.4829052,954.4829052,954.4988593,955.4825029000001,955.4825029000001,956.2341681,,,,,z,1,0.7494487999999819,None,par_1_mtr_seq,001,2025-10-01_19h28.49.025,untitled,,2025.1.1,60.060060060065474,2025-10-01 19h29.00.343266 +0530,
-150,z,148,0,37,z,1,0.9221939999999904,None,,,,,37,0,148,3,956.2487215000001,,956.2346545,956.2487215000001,957.2491376,957.2491376,957.2491376,957.2491376,957.2491376,958.2487877000001,958.2487877000001,959.1831007000001,,,,,z,1,0.9221939999999904,None,par_1_mtr_seq,001,2025-10-01_19h28.49.025,untitled,,2025.1.1,60.060060060065474,2025-10-01 19h29.00.343266 +0530,
50,c,149,1,37,c,1,2.6025792999998885,None,,,,,37,1,149,2,959.1984669999999,,959.1835923000001,959.1984669999999,960.1825922,960.1825922,960.1825922,960.1825922,960.199018,961.1822794,961.1822794,963.7989911,,,,,c,1,2.6025792999998885,None,par_1_mtr_seq,001,2025-10-01_19h28.49.025,untitled,,2025.1.1,60.060060060065474,2025-10-01 19h29.00.343266 +0530,
150,v,150,2,37,v,1,1.1090727000000697,None,,,,,37,2,150,1,963.8150034,,963.7995244000001,963.8150034,964.7982870000001,964.7982870000001,964.7982870000001,964.7982870000001,964.8150488000001,965.7991896999999,965.7991896999999,966.9159644000001,,,,,v,1,1.1090727000000697,None,par_1_mtr_seq,001,2025-10-01_19h28.49.025,untitled,,2025.1.1,60.060060060065474,2025-10-01 19h29.00.343266 +0530,
-50,x,151,3,37,x,1,0.8006665999998859,None,,,,,37,3,151,0,966.9323031000001,,966.9164112000001,966.9323031000001,967.9150244,967.9150244,967.9150244,967.9150244,967.9317470999999,968.9150519,968.9150519,969.7325069000001,,,,,x,1,0.8006665999998859,None,par_1_mtr_seq,001,2025-10-01_19h28.49.025,untitled,,2025.1.1,60.060060060065474,2025-10-01 19h29.00.343266 +0530,
150,v,152,0,38,v,1,0.9654981000001044,None,,,,,38,0,152,1,969.7484734,,969.7330311000001,969.7484734,970.7327424,970.7327424,970.7327424,970.7327424,970.7489101000001,971.73208,971.73208,972.7001565,,,,,v,1,0.9654981000001044,None,par_1_mtr_seq,001,2025-10-01_19h28.49.025,untitled,,2025.1.1,60.060060060065474,2025-10-01 19h29.00.343266 +0530,
-50,x,153,1,38,x,1,0.7907669000001079,None,,,,,38,1,153,0,972.7162640000001,,972.7006840000001,972.7162640000001,973.6993096000001,973.6993096000001,973.6993096000001,973.6993096000001,973.7157743,974.7154683000001,974.7154683000001,975.5168120999999,,,,,x,1,0.7907669000001079,None,par_1_mtr_seq,001,2025-10-01_19h28.49.025,untitled,,2025.1.1,60.060060060065474,2025-10-01 19h29.00.343266 +0530,
50,c,154,2,38,c,1,1.7942967999999837,None,,,,,38,2,154,2,975.5317849,,975.5173013000001,975.5317849,976.5152329,976.5152329,976.5152329,976.5152329,976.5318153000001,977.5152709000001,977.5152709000001,979.3159370000001,,,,,c,1,1.7942967999999837,None,par_1_mtr_seq,001,2025-10-01_19h28.49.025,untitled,,2025.1.1,60.060060060065474,2025-10-01 19h29.00.343266 +0530,
-150,z,155,3,38,z,1,1.2086589000000458,None,,,,,38,3,155,3,979.3318304,,979.3164166000001,979.3318304,980.3164915,980.3164915,980.3164915,980.3164915,980.3325112,981.316092,981.316092,982.5333848,,,,,z,1,1.2086589000000458,None,par_1_mtr_seq,001,2025-10-01_19h28.49.025,untitled,,2025.1.1,60.060060060065474,2025-10-01 19h29.00.343266 +0530,
-50,x,156,0,39,x,1,0.8085114000000431,None,,,,,39,0,156,0,982.5493553000001,,982.5338762000001,982.5493553000001,983.5487593,983.5487593,983.5487593,983.5487593,983.5487593,984.5484821,984.5484821,985.3658150000001,,,,,x,1,0.8085114000000431,None,par_1_mtr_seq,001,2025-10-01_19h28.49.025,untitled,,2025.1.1,60.060060060065474,2025-10-01 19h29.00.343266 +0530,
150,v,157,1,39,v,1,0.8712868000000071,None,,,,,39,1,157,1,985.3819929000001,,985.3662750000001,985.3819929000001,986.3652574,986.3652574,986.3652574,986.3652574,986.3820502000001,987.3658393000001,987.3658393000001,988.2492111000001,,,,,v,1,0.8712868000000071,None,par_1_mtr_seq,001,2025-10-01_19h28.49.025,untitled,,2025.1.1,60.060060060065474,2025-10-01 19h29.00.343266 +0530,
-150,z,158,2,39,z,1,0.7457891999999902,None,,,,,39,2,158,3,988.2652823999999,,988.2496992000001,988.2652823999999,989.2494831000001,989.2494831000001,989.2494831000001,989.2494831000001,989.2660195000001,990.2505396000001,990.2505396000001,990.9997054,,,,,z,1,0.7457891999999902,None,par_1_mtr_seq,001,2025-10-01_19h28.49.025,untitled,,2025.1.1,60.060060060065474,2025-10-01 19h29.00.343266 +0530,
50,c,159,3,39,c,1,1.2436460000001262,None,,,,,39,3,159,2,991.0159605000001,,991.0002003,991.0159605000001,991.9986987,991.9986987,991.9986987,991.9986987,992.0153439000001,992.9985965000001,992.9985965000001,994.2491288000001,,,,,c,1,1.2436460000001262,None,par_1_mtr_seq,001,2025-10-01_19h28.49.025,untitled,,2025.1.1,60.060060060065474,2025-10-01 19h29.00.343266 +0530,
-50,x,160,0,40,x,1,0.7799042000001464,None,,,,,40,0,160,0,994.2651608000001,,994.2495881,994.2651608000001,995.2484566,995.2484566,995.2484566,995.2484566,995.2652201000001,996.2485391,996.2485391,997.032633,,,,,x,1,0.7799042000001464,None,par_1_mtr_seq,001,2025-10-01_19h28.49.025,untitled,,2025.1.1,60.060060060065474,2025-10-01 19h29.00.343266 +0530,
50,c,161,1,40,c,1,1.1056147000001602,None,,,,,40,1,161,2,997.0485535,,997.0331476000001,997.0485535,998.0320488,998.0320488,998.0320488,998.0320488,998.0484634,999.0320095,999.0320095,1000.1494047000001,,,,,c,1,1.1056147000001602,None,par_1_mtr_seq,001,2025-10-01_19h28.49.025,untitled,,2025.1.1,60.060060060065474,2025-10-01 19h29.00.343266 +0530,
-150,z,162,2,40,z,1,0.7342705999999453,None,,,,,40,2,162,3,1000.1654037000001,,1000.1499079,1000.1654037000001,1001.1487650000001,1001.1487650000001,1001.1487650000001,1001.1487650000001,1001.1653160000001,1002.1487528,1002.1487528,1002.9000977999999,,,,,z,1,0.7342705999999453,None,par_1_mtr_seq,001,2025-10-01_19h28.49.025,untitled,,2025.1.1,60.060060060065474,2025-10-01 19h29.00.343266 +0530,
150,v,163,3,40,v,1,0.8940271999999823,None,,,,,40,3,163,1,1002.9163108,,1002.9006484000001,1002.9163108,1003.9155155999999,1003.9155155999999,1003.9155155999999,1003.9155155999999,1003.9319189,1004.9152925999999,1004.9152925999999,1005.8162287,,,,,v,1,0.8940271999999823,None,par_1_mtr_seq,001,2025-10-01_19h28.49.025,untitled,,2025.1.1,60.060060060065474,2025-10-01 19h29.00.343266 +0530,
-150,z,164,0,41,z,1,0.6181325999998535,None,,,,,41,0,164,3,1005.8321135000001,,1005.8168284000001,1005.8321135000001,1006.81528,1006.81528,1006.81528,1006.81528,1006.8320064,1007.8152391000001,1007.8152391000001,1008.4499486,,,,,z,1,0.6181325999998535,None,par_1_mtr_seq,001,2025-10-01_19h28.49.025,untitled,,2025.1.1,60.060060060065474,2025-10-01 19h29.00.343266 +0530,
-50,x,165,1,41,x,1,0.7723212000000785,None,,,,,41,1,165,0,1008.4656697,,1008.4505730000001,1008.4656697,1009.4653225,1009.4653225,1009.4653225,1009.4653225,1009.4653225,1010.4652497,1010.4652497,1011.2493978,,,,,x,1,0.7723212000000785,None,par_1_mtr_seq,001,2025-10-01_19h28.49.025,untitled,,2025.1.1,60.060060060065474,2025-10-01 19h29.00.343266 +0530,
50,c,166,2,41,c,1,0.9614917999999761,None,,,,,41,2,166,2,1011.2655850000001,,1011.2500114,1011.2655850000001,1012.2490352,1012.2490352,1012.2490352,1012.2490352,1012.2662935999999,1013.2500322999999,1013.2500322999999,1014.2180040999999,,,,,c,1,0.9614917999999761,None,par_1_mtr_seq,001,2025-10-01_19h28.49.025,untitled,,2025.1.1,60.060060060065474,2025-10-01 19h29.00.343266 +0530,
150,v,167,3,41,v,1,0.6981745999999021,None,,,,,41,3,167,1,1014.2329202000001,,1014.2184909,1014.2329202000001,1015.2325208,1015.2325208,1015.2325208,1015.2325208,1015.2325208,1016.2327997,1016.2327997,1016.9335053,,,,,v,1,0.6981745999999021,None,par_1_mtr_seq,001,2025-10-01_19h28.49.025,untitled,,2025.1.1,60.060060060065474,2025-10-01 19h29.00.343266 +0530,
-50,x,168,0,42,x,1,0.7727042999999867,None,,,,,42,0,168,0,1016.9485494,,1016.9342381000001,1016.9485494,1017.9335815,1017.9335815,1017.9335815,1017.9335815,1017.9494075,1018.9329183,1018.9329183,1019.7162533999999,,,,,x,1,0.7727042999999867,None,par_1_mtr_seq,001,2025-10-01_19h28.49.025,untitled,,2025.1.1,60.060060060065474,2025-10-01 19h29.00.343266 +0530,
150,v,169,1,42,v,1,0.4173335999998926,None,,,,,42,1,169,1,1019.7331949,,1019.7167763,1019.7331949,1020.7154664,1020.7154664,1020.7154664,1020.7154664,1020.7495593000001,1021.7156958,1021.7156958,1022.1501814000001,,,,,v,1,0.4173335999998926,None,par_1_mtr_seq,001,2025-10-01_19h28.49.025,untitled,,2025.1.1,60.060060060065474,2025-10-01 19h29.00.343266 +0530,
50,c,170,2,42,c,1,0.7190700999999535,None,,,,,42,2,170,2,1022.1653043000001,,1022.1506804,1022.1653043000001,1023.165319,1023.165319,1023.165319,1023.165319,1023.165319,1024.1653284000001,1024.1653284000001,1024.8996097,,,,,c,1,0.7190700999999535,None,par_1_mtr_seq,001,2025-10-01_19h28.49.025,untitled,,2025.1.1,60.060060060065474,2025-10-01 19h29.00.343266 +0530,
-150,z,171,3,42,z,1,0.6573152000000846,None,,,,,42,3,171,3,1024.9155042,,1024.9002019,1024.9155042,1025.898983,1025.898983,1025.898983,1025.898983,1025.9154908,1026.8989154,1026.8989154,1027.5669075,,,,,z,1,0.6573152000000846,None,par_1_mtr_seq,001,2025-10-01_19h28.49.025,untitled,,2025.1.1,60.060060060065474,2025-10-01 19h29.00.343266 +0530,
50,c,172,0,43,c,1,1.0186297000000195,None,,,,,43,0,172,2,1027.5826086,,1027.5674648,1027.5826086,1028.5661466000001,1028.5661466000001,1028.5661466000001,1028.5661466000001,1028.5836199,1029.5662182,1029.5662182,1030.5993452,,,,,c,1,1.0186297000000195,None,par_1_mtr_seq,001,2025-10-01_19h28.49.025,untitled,,2025.1.1,60.060060060065474,2025-10-01 19h29.00.343266 +0530,
-150,z,173,1,43,z,1,0.9310036000001674,None,,,,,43,1,173,3,1030.615506,,1030.5999206000001,1030.615506,1031.5997750000001,1031.5997750000001,1031.5997750000001,1031.5997750000001,1031.6161878,1032.5996795,1032.5996795,1033.5335099000001,,,,,z,1,0.9310036000001674,None,par_1_mtr_seq,001,2025-10-01_19h28.49.025,untitled,,2025.1.1,60.060060060065474,2025-10-01 19h29.00.343266 +0530,
-50,x,174,2,43,x,1,0.8498078999998597,None,,,,,43,2,174,0,1033.5495633,,1033.5339602000001,1033.5495633,1034.5489056000001,1034.5489056000001,1034.5489056000001,1034.5489056000001,1034.5489056000001,1035.5487711,1035.5487711,1036.4005931,,,,,x,1,0.8498078999998597,None,par_1_mtr_seq,001,2025-10-01_19h28.49.025,untitled,,2025.1.1,60.060060060065474,2025-10-01 19h29.00.343266 +0530,
150,v,175,3,43,v,1,0.947738500000014,None,,,,,43,3,175,1,1036.4159031,,1036.4010811,1036.4159031,1037.3997285,1037.3997285,1037.3997285,1037.3997285,1037.4169091,1038.3998665,1038.3998665,1039.3505956000001,,,,,v,1,0.947738500000014,None,par_1_mtr_seq,001,2025-10-01_19h28.49.025,untitled,,2025.1.1,60.060060060065474,2025-10-01 19h29.00.343266 +0530,
50,c,176,0,44,c,1,0.7206951999999092,None,,,,,44,0,176,2,1039.3653058,,1039.3511407,1039.3653058,1040.3661864,1040.3661864,1040.3661864,1040.3661864,1040.3661864,1041.3674003,1041.3674003,1042.1006214000001,,,,,c,1,0.7206951999999092,None,par_1_mtr_seq,001,2025-10-01_19h28.49.025,untitled,,2025.1.1,60.060060060065474,2025-10-01 19h29.00.343266 +0530,
-150,z,177,1,44,z,1,0.7794659999999567,None,,,,,44,1,177,3,1042.1154599000001,,1042.1015262,1042.1154599000001,1043.115441,1043.115441,1043.115441,1043.115441,1043.115441,1044.1169697,1044.1169697,1044.8999018,,,,,z,1,0.7794659999999567,None,par_1_mtr_seq,001,2025-10-01_19h28.49.025,untitled,,2025.1.1,60.060060060065474,2025-10-01 19h29.00.343266 +0530,
150,v,178,2,44,b,0,0.958474600000045,None,,,,,44,2,178,1,1044.9161834000001,,1044.9004901,1044.9161834000001,1045.8988873,1045.8988873,1045.8988873,1045.8988873,1045.9155799,1046.8988954000001,1046.8988954000001,1047.8672005,,,,,b,0,0.958474600000045,None,par_1_mtr_seq,001,2025-10-01_19h28.49.025,untitled,,2025.1.1,60.060060060065474,2025-10-01 19h29.00.343266 +0530,
-50,x,179,3,44,x,1,1.1542613999999958,None,,,,,44,3,179,0,1047.8820449,,1047.8676899,1047.8820449,1048.8822041,1048.8822041,1048.8822041,1048.8822041,1048.8822041,1049.8665079,1049.8665079,1051.0333706000001,,,,,x,1,1.1542613999999958,None,par_1_mtr_seq,001,2025-10-01_19h28.49.025,untitled,,2025.1.1,60.060060060065474,2025-10-01 19h29.00.343266 +0530,
150,v,180,0,45,v,1,3.2419605000000047,None,,,,,45,0,180,1,1051.0495845,,1051.0339434,1051.0495845,1052.033108,1052.033108,1052.033108,1052.033108,1052.0496904,1053.0328377,1053.0328377,1056.2834312,,,,,v,1,3.2419605000000047,None,par_1_mtr_seq,001,2025-10-01_19h28.49.025,untitled,,2025.1.1,60.060060060065474,2025-10-01 19h29.00.343266 +0530,
-150,z,181,1,45,v,0,0.780614900000046,None,,,,,45,1,181,3,1056.3000278,,1056.2839000000001,1056.3000278,1057.2830162,1057.2830162,1057.2830162,1057.2830162,1057.3000184,1058.2829514,1058.2829514,1059.0668579,,,,,v,0,0.780614900000046,None,par_1_mtr_seq,001,2025-10-01_19h28.49.025,untitled,,2025.1.1,60.060060060065474,2025-10-01 19h29.00.343266 +0530,
50,c,182,2,45,v,0,5.02763189999996,None,,,,,45,2,182,2,1059.0839234,,1059.0672961,1059.0839234,1060.0663258,1060.0663258,1060.0663258,1060.0663258,1060.0839701,1061.0663564000001,1061.0663564000001,1066.1009015,,,,,v,0,5.02763189999996,None,par_1_mtr_seq,001,2025-10-01_19h28.49.025,untitled,,2025.1.1,60.060060060065474,2025-10-01 19h29.00.343266 +0530,
-50,x,183,3,45,x,1,1.828116800000089,None,,,,,45,3,183,0,1066.1164119,,1066.1015807,1066.1164119,1067.1161063,1067.1161063,1067.1161063,1067.1161063,1067.1161063,1068.1160868,1068.1160868,1069.9504672,,,,,x,1,1.828116800000089,None,par_1_mtr_seq,001,2025-10-01_19h28.49.025,untitled,,2025.1.1,60.060060060065474,2025-10-01 19h29.00.343266 +0530,
50,c,184,0,46,c,1,1.7063586000001578,None,,,,,46,0,184,2,1069.9665206,,1069.9510323,1069.9665206,1070.9497012,1070.9497012,1070.9497012,1070.9497012,1070.9663926,1071.9494371,1071.9494371,1073.6673620000001,,,,,c,1,1.7063586000001578,None,par_1_mtr_seq,001,2025-10-01_19h28.49.025,untitled,,2025.1.1,60.060060060065474,2025-10-01 19h29.00.343266 +0530,
150,v,185,1,46,v,1,1.09960070000011,None,,,,,46,1,185,1,1073.6828754,,1073.6679367,1073.6828754,1074.66627,1074.66627,1074.66627,1074.66627,1074.682921,1075.6828784,1075.6828784,1076.7837518000001,,,,,v,1,1.09960070000011,None,par_1_mtr_seq,001,2025-10-01_19h28.49.025,untitled,,2025.1.1,60.060060060065474,2025-10-01 19h29.00.343266 +0530,
-50,x,186,2,46,x,1,9.044896299999891,None,,,,,46,2,186,0,1076.7988548,,1076.7842567,1076.7988548,1077.7841504,1077.7841504,1077.7841504,1077.7841504,1077.8002477,1078.7829892,1078.7829892,1087.8342189,,,,,x,1,9.044896299999891,None,par_1_mtr_seq,001,2025-10-01_19h28.49.025,untitled,,2025.1.1,60.060060060065474,2025-10-01 19h29.00.343266 +0530,
-150,z,187,3,46,z,1,5.480628699999897,None,,,,,46,3,187,3,1087.849945,,1087.8347168,1087.849945,1088.8506881,1088.8506881,1088.8506881,1088.8506881,1088.8506881,1089.8498756000001,1089.8498756000001,1095.3336557,,,,,z,1,5.480628699999897,None,par_1_mtr_seq,001,2025-10-01_19h28.49.025,untitled,,2025.1.1,60.060060060065474,2025-10-01 19h29.00.343266 +0530,
50,c,188,0,47,v,0,3.39741140000001,None,,,,,47,0,188,2,1095.3499003,,1095.334207,1095.3499003,1096.3331178,1096.3331178,1096.3331178,1096.3331178,1096.349666,1097.3331338,1097.3331338,1100.7337597,,,,,v,0,3.39741140000001,None,par_1_mtr_seq,001,2025-10-01_19h28.49.025,untitled,,2025.1.1,60.060060060065474,2025-10-01 19h29.00.343266 +0530,
-50,x,189,1,47,x,1,0.4802701999999499,None,,,,,47,1,189,0,1100.7526321,,1100.7342443,1100.7526321,1101.7333937,1101.7333937,1101.7333937,1101.7333937,1101.766511,1102.7499141,1102.7499141,1103.2338947,,,,,x,1,0.4802701999999499,None,par_1_mtr_seq,001,2025-10-01_19h28.49.025,untitled,,2025.1.1,60.060060060065474,2025-10-01 19h29.00.343266 +0530,
150,v,190,2,47,v,1,0.3172400999999354,None,,,,,47,2,190,1,1103.2499764,,1103.2344844,1103.2499764,1104.2331834,1104.2331834,1104.2331834,1104.2331834,1104.2492008,1105.250518,1105.250518,1105.5830936,,,,,v,1,0.3172400999999354,None,par_1_mtr_seq,001,2025-10-01_19h28.49.025,untitled,,2025.1.1,60.060060060065474,2025-10-01 19h29.00.343266 +0530,
-150,z,191,3,47,z,1,0.3525767999999516,None,,,,,47,3,191,3,1105.5990855,,1105.5835849,1105.5990855,1106.5831081000001,1106.5831081000001,1106.5831081000001,1106.5831081000001,1106.6000789,1107.583395,1107.583395,1107.9504689,,,,,z,1,0.3525767999999516,None,par_1_mtr_seq,001,2025-10-01_19h28.49.025,untitled,,2025.1.1,60.060060060065474,2025-10-01 19h29.00.343266 +0530,
-50,x,192,0,48,x,1,0.35004879999996774,None,,,,,48,0,192,0,1107.9661902,,1107.9509701,1107.9661902,1108.9666917,1108.9666917,1108.9666917,1108.9666917,1108.9666917,1109.9500203,1109.9500203,1110.3166873,,,,,x,1,0.35004879999996774,None,par_1_mtr_seq,001,2025-10-01_19h28.49.025,untitled,,2025.1.1,60.060060060065474,2025-10-01 19h29.00.343266 +0530,
150,v,193,1,48,v,1,0.3236729000000196,None,,,,,48,1,193,1,1110.3334347,,1110.3174865,1110.3334347,1111.3169853,1111.3169853,1111.3169853,1111.3169853,1111.3329678,1112.3166689,1112.3166689,1112.6509838,,,,,v,1,0.3236729000000196,None,par_1_mtr_seq,001,2025-10-01_19h28.49.025,untitled,,2025.1.1,60.060060060065474,2025-10-01 19h29.00.343266 +0530,
-150,z,194,2,48,z,1,0.463768600000094,None,,,,,48,2,194,3,1112.665816,,1112.6514831,1112.665816,1113.6664471,1113.6664471,1113.6664471,1113.6664471,1113.6664471,1114.6499453000001,1114.6499453000001,1115.116879,,,,,z,1,0.463768600000094,None,par_1_mtr_seq,001,2025-10-01_19h28.49.025,untitled,,2025.1.1,60.060060060065474,2025-10-01 19h29.00.343266 +0530,
50,c,195,3,48,c,1,1.0021119000000454,None,,,,,48,3,195,2,1115.1341664,,1115.117389,1115.1341664,1116.1165134,1116.1165134,1116.1165134,1116.1165134,1116.133618,1117.1165968,1117.1165968,1118.1340822,,,,,c,1,1.0021119000000454,None,par_1_mtr_seq,001,2025-10-01_19h28.49.025,untitled,,2025.1.1,60.060060060065474,2025-10-01 19h29.00.343266 +0530,
-150,z,196,0,49,z,1,7.179780100000016,None,,,,,49,0,196,3,1118.1492548,,1118.1345948,1118.1492548,1119.1325055,1119.1325055,1119.1325055,1119.1325055,1119.1495075,1120.1335797,1120.1335797,1127.3172491,,,,,z,1,7.179780100000016,None,par_1_mtr_seq,001,2025-10-01_19h28.49.025,untitled,,2025.1.1,60.060060060065474,2025-10-01 19h29.00.343266 +0530,
50,c,197,1,49,c,1,2.25523290000001,None,,,,,49,1,197,2,1127.3341655,,1127.3177539,1127.3341655,1128.3165831000001,1128.3165831000001,1128.3165831000001,1128.3165831000001,1128.3338409,1129.3167449,1129.3167449,1131.5835066,,,,,c,1,2.25523290000001,None,par_1_mtr_seq,001,2025-10-01_19h28.49.025,untitled,,2025.1.1,60.060060060065474,2025-10-01 19h29.00.343266 +0530,
-50,x,198,2,49,x,1,0.9363464000000477,None,,,,,49,2,198,0,1131.5993806000001,,1131.584031,1131.5993806000001,1132.5827371,1132.5827371,1132.5827371,1132.5827371,1132.5996618,1133.5828501,1133.5828501,1134.5333036,,,,,x,1,0.9363464000000477,None,par_1_mtr_seq,001,2025-10-01_19h28.49.025,untitled,,2025.1.1,60.060060060065474,2025-10-01 19h29.00.343266 +0530,
150,v,199,3,49,v,1,2.4115337000000636,None,,,,,49,3,199,1,1134.5498572000001,,1134.5337821,1134.5498572000001,1135.5338646,1135.5338646,1135.5338646,1135.5338646,1135.550668,1136.5335813,1136.5335813,1138.9501324,,,,,v,1,2.4115337000000636,None,par_1_mtr_seq,001,2025-10-01_19h28.49.025,untitled,,2025.1.1,60.060060060065474,2025-10-01 19h29.00.343266 +0530,
